White line left - [948, 708], [949, 708], [950, 708], [951, 708], [952, 708], [953, 708], [954, 708], [955, 708], [956, 708], [958, 708], [959, 708], [932, 709], [933, 709], [934, 709], [942, 709], [943, 709], [944, 709], [945, 709], [946, 709], [947, 709], [948, 709], [949, 709], [950, 709], [951, 709], [952, 709], [953, 709], [954, 709], [955, 709], [956, 709], [957, 709], [958, 709], [959, 709], [929, 710], [930, 710], [931, 710], [932, 710], [933, 710], [934, 710], [935, 710], [936, 710], [937, 710], [938, 710], [939, 710], [941, 710], [942, 710], [943, 710], [944, 710], [945, 710], [946, 710], [947, 710], [948, 710], [949, 710], [955, 710], [956, 710], [957, 710], [958, 710], [959, 710], [893, 711], [894, 711], [895, 711], [896, 711], [897, 711], [898, 711], [899, 711], [900, 711], [901, 711], [902, 711], [903, 711], [904, 711], [905, 711], [906, 711], [926, 711], [927, 711], [928, 711], [929, 711], [930, 711], [931, 711], [932, 711], [933, 711], [934, 711], [935, 711], [936, 711], [937, 711], [938, 711], [939, 711], [940, 711], [941, 711], [942, 711], [943, 711], [893, 712], [894, 712], [895, 712], [896, 712], [897, 712], [898, 712], [899, 712], [900, 712], [901, 712], [902, 712], [903, 712], [904, 712], [905, 712], [906, 712], [907, 712], [908, 712], [909, 712], [910, 712], [922, 712], [923, 712], [924, 712], [925, 712], [926, 712], [927, 712], [928, 712], [929, 712], [930, 712], [938, 712], [939, 712], [940, 712], [941, 712], [942, 712], [812, 713], [813, 713], [814, 713], [815, 713], [893, 713], [894, 713], [905, 713], [906, 713], [907, 713], [908, 713], [909, 713], [910, 713], [911, 713], [912, 713], [913, 713], [914, 713], [915, 713], [916, 713], [917, 713], [918, 713], [919, 713], [920, 713], [921, 713], [922, 713], [923, 713], [924, 713], [925, 713], [926, 713], [927, 713], [809, 714], [810, 714], [811, 714], [812, 714], [813, 714], [814, 714], [815, 714], [816, 714], [892, 714], [893, 714], [894, 714], [909, 714], [910, 714], [911, 714], [912, 714], [913, 714], [914, 714], [915, 714], [916, 714], [917, 714], [918, 714], [919, 714], [920, 714], [921, 714], [922, 714], [923, 714], [807, 715], [808, 715], [809, 715], [810, 715], [811, 715], [812, 715], [813, 715], [814, 715], [815, 715], [816, 715], [892, 715], [893, 715], [894, 715], [915, 715], [916, 715], [917, 715], [918, 715], [939, 715], [940, 715], [941, 715], [942, 715], [943, 715], [805, 716], [806, 716], [807, 716], [808, 716], [809, 716], [810, 716], [815, 716], [816, 716], [817, 716], [892, 716], [893, 716], [937, 716], [938, 716], [939, 716], [940, 716], [941, 716], [942, 716], [943, 716], [944, 716], [804, 717], [805, 717], [806, 717], [807, 717], [808, 717], [815, 717], [816, 717], [817, 717], [818, 717], [892, 717], [893, 717], [935, 717], [936, 717], [937, 717], [938, 717], [939, 717], [940, 717], [942, 717], [943, 717], [944, 717], [804, 718], [805, 718], [806, 718], [816, 718], [817, 718], [818, 718], [892, 718], [893, 718], [894, 718], [934, 718], [935, 718], [936, 718], [937, 718], [938, 718], [943, 718], [944, 718], [945, 718], [775, 719], [776, 719], [777, 719], [778, 719], [779, 719], [803, 719], [804, 719], [805, 719], [816, 719], [817, 719], [818, 719], [892, 719], [893, 719], [894, 719], [911, 719], [912, 719], [913, 719], [914, 719], [915, 719], [934, 719], [935, 719], [936, 719], [943, 719], [944, 719], [945, 719], [775, 720], [776, 720], [777, 720], [778, 720], [779, 720], [803, 720], [804, 720], [805, 720], [816, 720], [817, 720], [893, 720], [894, 720], [911, 720], [912, 720], [913, 720], [914, 720], [915, 720], [916, 720], [934, 720], [935, 720], [944, 720], [945, 720], [946, 720], [959, 720], [775, 721], [776, 721], [778, 721], [779, 721], [803, 721], [804, 721], [816, 721], [817, 721], [892, 721], [893, 721], [894, 721], [911, 721], [912, 721], [914, 721], [915, 721], [916, 721], [934, 721], [935, 721], [944, 721], [945, 721], [946, 721], [957, 721], [958, 721], [959, 721], [775, 722], [776, 722], [778, 722], [779, 722], [803, 722], [804, 722], [805, 722], [816, 722], [817, 722], [892, 722], [893, 722], [894, 722], [911, 722], [912, 722], [915, 722], [916, 722], [934, 722], [935, 722], [945, 722], [946, 722], [957, 722], [958, 722], [959, 722], [775, 723], [776, 723], [777, 723], [778, 723], [779, 723], [803, 723], [804, 723], [805, 723], [816, 723], [817, 723], [892, 723], [893, 723], [911, 723], [912, 723], [915, 723], [916, 723], [917, 723], [922, 723], [923, 723], [924, 723], [925, 723], [926, 723], [934, 723], [935, 723], [945, 723], [946, 723], [947, 723], [956, 723], [957, 723], [958, 723], [775, 724], [776, 724], [777, 724], [778, 724], [779, 724], [804, 724], [805, 724], [816, 724], [817, 724], [892, 724], [893, 724], [911, 724], [912, 724], [915, 724], [916, 724], [917, 724], [921, 724], [922, 724], [923, 724], [924, 724], [925, 724], [926, 724], [934, 724], [935, 724], [945, 724], [946, 724], [947, 724], [955, 724], [956, 724], [957, 724], [958, 724], [804, 725], [805, 725], [816, 725], [817, 725], [892, 725], [893, 725], [911, 725], [912, 725], [916, 725], [917, 725], [918, 725], [921, 725], [922, 725], [923, 725], [925, 725], [926, 725], [934, 725], [935, 725], [946, 725], [947, 725], [955, 725], [956, 725], [957, 725], [804, 726], [805, 726], [816, 726], [817, 726], [892, 726], [893, 726], [894, 726], [911, 726], [912, 726], [916, 726], [917, 726], [918, 726], [921, 726], [922, 726], [923, 726], [925, 726], [926, 726], [934, 726], [935, 726], [936, 726], [946, 726], [947, 726], [955, 726], [956, 726], [804, 727], [805, 727], [815, 727], [816, 727], [817, 727], [892, 727], [893, 727], [894, 727], [911, 727], [912, 727], [917, 727], [918, 727], [919, 727], [922, 727], [923, 727], [925, 727], [926, 727], [934, 727], [935, 727], [936, 727], [946, 727], [947, 727], [955, 727], [956, 727], [804, 728], [805, 728], [814, 728], [815, 728], [816, 728], [817, 728], [893, 728], [894, 728], [911, 728], [912, 728], [917, 728], [918, 728], [919, 728], [920, 728], [921, 728], [922, 728], [923, 728], [925, 728], [926, 728], [927, 728], [935, 728], [936, 728], [946, 728], [947, 728], [955, 728], [956, 728], [686, 729], [687, 729], [804, 729], [805, 729], [814, 729], [815, 729], [816, 729], [893, 729], [894, 729], [895, 729], [910, 729], [911, 729], [912, 729], [918, 729], [919, 729], [920, 729], [921, 729], [922, 729], [923, 729], [925, 729], [926, 729], [927, 729], [928, 729], [929, 729], [930, 729], [931, 729], [932, 729], [935, 729], [936, 729], [946, 729], [947, 729], [948, 729], [954, 729], [955, 729], [956, 729], [686, 730], [687, 730], [734, 730], [735, 730], [736, 730], [737, 730], [804, 730], [805, 730], [814, 730], [815, 730], [893, 730], [894, 730], [895, 730], [896, 730], [903, 730], [904, 730], [905, 730], [906, 730], [907, 730], [908, 730], [909, 730], [910, 730], [911, 730], [912, 730], [926, 730], [927, 730], [928, 730], [929, 730], [930, 730], [931, 730], [932, 730], [933, 730], [934, 730], [935, 730], [936, 730], [946, 730], [947, 730], [948, 730], [949, 730], [950, 730], [951, 730], [953, 730], [954, 730], [955, 730], [956, 730], [686, 731], [687, 731], [733, 731], [734, 731], [735, 731], [736, 731], [737, 731], [738, 731], [739, 731], [804, 731], [805, 731], [814, 731], [815, 731], [894, 731], [895, 731], [896, 731], [897, 731], [898, 731], [899, 731], [900, 731], [901, 731], [902, 731], [903, 731], [904, 731], [905, 731], [906, 731], [907, 731], [908, 731], [909, 731], [910, 731], [911, 731], [931, 731], [932, 731], [933, 731], [934, 731], [935, 731], [936, 731], [947, 731], [948, 731], [949, 731], [950, 731], [951, 731], [952, 731], [953, 731], [954, 731], [955, 731], [681, 732], [686, 732], [687, 732], [732, 732], [733, 732], [734, 732], [735, 732], [736, 732], [737, 732], [738, 732], [739, 732], [740, 732], [804, 732], [805, 732], [813, 732], [814, 732], [815, 732], [895, 732], [896, 732], [897, 732], [898, 732], [899, 732], [900, 732], [901, 732], [902, 732], [903, 732], [904, 732], [932, 732], [933, 732], [934, 732], [935, 732], [950, 732], [951, 732], [952, 732], [953, 732], [954, 732], [680, 733], [681, 733], [685, 733], [686, 733], [687, 733], [732, 733], [733, 733], [734, 733], [738, 733], [739, 733], [740, 733], [804, 733], [805, 733], [812, 733], [813, 733], [814, 733], [815, 733], [679, 734], [680, 734], [681, 734], [682, 734], [683, 734], [684, 734], [685, 734], [686, 734], [687, 734], [732, 734], [733, 734], [738, 734], [739, 734], [740, 734], [804, 734], [805, 734], [806, 734], [811, 734], [812, 734], [813, 734], [814, 734], [680, 735], [681, 735], [682, 735], [683, 735], [684, 735], [685, 735], [686, 735], [732, 735], [733, 735], [737, 735], [738, 735], [739, 735], [804, 735], [805, 735], [806, 735], [807, 735], [808, 735], [809, 735], [810, 735], [811, 735], [812, 735], [813, 735], [732, 736], [733, 736], [737, 736], [738, 736], [739, 736], [805, 736], [806, 736], [807, 736], [808, 736], [809, 736], [810, 736], [811, 736], [812, 736], [732, 737], [733, 737], [734, 737], [735, 737], [736, 737], [737, 737], [738, 737], [732, 738], [733, 738], [734, 738], [735, 738], [736, 738], [737, 738], [738, 738], [734, 739], [735, 739], [736, 739], [737, 739], [947, 768], [948, 768], [949, 768], [950, 768], [951, 768], [952, 768], [953, 768], [954, 768], [955, 768], [956, 768], [957, 768], [958, 768], [959, 768], [945, 769], [946, 769], [947, 769], [948, 769], [949, 769], [950, 769], [951, 769], [952, 769], [953, 769], [954, 769], [955, 769], [956, 769], [957, 769], [958, 769], [959, 769], [943, 770], [944, 770], [945, 770], [946, 770], [947, 770], [948, 770], [958, 770], [959, 770], [934, 771], [935, 771], [936, 771], [937, 771], [938, 771], [939, 771], [940, 771], [941, 771], [942, 771], [943, 771], [944, 771], [945, 771], [946, 771], [933, 772], [934, 772], [935, 772], [936, 772], [937, 772], [938, 772], [939, 772], [940, 772], [941, 772], [942, 772], [943, 772], [944, 772], [927, 773], [928, 773], [929, 773], [930, 773], [932, 773], [933, 773], [934, 773], [935, 773], [926, 774], [927, 774], [928, 774], [929, 774], [930, 774], [931, 774], [932, 774], [933, 774], [934, 774], [908, 775], [909, 775], [910, 775], [925, 775], [926, 775], [927, 775], [928, 775], [929, 775], [930, 775], [931, 775], [932, 775], [933, 775], [906, 776], [907, 776], [908, 776], [909, 776], [910, 776], [911, 776], [912, 776], [913, 776], [914, 776], [915, 776], [918, 776], [919, 776], [920, 776], [921, 776], [925, 776], [926, 776], [927, 776], [902, 777], [903, 777], [904, 777], [905, 777], [906, 777], [907, 777], [908, 777], [909, 777], [910, 777], [911, 777], [912, 777], [913, 777], [914, 777], [915, 777], [916, 777], [918, 777], [919, 777], [920, 777], [921, 777], [922, 777], [925, 777], [926, 777], [901, 778], [902, 778], [903, 778], [904, 778], [905, 778], [906, 778], [907, 778], [914, 778], [915, 778], [916, 778], [917, 778], [918, 778], [919, 778], [920, 778], [921, 778], [922, 778], [924, 778], [925, 778], [926, 778], [901, 779], [902, 779], [903, 779], [915, 779], [916, 779], [917, 779], [918, 779], [919, 779], [921, 779], [922, 779], [923, 779], [924, 779], [925, 779], [926, 779], [900, 780], [901, 780], [902, 780], [916, 780], [917, 780], [918, 780], [921, 780], [922, 780], [923, 780], [924, 780], [925, 780], [748, 781], [749, 781], [750, 781], [751, 781], [899, 781], [900, 781], [901, 781], [902, 781], [928, 781], [929, 781], [930, 781], [748, 782], [749, 782], [750, 782], [751, 782], [898, 782], [899, 782], [900, 782], [901, 782], [928, 782], [930, 782], [748, 783], [749, 783], [750, 783], [751, 783], [898, 783], [899, 783], [900, 783], [919, 783], [920, 783], [921, 783], [922, 783], [923, 783], [924, 783], [928, 783], [929, 783], [930, 783], [748, 784], [749, 784], [750, 784], [751, 784], [898, 784], [899, 784], [919, 784], [920, 784], [921, 784], [922, 784], [923, 784], [924, 784], [650, 785], [651, 785], [652, 785], [653, 785], [654, 785], [747, 785], [748, 785], [749, 785], [750, 785], [751, 785], [759, 785], [760, 785], [761, 785], [762, 785], [898, 785], [899, 785], [919, 785], [920, 785], [923, 785], [924, 785], [650, 786], [651, 786], [652, 786], [653, 786], [654, 786], [655, 786], [746, 786], [747, 786], [748, 786], [749, 786], [750, 786], [751, 786], [759, 786], [760, 786], [761, 786], [762, 786], [897, 786], [898, 786], [899, 786], [919, 786], [920, 786], [923, 786], [924, 786], [925, 786], [649, 787], [650, 787], [651, 787], [653, 787], [654, 787], [655, 787], [744, 787], [745, 787], [746, 787], [747, 787], [748, 787], [750, 787], [751, 787], [759, 787], [760, 787], [761, 787], [762, 787], [897, 787], [898, 787], [899, 787], [919, 787], [920, 787], [923, 787], [924, 787], [925, 787], [927, 787], [928, 787], [929, 787], [930, 787], [931, 787], [622, 788], [623, 788], [624, 788], [625, 788], [626, 788], [638, 788], [639, 788], [640, 788], [641, 788], [642, 788], [643, 788], [645, 788], [646, 788], [647, 788], [648, 788], [649, 788], [650, 788], [651, 788], [654, 788], [655, 788], [744, 788], [745, 788], [746, 788], [747, 788], [750, 788], [751, 788], [759, 788], [760, 788], [761, 788], [762, 788], [897, 788], [898, 788], [899, 788], [919, 788], [920, 788], [924, 788], [925, 788], [926, 788], [927, 788], [928, 788], [929, 788], [930, 788], [931, 788], [932, 788], [933, 788], [620, 789], [621, 789], [622, 789], [623, 789], [624, 789], [625, 789], [626, 789], [638, 789], [639, 789], [640, 789], [641, 789], [642, 789], [643, 789], [644, 789], [645, 789], [646, 789], [647, 789], [648, 789], [649, 789], [650, 789], [654, 789], [655, 789], [656, 789], [657, 789], [658, 789], [659, 789], [660, 789], [661, 789], [744, 789], [745, 789], [750, 789], [751, 789], [752, 789], [760, 789], [761, 789], [762, 789], [898, 789], [899, 789], [919, 789], [920, 789], [924, 789], [925, 789], [926, 789], [927, 789], [928, 789], [930, 789], [931, 789], [932, 789], [933, 789], [934, 789], [620, 790], [621, 790], [622, 790], [623, 790], [625, 790], [626, 790], [637, 790], [638, 790], [639, 790], [642, 790], [643, 790], [644, 790], [645, 790], [646, 790], [654, 790], [655, 790], [656, 790], [657, 790], [658, 790], [659, 790], [660, 790], [661, 790], [662, 790], [744, 790], [745, 790], [750, 790], [751, 790], [752, 790], [898, 790], [899, 790], [919, 790], [920, 790], [925, 790], [926, 790], [927, 790], [928, 790], [930, 790], [931, 790], [933, 790], [934, 790], [620, 791], [621, 791], [625, 791], [626, 791], [627, 791], [628, 791], [629, 791], [637, 791], [638, 791], [639, 791], [654, 791], [655, 791], [656, 791], [657, 791], [660, 791], [661, 791], [662, 791], [744, 791], [745, 791], [751, 791], [752, 791], [753, 791], [754, 791], [898, 791], [899, 791], [919, 791], [920, 791], [925, 791], [926, 791], [927, 791], [928, 791], [929, 791], [930, 791], [931, 791], [932, 791], [933, 791], [934, 791], [935, 791], [580, 792], [582, 792], [583, 792], [584, 792], [585, 792], [586, 792], [619, 792], [620, 792], [621, 792], [625, 792], [626, 792], [627, 792], [628, 792], [629, 792], [637, 792], [638, 792], [654, 792], [655, 792], [656, 792], [657, 792], [661, 792], [662, 792], [744, 792], [745, 792], [751, 792], [752, 792], [753, 792], [754, 792], [755, 792], [760, 792], [761, 792], [762, 792], [898, 792], [899, 792], [919, 792], [920, 792], [921, 792], [925, 792], [926, 792], [927, 792], [928, 792], [929, 792], [930, 792], [931, 792], [932, 792], [933, 792], [934, 792], [935, 792], [579, 793], [580, 793], [581, 793], [582, 793], [583, 793], [584, 793], [585, 793], [586, 793], [587, 793], [618, 793], [619, 793], [620, 793], [621, 793], [625, 793], [626, 793], [627, 793], [628, 793], [629, 793], [636, 793], [637, 793], [638, 793], [654, 793], [655, 793], [656, 793], [657, 793], [661, 793], [662, 793], [744, 793], [745, 793], [753, 793], [754, 793], [755, 793], [759, 793], [760, 793], [761, 793], [762, 793], [763, 793], [898, 793], [899, 793], [900, 793], [919, 793], [920, 793], [921, 793], [925, 793], [926, 793], [927, 793], [928, 793], [929, 793], [930, 793], [931, 793], [932, 793], [934, 793], [935, 793], [579, 794], [580, 794], [581, 794], [582, 794], [583, 794], [585, 794], [586, 794], [587, 794], [618, 794], [619, 794], [620, 794], [625, 794], [626, 794], [627, 794], [628, 794], [629, 794], [635, 794], [636, 794], [637, 794], [638, 794], [654, 794], [655, 794], [656, 794], [657, 794], [661, 794], [662, 794], [744, 794], [745, 794], [754, 794], [755, 794], [756, 794], [757, 794], [758, 794], [759, 794], [760, 794], [761, 794], [762, 794], [763, 794], [898, 794], [899, 794], [900, 794], [901, 794], [902, 794], [920, 794], [921, 794], [925, 794], [926, 794], [927, 794], [928, 794], [929, 794], [930, 794], [931, 794], [932, 794], [934, 794], [935, 794], [936, 794], [938, 794], [939, 794], [940, 794], [941, 794], [575, 795], [586, 795], [587, 795], [618, 795], [619, 795], [624, 795], [625, 795], [626, 795], [634, 795], [635, 795], [636, 795], [637, 795], [654, 795], [655, 795], [656, 795], [657, 795], [661, 795], [662, 795], [744, 795], [745, 795], [754, 795], [755, 795], [756, 795], [757, 795], [758, 795], [759, 795], [760, 795], [762, 795], [763, 795], [899, 795], [900, 795], [901, 795], [902, 795], [903, 795], [905, 795], [906, 795], [907, 795], [908, 795], [919, 795], [920, 795], [921, 795], [925, 795], [926, 795], [927, 795], [928, 795], [929, 795], [930, 795], [934, 795], [935, 795], [936, 795], [937, 795], [938, 795], [939, 795], [940, 795], [941, 795], [942, 795], [573, 796], [575, 796], [576, 796], [577, 796], [586, 796], [587, 796], [618, 796], [619, 796], [624, 796], [625, 796], [627, 796], [628, 796], [629, 796], [634, 796], [635, 796], [636, 796], [661, 796], [662, 796], [744, 796], [745, 796], [762, 796], [763, 796], [901, 796], [902, 796], [903, 796], [904, 796], [905, 796], [906, 796], [907, 796], [908, 796], [909, 796], [910, 796], [911, 796], [918, 796], [919, 796], [920, 796], [921, 796], [935, 796], [936, 796], [937, 796], [938, 796], [939, 796], [940, 796], [941, 796], [942, 796], [943, 796], [958, 796], [959, 796], [572, 797], [573, 797], [574, 797], [575, 797], [576, 797], [577, 797], [578, 797], [586, 797], [587, 797], [618, 797], [619, 797], [620, 797], [624, 797], [625, 797], [626, 797], [627, 797], [628, 797], [629, 797], [634, 797], [635, 797], [661, 797], [662, 797], [744, 797], [745, 797], [762, 797], [763, 797], [902, 797], [903, 797], [904, 797], [905, 797], [906, 797], [907, 797], [908, 797], [909, 797], [910, 797], [911, 797], [912, 797], [913, 797], [916, 797], [917, 797], [918, 797], [919, 797], [920, 797], [941, 797], [942, 797], [943, 797], [944, 797], [945, 797], [946, 797], [947, 797], [948, 797], [949, 797], [950, 797], [951, 797], [952, 797], [954, 797], [955, 797], [956, 797], [957, 797], [958, 797], [959, 797], [572, 798], [573, 798], [574, 798], [575, 798], [576, 798], [577, 798], [578, 798], [585, 798], [586, 798], [587, 798], [618, 798], [619, 798], [620, 798], [624, 798], [625, 798], [626, 798], [627, 798], [628, 798], [629, 798], [634, 798], [635, 798], [660, 798], [661, 798], [662, 798], [720, 798], [721, 798], [722, 798], [744, 798], [745, 798], [747, 798], [748, 798], [749, 798], [762, 798], [763, 798], [903, 798], [904, 798], [905, 798], [910, 798], [911, 798], [912, 798], [913, 798], [914, 798], [915, 798], [916, 798], [917, 798], [918, 798], [919, 798], [942, 798], [943, 798], [944, 798], [945, 798], [946, 798], [947, 798], [948, 798], [949, 798], [950, 798], [951, 798], [952, 798], [953, 798], [954, 798], [955, 798], [956, 798], [957, 798], [958, 798], [959, 798], [568, 799], [572, 799], [573, 799], [577, 799], [578, 799], [585, 799], [586, 799], [587, 799], [619, 799], [620, 799], [621, 799], [625, 799], [626, 799], [627, 799], [628, 799], [634, 799], [635, 799], [636, 799], [637, 799], [652, 799], [653, 799], [654, 799], [655, 799], [658, 799], [659, 799], [660, 799], [661, 799], [662, 799], [720, 799], [722, 799], [744, 799], [745, 799], [747, 799], [749, 799], [761, 799], [762, 799], [763, 799], [912, 799], [913, 799], [914, 799], [915, 799], [916, 799], [917, 799], [944, 799], [945, 799], [946, 799], [947, 799], [951, 799], [952, 799], [953, 799], [954, 799], [955, 799], [567, 800], [571, 800], [572, 800], [573, 800], [577, 800], [578, 800], [585, 800], [586, 800], [619, 800], [620, 800], [621, 800], [622, 800], [623, 800], [624, 800], [625, 800], [626, 800], [627, 800], [634, 800], [635, 800], [636, 800], [637, 800], [652, 800], [653, 800], [654, 800], [655, 800], [657, 800], [658, 800], [659, 800], [660, 800], [661, 800], [720, 800], [721, 800], [722, 800], [744, 800], [745, 800], [746, 800], [747, 800], [748, 800], [749, 800], [761, 800], [762, 800], [763, 800], [565, 801], [566, 801], [567, 801], [571, 801], [572, 801], [573, 801], [577, 801], [578, 801], [584, 801], [585, 801], [586, 801], [620, 801], [621, 801], [622, 801], [623, 801], [624, 801], [625, 801], [626, 801], [633, 801], [634, 801], [635, 801], [636, 801], [637, 801], [638, 801], [652, 801], [653, 801], [654, 801], [655, 801], [656, 801], [657, 801], [658, 801], [659, 801], [744, 801], [745, 801], [746, 801], [747, 801], [748, 801], [749, 801], [750, 801], [760, 801], [761, 801], [762, 801], [763, 801], [565, 802], [566, 802], [571, 802], [572, 802], [577, 802], [578, 802], [584, 802], [585, 802], [586, 802], [633, 802], [634, 802], [635, 802], [636, 802], [637, 802], [638, 802], [651, 802], [652, 802], [653, 802], [654, 802], [655, 802], [656, 802], [657, 802], [658, 802], [744, 802], [745, 802], [746, 802], [747, 802], [748, 802], [749, 802], [750, 802], [751, 802], [758, 802], [759, 802], [760, 802], [761, 802], [762, 802], [763, 802], [565, 803], [566, 803], [570, 803], [571, 803], [572, 803], [577, 803], [578, 803], [583, 803], [584, 803], [585, 803], [632, 803], [633, 803], [634, 803], [635, 803], [636, 803], [637, 803], [638, 803], [650, 803], [651, 803], [652, 803], [653, 803], [655, 803], [656, 803], [657, 803], [749, 803], [750, 803], [751, 803], [752, 803], [753, 803], [754, 803], [755, 803], [756, 803], [757, 803], [758, 803], [759, 803], [760, 803], [761, 803], [565, 804], [566, 804], [567, 804], [568, 804], [569, 804], [570, 804], [571, 804], [572, 804], [577, 804], [578, 804], [579, 804], [582, 804], [583, 804], [584, 804], [585, 804], [632, 804], [633, 804], [634, 804], [635, 804], [636, 804], [637, 804], [650, 804], [651, 804], [652, 804], [750, 804], [751, 804], [752, 804], [753, 804], [754, 804], [755, 804], [756, 804], [757, 804], [758, 804], [759, 804], [565, 805], [566, 805], [567, 805], [568, 805], [569, 805], [570, 805], [571, 805], [577, 805], [578, 805], [579, 805], [580, 805], [581, 805], [582, 805], [583, 805], [584, 805], [632, 805], [633, 805], [634, 805], [636, 805], [637, 805], [649, 805], [650, 805], [651, 805], [565, 806], [566, 806], [567, 806], [578, 806], [579, 806], [580, 806], [581, 806], [582, 806], [583, 806], [632, 806], [633, 806], [634, 806], [635, 806], [642, 806], [643, 806], [644, 806], [645, 806], [648, 806], [649, 806], [650, 806], [651, 806], [632, 807], [633, 807], [634, 807], [635, 807], [636, 807], [641, 807], [642, 807], [643, 807], [644, 807], [645, 807], [646, 807], [647, 807], [648, 807], [649, 807], [650, 807], [634, 808], [635, 808], [636, 808], [637, 808], [638, 808], [639, 808], [640, 808], [641, 808], [642, 808], [643, 808], [644, 808], [645, 808], [646, 808], [647, 808], [648, 808], [649, 808], [635, 809], [636, 809], [637, 809], [638, 809], [639, 809], [640, 809], [641, 809], [642, 809], [637, 810], [638, 810], [639, 810], [640, 810]




Yellow line left - [588, 826], [589, 826], [590, 826], [591, 826], [592, 826], [593, 826], [594, 826], [595, 826], [596, 826], [597, 826], [598, 826], [599, 826], [600, 826], [601, 826], [602, 826], [603, 826], [604, 826], [586, 827], [587, 827], [588, 827], [589, 827], [590, 827], [591, 827], [592, 827], [593, 827], [594, 827], [595, 827], [596, 827], [597, 827], [598, 827], [599, 827], [600, 827], [601, 827], [602, 827], [603, 827], [604, 827], [605, 827], [606, 827], [607, 827], [608, 827], [609, 827], [610, 827], [611, 827], [585, 828], [586, 828], [587, 828], [588, 828], [589, 828], [603, 828], [604, 828], [605, 828], [606, 828], [607, 828], [608, 828], [609, 828], [610, 828], [611, 828], [612, 828], [613, 828], [614, 828], [584, 829], [585, 829], [586, 829], [587, 829], [610, 829], [611, 829], [612, 829], [613, 829], [614, 829], [615, 829], [616, 829], [582, 830], [583, 830], [584, 830], [585, 830], [586, 830], [613, 830], [614, 830], [615, 830], [616, 830], [580, 831], [581, 831], [582, 831], [583, 831], [584, 831], [585, 831], [615, 831], [616, 831], [617, 831], [579, 832], [580, 832], [581, 832], [582, 832], [583, 832], [615, 832], [616, 832], [617, 832], [577, 833], [578, 833], [579, 833], [580, 833], [581, 833], [616, 833], [617, 833], [576, 834], [577, 834], [578, 834], [579, 834], [580, 834], [616, 834], [617, 834], [575, 835], [576, 835], [577, 835], [578, 835], [616, 835], [617, 835], [575, 836], [576, 836], [577, 836], [616, 836], [617, 836], [575, 837], [576, 837], [616, 837], [617, 837], [575, 838], [576, 838], [616, 838], [617, 838], [574, 839], [575, 839], [576, 839], [616, 839], [617, 839], [574, 840], [575, 840], [576, 840], [615, 840], [616, 840], [617, 840], [574, 841], [575, 841], [614, 841], [615, 841], [616, 841], [617, 841], [573, 842], [574, 842], [575, 842], [613, 842], [614, 842], [615, 842], [616, 842], [573, 843], [574, 843], [575, 843], [612, 843], [613, 843], [614, 843], [615, 843], [573, 844], [574, 844], [612, 844], [613, 844], [614, 844], [573, 845], [574, 845], [611, 845], [612, 845], [613, 845], [573, 846], [574, 846], [611, 846], [612, 846], [613, 846], [573, 847], [574, 847], [611, 847], [612, 847], [573, 848], [574, 848], [610, 848], [611, 848], [612, 848], [573, 849], [574, 849], [609, 849], [610, 849], [611, 849], [612, 849], [573, 850], [574, 850], [575, 850], [609, 850], [610, 850], [611, 850], [573, 851], [574, 851], [575, 851], [576, 851], [608, 851], [609, 851], [610, 851], [574, 852], [575, 852], [576, 852], [577, 852], [578, 852], [579, 852], [580, 852], [607, 852], [608, 852], [609, 852], [610, 852], [575, 853], [576, 853], [577, 853], [578, 853], [579, 853], [580, 853], [581, 853], [582, 853], [583, 853], [584, 853], [606, 853], [607, 853], [608, 853], [609, 853], [579, 854], [580, 854], [581, 854], [582, 854], [583, 854], [584, 854], [585, 854], [586, 854], [587, 854], [588, 854], [603, 854], [604, 854], [605, 854], [606, 854], [607, 854], [608, 854], [583, 855], [584, 855], [585, 855], [586, 855], [587, 855], [588, 855], [589, 855], [590, 855], [591, 855], [592, 855], [593, 855], [594, 855], [598, 855], [599, 855], [600, 855], [601, 855], [602, 855], [603, 855], [604, 855], [605, 855], [606, 855], [607, 855], [587, 856], [588, 856], [589, 856], [590, 856], [591, 856], [592, 856], [593, 856], [594, 856], [595, 856], [596, 856], [597, 856], [598, 856], [599, 856], [600, 856], [601, 856], [602, 856], [603, 856], [604, 856], [593, 857], [594, 857], [595, 857], [596, 857], [597, 857], [598, 857], [599, 857]




Yellow line right - [709, 750], [710, 750], [711, 750], [712, 750], [713, 750], [714, 750], [715, 750], [716, 750], [717, 750], [707, 751], [708, 751], [709, 751], [710, 751], [711, 751], [712, 751], [713, 751], [714, 751], [715, 751], [716, 751], [717, 751], [718, 751], [719, 751], [720, 751], [721, 751], [704, 752], [705, 752], [706, 752], [707, 752], [708, 752], [709, 752], [710, 752], [716, 752], [717, 752], [718, 752], [719, 752], [720, 752], [721, 752], [722, 752], [723, 752], [724, 752], [725, 752], [726, 752], [727, 752], [728, 752], [729, 752], [730, 752], [731, 752], [732, 752], [733, 752], [703, 753], [704, 753], [705, 753], [706, 753], [707, 753], [708, 753], [720, 753], [721, 753], [722, 753], [723, 753], [724, 753], [725, 753], [726, 753], [727, 753], [728, 753], [729, 753], [730, 753], [731, 753], [732, 753], [733, 753], [734, 753], [735, 753], [736, 753], [702, 754], [703, 754], [704, 754], [705, 754], [732, 754], [733, 754], [734, 754], [735, 754], [736, 754], [737, 754], [702, 755], [703, 755], [704, 755], [735, 755], [736, 755], [737, 755], [701, 756], [702, 756], [703, 756], [736, 756], [737, 756], [738, 756], [701, 757], [702, 757], [703, 757], [736, 757], [737, 757], [738, 757], [700, 758], [701, 758], [702, 758], [737, 758], [738, 758], [700, 759], [701, 759], [702, 759], [736, 759], [737, 759], [738, 759], [700, 760], [701, 760], [736, 760], [737, 760], [738, 760], [699, 761], [700, 761], [701, 761], [736, 761], [737, 761], [699, 762], [700, 762], [701, 762], [735, 762], [736, 762], [737, 762], [699, 763], [700, 763], [735, 763], [736, 763], [737, 763], [699, 764], [700, 764], [701, 764], [735, 764], [736, 764], [699, 765], [700, 765], [701, 765], [734, 765], [735, 765], [736, 765], [700, 766], [701, 766], [733, 766], [734, 766], [735, 766], [736, 766], [700, 767], [701, 767], [731, 767], [732, 767], [733, 767], [734, 767], [735, 767], [700, 768], [701, 768], [729, 768], [730, 768], [731, 768], [732, 768], [733, 768], [734, 768], [700, 769], [701, 769], [702, 769], [728, 769], [729, 769], [730, 769], [731, 769], [732, 769], [700, 770], [701, 770], [702, 770], [703, 770], [725, 770], [726, 770], [727, 770], [728, 770], [729, 770], [730, 770], [701, 771], [702, 771], [703, 771], [704, 771], [705, 771], [706, 771], [719, 771], [720, 771], [721, 771], [722, 771], [723, 771], [724, 771], [725, 771], [726, 771], [727, 771], [728, 771], [729, 771], [702, 772], [703, 772], [704, 772], [705, 772], [706, 772], [707, 772], [708, 772], [709, 772], [710, 772], [711, 772], [712, 772], [713, 772], [714, 772], [715, 772], [716, 772], [717, 772], [718, 772], [719, 772], [720, 772], [721, 772], [722, 772], [723, 772], [724, 772], [725, 772], [726, 772], [705, 773], [706, 773], [707, 773], [708, 773], [709, 773], [710, 773], [711, 773], [712, 773], [713, 773], [714, 773], [715, 773], [716, 773], [717, 773], [718, 773], [719, 773], [720, 773]




White line right - [1433, 286], [1434, 286], [1431, 287], [1432, 287], [1433, 287], [1434, 287], [1435, 287], [1436, 287], [1437, 287], [1438, 287], [1429, 288], [1430, 288], [1431, 288], [1432, 288], [1433, 288], [1434, 288], [1435, 288], [1436, 288], [1437, 288], [1438, 288], [1439, 288], [1440, 288], [1441, 288], [1428, 289], [1429, 289], [1430, 289], [1431, 289], [1432, 289], [1433, 289], [1434, 289], [1437, 289], [1438, 289], [1439, 289], [1440, 289], [1441, 289], [1442, 289], [1443, 289], [1431, 290], [1432, 290], [1433, 290], [1434, 290], [1435, 290], [1436, 290], [1437, 290], [1440, 290], [1441, 290], [1442, 290], [1443, 290], [1444, 290], [1445, 290], [1446, 290], [1433, 291], [1434, 291], [1435, 291], [1436, 291], [1437, 291], [1438, 291], [1439, 291], [1442, 291], [1443, 291], [1444, 291], [1445, 291], [1446, 291], [1447, 291], [1448, 291], [1449, 291], [1436, 292], [1437, 292], [1438, 292], [1439, 292], [1440, 292], [1441, 292], [1442, 292], [1445, 292], [1446, 292], [1447, 292], [1448, 292], [1449, 292], [1450, 292], [1451, 292], [1438, 293], [1439, 293], [1440, 293], [1441, 293], [1442, 293], [1443, 293], [1444, 293], [1445, 293], [1448, 293], [1449, 293], [1450, 293], [1451, 293], [1452, 293], [1453, 293], [1441, 294], [1442, 294], [1443, 294], [1444, 294], [1445, 294], [1446, 294], [1447, 294], [1448, 294], [1450, 294], [1451, 294], [1452, 294], [1453, 294], [1454, 294], [1455, 294], [1456, 294], [1444, 295], [1445, 295], [1446, 295], [1447, 295], [1448, 295], [1449, 295], [1450, 295], [1452, 295], [1453, 295], [1454, 295], [1455, 295], [1456, 295], [1457, 295], [1458, 295], [1459, 295], [1447, 296], [1448, 296], [1449, 296], [1450, 296], [1451, 296], [1452, 296], [1455, 296], [1456, 296], [1457, 296], [1458, 296], [1459, 296], [1460, 296], [1461, 296], [1462, 296], [1449, 297], [1450, 297], [1451, 297], [1452, 297], [1453, 297], [1454, 297], [1458, 297], [1459, 297], [1460, 297], [1461, 297], [1462, 297], [1463, 297], [1451, 298], [1452, 298], [1453, 298], [1454, 298], [1455, 298], [1456, 298], [1457, 298], [1461, 298], [1462, 298], [1463, 298], [1464, 298], [1465, 298], [1466, 298], [1453, 299], [1454, 299], [1455, 299], [1456, 299], [1457, 299], [1458, 299], [1459, 299], [1460, 299], [1462, 299], [1463, 299], [1464, 299], [1465, 299], [1466, 299], [1467, 299], [1468, 299], [1469, 299], [1456, 300], [1457, 300], [1458, 300], [1459, 300], [1460, 300], [1461, 300], [1462, 300], [1463, 300], [1465, 300], [1466, 300], [1467, 300], [1468, 300], [1469, 300], [1470, 300], [1471, 300], [1409, 301], [1410, 301], [1411, 301], [1412, 301], [1413, 301], [1414, 301], [1415, 301], [1416, 301], [1417, 301], [1418, 301], [1459, 301], [1460, 301], [1461, 301], [1462, 301], [1463, 301], [1464, 301], [1465, 301], [1468, 301], [1469, 301], [1470, 301], [1471, 301], [1472, 301], [1473, 301], [1474, 301], [1406, 302], [1407, 302], [1408, 302], [1409, 302], [1410, 302], [1411, 302], [1412, 302], [1413, 302], [1414, 302], [1415, 302], [1416, 302], [1417, 302], [1418, 302], [1419, 302], [1420, 302], [1421, 302], [1422, 302], [1423, 302], [1424, 302], [1425, 302], [1426, 302], [1427, 302], [1428, 302], [1429, 302], [1462, 302], [1463, 302], [1464, 302], [1465, 302], [1466, 302], [1467, 302], [1470, 302], [1471, 302], [1472, 302], [1473, 302], [1474, 302], [1475, 302], [1476, 302], [1477, 302], [1404, 303], [1406, 303], [1409, 303], [1410, 303], [1411, 303], [1412, 303], [1413, 303], [1414, 303], [1417, 303], [1418, 303], [1419, 303], [1420, 303], [1421, 303], [1422, 303], [1423, 303], [1424, 303], [1425, 303], [1426, 303], [1427, 303], [1428, 303], [1429, 303], [1430, 303], [1431, 303], [1432, 303], [1433, 303], [1434, 303], [1435, 303], [1436, 303], [1437, 303], [1438, 303], [1439, 303], [1440, 303], [1441, 303], [1442, 303], [1443, 303], [1444, 303], [1445, 303], [1446, 303], [1447, 303], [1448, 303], [1449, 303], [1450, 303], [1451, 303], [1452, 303], [1453, 303], [1454, 303], [1455, 303], [1456, 303], [1464, 303], [1465, 303], [1466, 303], [1467, 303], [1468, 303], [1473, 303], [1474, 303], [1475, 303], [1476, 303], [1477, 303], [1478, 303], [1479, 303], [1480, 303], [1402, 304], [1403, 304], [1404, 304], [1405, 304], [1406, 304], [1407, 304], [1408, 304], [1409, 304], [1410, 304], [1411, 304], [1412, 304], [1413, 304], [1414, 304], [1415, 304], [1416, 304], [1417, 304], [1418, 304], [1419, 304], [1420, 304], [1421, 304], [1422, 304], [1423, 304], [1424, 304], [1425, 304], [1426, 304], [1427, 304], [1428, 304], [1429, 304], [1430, 304], [1431, 304], [1432, 304], [1433, 304], [1434, 304], [1435, 304], [1436, 304], [1437, 304], [1438, 304], [1439, 304], [1440, 304], [1441, 304], [1442, 304], [1443, 304], [1444, 304], [1445, 304], [1446, 304], [1447, 304], [1448, 304], [1449, 304], [1450, 304], [1451, 304], [1452, 304], [1453, 304], [1454, 304], [1455, 304], [1456, 304], [1457, 304], [1458, 304], [1459, 304], [1460, 304], [1461, 304], [1462, 304], [1463, 304], [1464, 304], [1465, 304], [1466, 304], [1467, 304], [1468, 304], [1476, 304], [1477, 304], [1478, 304], [1479, 304], [1480, 304], [1481, 304], [1482, 304], [1483, 304], [1413, 305], [1414, 305], [1415, 305], [1416, 305], [1417, 305], [1418, 305], [1419, 305], [1420, 305], [1421, 305], [1422, 305], [1423, 305], [1424, 305], [1425, 305], [1426, 305], [1427, 305], [1428, 305], [1429, 305], [1430, 305], [1431, 305], [1432, 305], [1433, 305], [1434, 305], [1435, 305], [1436, 305], [1437, 305], [1438, 305], [1439, 305], [1440, 305], [1441, 305], [1442, 305], [1443, 305], [1444, 305], [1445, 305], [1455, 305], [1456, 305], [1457, 305], [1458, 305], [1459, 305], [1460, 305], [1461, 305], [1467, 305], [1468, 305], [1479, 305], [1480, 305], [1481, 305], [1482, 305], [1483, 305], [1484, 305], [1485, 305], [1486, 305], [1487, 305], [1488, 305], [1489, 305], [1490, 305], [1491, 305], [1399, 306], [1400, 306], [1401, 306], [1428, 306], [1429, 306], [1430, 306], [1431, 306], [1432, 306], [1433, 306], [1434, 306], [1435, 306], [1436, 306], [1437, 306], [1438, 306], [1439, 306], [1440, 306], [1441, 306], [1442, 306], [1443, 306], [1444, 306], [1445, 306], [1446, 306], [1447, 306], [1448, 306], [1449, 306], [1450, 306], [1451, 306], [1452, 306], [1453, 306], [1454, 306], [1455, 306], [1456, 306], [1459, 306], [1460, 306], [1461, 306], [1462, 306], [1463, 306], [1464, 306], [1465, 306], [1466, 306], [1467, 306], [1468, 306], [1469, 306], [1482, 306], [1483, 306], [1484, 306], [1485, 306], [1486, 306], [1487, 306], [1488, 306], [1489, 306], [1490, 306], [1491, 306], [1492, 306], [1493, 306], [1494, 306], [1495, 306], [1496, 306], [1497, 306], [1498, 306], [1499, 306], [1500, 306], [1501, 306], [1502, 306], [1503, 306], [1504, 306], [1505, 306], [1506, 306], [1507, 306], [1508, 306], [1509, 306], [1510, 306], [1511, 306], [1397, 307], [1398, 307], [1399, 307], [1400, 307], [1401, 307], [1402, 307], [1403, 307], [1404, 307], [1405, 307], [1406, 307], [1407, 307], [1408, 307], [1409, 307], [1410, 307], [1411, 307], [1412, 307], [1413, 307], [1414, 307], [1415, 307], [1416, 307], [1417, 307], [1418, 307], [1419, 307], [1420, 307], [1421, 307], [1422, 307], [1423, 307], [1424, 307], [1425, 307], [1426, 307], [1427, 307], [1444, 307], [1445, 307], [1446, 307], [1447, 307], [1448, 307], [1449, 307], [1450, 307], [1451, 307], [1452, 307], [1453, 307], [1454, 307], [1455, 307], [1456, 307], [1457, 307], [1458, 307], [1459, 307], [1460, 307], [1461, 307], [1467, 307], [1468, 307], [1469, 307], [1470, 307], [1471, 307], [1472, 307], [1473, 307], [1474, 307], [1475, 307], [1476, 307], [1477, 307], [1478, 307], [1479, 307], [1490, 307], [1491, 307], [1492, 307], [1493, 307], [1494, 307], [1495, 307], [1496, 307], [1497, 307], [1498, 307], [1499, 307], [1500, 307], [1501, 307], [1502, 307], [1503, 307], [1504, 307], [1505, 307], [1506, 307], [1507, 307], [1508, 307], [1509, 307], [1510, 307], [1511, 307], [1515, 307], [1516, 307], [1517, 307], [1518, 307], [1396, 308], [1397, 308], [1400, 308], [1401, 308], [1402, 308], [1403, 308], [1404, 308], [1405, 308], [1406, 308], [1407, 308], [1408, 308], [1409, 308], [1410, 308], [1411, 308], [1412, 308], [1413, 308], [1414, 308], [1415, 308], [1416, 308], [1417, 308], [1418, 308], [1419, 308], [1420, 308], [1421, 308], [1422, 308], [1423, 308], [1424, 308], [1425, 308], [1426, 308], [1427, 308], [1428, 308], [1429, 308], [1430, 308], [1431, 308], [1432, 308], [1433, 308], [1434, 308], [1435, 308], [1436, 308], [1437, 308], [1438, 308], [1439, 308], [1440, 308], [1441, 308], [1442, 308], [1443, 308], [1444, 308], [1445, 308], [1446, 308], [1447, 308], [1448, 308], [1455, 308], [1456, 308], [1457, 308], [1458, 308], [1459, 308], [1460, 308], [1467, 308], [1468, 308], [1469, 308], [1470, 308], [1471, 308], [1472, 308], [1473, 308], [1474, 308], [1475, 308], [1476, 308], [1477, 308], [1478, 308], [1479, 308], [1480, 308], [1481, 308], [1482, 308], [1483, 308], [1490, 308], [1491, 308], [1492, 308], [1493, 308], [1494, 308], [1509, 308], [1510, 308], [1511, 308], [1512, 308], [1513, 308], [1514, 308], [1515, 308], [1516, 308], [1517, 308], [1518, 308], [1394, 309], [1395, 309], [1396, 309], [1397, 309], [1398, 309], [1399, 309], [1400, 309], [1401, 309], [1402, 309], [1403, 309], [1404, 309], [1405, 309], [1406, 309], [1407, 309], [1408, 309], [1409, 309], [1410, 309], [1411, 309], [1412, 309], [1413, 309], [1414, 309], [1415, 309], [1426, 309], [1427, 309], [1428, 309], [1429, 309], [1430, 309], [1431, 309], [1432, 309], [1433, 309], [1434, 309], [1435, 309], [1436, 309], [1437, 309], [1438, 309], [1439, 309], [1440, 309], [1441, 309], [1442, 309], [1443, 309], [1444, 309], [1445, 309], [1446, 309], [1447, 309], [1448, 309], [1449, 309], [1450, 309], [1451, 309], [1452, 309], [1453, 309], [1454, 309], [1455, 309], [1456, 309], [1457, 309], [1459, 309], [1460, 309], [1467, 309], [1468, 309], [1469, 309], [1470, 309], [1471, 309], [1472, 309], [1473, 309], [1474, 309], [1475, 309], [1476, 309], [1477, 309], [1478, 309], [1479, 309], [1480, 309], [1481, 309], [1482, 309], [1483, 309], [1490, 309], [1491, 309], [1493, 309], [1494, 309], [1495, 309], [1500, 309], [1501, 309], [1502, 309], [1503, 309], [1504, 309], [1505, 309], [1506, 309], [1507, 309], [1508, 309], [1509, 309], [1510, 309], [1511, 309], [1512, 309], [1513, 309], [1514, 309], [1515, 309], [1516, 309], [1517, 309], [1518, 309], [1519, 309], [1520, 309], [1396, 310], [1397, 310], [1398, 310], [1399, 310], [1400, 310], [1401, 310], [1402, 310], [1403, 310], [1404, 310], [1405, 310], [1406, 310], [1407, 310], [1408, 310], [1409, 310], [1410, 310], [1411, 310], [1412, 310], [1413, 310], [1414, 310], [1415, 310], [1416, 310], [1417, 310], [1418, 310], [1419, 310], [1420, 310], [1421, 310], [1422, 310], [1423, 310], [1424, 310], [1425, 310], [1426, 310], [1427, 310], [1428, 310], [1429, 310], [1430, 310], [1431, 310], [1432, 310], [1447, 310], [1448, 310], [1449, 310], [1450, 310], [1451, 310], [1452, 310], [1453, 310], [1454, 310], [1455, 310], [1456, 310], [1457, 310], [1458, 310], [1459, 310], [1460, 310], [1467, 310], [1468, 310], [1469, 310], [1470, 310], [1472, 310], [1473, 310], [1474, 310], [1475, 310], [1476, 310], [1477, 310], [1478, 310], [1479, 310], [1480, 310], [1481, 310], [1482, 310], [1483, 310], [1489, 310], [1490, 310], [1491, 310], [1492, 310], [1493, 310], [1494, 310], [1495, 310], [1496, 310], [1497, 310], [1500, 310], [1501, 310], [1506, 310], [1507, 310], [1508, 310], [1509, 310], [1510, 310], [1511, 310], [1512, 310], [1513, 310], [1514, 310], [1519, 310], [1520, 310], [1414, 311], [1415, 311], [1416, 311], [1417, 311], [1418, 311], [1419, 311], [1420, 311], [1421, 311], [1422, 311], [1423, 311], [1424, 311], [1425, 311], [1426, 311], [1427, 311], [1428, 311], [1429, 311], [1430, 311], [1431, 311], [1432, 311], [1433, 311], [1434, 311], [1435, 311], [1436, 311], [1437, 311], [1438, 311], [1439, 311], [1440, 311], [1441, 311], [1442, 311], [1443, 311], [1444, 311], [1445, 311], [1446, 311], [1447, 311], [1448, 311], [1449, 311], [1450, 311], [1451, 311], [1452, 311], [1453, 311], [1458, 311], [1459, 311], [1460, 311], [1461, 311], [1462, 311], [1463, 311], [1464, 311], [1465, 311], [1466, 311], [1467, 311], [1468, 311], [1469, 311], [1471, 311], [1472, 311], [1476, 311], [1477, 311], [1478, 311], [1479, 311], [1480, 311], [1481, 311], [1482, 311], [1483, 311], [1489, 311], [1490, 311], [1491, 311], [1492, 311], [1494, 311], [1495, 311], [1496, 311], [1497, 311], [1498, 311], [1499, 311], [1501, 311], [1502, 311], [1503, 311], [1504, 311], [1505, 311], [1506, 311], [1507, 311], [1508, 311], [1509, 311], [1510, 311], [1519, 311], [1520, 311], [1521, 311], [1522, 311], [1523, 311], [1524, 311], [1525, 311], [1526, 311], [1431, 312], [1432, 312], [1433, 312], [1434, 312], [1435, 312], [1436, 312], [1437, 312], [1438, 312], [1439, 312], [1440, 312], [1441, 312], [1442, 312], [1443, 312], [1444, 312], [1445, 312], [1446, 312], [1447, 312], [1448, 312], [1449, 312], [1450, 312], [1451, 312], [1452, 312], [1453, 312], [1454, 312], [1455, 312], [1456, 312], [1457, 312], [1458, 312], [1459, 312], [1467, 312], [1468, 312], [1469, 312], [1470, 312], [1471, 312], [1472, 312], [1489, 312], [1490, 312], [1491, 312], [1492, 312], [1493, 312], [1494, 312], [1495, 312], [1497, 312], [1498, 312], [1499, 312], [1500, 312], [1501, 312], [1502, 312], [1503, 312], [1504, 312], [1505, 312], [1506, 312], [1507, 312], [1525, 312], [1526, 312], [1531, 312], [1532, 312], [1533, 312], [1534, 312], [1452, 313], [1453, 313], [1454, 313], [1455, 313], [1456, 313], [1457, 313], [1458, 313], [1459, 313], [1460, 313], [1461, 313], [1462, 313], [1463, 313], [1464, 313], [1465, 313], [1466, 313], [1467, 313], [1468, 313], [1469, 313], [1470, 313], [1471, 313], [1472, 313], [1473, 313], [1474, 313], [1475, 313], [1476, 313], [1477, 313], [1478, 313], [1479, 313], [1480, 313], [1481, 313], [1482, 313], [1483, 313], [1484, 313], [1485, 313], [1486, 313], [1487, 313], [1488, 313], [1489, 313], [1490, 313], [1491, 313], [1494, 313], [1495, 313], [1496, 313], [1497, 313], [1498, 313], [1499, 313], [1500, 313], [1501, 313], [1502, 313], [1503, 313], [1504, 313], [1505, 313], [1506, 313], [1507, 313], [1508, 313], [1509, 313], [1510, 313], [1511, 313], [1512, 313], [1513, 313], [1514, 313], [1515, 313], [1516, 313], [1517, 313], [1518, 313], [1519, 313], [1520, 313], [1521, 313], [1522, 313], [1523, 313], [1524, 313], [1525, 313], [1526, 313], [1531, 313], [1532, 313], [1533, 313], [1534, 313], [1535, 313], [1536, 313], [1537, 313], [1538, 313], [1467, 314], [1468, 314], [1469, 314], [1470, 314], [1471, 314], [1472, 314], [1473, 314], [1474, 314], [1475, 314], [1476, 314], [1477, 314], [1478, 314], [1479, 314], [1480, 314], [1481, 314], [1482, 314], [1483, 314], [1484, 314], [1485, 314], [1486, 314], [1487, 314], [1488, 314], [1489, 314], [1490, 314], [1491, 314], [1492, 314], [1493, 314], [1494, 314], [1495, 314], [1496, 314], [1499, 314], [1500, 314], [1501, 314], [1502, 314], [1503, 314], [1504, 314], [1505, 314], [1514, 314], [1515, 314], [1516, 314], [1517, 314], [1518, 314], [1519, 314], [1520, 314], [1521, 314], [1522, 314], [1523, 314], [1524, 314], [1525, 314], [1526, 314], [1527, 314], [1528, 314], [1529, 314], [1530, 314], [1531, 314], [1532, 314], [1533, 314], [1534, 314], [1535, 314], [1536, 314], [1537, 314], [1538, 314], [1539, 314], [1540, 314], [1494, 315], [1495, 315], [1496, 315], [1497, 315], [1498, 315], [1499, 315], [1500, 315], [1501, 315], [1503, 315], [1504, 315], [1505, 315], [1506, 315], [1507, 315], [1513, 315], [1514, 315], [1515, 315], [1516, 315], [1517, 315], [1518, 315], [1531, 315], [1532, 315], [1534, 315], [1535, 315], [1536, 315], [1537, 315], [1538, 315], [1539, 315], [1540, 315], [1499, 316], [1500, 316], [1501, 316], [1502, 316], [1503, 316], [1504, 316], [1506, 316], [1507, 316], [1508, 316], [1509, 316], [1510, 316], [1511, 316], [1512, 316], [1513, 316], [1514, 316], [1515, 316], [1517, 316], [1518, 316], [1519, 316], [1520, 316], [1521, 316], [1522, 316], [1523, 316], [1524, 316], [1525, 316], [1526, 316], [1527, 316], [1528, 316], [1529, 316], [1530, 316], [1531, 316], [1532, 316], [1534, 316], [1535, 316], [1536, 316], [1537, 316], [1538, 316], [1539, 316], [1540, 316], [1502, 317], [1503, 317], [1504, 317], [1505, 317], [1506, 317], [1507, 317], [1508, 317], [1509, 317], [1510, 317], [1511, 317], [1512, 317], [1513, 317], [1514, 317], [1517, 317], [1518, 317], [1519, 317], [1520, 317], [1534, 317], [1535, 317], [1536, 317], [1537, 317], [1538, 317], [1539, 317], [1505, 318], [1506, 318], [1507, 318], [1508, 318], [1509, 318], [1510, 318], [1512, 318], [1513, 318], [1517, 318], [1518, 318], [1519, 318], [1520, 318], [1521, 318], [1522, 318], [1508, 319], [1509, 319], [1510, 319], [1511, 319], [1512, 319], [1513, 319], [1514, 319], [1515, 319], [1519, 319], [1520, 319], [1521, 319], [1522, 319], [1523, 319], [1524, 319], [1525, 319], [1526, 319], [1511, 320], [1512, 320], [1513, 320], [1514, 320], [1515, 320], [1516, 320], [1517, 320], [1518, 320], [1521, 320], [1522, 320], [1523, 320], [1524, 320], [1525, 320], [1526, 320], [1527, 320], [1528, 320], [1529, 320], [1514, 321], [1515, 321], [1516, 321], [1517, 321], [1518, 321], [1519, 321], [1520, 321], [1521, 321], [1522, 321], [1525, 321], [1526, 321], [1527, 321], [1528, 321], [1529, 321], [1530, 321], [1531, 321], [1532, 321], [1517, 322], [1518, 322], [1519, 322], [1520, 322], [1521, 322], [1522, 322], [1523, 322], [1524, 322], [1525, 322], [1528, 322], [1529, 322], [1530, 322], [1531, 322], [1532, 322], [1533, 322], [1534, 322], [1535, 322], [1521, 323], [1522, 323], [1523, 323], [1524, 323], [1525, 323], [1526, 323], [1527, 323], [1528, 323], [1531, 323], [1532, 323], [1533, 323], [1534, 323], [1535, 323], [1536, 323], [1537, 323], [1538, 323], [1539, 323], [1524, 324], [1525, 324], [1526, 324], [1527, 324], [1528, 324], [1529, 324], [1530, 324], [1534, 324], [1535, 324], [1536, 324], [1537, 324], [1538, 324], [1539, 324], [1540, 324], [1541, 324], [1542, 324], [1527, 325], [1528, 325], [1529, 325], [1530, 325], [1531, 325], [1532, 325], [1533, 325], [1538, 325], [1539, 325], [1540, 325], [1541, 325], [1542, 325], [1543, 325], [1544, 325], [1545, 325], [1529, 326], [1530, 326], [1531, 326], [1532, 326], [1533, 326], [1534, 326], [1535, 326], [1536, 326], [1541, 326], [1542, 326], [1543, 326], [1544, 326], [1545, 326], [1546, 326], [1547, 326], [1548, 326], [1532, 327], [1533, 327], [1534, 327], [1535, 327], [1536, 327], [1537, 327], [1538, 327], [1544, 327], [1545, 327], [1546, 327], [1547, 327], [1548, 327], [1549, 327], [1550, 327], [1535, 328], [1536, 328], [1537, 328], [1538, 328], [1539, 328], [1540, 328], [1547, 328], [1548, 328], [1549, 328], [1550, 328], [1551, 328], [1552, 328], [1553, 328], [1537, 329], [1538, 329], [1539, 329], [1540, 329], [1541, 329], [1542, 329], [1546, 329], [1547, 329], [1548, 329], [1549, 329], [1551, 329], [1552, 329], [1553, 329], [1554, 329], [1555, 329], [1556, 329], [1539, 330], [1540, 330], [1541, 330], [1542, 330], [1543, 330], [1544, 330], [1546, 330], [1547, 330], [1548, 330], [1549, 330], [1550, 330], [1551, 330], [1552, 330], [1553, 330], [1554, 330], [1555, 330], [1556, 330], [1557, 330], [1558, 330], [1541, 331], [1542, 331], [1543, 331], [1544, 331], [1545, 331], [1546, 331], [1547, 331], [1548, 331], [1549, 331], [1550, 331], [1552, 331], [1553, 331], [1554, 331], [1556, 331], [1557, 331], [1558, 331], [1559, 331], [1560, 331], [1543, 332], [1544, 332], [1545, 332], [1546, 332], [1547, 332], [1548, 332], [1550, 332], [1551, 332], [1552, 332], [1553, 332], [1554, 332], [1555, 332], [1557, 332], [1558, 332], [1559, 332], [1560, 332], [1561, 332], [1562, 332], [1563, 332], [1546, 333], [1547, 333], [1548, 333], [1549, 333], [1550, 333], [1551, 333], [1552, 333], [1553, 333], [1554, 333], [1555, 333], [1559, 333], [1560, 333], [1561, 333], [1562, 333], [1563, 333], [1564, 333], [1565, 333], [1549, 334], [1550, 334], [1551, 334], [1552, 334], [1553, 334], [1554, 334], [1555, 334], [1562, 334], [1563, 334], [1564, 334], [1565, 334], [1566, 334], [1567, 334], [1551, 335], [1552, 335], [1553, 335], [1554, 335], [1555, 335], [1556, 335], [1557, 335], [1558, 335], [1564, 335], [1565, 335], [1566, 335], [1567, 335], [1568, 335], [1569, 335], [1570, 335], [1429, 336], [1430, 336], [1431, 336], [1432, 336], [1433, 336], [1434, 336], [1435, 336], [1436, 336], [1437, 336], [1438, 336], [1439, 336], [1440, 336], [1554, 336], [1555, 336], [1556, 336], [1557, 336], [1558, 336], [1559, 336], [1560, 336], [1561, 336], [1562, 336], [1566, 336], [1567, 336], [1568, 336], [1569, 336], [1570, 336], [1571, 336], [1572, 336], [1573, 336], [1429, 337], [1430, 337], [1431, 337], [1432, 337], [1433, 337], [1434, 337], [1435, 337], [1436, 337], [1437, 337], [1438, 337], [1439, 337], [1440, 337], [1441, 337], [1442, 337], [1443, 337], [1444, 337], [1445, 337], [1446, 337], [1447, 337], [1448, 337], [1449, 337], [1450, 337], [1451, 337], [1452, 337], [1453, 337], [1454, 337], [1455, 337], [1456, 337], [1457, 337], [1458, 337], [1459, 337], [1460, 337], [1461, 337], [1462, 337], [1463, 337], [1464, 337], [1465, 337], [1466, 337], [1557, 337], [1558, 337], [1559, 337], [1560, 337], [1561, 337], [1562, 337], [1563, 337], [1564, 337], [1565, 337], [1566, 337], [1569, 337], [1570, 337], [1571, 337], [1572, 337], [1573, 337], [1574, 337], [1575, 337], [1576, 337], [1429, 338], [1430, 338], [1431, 338], [1432, 338], [1433, 338], [1439, 338], [1440, 338], [1441, 338], [1442, 338], [1443, 338], [1444, 338], [1445, 338], [1446, 338], [1447, 338], [1448, 338], [1449, 338], [1450, 338], [1451, 338], [1452, 338], [1453, 338], [1454, 338], [1455, 338], [1456, 338], [1457, 338], [1458, 338], [1459, 338], [1460, 338], [1461, 338], [1462, 338], [1463, 338], [1464, 338], [1465, 338], [1466, 338], [1467, 338], [1468, 338], [1469, 338], [1470, 338], [1471, 338], [1472, 338], [1473, 338], [1474, 338], [1475, 338], [1476, 338], [1477, 338], [1478, 338], [1479, 338], [1480, 338], [1481, 338], [1482, 338], [1483, 338], [1484, 338], [1485, 338], [1486, 338], [1487, 338], [1488, 338], [1489, 338], [1561, 338], [1562, 338], [1563, 338], [1564, 338], [1565, 338], [1566, 338], [1567, 338], [1568, 338], [1569, 338], [1572, 338], [1573, 338], [1574, 338], [1575, 338], [1576, 338], [1577, 338], [1578, 338], [1579, 338], [1580, 338], [1429, 339], [1430, 339], [1431, 339], [1432, 339], [1433, 339], [1434, 339], [1435, 339], [1436, 339], [1465, 339], [1466, 339], [1467, 339], [1468, 339], [1469, 339], [1470, 339], [1471, 339], [1472, 339], [1473, 339], [1474, 339], [1475, 339], [1476, 339], [1477, 339], [1478, 339], [1479, 339], [1480, 339], [1481, 339], [1482, 339], [1483, 339], [1484, 339], [1485, 339], [1486, 339], [1487, 339], [1488, 339], [1489, 339], [1490, 339], [1491, 339], [1492, 339], [1493, 339], [1494, 339], [1495, 339], [1496, 339], [1497, 339], [1498, 339], [1499, 339], [1500, 339], [1501, 339], [1502, 339], [1503, 339], [1504, 339], [1505, 339], [1506, 339], [1507, 339], [1508, 339], [1509, 339], [1510, 339], [1511, 339], [1512, 339], [1513, 339], [1514, 339], [1515, 339], [1516, 339], [1517, 339], [1518, 339], [1565, 339], [1566, 339], [1567, 339], [1568, 339], [1569, 339], [1570, 339], [1571, 339], [1572, 339], [1575, 339], [1576, 339], [1577, 339], [1578, 339], [1579, 339], [1580, 339], [1581, 339], [1582, 339], [1583, 339], [1584, 339], [1432, 340], [1433, 340], [1434, 340], [1435, 340], [1436, 340], [1437, 340], [1438, 340], [1439, 340], [1440, 340], [1478, 340], [1479, 340], [1480, 340], [1481, 340], [1482, 340], [1483, 340], [1484, 340], [1485, 340], [1486, 340], [1487, 340], [1488, 340], [1489, 340], [1493, 340], [1494, 340], [1495, 340], [1496, 340], [1497, 340], [1498, 340], [1499, 340], [1500, 340], [1501, 340], [1502, 340], [1503, 340], [1504, 340], [1505, 340], [1506, 340], [1507, 340], [1508, 340], [1509, 340], [1510, 340], [1511, 340], [1512, 340], [1513, 340], [1514, 340], [1515, 340], [1516, 340], [1517, 340], [1518, 340], [1519, 340], [1520, 340], [1521, 340], [1522, 340], [1523, 340], [1524, 340], [1525, 340], [1568, 340], [1569, 340], [1570, 340], [1571, 340], [1572, 340], [1573, 340], [1574, 340], [1575, 340], [1579, 340], [1580, 340], [1581, 340], [1582, 340], [1583, 340], [1584, 340], [1585, 340], [1586, 340], [1587, 340], [1588, 340], [1435, 341], [1436, 341], [1437, 341], [1438, 341], [1439, 341], [1440, 341], [1441, 341], [1442, 341], [1474, 341], [1475, 341], [1476, 341], [1477, 341], [1478, 341], [1479, 341], [1480, 341], [1481, 341], [1482, 341], [1483, 341], [1484, 341], [1485, 341], [1486, 341], [1487, 341], [1488, 341], [1489, 341], [1490, 341], [1491, 341], [1492, 341], [1493, 341], [1494, 341], [1495, 341], [1496, 341], [1497, 341], [1498, 341], [1499, 341], [1500, 341], [1501, 341], [1502, 341], [1503, 341], [1504, 341], [1505, 341], [1506, 341], [1507, 341], [1508, 341], [1509, 341], [1510, 341], [1511, 341], [1512, 341], [1513, 341], [1514, 341], [1515, 341], [1516, 341], [1517, 341], [1518, 341], [1519, 341], [1520, 341], [1521, 341], [1522, 341], [1523, 341], [1524, 341], [1525, 341], [1526, 341], [1527, 341], [1571, 341], [1572, 341], [1573, 341], [1574, 341], [1575, 341], [1576, 341], [1577, 341], [1578, 341], [1583, 341], [1584, 341], [1585, 341], [1586, 341], [1587, 341], [1588, 341], [1589, 341], [1590, 341], [1591, 341], [1439, 342], [1440, 342], [1441, 342], [1442, 342], [1443, 342], [1444, 342], [1472, 342], [1473, 342], [1474, 342], [1475, 342], [1476, 342], [1477, 342], [1478, 342], [1479, 342], [1493, 342], [1494, 342], [1495, 342], [1496, 342], [1497, 342], [1498, 342], [1499, 342], [1500, 342], [1501, 342], [1502, 342], [1503, 342], [1504, 342], [1505, 342], [1506, 342], [1507, 342], [1508, 342], [1509, 342], [1510, 342], [1511, 342], [1512, 342], [1513, 342], [1514, 342], [1515, 342], [1516, 342], [1517, 342], [1518, 342], [1519, 342], [1520, 342], [1521, 342], [1522, 342], [1523, 342], [1525, 342], [1526, 342], [1527, 342], [1528, 342], [1529, 342], [1574, 342], [1575, 342], [1576, 342], [1577, 342], [1578, 342], [1579, 342], [1580, 342], [1581, 342], [1587, 342], [1588, 342], [1589, 342], [1590, 342], [1591, 342], [1592, 342], [1593, 342], [1594, 342], [1441, 343], [1442, 343], [1443, 343], [1444, 343], [1445, 343], [1446, 343], [1470, 343], [1471, 343], [1472, 343], [1473, 343], [1474, 343], [1475, 343], [1519, 343], [1520, 343], [1521, 343], [1522, 343], [1523, 343], [1524, 343], [1525, 343], [1527, 343], [1528, 343], [1529, 343], [1530, 343], [1577, 343], [1578, 343], [1579, 343], [1580, 343], [1581, 343], [1582, 343], [1583, 343], [1584, 343], [1590, 343], [1591, 343], [1592, 343], [1593, 343], [1594, 343], [1595, 343], [1596, 343], [1597, 343], [1443, 344], [1444, 344], [1445, 344], [1446, 344], [1447, 344], [1448, 344], [1449, 344], [1470, 344], [1471, 344], [1472, 344], [1473, 344], [1523, 344], [1524, 344], [1525, 344], [1526, 344], [1527, 344], [1528, 344], [1529, 344], [1530, 344], [1531, 344], [1532, 344], [1580, 344], [1581, 344], [1582, 344], [1583, 344], [1584, 344], [1585, 344], [1586, 344], [1593, 344], [1594, 344], [1595, 344], [1596, 344], [1597, 344], [1598, 344], [1599, 344], [1600, 344], [1445, 345], [1446, 345], [1447, 345], [1448, 345], [1449, 345], [1450, 345], [1451, 345], [1452, 345], [1469, 345], [1470, 345], [1471, 345], [1472, 345], [1525, 345], [1526, 345], [1527, 345], [1528, 345], [1529, 345], [1530, 345], [1531, 345], [1532, 345], [1533, 345], [1534, 345], [1583, 345], [1584, 345], [1585, 345], [1586, 345], [1587, 345], [1588, 345], [1589, 345], [1594, 345], [1595, 345], [1596, 345], [1598, 345], [1599, 345], [1600, 345], [1601, 345], [1602, 345], [1603, 345], [1448, 346], [1449, 346], [1450, 346], [1451, 346], [1452, 346], [1453, 346], [1454, 346], [1455, 346], [1468, 346], [1469, 346], [1470, 346], [1471, 346], [1472, 346], [1526, 346], [1527, 346], [1528, 346], [1529, 346], [1530, 346], [1531, 346], [1532, 346], [1533, 346], [1534, 346], [1535, 346], [1585, 346], [1586, 346], [1587, 346], [1588, 346], [1589, 346], [1590, 346], [1591, 346], [1592, 346], [1594, 346], [1595, 346], [1596, 346], [1597, 346], [1598, 346], [1599, 346], [1600, 346], [1601, 346], [1602, 346], [1603, 346], [1604, 346], [1605, 346], [1606, 346], [1451, 347], [1452, 347], [1453, 347], [1454, 347], [1455, 347], [1456, 347], [1457, 347], [1458, 347], [1459, 347], [1468, 347], [1469, 347], [1470, 347], [1527, 347], [1528, 347], [1529, 347], [1530, 347], [1531, 347], [1533, 347], [1534, 347], [1535, 347], [1536, 347], [1537, 347], [1588, 347], [1589, 347], [1590, 347], [1591, 347], [1592, 347], [1593, 347], [1595, 347], [1596, 347], [1597, 347], [1599, 347], [1600, 347], [1601, 347], [1602, 347], [1603, 347], [1604, 347], [1605, 347], [1606, 347], [1607, 347], [1608, 347], [1609, 347], [1454, 348], [1455, 348], [1456, 348], [1457, 348], [1458, 348], [1459, 348], [1460, 348], [1461, 348], [1462, 348], [1468, 348], [1469, 348], [1470, 348], [1471, 348], [1529, 348], [1530, 348], [1531, 348], [1532, 348], [1533, 348], [1534, 348], [1535, 348], [1536, 348], [1537, 348], [1538, 348], [1539, 348], [1591, 348], [1592, 348], [1593, 348], [1594, 348], [1595, 348], [1596, 348], [1597, 348], [1598, 348], [1599, 348], [1600, 348], [1601, 348], [1602, 348], [1603, 348], [1604, 348], [1605, 348], [1606, 348], [1607, 348], [1608, 348], [1609, 348], [1610, 348], [1611, 348], [1458, 349], [1459, 349], [1460, 349], [1461, 349], [1462, 349], [1463, 349], [1464, 349], [1465, 349], [1469, 349], [1470, 349], [1471, 349], [1472, 349], [1530, 349], [1531, 349], [1532, 349], [1533, 349], [1534, 349], [1536, 349], [1537, 349], [1538, 349], [1539, 349], [1540, 349], [1541, 349], [1593, 349], [1594, 349], [1595, 349], [1596, 349], [1597, 349], [1598, 349], [1599, 349], [1600, 349], [1601, 349], [1602, 349], [1604, 349], [1605, 349], [1606, 349], [1607, 349], [1609, 349], [1610, 349], [1611, 349], [1612, 349], [1613, 349], [1614, 349], [1461, 350], [1462, 350], [1463, 350], [1464, 350], [1465, 350], [1466, 350], [1467, 350], [1468, 350], [1470, 350], [1471, 350], [1472, 350], [1473, 350], [1474, 350], [1532, 350], [1533, 350], [1534, 350], [1535, 350], [1536, 350], [1537, 350], [1538, 350], [1539, 350], [1540, 350], [1541, 350], [1542, 350], [1543, 350], [1596, 350], [1597, 350], [1598, 350], [1599, 350], [1600, 350], [1601, 350], [1602, 350], [1603, 350], [1604, 350], [1605, 350], [1606, 350], [1607, 350], [1608, 350], [1610, 350], [1611, 350], [1612, 350], [1613, 350], [1614, 350], [1615, 350], [1616, 350], [1617, 350], [1464, 351], [1465, 351], [1466, 351], [1467, 351], [1468, 351], [1469, 351], [1470, 351], [1472, 351], [1473, 351], [1474, 351], [1475, 351], [1476, 351], [1533, 351], [1534, 351], [1535, 351], [1536, 351], [1537, 351], [1538, 351], [1539, 351], [1540, 351], [1541, 351], [1542, 351], [1543, 351], [1544, 351], [1598, 351], [1599, 351], [1600, 351], [1601, 351], [1602, 351], [1603, 351], [1604, 351], [1605, 351], [1606, 351], [1607, 351], [1608, 351], [1610, 351], [1611, 351], [1612, 351], [1613, 351], [1614, 351], [1615, 351], [1616, 351], [1617, 351], [1618, 351], [1619, 351], [1620, 351], [1467, 352], [1468, 352], [1469, 352], [1470, 352], [1471, 352], [1472, 352], [1473, 352], [1475, 352], [1476, 352], [1477, 352], [1478, 352], [1479, 352], [1480, 352], [1481, 352], [1536, 352], [1537, 352], [1538, 352], [1539, 352], [1540, 352], [1542, 352], [1543, 352], [1544, 352], [1545, 352], [1546, 352], [1601, 352], [1602, 352], [1603, 352], [1604, 352], [1605, 352], [1606, 352], [1607, 352], [1610, 352], [1611, 352], [1612, 352], [1613, 352], [1614, 352], [1615, 352], [1617, 352], [1618, 352], [1619, 352], [1620, 352], [1621, 352], [1622, 352], [1623, 352], [1470, 353], [1471, 353], [1472, 353], [1473, 353], [1474, 353], [1475, 353], [1477, 353], [1478, 353], [1479, 353], [1480, 353], [1481, 353], [1482, 353], [1483, 353], [1538, 353], [1539, 353], [1540, 353], [1541, 353], [1542, 353], [1543, 353], [1544, 353], [1545, 353], [1546, 353], [1547, 353], [1603, 353], [1604, 353], [1605, 353], [1606, 353], [1607, 353], [1608, 353], [1609, 353], [1611, 353], [1612, 353], [1613, 353], [1615, 353], [1616, 353], [1617, 353], [1618, 353], [1620, 353], [1621, 353], [1622, 353], [1623, 353], [1624, 353], [1625, 353], [1474, 354], [1475, 354], [1476, 354], [1477, 354], [1478, 354], [1479, 354], [1481, 354], [1482, 354], [1483, 354], [1484, 354], [1485, 354], [1486, 354], [1539, 354], [1540, 354], [1541, 354], [1542, 354], [1543, 354], [1544, 354], [1545, 354], [1546, 354], [1547, 354], [1548, 354], [1549, 354], [1606, 354], [1607, 354], [1608, 354], [1609, 354], [1610, 354], [1611, 354], [1612, 354], [1613, 354], [1614, 354], [1615, 354], [1617, 354], [1618, 354], [1619, 354], [1620, 354], [1621, 354], [1622, 354], [1623, 354], [1624, 354], [1625, 354], [1626, 354], [1627, 354], [1628, 354], [1476, 355], [1477, 355], [1478, 355], [1479, 355], [1480, 355], [1481, 355], [1482, 355], [1483, 355], [1484, 355], [1485, 355], [1486, 355], [1487, 355], [1488, 355], [1541, 355], [1542, 355], [1543, 355], [1544, 355], [1545, 355], [1546, 355], [1547, 355], [1548, 355], [1549, 355], [1550, 355], [1551, 355], [1609, 355], [1610, 355], [1611, 355], [1612, 355], [1613, 355], [1614, 355], [1615, 355], [1616, 355], [1617, 355], [1618, 355], [1619, 355], [1620, 355], [1621, 355], [1622, 355], [1623, 355], [1624, 355], [1626, 355], [1627, 355], [1628, 355], [1629, 355], [1630, 355], [1631, 355], [1479, 356], [1480, 356], [1481, 356], [1482, 356], [1483, 356], [1484, 356], [1485, 356], [1486, 356], [1487, 356], [1488, 356], [1489, 356], [1490, 356], [1491, 356], [1543, 356], [1544, 356], [1545, 356], [1546, 356], [1547, 356], [1548, 356], [1549, 356], [1550, 356], [1551, 356], [1552, 356], [1611, 356], [1612, 356], [1613, 356], [1614, 356], [1615, 356], [1616, 356], [1617, 356], [1618, 356], [1619, 356], [1620, 356], [1621, 356], [1622, 356], [1623, 356], [1624, 356], [1625, 356], [1626, 356], [1627, 356], [1628, 356], [1629, 356], [1630, 356], [1631, 356], [1632, 356], [1633, 356], [1634, 356], [1482, 357], [1483, 357], [1484, 357], [1485, 357], [1486, 357], [1487, 357], [1489, 357], [1490, 357], [1491, 357], [1492, 357], [1493, 357], [1494, 357], [1544, 357], [1545, 357], [1546, 357], [1547, 357], [1548, 357], [1549, 357], [1550, 357], [1551, 357], [1552, 357], [1553, 357], [1554, 357], [1614, 357], [1615, 357], [1616, 357], [1617, 357], [1618, 357], [1619, 357], [1620, 357], [1622, 357], [1623, 357], [1624, 357], [1625, 357], [1627, 357], [1628, 357], [1629, 357], [1630, 357], [1631, 357], [1632, 357], [1633, 357], [1634, 357], [1635, 357], [1636, 357], [1637, 357], [1485, 358], [1486, 358], [1487, 358], [1488, 358], [1489, 358], [1490, 358], [1491, 358], [1492, 358], [1493, 358], [1494, 358], [1495, 358], [1496, 358], [1497, 358], [1546, 358], [1547, 358], [1548, 358], [1549, 358], [1550, 358], [1552, 358], [1553, 358], [1554, 358], [1555, 358], [1556, 358], [1618, 358], [1619, 358], [1620, 358], [1621, 358], [1622, 358], [1623, 358], [1624, 358], [1625, 358], [1626, 358], [1627, 358], [1628, 358], [1629, 358], [1630, 358], [1631, 358], [1632, 358], [1634, 358], [1635, 358], [1636, 358], [1637, 358], [1638, 358], [1639, 358], [1640, 358], [1488, 359], [1489, 359], [1490, 359], [1491, 359], [1492, 359], [1493, 359], [1494, 359], [1495, 359], [1496, 359], [1497, 359], [1498, 359], [1499, 359], [1500, 359], [1501, 359], [1502, 359], [1548, 359], [1549, 359], [1550, 359], [1551, 359], [1552, 359], [1554, 359], [1555, 359], [1556, 359], [1557, 359], [1558, 359], [1621, 359], [1622, 359], [1623, 359], [1624, 359], [1625, 359], [1626, 359], [1628, 359], [1629, 359], [1630, 359], [1631, 359], [1632, 359], [1633, 359], [1634, 359], [1635, 359], [1636, 359], [1637, 359], [1638, 359], [1639, 359], [1640, 359], [1641, 359], [1642, 359], [1643, 359], [1492, 360], [1493, 360], [1494, 360], [1495, 360], [1496, 360], [1497, 360], [1498, 360], [1499, 360], [1500, 360], [1501, 360], [1502, 360], [1503, 360], [1504, 360], [1505, 360], [1550, 360], [1551, 360], [1552, 360], [1553, 360], [1554, 360], [1556, 360], [1557, 360], [1558, 360], [1559, 360], [1560, 360], [1624, 360], [1625, 360], [1626, 360], [1627, 360], [1628, 360], [1629, 360], [1631, 360], [1632, 360], [1633, 360], [1634, 360], [1635, 360], [1636, 360], [1637, 360], [1638, 360], [1639, 360], [1640, 360], [1641, 360], [1642, 360], [1643, 360], [1644, 360], [1645, 360], [1646, 360], [1495, 361], [1496, 361], [1497, 361], [1498, 361], [1499, 361], [1500, 361], [1501, 361], [1503, 361], [1504, 361], [1505, 361], [1506, 361], [1507, 361], [1508, 361], [1552, 361], [1553, 361], [1554, 361], [1555, 361], [1556, 361], [1557, 361], [1558, 361], [1559, 361], [1560, 361], [1561, 361], [1562, 361], [1627, 361], [1628, 361], [1629, 361], [1630, 361], [1631, 361], [1632, 361], [1633, 361], [1634, 361], [1635, 361], [1636, 361], [1637, 361], [1638, 361], [1639, 361], [1640, 361], [1641, 361], [1642, 361], [1644, 361], [1645, 361], [1646, 361], [1647, 361], [1648, 361], [1649, 361], [1650, 361], [1305, 362], [1498, 362], [1499, 362], [1500, 362], [1501, 362], [1502, 362], [1503, 362], [1504, 362], [1506, 362], [1507, 362], [1508, 362], [1509, 362], [1510, 362], [1511, 362], [1554, 362], [1555, 362], [1556, 362], [1557, 362], [1558, 362], [1559, 362], [1560, 362], [1561, 362], [1562, 362], [1563, 362], [1564, 362], [1630, 362], [1631, 362], [1632, 362], [1633, 362], [1634, 362], [1635, 362], [1637, 362], [1638, 362], [1639, 362], [1641, 362], [1642, 362], [1643, 362], [1644, 362], [1645, 362], [1646, 362], [1647, 362], [1648, 362], [1649, 362], [1650, 362], [1651, 362], [1652, 362], [1653, 362], [1303, 363], [1304, 363], [1305, 363], [1306, 363], [1502, 363], [1503, 363], [1504, 363], [1505, 363], [1506, 363], [1507, 363], [1508, 363], [1509, 363], [1510, 363], [1511, 363], [1512, 363], [1513, 363], [1514, 363], [1555, 363], [1556, 363], [1557, 363], [1558, 363], [1559, 363], [1560, 363], [1561, 363], [1562, 363], [1563, 363], [1564, 363], [1565, 363], [1566, 363], [1633, 363], [1634, 363], [1635, 363], [1636, 363], [1637, 363], [1638, 363], [1640, 363], [1641, 363], [1642, 363], [1643, 363], [1645, 363], [1646, 363], [1647, 363], [1648, 363], [1649, 363], [1650, 363], [1651, 363], [1652, 363], [1653, 363], [1654, 363], [1655, 363], [1656, 363], [1301, 364], [1302, 364], [1304, 364], [1305, 364], [1306, 364], [1307, 364], [1505, 364], [1506, 364], [1507, 364], [1508, 364], [1509, 364], [1510, 364], [1511, 364], [1512, 364], [1513, 364], [1514, 364], [1515, 364], [1516, 364], [1517, 364], [1518, 364], [1519, 364], [1520, 364], [1557, 364], [1558, 364], [1559, 364], [1560, 364], [1561, 364], [1563, 364], [1564, 364], [1565, 364], [1566, 364], [1567, 364], [1568, 364], [1636, 364], [1637, 364], [1638, 364], [1639, 364], [1640, 364], [1641, 364], [1643, 364], [1644, 364], [1645, 364], [1646, 364], [1647, 364], [1648, 364], [1649, 364], [1650, 364], [1651, 364], [1652, 364], [1653, 364], [1654, 364], [1655, 364], [1656, 364], [1657, 364], [1658, 364], [1659, 364], [1300, 365], [1301, 365], [1302, 365], [1305, 365], [1306, 365], [1307, 365], [1308, 365], [1509, 365], [1510, 365], [1511, 365], [1512, 365], [1513, 365], [1514, 365], [1516, 365], [1517, 365], [1518, 365], [1519, 365], [1520, 365], [1521, 365], [1522, 365], [1523, 365], [1524, 365], [1559, 365], [1560, 365], [1561, 365], [1562, 365], [1563, 365], [1565, 365], [1566, 365], [1567, 365], [1568, 365], [1569, 365], [1639, 365], [1640, 365], [1641, 365], [1642, 365], [1643, 365], [1644, 365], [1645, 365], [1646, 365], [1647, 365], [1648, 365], [1649, 365], [1650, 365], [1652, 365], [1653, 365], [1654, 365], [1656, 365], [1657, 365], [1658, 365], [1659, 365], [1660, 365], [1661, 365], [1662, 365], [1663, 365], [1306, 366], [1307, 366], [1308, 366], [1309, 366], [1512, 366], [1513, 366], [1514, 366], [1515, 366], [1516, 366], [1517, 366], [1518, 366], [1519, 366], [1521, 366], [1522, 366], [1523, 366], [1524, 366], [1525, 366], [1526, 366], [1527, 366], [1528, 366], [1560, 366], [1561, 366], [1562, 366], [1563, 366], [1564, 366], [1565, 366], [1566, 366], [1567, 366], [1568, 366], [1569, 366], [1570, 366], [1571, 366], [1643, 366], [1644, 366], [1645, 366], [1646, 366], [1647, 366], [1648, 366], [1649, 366], [1650, 366], [1651, 366], [1652, 366], [1653, 366], [1654, 366], [1655, 366], [1658, 366], [1659, 366], [1660, 366], [1661, 366], [1662, 366], [1663, 366], [1664, 366], [1665, 366], [1307, 367], [1308, 367], [1309, 367], [1310, 367], [1516, 367], [1517, 367], [1518, 367], [1519, 367], [1520, 367], [1521, 367], [1522, 367], [1523, 367], [1525, 367], [1526, 367], [1527, 367], [1528, 367], [1529, 367], [1530, 367], [1531, 367], [1562, 367], [1563, 367], [1564, 367], [1565, 367], [1566, 367], [1567, 367], [1569, 367], [1570, 367], [1571, 367], [1572, 367], [1573, 367], [1646, 367], [1647, 367], [1648, 367], [1649, 367], [1650, 367], [1651, 367], [1652, 367], [1653, 367], [1654, 367], [1655, 367], [1662, 367], [1663, 367], [1664, 367], [1665, 367], [1666, 367], [1667, 367], [1668, 367], [1669, 367], [1308, 368], [1309, 368], [1310, 368], [1520, 368], [1521, 368], [1522, 368], [1523, 368], [1524, 368], [1525, 368], [1526, 368], [1527, 368], [1529, 368], [1530, 368], [1531, 368], [1532, 368], [1533, 368], [1534, 368], [1535, 368], [1536, 368], [1537, 368], [1565, 368], [1566, 368], [1567, 368], [1568, 368], [1569, 368], [1570, 368], [1571, 368], [1572, 368], [1573, 368], [1574, 368], [1575, 368], [1649, 368], [1650, 368], [1651, 368], [1652, 368], [1653, 368], [1654, 368], [1655, 368], [1656, 368], [1657, 368], [1664, 368], [1665, 368], [1666, 368], [1667, 368], [1668, 368], [1669, 368], [1670, 368], [1671, 368], [1672, 368], [1309, 369], [1310, 369], [1311, 369], [1524, 369], [1525, 369], [1526, 369], [1527, 369], [1528, 369], [1529, 369], [1530, 369], [1532, 369], [1533, 369], [1534, 369], [1535, 369], [1536, 369], [1537, 369], [1538, 369], [1539, 369], [1567, 369], [1568, 369], [1569, 369], [1570, 369], [1571, 369], [1572, 369], [1573, 369], [1574, 369], [1575, 369], [1576, 369], [1577, 369], [1652, 369], [1653, 369], [1654, 369], [1655, 369], [1656, 369], [1657, 369], [1658, 369], [1659, 369], [1660, 369], [1666, 369], [1667, 369], [1668, 369], [1669, 369], [1670, 369], [1671, 369], [1672, 369], [1673, 369], [1674, 369], [1675, 369], [1676, 369], [1309, 370], [1310, 370], [1311, 370], [1312, 370], [1528, 370], [1529, 370], [1530, 370], [1531, 370], [1532, 370], [1533, 370], [1534, 370], [1535, 370], [1537, 370], [1538, 370], [1539, 370], [1540, 370], [1541, 370], [1568, 370], [1569, 370], [1570, 370], [1571, 370], [1572, 370], [1573, 370], [1574, 370], [1575, 370], [1576, 370], [1577, 370], [1578, 370], [1579, 370], [1656, 370], [1657, 370], [1658, 370], [1659, 370], [1660, 370], [1661, 370], [1662, 370], [1663, 370], [1664, 370], [1666, 370], [1667, 370], [1668, 370], [1669, 370], [1670, 370], [1671, 370], [1672, 370], [1673, 370], [1674, 370], [1675, 370], [1676, 370], [1677, 370], [1678, 370], [1679, 370], [1680, 370], [1310, 371], [1311, 371], [1312, 371], [1531, 371], [1532, 371], [1533, 371], [1534, 371], [1535, 371], [1536, 371], [1537, 371], [1538, 371], [1539, 371], [1540, 371], [1541, 371], [1542, 371], [1543, 371], [1544, 371], [1570, 371], [1571, 371], [1572, 371], [1573, 371], [1574, 371], [1575, 371], [1576, 371], [1577, 371], [1578, 371], [1579, 371], [1580, 371], [1581, 371], [1659, 371], [1660, 371], [1661, 371], [1662, 371], [1663, 371], [1664, 371], [1665, 371], [1666, 371], [1667, 371], [1668, 371], [1669, 371], [1670, 371], [1672, 371], [1673, 371], [1674, 371], [1676, 371], [1677, 371], [1678, 371], [1679, 371], [1680, 371], [1681, 371], [1682, 371], [1683, 371], [1288, 372], [1289, 372], [1290, 372], [1311, 372], [1312, 372], [1313, 372], [1535, 372], [1536, 372], [1537, 372], [1538, 372], [1539, 372], [1540, 372], [1542, 372], [1543, 372], [1544, 372], [1545, 372], [1546, 372], [1547, 372], [1548, 372], [1572, 372], [1573, 372], [1574, 372], [1575, 372], [1576, 372], [1577, 372], [1578, 372], [1579, 372], [1580, 372], [1581, 372], [1582, 372], [1583, 372], [1663, 372], [1664, 372], [1665, 372], [1666, 372], [1667, 372], [1668, 372], [1669, 372], [1670, 372], [1671, 372], [1672, 372], [1673, 372], [1675, 372], [1679, 372], [1680, 372], [1681, 372], [1682, 372], [1683, 372], [1684, 372], [1685, 372], [1686, 372], [1687, 372], [1287, 373], [1288, 373], [1289, 373], [1290, 373], [1291, 373], [1292, 373], [1311, 373], [1312, 373], [1313, 373], [1538, 373], [1539, 373], [1540, 373], [1541, 373], [1542, 373], [1543, 373], [1544, 373], [1545, 373], [1546, 373], [1547, 373], [1548, 373], [1549, 373], [1550, 373], [1574, 373], [1575, 373], [1576, 373], [1577, 373], [1578, 373], [1579, 373], [1581, 373], [1582, 373], [1583, 373], [1584, 373], [1585, 373], [1666, 373], [1667, 373], [1668, 373], [1669, 373], [1670, 373], [1671, 373], [1672, 373], [1673, 373], [1674, 373], [1675, 373], [1679, 373], [1680, 373], [1681, 373], [1682, 373], [1683, 373], [1684, 373], [1685, 373], [1686, 373], [1687, 373], [1688, 373], [1689, 373], [1690, 373], [1691, 373], [1692, 373], [1289, 374], [1290, 374], [1291, 374], [1292, 374], [1293, 374], [1294, 374], [1295, 374], [1312, 374], [1313, 374], [1314, 374], [1541, 374], [1542, 374], [1543, 374], [1544, 374], [1545, 374], [1546, 374], [1547, 374], [1549, 374], [1550, 374], [1551, 374], [1552, 374], [1553, 374], [1576, 374], [1577, 374], [1578, 374], [1579, 374], [1580, 374], [1581, 374], [1582, 374], [1583, 374], [1584, 374], [1585, 374], [1586, 374], [1587, 374], [1670, 374], [1671, 374], [1672, 374], [1673, 374], [1674, 374], [1675, 374], [1676, 374], [1677, 374], [1678, 374], [1679, 374], [1680, 374], [1681, 374], [1683, 374], [1684, 374], [1685, 374], [1687, 374], [1688, 374], [1689, 374], [1690, 374], [1691, 374], [1692, 374], [1693, 374], [1694, 374], [1695, 374], [1291, 375], [1292, 375], [1293, 375], [1294, 375], [1295, 375], [1296, 375], [1312, 375], [1313, 375], [1314, 375], [1545, 375], [1546, 375], [1547, 375], [1548, 375], [1549, 375], [1550, 375], [1552, 375], [1553, 375], [1554, 375], [1555, 375], [1556, 375], [1557, 375], [1579, 375], [1580, 375], [1581, 375], [1582, 375], [1583, 375], [1585, 375], [1586, 375], [1587, 375], [1588, 375], [1589, 375], [1674, 375], [1675, 375], [1676, 375], [1677, 375], [1678, 375], [1679, 375], [1681, 375], [1682, 375], [1683, 375], [1684, 375], [1685, 375], [1686, 375], [1687, 375], [1688, 375], [1689, 375], [1690, 375], [1692, 375], [1693, 375], [1694, 375], [1695, 375], [1696, 375], [1697, 375], [1698, 375], [1294, 376], [1295, 376], [1296, 376], [1297, 376], [1298, 376], [1299, 376], [1313, 376], [1314, 376], [1548, 376], [1549, 376], [1550, 376], [1551, 376], [1552, 376], [1553, 376], [1555, 376], [1556, 376], [1557, 376], [1558, 376], [1559, 376], [1560, 376], [1561, 376], [1580, 376], [1581, 376], [1582, 376], [1583, 376], [1584, 376], [1585, 376], [1587, 376], [1588, 376], [1589, 376], [1590, 376], [1591, 376], [1592, 376], [1677, 376], [1678, 376], [1679, 376], [1680, 376], [1681, 376], [1682, 376], [1683, 376], [1685, 376], [1686, 376], [1687, 376], [1688, 376], [1689, 376], [1690, 376], [1691, 376], [1692, 376], [1693, 376], [1694, 376], [1696, 376], [1697, 376], [1698, 376], [1699, 376], [1700, 376], [1701, 376], [1702, 376], [1295, 377], [1296, 377], [1297, 377], [1298, 377], [1299, 377], [1300, 377], [1301, 377], [1313, 377], [1314, 377], [1552, 377], [1553, 377], [1554, 377], [1555, 377], [1556, 377], [1557, 377], [1559, 377], [1560, 377], [1561, 377], [1562, 377], [1563, 377], [1564, 377], [1583, 377], [1584, 377], [1585, 377], [1586, 377], [1587, 377], [1589, 377], [1590, 377], [1591, 377], [1592, 377], [1593, 377], [1594, 377], [1680, 377], [1681, 377], [1682, 377], [1683, 377], [1684, 377], [1685, 377], [1686, 377], [1687, 377], [1688, 377], [1689, 377], [1690, 377], [1691, 377], [1692, 377], [1693, 377], [1694, 377], [1695, 377], [1696, 377], [1697, 377], [1698, 377], [1699, 377], [1700, 377], [1701, 377], [1702, 377], [1703, 377], [1704, 377], [1705, 377], [1706, 377], [1298, 378], [1299, 378], [1300, 378], [1301, 378], [1302, 378], [1303, 378], [1313, 378], [1314, 378], [1555, 378], [1556, 378], [1557, 378], [1558, 378], [1559, 378], [1560, 378], [1561, 378], [1563, 378], [1564, 378], [1565, 378], [1566, 378], [1567, 378], [1568, 378], [1585, 378], [1586, 378], [1587, 378], [1588, 378], [1589, 378], [1590, 378], [1592, 378], [1593, 378], [1594, 378], [1595, 378], [1596, 378], [1684, 378], [1685, 378], [1686, 378], [1687, 378], [1688, 378], [1689, 378], [1691, 378], [1692, 378], [1693, 378], [1694, 378], [1695, 378], [1696, 378], [1697, 378], [1698, 378], [1699, 378], [1700, 378], [1701, 378], [1703, 378], [1704, 378], [1705, 378], [1706, 378], [1707, 378], [1708, 378], [1709, 378], [1300, 379], [1301, 379], [1302, 379], [1303, 379], [1304, 379], [1305, 379], [1313, 379], [1314, 379], [1315, 379], [1559, 379], [1560, 379], [1561, 379], [1562, 379], [1563, 379], [1564, 379], [1566, 379], [1567, 379], [1568, 379], [1569, 379], [1570, 379], [1571, 379], [1572, 379], [1587, 379], [1588, 379], [1589, 379], [1590, 379], [1591, 379], [1592, 379], [1594, 379], [1595, 379], [1596, 379], [1597, 379], [1598, 379], [1687, 379], [1688, 379], [1689, 379], [1690, 379], [1691, 379], [1692, 379], [1693, 379], [1694, 379], [1695, 379], [1696, 379], [1697, 379], [1698, 379], [1699, 379], [1700, 379], [1701, 379], [1702, 379], [1703, 379], [1704, 379], [1705, 379], [1706, 379], [1707, 379], [1708, 379], [1709, 379], [1710, 379], [1711, 379], [1712, 379], [1713, 379], [1302, 380], [1303, 380], [1304, 380], [1305, 380], [1306, 380], [1307, 380], [1308, 380], [1313, 380], [1314, 380], [1315, 380], [1563, 380], [1564, 380], [1565, 380], [1566, 380], [1567, 380], [1568, 380], [1570, 380], [1571, 380], [1572, 380], [1573, 380], [1574, 380], [1575, 380], [1576, 380], [1590, 380], [1591, 380], [1592, 380], [1593, 380], [1594, 380], [1596, 380], [1597, 380], [1598, 380], [1599, 380], [1600, 380], [1690, 380], [1691, 380], [1692, 380], [1693, 380], [1694, 380], [1695, 380], [1696, 380], [1697, 380], [1698, 380], [1699, 380], [1700, 380], [1701, 380], [1702, 380], [1704, 380], [1705, 380], [1706, 380], [1707, 380], [1708, 380], [1710, 380], [1711, 380], [1712, 380], [1713, 380], [1714, 380], [1715, 380], [1716, 380], [1304, 381], [1305, 381], [1306, 381], [1307, 381], [1308, 381], [1309, 381], [1310, 381], [1314, 381], [1315, 381], [1316, 381], [1566, 381], [1567, 381], [1568, 381], [1569, 381], [1570, 381], [1571, 381], [1572, 381], [1574, 381], [1575, 381], [1576, 381], [1577, 381], [1578, 381], [1579, 381], [1580, 381], [1592, 381], [1593, 381], [1594, 381], [1595, 381], [1596, 381], [1598, 381], [1599, 381], [1600, 381], [1601, 381], [1602, 381], [1694, 381], [1695, 381], [1696, 381], [1697, 381], [1698, 381], [1699, 381], [1700, 381], [1701, 381], [1702, 381], [1703, 381], [1704, 381], [1705, 381], [1706, 381], [1708, 381], [1709, 381], [1710, 381], [1711, 381], [1712, 381], [1714, 381], [1715, 381], [1716, 381], [1717, 381], [1718, 381], [1719, 381], [1720, 381], [1307, 382], [1308, 382], [1309, 382], [1310, 382], [1311, 382], [1312, 382], [1314, 382], [1315, 382], [1316, 382], [1570, 382], [1571, 382], [1572, 382], [1573, 382], [1574, 382], [1575, 382], [1576, 382], [1578, 382], [1579, 382], [1580, 382], [1581, 382], [1582, 382], [1583, 382], [1584, 382], [1594, 382], [1595, 382], [1596, 382], [1597, 382], [1598, 382], [1600, 382], [1601, 382], [1602, 382], [1603, 382], [1604, 382], [1605, 382], [1697, 382], [1698, 382], [1699, 382], [1700, 382], [1701, 382], [1702, 382], [1703, 382], [1704, 382], [1705, 382], [1706, 382], [1707, 382], [1708, 382], [1709, 382], [1710, 382], [1711, 382], [1712, 382], [1713, 382], [1714, 382], [1715, 382], [1717, 382], [1718, 382], [1719, 382], [1720, 382], [1721, 382], [1722, 382], [1723, 382], [1724, 382], [1309, 383], [1310, 383], [1311, 383], [1312, 383], [1313, 383], [1314, 383], [1315, 383], [1316, 383], [1574, 383], [1575, 383], [1576, 383], [1577, 383], [1578, 383], [1579, 383], [1580, 383], [1581, 383], [1582, 383], [1583, 383], [1584, 383], [1585, 383], [1586, 383], [1596, 383], [1597, 383], [1598, 383], [1599, 383], [1600, 383], [1602, 383], [1603, 383], [1604, 383], [1605, 383], [1606, 383], [1701, 383], [1702, 383], [1703, 383], [1704, 383], [1705, 383], [1706, 383], [1707, 383], [1708, 383], [1710, 383], [1711, 383], [1712, 383], [1713, 383], [1715, 383], [1716, 383], [1717, 383], [1718, 383], [1719, 383], [1721, 383], [1722, 383], [1723, 383], [1724, 383], [1725, 383], [1726, 383], [1727, 383], [1728, 383], [1311, 384], [1312, 384], [1313, 384], [1314, 384], [1315, 384], [1316, 384], [1578, 384], [1579, 384], [1580, 384], [1581, 384], [1582, 384], [1583, 384], [1584, 384], [1585, 384], [1586, 384], [1587, 384], [1588, 384], [1598, 384], [1599, 384], [1600, 384], [1601, 384], [1602, 384], [1603, 384], [1604, 384], [1605, 384], [1606, 384], [1607, 384], [1608, 384], [1705, 384], [1706, 384], [1707, 384], [1708, 384], [1709, 384], [1710, 384], [1711, 384], [1712, 384], [1713, 384], [1714, 384], [1715, 384], [1716, 384], [1717, 384], [1719, 384], [1720, 384], [1721, 384], [1722, 384], [1723, 384], [1724, 384], [1725, 384], [1726, 384], [1727, 384], [1728, 384], [1729, 384], [1730, 384], [1731, 384], [1732, 384], [1581, 385], [1582, 385], [1583, 385], [1584, 385], [1585, 385], [1586, 385], [1587, 385], [1588, 385], [1589, 385], [1590, 385], [1591, 385], [1600, 385], [1601, 385], [1602, 385], [1603, 385], [1604, 385], [1606, 385], [1607, 385], [1608, 385], [1609, 385], [1610, 385], [1709, 385], [1710, 385], [1711, 385], [1712, 385], [1713, 385], [1714, 385], [1715, 385], [1716, 385], [1717, 385], [1718, 385], [1719, 385], [1720, 385], [1721, 385], [1722, 385], [1723, 385], [1724, 385], [1725, 385], [1726, 385], [1727, 385], [1728, 385], [1729, 385], [1730, 385], [1731, 385], [1732, 385], [1733, 385], [1734, 385], [1735, 385], [1736, 385], [1585, 386], [1586, 386], [1587, 386], [1588, 386], [1590, 386], [1591, 386], [1592, 386], [1593, 386], [1594, 386], [1595, 386], [1596, 386], [1602, 386], [1603, 386], [1604, 386], [1605, 386], [1606, 386], [1608, 386], [1609, 386], [1610, 386], [1611, 386], [1612, 386], [1613, 386], [1713, 386], [1714, 386], [1715, 386], [1716, 386], [1717, 386], [1718, 386], [1719, 386], [1721, 386], [1722, 386], [1723, 386], [1724, 386], [1725, 386], [1726, 386], [1727, 386], [1728, 386], [1729, 386], [1730, 386], [1731, 386], [1733, 386], [1734, 386], [1735, 386], [1736, 386], [1737, 386], [1738, 386], [1739, 386], [1740, 386], [1587, 387], [1588, 387], [1589, 387], [1590, 387], [1591, 387], [1592, 387], [1595, 387], [1596, 387], [1597, 387], [1598, 387], [1599, 387], [1600, 387], [1604, 387], [1605, 387], [1606, 387], [1607, 387], [1608, 387], [1609, 387], [1610, 387], [1611, 387], [1612, 387], [1613, 387], [1614, 387], [1615, 387], [1716, 387], [1717, 387], [1718, 387], [1719, 387], [1720, 387], [1721, 387], [1722, 387], [1724, 387], [1725, 387], [1726, 387], [1727, 387], [1729, 387], [1730, 387], [1731, 387], [1732, 387], [1733, 387], [1734, 387], [1735, 387], [1737, 387], [1738, 387], [1739, 387], [1740, 387], [1741, 387], [1742, 387], [1743, 387], [1744, 387], [1591, 388], [1592, 388], [1593, 388], [1594, 388], [1595, 388], [1596, 388], [1598, 388], [1599, 388], [1600, 388], [1601, 388], [1602, 388], [1603, 388], [1606, 388], [1607, 388], [1608, 388], [1609, 388], [1610, 388], [1611, 388], [1612, 388], [1613, 388], [1614, 388], [1615, 388], [1616, 388], [1720, 388], [1721, 388], [1722, 388], [1723, 388], [1724, 388], [1725, 388], [1726, 388], [1727, 388], [1728, 388], [1729, 388], [1730, 388], [1731, 388], [1732, 388], [1733, 388], [1734, 388], [1735, 388], [1736, 388], [1737, 388], [1738, 388], [1739, 388], [1741, 388], [1742, 388], [1743, 388], [1744, 388], [1745, 388], [1746, 388], [1747, 388], [1595, 389], [1596, 389], [1597, 389], [1598, 389], [1599, 389], [1600, 389], [1601, 389], [1602, 389], [1603, 389], [1604, 389], [1605, 389], [1606, 389], [1609, 389], [1610, 389], [1611, 389], [1612, 389], [1613, 389], [1614, 389], [1615, 389], [1616, 389], [1617, 389], [1618, 389], [1723, 389], [1724, 389], [1725, 389], [1726, 389], [1727, 389], [1728, 389], [1729, 389], [1730, 389], [1731, 389], [1732, 389], [1733, 389], [1734, 389], [1735, 389], [1736, 389], [1737, 389], [1738, 389], [1739, 389], [1740, 389], [1741, 389], [1742, 389], [1743, 389], [1745, 389], [1746, 389], [1747, 389], [1748, 389], [1749, 389], [1750, 389], [1751, 389], [1598, 390], [1599, 390], [1600, 390], [1601, 390], [1602, 390], [1603, 390], [1604, 390], [1605, 390], [1606, 390], [1607, 390], [1608, 390], [1609, 390], [1610, 390], [1611, 390], [1612, 390], [1613, 390], [1614, 390], [1615, 390], [1616, 390], [1617, 390], [1618, 390], [1619, 390], [1620, 390], [1727, 390], [1728, 390], [1729, 390], [1730, 390], [1731, 390], [1732, 390], [1733, 390], [1734, 390], [1735, 390], [1736, 390], [1737, 390], [1738, 390], [1739, 390], [1741, 390], [1742, 390], [1743, 390], [1744, 390], [1745, 390], [1746, 390], [1747, 390], [1748, 390], [1749, 390], [1750, 390], [1751, 390], [1752, 390], [1753, 390], [1754, 390], [1601, 391], [1602, 391], [1603, 391], [1604, 391], [1605, 391], [1607, 391], [1608, 391], [1609, 391], [1610, 391], [1611, 391], [1612, 391], [1613, 391], [1614, 391], [1615, 391], [1617, 391], [1618, 391], [1619, 391], [1620, 391], [1621, 391], [1730, 391], [1731, 391], [1732, 391], [1733, 391], [1734, 391], [1735, 391], [1736, 391], [1738, 391], [1739, 391], [1740, 391], [1741, 391], [1742, 391], [1743, 391], [1744, 391], [1745, 391], [1746, 391], [1747, 391], [1748, 391], [1749, 391], [1750, 391], [1752, 391], [1753, 391], [1754, 391], [1755, 391], [1756, 391], [1757, 391], [1758, 391], [1604, 392], [1605, 392], [1606, 392], [1607, 392], [1608, 392], [1609, 392], [1610, 392], [1611, 392], [1612, 392], [1613, 392], [1614, 392], [1615, 392], [1619, 392], [1620, 392], [1621, 392], [1622, 392], [1734, 392], [1735, 392], [1736, 392], [1737, 392], [1738, 392], [1739, 392], [1740, 392], [1741, 392], [1742, 392], [1743, 392], [1744, 392], [1745, 392], [1748, 392], [1749, 392], [1750, 392], [1751, 392], [1752, 392], [1753, 392], [1755, 392], [1756, 392], [1757, 392], [1758, 392], [1759, 392], [1760, 392], [1761, 392], [1606, 393], [1607, 393], [1608, 393], [1609, 393], [1610, 393], [1611, 393], [1612, 393], [1614, 393], [1615, 393], [1620, 393], [1621, 393], [1622, 393], [1623, 393], [1624, 393], [1737, 393], [1738, 393], [1739, 393], [1740, 393], [1741, 393], [1742, 393], [1743, 393], [1744, 393], [1745, 393], [1746, 393], [1747, 393], [1748, 393], [1751, 393], [1752, 393], [1753, 393], [1754, 393], [1755, 393], [1756, 393], [1757, 393], [1758, 393], [1759, 393], [1760, 393], [1761, 393], [1762, 393], [1763, 393], [1764, 393], [1610, 394], [1611, 394], [1612, 394], [1613, 394], [1614, 394], [1615, 394], [1616, 394], [1617, 394], [1618, 394], [1621, 394], [1622, 394], [1623, 394], [1624, 394], [1625, 394], [1741, 394], [1742, 394], [1743, 394], [1744, 394], [1745, 394], [1746, 394], [1747, 394], [1748, 394], [1749, 394], [1750, 394], [1751, 394], [1752, 394], [1754, 394], [1755, 394], [1756, 394], [1757, 394], [1758, 394], [1759, 394], [1760, 394], [1762, 394], [1763, 394], [1764, 394], [1765, 394], [1766, 394], [1767, 394], [1768, 394], [1613, 395], [1614, 395], [1615, 395], [1616, 395], [1617, 395], [1618, 395], [1619, 395], [1620, 395], [1621, 395], [1623, 395], [1624, 395], [1625, 395], [1744, 395], [1745, 395], [1746, 395], [1747, 395], [1748, 395], [1749, 395], [1750, 395], [1751, 395], [1752, 395], [1753, 395], [1754, 395], [1755, 395], [1757, 395], [1758, 395], [1759, 395], [1760, 395], [1761, 395], [1762, 395], [1763, 395], [1765, 395], [1766, 395], [1767, 395], [1768, 395], [1769, 395], [1770, 395], [1771, 395], [1269, 396], [1270, 396], [1271, 396], [1272, 396], [1273, 396], [1274, 396], [1275, 396], [1276, 396], [1277, 396], [1278, 396], [1279, 396], [1280, 396], [1281, 396], [1282, 396], [1283, 396], [1284, 396], [1617, 396], [1618, 396], [1619, 396], [1620, 396], [1621, 396], [1622, 396], [1623, 396], [1624, 396], [1625, 396], [1746, 396], [1747, 396], [1748, 396], [1749, 396], [1750, 396], [1751, 396], [1753, 396], [1754, 396], [1755, 396], [1756, 396], [1757, 396], [1758, 396], [1761, 396], [1762, 396], [1763, 396], [1764, 396], [1765, 396], [1766, 396], [1768, 396], [1769, 396], [1770, 396], [1771, 396], [1772, 396], [1773, 396], [1268, 397], [1269, 397], [1270, 397], [1271, 397], [1272, 397], [1273, 397], [1275, 397], [1276, 397], [1277, 397], [1278, 397], [1279, 397], [1280, 397], [1281, 397], [1282, 397], [1283, 397], [1284, 397], [1285, 397], [1286, 397], [1287, 397], [1288, 397], [1289, 397], [1290, 397], [1291, 397], [1292, 397], [1293, 397], [1294, 397], [1295, 397], [1296, 397], [1297, 397], [1298, 397], [1299, 397], [1300, 397], [1301, 397], [1302, 397], [1303, 397], [1304, 397], [1305, 397], [1306, 397], [1307, 397], [1308, 397], [1309, 397], [1310, 397], [1311, 397], [1312, 397], [1313, 397], [1314, 397], [1315, 397], [1316, 397], [1317, 397], [1318, 397], [1319, 397], [1320, 397], [1321, 397], [1322, 397], [1323, 397], [1324, 397], [1620, 397], [1621, 397], [1622, 397], [1623, 397], [1624, 397], [1625, 397], [1749, 397], [1750, 397], [1751, 397], [1752, 397], [1753, 397], [1754, 397], [1756, 397], [1757, 397], [1758, 397], [1759, 397], [1760, 397], [1764, 397], [1765, 397], [1766, 397], [1767, 397], [1768, 397], [1769, 397], [1770, 397], [1771, 397], [1772, 397], [1773, 397], [1774, 397], [1775, 397], [1776, 397], [1268, 398], [1269, 398], [1270, 398], [1271, 398], [1272, 398], [1273, 398], [1274, 398], [1275, 398], [1276, 398], [1277, 398], [1278, 398], [1279, 398], [1280, 398], [1281, 398], [1282, 398], [1283, 398], [1284, 398], [1316, 398], [1317, 398], [1318, 398], [1319, 398], [1320, 398], [1321, 398], [1322, 398], [1323, 398], [1324, 398], [1325, 398], [1326, 398], [1327, 398], [1328, 398], [1329, 398], [1330, 398], [1331, 398], [1332, 398], [1333, 398], [1334, 398], [1335, 398], [1336, 398], [1337, 398], [1344, 398], [1345, 398], [1346, 398], [1347, 398], [1348, 398], [1349, 398], [1350, 398], [1351, 398], [1352, 398], [1353, 398], [1354, 398], [1355, 398], [1356, 398], [1357, 398], [1358, 398], [1359, 398], [1752, 398], [1753, 398], [1754, 398], [1755, 398], [1756, 398], [1757, 398], [1759, 398], [1760, 398], [1761, 398], [1762, 398], [1763, 398], [1766, 398], [1767, 398], [1768, 398], [1769, 398], [1770, 398], [1771, 398], [1772, 398], [1773, 398], [1774, 398], [1775, 398], [1776, 398], [1777, 398], [1778, 398], [1779, 398], [1268, 399], [1269, 399], [1271, 399], [1272, 399], [1273, 399], [1275, 399], [1276, 399], [1277, 399], [1278, 399], [1279, 399], [1280, 399], [1281, 399], [1282, 399], [1283, 399], [1284, 399], [1285, 399], [1286, 399], [1287, 399], [1288, 399], [1289, 399], [1290, 399], [1291, 399], [1292, 399], [1293, 399], [1294, 399], [1295, 399], [1296, 399], [1297, 399], [1298, 399], [1299, 399], [1300, 399], [1301, 399], [1302, 399], [1303, 399], [1304, 399], [1305, 399], [1306, 399], [1307, 399], [1308, 399], [1309, 399], [1310, 399], [1311, 399], [1312, 399], [1313, 399], [1314, 399], [1315, 399], [1316, 399], [1317, 399], [1318, 399], [1319, 399], [1320, 399], [1321, 399], [1322, 399], [1323, 399], [1324, 399], [1333, 399], [1334, 399], [1335, 399], [1336, 399], [1337, 399], [1338, 399], [1339, 399], [1340, 399], [1341, 399], [1342, 399], [1343, 399], [1344, 399], [1345, 399], [1346, 399], [1347, 399], [1348, 399], [1349, 399], [1350, 399], [1351, 399], [1352, 399], [1353, 399], [1354, 399], [1355, 399], [1356, 399], [1357, 399], [1358, 399], [1359, 399], [1360, 399], [1361, 399], [1755, 399], [1756, 399], [1757, 399], [1758, 399], [1759, 399], [1760, 399], [1761, 399], [1762, 399], [1763, 399], [1764, 399], [1765, 399], [1766, 399], [1767, 399], [1768, 399], [1769, 399], [1770, 399], [1771, 399], [1772, 399], [1773, 399], [1774, 399], [1775, 399], [1777, 399], [1778, 399], [1779, 399], [1780, 399], [1781, 399], [1268, 400], [1269, 400], [1270, 400], [1271, 400], [1272, 400], [1316, 400], [1317, 400], [1318, 400], [1319, 400], [1320, 400], [1321, 400], [1322, 400], [1323, 400], [1324, 400], [1325, 400], [1326, 400], [1327, 400], [1328, 400], [1329, 400], [1330, 400], [1331, 400], [1332, 400], [1333, 400], [1334, 400], [1335, 400], [1337, 400], [1338, 400], [1339, 400], [1340, 400], [1341, 400], [1342, 400], [1343, 400], [1344, 400], [1345, 400], [1358, 400], [1359, 400], [1360, 400], [1361, 400], [1362, 400], [1363, 400], [1758, 400], [1759, 400], [1760, 400], [1761, 400], [1762, 400], [1764, 400], [1765, 400], [1766, 400], [1767, 400], [1768, 400], [1769, 400], [1772, 400], [1773, 400], [1774, 400], [1775, 400], [1776, 400], [1777, 400], [1778, 400], [1779, 400], [1780, 400], [1781, 400], [1782, 400], [1783, 400], [1784, 400], [1268, 401], [1269, 401], [1270, 401], [1271, 401], [1272, 401], [1333, 401], [1334, 401], [1335, 401], [1336, 401], [1337, 401], [1360, 401], [1361, 401], [1362, 401], [1363, 401], [1364, 401], [1458, 401], [1459, 401], [1460, 401], [1461, 401], [1462, 401], [1463, 401], [1464, 401], [1465, 401], [1466, 401], [1467, 401], [1468, 401], [1469, 401], [1470, 401], [1471, 401], [1472, 401], [1473, 401], [1474, 401], [1475, 401], [1476, 401], [1761, 401], [1762, 401], [1763, 401], [1764, 401], [1765, 401], [1766, 401], [1767, 401], [1768, 401], [1769, 401], [1770, 401], [1771, 401], [1772, 401], [1773, 401], [1776, 401], [1777, 401], [1778, 401], [1779, 401], [1780, 401], [1781, 401], [1782, 401], [1783, 401], [1784, 401], [1785, 401], [1786, 401], [1787, 401], [1269, 402], [1270, 402], [1272, 402], [1273, 402], [1335, 402], [1336, 402], [1337, 402], [1338, 402], [1355, 402], [1356, 402], [1357, 402], [1358, 402], [1359, 402], [1360, 402], [1362, 402], [1363, 402], [1364, 402], [1365, 402], [1457, 402], [1458, 402], [1459, 402], [1460, 402], [1461, 402], [1462, 402], [1463, 402], [1464, 402], [1465, 402], [1466, 402], [1467, 402], [1468, 402], [1469, 402], [1470, 402], [1471, 402], [1472, 402], [1473, 402], [1474, 402], [1475, 402], [1476, 402], [1477, 402], [1478, 402], [1479, 402], [1480, 402], [1481, 402], [1482, 402], [1483, 402], [1494, 402], [1495, 402], [1496, 402], [1497, 402], [1498, 402], [1499, 402], [1500, 402], [1501, 402], [1502, 402], [1503, 402], [1504, 402], [1763, 402], [1764, 402], [1765, 402], [1766, 402], [1767, 402], [1768, 402], [1770, 402], [1771, 402], [1772, 402], [1773, 402], [1774, 402], [1775, 402], [1776, 402], [1778, 402], [1779, 402], [1780, 402], [1781, 402], [1782, 402], [1783, 402], [1784, 402], [1785, 402], [1786, 402], [1787, 402], [1788, 402], [1789, 402], [1270, 403], [1271, 403], [1272, 403], [1273, 403], [1274, 403], [1275, 403], [1336, 403], [1337, 403], [1338, 403], [1339, 403], [1353, 403], [1354, 403], [1355, 403], [1356, 403], [1357, 403], [1358, 403], [1359, 403], [1360, 403], [1361, 403], [1362, 403], [1364, 403], [1365, 403], [1366, 403], [1457, 403], [1458, 403], [1459, 403], [1475, 403], [1476, 403], [1477, 403], [1478, 403], [1479, 403], [1480, 403], [1481, 403], [1482, 403], [1483, 403], [1484, 403], [1485, 403], [1486, 403], [1487, 403], [1488, 403], [1489, 403], [1490, 403], [1491, 403], [1492, 403], [1493, 403], [1494, 403], [1495, 403], [1496, 403], [1497, 403], [1498, 403], [1499, 403], [1500, 403], [1501, 403], [1502, 403], [1503, 403], [1504, 403], [1505, 403], [1506, 403], [1507, 403], [1508, 403], [1509, 403], [1510, 403], [1511, 403], [1512, 403], [1513, 403], [1514, 403], [1515, 403], [1516, 403], [1517, 403], [1518, 403], [1519, 403], [1520, 403], [1766, 403], [1767, 403], [1768, 403], [1769, 403], [1770, 403], [1771, 403], [1772, 403], [1773, 403], [1774, 403], [1775, 403], [1776, 403], [1777, 403], [1778, 403], [1780, 403], [1781, 403], [1782, 403], [1783, 403], [1784, 403], [1785, 403], [1786, 403], [1787, 403], [1788, 403], [1789, 403], [1790, 403], [1791, 403], [1792, 403], [1270, 404], [1271, 404], [1272, 404], [1273, 404], [1274, 404], [1275, 404], [1276, 404], [1337, 404], [1338, 404], [1339, 404], [1340, 404], [1341, 404], [1350, 404], [1351, 404], [1352, 404], [1353, 404], [1354, 404], [1355, 404], [1356, 404], [1359, 404], [1360, 404], [1361, 404], [1362, 404], [1363, 404], [1365, 404], [1366, 404], [1367, 404], [1457, 404], [1458, 404], [1459, 404], [1460, 404], [1482, 404], [1483, 404], [1484, 404], [1485, 404], [1486, 404], [1487, 404], [1488, 404], [1489, 404], [1490, 404], [1491, 404], [1492, 404], [1493, 404], [1494, 404], [1495, 404], [1503, 404], [1504, 404], [1505, 404], [1506, 404], [1507, 404], [1508, 404], [1509, 404], [1510, 404], [1511, 404], [1512, 404], [1513, 404], [1514, 404], [1515, 404], [1516, 404], [1517, 404], [1518, 404], [1519, 404], [1520, 404], [1521, 404], [1522, 404], [1523, 404], [1524, 404], [1525, 404], [1526, 404], [1527, 404], [1528, 404], [1529, 404], [1530, 404], [1531, 404], [1532, 404], [1533, 404], [1534, 404], [1535, 404], [1536, 404], [1537, 404], [1538, 404], [1539, 404], [1540, 404], [1541, 404], [1769, 404], [1770, 404], [1771, 404], [1772, 404], [1773, 404], [1774, 404], [1776, 404], [1777, 404], [1778, 404], [1779, 404], [1780, 404], [1783, 404], [1784, 404], [1785, 404], [1786, 404], [1787, 404], [1788, 404], [1789, 404], [1790, 404], [1791, 404], [1792, 404], [1793, 404], [1794, 404], [1271, 405], [1272, 405], [1273, 405], [1275, 405], [1276, 405], [1277, 405], [1338, 405], [1339, 405], [1340, 405], [1341, 405], [1342, 405], [1343, 405], [1350, 405], [1351, 405], [1352, 405], [1353, 405], [1354, 405], [1362, 405], [1363, 405], [1364, 405], [1366, 405], [1367, 405], [1368, 405], [1458, 405], [1459, 405], [1460, 405], [1461, 405], [1462, 405], [1519, 405], [1520, 405], [1521, 405], [1522, 405], [1523, 405], [1524, 405], [1525, 405], [1526, 405], [1527, 405], [1528, 405], [1529, 405], [1530, 405], [1531, 405], [1532, 405], [1533, 405], [1534, 405], [1535, 405], [1536, 405], [1537, 405], [1538, 405], [1539, 405], [1540, 405], [1541, 405], [1542, 405], [1543, 405], [1544, 405], [1545, 405], [1772, 405], [1773, 405], [1774, 405], [1775, 405], [1776, 405], [1778, 405], [1779, 405], [1780, 405], [1781, 405], [1782, 405], [1786, 405], [1787, 405], [1788, 405], [1789, 405], [1790, 405], [1791, 405], [1792, 405], [1793, 405], [1794, 405], [1795, 405], [1796, 405], [1797, 405], [1272, 406], [1273, 406], [1274, 406], [1276, 406], [1277, 406], [1340, 406], [1341, 406], [1342, 406], [1343, 406], [1344, 406], [1345, 406], [1346, 406], [1350, 406], [1351, 406], [1352, 406], [1353, 406], [1354, 406], [1363, 406], [1364, 406], [1365, 406], [1366, 406], [1367, 406], [1368, 406], [1369, 406], [1459, 406], [1460, 406], [1461, 406], [1462, 406], [1463, 406], [1540, 406], [1541, 406], [1542, 406], [1543, 406], [1544, 406], [1545, 406], [1546, 406], [1547, 406], [1548, 406], [1774, 406], [1775, 406], [1776, 406], [1777, 406], [1778, 406], [1779, 406], [1780, 406], [1781, 406], [1782, 406], [1783, 406], [1784, 406], [1785, 406], [1788, 406], [1789, 406], [1790, 406], [1791, 406], [1792, 406], [1793, 406], [1794, 406], [1795, 406], [1796, 406], [1797, 406], [1798, 406], [1799, 406], [1800, 406], [1273, 407], [1274, 407], [1275, 407], [1276, 407], [1277, 407], [1278, 407], [1342, 407], [1343, 407], [1344, 407], [1345, 407], [1346, 407], [1347, 407], [1348, 407], [1349, 407], [1350, 407], [1351, 407], [1352, 407], [1353, 407], [1354, 407], [1355, 407], [1364, 407], [1365, 407], [1366, 407], [1367, 407], [1368, 407], [1369, 407], [1370, 407], [1371, 407], [1461, 407], [1462, 407], [1463, 407], [1464, 407], [1468, 407], [1469, 407], [1470, 407], [1471, 407], [1544, 407], [1545, 407], [1546, 407], [1547, 407], [1548, 407], [1549, 407], [1550, 407], [1776, 407], [1777, 407], [1778, 407], [1779, 407], [1780, 407], [1781, 407], [1782, 407], [1783, 407], [1784, 407], [1785, 407], [1786, 407], [1787, 407], [1791, 407], [1792, 407], [1793, 407], [1794, 407], [1795, 407], [1796, 407], [1797, 407], [1798, 407], [1799, 407], [1800, 407], [1801, 407], [1802, 407], [1803, 407], [1274, 408], [1275, 408], [1276, 408], [1277, 408], [1278, 408], [1279, 408], [1345, 408], [1346, 408], [1347, 408], [1348, 408], [1349, 408], [1350, 408], [1351, 408], [1352, 408], [1353, 408], [1354, 408], [1355, 408], [1366, 408], [1367, 408], [1368, 408], [1369, 408], [1370, 408], [1371, 408], [1372, 408], [1462, 408], [1463, 408], [1464, 408], [1465, 408], [1468, 408], [1469, 408], [1470, 408], [1471, 408], [1472, 408], [1499, 408], [1500, 408], [1501, 408], [1502, 408], [1503, 408], [1504, 408], [1505, 408], [1547, 408], [1548, 408], [1549, 408], [1550, 408], [1551, 408], [1779, 408], [1780, 408], [1781, 408], [1782, 408], [1783, 408], [1784, 408], [1785, 408], [1786, 408], [1787, 408], [1788, 408], [1789, 408], [1793, 408], [1794, 408], [1795, 408], [1796, 408], [1797, 408], [1798, 408], [1799, 408], [1800, 408], [1801, 408], [1802, 408], [1803, 408], [1804, 408], [1805, 408], [1275, 409], [1276, 409], [1277, 409], [1278, 409], [1279, 409], [1280, 409], [1281, 409], [1346, 409], [1347, 409], [1348, 409], [1351, 409], [1352, 409], [1353, 409], [1354, 409], [1355, 409], [1367, 409], [1368, 409], [1369, 409], [1371, 409], [1372, 409], [1373, 409], [1463, 409], [1464, 409], [1465, 409], [1466, 409], [1468, 409], [1469, 409], [1470, 409], [1471, 409], [1472, 409], [1473, 409], [1474, 409], [1475, 409], [1476, 409], [1477, 409], [1478, 409], [1479, 409], [1480, 409], [1499, 409], [1500, 409], [1501, 409], [1502, 409], [1503, 409], [1504, 409], [1505, 409], [1506, 409], [1507, 409], [1508, 409], [1549, 409], [1550, 409], [1551, 409], [1552, 409], [1781, 409], [1782, 409], [1783, 409], [1784, 409], [1785, 409], [1786, 409], [1787, 409], [1788, 409], [1789, 409], [1790, 409], [1791, 409], [1796, 409], [1797, 409], [1798, 409], [1799, 409], [1800, 409], [1801, 409], [1802, 409], [1803, 409], [1804, 409], [1805, 409], [1806, 409], [1807, 409], [1276, 410], [1277, 410], [1278, 410], [1279, 410], [1280, 410], [1281, 410], [1368, 410], [1369, 410], [1370, 410], [1372, 410], [1373, 410], [1374, 410], [1464, 410], [1465, 410], [1466, 410], [1467, 410], [1469, 410], [1470, 410], [1471, 410], [1472, 410], [1473, 410], [1474, 410], [1475, 410], [1476, 410], [1477, 410], [1478, 410], [1479, 410], [1480, 410], [1481, 410], [1482, 410], [1499, 410], [1500, 410], [1501, 410], [1502, 410], [1503, 410], [1504, 410], [1505, 410], [1506, 410], [1507, 410], [1508, 410], [1509, 410], [1510, 410], [1511, 410], [1512, 410], [1513, 410], [1514, 410], [1550, 410], [1551, 410], [1552, 410], [1553, 410], [1554, 410], [1784, 410], [1785, 410], [1786, 410], [1787, 410], [1788, 410], [1789, 410], [1790, 410], [1791, 410], [1792, 410], [1793, 410], [1794, 410], [1799, 410], [1800, 410], [1801, 410], [1802, 410], [1803, 410], [1804, 410], [1805, 410], [1806, 410], [1807, 410], [1808, 410], [1809, 410], [1277, 411], [1278, 411], [1279, 411], [1280, 411], [1281, 411], [1282, 411], [1369, 411], [1370, 411], [1371, 411], [1373, 411], [1374, 411], [1375, 411], [1465, 411], [1466, 411], [1467, 411], [1468, 411], [1470, 411], [1471, 411], [1472, 411], [1473, 411], [1475, 411], [1476, 411], [1477, 411], [1479, 411], [1480, 411], [1481, 411], [1482, 411], [1483, 411], [1484, 411], [1485, 411], [1500, 411], [1501, 411], [1502, 411], [1503, 411], [1504, 411], [1505, 411], [1506, 411], [1507, 411], [1509, 411], [1510, 411], [1511, 411], [1512, 411], [1513, 411], [1514, 411], [1515, 411], [1516, 411], [1517, 411], [1518, 411], [1519, 411], [1551, 411], [1552, 411], [1553, 411], [1554, 411], [1555, 411], [1786, 411], [1787, 411], [1788, 411], [1789, 411], [1790, 411], [1791, 411], [1792, 411], [1793, 411], [1794, 411], [1795, 411], [1796, 411], [1802, 411], [1803, 411], [1804, 411], [1805, 411], [1806, 411], [1807, 411], [1808, 411], [1809, 411], [1810, 411], [1811, 411], [1812, 411], [1278, 412], [1279, 412], [1280, 412], [1281, 412], [1282, 412], [1283, 412], [1370, 412], [1371, 412], [1372, 412], [1374, 412], [1375, 412], [1376, 412], [1466, 412], [1467, 412], [1468, 412], [1469, 412], [1471, 412], [1472, 412], [1473, 412], [1474, 412], [1481, 412], [1482, 412], [1483, 412], [1484, 412], [1485, 412], [1486, 412], [1502, 412], [1503, 412], [1504, 412], [1505, 412], [1506, 412], [1507, 412], [1508, 412], [1509, 412], [1510, 412], [1511, 412], [1512, 412], [1514, 412], [1515, 412], [1516, 412], [1517, 412], [1518, 412], [1519, 412], [1520, 412], [1521, 412], [1522, 412], [1553, 412], [1554, 412], [1555, 412], [1556, 412], [1788, 412], [1789, 412], [1790, 412], [1791, 412], [1792, 412], [1793, 412], [1794, 412], [1795, 412], [1796, 412], [1797, 412], [1798, 412], [1804, 412], [1805, 412], [1806, 412], [1807, 412], [1808, 412], [1809, 412], [1810, 412], [1811, 412], [1812, 412], [1813, 412], [1814, 412], [1279, 413], [1280, 413], [1281, 413], [1282, 413], [1283, 413], [1284, 413], [1371, 413], [1372, 413], [1373, 413], [1375, 413], [1376, 413], [1377, 413], [1467, 413], [1468, 413], [1469, 413], [1470, 413], [1471, 413], [1472, 413], [1473, 413], [1474, 413], [1475, 413], [1484, 413], [1485, 413], [1486, 413], [1508, 413], [1509, 413], [1510, 413], [1511, 413], [1512, 413], [1513, 413], [1514, 413], [1515, 413], [1518, 413], [1519, 413], [1520, 413], [1521, 413], [1522, 413], [1523, 413], [1524, 413], [1525, 413], [1526, 413], [1527, 413], [1528, 413], [1529, 413], [1554, 413], [1555, 413], [1556, 413], [1557, 413], [1558, 413], [1790, 413], [1791, 413], [1792, 413], [1793, 413], [1794, 413], [1795, 413], [1796, 413], [1797, 413], [1798, 413], [1799, 413], [1800, 413], [1806, 413], [1807, 413], [1808, 413], [1809, 413], [1810, 413], [1812, 413], [1813, 413], [1814, 413], [1815, 413], [1816, 413], [1280, 414], [1281, 414], [1283, 414], [1284, 414], [1372, 414], [1373, 414], [1374, 414], [1376, 414], [1377, 414], [1378, 414], [1468, 414], [1469, 414], [1470, 414], [1471, 414], [1472, 414], [1473, 414], [1474, 414], [1475, 414], [1485, 414], [1486, 414], [1487, 414], [1512, 414], [1513, 414], [1514, 414], [1515, 414], [1516, 414], [1517, 414], [1518, 414], [1519, 414], [1520, 414], [1521, 414], [1522, 414], [1525, 414], [1526, 414], [1527, 414], [1528, 414], [1529, 414], [1530, 414], [1531, 414], [1555, 414], [1556, 414], [1557, 414], [1558, 414], [1559, 414], [1560, 414], [1793, 414], [1794, 414], [1795, 414], [1796, 414], [1797, 414], [1798, 414], [1799, 414], [1800, 414], [1801, 414], [1802, 414], [1808, 414], [1809, 414], [1810, 414], [1811, 414], [1812, 414], [1813, 414], [1814, 414], [1815, 414], [1816, 414], [1817, 414], [1818, 414], [1819, 414], [1280, 415], [1281, 415], [1282, 415], [1283, 415], [1284, 415], [1285, 415], [1373, 415], [1374, 415], [1375, 415], [1377, 415], [1378, 415], [1379, 415], [1470, 415], [1471, 415], [1472, 415], [1473, 415], [1474, 415], [1475, 415], [1476, 415], [1477, 415], [1478, 415], [1485, 415], [1486, 415], [1487, 415], [1488, 415], [1514, 415], [1515, 415], [1516, 415], [1517, 415], [1518, 415], [1519, 415], [1520, 415], [1521, 415], [1522, 415], [1523, 415], [1524, 415], [1525, 415], [1526, 415], [1527, 415], [1528, 415], [1529, 415], [1530, 415], [1531, 415], [1557, 415], [1558, 415], [1559, 415], [1560, 415], [1561, 415], [1562, 415], [1795, 415], [1796, 415], [1797, 415], [1798, 415], [1799, 415], [1800, 415], [1801, 415], [1802, 415], [1803, 415], [1804, 415], [1810, 415], [1811, 415], [1812, 415], [1813, 415], [1814, 415], [1815, 415], [1816, 415], [1817, 415], [1818, 415], [1819, 415], [1820, 415], [1821, 415], [1281, 416], [1282, 416], [1283, 416], [1284, 416], [1285, 416], [1286, 416], [1374, 416], [1375, 416], [1376, 416], [1378, 416], [1379, 416], [1380, 416], [1471, 416], [1472, 416], [1473, 416], [1474, 416], [1475, 416], [1476, 416], [1477, 416], [1478, 416], [1479, 416], [1486, 416], [1487, 416], [1488, 416], [1489, 416], [1525, 416], [1526, 416], [1527, 416], [1528, 416], [1529, 416], [1530, 416], [1531, 416], [1559, 416], [1560, 416], [1561, 416], [1562, 416], [1563, 416], [1797, 416], [1798, 416], [1799, 416], [1800, 416], [1801, 416], [1803, 416], [1804, 416], [1805, 416], [1806, 416], [1807, 416], [1813, 416], [1814, 416], [1815, 416], [1816, 416], [1817, 416], [1819, 416], [1820, 416], [1821, 416], [1822, 416], [1823, 416], [1282, 417], [1283, 417], [1285, 417], [1286, 417], [1375, 417], [1376, 417], [1377, 417], [1378, 417], [1379, 417], [1380, 417], [1381, 417], [1472, 417], [1473, 417], [1474, 417], [1475, 417], [1476, 417], [1477, 417], [1478, 417], [1479, 417], [1480, 417], [1487, 417], [1488, 417], [1489, 417], [1490, 417], [1491, 417], [1492, 417], [1493, 417], [1561, 417], [1562, 417], [1563, 417], [1564, 417], [1799, 417], [1800, 417], [1801, 417], [1802, 417], [1803, 417], [1805, 417], [1806, 417], [1807, 417], [1808, 417], [1809, 417], [1815, 417], [1816, 417], [1817, 417], [1818, 417], [1819, 417], [1820, 417], [1821, 417], [1822, 417], [1823, 417], [1824, 417], [1282, 418], [1283, 418], [1284, 418], [1285, 418], [1286, 418], [1287, 418], [1376, 418], [1377, 418], [1378, 418], [1379, 418], [1380, 418], [1381, 418], [1382, 418], [1383, 418], [1474, 418], [1475, 418], [1476, 418], [1477, 418], [1479, 418], [1480, 418], [1481, 418], [1488, 418], [1489, 418], [1490, 418], [1491, 418], [1492, 418], [1493, 418], [1494, 418], [1495, 418], [1496, 418], [1497, 418], [1498, 418], [1499, 418], [1562, 418], [1563, 418], [1564, 418], [1565, 418], [1566, 418], [1802, 418], [1803, 418], [1804, 418], [1805, 418], [1806, 418], [1807, 418], [1808, 418], [1809, 418], [1810, 418], [1811, 418], [1817, 418], [1818, 418], [1819, 418], [1820, 418], [1821, 418], [1823, 418], [1824, 418], [1283, 419], [1284, 419], [1285, 419], [1286, 419], [1287, 419], [1288, 419], [1378, 419], [1379, 419], [1380, 419], [1381, 419], [1382, 419], [1383, 419], [1384, 419], [1475, 419], [1476, 419], [1477, 419], [1478, 419], [1480, 419], [1481, 419], [1482, 419], [1492, 419], [1493, 419], [1494, 419], [1495, 419], [1496, 419], [1497, 419], [1498, 419], [1499, 419], [1500, 419], [1501, 419], [1518, 419], [1519, 419], [1520, 419], [1521, 419], [1563, 419], [1564, 419], [1565, 419], [1566, 419], [1567, 419], [1568, 419], [1804, 419], [1805, 419], [1806, 419], [1807, 419], [1808, 419], [1809, 419], [1810, 419], [1811, 419], [1812, 419], [1813, 419], [1818, 419], [1819, 419], [1820, 419], [1821, 419], [1822, 419], [1823, 419], [1284, 420], [1285, 420], [1286, 420], [1287, 420], [1288, 420], [1289, 420], [1379, 420], [1380, 420], [1381, 420], [1383, 420], [1384, 420], [1385, 420], [1477, 420], [1478, 420], [1479, 420], [1481, 420], [1482, 420], [1483, 420], [1498, 420], [1499, 420], [1500, 420], [1501, 420], [1518, 420], [1519, 420], [1520, 420], [1521, 420], [1522, 420], [1523, 420], [1565, 420], [1566, 420], [1567, 420], [1568, 420], [1569, 420], [1806, 420], [1807, 420], [1808, 420], [1809, 420], [1810, 420], [1811, 420], [1812, 420], [1813, 420], [1814, 420], [1815, 420], [1821, 420], [1822, 420], [1823, 420], [1824, 420], [1285, 421], [1286, 421], [1287, 421], [1288, 421], [1289, 421], [1290, 421], [1380, 421], [1381, 421], [1382, 421], [1384, 421], [1385, 421], [1386, 421], [1478, 421], [1479, 421], [1480, 421], [1482, 421], [1483, 421], [1484, 421], [1500, 421], [1501, 421], [1518, 421], [1519, 421], [1520, 421], [1521, 421], [1522, 421], [1523, 421], [1567, 421], [1568, 421], [1569, 421], [1570, 421], [1571, 421], [1808, 421], [1809, 421], [1810, 421], [1811, 421], [1812, 421], [1813, 421], [1814, 421], [1815, 421], [1816, 421], [1817, 421], [1823, 421], [1824, 421], [1286, 422], [1287, 422], [1288, 422], [1289, 422], [1290, 422], [1291, 422], [1381, 422], [1382, 422], [1383, 422], [1384, 422], [1385, 422], [1386, 422], [1387, 422], [1479, 422], [1480, 422], [1481, 422], [1482, 422], [1483, 422], [1484, 422], [1485, 422], [1500, 422], [1501, 422], [1502, 422], [1520, 422], [1521, 422], [1522, 422], [1523, 422], [1568, 422], [1569, 422], [1570, 422], [1571, 422], [1572, 422], [1573, 422], [1810, 422], [1811, 422], [1812, 422], [1813, 422], [1814, 422], [1815, 422], [1816, 422], [1817, 422], [1818, 422], [1819, 422], [1820, 422], [1287, 423], [1288, 423], [1289, 423], [1290, 423], [1291, 423], [1292, 423], [1382, 423], [1383, 423], [1384, 423], [1385, 423], [1386, 423], [1387, 423], [1388, 423], [1480, 423], [1481, 423], [1482, 423], [1483, 423], [1484, 423], [1485, 423], [1486, 423], [1487, 423], [1500, 423], [1501, 423], [1502, 423], [1503, 423], [1504, 423], [1570, 423], [1571, 423], [1572, 423], [1573, 423], [1574, 423], [1812, 423], [1813, 423], [1814, 423], [1815, 423], [1816, 423], [1818, 423], [1819, 423], [1820, 423], [1821, 423], [1822, 423], [1288, 424], [1289, 424], [1290, 424], [1291, 424], [1292, 424], [1293, 424], [1384, 424], [1385, 424], [1386, 424], [1387, 424], [1388, 424], [1389, 424], [1482, 424], [1483, 424], [1484, 424], [1485, 424], [1486, 424], [1487, 424], [1488, 424], [1501, 424], [1502, 424], [1503, 424], [1504, 424], [1572, 424], [1573, 424], [1574, 424], [1575, 424], [1576, 424], [1814, 424], [1815, 424], [1816, 424], [1817, 424], [1818, 424], [1819, 424], [1820, 424], [1821, 424], [1822, 424], [1823, 424], [1824, 424], [1289, 425], [1290, 425], [1291, 425], [1292, 425], [1293, 425], [1385, 425], [1386, 425], [1387, 425], [1388, 425], [1389, 425], [1390, 425], [1483, 425], [1484, 425], [1485, 425], [1486, 425], [1487, 425], [1488, 425], [1489, 425], [1490, 425], [1503, 425], [1504, 425], [1505, 425], [1506, 425], [1507, 425], [1508, 425], [1573, 425], [1574, 425], [1575, 425], [1576, 425], [1577, 425], [1578, 425], [1817, 425], [1818, 425], [1819, 425], [1820, 425], [1821, 425], [1822, 425], [1823, 425], [1824, 425], [1290, 426], [1291, 426], [1292, 426], [1293, 426], [1294, 426], [1386, 426], [1387, 426], [1388, 426], [1389, 426], [1390, 426], [1391, 426], [1484, 426], [1485, 426], [1486, 426], [1487, 426], [1489, 426], [1490, 426], [1491, 426], [1492, 426], [1503, 426], [1504, 426], [1505, 426], [1506, 426], [1507, 426], [1508, 426], [1509, 426], [1510, 426], [1575, 426], [1576, 426], [1577, 426], [1578, 426], [1579, 426], [1819, 426], [1820, 426], [1821, 426], [1822, 426], [1823, 426], [1290, 427], [1291, 427], [1292, 427], [1293, 427], [1294, 427], [1387, 427], [1388, 427], [1389, 427], [1390, 427], [1391, 427], [1392, 427], [1393, 427], [1486, 427], [1487, 427], [1488, 427], [1489, 427], [1490, 427], [1491, 427], [1492, 427], [1493, 427], [1494, 427], [1507, 427], [1508, 427], [1509, 427], [1510, 427], [1511, 427], [1512, 427], [1577, 427], [1578, 427], [1579, 427], [1580, 427], [1581, 427], [1821, 427], [1822, 427], [1823, 427], [1824, 427], [1291, 428], [1292, 428], [1293, 428], [1294, 428], [1295, 428], [1388, 428], [1389, 428], [1390, 428], [1391, 428], [1392, 428], [1393, 428], [1394, 428], [1488, 428], [1489, 428], [1490, 428], [1492, 428], [1493, 428], [1494, 428], [1495, 428], [1496, 428], [1509, 428], [1510, 428], [1511, 428], [1512, 428], [1513, 428], [1514, 428], [1578, 428], [1579, 428], [1580, 428], [1581, 428], [1582, 428], [1823, 428], [1824, 428], [1291, 429], [1292, 429], [1293, 429], [1294, 429], [1295, 429], [1296, 429], [1389, 429], [1390, 429], [1391, 429], [1393, 429], [1394, 429], [1395, 429], [1489, 429], [1490, 429], [1491, 429], [1492, 429], [1494, 429], [1495, 429], [1496, 429], [1497, 429], [1498, 429], [1511, 429], [1512, 429], [1513, 429], [1514, 429], [1515, 429], [1580, 429], [1581, 429], [1582, 429], [1583, 429], [1584, 429], [1292, 430], [1293, 430], [1294, 430], [1295, 430], [1296, 430], [1297, 430], [1390, 430], [1391, 430], [1392, 430], [1394, 430], [1395, 430], [1396, 430], [1490, 430], [1491, 430], [1492, 430], [1493, 430], [1494, 430], [1495, 430], [1496, 430], [1497, 430], [1498, 430], [1499, 430], [1511, 430], [1512, 430], [1513, 430], [1514, 430], [1515, 430], [1581, 430], [1582, 430], [1583, 430], [1584, 430], [1585, 430], [1293, 431], [1294, 431], [1295, 431], [1296, 431], [1297, 431], [1298, 431], [1391, 431], [1392, 431], [1393, 431], [1394, 431], [1395, 431], [1396, 431], [1397, 431], [1398, 431], [1399, 431], [1400, 431], [1492, 431], [1493, 431], [1494, 431], [1495, 431], [1497, 431], [1498, 431], [1499, 431], [1512, 431], [1513, 431], [1514, 431], [1515, 431], [1583, 431], [1584, 431], [1585, 431], [1586, 431], [1587, 431], [1294, 432], [1295, 432], [1296, 432], [1297, 432], [1298, 432], [1299, 432], [1392, 432], [1393, 432], [1394, 432], [1395, 432], [1397, 432], [1398, 432], [1399, 432], [1400, 432], [1401, 432], [1402, 432], [1403, 432], [1404, 432], [1405, 432], [1406, 432], [1407, 432], [1408, 432], [1409, 432], [1410, 432], [1411, 432], [1412, 432], [1413, 432], [1414, 432], [1493, 432], [1494, 432], [1495, 432], [1496, 432], [1498, 432], [1499, 432], [1500, 432], [1513, 432], [1514, 432], [1515, 432], [1584, 432], [1585, 432], [1586, 432], [1587, 432], [1588, 432], [1295, 433], [1296, 433], [1297, 433], [1298, 433], [1299, 433], [1300, 433], [1394, 433], [1395, 433], [1396, 433], [1397, 433], [1398, 433], [1399, 433], [1400, 433], [1403, 433], [1404, 433], [1405, 433], [1406, 433], [1407, 433], [1408, 433], [1409, 433], [1410, 433], [1411, 433], [1412, 433], [1413, 433], [1414, 433], [1415, 433], [1416, 433], [1417, 433], [1418, 433], [1419, 433], [1420, 433], [1421, 433], [1422, 433], [1423, 433], [1424, 433], [1425, 433], [1426, 433], [1427, 433], [1428, 433], [1429, 433], [1430, 433], [1431, 433], [1432, 433], [1433, 433], [1434, 433], [1435, 433], [1436, 433], [1437, 433], [1438, 433], [1439, 433], [1440, 433], [1441, 433], [1442, 433], [1443, 433], [1444, 433], [1445, 433], [1452, 433], [1453, 433], [1454, 433], [1455, 433], [1494, 433], [1495, 433], [1496, 433], [1498, 433], [1499, 433], [1500, 433], [1501, 433], [1512, 433], [1513, 433], [1514, 433], [1586, 433], [1587, 433], [1588, 433], [1589, 433], [1590, 433], [1296, 434], [1297, 434], [1298, 434], [1299, 434], [1300, 434], [1396, 434], [1397, 434], [1398, 434], [1399, 434], [1400, 434], [1401, 434], [1402, 434], [1403, 434], [1404, 434], [1405, 434], [1406, 434], [1407, 434], [1408, 434], [1409, 434], [1410, 434], [1411, 434], [1412, 434], [1413, 434], [1415, 434], [1416, 434], [1417, 434], [1418, 434], [1419, 434], [1420, 434], [1421, 434], [1422, 434], [1423, 434], [1424, 434], [1425, 434], [1426, 434], [1427, 434], [1428, 434], [1429, 434], [1430, 434], [1431, 434], [1432, 434], [1433, 434], [1434, 434], [1435, 434], [1436, 434], [1437, 434], [1438, 434], [1439, 434], [1440, 434], [1441, 434], [1442, 434], [1443, 434], [1444, 434], [1445, 434], [1446, 434], [1447, 434], [1448, 434], [1449, 434], [1450, 434], [1451, 434], [1452, 434], [1453, 434], [1454, 434], [1455, 434], [1456, 434], [1457, 434], [1458, 434], [1459, 434], [1460, 434], [1461, 434], [1462, 434], [1463, 434], [1464, 434], [1465, 434], [1466, 434], [1467, 434], [1468, 434], [1469, 434], [1470, 434], [1471, 434], [1472, 434], [1473, 434], [1474, 434], [1475, 434], [1476, 434], [1477, 434], [1478, 434], [1479, 434], [1480, 434], [1481, 434], [1482, 434], [1483, 434], [1484, 434], [1485, 434], [1486, 434], [1487, 434], [1488, 434], [1489, 434], [1490, 434], [1491, 434], [1492, 434], [1493, 434], [1494, 434], [1495, 434], [1496, 434], [1499, 434], [1500, 434], [1501, 434], [1510, 434], [1511, 434], [1512, 434], [1513, 434], [1514, 434], [1587, 434], [1588, 434], [1589, 434], [1590, 434], [1591, 434], [1297, 435], [1298, 435], [1299, 435], [1300, 435], [1301, 435], [1403, 435], [1404, 435], [1405, 435], [1406, 435], [1407, 435], [1408, 435], [1409, 435], [1410, 435], [1411, 435], [1412, 435], [1413, 435], [1414, 435], [1415, 435], [1416, 435], [1417, 435], [1418, 435], [1419, 435], [1420, 435], [1421, 435], [1422, 435], [1423, 435], [1424, 435], [1425, 435], [1426, 435], [1427, 435], [1428, 435], [1429, 435], [1430, 435], [1431, 435], [1432, 435], [1433, 435], [1444, 435], [1445, 435], [1446, 435], [1447, 435], [1448, 435], [1449, 435], [1450, 435], [1451, 435], [1452, 435], [1453, 435], [1454, 435], [1455, 435], [1456, 435], [1457, 435], [1458, 435], [1459, 435], [1460, 435], [1461, 435], [1462, 435], [1463, 435], [1464, 435], [1465, 435], [1466, 435], [1467, 435], [1485, 435], [1486, 435], [1487, 435], [1489, 435], [1490, 435], [1491, 435], [1492, 435], [1493, 435], [1494, 435], [1495, 435], [1496, 435], [1500, 435], [1501, 435], [1508, 435], [1509, 435], [1510, 435], [1511, 435], [1512, 435], [1513, 435], [1589, 435], [1590, 435], [1591, 435], [1592, 435], [1593, 435], [1298, 436], [1299, 436], [1301, 436], [1302, 436], [1414, 436], [1415, 436], [1416, 436], [1417, 436], [1418, 436], [1419, 436], [1420, 436], [1421, 436], [1422, 436], [1423, 436], [1424, 436], [1425, 436], [1426, 436], [1427, 436], [1428, 436], [1429, 436], [1430, 436], [1431, 436], [1432, 436], [1433, 436], [1434, 436], [1435, 436], [1441, 436], [1442, 436], [1443, 436], [1444, 436], [1445, 436], [1446, 436], [1447, 436], [1448, 436], [1449, 436], [1450, 436], [1451, 436], [1452, 436], [1453, 436], [1454, 436], [1455, 436], [1456, 436], [1457, 436], [1458, 436], [1459, 436], [1460, 436], [1461, 436], [1462, 436], [1463, 436], [1464, 436], [1465, 436], [1466, 436], [1467, 436], [1468, 436], [1469, 436], [1470, 436], [1471, 436], [1472, 436], [1473, 436], [1474, 436], [1475, 436], [1476, 436], [1477, 436], [1478, 436], [1479, 436], [1480, 436], [1481, 436], [1482, 436], [1483, 436], [1484, 436], [1485, 436], [1486, 436], [1487, 436], [1488, 436], [1489, 436], [1490, 436], [1491, 436], [1492, 436], [1493, 436], [1494, 436], [1495, 436], [1496, 436], [1497, 436], [1498, 436], [1499, 436], [1500, 436], [1501, 436], [1508, 436], [1509, 436], [1510, 436], [1511, 436], [1590, 436], [1591, 436], [1592, 436], [1593, 436], [1594, 436], [1595, 436], [1299, 437], [1300, 437], [1301, 437], [1302, 437], [1303, 437], [1432, 437], [1433, 437], [1434, 437], [1435, 437], [1440, 437], [1441, 437], [1442, 437], [1443, 437], [1444, 437], [1445, 437], [1446, 437], [1447, 437], [1448, 437], [1449, 437], [1450, 437], [1451, 437], [1452, 437], [1453, 437], [1454, 437], [1455, 437], [1456, 437], [1457, 437], [1458, 437], [1459, 437], [1460, 437], [1461, 437], [1462, 437], [1463, 437], [1464, 437], [1465, 437], [1466, 437], [1467, 437], [1485, 437], [1486, 437], [1487, 437], [1489, 437], [1490, 437], [1491, 437], [1492, 437], [1493, 437], [1494, 437], [1495, 437], [1496, 437], [1497, 437], [1498, 437], [1499, 437], [1500, 437], [1501, 437], [1508, 437], [1509, 437], [1592, 437], [1593, 437], [1594, 437], [1595, 437], [1596, 437], [1597, 437], [1598, 437], [1300, 438], [1301, 438], [1302, 438], [1303, 438], [1304, 438], [1434, 438], [1435, 438], [1436, 438], [1437, 438], [1439, 438], [1440, 438], [1441, 438], [1442, 438], [1450, 438], [1451, 438], [1452, 438], [1453, 438], [1454, 438], [1508, 438], [1509, 438], [1510, 438], [1511, 438], [1512, 438], [1594, 438], [1595, 438], [1596, 438], [1597, 438], [1598, 438], [1599, 438], [1600, 438], [1601, 438], [1602, 438], [1300, 439], [1301, 439], [1302, 439], [1303, 439], [1304, 439], [1305, 439], [1434, 439], [1435, 439], [1436, 439], [1437, 439], [1438, 439], [1439, 439], [1440, 439], [1441, 439], [1450, 439], [1451, 439], [1452, 439], [1453, 439], [1454, 439], [1508, 439], [1509, 439], [1510, 439], [1511, 439], [1512, 439], [1513, 439], [1514, 439], [1597, 439], [1598, 439], [1599, 439], [1600, 439], [1601, 439], [1602, 439], [1603, 439], [1604, 439], [1605, 439], [1606, 439], [1607, 439], [1608, 439], [1609, 439], [1610, 439], [1611, 439], [1612, 439], [1613, 439], [1614, 439], [1615, 439], [1616, 439], [1617, 439], [1618, 439], [1619, 439], [1620, 439], [1621, 439], [1622, 439], [1623, 439], [1624, 439], [1625, 439], [1626, 439], [1627, 439], [1628, 439], [1629, 439], [1630, 439], [1631, 439], [1632, 439], [1633, 439], [1301, 440], [1302, 440], [1303, 440], [1304, 440], [1305, 440], [1306, 440], [1436, 440], [1437, 440], [1438, 440], [1439, 440], [1440, 440], [1441, 440], [1511, 440], [1512, 440], [1513, 440], [1514, 440], [1515, 440], [1516, 440], [1517, 440], [1518, 440], [1519, 440], [1520, 440], [1521, 440], [1522, 440], [1523, 440], [1524, 440], [1525, 440], [1601, 440], [1602, 440], [1603, 440], [1604, 440], [1605, 440], [1606, 440], [1607, 440], [1608, 440], [1609, 440], [1610, 440], [1611, 440], [1612, 440], [1613, 440], [1614, 440], [1615, 440], [1616, 440], [1617, 440], [1618, 440], [1619, 440], [1620, 440], [1621, 440], [1622, 440], [1623, 440], [1624, 440], [1625, 440], [1626, 440], [1627, 440], [1628, 440], [1629, 440], [1630, 440], [1631, 440], [1632, 440], [1633, 440], [1634, 440], [1635, 440], [1636, 440], [1637, 440], [1638, 440], [1639, 440], [1640, 440], [1641, 440], [1642, 440], [1643, 440], [1644, 440], [1645, 440], [1646, 440], [1647, 440], [1648, 440], [1649, 440], [1650, 440], [1651, 440], [1652, 440], [1653, 440], [1654, 440], [1655, 440], [1656, 440], [1657, 440], [1302, 441], [1303, 441], [1304, 441], [1305, 441], [1306, 441], [1307, 441], [1437, 441], [1438, 441], [1439, 441], [1440, 441], [1441, 441], [1513, 441], [1514, 441], [1515, 441], [1516, 441], [1517, 441], [1518, 441], [1519, 441], [1520, 441], [1521, 441], [1522, 441], [1523, 441], [1524, 441], [1525, 441], [1632, 441], [1633, 441], [1634, 441], [1635, 441], [1636, 441], [1637, 441], [1638, 441], [1639, 441], [1640, 441], [1641, 441], [1642, 441], [1643, 441], [1644, 441], [1645, 441], [1646, 441], [1647, 441], [1648, 441], [1649, 441], [1650, 441], [1651, 441], [1652, 441], [1653, 441], [1654, 441], [1655, 441], [1656, 441], [1657, 441], [1658, 441], [1659, 441], [1660, 441], [1661, 441], [1662, 441], [1663, 441], [1664, 441], [1665, 441], [1666, 441], [1667, 441], [1668, 441], [1669, 441], [1670, 441], [1671, 441], [1672, 441], [1673, 441], [1674, 441], [1675, 441], [1676, 441], [1677, 441], [1678, 441], [1679, 441], [1680, 441], [1681, 441], [1682, 441], [1683, 441], [1684, 441], [1303, 442], [1304, 442], [1305, 442], [1306, 442], [1307, 442], [1308, 442], [1437, 442], [1438, 442], [1439, 442], [1441, 442], [1442, 442], [1516, 442], [1517, 442], [1518, 442], [1524, 442], [1525, 442], [1526, 442], [1527, 442], [1629, 442], [1630, 442], [1631, 442], [1632, 442], [1633, 442], [1634, 442], [1635, 442], [1636, 442], [1637, 442], [1638, 442], [1639, 442], [1640, 442], [1641, 442], [1642, 442], [1643, 442], [1644, 442], [1645, 442], [1646, 442], [1647, 442], [1648, 442], [1649, 442], [1650, 442], [1651, 442], [1652, 442], [1656, 442], [1657, 442], [1658, 442], [1659, 442], [1660, 442], [1661, 442], [1662, 442], [1663, 442], [1664, 442], [1665, 442], [1666, 442], [1667, 442], [1668, 442], [1669, 442], [1670, 442], [1671, 442], [1672, 442], [1673, 442], [1674, 442], [1675, 442], [1676, 442], [1677, 442], [1678, 442], [1679, 442], [1680, 442], [1681, 442], [1682, 442], [1683, 442], [1684, 442], [1685, 442], [1686, 442], [1687, 442], [1688, 442], [1689, 442], [1690, 442], [1691, 442], [1692, 442], [1693, 442], [1694, 442], [1695, 442], [1696, 442], [1697, 442], [1698, 442], [1304, 443], [1305, 443], [1306, 443], [1307, 443], [1308, 443], [1309, 443], [1437, 443], [1438, 443], [1439, 443], [1440, 443], [1441, 443], [1442, 443], [1524, 443], [1525, 443], [1526, 443], [1527, 443], [1528, 443], [1628, 443], [1629, 443], [1630, 443], [1631, 443], [1632, 443], [1633, 443], [1634, 443], [1635, 443], [1636, 443], [1637, 443], [1638, 443], [1639, 443], [1640, 443], [1641, 443], [1642, 443], [1643, 443], [1644, 443], [1645, 443], [1646, 443], [1647, 443], [1648, 443], [1649, 443], [1650, 443], [1651, 443], [1652, 443], [1653, 443], [1654, 443], [1655, 443], [1683, 443], [1684, 443], [1685, 443], [1686, 443], [1687, 443], [1688, 443], [1689, 443], [1690, 443], [1691, 443], [1692, 443], [1693, 443], [1694, 443], [1695, 443], [1696, 443], [1697, 443], [1698, 443], [1699, 443], [1700, 443], [1701, 443], [1702, 443], [1305, 444], [1306, 444], [1307, 444], [1308, 444], [1309, 444], [1310, 444], [1439, 444], [1440, 444], [1441, 444], [1442, 444], [1523, 444], [1524, 444], [1525, 444], [1526, 444], [1527, 444], [1528, 444], [1628, 444], [1629, 444], [1630, 444], [1631, 444], [1651, 444], [1652, 444], [1653, 444], [1654, 444], [1655, 444], [1679, 444], [1680, 444], [1681, 444], [1682, 444], [1683, 444], [1684, 444], [1685, 444], [1686, 444], [1687, 444], [1688, 444], [1689, 444], [1690, 444], [1691, 444], [1692, 444], [1693, 444], [1694, 444], [1695, 444], [1696, 444], [1697, 444], [1698, 444], [1699, 444], [1700, 444], [1701, 444], [1702, 444], [1703, 444], [1704, 444], [1705, 444], [1306, 445], [1307, 445], [1308, 445], [1309, 445], [1310, 445], [1522, 445], [1523, 445], [1524, 445], [1525, 445], [1526, 445], [1527, 445], [1528, 445], [1623, 445], [1624, 445], [1625, 445], [1626, 445], [1627, 445], [1628, 445], [1629, 445], [1631, 445], [1654, 445], [1655, 445], [1656, 445], [1657, 445], [1658, 445], [1678, 445], [1679, 445], [1680, 445], [1681, 445], [1682, 445], [1683, 445], [1684, 445], [1685, 445], [1686, 445], [1687, 445], [1688, 445], [1689, 445], [1690, 445], [1691, 445], [1692, 445], [1693, 445], [1694, 445], [1695, 445], [1696, 445], [1697, 445], [1698, 445], [1699, 445], [1701, 445], [1702, 445], [1703, 445], [1704, 445], [1705, 445], [1706, 445], [1307, 446], [1308, 446], [1309, 446], [1310, 446], [1311, 446], [1522, 446], [1523, 446], [1524, 446], [1536, 446], [1537, 446], [1538, 446], [1539, 446], [1622, 446], [1623, 446], [1624, 446], [1625, 446], [1626, 446], [1627, 446], [1628, 446], [1629, 446], [1630, 446], [1631, 446], [1654, 446], [1655, 446], [1656, 446], [1657, 446], [1658, 446], [1659, 446], [1660, 446], [1661, 446], [1674, 446], [1675, 446], [1676, 446], [1677, 446], [1678, 446], [1679, 446], [1680, 446], [1697, 446], [1698, 446], [1699, 446], [1700, 446], [1704, 446], [1705, 446], [1706, 446], [1707, 446], [1708, 446], [1308, 447], [1309, 447], [1310, 447], [1311, 447], [1312, 447], [1521, 447], [1522, 447], [1523, 447], [1536, 447], [1537, 447], [1538, 447], [1539, 447], [1540, 447], [1622, 447], [1623, 447], [1624, 447], [1625, 447], [1626, 447], [1627, 447], [1655, 447], [1656, 447], [1657, 447], [1658, 447], [1659, 447], [1660, 447], [1661, 447], [1662, 447], [1663, 447], [1664, 447], [1665, 447], [1666, 447], [1667, 447], [1668, 447], [1669, 447], [1670, 447], [1671, 447], [1672, 447], [1673, 447], [1674, 447], [1675, 447], [1676, 447], [1677, 447], [1678, 447], [1679, 447], [1698, 447], [1699, 447], [1700, 447], [1701, 447], [1702, 447], [1705, 447], [1706, 447], [1707, 447], [1708, 447], [1709, 447], [1309, 448], [1310, 448], [1311, 448], [1312, 448], [1313, 448], [1521, 448], [1522, 448], [1523, 448], [1524, 448], [1536, 448], [1537, 448], [1538, 448], [1539, 448], [1540, 448], [1622, 448], [1623, 448], [1624, 448], [1625, 448], [1626, 448], [1656, 448], [1657, 448], [1658, 448], [1659, 448], [1660, 448], [1661, 448], [1662, 448], [1663, 448], [1664, 448], [1665, 448], [1666, 448], [1667, 448], [1668, 448], [1669, 448], [1670, 448], [1671, 448], [1672, 448], [1673, 448], [1674, 448], [1675, 448], [1699, 448], [1700, 448], [1701, 448], [1702, 448], [1703, 448], [1704, 448], [1707, 448], [1708, 448], [1709, 448], [1710, 448], [1711, 448], [1309, 449], [1310, 449], [1311, 449], [1312, 449], [1313, 449], [1314, 449], [1521, 449], [1522, 449], [1523, 449], [1524, 449], [1525, 449], [1526, 449], [1537, 449], [1538, 449], [1539, 449], [1540, 449], [1622, 449], [1623, 449], [1624, 449], [1701, 449], [1702, 449], [1703, 449], [1704, 449], [1705, 449], [1706, 449], [1708, 449], [1709, 449], [1710, 449], [1711, 449], [1712, 449], [1713, 449], [1310, 450], [1311, 450], [1312, 450], [1313, 450], [1314, 450], [1315, 450], [1523, 450], [1524, 450], [1525, 450], [1526, 450], [1527, 450], [1528, 450], [1529, 450], [1538, 450], [1539, 450], [1540, 450], [1622, 450], [1623, 450], [1624, 450], [1633, 450], [1634, 450], [1635, 450], [1636, 450], [1637, 450], [1638, 450], [1639, 450], [1640, 450], [1703, 450], [1704, 450], [1705, 450], [1706, 450], [1707, 450], [1708, 450], [1709, 450], [1710, 450], [1711, 450], [1712, 450], [1713, 450], [1714, 450], [1715, 450], [1311, 451], [1312, 451], [1313, 451], [1314, 451], [1315, 451], [1316, 451], [1525, 451], [1526, 451], [1527, 451], [1528, 451], [1529, 451], [1530, 451], [1531, 451], [1532, 451], [1533, 451], [1571, 451], [1572, 451], [1573, 451], [1574, 451], [1575, 451], [1576, 451], [1577, 451], [1578, 451], [1579, 451], [1580, 451], [1623, 451], [1624, 451], [1633, 451], [1635, 451], [1636, 451], [1637, 451], [1638, 451], [1639, 451], [1640, 451], [1641, 451], [1655, 451], [1656, 451], [1657, 451], [1705, 451], [1706, 451], [1707, 451], [1708, 451], [1709, 451], [1710, 451], [1711, 451], [1712, 451], [1713, 451], [1714, 451], [1715, 451], [1716, 451], [1717, 451], [1312, 452], [1313, 452], [1314, 452], [1315, 452], [1316, 452], [1317, 452], [1528, 452], [1529, 452], [1530, 452], [1531, 452], [1532, 452], [1533, 452], [1534, 452], [1535, 452], [1536, 452], [1561, 452], [1562, 452], [1563, 452], [1564, 452], [1569, 452], [1570, 452], [1571, 452], [1572, 452], [1573, 452], [1574, 452], [1575, 452], [1576, 452], [1577, 452], [1578, 452], [1579, 452], [1580, 452], [1581, 452], [1582, 452], [1583, 452], [1612, 452], [1613, 452], [1614, 452], [1615, 452], [1623, 452], [1624, 452], [1633, 452], [1634, 452], [1635, 452], [1636, 452], [1637, 452], [1638, 452], [1639, 452], [1640, 452], [1641, 452], [1642, 452], [1643, 452], [1655, 452], [1657, 452], [1658, 452], [1659, 452], [1660, 452], [1661, 452], [1708, 452], [1709, 452], [1710, 452], [1711, 452], [1712, 452], [1713, 452], [1714, 452], [1715, 452], [1716, 452], [1717, 452], [1718, 452], [1719, 452], [1313, 453], [1314, 453], [1315, 453], [1316, 453], [1317, 453], [1318, 453], [1319, 453], [1532, 453], [1533, 453], [1534, 453], [1535, 453], [1536, 453], [1537, 453], [1559, 453], [1560, 453], [1561, 453], [1562, 453], [1563, 453], [1564, 453], [1565, 453], [1566, 453], [1567, 453], [1568, 453], [1569, 453], [1570, 453], [1571, 453], [1572, 453], [1579, 453], [1580, 453], [1581, 453], [1582, 453], [1583, 453], [1584, 453], [1585, 453], [1586, 453], [1612, 453], [1613, 453], [1614, 453], [1615, 453], [1616, 453], [1623, 453], [1624, 453], [1634, 453], [1635, 453], [1636, 453], [1640, 453], [1641, 453], [1642, 453], [1643, 453], [1644, 453], [1645, 453], [1655, 453], [1656, 453], [1657, 453], [1658, 453], [1659, 453], [1660, 453], [1661, 453], [1662, 453], [1710, 453], [1711, 453], [1712, 453], [1713, 453], [1714, 453], [1715, 453], [1716, 453], [1717, 453], [1718, 453], [1719, 453], [1720, 453], [1721, 453], [1314, 454], [1315, 454], [1316, 454], [1317, 454], [1318, 454], [1319, 454], [1320, 454], [1535, 454], [1536, 454], [1537, 454], [1538, 454], [1539, 454], [1559, 454], [1560, 454], [1561, 454], [1562, 454], [1563, 454], [1564, 454], [1565, 454], [1566, 454], [1567, 454], [1568, 454], [1569, 454], [1570, 454], [1582, 454], [1583, 454], [1584, 454], [1585, 454], [1586, 454], [1587, 454], [1588, 454], [1611, 454], [1612, 454], [1613, 454], [1614, 454], [1615, 454], [1616, 454], [1617, 454], [1618, 454], [1619, 454], [1623, 454], [1624, 454], [1625, 454], [1634, 454], [1635, 454], [1636, 454], [1637, 454], [1642, 454], [1643, 454], [1644, 454], [1645, 454], [1655, 454], [1656, 454], [1657, 454], [1658, 454], [1660, 454], [1661, 454], [1662, 454], [1663, 454], [1664, 454], [1712, 454], [1713, 454], [1714, 454], [1715, 454], [1716, 454], [1717, 454], [1718, 454], [1719, 454], [1720, 454], [1721, 454], [1722, 454], [1723, 454], [1315, 455], [1316, 455], [1317, 455], [1319, 455], [1320, 455], [1536, 455], [1537, 455], [1538, 455], [1539, 455], [1540, 455], [1541, 455], [1559, 455], [1560, 455], [1561, 455], [1562, 455], [1585, 455], [1586, 455], [1587, 455], [1588, 455], [1589, 455], [1611, 455], [1612, 455], [1613, 455], [1615, 455], [1616, 455], [1617, 455], [1618, 455], [1619, 455], [1620, 455], [1621, 455], [1622, 455], [1623, 455], [1624, 455], [1625, 455], [1635, 455], [1636, 455], [1637, 455], [1638, 455], [1643, 455], [1644, 455], [1645, 455], [1655, 455], [1656, 455], [1657, 455], [1661, 455], [1662, 455], [1663, 455], [1664, 455], [1714, 455], [1715, 455], [1716, 455], [1717, 455], [1718, 455], [1720, 455], [1721, 455], [1722, 455], [1723, 455], [1724, 455], [1725, 455], [1316, 456], [1317, 456], [1318, 456], [1319, 456], [1320, 456], [1321, 456], [1538, 456], [1539, 456], [1540, 456], [1541, 456], [1542, 456], [1543, 456], [1559, 456], [1560, 456], [1561, 456], [1562, 456], [1563, 456], [1564, 456], [1565, 456], [1566, 456], [1587, 456], [1588, 456], [1589, 456], [1590, 456], [1611, 456], [1612, 456], [1613, 456], [1618, 456], [1619, 456], [1620, 456], [1621, 456], [1622, 456], [1623, 456], [1624, 456], [1625, 456], [1636, 456], [1637, 456], [1638, 456], [1639, 456], [1642, 456], [1643, 456], [1644, 456], [1656, 456], [1657, 456], [1658, 456], [1663, 456], [1664, 456], [1665, 456], [1666, 456], [1667, 456], [1716, 456], [1717, 456], [1718, 456], [1719, 456], [1722, 456], [1723, 456], [1724, 456], [1725, 456], [1726, 456], [1317, 457], [1318, 457], [1319, 457], [1320, 457], [1321, 457], [1322, 457], [1540, 457], [1541, 457], [1542, 457], [1543, 457], [1544, 457], [1561, 457], [1562, 457], [1563, 457], [1564, 457], [1565, 457], [1566, 457], [1567, 457], [1568, 457], [1569, 457], [1588, 457], [1589, 457], [1590, 457], [1591, 457], [1592, 457], [1612, 457], [1613, 457], [1637, 457], [1638, 457], [1639, 457], [1641, 457], [1642, 457], [1643, 457], [1644, 457], [1656, 457], [1657, 457], [1658, 457], [1663, 457], [1664, 457], [1665, 457], [1666, 457], [1667, 457], [1668, 457], [1717, 457], [1718, 457], [1719, 457], [1720, 457], [1721, 457], [1724, 457], [1725, 457], [1726, 457], [1727, 457], [1728, 457], [1318, 458], [1319, 458], [1320, 458], [1321, 458], [1322, 458], [1323, 458], [1542, 458], [1543, 458], [1544, 458], [1545, 458], [1546, 458], [1565, 458], [1566, 458], [1567, 458], [1568, 458], [1569, 458], [1570, 458], [1589, 458], [1590, 458], [1591, 458], [1592, 458], [1593, 458], [1594, 458], [1612, 458], [1613, 458], [1614, 458], [1638, 458], [1639, 458], [1640, 458], [1641, 458], [1642, 458], [1643, 458], [1657, 458], [1658, 458], [1659, 458], [1660, 458], [1661, 458], [1662, 458], [1663, 458], [1664, 458], [1665, 458], [1666, 458], [1667, 458], [1668, 458], [1718, 458], [1719, 458], [1720, 458], [1721, 458], [1722, 458], [1723, 458], [1725, 458], [1726, 458], [1727, 458], [1728, 458], [1729, 458], [1319, 459], [1320, 459], [1322, 459], [1323, 459], [1543, 459], [1544, 459], [1545, 459], [1546, 459], [1547, 459], [1548, 459], [1549, 459], [1550, 459], [1551, 459], [1552, 459], [1553, 459], [1554, 459], [1555, 459], [1556, 459], [1568, 459], [1569, 459], [1570, 459], [1571, 459], [1572, 459], [1591, 459], [1592, 459], [1593, 459], [1594, 459], [1595, 459], [1596, 459], [1612, 459], [1613, 459], [1614, 459], [1615, 459], [1616, 459], [1638, 459], [1639, 459], [1640, 459], [1641, 459], [1643, 459], [1644, 459], [1645, 459], [1646, 459], [1657, 459], [1658, 459], [1659, 459], [1660, 459], [1661, 459], [1662, 459], [1663, 459], [1664, 459], [1665, 459], [1666, 459], [1667, 459], [1668, 459], [1720, 459], [1721, 459], [1722, 459], [1723, 459], [1724, 459], [1727, 459], [1728, 459], [1729, 459], [1730, 459], [1731, 459], [1319, 460], [1320, 460], [1321, 460], [1322, 460], [1323, 460], [1324, 460], [1545, 460], [1546, 460], [1547, 460], [1548, 460], [1549, 460], [1550, 460], [1551, 460], [1552, 460], [1553, 460], [1554, 460], [1555, 460], [1556, 460], [1557, 460], [1558, 460], [1559, 460], [1560, 460], [1561, 460], [1562, 460], [1563, 460], [1564, 460], [1565, 460], [1569, 460], [1570, 460], [1571, 460], [1572, 460], [1573, 460], [1574, 460], [1575, 460], [1576, 460], [1577, 460], [1578, 460], [1579, 460], [1580, 460], [1593, 460], [1594, 460], [1595, 460], [1596, 460], [1597, 460], [1598, 460], [1599, 460], [1613, 460], [1614, 460], [1615, 460], [1616, 460], [1617, 460], [1642, 460], [1643, 460], [1644, 460], [1645, 460], [1646, 460], [1647, 460], [1648, 460], [1649, 460], [1650, 460], [1651, 460], [1652, 460], [1653, 460], [1654, 460], [1655, 460], [1722, 460], [1723, 460], [1724, 460], [1725, 460], [1726, 460], [1728, 460], [1729, 460], [1730, 460], [1731, 460], [1732, 460], [1733, 460], [1320, 461], [1321, 461], [1322, 461], [1323, 461], [1324, 461], [1325, 461], [1555, 461], [1556, 461], [1557, 461], [1558, 461], [1559, 461], [1560, 461], [1561, 461], [1562, 461], [1563, 461], [1564, 461], [1565, 461], [1566, 461], [1567, 461], [1568, 461], [1571, 461], [1572, 461], [1573, 461], [1574, 461], [1575, 461], [1576, 461], [1577, 461], [1578, 461], [1579, 461], [1580, 461], [1581, 461], [1595, 461], [1596, 461], [1597, 461], [1598, 461], [1599, 461], [1600, 461], [1601, 461], [1615, 461], [1616, 461], [1617, 461], [1642, 461], [1643, 461], [1644, 461], [1645, 461], [1646, 461], [1647, 461], [1648, 461], [1649, 461], [1650, 461], [1651, 461], [1652, 461], [1653, 461], [1654, 461], [1655, 461], [1656, 461], [1657, 461], [1658, 461], [1723, 461], [1724, 461], [1725, 461], [1726, 461], [1727, 461], [1728, 461], [1730, 461], [1731, 461], [1732, 461], [1733, 461], [1734, 461], [1735, 461], [1321, 462], [1322, 462], [1323, 462], [1324, 462], [1325, 462], [1326, 462], [1564, 462], [1565, 462], [1566, 462], [1567, 462], [1568, 462], [1569, 462], [1574, 462], [1575, 462], [1576, 462], [1579, 462], [1580, 462], [1581, 462], [1582, 462], [1583, 462], [1584, 462], [1598, 462], [1599, 462], [1600, 462], [1601, 462], [1602, 462], [1603, 462], [1604, 462], [1616, 462], [1617, 462], [1618, 462], [1619, 462], [1642, 462], [1643, 462], [1644, 462], [1645, 462], [1646, 462], [1654, 462], [1655, 462], [1656, 462], [1657, 462], [1658, 462], [1659, 462], [1660, 462], [1661, 462], [1662, 462], [1725, 462], [1726, 462], [1727, 462], [1728, 462], [1729, 462], [1730, 462], [1732, 462], [1733, 462], [1734, 462], [1735, 462], [1736, 462], [1737, 462], [1322, 463], [1323, 463], [1324, 463], [1325, 463], [1326, 463], [1327, 463], [1567, 463], [1568, 463], [1569, 463], [1570, 463], [1571, 463], [1580, 463], [1581, 463], [1582, 463], [1583, 463], [1584, 463], [1585, 463], [1600, 463], [1601, 463], [1602, 463], [1603, 463], [1604, 463], [1605, 463], [1606, 463], [1607, 463], [1616, 463], [1617, 463], [1618, 463], [1619, 463], [1620, 463], [1643, 463], [1644, 463], [1645, 463], [1646, 463], [1647, 463], [1648, 463], [1657, 463], [1658, 463], [1659, 463], [1660, 463], [1661, 463], [1662, 463], [1663, 463], [1664, 463], [1665, 463], [1727, 463], [1728, 463], [1729, 463], [1730, 463], [1731, 463], [1732, 463], [1733, 463], [1734, 463], [1735, 463], [1736, 463], [1737, 463], [1738, 463], [1739, 463], [1323, 464], [1324, 464], [1325, 464], [1326, 464], [1327, 464], [1328, 464], [1568, 464], [1569, 464], [1570, 464], [1571, 464], [1572, 464], [1583, 464], [1584, 464], [1585, 464], [1603, 464], [1604, 464], [1605, 464], [1606, 464], [1607, 464], [1608, 464], [1609, 464], [1618, 464], [1619, 464], [1620, 464], [1621, 464], [1645, 464], [1646, 464], [1647, 464], [1648, 464], [1649, 464], [1661, 464], [1662, 464], [1663, 464], [1664, 464], [1665, 464], [1666, 464], [1667, 464], [1729, 464], [1730, 464], [1731, 464], [1732, 464], [1733, 464], [1734, 464], [1735, 464], [1736, 464], [1737, 464], [1738, 464], [1739, 464], [1740, 464], [1741, 464], [1324, 465], [1325, 465], [1326, 465], [1327, 465], [1328, 465], [1329, 465], [1570, 465], [1571, 465], [1572, 465], [1573, 465], [1574, 465], [1575, 465], [1583, 465], [1584, 465], [1585, 465], [1606, 465], [1607, 465], [1608, 465], [1609, 465], [1610, 465], [1611, 465], [1619, 465], [1620, 465], [1621, 465], [1622, 465], [1647, 465], [1648, 465], [1649, 465], [1650, 465], [1651, 465], [1664, 465], [1665, 465], [1666, 465], [1667, 465], [1668, 465], [1669, 465], [1709, 465], [1710, 465], [1711, 465], [1712, 465], [1713, 465], [1714, 465], [1732, 465], [1733, 465], [1734, 465], [1735, 465], [1736, 465], [1738, 465], [1739, 465], [1740, 465], [1741, 465], [1742, 465], [1325, 466], [1326, 466], [1327, 466], [1328, 466], [1329, 466], [1330, 466], [1571, 466], [1572, 466], [1573, 466], [1574, 466], [1575, 466], [1576, 466], [1577, 466], [1578, 466], [1582, 466], [1583, 466], [1584, 466], [1585, 466], [1608, 466], [1609, 466], [1610, 466], [1611, 466], [1612, 466], [1613, 466], [1614, 466], [1615, 466], [1620, 466], [1621, 466], [1622, 466], [1623, 466], [1624, 466], [1639, 466], [1640, 466], [1641, 466], [1642, 466], [1643, 466], [1644, 466], [1645, 466], [1646, 466], [1648, 466], [1649, 466], [1650, 466], [1651, 466], [1652, 466], [1666, 466], [1667, 466], [1668, 466], [1669, 466], [1670, 466], [1708, 466], [1709, 466], [1710, 466], [1711, 466], [1712, 466], [1713, 466], [1714, 466], [1715, 466], [1716, 466], [1717, 466], [1718, 466], [1719, 466], [1720, 466], [1721, 466], [1734, 466], [1735, 466], [1736, 466], [1737, 466], [1740, 466], [1741, 466], [1742, 466], [1743, 466], [1744, 466], [1326, 467], [1327, 467], [1329, 467], [1330, 467], [1331, 467], [1574, 467], [1575, 467], [1576, 467], [1577, 467], [1578, 467], [1579, 467], [1580, 467], [1581, 467], [1582, 467], [1583, 467], [1584, 467], [1610, 467], [1611, 467], [1612, 467], [1613, 467], [1614, 467], [1615, 467], [1616, 467], [1617, 467], [1618, 467], [1619, 467], [1620, 467], [1621, 467], [1622, 467], [1623, 467], [1624, 467], [1639, 467], [1640, 467], [1641, 467], [1642, 467], [1643, 467], [1644, 467], [1645, 467], [1646, 467], [1647, 467], [1650, 467], [1651, 467], [1652, 467], [1653, 467], [1668, 467], [1669, 467], [1670, 467], [1671, 467], [1672, 467], [1706, 467], [1707, 467], [1708, 467], [1709, 467], [1710, 467], [1711, 467], [1712, 467], [1713, 467], [1714, 467], [1715, 467], [1716, 467], [1717, 467], [1718, 467], [1719, 467], [1720, 467], [1721, 467], [1722, 467], [1723, 467], [1724, 467], [1725, 467], [1733, 467], [1734, 467], [1735, 467], [1736, 467], [1737, 467], [1741, 467], [1742, 467], [1743, 467], [1744, 467], [1745, 467], [1326, 468], [1327, 468], [1328, 468], [1330, 468], [1331, 468], [1577, 468], [1578, 468], [1579, 468], [1580, 468], [1581, 468], [1582, 468], [1583, 468], [1614, 468], [1615, 468], [1616, 468], [1617, 468], [1618, 468], [1619, 468], [1620, 468], [1621, 468], [1622, 468], [1623, 468], [1624, 468], [1638, 468], [1639, 468], [1640, 468], [1645, 468], [1646, 468], [1647, 468], [1651, 468], [1652, 468], [1653, 468], [1654, 468], [1655, 468], [1656, 468], [1657, 468], [1658, 468], [1659, 468], [1660, 468], [1661, 468], [1669, 468], [1670, 468], [1671, 468], [1672, 468], [1673, 468], [1674, 468], [1694, 468], [1695, 468], [1696, 468], [1697, 468], [1698, 468], [1699, 468], [1700, 468], [1701, 468], [1702, 468], [1703, 468], [1704, 468], [1705, 468], [1706, 468], [1707, 468], [1708, 468], [1709, 468], [1720, 468], [1721, 468], [1722, 468], [1723, 468], [1724, 468], [1725, 468], [1726, 468], [1727, 468], [1728, 468], [1729, 468], [1730, 468], [1732, 468], [1733, 468], [1734, 468], [1735, 468], [1736, 468], [1737, 468], [1743, 468], [1744, 468], [1745, 468], [1746, 468], [1747, 468], [1327, 469], [1328, 469], [1329, 469], [1330, 469], [1331, 469], [1332, 469], [1485, 469], [1486, 469], [1487, 469], [1488, 469], [1489, 469], [1637, 469], [1638, 469], [1639, 469], [1640, 469], [1646, 469], [1647, 469], [1652, 469], [1653, 469], [1654, 469], [1655, 469], [1656, 469], [1657, 469], [1658, 469], [1659, 469], [1660, 469], [1661, 469], [1662, 469], [1663, 469], [1664, 469], [1665, 469], [1666, 469], [1667, 469], [1668, 469], [1671, 469], [1672, 469], [1673, 469], [1674, 469], [1694, 469], [1695, 469], [1696, 469], [1697, 469], [1698, 469], [1699, 469], [1700, 469], [1701, 469], [1702, 469], [1703, 469], [1704, 469], [1705, 469], [1706, 469], [1707, 469], [1708, 469], [1709, 469], [1724, 469], [1725, 469], [1726, 469], [1727, 469], [1728, 469], [1729, 469], [1730, 469], [1731, 469], [1732, 469], [1733, 469], [1734, 469], [1744, 469], [1745, 469], [1746, 469], [1747, 469], [1748, 469], [1749, 469], [1123, 470], [1124, 470], [1125, 470], [1126, 470], [1127, 470], [1328, 470], [1329, 470], [1330, 470], [1331, 470], [1332, 470], [1333, 470], [1485, 470], [1486, 470], [1487, 470], [1488, 470], [1489, 470], [1490, 470], [1491, 470], [1492, 470], [1637, 470], [1638, 470], [1639, 470], [1646, 470], [1647, 470], [1648, 470], [1649, 470], [1660, 470], [1661, 470], [1662, 470], [1663, 470], [1664, 470], [1665, 470], [1666, 470], [1667, 470], [1668, 470], [1669, 470], [1670, 470], [1673, 470], [1674, 470], [1675, 470], [1676, 470], [1694, 470], [1695, 470], [1696, 470], [1697, 470], [1701, 470], [1702, 470], [1703, 470], [1704, 470], [1705, 470], [1706, 470], [1707, 470], [1729, 470], [1730, 470], [1731, 470], [1732, 470], [1733, 470], [1746, 470], [1747, 470], [1748, 470], [1749, 470], [1750, 470], [1121, 471], [1122, 471], [1123, 471], [1125, 471], [1126, 471], [1127, 471], [1128, 471], [1129, 471], [1329, 471], [1330, 471], [1331, 471], [1332, 471], [1333, 471], [1334, 471], [1485, 471], [1486, 471], [1488, 471], [1489, 471], [1490, 471], [1491, 471], [1492, 471], [1493, 471], [1637, 471], [1638, 471], [1639, 471], [1640, 471], [1641, 471], [1642, 471], [1643, 471], [1644, 471], [1645, 471], [1646, 471], [1647, 471], [1648, 471], [1649, 471], [1650, 471], [1667, 471], [1668, 471], [1669, 471], [1670, 471], [1671, 471], [1673, 471], [1674, 471], [1675, 471], [1676, 471], [1677, 471], [1678, 471], [1679, 471], [1680, 471], [1681, 471], [1682, 471], [1683, 471], [1684, 471], [1685, 471], [1686, 471], [1687, 471], [1688, 471], [1689, 471], [1690, 471], [1691, 471], [1692, 471], [1693, 471], [1694, 471], [1695, 471], [1696, 471], [1697, 471], [1698, 471], [1699, 471], [1700, 471], [1701, 471], [1702, 471], [1703, 471], [1704, 471], [1705, 471], [1748, 471], [1749, 471], [1750, 471], [1751, 471], [1752, 471], [1122, 472], [1123, 472], [1124, 472], [1125, 472], [1126, 472], [1128, 472], [1129, 472], [1130, 472], [1131, 472], [1330, 472], [1331, 472], [1333, 472], [1334, 472], [1335, 472], [1485, 472], [1486, 472], [1491, 472], [1492, 472], [1493, 472], [1494, 472], [1495, 472], [1637, 472], [1638, 472], [1639, 472], [1640, 472], [1641, 472], [1642, 472], [1643, 472], [1644, 472], [1645, 472], [1648, 472], [1649, 472], [1650, 472], [1651, 472], [1652, 472], [1653, 472], [1669, 472], [1670, 472], [1671, 472], [1672, 472], [1675, 472], [1676, 472], [1677, 472], [1678, 472], [1679, 472], [1680, 472], [1681, 472], [1682, 472], [1683, 472], [1684, 472], [1685, 472], [1686, 472], [1687, 472], [1688, 472], [1689, 472], [1690, 472], [1691, 472], [1692, 472], [1693, 472], [1694, 472], [1695, 472], [1696, 472], [1697, 472], [1698, 472], [1699, 472], [1700, 472], [1701, 472], [1702, 472], [1703, 472], [1704, 472], [1736, 472], [1737, 472], [1738, 472], [1739, 472], [1749, 472], [1750, 472], [1751, 472], [1752, 472], [1753, 472], [1125, 473], [1126, 473], [1127, 473], [1128, 473], [1130, 473], [1131, 473], [1132, 473], [1330, 473], [1331, 473], [1332, 473], [1334, 473], [1335, 473], [1336, 473], [1438, 473], [1439, 473], [1440, 473], [1441, 473], [1442, 473], [1443, 473], [1444, 473], [1445, 473], [1446, 473], [1447, 473], [1448, 473], [1449, 473], [1450, 473], [1451, 473], [1452, 473], [1453, 473], [1454, 473], [1485, 473], [1486, 473], [1492, 473], [1493, 473], [1494, 473], [1495, 473], [1496, 473], [1497, 473], [1644, 473], [1645, 473], [1646, 473], [1647, 473], [1648, 473], [1649, 473], [1650, 473], [1651, 473], [1652, 473], [1653, 473], [1654, 473], [1655, 473], [1656, 473], [1657, 473], [1658, 473], [1659, 473], [1660, 473], [1661, 473], [1670, 473], [1671, 473], [1672, 473], [1673, 473], [1692, 473], [1693, 473], [1694, 473], [1695, 473], [1696, 473], [1697, 473], [1698, 473], [1699, 473], [1700, 473], [1701, 473], [1702, 473], [1703, 473], [1704, 473], [1735, 473], [1736, 473], [1737, 473], [1738, 473], [1739, 473], [1740, 473], [1741, 473], [1742, 473], [1743, 473], [1744, 473], [1745, 473], [1751, 473], [1752, 473], [1753, 473], [1754, 473], [1755, 473], [1127, 474], [1128, 474], [1129, 474], [1130, 474], [1131, 474], [1132, 474], [1133, 474], [1331, 474], [1332, 474], [1333, 474], [1335, 474], [1336, 474], [1337, 474], [1438, 474], [1439, 474], [1440, 474], [1441, 474], [1442, 474], [1443, 474], [1444, 474], [1445, 474], [1446, 474], [1447, 474], [1448, 474], [1449, 474], [1450, 474], [1451, 474], [1452, 474], [1453, 474], [1454, 474], [1455, 474], [1456, 474], [1457, 474], [1458, 474], [1459, 474], [1460, 474], [1461, 474], [1462, 474], [1463, 474], [1464, 474], [1465, 474], [1466, 474], [1467, 474], [1468, 474], [1469, 474], [1470, 474], [1471, 474], [1472, 474], [1473, 474], [1474, 474], [1475, 474], [1476, 474], [1477, 474], [1478, 474], [1479, 474], [1480, 474], [1481, 474], [1482, 474], [1483, 474], [1484, 474], [1485, 474], [1486, 474], [1494, 474], [1495, 474], [1496, 474], [1497, 474], [1498, 474], [1499, 474], [1644, 474], [1645, 474], [1646, 474], [1647, 474], [1648, 474], [1649, 474], [1650, 474], [1651, 474], [1652, 474], [1653, 474], [1654, 474], [1655, 474], [1656, 474], [1657, 474], [1658, 474], [1659, 474], [1660, 474], [1661, 474], [1662, 474], [1671, 474], [1672, 474], [1673, 474], [1674, 474], [1694, 474], [1695, 474], [1696, 474], [1697, 474], [1698, 474], [1699, 474], [1700, 474], [1735, 474], [1736, 474], [1737, 474], [1738, 474], [1739, 474], [1740, 474], [1741, 474], [1742, 474], [1743, 474], [1744, 474], [1745, 474], [1746, 474], [1747, 474], [1748, 474], [1752, 474], [1753, 474], [1754, 474], [1755, 474], [1756, 474], [1757, 474], [1129, 475], [1130, 475], [1131, 475], [1132, 475], [1133, 475], [1134, 475], [1332, 475], [1333, 475], [1334, 475], [1336, 475], [1337, 475], [1438, 475], [1439, 475], [1443, 475], [1444, 475], [1445, 475], [1446, 475], [1447, 475], [1448, 475], [1449, 475], [1450, 475], [1451, 475], [1452, 475], [1453, 475], [1454, 475], [1461, 475], [1462, 475], [1463, 475], [1464, 475], [1465, 475], [1466, 475], [1467, 475], [1468, 475], [1469, 475], [1470, 475], [1471, 475], [1472, 475], [1473, 475], [1474, 475], [1475, 475], [1476, 475], [1477, 475], [1478, 475], [1479, 475], [1480, 475], [1481, 475], [1482, 475], [1483, 475], [1484, 475], [1485, 475], [1486, 475], [1492, 475], [1493, 475], [1494, 475], [1496, 475], [1497, 475], [1498, 475], [1499, 475], [1500, 475], [1501, 475], [1502, 475], [1503, 475], [1504, 475], [1505, 475], [1506, 475], [1507, 475], [1508, 475], [1509, 475], [1510, 475], [1511, 475], [1512, 475], [1647, 475], [1648, 475], [1649, 475], [1650, 475], [1651, 475], [1652, 475], [1653, 475], [1660, 475], [1661, 475], [1662, 475], [1672, 475], [1673, 475], [1674, 475], [1675, 475], [1735, 475], [1736, 475], [1737, 475], [1738, 475], [1744, 475], [1745, 475], [1746, 475], [1747, 475], [1748, 475], [1749, 475], [1754, 475], [1755, 475], [1756, 475], [1757, 475], [1758, 475], [1759, 475], [1130, 476], [1131, 476], [1132, 476], [1133, 476], [1134, 476], [1135, 476], [1333, 476], [1334, 476], [1335, 476], [1336, 476], [1337, 476], [1338, 476], [1438, 476], [1439, 476], [1440, 476], [1443, 476], [1444, 476], [1445, 476], [1446, 476], [1447, 476], [1448, 476], [1449, 476], [1450, 476], [1451, 476], [1452, 476], [1453, 476], [1454, 476], [1455, 476], [1456, 476], [1457, 476], [1458, 476], [1459, 476], [1460, 476], [1461, 476], [1462, 476], [1463, 476], [1464, 476], [1465, 476], [1466, 476], [1467, 476], [1468, 476], [1469, 476], [1470, 476], [1471, 476], [1472, 476], [1473, 476], [1474, 476], [1475, 476], [1476, 476], [1477, 476], [1478, 476], [1479, 476], [1480, 476], [1481, 476], [1482, 476], [1483, 476], [1484, 476], [1485, 476], [1486, 476], [1487, 476], [1488, 476], [1489, 476], [1490, 476], [1491, 476], [1492, 476], [1493, 476], [1494, 476], [1495, 476], [1496, 476], [1497, 476], [1498, 476], [1500, 476], [1501, 476], [1502, 476], [1503, 476], [1504, 476], [1505, 476], [1506, 476], [1507, 476], [1508, 476], [1509, 476], [1510, 476], [1511, 476], [1512, 476], [1513, 476], [1514, 476], [1515, 476], [1516, 476], [1517, 476], [1518, 476], [1519, 476], [1520, 476], [1521, 476], [1522, 476], [1523, 476], [1524, 476], [1525, 476], [1526, 476], [1527, 476], [1528, 476], [1529, 476], [1530, 476], [1531, 476], [1532, 476], [1533, 476], [1534, 476], [1535, 476], [1536, 476], [1537, 476], [1538, 476], [1539, 476], [1540, 476], [1541, 476], [1542, 476], [1543, 476], [1650, 476], [1651, 476], [1652, 476], [1653, 476], [1654, 476], [1661, 476], [1662, 476], [1663, 476], [1673, 476], [1674, 476], [1675, 476], [1676, 476], [1736, 476], [1737, 476], [1738, 476], [1739, 476], [1740, 476], [1741, 476], [1742, 476], [1743, 476], [1744, 476], [1745, 476], [1746, 476], [1747, 476], [1748, 476], [1749, 476], [1756, 476], [1757, 476], [1758, 476], [1759, 476], [1760, 476], [1761, 476], [1131, 477], [1132, 477], [1133, 477], [1134, 477], [1135, 477], [1136, 477], [1334, 477], [1335, 477], [1337, 477], [1338, 477], [1339, 477], [1438, 477], [1439, 477], [1440, 477], [1441, 477], [1442, 477], [1443, 477], [1444, 477], [1445, 477], [1461, 477], [1462, 477], [1463, 477], [1464, 477], [1465, 477], [1466, 477], [1467, 477], [1468, 477], [1469, 477], [1470, 477], [1471, 477], [1472, 477], [1473, 477], [1474, 477], [1475, 477], [1476, 477], [1477, 477], [1478, 477], [1479, 477], [1480, 477], [1481, 477], [1482, 477], [1483, 477], [1484, 477], [1485, 477], [1486, 477], [1487, 477], [1488, 477], [1489, 477], [1490, 477], [1491, 477], [1492, 477], [1493, 477], [1494, 477], [1495, 477], [1496, 477], [1497, 477], [1498, 477], [1499, 477], [1500, 477], [1501, 477], [1502, 477], [1503, 477], [1504, 477], [1505, 477], [1506, 477], [1507, 477], [1508, 477], [1509, 477], [1510, 477], [1511, 477], [1512, 477], [1518, 477], [1519, 477], [1520, 477], [1521, 477], [1522, 477], [1523, 477], [1524, 477], [1525, 477], [1526, 477], [1527, 477], [1528, 477], [1529, 477], [1530, 477], [1531, 477], [1532, 477], [1533, 477], [1534, 477], [1535, 477], [1536, 477], [1537, 477], [1538, 477], [1539, 477], [1540, 477], [1541, 477], [1542, 477], [1543, 477], [1544, 477], [1545, 477], [1546, 477], [1547, 477], [1548, 477], [1652, 477], [1653, 477], [1654, 477], [1655, 477], [1661, 477], [1662, 477], [1663, 477], [1664, 477], [1665, 477], [1666, 477], [1673, 477], [1674, 477], [1675, 477], [1676, 477], [1677, 477], [1737, 477], [1738, 477], [1739, 477], [1740, 477], [1741, 477], [1742, 477], [1743, 477], [1744, 477], [1745, 477], [1746, 477], [1747, 477], [1748, 477], [1749, 477], [1758, 477], [1759, 477], [1760, 477], [1761, 477], [1762, 477], [1763, 477], [1132, 478], [1133, 478], [1134, 478], [1135, 478], [1136, 478], [1137, 478], [1334, 478], [1335, 478], [1336, 478], [1338, 478], [1339, 478], [1439, 478], [1440, 478], [1441, 478], [1442, 478], [1444, 478], [1445, 478], [1446, 478], [1499, 478], [1500, 478], [1501, 478], [1502, 478], [1503, 478], [1504, 478], [1505, 478], [1506, 478], [1507, 478], [1508, 478], [1509, 478], [1510, 478], [1511, 478], [1512, 478], [1513, 478], [1514, 478], [1515, 478], [1516, 478], [1517, 478], [1518, 478], [1519, 478], [1520, 478], [1521, 478], [1522, 478], [1523, 478], [1524, 478], [1525, 478], [1526, 478], [1527, 478], [1528, 478], [1529, 478], [1530, 478], [1531, 478], [1532, 478], [1533, 478], [1534, 478], [1535, 478], [1536, 478], [1537, 478], [1538, 478], [1539, 478], [1540, 478], [1541, 478], [1542, 478], [1543, 478], [1545, 478], [1546, 478], [1547, 478], [1548, 478], [1549, 478], [1550, 478], [1551, 478], [1653, 478], [1654, 478], [1655, 478], [1662, 478], [1663, 478], [1664, 478], [1665, 478], [1666, 478], [1667, 478], [1668, 478], [1669, 478], [1670, 478], [1671, 478], [1672, 478], [1673, 478], [1674, 478], [1675, 478], [1676, 478], [1677, 478], [1740, 478], [1741, 478], [1742, 478], [1743, 478], [1744, 478], [1745, 478], [1760, 478], [1761, 478], [1762, 478], [1763, 478], [1764, 478], [1133, 479], [1134, 479], [1135, 479], [1136, 479], [1137, 479], [1138, 479], [1335, 479], [1336, 479], [1337, 479], [1338, 479], [1339, 479], [1340, 479], [1441, 479], [1442, 479], [1443, 479], [1445, 479], [1446, 479], [1447, 479], [1518, 479], [1519, 479], [1520, 479], [1521, 479], [1522, 479], [1523, 479], [1524, 479], [1525, 479], [1526, 479], [1527, 479], [1528, 479], [1529, 479], [1530, 479], [1531, 479], [1532, 479], [1533, 479], [1534, 479], [1535, 479], [1536, 479], [1537, 479], [1538, 479], [1539, 479], [1540, 479], [1541, 479], [1542, 479], [1543, 479], [1544, 479], [1545, 479], [1546, 479], [1547, 479], [1548, 479], [1549, 479], [1550, 479], [1551, 479], [1552, 479], [1635, 479], [1636, 479], [1637, 479], [1638, 479], [1654, 479], [1655, 479], [1656, 479], [1665, 479], [1666, 479], [1667, 479], [1668, 479], [1669, 479], [1670, 479], [1671, 479], [1672, 479], [1673, 479], [1674, 479], [1675, 479], [1676, 479], [1677, 479], [1762, 479], [1763, 479], [1764, 479], [1765, 479], [1766, 479], [1134, 480], [1135, 480], [1136, 480], [1137, 480], [1138, 480], [1139, 480], [1336, 480], [1337, 480], [1339, 480], [1340, 480], [1341, 480], [1442, 480], [1443, 480], [1444, 480], [1446, 480], [1447, 480], [1448, 480], [1545, 480], [1546, 480], [1547, 480], [1548, 480], [1549, 480], [1550, 480], [1551, 480], [1552, 480], [1553, 480], [1554, 480], [1635, 480], [1636, 480], [1637, 480], [1638, 480], [1639, 480], [1654, 480], [1655, 480], [1656, 480], [1672, 480], [1673, 480], [1674, 480], [1763, 480], [1764, 480], [1765, 480], [1766, 480], [1767, 480], [1768, 480], [1135, 481], [1136, 481], [1137, 481], [1138, 481], [1139, 481], [1140, 481], [1336, 481], [1337, 481], [1338, 481], [1340, 481], [1341, 481], [1443, 481], [1444, 481], [1445, 481], [1447, 481], [1448, 481], [1449, 481], [1549, 481], [1550, 481], [1551, 481], [1552, 481], [1553, 481], [1554, 481], [1555, 481], [1556, 481], [1635, 481], [1636, 481], [1637, 481], [1638, 481], [1639, 481], [1655, 481], [1656, 481], [1657, 481], [1664, 481], [1665, 481], [1666, 481], [1667, 481], [1668, 481], [1669, 481], [1670, 481], [1671, 481], [1672, 481], [1673, 481], [1674, 481], [1675, 481], [1676, 481], [1765, 481], [1766, 481], [1767, 481], [1768, 481], [1769, 481], [1136, 482], [1137, 482], [1138, 482], [1139, 482], [1140, 482], [1141, 482], [1337, 482], [1338, 482], [1339, 482], [1340, 482], [1341, 482], [1342, 482], [1444, 482], [1445, 482], [1446, 482], [1448, 482], [1449, 482], [1450, 482], [1551, 482], [1552, 482], [1553, 482], [1555, 482], [1556, 482], [1557, 482], [1635, 482], [1636, 482], [1637, 482], [1638, 482], [1639, 482], [1655, 482], [1656, 482], [1657, 482], [1658, 482], [1663, 482], [1664, 482], [1665, 482], [1666, 482], [1667, 482], [1668, 482], [1669, 482], [1670, 482], [1671, 482], [1672, 482], [1673, 482], [1674, 482], [1675, 482], [1676, 482], [1677, 482], [1678, 482], [1679, 482], [1680, 482], [1681, 482], [1682, 482], [1683, 482], [1684, 482], [1685, 482], [1686, 482], [1687, 482], [1688, 482], [1689, 482], [1690, 482], [1691, 482], [1692, 482], [1693, 482], [1694, 482], [1695, 482], [1696, 482], [1697, 482], [1698, 482], [1699, 482], [1700, 482], [1701, 482], [1702, 482], [1703, 482], [1704, 482], [1705, 482], [1706, 482], [1707, 482], [1708, 482], [1709, 482], [1710, 482], [1711, 482], [1712, 482], [1713, 482], [1714, 482], [1715, 482], [1716, 482], [1717, 482], [1718, 482], [1719, 482], [1720, 482], [1721, 482], [1722, 482], [1723, 482], [1724, 482], [1725, 482], [1726, 482], [1727, 482], [1728, 482], [1729, 482], [1730, 482], [1731, 482], [1732, 482], [1767, 482], [1768, 482], [1769, 482], [1770, 482], [1137, 483], [1138, 483], [1139, 483], [1140, 483], [1141, 483], [1142, 483], [1338, 483], [1339, 483], [1340, 483], [1341, 483], [1342, 483], [1343, 483], [1445, 483], [1446, 483], [1447, 483], [1448, 483], [1449, 483], [1450, 483], [1451, 483], [1552, 483], [1553, 483], [1554, 483], [1555, 483], [1556, 483], [1557, 483], [1558, 483], [1559, 483], [1656, 483], [1657, 483], [1658, 483], [1659, 483], [1663, 483], [1664, 483], [1665, 483], [1675, 483], [1676, 483], [1677, 483], [1678, 483], [1679, 483], [1680, 483], [1681, 483], [1682, 483], [1683, 483], [1684, 483], [1685, 483], [1686, 483], [1687, 483], [1688, 483], [1689, 483], [1690, 483], [1691, 483], [1692, 483], [1693, 483], [1694, 483], [1695, 483], [1696, 483], [1697, 483], [1698, 483], [1699, 483], [1700, 483], [1701, 483], [1702, 483], [1703, 483], [1704, 483], [1705, 483], [1706, 483], [1707, 483], [1708, 483], [1709, 483], [1710, 483], [1711, 483], [1712, 483], [1713, 483], [1714, 483], [1715, 483], [1716, 483], [1717, 483], [1718, 483], [1719, 483], [1720, 483], [1721, 483], [1722, 483], [1723, 483], [1724, 483], [1725, 483], [1726, 483], [1727, 483], [1728, 483], [1729, 483], [1730, 483], [1731, 483], [1732, 483], [1733, 483], [1734, 483], [1735, 483], [1736, 483], [1737, 483], [1738, 483], [1739, 483], [1740, 483], [1741, 483], [1742, 483], [1743, 483], [1744, 483], [1745, 483], [1746, 483], [1747, 483], [1748, 483], [1749, 483], [1750, 483], [1751, 483], [1752, 483], [1753, 483], [1754, 483], [1755, 483], [1756, 483], [1757, 483], [1758, 483], [1759, 483], [1760, 483], [1761, 483], [1762, 483], [1763, 483], [1764, 483], [1765, 483], [1766, 483], [1767, 483], [1768, 483], [1769, 483], [1770, 483], [1138, 484], [1139, 484], [1140, 484], [1141, 484], [1142, 484], [1143, 484], [1339, 484], [1340, 484], [1341, 484], [1342, 484], [1343, 484], [1344, 484], [1446, 484], [1447, 484], [1448, 484], [1449, 484], [1450, 484], [1451, 484], [1452, 484], [1453, 484], [1554, 484], [1555, 484], [1556, 484], [1557, 484], [1558, 484], [1559, 484], [1560, 484], [1657, 484], [1658, 484], [1659, 484], [1660, 484], [1661, 484], [1663, 484], [1664, 484], [1665, 484], [1666, 484], [1667, 484], [1731, 484], [1732, 484], [1733, 484], [1734, 484], [1735, 484], [1736, 484], [1737, 484], [1738, 484], [1739, 484], [1740, 484], [1741, 484], [1742, 484], [1743, 484], [1744, 484], [1745, 484], [1746, 484], [1747, 484], [1748, 484], [1749, 484], [1750, 484], [1751, 484], [1752, 484], [1753, 484], [1754, 484], [1755, 484], [1756, 484], [1757, 484], [1758, 484], [1759, 484], [1760, 484], [1761, 484], [1762, 484], [1763, 484], [1764, 484], [1765, 484], [1766, 484], [1767, 484], [1768, 484], [1769, 484], [1770, 484], [1139, 485], [1140, 485], [1141, 485], [1142, 485], [1143, 485], [1144, 485], [1340, 485], [1341, 485], [1342, 485], [1343, 485], [1344, 485], [1448, 485], [1449, 485], [1450, 485], [1451, 485], [1452, 485], [1453, 485], [1454, 485], [1555, 485], [1556, 485], [1557, 485], [1558, 485], [1559, 485], [1560, 485], [1561, 485], [1658, 485], [1659, 485], [1660, 485], [1661, 485], [1662, 485], [1663, 485], [1664, 485], [1665, 485], [1666, 485], [1667, 485], [1668, 485], [1140, 486], [1141, 486], [1142, 486], [1143, 486], [1144, 486], [1145, 486], [1341, 486], [1342, 486], [1343, 486], [1344, 486], [1345, 486], [1346, 486], [1449, 486], [1450, 486], [1451, 486], [1453, 486], [1454, 486], [1455, 486], [1556, 486], [1557, 486], [1558, 486], [1559, 486], [1560, 486], [1561, 486], [1562, 486], [1642, 486], [1643, 486], [1644, 486], [1645, 486], [1646, 486], [1647, 486], [1648, 486], [1649, 486], [1650, 486], [1660, 486], [1661, 486], [1662, 486], [1663, 486], [1664, 486], [1666, 486], [1667, 486], [1668, 486], [1669, 486], [1670, 486], [1141, 487], [1142, 487], [1143, 487], [1145, 487], [1146, 487], [1342, 487], [1343, 487], [1344, 487], [1345, 487], [1346, 487], [1347, 487], [1450, 487], [1451, 487], [1452, 487], [1454, 487], [1455, 487], [1456, 487], [1558, 487], [1559, 487], [1560, 487], [1561, 487], [1562, 487], [1563, 487], [1642, 487], [1643, 487], [1644, 487], [1645, 487], [1646, 487], [1647, 487], [1648, 487], [1649, 487], [1650, 487], [1651, 487], [1652, 487], [1662, 487], [1663, 487], [1664, 487], [1665, 487], [1667, 487], [1668, 487], [1669, 487], [1670, 487], [1671, 487], [1143, 488], [1144, 488], [1146, 488], [1147, 488], [1148, 488], [1343, 488], [1344, 488], [1345, 488], [1346, 488], [1347, 488], [1348, 488], [1451, 488], [1452, 488], [1453, 488], [1455, 488], [1456, 488], [1457, 488], [1559, 488], [1560, 488], [1561, 488], [1562, 488], [1563, 488], [1564, 488], [1642, 488], [1643, 488], [1644, 488], [1649, 488], [1650, 488], [1651, 488], [1652, 488], [1653, 488], [1654, 488], [1663, 488], [1664, 488], [1665, 488], [1666, 488], [1669, 488], [1670, 488], [1671, 488], [1672, 488], [1673, 488], [1144, 489], [1145, 489], [1146, 489], [1147, 489], [1148, 489], [1149, 489], [1344, 489], [1345, 489], [1347, 489], [1348, 489], [1452, 489], [1453, 489], [1454, 489], [1455, 489], [1456, 489], [1457, 489], [1458, 489], [1560, 489], [1561, 489], [1562, 489], [1564, 489], [1565, 489], [1566, 489], [1642, 489], [1643, 489], [1644, 489], [1645, 489], [1651, 489], [1652, 489], [1653, 489], [1654, 489], [1664, 489], [1665, 489], [1666, 489], [1667, 489], [1668, 489], [1670, 489], [1671, 489], [1672, 489], [1673, 489], [1674, 489], [1145, 490], [1146, 490], [1147, 490], [1148, 490], [1149, 490], [1150, 490], [1344, 490], [1345, 490], [1346, 490], [1347, 490], [1348, 490], [1349, 490], [1453, 490], [1454, 490], [1455, 490], [1456, 490], [1457, 490], [1458, 490], [1459, 490], [1460, 490], [1562, 490], [1563, 490], [1564, 490], [1565, 490], [1566, 490], [1567, 490], [1643, 490], [1644, 490], [1645, 490], [1652, 490], [1653, 490], [1654, 490], [1665, 490], [1666, 490], [1667, 490], [1668, 490], [1672, 490], [1673, 490], [1674, 490], [1675, 490], [1146, 491], [1147, 491], [1148, 491], [1149, 491], [1150, 491], [1151, 491], [1345, 491], [1346, 491], [1347, 491], [1348, 491], [1349, 491], [1350, 491], [1455, 491], [1456, 491], [1457, 491], [1458, 491], [1459, 491], [1460, 491], [1461, 491], [1563, 491], [1564, 491], [1565, 491], [1567, 491], [1568, 491], [1569, 491], [1615, 491], [1616, 491], [1617, 491], [1618, 491], [1619, 491], [1620, 491], [1621, 491], [1643, 491], [1644, 491], [1645, 491], [1646, 491], [1647, 491], [1648, 491], [1649, 491], [1651, 491], [1652, 491], [1653, 491], [1654, 491], [1666, 491], [1667, 491], [1668, 491], [1673, 491], [1674, 491], [1675, 491], [1676, 491], [1677, 491], [1089, 492], [1090, 492], [1091, 492], [1092, 492], [1093, 492], [1147, 492], [1148, 492], [1149, 492], [1150, 492], [1151, 492], [1152, 492], [1346, 492], [1347, 492], [1348, 492], [1349, 492], [1350, 492], [1351, 492], [1352, 492], [1455, 492], [1456, 492], [1457, 492], [1458, 492], [1460, 492], [1461, 492], [1462, 492], [1565, 492], [1566, 492], [1567, 492], [1568, 492], [1569, 492], [1570, 492], [1614, 492], [1615, 492], [1616, 492], [1617, 492], [1618, 492], [1619, 492], [1620, 492], [1621, 492], [1622, 492], [1643, 492], [1644, 492], [1645, 492], [1646, 492], [1647, 492], [1648, 492], [1649, 492], [1650, 492], [1651, 492], [1652, 492], [1653, 492], [1665, 492], [1666, 492], [1667, 492], [1668, 492], [1674, 492], [1675, 492], [1676, 492], [1677, 492], [1678, 492], [1089, 493], [1090, 493], [1091, 493], [1092, 493], [1093, 493], [1148, 493], [1149, 493], [1150, 493], [1151, 493], [1152, 493], [1153, 493], [1347, 493], [1348, 493], [1349, 493], [1350, 493], [1351, 493], [1352, 493], [1353, 493], [1457, 493], [1458, 493], [1459, 493], [1461, 493], [1462, 493], [1463, 493], [1566, 493], [1567, 493], [1568, 493], [1570, 493], [1571, 493], [1572, 493], [1614, 493], [1615, 493], [1616, 493], [1620, 493], [1621, 493], [1622, 493], [1623, 493], [1624, 493], [1643, 493], [1644, 493], [1645, 493], [1646, 493], [1647, 493], [1648, 493], [1649, 493], [1650, 493], [1651, 493], [1652, 493], [1653, 493], [1654, 493], [1655, 493], [1659, 493], [1660, 493], [1661, 493], [1662, 493], [1663, 493], [1664, 493], [1665, 493], [1666, 493], [1667, 493], [1676, 493], [1677, 493], [1678, 493], [1679, 493], [1680, 493], [1089, 494], [1090, 494], [1091, 494], [1092, 494], [1093, 494], [1149, 494], [1150, 494], [1151, 494], [1152, 494], [1153, 494], [1154, 494], [1349, 494], [1350, 494], [1351, 494], [1352, 494], [1353, 494], [1354, 494], [1458, 494], [1459, 494], [1460, 494], [1462, 494], [1463, 494], [1464, 494], [1568, 494], [1569, 494], [1570, 494], [1571, 494], [1572, 494], [1573, 494], [1614, 494], [1615, 494], [1616, 494], [1617, 494], [1618, 494], [1619, 494], [1620, 494], [1621, 494], [1622, 494], [1623, 494], [1624, 494], [1625, 494], [1626, 494], [1627, 494], [1628, 494], [1629, 494], [1630, 494], [1631, 494], [1649, 494], [1650, 494], [1651, 494], [1652, 494], [1653, 494], [1654, 494], [1655, 494], [1659, 494], [1660, 494], [1661, 494], [1662, 494], [1663, 494], [1664, 494], [1665, 494], [1666, 494], [1677, 494], [1678, 494], [1679, 494], [1680, 494], [1681, 494], [1090, 495], [1091, 495], [1092, 495], [1093, 495], [1150, 495], [1151, 495], [1152, 495], [1153, 495], [1154, 495], [1155, 495], [1350, 495], [1351, 495], [1352, 495], [1353, 495], [1354, 495], [1355, 495], [1459, 495], [1460, 495], [1461, 495], [1463, 495], [1464, 495], [1465, 495], [1466, 495], [1569, 495], [1570, 495], [1571, 495], [1573, 495], [1574, 495], [1575, 495], [1615, 495], [1616, 495], [1617, 495], [1618, 495], [1619, 495], [1620, 495], [1621, 495], [1622, 495], [1623, 495], [1624, 495], [1625, 495], [1626, 495], [1627, 495], [1628, 495], [1629, 495], [1630, 495], [1631, 495], [1632, 495], [1649, 495], [1650, 495], [1651, 495], [1652, 495], [1653, 495], [1654, 495], [1655, 495], [1659, 495], [1660, 495], [1661, 495], [1662, 495], [1663, 495], [1664, 495], [1665, 495], [1666, 495], [1679, 495], [1680, 495], [1681, 495], [1682, 495], [1683, 495], [1151, 496], [1152, 496], [1153, 496], [1154, 496], [1155, 496], [1156, 496], [1351, 496], [1352, 496], [1354, 496], [1355, 496], [1356, 496], [1460, 496], [1461, 496], [1462, 496], [1464, 496], [1465, 496], [1466, 496], [1467, 496], [1571, 496], [1572, 496], [1573, 496], [1574, 496], [1575, 496], [1576, 496], [1619, 496], [1620, 496], [1621, 496], [1622, 496], [1623, 496], [1624, 496], [1625, 496], [1626, 496], [1627, 496], [1629, 496], [1630, 496], [1631, 496], [1632, 496], [1633, 496], [1634, 496], [1650, 496], [1651, 496], [1652, 496], [1653, 496], [1660, 496], [1661, 496], [1662, 496], [1663, 496], [1664, 496], [1665, 496], [1666, 496], [1680, 496], [1681, 496], [1682, 496], [1683, 496], [1684, 496], [1685, 496], [1152, 497], [1153, 497], [1154, 497], [1155, 497], [1156, 497], [1157, 497], [1351, 497], [1352, 497], [1353, 497], [1355, 497], [1356, 497], [1461, 497], [1462, 497], [1463, 497], [1464, 497], [1466, 497], [1467, 497], [1468, 497], [1572, 497], [1573, 497], [1574, 497], [1576, 497], [1577, 497], [1578, 497], [1623, 497], [1624, 497], [1625, 497], [1626, 497], [1627, 497], [1628, 497], [1629, 497], [1630, 497], [1632, 497], [1633, 497], [1634, 497], [1635, 497], [1636, 497], [1637, 497], [1638, 497], [1639, 497], [1640, 497], [1641, 497], [1658, 497], [1659, 497], [1660, 497], [1661, 497], [1662, 497], [1663, 497], [1664, 497], [1665, 497], [1682, 497], [1683, 497], [1684, 497], [1685, 497], [1686, 497], [1153, 498], [1154, 498], [1155, 498], [1156, 498], [1157, 498], [1158, 498], [1352, 498], [1353, 498], [1354, 498], [1355, 498], [1356, 498], [1357, 498], [1462, 498], [1463, 498], [1464, 498], [1465, 498], [1467, 498], [1468, 498], [1469, 498], [1574, 498], [1575, 498], [1576, 498], [1577, 498], [1578, 498], [1579, 498], [1580, 498], [1627, 498], [1628, 498], [1629, 498], [1630, 498], [1631, 498], [1632, 498], [1633, 498], [1634, 498], [1635, 498], [1636, 498], [1637, 498], [1638, 498], [1639, 498], [1640, 498], [1641, 498], [1642, 498], [1643, 498], [1644, 498], [1645, 498], [1646, 498], [1647, 498], [1648, 498], [1649, 498], [1658, 498], [1659, 498], [1660, 498], [1661, 498], [1662, 498], [1663, 498], [1684, 498], [1685, 498], [1686, 498], [1687, 498], [1688, 498], [1154, 499], [1155, 499], [1156, 499], [1157, 499], [1158, 499], [1353, 499], [1354, 499], [1355, 499], [1356, 499], [1357, 499], [1358, 499], [1464, 499], [1465, 499], [1466, 499], [1468, 499], [1469, 499], [1470, 499], [1575, 499], [1576, 499], [1577, 499], [1578, 499], [1579, 499], [1580, 499], [1581, 499], [1582, 499], [1630, 499], [1631, 499], [1632, 499], [1633, 499], [1640, 499], [1641, 499], [1642, 499], [1643, 499], [1644, 499], [1645, 499], [1646, 499], [1647, 499], [1648, 499], [1649, 499], [1650, 499], [1651, 499], [1652, 499], [1653, 499], [1654, 499], [1655, 499], [1658, 499], [1659, 499], [1660, 499], [1661, 499], [1685, 499], [1686, 499], [1687, 499], [1688, 499], [1689, 499], [1690, 499], [1155, 500], [1156, 500], [1158, 500], [1159, 500], [1354, 500], [1355, 500], [1357, 500], [1358, 500], [1359, 500], [1465, 500], [1466, 500], [1467, 500], [1469, 500], [1470, 500], [1471, 500], [1577, 500], [1578, 500], [1579, 500], [1581, 500], [1582, 500], [1583, 500], [1619, 500], [1620, 500], [1621, 500], [1622, 500], [1623, 500], [1624, 500], [1625, 500], [1626, 500], [1627, 500], [1628, 500], [1629, 500], [1630, 500], [1631, 500], [1632, 500], [1633, 500], [1648, 500], [1649, 500], [1650, 500], [1651, 500], [1652, 500], [1653, 500], [1654, 500], [1655, 500], [1656, 500], [1657, 500], [1658, 500], [1659, 500], [1687, 500], [1688, 500], [1689, 500], [1690, 500], [1691, 500], [1692, 500], [1156, 501], [1157, 501], [1158, 501], [1159, 501], [1160, 501], [1354, 501], [1355, 501], [1356, 501], [1358, 501], [1359, 501], [1360, 501], [1466, 501], [1467, 501], [1468, 501], [1470, 501], [1471, 501], [1472, 501], [1578, 501], [1579, 501], [1580, 501], [1581, 501], [1582, 501], [1583, 501], [1584, 501], [1585, 501], [1619, 501], [1620, 501], [1621, 501], [1622, 501], [1623, 501], [1624, 501], [1625, 501], [1626, 501], [1627, 501], [1628, 501], [1629, 501], [1630, 501], [1631, 501], [1632, 501], [1633, 501], [1654, 501], [1655, 501], [1656, 501], [1657, 501], [1658, 501], [1659, 501], [1689, 501], [1690, 501], [1691, 501], [1692, 501], [1693, 501], [1156, 502], [1157, 502], [1158, 502], [1159, 502], [1160, 502], [1161, 502], [1355, 502], [1356, 502], [1357, 502], [1359, 502], [1360, 502], [1361, 502], [1467, 502], [1468, 502], [1469, 502], [1471, 502], [1472, 502], [1473, 502], [1474, 502], [1580, 502], [1581, 502], [1582, 502], [1584, 502], [1585, 502], [1586, 502], [1619, 502], [1620, 502], [1691, 502], [1692, 502], [1693, 502], [1694, 502], [1695, 502], [1157, 503], [1158, 503], [1159, 503], [1160, 503], [1161, 503], [1162, 503], [1356, 503], [1357, 503], [1358, 503], [1360, 503], [1361, 503], [1468, 503], [1469, 503], [1470, 503], [1471, 503], [1472, 503], [1473, 503], [1474, 503], [1475, 503], [1581, 503], [1582, 503], [1583, 503], [1584, 503], [1585, 503], [1586, 503], [1587, 503], [1588, 503], [1619, 503], [1620, 503], [1692, 503], [1693, 503], [1694, 503], [1695, 503], [1696, 503], [1158, 504], [1159, 504], [1160, 504], [1161, 504], [1162, 504], [1163, 504], [1357, 504], [1358, 504], [1359, 504], [1360, 504], [1361, 504], [1362, 504], [1469, 504], [1470, 504], [1471, 504], [1472, 504], [1474, 504], [1475, 504], [1476, 504], [1583, 504], [1584, 504], [1585, 504], [1587, 504], [1588, 504], [1589, 504], [1619, 504], [1620, 504], [1621, 504], [1622, 504], [1641, 504], [1642, 504], [1643, 504], [1644, 504], [1651, 504], [1652, 504], [1653, 504], [1654, 504], [1655, 504], [1656, 504], [1657, 504], [1658, 504], [1659, 504], [1660, 504], [1661, 504], [1662, 504], [1663, 504], [1694, 504], [1695, 504], [1696, 504], [1697, 504], [1698, 504], [1064, 505], [1159, 505], [1160, 505], [1161, 505], [1162, 505], [1163, 505], [1164, 505], [1358, 505], [1359, 505], [1360, 505], [1361, 505], [1362, 505], [1363, 505], [1471, 505], [1472, 505], [1473, 505], [1475, 505], [1476, 505], [1477, 505], [1584, 505], [1585, 505], [1586, 505], [1587, 505], [1588, 505], [1589, 505], [1590, 505], [1591, 505], [1592, 505], [1619, 505], [1620, 505], [1621, 505], [1622, 505], [1623, 505], [1624, 505], [1641, 505], [1642, 505], [1643, 505], [1644, 505], [1645, 505], [1646, 505], [1649, 505], [1650, 505], [1651, 505], [1652, 505], [1653, 505], [1654, 505], [1655, 505], [1656, 505], [1657, 505], [1658, 505], [1659, 505], [1660, 505], [1661, 505], [1662, 505], [1663, 505], [1664, 505], [1695, 505], [1696, 505], [1697, 505], [1698, 505], [1699, 505], [1062, 506], [1063, 506], [1064, 506], [1160, 506], [1161, 506], [1162, 506], [1163, 506], [1164, 506], [1165, 506], [1359, 506], [1360, 506], [1361, 506], [1362, 506], [1363, 506], [1364, 506], [1472, 506], [1473, 506], [1474, 506], [1476, 506], [1477, 506], [1478, 506], [1586, 506], [1587, 506], [1588, 506], [1590, 506], [1591, 506], [1592, 506], [1593, 506], [1621, 506], [1622, 506], [1623, 506], [1624, 506], [1625, 506], [1626, 506], [1641, 506], [1642, 506], [1643, 506], [1644, 506], [1645, 506], [1646, 506], [1649, 506], [1650, 506], [1651, 506], [1652, 506], [1662, 506], [1663, 506], [1664, 506], [1665, 506], [1697, 506], [1698, 506], [1699, 506], [1700, 506], [1701, 506], [1062, 507], [1063, 507], [1064, 507], [1161, 507], [1162, 507], [1163, 507], [1164, 507], [1165, 507], [1166, 507], [1360, 507], [1361, 507], [1362, 507], [1363, 507], [1364, 507], [1365, 507], [1473, 507], [1474, 507], [1475, 507], [1477, 507], [1478, 507], [1479, 507], [1587, 507], [1588, 507], [1589, 507], [1590, 507], [1591, 507], [1592, 507], [1593, 507], [1594, 507], [1595, 507], [1623, 507], [1624, 507], [1625, 507], [1626, 507], [1627, 507], [1628, 507], [1629, 507], [1641, 507], [1642, 507], [1643, 507], [1645, 507], [1646, 507], [1649, 507], [1650, 507], [1651, 507], [1663, 507], [1664, 507], [1665, 507], [1698, 507], [1699, 507], [1700, 507], [1701, 507], [1702, 507], [1162, 508], [1163, 508], [1164, 508], [1165, 508], [1166, 508], [1167, 508], [1361, 508], [1362, 508], [1363, 508], [1364, 508], [1365, 508], [1366, 508], [1474, 508], [1475, 508], [1476, 508], [1478, 508], [1479, 508], [1480, 508], [1589, 508], [1590, 508], [1591, 508], [1592, 508], [1594, 508], [1595, 508], [1596, 508], [1597, 508], [1625, 508], [1626, 508], [1627, 508], [1628, 508], [1629, 508], [1630, 508], [1631, 508], [1642, 508], [1643, 508], [1644, 508], [1645, 508], [1646, 508], [1649, 508], [1650, 508], [1651, 508], [1652, 508], [1663, 508], [1664, 508], [1665, 508], [1700, 508], [1701, 508], [1702, 508], [1703, 508], [1704, 508], [1057, 509], [1058, 509], [1063, 509], [1064, 509], [1065, 509], [1163, 509], [1164, 509], [1165, 509], [1166, 509], [1167, 509], [1168, 509], [1362, 509], [1363, 509], [1365, 509], [1366, 509], [1475, 509], [1476, 509], [1477, 509], [1479, 509], [1480, 509], [1481, 509], [1591, 509], [1592, 509], [1593, 509], [1594, 509], [1596, 509], [1597, 509], [1598, 509], [1599, 509], [1628, 509], [1629, 509], [1630, 509], [1631, 509], [1632, 509], [1633, 509], [1634, 509], [1635, 509], [1643, 509], [1644, 509], [1645, 509], [1650, 509], [1651, 509], [1652, 509], [1653, 509], [1661, 509], [1662, 509], [1663, 509], [1664, 509], [1665, 509], [1701, 509], [1702, 509], [1703, 509], [1704, 509], [1705, 509], [1706, 509], [1055, 510], [1056, 510], [1061, 510], [1062, 510], [1063, 510], [1064, 510], [1065, 510], [1066, 510], [1067, 510], [1164, 510], [1165, 510], [1166, 510], [1167, 510], [1168, 510], [1169, 510], [1362, 510], [1363, 510], [1364, 510], [1365, 510], [1366, 510], [1367, 510], [1368, 510], [1476, 510], [1477, 510], [1478, 510], [1480, 510], [1481, 510], [1482, 510], [1483, 510], [1593, 510], [1594, 510], [1595, 510], [1596, 510], [1597, 510], [1598, 510], [1599, 510], [1600, 510], [1601, 510], [1602, 510], [1630, 510], [1631, 510], [1632, 510], [1633, 510], [1634, 510], [1635, 510], [1636, 510], [1651, 510], [1652, 510], [1653, 510], [1654, 510], [1655, 510], [1656, 510], [1657, 510], [1658, 510], [1659, 510], [1660, 510], [1661, 510], [1662, 510], [1663, 510], [1664, 510], [1703, 510], [1704, 510], [1705, 510], [1706, 510], [1707, 510], [1060, 511], [1061, 511], [1062, 511], [1063, 511], [1064, 511], [1065, 511], [1066, 511], [1067, 511], [1068, 511], [1069, 511], [1070, 511], [1165, 511], [1166, 511], [1167, 511], [1168, 511], [1169, 511], [1170, 511], [1363, 511], [1364, 511], [1365, 511], [1366, 511], [1367, 511], [1368, 511], [1369, 511], [1477, 511], [1478, 511], [1479, 511], [1480, 511], [1481, 511], [1482, 511], [1483, 511], [1484, 511], [1595, 511], [1596, 511], [1597, 511], [1598, 511], [1599, 511], [1600, 511], [1601, 511], [1602, 511], [1603, 511], [1604, 511], [1634, 511], [1635, 511], [1636, 511], [1652, 511], [1653, 511], [1654, 511], [1655, 511], [1656, 511], [1657, 511], [1658, 511], [1659, 511], [1660, 511], [1661, 511], [1662, 511], [1705, 511], [1706, 511], [1707, 511], [1708, 511], [1060, 512], [1061, 512], [1062, 512], [1066, 512], [1067, 512], [1068, 512], [1069, 512], [1070, 512], [1071, 512], [1166, 512], [1167, 512], [1168, 512], [1169, 512], [1170, 512], [1171, 512], [1364, 512], [1365, 512], [1366, 512], [1368, 512], [1369, 512], [1370, 512], [1478, 512], [1479, 512], [1480, 512], [1481, 512], [1483, 512], [1484, 512], [1485, 512], [1596, 512], [1597, 512], [1598, 512], [1599, 512], [1600, 512], [1601, 512], [1602, 512], [1603, 512], [1604, 512], [1605, 512], [1635, 512], [1636, 512], [1657, 512], [1658, 512], [1659, 512], [1660, 512], [1706, 512], [1707, 512], [1708, 512], [1709, 512], [1710, 512], [1060, 513], [1061, 513], [1069, 513], [1070, 513], [1071, 513], [1072, 513], [1167, 513], [1168, 513], [1169, 513], [1170, 513], [1171, 513], [1172, 513], [1365, 513], [1366, 513], [1367, 513], [1369, 513], [1370, 513], [1371, 513], [1480, 513], [1481, 513], [1482, 513], [1484, 513], [1485, 513], [1486, 513], [1598, 513], [1599, 513], [1600, 513], [1601, 513], [1602, 513], [1603, 513], [1604, 513], [1605, 513], [1635, 513], [1636, 513], [1707, 513], [1708, 513], [1709, 513], [1710, 513], [1711, 513], [1060, 514], [1061, 514], [1062, 514], [1070, 514], [1071, 514], [1072, 514], [1168, 514], [1169, 514], [1170, 514], [1171, 514], [1172, 514], [1173, 514], [1366, 514], [1367, 514], [1368, 514], [1370, 514], [1371, 514], [1372, 514], [1481, 514], [1482, 514], [1483, 514], [1485, 514], [1486, 514], [1487, 514], [1599, 514], [1600, 514], [1601, 514], [1602, 514], [1603, 514], [1604, 514], [1605, 514], [1606, 514], [1635, 514], [1636, 514], [1637, 514], [1638, 514], [1709, 514], [1710, 514], [1711, 514], [1712, 514], [1713, 514], [1060, 515], [1061, 515], [1062, 515], [1063, 515], [1071, 515], [1072, 515], [1073, 515], [1169, 515], [1170, 515], [1171, 515], [1172, 515], [1173, 515], [1174, 515], [1367, 515], [1368, 515], [1369, 515], [1370, 515], [1371, 515], [1372, 515], [1373, 515], [1374, 515], [1482, 515], [1483, 515], [1484, 515], [1485, 515], [1486, 515], [1487, 515], [1488, 515], [1601, 515], [1602, 515], [1603, 515], [1605, 515], [1606, 515], [1607, 515], [1635, 515], [1636, 515], [1637, 515], [1638, 515], [1639, 515], [1710, 515], [1711, 515], [1712, 515], [1713, 515], [1714, 515], [1061, 516], [1062, 516], [1063, 516], [1064, 516], [1065, 516], [1071, 516], [1072, 516], [1073, 516], [1074, 516], [1170, 516], [1171, 516], [1172, 516], [1173, 516], [1174, 516], [1175, 516], [1368, 516], [1369, 516], [1370, 516], [1371, 516], [1373, 516], [1374, 516], [1375, 516], [1376, 516], [1377, 516], [1392, 516], [1393, 516], [1394, 516], [1412, 516], [1413, 516], [1414, 516], [1415, 516], [1416, 516], [1417, 516], [1418, 516], [1419, 516], [1420, 516], [1421, 516], [1483, 516], [1484, 516], [1485, 516], [1486, 516], [1487, 516], [1488, 516], [1489, 516], [1602, 516], [1603, 516], [1604, 516], [1605, 516], [1606, 516], [1607, 516], [1608, 516], [1609, 516], [1637, 516], [1638, 516], [1639, 516], [1640, 516], [1641, 516], [1642, 516], [1712, 516], [1713, 516], [1714, 516], [1715, 516], [1716, 516], [1062, 517], [1063, 517], [1064, 517], [1065, 517], [1066, 517], [1067, 517], [1068, 517], [1072, 517], [1073, 517], [1074, 517], [1171, 517], [1172, 517], [1173, 517], [1174, 517], [1175, 517], [1176, 517], [1370, 517], [1371, 517], [1372, 517], [1373, 517], [1375, 517], [1376, 517], [1377, 517], [1378, 517], [1379, 517], [1380, 517], [1381, 517], [1382, 517], [1383, 517], [1384, 517], [1385, 517], [1386, 517], [1387, 517], [1388, 517], [1389, 517], [1390, 517], [1391, 517], [1392, 517], [1393, 517], [1394, 517], [1395, 517], [1396, 517], [1397, 517], [1398, 517], [1399, 517], [1400, 517], [1401, 517], [1402, 517], [1403, 517], [1404, 517], [1405, 517], [1406, 517], [1407, 517], [1408, 517], [1409, 517], [1410, 517], [1411, 517], [1412, 517], [1413, 517], [1414, 517], [1415, 517], [1416, 517], [1417, 517], [1418, 517], [1419, 517], [1420, 517], [1421, 517], [1422, 517], [1423, 517], [1424, 517], [1425, 517], [1426, 517], [1427, 517], [1483, 517], [1484, 517], [1485, 517], [1487, 517], [1488, 517], [1489, 517], [1490, 517], [1603, 517], [1604, 517], [1605, 517], [1606, 517], [1607, 517], [1608, 517], [1609, 517], [1610, 517], [1611, 517], [1638, 517], [1639, 517], [1640, 517], [1641, 517], [1642, 517], [1643, 517], [1713, 517], [1714, 517], [1715, 517], [1716, 517], [1717, 517], [1718, 517], [1042, 518], [1064, 518], [1065, 518], [1066, 518], [1067, 518], [1068, 518], [1069, 518], [1070, 518], [1071, 518], [1072, 518], [1073, 518], [1074, 518], [1172, 518], [1173, 518], [1174, 518], [1175, 518], [1176, 518], [1177, 518], [1372, 518], [1373, 518], [1374, 518], [1375, 518], [1376, 518], [1377, 518], [1380, 518], [1381, 518], [1382, 518], [1383, 518], [1384, 518], [1385, 518], [1390, 518], [1391, 518], [1392, 518], [1393, 518], [1394, 518], [1395, 518], [1396, 518], [1397, 518], [1398, 518], [1399, 518], [1400, 518], [1401, 518], [1402, 518], [1403, 518], [1404, 518], [1405, 518], [1406, 518], [1407, 518], [1408, 518], [1409, 518], [1410, 518], [1411, 518], [1412, 518], [1413, 518], [1420, 518], [1421, 518], [1422, 518], [1423, 518], [1424, 518], [1425, 518], [1426, 518], [1427, 518], [1428, 518], [1429, 518], [1430, 518], [1431, 518], [1432, 518], [1433, 518], [1434, 518], [1435, 518], [1436, 518], [1437, 518], [1438, 518], [1439, 518], [1440, 518], [1441, 518], [1442, 518], [1443, 518], [1444, 518], [1445, 518], [1446, 518], [1447, 518], [1448, 518], [1449, 518], [1450, 518], [1451, 518], [1452, 518], [1453, 518], [1454, 518], [1455, 518], [1456, 518], [1457, 518], [1458, 518], [1459, 518], [1460, 518], [1461, 518], [1462, 518], [1463, 518], [1464, 518], [1465, 518], [1466, 518], [1467, 518], [1468, 518], [1469, 518], [1470, 518], [1471, 518], [1472, 518], [1473, 518], [1474, 518], [1475, 518], [1476, 518], [1477, 518], [1478, 518], [1479, 518], [1480, 518], [1481, 518], [1482, 518], [1483, 518], [1484, 518], [1485, 518], [1488, 518], [1489, 518], [1490, 518], [1605, 518], [1606, 518], [1607, 518], [1608, 518], [1609, 518], [1610, 518], [1611, 518], [1612, 518], [1613, 518], [1641, 518], [1642, 518], [1643, 518], [1715, 518], [1716, 518], [1717, 518], [1718, 518], [1719, 518], [1720, 518], [1040, 519], [1041, 519], [1042, 519], [1047, 519], [1048, 519], [1049, 519], [1050, 519], [1051, 519], [1052, 519], [1067, 519], [1068, 519], [1069, 519], [1070, 519], [1071, 519], [1072, 519], [1073, 519], [1074, 519], [1089, 519], [1090, 519], [1091, 519], [1092, 519], [1093, 519], [1173, 519], [1174, 519], [1175, 519], [1176, 519], [1177, 519], [1178, 519], [1374, 519], [1375, 519], [1376, 519], [1377, 519], [1378, 519], [1379, 519], [1380, 519], [1381, 519], [1382, 519], [1383, 519], [1384, 519], [1385, 519], [1386, 519], [1387, 519], [1388, 519], [1389, 519], [1390, 519], [1391, 519], [1392, 519], [1393, 519], [1394, 519], [1395, 519], [1396, 519], [1397, 519], [1398, 519], [1399, 519], [1400, 519], [1401, 519], [1402, 519], [1403, 519], [1404, 519], [1405, 519], [1406, 519], [1407, 519], [1408, 519], [1409, 519], [1410, 519], [1411, 519], [1412, 519], [1413, 519], [1414, 519], [1415, 519], [1416, 519], [1417, 519], [1418, 519], [1419, 519], [1420, 519], [1421, 519], [1422, 519], [1423, 519], [1424, 519], [1425, 519], [1426, 519], [1427, 519], [1430, 519], [1431, 519], [1432, 519], [1433, 519], [1434, 519], [1435, 519], [1436, 519], [1437, 519], [1438, 519], [1439, 519], [1440, 519], [1441, 519], [1442, 519], [1443, 519], [1444, 519], [1445, 519], [1446, 519], [1447, 519], [1448, 519], [1449, 519], [1450, 519], [1451, 519], [1452, 519], [1453, 519], [1454, 519], [1455, 519], [1456, 519], [1457, 519], [1458, 519], [1459, 519], [1460, 519], [1461, 519], [1462, 519], [1463, 519], [1464, 519], [1465, 519], [1466, 519], [1467, 519], [1468, 519], [1469, 519], [1470, 519], [1471, 519], [1472, 519], [1473, 519], [1474, 519], [1475, 519], [1476, 519], [1477, 519], [1478, 519], [1479, 519], [1480, 519], [1481, 519], [1482, 519], [1483, 519], [1484, 519], [1485, 519], [1489, 519], [1490, 519], [1491, 519], [1606, 519], [1607, 519], [1608, 519], [1609, 519], [1611, 519], [1612, 519], [1613, 519], [1614, 519], [1615, 519], [1638, 519], [1639, 519], [1640, 519], [1641, 519], [1642, 519], [1643, 519], [1686, 519], [1687, 519], [1688, 519], [1689, 519], [1690, 519], [1691, 519], [1692, 519], [1717, 519], [1718, 519], [1719, 519], [1720, 519], [1721, 519], [1041, 520], [1042, 520], [1047, 520], [1048, 520], [1049, 520], [1050, 520], [1051, 520], [1052, 520], [1053, 520], [1054, 520], [1089, 520], [1090, 520], [1091, 520], [1092, 520], [1093, 520], [1094, 520], [1174, 520], [1175, 520], [1176, 520], [1177, 520], [1178, 520], [1179, 520], [1380, 520], [1381, 520], [1382, 520], [1383, 520], [1384, 520], [1385, 520], [1390, 520], [1391, 520], [1392, 520], [1393, 520], [1394, 520], [1395, 520], [1396, 520], [1397, 520], [1398, 520], [1399, 520], [1400, 520], [1401, 520], [1402, 520], [1403, 520], [1404, 520], [1405, 520], [1406, 520], [1407, 520], [1408, 520], [1409, 520], [1410, 520], [1411, 520], [1412, 520], [1413, 520], [1414, 520], [1415, 520], [1416, 520], [1417, 520], [1418, 520], [1419, 520], [1420, 520], [1421, 520], [1422, 520], [1423, 520], [1424, 520], [1425, 520], [1426, 520], [1427, 520], [1428, 520], [1429, 520], [1430, 520], [1431, 520], [1432, 520], [1433, 520], [1434, 520], [1435, 520], [1436, 520], [1437, 520], [1438, 520], [1439, 520], [1440, 520], [1441, 520], [1442, 520], [1443, 520], [1444, 520], [1445, 520], [1446, 520], [1447, 520], [1448, 520], [1449, 520], [1450, 520], [1451, 520], [1452, 520], [1453, 520], [1454, 520], [1455, 520], [1456, 520], [1457, 520], [1458, 520], [1459, 520], [1460, 520], [1461, 520], [1462, 520], [1463, 520], [1464, 520], [1465, 520], [1466, 520], [1467, 520], [1468, 520], [1469, 520], [1470, 520], [1471, 520], [1472, 520], [1473, 520], [1474, 520], [1489, 520], [1490, 520], [1491, 520], [1608, 520], [1609, 520], [1610, 520], [1611, 520], [1613, 520], [1614, 520], [1615, 520], [1616, 520], [1617, 520], [1618, 520], [1619, 520], [1632, 520], [1633, 520], [1634, 520], [1635, 520], [1636, 520], [1637, 520], [1638, 520], [1639, 520], [1640, 520], [1641, 520], [1642, 520], [1643, 520], [1686, 520], [1687, 520], [1688, 520], [1689, 520], [1690, 520], [1691, 520], [1692, 520], [1693, 520], [1694, 520], [1719, 520], [1720, 520], [1721, 520], [1722, 520], [1723, 520], [1041, 521], [1042, 521], [1047, 521], [1048, 521], [1051, 521], [1052, 521], [1053, 521], [1054, 521], [1055, 521], [1089, 521], [1090, 521], [1091, 521], [1092, 521], [1093, 521], [1094, 521], [1095, 521], [1175, 521], [1176, 521], [1177, 521], [1178, 521], [1179, 521], [1180, 521], [1430, 521], [1431, 521], [1432, 521], [1433, 521], [1434, 521], [1435, 521], [1436, 521], [1437, 521], [1438, 521], [1439, 521], [1440, 521], [1441, 521], [1442, 521], [1443, 521], [1444, 521], [1445, 521], [1446, 521], [1447, 521], [1448, 521], [1449, 521], [1450, 521], [1451, 521], [1452, 521], [1453, 521], [1454, 521], [1455, 521], [1456, 521], [1457, 521], [1458, 521], [1459, 521], [1460, 521], [1461, 521], [1462, 521], [1463, 521], [1464, 521], [1465, 521], [1466, 521], [1467, 521], [1468, 521], [1469, 521], [1470, 521], [1471, 521], [1472, 521], [1473, 521], [1474, 521], [1475, 521], [1476, 521], [1477, 521], [1478, 521], [1479, 521], [1480, 521], [1481, 521], [1482, 521], [1483, 521], [1484, 521], [1485, 521], [1486, 521], [1487, 521], [1488, 521], [1489, 521], [1490, 521], [1491, 521], [1609, 521], [1610, 521], [1611, 521], [1612, 521], [1613, 521], [1614, 521], [1615, 521], [1616, 521], [1617, 521], [1618, 521], [1619, 521], [1620, 521], [1621, 521], [1622, 521], [1623, 521], [1624, 521], [1625, 521], [1626, 521], [1627, 521], [1628, 521], [1629, 521], [1630, 521], [1631, 521], [1632, 521], [1633, 521], [1634, 521], [1635, 521], [1636, 521], [1637, 521], [1638, 521], [1639, 521], [1686, 521], [1687, 521], [1688, 521], [1691, 521], [1692, 521], [1693, 521], [1694, 521], [1695, 521], [1696, 521], [1697, 521], [1720, 521], [1721, 521], [1722, 521], [1723, 521], [1724, 521], [1725, 521], [1041, 522], [1042, 522], [1047, 522], [1048, 522], [1053, 522], [1054, 522], [1055, 522], [1056, 522], [1070, 522], [1071, 522], [1072, 522], [1073, 522], [1074, 522], [1075, 522], [1089, 522], [1090, 522], [1091, 522], [1092, 522], [1093, 522], [1094, 522], [1095, 522], [1096, 522], [1176, 522], [1177, 522], [1178, 522], [1179, 522], [1180, 522], [1181, 522], [1473, 522], [1474, 522], [1475, 522], [1476, 522], [1477, 522], [1478, 522], [1479, 522], [1480, 522], [1481, 522], [1482, 522], [1483, 522], [1484, 522], [1485, 522], [1486, 522], [1487, 522], [1488, 522], [1489, 522], [1490, 522], [1491, 522], [1611, 522], [1612, 522], [1613, 522], [1614, 522], [1615, 522], [1616, 522], [1617, 522], [1619, 522], [1620, 522], [1621, 522], [1622, 522], [1623, 522], [1624, 522], [1625, 522], [1626, 522], [1627, 522], [1628, 522], [1629, 522], [1630, 522], [1631, 522], [1632, 522], [1633, 522], [1686, 522], [1687, 522], [1688, 522], [1689, 522], [1690, 522], [1691, 522], [1693, 522], [1694, 522], [1695, 522], [1696, 522], [1697, 522], [1698, 522], [1699, 522], [1700, 522], [1722, 522], [1723, 522], [1724, 522], [1725, 522], [1726, 522], [1041, 523], [1042, 523], [1043, 523], [1047, 523], [1048, 523], [1054, 523], [1055, 523], [1056, 523], [1070, 523], [1071, 523], [1072, 523], [1073, 523], [1074, 523], [1075, 523], [1076, 523], [1090, 523], [1091, 523], [1092, 523], [1093, 523], [1094, 523], [1095, 523], [1096, 523], [1177, 523], [1178, 523], [1179, 523], [1180, 523], [1181, 523], [1182, 523], [1614, 523], [1615, 523], [1616, 523], [1617, 523], [1618, 523], [1619, 523], [1620, 523], [1621, 523], [1622, 523], [1623, 523], [1624, 523], [1625, 523], [1687, 523], [1688, 523], [1689, 523], [1690, 523], [1691, 523], [1692, 523], [1693, 523], [1696, 523], [1697, 523], [1698, 523], [1699, 523], [1700, 523], [1701, 523], [1702, 523], [1703, 523], [1724, 523], [1725, 523], [1726, 523], [1727, 523], [1728, 523], [1041, 524], [1042, 524], [1043, 524], [1047, 524], [1048, 524], [1055, 524], [1056, 524], [1070, 524], [1071, 524], [1072, 524], [1073, 524], [1074, 524], [1075, 524], [1076, 524], [1091, 524], [1092, 524], [1093, 524], [1094, 524], [1095, 524], [1096, 524], [1178, 524], [1179, 524], [1180, 524], [1181, 524], [1182, 524], [1183, 524], [1617, 524], [1618, 524], [1619, 524], [1620, 524], [1621, 524], [1622, 524], [1623, 524], [1624, 524], [1625, 524], [1626, 524], [1627, 524], [1628, 524], [1629, 524], [1630, 524], [1631, 524], [1632, 524], [1633, 524], [1634, 524], [1635, 524], [1636, 524], [1637, 524], [1638, 524], [1639, 524], [1640, 524], [1641, 524], [1642, 524], [1643, 524], [1644, 524], [1645, 524], [1646, 524], [1647, 524], [1648, 524], [1649, 524], [1650, 524], [1651, 524], [1652, 524], [1653, 524], [1654, 524], [1655, 524], [1656, 524], [1657, 524], [1658, 524], [1659, 524], [1660, 524], [1661, 524], [1662, 524], [1663, 524], [1664, 524], [1665, 524], [1666, 524], [1667, 524], [1668, 524], [1669, 524], [1670, 524], [1671, 524], [1672, 524], [1673, 524], [1674, 524], [1675, 524], [1676, 524], [1677, 524], [1678, 524], [1690, 524], [1691, 524], [1692, 524], [1693, 524], [1694, 524], [1699, 524], [1700, 524], [1701, 524], [1702, 524], [1703, 524], [1704, 524], [1705, 524], [1706, 524], [1725, 524], [1726, 524], [1727, 524], [1728, 524], [1729, 524], [1030, 525], [1031, 525], [1042, 525], [1043, 525], [1044, 525], [1045, 525], [1046, 525], [1047, 525], [1048, 525], [1055, 525], [1056, 525], [1068, 525], [1069, 525], [1070, 525], [1071, 525], [1072, 525], [1073, 525], [1075, 525], [1076, 525], [1077, 525], [1092, 525], [1093, 525], [1094, 525], [1095, 525], [1096, 525], [1179, 525], [1180, 525], [1181, 525], [1182, 525], [1183, 525], [1184, 525], [1624, 525], [1625, 525], [1626, 525], [1627, 525], [1628, 525], [1629, 525], [1630, 525], [1631, 525], [1632, 525], [1633, 525], [1634, 525], [1635, 525], [1636, 525], [1637, 525], [1638, 525], [1639, 525], [1640, 525], [1641, 525], [1642, 525], [1643, 525], [1644, 525], [1645, 525], [1646, 525], [1647, 525], [1648, 525], [1649, 525], [1650, 525], [1651, 525], [1652, 525], [1653, 525], [1654, 525], [1655, 525], [1656, 525], [1657, 525], [1658, 525], [1659, 525], [1660, 525], [1661, 525], [1662, 525], [1663, 525], [1664, 525], [1665, 525], [1666, 525], [1667, 525], [1668, 525], [1669, 525], [1670, 525], [1671, 525], [1672, 525], [1673, 525], [1674, 525], [1675, 525], [1676, 525], [1677, 525], [1678, 525], [1679, 525], [1680, 525], [1681, 525], [1682, 525], [1683, 525], [1684, 525], [1685, 525], [1686, 525], [1687, 525], [1692, 525], [1693, 525], [1694, 525], [1702, 525], [1703, 525], [1704, 525], [1705, 525], [1706, 525], [1707, 525], [1708, 525], [1709, 525], [1710, 525], [1727, 525], [1728, 525], [1729, 525], [1730, 525], [1030, 526], [1031, 526], [1042, 526], [1043, 526], [1044, 526], [1045, 526], [1046, 526], [1047, 526], [1048, 526], [1055, 526], [1056, 526], [1057, 526], [1066, 526], [1067, 526], [1068, 526], [1069, 526], [1070, 526], [1071, 526], [1072, 526], [1073, 526], [1075, 526], [1076, 526], [1077, 526], [1078, 526], [1079, 526], [1080, 526], [1180, 526], [1181, 526], [1182, 526], [1183, 526], [1184, 526], [1185, 526], [1677, 526], [1678, 526], [1679, 526], [1680, 526], [1681, 526], [1682, 526], [1683, 526], [1684, 526], [1685, 526], [1686, 526], [1687, 526], [1688, 526], [1689, 526], [1690, 526], [1691, 526], [1692, 526], [1693, 526], [1694, 526], [1705, 526], [1706, 526], [1707, 526], [1708, 526], [1709, 526], [1710, 526], [1711, 526], [1712, 526], [1713, 526], [1714, 526], [1715, 526], [1716, 526], [1717, 526], [1718, 526], [1719, 526], [1720, 526], [1721, 526], [1722, 526], [1723, 526], [1724, 526], [1725, 526], [1726, 526], [1727, 526], [1729, 526], [1730, 526], [1027, 527], [1028, 527], [1030, 527], [1031, 527], [1055, 527], [1056, 527], [1057, 527], [1058, 527], [1059, 527], [1060, 527], [1061, 527], [1062, 527], [1063, 527], [1064, 527], [1065, 527], [1066, 527], [1067, 527], [1068, 527], [1069, 527], [1076, 527], [1077, 527], [1078, 527], [1079, 527], [1080, 527], [1081, 527], [1082, 527], [1083, 527], [1181, 527], [1182, 527], [1183, 527], [1184, 527], [1185, 527], [1186, 527], [1686, 527], [1687, 527], [1688, 527], [1689, 527], [1690, 527], [1691, 527], [1692, 527], [1693, 527], [1709, 527], [1710, 527], [1711, 527], [1712, 527], [1713, 527], [1714, 527], [1715, 527], [1716, 527], [1717, 527], [1718, 527], [1719, 527], [1720, 527], [1721, 527], [1722, 527], [1723, 527], [1724, 527], [1725, 527], [1726, 527], [1727, 527], [1728, 527], [1729, 527], [1730, 527], [1026, 528], [1027, 528], [1028, 528], [1029, 528], [1030, 528], [1031, 528], [1032, 528], [1056, 528], [1057, 528], [1058, 528], [1059, 528], [1060, 528], [1061, 528], [1062, 528], [1063, 528], [1064, 528], [1065, 528], [1066, 528], [1067, 528], [1079, 528], [1080, 528], [1081, 528], [1082, 528], [1083, 528], [1084, 528], [1085, 528], [1086, 528], [1087, 528], [1088, 528], [1089, 528], [1090, 528], [1091, 528], [1092, 528], [1093, 528], [1094, 528], [1098, 528], [1099, 528], [1100, 528], [1101, 528], [1102, 528], [1103, 528], [1104, 528], [1145, 528], [1146, 528], [1147, 528], [1148, 528], [1149, 528], [1150, 528], [1151, 528], [1152, 528], [1182, 528], [1183, 528], [1184, 528], [1185, 528], [1186, 528], [1187, 528], [1727, 528], [1728, 528], [1729, 528], [1730, 528], [1027, 529], [1028, 529], [1029, 529], [1030, 529], [1031, 529], [1032, 529], [1033, 529], [1034, 529], [1035, 529], [1036, 529], [1037, 529], [1038, 529], [1039, 529], [1040, 529], [1041, 529], [1042, 529], [1043, 529], [1044, 529], [1045, 529], [1046, 529], [1047, 529], [1048, 529], [1049, 529], [1050, 529], [1051, 529], [1052, 529], [1053, 529], [1054, 529], [1055, 529], [1056, 529], [1057, 529], [1058, 529], [1059, 529], [1060, 529], [1061, 529], [1062, 529], [1065, 529], [1066, 529], [1067, 529], [1068, 529], [1069, 529], [1070, 529], [1071, 529], [1072, 529], [1073, 529], [1074, 529], [1075, 529], [1076, 529], [1077, 529], [1078, 529], [1079, 529], [1082, 529], [1083, 529], [1084, 529], [1085, 529], [1086, 529], [1087, 529], [1088, 529], [1089, 529], [1090, 529], [1091, 529], [1092, 529], [1093, 529], [1094, 529], [1095, 529], [1096, 529], [1097, 529], [1098, 529], [1099, 529], [1100, 529], [1101, 529], [1102, 529], [1103, 529], [1104, 529], [1105, 529], [1106, 529], [1107, 529], [1108, 529], [1109, 529], [1110, 529], [1111, 529], [1112, 529], [1113, 529], [1114, 529], [1115, 529], [1116, 529], [1117, 529], [1118, 529], [1119, 529], [1120, 529], [1121, 529], [1122, 529], [1123, 529], [1124, 529], [1125, 529], [1126, 529], [1127, 529], [1128, 529], [1129, 529], [1130, 529], [1131, 529], [1132, 529], [1133, 529], [1134, 529], [1135, 529], [1136, 529], [1137, 529], [1138, 529], [1139, 529], [1140, 529], [1141, 529], [1142, 529], [1143, 529], [1144, 529], [1145, 529], [1146, 529], [1147, 529], [1148, 529], [1149, 529], [1150, 529], [1151, 529], [1152, 529], [1153, 529], [1154, 529], [1155, 529], [1156, 529], [1157, 529], [1158, 529], [1159, 529], [1160, 529], [1161, 529], [1162, 529], [1163, 529], [1164, 529], [1165, 529], [1166, 529], [1167, 529], [1168, 529], [1169, 529], [1170, 529], [1171, 529], [1172, 529], [1173, 529], [1174, 529], [1175, 529], [1176, 529], [1177, 529], [1178, 529], [1179, 529], [1180, 529], [1181, 529], [1182, 529], [1183, 529], [1184, 529], [1185, 529], [1186, 529], [1187, 529], [1188, 529], [1022, 530], [1023, 530], [1024, 530], [1025, 530], [1026, 530], [1027, 530], [1028, 530], [1029, 530], [1031, 530], [1032, 530], [1033, 530], [1034, 530], [1035, 530], [1036, 530], [1037, 530], [1038, 530], [1039, 530], [1040, 530], [1041, 530], [1042, 530], [1043, 530], [1044, 530], [1045, 530], [1046, 530], [1047, 530], [1048, 530], [1049, 530], [1050, 530], [1051, 530], [1052, 530], [1053, 530], [1054, 530], [1055, 530], [1056, 530], [1057, 530], [1058, 530], [1059, 530], [1060, 530], [1061, 530], [1062, 530], [1063, 530], [1064, 530], [1065, 530], [1066, 530], [1067, 530], [1068, 530], [1069, 530], [1070, 530], [1071, 530], [1072, 530], [1073, 530], [1074, 530], [1075, 530], [1076, 530], [1077, 530], [1078, 530], [1079, 530], [1080, 530], [1081, 530], [1082, 530], [1083, 530], [1084, 530], [1085, 530], [1086, 530], [1087, 530], [1088, 530], [1089, 530], [1090, 530], [1091, 530], [1092, 530], [1093, 530], [1094, 530], [1098, 530], [1099, 530], [1100, 530], [1101, 530], [1102, 530], [1103, 530], [1104, 530], [1114, 530], [1115, 530], [1116, 530], [1117, 530], [1118, 530], [1119, 530], [1120, 530], [1121, 530], [1122, 530], [1123, 530], [1124, 530], [1125, 530], [1126, 530], [1127, 530], [1128, 530], [1129, 530], [1130, 530], [1131, 530], [1132, 530], [1133, 530], [1134, 530], [1135, 530], [1136, 530], [1137, 530], [1138, 530], [1139, 530], [1140, 530], [1141, 530], [1142, 530], [1143, 530], [1144, 530], [1145, 530], [1146, 530], [1147, 530], [1148, 530], [1149, 530], [1150, 530], [1151, 530], [1152, 530], [1153, 530], [1154, 530], [1155, 530], [1156, 530], [1157, 530], [1158, 530], [1159, 530], [1160, 530], [1161, 530], [1162, 530], [1163, 530], [1164, 530], [1165, 530], [1166, 530], [1167, 530], [1168, 530], [1169, 530], [1170, 530], [1171, 530], [1172, 530], [1173, 530], [1174, 530], [1175, 530], [1176, 530], [1177, 530], [1178, 530], [1179, 530], [1180, 530], [1181, 530], [1182, 530], [1183, 530], [1184, 530], [1186, 530], [1187, 530], [1188, 530], [1020, 531], [1021, 531], [1022, 531], [1023, 531], [1024, 531], [1025, 531], [1026, 531], [1027, 531], [1028, 531], [1057, 531], [1058, 531], [1059, 531], [1060, 531], [1061, 531], [1062, 531], [1063, 531], [1064, 531], [1065, 531], [1066, 531], [1078, 531], [1079, 531], [1080, 531], [1081, 531], [1082, 531], [1083, 531], [1084, 531], [1085, 531], [1086, 531], [1087, 531], [1088, 531], [1089, 531], [1090, 531], [1091, 531], [1092, 531], [1093, 531], [1094, 531], [1095, 531], [1096, 531], [1097, 531], [1098, 531], [1099, 531], [1100, 531], [1101, 531], [1102, 531], [1103, 531], [1104, 531], [1105, 531], [1106, 531], [1107, 531], [1108, 531], [1109, 531], [1110, 531], [1111, 531], [1112, 531], [1113, 531], [1114, 531], [1115, 531], [1116, 531], [1117, 531], [1118, 531], [1119, 531], [1120, 531], [1121, 531], [1122, 531], [1123, 531], [1124, 531], [1125, 531], [1126, 531], [1127, 531], [1128, 531], [1129, 531], [1130, 531], [1131, 531], [1132, 531], [1133, 531], [1134, 531], [1135, 531], [1136, 531], [1137, 531], [1138, 531], [1139, 531], [1140, 531], [1141, 531], [1142, 531], [1143, 531], [1144, 531], [1145, 531], [1146, 531], [1147, 531], [1148, 531], [1149, 531], [1150, 531], [1151, 531], [1152, 531], [1153, 531], [1154, 531], [1155, 531], [1156, 531], [1157, 531], [1158, 531], [1159, 531], [1160, 531], [1161, 531], [1162, 531], [1163, 531], [1164, 531], [1165, 531], [1166, 531], [1167, 531], [1168, 531], [1169, 531], [1170, 531], [1171, 531], [1172, 531], [1173, 531], [1174, 531], [1175, 531], [1176, 531], [1177, 531], [1178, 531], [1179, 531], [1180, 531], [1181, 531], [1182, 531], [1183, 531], [1184, 531], [1185, 531], [1186, 531], [1187, 531], [1188, 531], [1114, 532], [1115, 532], [1116, 532], [1117, 532], [1118, 532], [1119, 532], [1120, 532], [1121, 532], [1122, 532], [1123, 532], [1124, 532], [1125, 532], [1126, 532], [1127, 532], [1128, 532], [1129, 532], [1130, 532], [1131, 532], [1132, 532], [1133, 532], [1134, 532], [1135, 532], [1136, 532], [1137, 532], [1138, 532], [1139, 532], [1140, 532], [1141, 532], [1142, 532], [1143, 532], [1144, 532], [1145, 532], [1146, 532], [1147, 532], [1148, 532], [1151, 532], [1152, 532], [1153, 532], [1154, 532], [1155, 532], [1156, 532], [1157, 532], [1158, 532], [1159, 532], [1160, 532], [1161, 532], [1162, 532], [1163, 532], [1164, 532], [1165, 532], [1166, 532], [1167, 532], [1168, 532], [1169, 532], [1170, 532], [1171, 532], [1172, 532], [1173, 532], [1174, 532], [1175, 532], [1176, 532], [1177, 532], [1178, 532], [1179, 532], [1180, 532], [1181, 532], [1182, 532], [1183, 532], [1184, 532], [1185, 532], [1186, 532], [1187, 532], [1188, 532], [1304, 694], [1305, 694], [1306, 694], [1307, 694], [1308, 694], [1309, 694], [1310, 694], [1311, 694], [1312, 694], [1313, 694], [1314, 694], [1315, 694], [1319, 694], [1320, 694], [1321, 694], [1322, 694], [1323, 694], [1338, 694], [1339, 694], [1340, 694], [1341, 694], [1342, 694], [1343, 694], [1344, 694], [1345, 694], [1346, 694], [1347, 694], [1348, 694], [1349, 694], [1350, 694], [1351, 694], [1352, 694], [1353, 694], [1354, 694], [1355, 694], [1356, 694], [1357, 694], [1358, 694], [1359, 694], [1360, 694], [1361, 694], [1362, 694], [1365, 694], [1366, 694], [1367, 694], [1368, 694], [1369, 694], [1370, 694], [1371, 694], [1372, 694], [1373, 694], [1374, 694], [1375, 694], [1376, 694], [1377, 694], [1378, 694], [1379, 694], [1380, 694], [1255, 695], [1256, 695], [1257, 695], [1270, 695], [1271, 695], [1272, 695], [1273, 695], [1274, 695], [1275, 695], [1276, 695], [1277, 695], [1278, 695], [1279, 695], [1280, 695], [1281, 695], [1282, 695], [1283, 695], [1284, 695], [1285, 695], [1286, 695], [1287, 695], [1288, 695], [1289, 695], [1290, 695], [1291, 695], [1292, 695], [1293, 695], [1294, 695], [1295, 695], [1296, 695], [1297, 695], [1298, 695], [1299, 695], [1300, 695], [1301, 695], [1302, 695], [1303, 695], [1304, 695], [1305, 695], [1306, 695], [1307, 695], [1308, 695], [1309, 695], [1310, 695], [1311, 695], [1312, 695], [1313, 695], [1314, 695], [1315, 695], [1316, 695], [1317, 695], [1318, 695], [1319, 695], [1320, 695], [1321, 695], [1322, 695], [1323, 695], [1324, 695], [1325, 695], [1326, 695], [1327, 695], [1328, 695], [1329, 695], [1330, 695], [1331, 695], [1332, 695], [1333, 695], [1334, 695], [1335, 695], [1336, 695], [1337, 695], [1338, 695], [1339, 695], [1340, 695], [1341, 695], [1342, 695], [1343, 695], [1344, 695], [1345, 695], [1346, 695], [1347, 695], [1348, 695], [1349, 695], [1350, 695], [1351, 695], [1352, 695], [1353, 695], [1354, 695], [1355, 695], [1356, 695], [1357, 695], [1358, 695], [1359, 695], [1360, 695], [1361, 695], [1362, 695], [1363, 695], [1364, 695], [1365, 695], [1366, 695], [1367, 695], [1368, 695], [1369, 695], [1370, 695], [1371, 695], [1372, 695], [1373, 695], [1374, 695], [1375, 695], [1376, 695], [1377, 695], [1378, 695], [1379, 695], [1380, 695], [1381, 695], [1382, 695], [1383, 695], [1384, 695], [1385, 695], [1386, 695], [1387, 695], [1388, 695], [1389, 695], [1390, 695], [1391, 695], [1392, 695], [1393, 695], [1394, 695], [1395, 695], [1396, 695], [1397, 695], [1398, 695], [1399, 695], [1400, 695], [1401, 695], [1402, 695], [1403, 695], [1404, 695], [1405, 695], [1406, 695], [1417, 695], [1418, 695], [1419, 695], [1420, 695], [1421, 695], [1422, 695], [1249, 696], [1250, 696], [1251, 696], [1252, 696], [1253, 696], [1254, 696], [1255, 696], [1256, 696], [1257, 696], [1258, 696], [1259, 696], [1260, 696], [1261, 696], [1262, 696], [1263, 696], [1264, 696], [1265, 696], [1266, 696], [1267, 696], [1268, 696], [1269, 696], [1270, 696], [1271, 696], [1272, 696], [1273, 696], [1274, 696], [1275, 696], [1276, 696], [1277, 696], [1278, 696], [1279, 696], [1280, 696], [1281, 696], [1282, 696], [1283, 696], [1284, 696], [1285, 696], [1286, 696], [1287, 696], [1288, 696], [1289, 696], [1290, 696], [1291, 696], [1292, 696], [1293, 696], [1294, 696], [1295, 696], [1296, 696], [1297, 696], [1298, 696], [1299, 696], [1300, 696], [1301, 696], [1302, 696], [1303, 696], [1304, 696], [1305, 696], [1314, 696], [1315, 696], [1316, 696], [1317, 696], [1318, 696], [1319, 696], [1320, 696], [1322, 696], [1323, 696], [1324, 696], [1325, 696], [1326, 696], [1327, 696], [1328, 696], [1329, 696], [1330, 696], [1331, 696], [1332, 696], [1333, 696], [1334, 696], [1335, 696], [1336, 696], [1337, 696], [1338, 696], [1339, 696], [1361, 696], [1362, 696], [1363, 696], [1364, 696], [1365, 696], [1366, 696], [1379, 696], [1380, 696], [1381, 696], [1382, 696], [1383, 696], [1384, 696], [1385, 696], [1386, 696], [1387, 696], [1388, 696], [1389, 696], [1390, 696], [1391, 696], [1392, 696], [1393, 696], [1394, 696], [1395, 696], [1396, 696], [1397, 696], [1398, 696], [1399, 696], [1400, 696], [1401, 696], [1402, 696], [1403, 696], [1404, 696], [1405, 696], [1406, 696], [1407, 696], [1408, 696], [1409, 696], [1410, 696], [1411, 696], [1412, 696], [1413, 696], [1414, 696], [1415, 696], [1416, 696], [1417, 696], [1418, 696], [1419, 696], [1420, 696], [1421, 696], [1422, 696], [1423, 696], [1424, 696], [1425, 696], [1426, 696], [1427, 696], [1428, 696], [1429, 696], [1430, 696], [1431, 696], [1432, 696], [1433, 696], [1434, 696], [1435, 696], [1436, 696], [1437, 696], [1438, 696], [1439, 696], [1441, 696], [1442, 696], [1443, 696], [1444, 696], [1445, 696], [1446, 696], [1447, 696], [1448, 696], [1449, 696], [1237, 697], [1238, 697], [1239, 697], [1240, 697], [1241, 697], [1242, 697], [1243, 697], [1244, 697], [1245, 697], [1246, 697], [1247, 697], [1248, 697], [1249, 697], [1250, 697], [1251, 697], [1252, 697], [1253, 697], [1254, 697], [1255, 697], [1256, 697], [1257, 697], [1258, 697], [1259, 697], [1260, 697], [1261, 697], [1262, 697], [1263, 697], [1264, 697], [1265, 697], [1266, 697], [1267, 697], [1268, 697], [1269, 697], [1270, 697], [1271, 697], [1289, 697], [1290, 697], [1291, 697], [1292, 697], [1371, 697], [1372, 697], [1373, 697], [1374, 697], [1375, 697], [1405, 697], [1406, 697], [1407, 697], [1408, 697], [1409, 697], [1410, 697], [1411, 697], [1412, 697], [1413, 697], [1414, 697], [1415, 697], [1416, 697], [1417, 697], [1418, 697], [1421, 697], [1422, 697], [1423, 697], [1424, 697], [1425, 697], [1426, 697], [1427, 697], [1428, 697], [1429, 697], [1430, 697], [1431, 697], [1432, 697], [1433, 697], [1434, 697], [1435, 697], [1436, 697], [1437, 697], [1438, 697], [1439, 697], [1440, 697], [1441, 697], [1442, 697], [1443, 697], [1444, 697], [1445, 697], [1446, 697], [1447, 697], [1448, 697], [1449, 697], [1450, 697], [1451, 697], [1452, 697], [1453, 697], [1454, 697], [1455, 697], [1456, 697], [1457, 697], [1458, 697], [1459, 697], [1460, 697], [1461, 697], [1462, 697], [1463, 697], [1464, 697], [1465, 697], [1466, 697], [1467, 697], [1468, 697], [1469, 697], [1470, 697], [1471, 697], [1472, 697], [1473, 697], [1474, 697], [1475, 697], [1476, 697], [1477, 697], [1489, 697], [1490, 697], [1491, 697], [1492, 697], [1493, 697], [1494, 697], [1495, 697], [1496, 697], [1497, 697], [1498, 697], [1499, 697], [1507, 697], [1508, 697], [1509, 697], [1510, 697], [1218, 698], [1219, 698], [1220, 698], [1221, 698], [1222, 698], [1223, 698], [1224, 698], [1225, 698], [1226, 698], [1227, 698], [1228, 698], [1229, 698], [1230, 698], [1231, 698], [1232, 698], [1233, 698], [1234, 698], [1235, 698], [1236, 698], [1237, 698], [1238, 698], [1239, 698], [1240, 698], [1241, 698], [1242, 698], [1243, 698], [1244, 698], [1245, 698], [1246, 698], [1247, 698], [1248, 698], [1249, 698], [1250, 698], [1279, 698], [1280, 698], [1281, 698], [1282, 698], [1296, 698], [1297, 698], [1298, 698], [1299, 698], [1300, 698], [1301, 698], [1302, 698], [1303, 698], [1304, 698], [1305, 698], [1306, 698], [1307, 698], [1308, 698], [1309, 698], [1310, 698], [1311, 698], [1312, 698], [1313, 698], [1314, 698], [1315, 698], [1316, 698], [1317, 698], [1318, 698], [1342, 698], [1343, 698], [1344, 698], [1345, 698], [1346, 698], [1347, 698], [1348, 698], [1349, 698], [1350, 698], [1351, 698], [1352, 698], [1353, 698], [1354, 698], [1355, 698], [1356, 698], [1357, 698], [1358, 698], [1359, 698], [1360, 698], [1361, 698], [1362, 698], [1363, 698], [1364, 698], [1365, 698], [1366, 698], [1367, 698], [1368, 698], [1369, 698], [1370, 698], [1371, 698], [1372, 698], [1373, 698], [1374, 698], [1375, 698], [1376, 698], [1377, 698], [1378, 698], [1379, 698], [1380, 698], [1381, 698], [1382, 698], [1383, 698], [1438, 698], [1439, 698], [1440, 698], [1441, 698], [1442, 698], [1448, 698], [1449, 698], [1450, 698], [1451, 698], [1452, 698], [1453, 698], [1454, 698], [1455, 698], [1456, 698], [1457, 698], [1458, 698], [1459, 698], [1460, 698], [1461, 698], [1462, 698], [1463, 698], [1464, 698], [1465, 698], [1466, 698], [1467, 698], [1468, 698], [1469, 698], [1470, 698], [1471, 698], [1472, 698], [1473, 698], [1474, 698], [1475, 698], [1476, 698], [1477, 698], [1478, 698], [1479, 698], [1480, 698], [1481, 698], [1482, 698], [1483, 698], [1484, 698], [1485, 698], [1488, 698], [1489, 698], [1490, 698], [1491, 698], [1492, 698], [1493, 698], [1494, 698], [1495, 698], [1496, 698], [1497, 698], [1498, 698], [1499, 698], [1500, 698], [1501, 698], [1502, 698], [1503, 698], [1504, 698], [1505, 698], [1506, 698], [1507, 698], [1508, 698], [1509, 698], [1510, 698], [1511, 698], [1512, 698], [1513, 698], [1514, 698], [1515, 698], [1181, 699], [1182, 699], [1183, 699], [1184, 699], [1185, 699], [1186, 699], [1187, 699], [1188, 699], [1189, 699], [1190, 699], [1191, 699], [1192, 699], [1193, 699], [1194, 699], [1195, 699], [1196, 699], [1197, 699], [1198, 699], [1199, 699], [1200, 699], [1201, 699], [1202, 699], [1203, 699], [1204, 699], [1205, 699], [1208, 699], [1209, 699], [1210, 699], [1211, 699], [1212, 699], [1213, 699], [1214, 699], [1215, 699], [1216, 699], [1217, 699], [1218, 699], [1219, 699], [1220, 699], [1221, 699], [1222, 699], [1223, 699], [1224, 699], [1225, 699], [1226, 699], [1227, 699], [1228, 699], [1229, 699], [1230, 699], [1231, 699], [1232, 699], [1233, 699], [1234, 699], [1235, 699], [1236, 699], [1237, 699], [1238, 699], [1257, 699], [1258, 699], [1259, 699], [1260, 699], [1261, 699], [1262, 699], [1263, 699], [1264, 699], [1265, 699], [1266, 699], [1267, 699], [1268, 699], [1271, 699], [1272, 699], [1273, 699], [1274, 699], [1275, 699], [1276, 699], [1277, 699], [1278, 699], [1279, 699], [1280, 699], [1281, 699], [1282, 699], [1283, 699], [1284, 699], [1285, 699], [1286, 699], [1287, 699], [1288, 699], [1289, 699], [1290, 699], [1291, 699], [1292, 699], [1293, 699], [1294, 699], [1295, 699], [1296, 699], [1297, 699], [1298, 699], [1299, 699], [1300, 699], [1301, 699], [1302, 699], [1303, 699], [1304, 699], [1305, 699], [1306, 699], [1307, 699], [1308, 699], [1309, 699], [1310, 699], [1311, 699], [1312, 699], [1313, 699], [1314, 699], [1315, 699], [1316, 699], [1317, 699], [1318, 699], [1319, 699], [1320, 699], [1321, 699], [1322, 699], [1326, 699], [1327, 699], [1328, 699], [1329, 699], [1330, 699], [1331, 699], [1332, 699], [1333, 699], [1334, 699], [1335, 699], [1336, 699], [1337, 699], [1338, 699], [1339, 699], [1340, 699], [1341, 699], [1342, 699], [1343, 699], [1344, 699], [1345, 699], [1346, 699], [1347, 699], [1348, 699], [1349, 699], [1350, 699], [1351, 699], [1352, 699], [1353, 699], [1354, 699], [1355, 699], [1356, 699], [1357, 699], [1358, 699], [1359, 699], [1360, 699], [1361, 699], [1362, 699], [1363, 699], [1364, 699], [1365, 699], [1366, 699], [1367, 699], [1368, 699], [1369, 699], [1370, 699], [1371, 699], [1372, 699], [1373, 699], [1374, 699], [1375, 699], [1376, 699], [1377, 699], [1378, 699], [1379, 699], [1380, 699], [1381, 699], [1382, 699], [1383, 699], [1384, 699], [1385, 699], [1386, 699], [1387, 699], [1392, 699], [1393, 699], [1394, 699], [1395, 699], [1396, 699], [1397, 699], [1398, 699], [1399, 699], [1400, 699], [1401, 699], [1402, 699], [1403, 699], [1404, 699], [1405, 699], [1406, 699], [1470, 699], [1471, 699], [1472, 699], [1473, 699], [1476, 699], [1477, 699], [1478, 699], [1479, 699], [1480, 699], [1481, 699], [1482, 699], [1483, 699], [1484, 699], [1485, 699], [1486, 699], [1487, 699], [1488, 699], [1489, 699], [1490, 699], [1498, 699], [1499, 699], [1500, 699], [1501, 699], [1502, 699], [1503, 699], [1504, 699], [1505, 699], [1506, 699], [1507, 699], [1508, 699], [1509, 699], [1510, 699], [1511, 699], [1512, 699], [1513, 699], [1514, 699], [1515, 699], [1516, 699], [1517, 699], [1518, 699], [1519, 699], [1520, 699], [1530, 699], [1531, 699], [1532, 699], [1533, 699], [1534, 699], [1535, 699], [1536, 699], [1542, 699], [1543, 699], [1544, 699], [1545, 699], [1546, 699], [1547, 699], [1548, 699], [1549, 699], [1571, 699], [1572, 699], [1573, 699], [1574, 699], [1152, 700], [1153, 700], [1154, 700], [1155, 700], [1156, 700], [1157, 700], [1158, 700], [1159, 700], [1160, 700], [1161, 700], [1162, 700], [1163, 700], [1164, 700], [1165, 700], [1166, 700], [1167, 700], [1168, 700], [1169, 700], [1170, 700], [1171, 700], [1172, 700], [1173, 700], [1174, 700], [1175, 700], [1176, 700], [1177, 700], [1178, 700], [1179, 700], [1180, 700], [1181, 700], [1182, 700], [1183, 700], [1184, 700], [1185, 700], [1186, 700], [1187, 700], [1188, 700], [1189, 700], [1190, 700], [1191, 700], [1192, 700], [1193, 700], [1194, 700], [1195, 700], [1196, 700], [1197, 700], [1198, 700], [1199, 700], [1200, 700], [1201, 700], [1202, 700], [1203, 700], [1204, 700], [1205, 700], [1206, 700], [1207, 700], [1208, 700], [1209, 700], [1210, 700], [1211, 700], [1212, 700], [1213, 700], [1214, 700], [1215, 700], [1216, 700], [1217, 700], [1218, 700], [1219, 700], [1246, 700], [1247, 700], [1248, 700], [1249, 700], [1250, 700], [1251, 700], [1252, 700], [1253, 700], [1254, 700], [1255, 700], [1256, 700], [1257, 700], [1258, 700], [1259, 700], [1260, 700], [1261, 700], [1262, 700], [1263, 700], [1264, 700], [1265, 700], [1266, 700], [1267, 700], [1268, 700], [1269, 700], [1270, 700], [1271, 700], [1272, 700], [1273, 700], [1274, 700], [1275, 700], [1276, 700], [1277, 700], [1278, 700], [1279, 700], [1280, 700], [1281, 700], [1282, 700], [1283, 700], [1284, 700], [1285, 700], [1286, 700], [1287, 700], [1288, 700], [1289, 700], [1290, 700], [1291, 700], [1292, 700], [1293, 700], [1294, 700], [1295, 700], [1296, 700], [1297, 700], [1308, 700], [1309, 700], [1310, 700], [1311, 700], [1312, 700], [1317, 700], [1318, 700], [1319, 700], [1320, 700], [1321, 700], [1322, 700], [1323, 700], [1324, 700], [1325, 700], [1326, 700], [1327, 700], [1328, 700], [1329, 700], [1330, 700], [1331, 700], [1332, 700], [1333, 700], [1334, 700], [1335, 700], [1336, 700], [1337, 700], [1338, 700], [1339, 700], [1340, 700], [1341, 700], [1342, 700], [1343, 700], [1382, 700], [1383, 700], [1384, 700], [1385, 700], [1386, 700], [1387, 700], [1388, 700], [1389, 700], [1390, 700], [1391, 700], [1392, 700], [1393, 700], [1394, 700], [1395, 700], [1396, 700], [1397, 700], [1398, 700], [1399, 700], [1400, 700], [1401, 700], [1402, 700], [1403, 700], [1404, 700], [1405, 700], [1406, 700], [1407, 700], [1408, 700], [1429, 700], [1430, 700], [1431, 700], [1484, 700], [1485, 700], [1486, 700], [1487, 700], [1488, 700], [1489, 700], [1514, 700], [1515, 700], [1516, 700], [1517, 700], [1518, 700], [1519, 700], [1520, 700], [1521, 700], [1522, 700], [1523, 700], [1524, 700], [1525, 700], [1526, 700], [1527, 700], [1528, 700], [1529, 700], [1530, 700], [1531, 700], [1532, 700], [1533, 700], [1534, 700], [1535, 700], [1536, 700], [1537, 700], [1538, 700], [1539, 700], [1540, 700], [1541, 700], [1542, 700], [1543, 700], [1544, 700], [1545, 700], [1546, 700], [1547, 700], [1548, 700], [1549, 700], [1550, 700], [1551, 700], [1552, 700], [1553, 700], [1554, 700], [1555, 700], [1556, 700], [1557, 700], [1558, 700], [1559, 700], [1560, 700], [1561, 700], [1562, 700], [1563, 700], [1564, 700], [1565, 700], [1566, 700], [1567, 700], [1568, 700], [1569, 700], [1570, 700], [1571, 700], [1572, 700], [1573, 700], [1574, 700], [1575, 700], [1576, 700], [1577, 700], [1578, 700], [1579, 700], [1580, 700], [1581, 700], [1582, 700], [1583, 700], [1584, 700], [1585, 700], [1586, 700], [1590, 700], [1591, 700], [1592, 700], [1595, 700], [1596, 700], [1597, 700], [1598, 700], [1599, 700], [1600, 700], [1601, 700], [1602, 700], [1603, 700], [1604, 700], [1605, 700], [1606, 700], [1607, 700], [1608, 700], [1609, 700], [1610, 700], [1611, 700], [1612, 700], [1613, 700], [1614, 700], [1615, 700], [1616, 700], [1617, 700], [1618, 700], [1619, 700], [1620, 700], [1621, 700], [1622, 700], [1623, 700], [1624, 700], [1625, 700], [1626, 700], [1627, 700], [1628, 700], [1629, 700], [1630, 700], [1642, 700], [1643, 700], [1644, 700], [1645, 700], [1646, 700], [1647, 700], [1648, 700], [1649, 700], [1151, 701], [1152, 701], [1153, 701], [1154, 701], [1155, 701], [1156, 701], [1157, 701], [1158, 701], [1159, 701], [1160, 701], [1161, 701], [1162, 701], [1163, 701], [1164, 701], [1165, 701], [1166, 701], [1167, 701], [1168, 701], [1169, 701], [1170, 701], [1171, 701], [1172, 701], [1173, 701], [1174, 701], [1175, 701], [1176, 701], [1177, 701], [1178, 701], [1179, 701], [1180, 701], [1181, 701], [1182, 701], [1204, 701], [1205, 701], [1206, 701], [1207, 701], [1208, 701], [1209, 701], [1242, 701], [1243, 701], [1244, 701], [1245, 701], [1246, 701], [1247, 701], [1248, 701], [1249, 701], [1250, 701], [1251, 701], [1252, 701], [1253, 701], [1254, 701], [1255, 701], [1256, 701], [1257, 701], [1258, 701], [1265, 701], [1266, 701], [1267, 701], [1268, 701], [1269, 701], [1270, 701], [1271, 701], [1272, 701], [1321, 701], [1322, 701], [1323, 701], [1324, 701], [1325, 701], [1326, 701], [1327, 701], [1386, 701], [1387, 701], [1388, 701], [1389, 701], [1390, 701], [1391, 701], [1392, 701], [1393, 701], [1405, 701], [1406, 701], [1407, 701], [1408, 701], [1409, 701], [1410, 701], [1411, 701], [1422, 701], [1423, 701], [1424, 701], [1425, 701], [1426, 701], [1427, 701], [1428, 701], [1429, 701], [1430, 701], [1431, 701], [1432, 701], [1433, 701], [1434, 701], [1435, 701], [1436, 701], [1519, 701], [1520, 701], [1521, 701], [1522, 701], [1523, 701], [1524, 701], [1525, 701], [1526, 701], [1527, 701], [1528, 701], [1529, 701], [1530, 701], [1531, 701], [1535, 701], [1536, 701], [1537, 701], [1538, 701], [1539, 701], [1540, 701], [1541, 701], [1542, 701], [1543, 701], [1548, 701], [1549, 701], [1550, 701], [1551, 701], [1552, 701], [1553, 701], [1554, 701], [1555, 701], [1556, 701], [1557, 701], [1558, 701], [1559, 701], [1560, 701], [1561, 701], [1562, 701], [1563, 701], [1564, 701], [1565, 701], [1566, 701], [1567, 701], [1568, 701], [1569, 701], [1570, 701], [1571, 701], [1572, 701], [1573, 701], [1574, 701], [1575, 701], [1576, 701], [1577, 701], [1578, 701], [1579, 701], [1580, 701], [1581, 701], [1582, 701], [1583, 701], [1584, 701], [1585, 701], [1586, 701], [1587, 701], [1588, 701], [1589, 701], [1590, 701], [1591, 701], [1592, 701], [1593, 701], [1594, 701], [1595, 701], [1596, 701], [1597, 701], [1598, 701], [1599, 701], [1600, 701], [1601, 701], [1602, 701], [1603, 701], [1604, 701], [1605, 701], [1606, 701], [1607, 701], [1608, 701], [1609, 701], [1610, 701], [1611, 701], [1612, 701], [1613, 701], [1614, 701], [1615, 701], [1616, 701], [1617, 701], [1618, 701], [1619, 701], [1620, 701], [1621, 701], [1622, 701], [1623, 701], [1624, 701], [1625, 701], [1626, 701], [1627, 701], [1628, 701], [1629, 701], [1630, 701], [1631, 701], [1632, 701], [1633, 701], [1634, 701], [1635, 701], [1636, 701], [1637, 701], [1638, 701], [1639, 701], [1640, 701], [1641, 701], [1642, 701], [1643, 701], [1644, 701], [1645, 701], [1646, 701], [1647, 701], [1648, 701], [1649, 701], [1650, 701], [1651, 701], [1652, 701], [1653, 701], [1654, 701], [1655, 701], [1656, 701], [1657, 701], [1660, 701], [1661, 701], [1662, 701], [1087, 702], [1088, 702], [1089, 702], [1090, 702], [1091, 702], [1100, 702], [1101, 702], [1102, 702], [1103, 702], [1145, 702], [1146, 702], [1147, 702], [1148, 702], [1149, 702], [1150, 702], [1151, 702], [1152, 702], [1153, 702], [1222, 702], [1223, 702], [1224, 702], [1225, 702], [1226, 702], [1227, 702], [1228, 702], [1229, 702], [1231, 702], [1232, 702], [1233, 702], [1234, 702], [1235, 702], [1236, 702], [1237, 702], [1240, 702], [1241, 702], [1242, 702], [1243, 702], [1244, 702], [1245, 702], [1246, 702], [1247, 702], [1407, 702], [1408, 702], [1409, 702], [1410, 702], [1411, 702], [1412, 702], [1413, 702], [1414, 702], [1415, 702], [1416, 702], [1417, 702], [1418, 702], [1419, 702], [1420, 702], [1421, 702], [1422, 702], [1423, 702], [1424, 702], [1425, 702], [1426, 702], [1427, 702], [1428, 702], [1429, 702], [1430, 702], [1431, 702], [1432, 702], [1433, 702], [1434, 702], [1435, 702], [1436, 702], [1437, 702], [1451, 702], [1452, 702], [1453, 702], [1454, 702], [1585, 702], [1586, 702], [1587, 702], [1588, 702], [1589, 702], [1590, 702], [1591, 702], [1592, 702], [1593, 702], [1594, 702], [1595, 702], [1596, 702], [1629, 702], [1630, 702], [1631, 702], [1632, 702], [1633, 702], [1634, 702], [1635, 702], [1636, 702], [1637, 702], [1638, 702], [1639, 702], [1640, 702], [1641, 702], [1642, 702], [1643, 702], [1648, 702], [1649, 702], [1650, 702], [1651, 702], [1652, 702], [1653, 702], [1654, 702], [1655, 702], [1656, 702], [1657, 702], [1658, 702], [1659, 702], [1660, 702], [1661, 702], [1662, 702], [1663, 702], [1664, 702], [1665, 702], [1666, 702], [1667, 702], [1668, 702], [1669, 702], [1670, 702], [1671, 702], [1672, 702], [1673, 702], [1674, 702], [1675, 702], [1676, 702], [1677, 702], [1678, 702], [1679, 702], [1680, 702], [1681, 702], [1682, 702], [1683, 702], [1684, 702], [1685, 702], [1686, 702], [1687, 702], [1688, 702], [1689, 702], [1690, 702], [1086, 703], [1087, 703], [1088, 703], [1089, 703], [1090, 703], [1091, 703], [1092, 703], [1093, 703], [1094, 703], [1095, 703], [1096, 703], [1097, 703], [1098, 703], [1099, 703], [1100, 703], [1101, 703], [1102, 703], [1103, 703], [1104, 703], [1105, 703], [1106, 703], [1107, 703], [1108, 703], [1109, 703], [1110, 703], [1111, 703], [1112, 703], [1113, 703], [1114, 703], [1115, 703], [1116, 703], [1143, 703], [1144, 703], [1145, 703], [1146, 703], [1147, 703], [1148, 703], [1149, 703], [1150, 703], [1151, 703], [1152, 703], [1220, 703], [1221, 703], [1222, 703], [1223, 703], [1224, 703], [1225, 703], [1226, 703], [1227, 703], [1228, 703], [1229, 703], [1230, 703], [1231, 703], [1232, 703], [1233, 703], [1234, 703], [1235, 703], [1236, 703], [1237, 703], [1238, 703], [1239, 703], [1240, 703], [1241, 703], [1242, 703], [1243, 703], [1410, 703], [1411, 703], [1412, 703], [1413, 703], [1414, 703], [1415, 703], [1416, 703], [1417, 703], [1418, 703], [1419, 703], [1420, 703], [1421, 703], [1422, 703], [1423, 703], [1435, 703], [1436, 703], [1437, 703], [1438, 703], [1439, 703], [1440, 703], [1441, 703], [1442, 703], [1443, 703], [1444, 703], [1449, 703], [1450, 703], [1451, 703], [1452, 703], [1453, 703], [1454, 703], [1455, 703], [1456, 703], [1457, 703], [1656, 703], [1657, 703], [1658, 703], [1659, 703], [1660, 703], [1661, 703], [1662, 703], [1663, 703], [1664, 703], [1665, 703], [1666, 703], [1667, 703], [1668, 703], [1669, 703], [1670, 703], [1671, 703], [1672, 703], [1673, 703], [1674, 703], [1675, 703], [1676, 703], [1677, 703], [1678, 703], [1679, 703], [1680, 703], [1681, 703], [1682, 703], [1683, 703], [1684, 703], [1685, 703], [1686, 703], [1687, 703], [1688, 703], [1689, 703], [1690, 703], [1691, 703], [1692, 703], [1693, 703], [1694, 703], [1695, 703], [1696, 703], [1700, 703], [1701, 703], [1702, 703], [1703, 703], [1704, 703], [1705, 703], [1706, 703], [1730, 703], [1731, 703], [1732, 703], [1733, 703], [1734, 703], [1735, 703], [1736, 703], [1737, 703], [1738, 703], [1739, 703], [1740, 703], [1741, 703], [1085, 704], [1086, 704], [1087, 704], [1088, 704], [1090, 704], [1091, 704], [1092, 704], [1093, 704], [1094, 704], [1095, 704], [1096, 704], [1097, 704], [1098, 704], [1099, 704], [1100, 704], [1101, 704], [1102, 704], [1103, 704], [1104, 704], [1105, 704], [1106, 704], [1107, 704], [1108, 704], [1109, 704], [1110, 704], [1111, 704], [1112, 704], [1113, 704], [1114, 704], [1115, 704], [1116, 704], [1117, 704], [1118, 704], [1142, 704], [1143, 704], [1144, 704], [1145, 704], [1146, 704], [1187, 704], [1188, 704], [1189, 704], [1190, 704], [1191, 704], [1192, 704], [1193, 704], [1194, 704], [1195, 704], [1196, 704], [1218, 704], [1219, 704], [1220, 704], [1221, 704], [1222, 704], [1223, 704], [1228, 704], [1229, 704], [1230, 704], [1231, 704], [1232, 704], [1236, 704], [1237, 704], [1238, 704], [1239, 704], [1240, 704], [1241, 704], [1418, 704], [1419, 704], [1420, 704], [1421, 704], [1436, 704], [1437, 704], [1438, 704], [1439, 704], [1440, 704], [1441, 704], [1442, 704], [1443, 704], [1444, 704], [1445, 704], [1446, 704], [1447, 704], [1448, 704], [1449, 704], [1450, 704], [1451, 704], [1452, 704], [1453, 704], [1454, 704], [1455, 704], [1456, 704], [1457, 704], [1458, 704], [1464, 704], [1465, 704], [1466, 704], [1467, 704], [1468, 704], [1469, 704], [1470, 704], [1471, 704], [1472, 704], [1473, 704], [1603, 704], [1604, 704], [1605, 704], [1606, 704], [1607, 704], [1608, 704], [1609, 704], [1610, 704], [1611, 704], [1612, 704], [1613, 704], [1614, 704], [1624, 704], [1625, 704], [1626, 704], [1627, 704], [1689, 704], [1690, 704], [1691, 704], [1692, 704], [1693, 704], [1694, 704], [1695, 704], [1696, 704], [1697, 704], [1698, 704], [1699, 704], [1700, 704], [1701, 704], [1702, 704], [1703, 704], [1704, 704], [1705, 704], [1706, 704], [1707, 704], [1708, 704], [1709, 704], [1710, 704], [1711, 704], [1712, 704], [1713, 704], [1714, 704], [1715, 704], [1716, 704], [1722, 704], [1723, 704], [1724, 704], [1725, 704], [1726, 704], [1727, 704], [1728, 704], [1729, 704], [1730, 704], [1731, 704], [1732, 704], [1733, 704], [1734, 704], [1735, 704], [1736, 704], [1737, 704], [1738, 704], [1739, 704], [1740, 704], [1741, 704], [1742, 704], [1743, 704], [1744, 704], [1745, 704], [1746, 704], [1747, 704], [1748, 704], [1749, 704], [1750, 704], [1751, 704], [1752, 704], [1753, 704], [1754, 704], [1755, 704], [1756, 704], [1757, 704], [1758, 704], [1085, 705], [1086, 705], [1087, 705], [1115, 705], [1116, 705], [1117, 705], [1118, 705], [1119, 705], [1141, 705], [1142, 705], [1143, 705], [1144, 705], [1160, 705], [1161, 705], [1162, 705], [1163, 705], [1164, 705], [1165, 705], [1166, 705], [1167, 705], [1168, 705], [1169, 705], [1170, 705], [1171, 705], [1172, 705], [1173, 705], [1174, 705], [1185, 705], [1186, 705], [1187, 705], [1188, 705], [1189, 705], [1190, 705], [1191, 705], [1192, 705], [1193, 705], [1194, 705], [1195, 705], [1196, 705], [1197, 705], [1198, 705], [1199, 705], [1218, 705], [1219, 705], [1220, 705], [1221, 705], [1443, 705], [1444, 705], [1445, 705], [1446, 705], [1447, 705], [1448, 705], [1449, 705], [1450, 705], [1456, 705], [1457, 705], [1458, 705], [1459, 705], [1463, 705], [1464, 705], [1465, 705], [1466, 705], [1467, 705], [1468, 705], [1469, 705], [1470, 705], [1471, 705], [1472, 705], [1473, 705], [1474, 705], [1475, 705], [1476, 705], [1498, 705], [1499, 705], [1500, 705], [1501, 705], [1502, 705], [1503, 705], [1504, 705], [1505, 705], [1506, 705], [1507, 705], [1508, 705], [1509, 705], [1510, 705], [1511, 705], [1512, 705], [1513, 705], [1514, 705], [1515, 705], [1516, 705], [1517, 705], [1518, 705], [1519, 705], [1520, 705], [1521, 705], [1573, 705], [1574, 705], [1575, 705], [1576, 705], [1577, 705], [1578, 705], [1579, 705], [1580, 705], [1581, 705], [1582, 705], [1583, 705], [1584, 705], [1585, 705], [1586, 705], [1587, 705], [1588, 705], [1589, 705], [1590, 705], [1591, 705], [1592, 705], [1601, 705], [1602, 705], [1603, 705], [1604, 705], [1605, 705], [1606, 705], [1607, 705], [1608, 705], [1609, 705], [1610, 705], [1611, 705], [1612, 705], [1613, 705], [1614, 705], [1615, 705], [1616, 705], [1617, 705], [1618, 705], [1619, 705], [1620, 705], [1621, 705], [1622, 705], [1623, 705], [1624, 705], [1625, 705], [1626, 705], [1627, 705], [1628, 705], [1629, 705], [1630, 705], [1631, 705], [1632, 705], [1633, 705], [1640, 705], [1641, 705], [1642, 705], [1643, 705], [1644, 705], [1645, 705], [1646, 705], [1647, 705], [1648, 705], [1649, 705], [1650, 705], [1651, 705], [1652, 705], [1653, 705], [1654, 705], [1655, 705], [1656, 705], [1657, 705], [1658, 705], [1659, 705], [1660, 705], [1661, 705], [1662, 705], [1695, 705], [1696, 705], [1697, 705], [1698, 705], [1699, 705], [1700, 705], [1701, 705], [1705, 705], [1706, 705], [1707, 705], [1708, 705], [1709, 705], [1710, 705], [1711, 705], [1712, 705], [1713, 705], [1714, 705], [1715, 705], [1716, 705], [1717, 705], [1718, 705], [1719, 705], [1720, 705], [1721, 705], [1722, 705], [1723, 705], [1724, 705], [1725, 705], [1726, 705], [1727, 705], [1728, 705], [1729, 705], [1730, 705], [1731, 705], [1740, 705], [1741, 705], [1742, 705], [1743, 705], [1744, 705], [1745, 705], [1746, 705], [1747, 705], [1748, 705], [1749, 705], [1750, 705], [1751, 705], [1752, 705], [1753, 705], [1754, 705], [1755, 705], [1756, 705], [1757, 705], [1758, 705], [1759, 705], [1760, 705], [1761, 705], [1762, 705], [1763, 705], [1764, 705], [1765, 705], [1766, 705], [1767, 705], [1768, 705], [1769, 705], [1770, 705], [1771, 705], [1772, 705], [1773, 705], [1774, 705], [1775, 705], [1776, 705], [1777, 705], [1778, 705], [1779, 705], [1780, 705], [1781, 705], [1782, 705], [1783, 705], [1784, 705], [1785, 705], [1786, 705], [1787, 705], [1788, 705], [1789, 705], [1790, 705], [1002, 706], [1003, 706], [1004, 706], [1005, 706], [1076, 706], [1077, 706], [1078, 706], [1085, 706], [1086, 706], [1117, 706], [1118, 706], [1119, 706], [1120, 706], [1139, 706], [1140, 706], [1141, 706], [1142, 706], [1143, 706], [1158, 706], [1159, 706], [1160, 706], [1161, 706], [1162, 706], [1163, 706], [1164, 706], [1165, 706], [1166, 706], [1167, 706], [1168, 706], [1169, 706], [1170, 706], [1171, 706], [1172, 706], [1173, 706], [1174, 706], [1175, 706], [1176, 706], [1177, 706], [1178, 706], [1179, 706], [1184, 706], [1185, 706], [1186, 706], [1187, 706], [1188, 706], [1192, 706], [1193, 706], [1194, 706], [1195, 706], [1196, 706], [1197, 706], [1198, 706], [1199, 706], [1200, 706], [1203, 706], [1204, 706], [1205, 706], [1216, 706], [1217, 706], [1218, 706], [1219, 706], [1457, 706], [1458, 706], [1459, 706], [1460, 706], [1463, 706], [1464, 706], [1465, 706], [1472, 706], [1473, 706], [1474, 706], [1475, 706], [1476, 706], [1477, 706], [1478, 706], [1479, 706], [1492, 706], [1493, 706], [1494, 706], [1495, 706], [1496, 706], [1497, 706], [1498, 706], [1499, 706], [1500, 706], [1501, 706], [1502, 706], [1503, 706], [1504, 706], [1505, 706], [1506, 706], [1507, 706], [1508, 706], [1509, 706], [1510, 706], [1511, 706], [1512, 706], [1513, 706], [1514, 706], [1515, 706], [1516, 706], [1517, 706], [1518, 706], [1519, 706], [1520, 706], [1521, 706], [1570, 706], [1571, 706], [1572, 706], [1573, 706], [1574, 706], [1575, 706], [1576, 706], [1577, 706], [1578, 706], [1579, 706], [1580, 706], [1581, 706], [1582, 706], [1583, 706], [1584, 706], [1585, 706], [1586, 706], [1587, 706], [1588, 706], [1589, 706], [1590, 706], [1591, 706], [1592, 706], [1593, 706], [1594, 706], [1595, 706], [1596, 706], [1597, 706], [1598, 706], [1599, 706], [1600, 706], [1601, 706], [1602, 706], [1603, 706], [1604, 706], [1605, 706], [1606, 706], [1613, 706], [1614, 706], [1615, 706], [1616, 706], [1617, 706], [1618, 706], [1619, 706], [1620, 706], [1621, 706], [1622, 706], [1623, 706], [1624, 706], [1625, 706], [1626, 706], [1627, 706], [1628, 706], [1629, 706], [1630, 706], [1631, 706], [1632, 706], [1633, 706], [1634, 706], [1635, 706], [1636, 706], [1637, 706], [1638, 706], [1639, 706], [1640, 706], [1641, 706], [1642, 706], [1643, 706], [1644, 706], [1645, 706], [1646, 706], [1647, 706], [1648, 706], [1649, 706], [1650, 706], [1651, 706], [1652, 706], [1653, 706], [1654, 706], [1655, 706], [1656, 706], [1657, 706], [1658, 706], [1659, 706], [1660, 706], [1661, 706], [1662, 706], [1663, 706], [1664, 706], [1665, 706], [1666, 706], [1667, 706], [1668, 706], [1669, 706], [1670, 706], [1671, 706], [1677, 706], [1678, 706], [1679, 706], [1680, 706], [1715, 706], [1716, 706], [1717, 706], [1718, 706], [1719, 706], [1720, 706], [1721, 706], [1722, 706], [1723, 706], [1757, 706], [1758, 706], [1759, 706], [1760, 706], [1761, 706], [1762, 706], [1763, 706], [1764, 706], [1765, 706], [1766, 706], [1767, 706], [1768, 706], [1769, 706], [1770, 706], [1771, 706], [1772, 706], [1773, 706], [1774, 706], [1775, 706], [1776, 706], [1777, 706], [1778, 706], [1779, 706], [1780, 706], [1781, 706], [1782, 706], [1783, 706], [1784, 706], [1785, 706], [1786, 706], [1787, 706], [1788, 706], [1789, 706], [1790, 706], [1791, 706], [1792, 706], [1793, 706], [1794, 706], [1795, 706], [1796, 706], [1797, 706], [1798, 706], [1799, 706], [1801, 706], [1802, 706], [1803, 706], [1804, 706], [1805, 706], [1806, 706], [1807, 706], [1808, 706], [1809, 706], [1810, 706], [1811, 706], [1812, 706], [1813, 706], [965, 707], [966, 707], [967, 707], [968, 707], [969, 707], [970, 707], [971, 707], [972, 707], [973, 707], [974, 707], [975, 707], [976, 707], [977, 707], [978, 707], [979, 707], [980, 707], [981, 707], [982, 707], [996, 707], [997, 707], [998, 707], [999, 707], [1000, 707], [1001, 707], [1002, 707], [1003, 707], [1004, 707], [1005, 707], [1006, 707], [1075, 707], [1076, 707], [1077, 707], [1078, 707], [1079, 707], [1080, 707], [1082, 707], [1083, 707], [1084, 707], [1085, 707], [1086, 707], [1118, 707], [1119, 707], [1120, 707], [1121, 707], [1122, 707], [1136, 707], [1137, 707], [1138, 707], [1139, 707], [1140, 707], [1141, 707], [1142, 707], [1158, 707], [1159, 707], [1160, 707], [1161, 707], [1173, 707], [1174, 707], [1175, 707], [1176, 707], [1177, 707], [1178, 707], [1179, 707], [1180, 707], [1184, 707], [1185, 707], [1186, 707], [1198, 707], [1199, 707], [1200, 707], [1201, 707], [1202, 707], [1203, 707], [1204, 707], [1205, 707], [1206, 707], [1207, 707], [1208, 707], [1209, 707], [1210, 707], [1211, 707], [1212, 707], [1213, 707], [1214, 707], [1215, 707], [1216, 707], [1217, 707], [1218, 707], [1219, 707], [1458, 707], [1459, 707], [1460, 707], [1461, 707], [1463, 707], [1464, 707], [1475, 707], [1476, 707], [1477, 707], [1478, 707], [1479, 707], [1480, 707], [1486, 707], [1487, 707], [1488, 707], [1489, 707], [1490, 707], [1491, 707], [1492, 707], [1493, 707], [1494, 707], [1495, 707], [1496, 707], [1497, 707], [1498, 707], [1499, 707], [1509, 707], [1510, 707], [1511, 707], [1520, 707], [1521, 707], [1522, 707], [1523, 707], [1524, 707], [1525, 707], [1526, 707], [1527, 707], [1569, 707], [1570, 707], [1571, 707], [1572, 707], [1573, 707], [1574, 707], [1591, 707], [1592, 707], [1593, 707], [1594, 707], [1595, 707], [1596, 707], [1597, 707], [1598, 707], [1599, 707], [1600, 707], [1601, 707], [1602, 707], [1632, 707], [1633, 707], [1634, 707], [1635, 707], [1636, 707], [1637, 707], [1638, 707], [1639, 707], [1640, 707], [1641, 707], [1661, 707], [1662, 707], [1663, 707], [1664, 707], [1665, 707], [1666, 707], [1667, 707], [1668, 707], [1669, 707], [1670, 707], [1671, 707], [1672, 707], [1673, 707], [1674, 707], [1675, 707], [1676, 707], [1677, 707], [1678, 707], [1679, 707], [1680, 707], [1681, 707], [1682, 707], [1683, 707], [1684, 707], [1685, 707], [1686, 707], [1687, 707], [1688, 707], [1689, 707], [1690, 707], [1691, 707], [1692, 707], [1693, 707], [1694, 707], [1695, 707], [1789, 707], [1790, 707], [1791, 707], [1792, 707], [1793, 707], [1794, 707], [1795, 707], [1796, 707], [1797, 707], [1798, 707], [1799, 707], [1800, 707], [1801, 707], [1802, 707], [1803, 707], [1804, 707], [1805, 707], [1806, 707], [1807, 707], [1808, 707], [1809, 707], [1810, 707], [1811, 707], [1812, 707], [1813, 707], [1814, 707], [1815, 707], [1816, 707], [1817, 707], [1818, 707], [1819, 707], [1820, 707], [1821, 707], [1822, 707], [960, 708], [961, 708], [962, 708], [963, 708], [964, 708], [965, 708], [966, 708], [967, 708], [968, 708], [969, 708], [970, 708], [971, 708], [972, 708], [973, 708], [974, 708], [975, 708], [976, 708], [977, 708], [978, 708], [979, 708], [980, 708], [981, 708], [982, 708], [983, 708], [984, 708], [994, 708], [995, 708], [996, 708], [997, 708], [998, 708], [999, 708], [1000, 708], [1001, 708], [1002, 708], [1003, 708], [1004, 708], [1005, 708], [1006, 708], [1007, 708], [1075, 708], [1076, 708], [1077, 708], [1078, 708], [1079, 708], [1080, 708], [1081, 708], [1082, 708], [1083, 708], [1084, 708], [1085, 708], [1086, 708], [1119, 708], [1120, 708], [1121, 708], [1122, 708], [1135, 708], [1136, 708], [1137, 708], [1138, 708], [1139, 708], [1140, 708], [1158, 708], [1159, 708], [1178, 708], [1179, 708], [1180, 708], [1181, 708], [1182, 708], [1184, 708], [1185, 708], [1199, 708], [1200, 708], [1201, 708], [1202, 708], [1203, 708], [1204, 708], [1205, 708], [1206, 708], [1207, 708], [1208, 708], [1209, 708], [1210, 708], [1211, 708], [1212, 708], [1213, 708], [1214, 708], [1215, 708], [1216, 708], [1217, 708], [1459, 708], [1460, 708], [1461, 708], [1462, 708], [1463, 708], [1464, 708], [1465, 708], [1466, 708], [1467, 708], [1468, 708], [1471, 708], [1472, 708], [1473, 708], [1474, 708], [1478, 708], [1479, 708], [1480, 708], [1481, 708], [1482, 708], [1486, 708], [1487, 708], [1488, 708], [1489, 708], [1490, 708], [1491, 708], [1492, 708], [1493, 708], [1520, 708], [1521, 708], [1522, 708], [1523, 708], [1524, 708], [1525, 708], [1526, 708], [1527, 708], [1528, 708], [1569, 708], [1570, 708], [1571, 708], [1670, 708], [1671, 708], [1672, 708], [1673, 708], [1674, 708], [1675, 708], [1676, 708], [1677, 708], [1678, 708], [1679, 708], [1680, 708], [1681, 708], [1682, 708], [1683, 708], [1684, 708], [1685, 708], [1686, 708], [1687, 708], [1688, 708], [1689, 708], [1690, 708], [1691, 708], [1692, 708], [1693, 708], [1694, 708], [1695, 708], [1696, 708], [1697, 708], [1698, 708], [1740, 708], [1741, 708], [1742, 708], [1743, 708], [1744, 708], [1745, 708], [1746, 708], [1798, 708], [1799, 708], [1800, 708], [1801, 708], [1802, 708], [1812, 708], [1813, 708], [1814, 708], [1815, 708], [1816, 708], [1817, 708], [1818, 708], [1819, 708], [1820, 708], [1821, 708], [1822, 708], [1823, 708], [1824, 708], [960, 709], [961, 709], [962, 709], [963, 709], [964, 709], [965, 709], [966, 709], [981, 709], [982, 709], [983, 709], [984, 709], [985, 709], [986, 709], [987, 709], [988, 709], [989, 709], [990, 709], [991, 709], [992, 709], [993, 709], [994, 709], [995, 709], [996, 709], [997, 709], [1005, 709], [1006, 709], [1007, 709], [1008, 709], [1075, 709], [1076, 709], [1079, 709], [1080, 709], [1081, 709], [1082, 709], [1083, 709], [1121, 709], [1122, 709], [1123, 709], [1134, 709], [1135, 709], [1136, 709], [1137, 709], [1158, 709], [1159, 709], [1179, 709], [1180, 709], [1181, 709], [1182, 709], [1184, 709], [1185, 709], [1201, 709], [1202, 709], [1203, 709], [1204, 709], [1207, 709], [1208, 709], [1209, 709], [1210, 709], [1212, 709], [1213, 709], [1214, 709], [1215, 709], [1460, 709], [1461, 709], [1462, 709], [1463, 709], [1464, 709], [1465, 709], [1466, 709], [1467, 709], [1468, 709], [1469, 709], [1470, 709], [1471, 709], [1472, 709], [1473, 709], [1474, 709], [1475, 709], [1479, 709], [1480, 709], [1481, 709], [1482, 709], [1484, 709], [1485, 709], [1486, 709], [1487, 709], [1522, 709], [1523, 709], [1524, 709], [1525, 709], [1526, 709], [1527, 709], [1528, 709], [1529, 709], [1569, 709], [1570, 709], [1694, 709], [1695, 709], [1696, 709], [1697, 709], [1698, 709], [1699, 709], [1700, 709], [1739, 709], [1740, 709], [1741, 709], [1742, 709], [1743, 709], [1744, 709], [1745, 709], [1746, 709], [1747, 709], [1748, 709], [1749, 709], [1750, 709], [1751, 709], [1821, 709], [1822, 709], [1823, 709], [1824, 709], [983, 710], [984, 710], [985, 710], [986, 710], [987, 710], [988, 710], [989, 710], [990, 710], [991, 710], [992, 710], [993, 710], [994, 710], [995, 710], [1006, 710], [1007, 710], [1008, 710], [1075, 710], [1076, 710], [1121, 710], [1122, 710], [1123, 710], [1130, 710], [1131, 710], [1132, 710], [1133, 710], [1134, 710], [1135, 710], [1136, 710], [1158, 710], [1159, 710], [1181, 710], [1182, 710], [1183, 710], [1184, 710], [1185, 710], [1207, 710], [1208, 710], [1209, 710], [1210, 710], [1464, 710], [1465, 710], [1466, 710], [1467, 710], [1468, 710], [1469, 710], [1470, 710], [1471, 710], [1472, 710], [1473, 710], [1474, 710], [1475, 710], [1476, 710], [1481, 710], [1482, 710], [1483, 710], [1484, 710], [1485, 710], [1487, 710], [1488, 710], [1527, 710], [1528, 710], [1529, 710], [1530, 710], [1531, 710], [1563, 710], [1564, 710], [1565, 710], [1566, 710], [1567, 710], [1568, 710], [1569, 710], [1570, 710], [1697, 710], [1698, 710], [1699, 710], [1700, 710], [1701, 710], [1702, 710], [1703, 710], [1739, 710], [1740, 710], [1741, 710], [1743, 710], [1744, 710], [1745, 710], [1746, 710], [1747, 710], [1748, 710], [1749, 710], [1750, 710], [1751, 710], [1752, 710], [1753, 710], [1754, 710], [1755, 710], [1756, 710], [1761, 710], [1762, 710], [1763, 710], [1764, 710], [1765, 710], [1778, 710], [1779, 710], [1780, 710], [1781, 710], [1782, 710], [1783, 710], [1784, 710], [1785, 710], [1786, 710], [1787, 710], [1788, 710], [1789, 710], [1790, 710], [1791, 710], [1792, 710], [1793, 710], [1794, 710], [1795, 710], [1796, 710], [1797, 710], [1823, 710], [1824, 710], [1007, 711], [1008, 711], [1039, 711], [1040, 711], [1041, 711], [1042, 711], [1043, 711], [1044, 711], [1045, 711], [1046, 711], [1047, 711], [1075, 711], [1076, 711], [1077, 711], [1122, 711], [1123, 711], [1128, 711], [1129, 711], [1130, 711], [1131, 711], [1132, 711], [1133, 711], [1134, 711], [1135, 711], [1158, 711], [1159, 711], [1160, 711], [1181, 711], [1182, 711], [1183, 711], [1184, 711], [1185, 711], [1207, 711], [1208, 711], [1209, 711], [1210, 711], [1464, 711], [1465, 711], [1466, 711], [1474, 711], [1475, 711], [1476, 711], [1477, 711], [1478, 711], [1481, 711], [1482, 711], [1483, 711], [1484, 711], [1485, 711], [1486, 711], [1487, 711], [1488, 711], [1528, 711], [1529, 711], [1530, 711], [1531, 711], [1532, 711], [1533, 711], [1562, 711], [1563, 711], [1564, 711], [1565, 711], [1566, 711], [1567, 711], [1568, 711], [1569, 711], [1570, 711], [1699, 711], [1700, 711], [1701, 711], [1702, 711], [1703, 711], [1704, 711], [1705, 711], [1714, 711], [1715, 711], [1716, 711], [1717, 711], [1718, 711], [1719, 711], [1720, 711], [1721, 711], [1739, 711], [1740, 711], [1750, 711], [1751, 711], [1752, 711], [1753, 711], [1754, 711], [1755, 711], [1756, 711], [1757, 711], [1758, 711], [1759, 711], [1760, 711], [1761, 711], [1762, 711], [1763, 711], [1764, 711], [1765, 711], [1766, 711], [1767, 711], [1768, 711], [1769, 711], [1770, 711], [1771, 711], [1772, 711], [1773, 711], [1774, 711], [1775, 711], [1776, 711], [1777, 711], [1778, 711], [1779, 711], [1780, 711], [1781, 711], [1782, 711], [1783, 711], [1784, 711], [1785, 711], [1786, 711], [1787, 711], [1788, 711], [1789, 711], [1790, 711], [1791, 711], [1792, 711], [1793, 711], [1794, 711], [1795, 711], [1796, 711], [1797, 711], [1798, 711], [1799, 711], [1800, 711], [1801, 711], [1007, 712], [1008, 712], [1037, 712], [1038, 712], [1039, 712], [1040, 712], [1041, 712], [1042, 712], [1043, 712], [1044, 712], [1045, 712], [1046, 712], [1047, 712], [1048, 712], [1075, 712], [1076, 712], [1077, 712], [1122, 712], [1123, 712], [1124, 712], [1126, 712], [1127, 712], [1128, 712], [1129, 712], [1130, 712], [1131, 712], [1158, 712], [1159, 712], [1160, 712], [1182, 712], [1183, 712], [1184, 712], [1185, 712], [1465, 712], [1466, 712], [1467, 712], [1475, 712], [1476, 712], [1477, 712], [1478, 712], [1479, 712], [1485, 712], [1486, 712], [1487, 712], [1488, 712], [1530, 712], [1531, 712], [1532, 712], [1533, 712], [1534, 712], [1562, 712], [1563, 712], [1564, 712], [1567, 712], [1568, 712], [1569, 712], [1570, 712], [1702, 712], [1703, 712], [1704, 712], [1705, 712], [1706, 712], [1712, 712], [1713, 712], [1714, 712], [1715, 712], [1716, 712], [1717, 712], [1718, 712], [1719, 712], [1720, 712], [1721, 712], [1722, 712], [1723, 712], [1724, 712], [1725, 712], [1738, 712], [1739, 712], [1740, 712], [1755, 712], [1756, 712], [1757, 712], [1758, 712], [1759, 712], [1760, 712], [1761, 712], [1762, 712], [1764, 712], [1765, 712], [1766, 712], [1767, 712], [1768, 712], [1769, 712], [1770, 712], [1771, 712], [1772, 712], [1773, 712], [1774, 712], [1775, 712], [1776, 712], [1777, 712], [1778, 712], [1779, 712], [1796, 712], [1797, 712], [1798, 712], [1799, 712], [1800, 712], [1801, 712], [1802, 712], [1807, 712], [1808, 712], [1809, 712], [1007, 713], [1008, 713], [1037, 713], [1038, 713], [1039, 713], [1040, 713], [1046, 713], [1047, 713], [1048, 713], [1049, 713], [1076, 713], [1077, 713], [1122, 713], [1123, 713], [1124, 713], [1125, 713], [1126, 713], [1127, 713], [1128, 713], [1129, 713], [1159, 713], [1160, 713], [1161, 713], [1162, 713], [1182, 713], [1183, 713], [1184, 713], [1185, 713], [1211, 713], [1212, 713], [1213, 713], [1465, 713], [1466, 713], [1467, 713], [1468, 713], [1477, 713], [1478, 713], [1479, 713], [1480, 713], [1485, 713], [1486, 713], [1487, 713], [1488, 713], [1489, 713], [1490, 713], [1491, 713], [1492, 713], [1532, 713], [1533, 713], [1534, 713], [1535, 713], [1562, 713], [1563, 713], [1564, 713], [1704, 713], [1705, 713], [1706, 713], [1707, 713], [1708, 713], [1709, 713], [1710, 713], [1711, 713], [1712, 713], [1713, 713], [1714, 713], [1715, 713], [1720, 713], [1721, 713], [1722, 713], [1723, 713], [1724, 713], [1725, 713], [1726, 713], [1727, 713], [1728, 713], [1729, 713], [1730, 713], [1737, 713], [1738, 713], [1739, 713], [1740, 713], [1800, 713], [1801, 713], [1802, 713], [1803, 713], [1804, 713], [1805, 713], [1806, 713], [1807, 713], [1808, 713], [1809, 713], [1810, 713], [1811, 713], [1812, 713], [1813, 713], [1814, 713], [1007, 714], [1008, 714], [1009, 714], [1037, 714], [1038, 714], [1047, 714], [1048, 714], [1049, 714], [1076, 714], [1077, 714], [1078, 714], [1123, 714], [1124, 714], [1125, 714], [1126, 714], [1127, 714], [1159, 714], [1160, 714], [1161, 714], [1162, 714], [1163, 714], [1164, 714], [1165, 714], [1211, 714], [1212, 714], [1213, 714], [1214, 714], [1215, 714], [1466, 714], [1467, 714], [1468, 714], [1469, 714], [1478, 714], [1479, 714], [1480, 714], [1481, 714], [1486, 714], [1487, 714], [1488, 714], [1489, 714], [1490, 714], [1491, 714], [1492, 714], [1493, 714], [1533, 714], [1534, 714], [1535, 714], [1536, 714], [1562, 714], [1563, 714], [1564, 714], [1705, 714], [1706, 714], [1707, 714], [1708, 714], [1709, 714], [1710, 714], [1711, 714], [1712, 714], [1713, 714], [1724, 714], [1725, 714], [1726, 714], [1727, 714], [1728, 714], [1729, 714], [1730, 714], [1731, 714], [1732, 714], [1733, 714], [1737, 714], [1738, 714], [1739, 714], [1801, 714], [1802, 714], [1803, 714], [1804, 714], [1805, 714], [1806, 714], [1807, 714], [1808, 714], [1809, 714], [1810, 714], [1811, 714], [1812, 714], [1813, 714], [1814, 714], [1815, 714], [1816, 714], [1007, 715], [1008, 715], [1009, 715], [1037, 715], [1038, 715], [1048, 715], [1049, 715], [1050, 715], [1076, 715], [1077, 715], [1078, 715], [1161, 715], [1162, 715], [1163, 715], [1164, 715], [1165, 715], [1211, 715], [1212, 715], [1213, 715], [1214, 715], [1215, 715], [1467, 715], [1468, 715], [1469, 715], [1470, 715], [1479, 715], [1480, 715], [1481, 715], [1482, 715], [1483, 715], [1487, 715], [1488, 715], [1489, 715], [1491, 715], [1492, 715], [1493, 715], [1534, 715], [1535, 715], [1536, 715], [1537, 715], [1538, 715], [1563, 715], [1564, 715], [1565, 715], [1566, 715], [1567, 715], [1708, 715], [1709, 715], [1710, 715], [1711, 715], [1729, 715], [1730, 715], [1731, 715], [1732, 715], [1733, 715], [1734, 715], [1735, 715], [1736, 715], [1737, 715], [1738, 715], [1739, 715], [1813, 715], [1814, 715], [1815, 715], [1816, 715], [1817, 715], [1818, 715], [1819, 715], [1008, 716], [1009, 716], [1037, 716], [1038, 716], [1048, 716], [1049, 716], [1050, 716], [1051, 716], [1077, 716], [1078, 716], [1164, 716], [1165, 716], [1166, 716], [1211, 716], [1212, 716], [1213, 716], [1214, 716], [1215, 716], [1468, 716], [1469, 716], [1470, 716], [1480, 716], [1481, 716], [1482, 716], [1483, 716], [1484, 716], [1487, 716], [1488, 716], [1489, 716], [1490, 716], [1491, 716], [1492, 716], [1493, 716], [1535, 716], [1536, 716], [1537, 716], [1538, 716], [1539, 716], [1563, 716], [1564, 716], [1565, 716], [1566, 716], [1567, 716], [1568, 716], [1732, 716], [1733, 716], [1734, 716], [1735, 716], [1736, 716], [1737, 716], [1738, 716], [1739, 716], [1815, 716], [1816, 716], [1817, 716], [1818, 716], [1819, 716], [1820, 716], [1008, 717], [1009, 717], [1010, 717], [1037, 717], [1038, 717], [1049, 717], [1050, 717], [1051, 717], [1052, 717], [1076, 717], [1077, 717], [1078, 717], [1164, 717], [1165, 717], [1166, 717], [1167, 717], [1212, 717], [1213, 717], [1214, 717], [1215, 717], [1216, 717], [1217, 717], [1218, 717], [1469, 717], [1470, 717], [1471, 717], [1482, 717], [1483, 717], [1484, 717], [1485, 717], [1486, 717], [1488, 717], [1489, 717], [1490, 717], [1491, 717], [1492, 717], [1493, 717], [1537, 717], [1538, 717], [1539, 717], [1566, 717], [1567, 717], [1568, 717], [1818, 717], [1819, 717], [1820, 717], [1821, 717], [1822, 717], [1823, 717], [1824, 717], [1008, 718], [1009, 718], [1010, 718], [1037, 718], [1038, 718], [1039, 718], [1050, 718], [1051, 718], [1052, 718], [1053, 718], [1071, 718], [1072, 718], [1073, 718], [1074, 718], [1075, 718], [1076, 718], [1077, 718], [1078, 718], [1165, 718], [1166, 718], [1167, 718], [1168, 718], [1213, 718], [1214, 718], [1215, 718], [1216, 718], [1217, 718], [1218, 718], [1469, 718], [1470, 718], [1471, 718], [1472, 718], [1483, 718], [1484, 718], [1485, 718], [1486, 718], [1487, 718], [1490, 718], [1491, 718], [1492, 718], [1493, 718], [1494, 718], [1538, 718], [1539, 718], [1540, 718], [1541, 718], [1542, 718], [1567, 718], [1568, 718], [1569, 718], [1819, 718], [1820, 718], [1821, 718], [1822, 718], [1823, 718], [1824, 718], [1009, 719], [1010, 719], [1037, 719], [1038, 719], [1039, 719], [1051, 719], [1052, 719], [1053, 719], [1054, 719], [1055, 719], [1056, 719], [1057, 719], [1058, 719], [1059, 719], [1060, 719], [1070, 719], [1071, 719], [1072, 719], [1073, 719], [1074, 719], [1075, 719], [1076, 719], [1077, 719], [1166, 719], [1167, 719], [1168, 719], [1214, 719], [1215, 719], [1216, 719], [1217, 719], [1218, 719], [1470, 719], [1471, 719], [1472, 719], [1473, 719], [1474, 719], [1485, 719], [1486, 719], [1487, 719], [1488, 719], [1490, 719], [1491, 719], [1492, 719], [1493, 719], [1494, 719], [1538, 719], [1539, 719], [1540, 719], [1541, 719], [1542, 719], [1543, 719], [1544, 719], [1567, 719], [1568, 719], [1569, 719], [1570, 719], [1821, 719], [1822, 719], [1823, 719], [1824, 719], [960, 720], [961, 720], [962, 720], [963, 720], [964, 720], [1009, 720], [1010, 720], [1011, 720], [1038, 720], [1039, 720], [1052, 720], [1053, 720], [1054, 720], [1055, 720], [1056, 720], [1057, 720], [1058, 720], [1059, 720], [1060, 720], [1061, 720], [1070, 720], [1071, 720], [1072, 720], [1167, 720], [1168, 720], [1214, 720], [1215, 720], [1216, 720], [1217, 720], [1471, 720], [1472, 720], [1473, 720], [1474, 720], [1486, 720], [1487, 720], [1488, 720], [1489, 720], [1490, 720], [1491, 720], [1492, 720], [1493, 720], [1494, 720], [1495, 720], [1496, 720], [1541, 720], [1542, 720], [1543, 720], [1544, 720], [1545, 720], [1568, 720], [1569, 720], [1570, 720], [1822, 720], [1823, 720], [1824, 720], [960, 721], [961, 721], [962, 721], [963, 721], [964, 721], [965, 721], [1009, 721], [1010, 721], [1011, 721], [1038, 721], [1039, 721], [1040, 721], [1043, 721], [1044, 721], [1045, 721], [1059, 721], [1060, 721], [1061, 721], [1062, 721], [1069, 721], [1070, 721], [1071, 721], [1167, 721], [1168, 721], [1237, 721], [1238, 721], [1239, 721], [1240, 721], [1241, 721], [1243, 721], [1244, 721], [1245, 721], [1246, 721], [1247, 721], [1248, 721], [1432, 721], [1433, 721], [1434, 721], [1435, 721], [1436, 721], [1437, 721], [1438, 721], [1473, 721], [1474, 721], [1487, 721], [1488, 721], [1489, 721], [1490, 721], [1491, 721], [1492, 721], [1493, 721], [1494, 721], [1495, 721], [1496, 721], [1497, 721], [1498, 721], [1499, 721], [1500, 721], [1501, 721], [1502, 721], [1503, 721], [1504, 721], [1505, 721], [1543, 721], [1544, 721], [1545, 721], [1569, 721], [1570, 721], [1571, 721], [1572, 721], [1824, 721], [960, 722], [963, 722], [964, 722], [965, 722], [966, 722], [1010, 722], [1011, 722], [1012, 722], [1038, 722], [1039, 722], [1040, 722], [1043, 722], [1044, 722], [1045, 722], [1060, 722], [1061, 722], [1062, 722], [1063, 722], [1064, 722], [1065, 722], [1066, 722], [1067, 722], [1068, 722], [1069, 722], [1070, 722], [1071, 722], [1167, 722], [1168, 722], [1169, 722], [1170, 722], [1171, 722], [1181, 722], [1182, 722], [1183, 722], [1184, 722], [1185, 722], [1186, 722], [1215, 722], [1216, 722], [1217, 722], [1218, 722], [1219, 722], [1220, 722], [1221, 722], [1236, 722], [1237, 722], [1238, 722], [1239, 722], [1240, 722], [1241, 722], [1242, 722], [1243, 722], [1244, 722], [1245, 722], [1246, 722], [1247, 722], [1248, 722], [1249, 722], [1250, 722], [1251, 722], [1429, 722], [1430, 722], [1431, 722], [1432, 722], [1433, 722], [1434, 722], [1435, 722], [1436, 722], [1437, 722], [1438, 722], [1439, 722], [1440, 722], [1441, 722], [1442, 722], [1443, 722], [1444, 722], [1445, 722], [1446, 722], [1447, 722], [1448, 722], [1472, 722], [1473, 722], [1474, 722], [1495, 722], [1496, 722], [1497, 722], [1498, 722], [1499, 722], [1500, 722], [1501, 722], [1502, 722], [1503, 722], [1504, 722], [1505, 722], [1506, 722], [1507, 722], [1508, 722], [1509, 722], [1510, 722], [1511, 722], [1512, 722], [1513, 722], [1514, 722], [1515, 722], [1516, 722], [1517, 722], [1525, 722], [1526, 722], [1527, 722], [1528, 722], [1529, 722], [1530, 722], [1531, 722], [1532, 722], [1533, 722], [1534, 722], [1535, 722], [1544, 722], [1545, 722], [1569, 722], [1570, 722], [1571, 722], [1572, 722], [1573, 722], [964, 723], [965, 723], [966, 723], [1010, 723], [1011, 723], [1012, 723], [1013, 723], [1039, 723], [1040, 723], [1041, 723], [1043, 723], [1045, 723], [1061, 723], [1062, 723], [1063, 723], [1064, 723], [1065, 723], [1066, 723], [1067, 723], [1068, 723], [1069, 723], [1070, 723], [1167, 723], [1168, 723], [1169, 723], [1170, 723], [1171, 723], [1172, 723], [1173, 723], [1174, 723], [1175, 723], [1176, 723], [1178, 723], [1179, 723], [1180, 723], [1181, 723], [1182, 723], [1183, 723], [1184, 723], [1185, 723], [1186, 723], [1187, 723], [1188, 723], [1189, 723], [1192, 723], [1193, 723], [1194, 723], [1195, 723], [1196, 723], [1197, 723], [1200, 723], [1201, 723], [1202, 723], [1203, 723], [1204, 723], [1205, 723], [1206, 723], [1207, 723], [1208, 723], [1209, 723], [1210, 723], [1213, 723], [1214, 723], [1215, 723], [1216, 723], [1217, 723], [1218, 723], [1219, 723], [1220, 723], [1221, 723], [1222, 723], [1223, 723], [1224, 723], [1225, 723], [1226, 723], [1227, 723], [1228, 723], [1229, 723], [1230, 723], [1231, 723], [1232, 723], [1233, 723], [1234, 723], [1235, 723], [1236, 723], [1237, 723], [1238, 723], [1240, 723], [1241, 723], [1242, 723], [1243, 723], [1244, 723], [1247, 723], [1248, 723], [1249, 723], [1250, 723], [1251, 723], [1252, 723], [1253, 723], [1254, 723], [1258, 723], [1259, 723], [1260, 723], [1279, 723], [1280, 723], [1281, 723], [1282, 723], [1283, 723], [1284, 723], [1285, 723], [1286, 723], [1287, 723], [1288, 723], [1289, 723], [1290, 723], [1291, 723], [1292, 723], [1293, 723], [1294, 723], [1295, 723], [1341, 723], [1342, 723], [1343, 723], [1344, 723], [1345, 723], [1346, 723], [1347, 723], [1348, 723], [1349, 723], [1350, 723], [1351, 723], [1352, 723], [1374, 723], [1375, 723], [1376, 723], [1377, 723], [1378, 723], [1379, 723], [1380, 723], [1381, 723], [1382, 723], [1383, 723], [1387, 723], [1388, 723], [1389, 723], [1390, 723], [1391, 723], [1392, 723], [1393, 723], [1394, 723], [1395, 723], [1396, 723], [1397, 723], [1404, 723], [1405, 723], [1406, 723], [1407, 723], [1408, 723], [1409, 723], [1410, 723], [1411, 723], [1412, 723], [1413, 723], [1414, 723], [1415, 723], [1424, 723], [1425, 723], [1426, 723], [1427, 723], [1428, 723], [1429, 723], [1430, 723], [1431, 723], [1432, 723], [1433, 723], [1437, 723], [1438, 723], [1439, 723], [1440, 723], [1441, 723], [1442, 723], [1443, 723], [1444, 723], [1445, 723], [1446, 723], [1447, 723], [1448, 723], [1449, 723], [1450, 723], [1451, 723], [1460, 723], [1461, 723], [1462, 723], [1470, 723], [1471, 723], [1472, 723], [1473, 723], [1474, 723], [1504, 723], [1505, 723], [1506, 723], [1507, 723], [1508, 723], [1509, 723], [1510, 723], [1511, 723], [1512, 723], [1513, 723], [1514, 723], [1515, 723], [1516, 723], [1517, 723], [1518, 723], [1519, 723], [1520, 723], [1521, 723], [1522, 723], [1523, 723], [1524, 723], [1525, 723], [1526, 723], [1527, 723], [1528, 723], [1529, 723], [1530, 723], [1531, 723], [1532, 723], [1533, 723], [1534, 723], [1535, 723], [1536, 723], [1537, 723], [1538, 723], [1539, 723], [1540, 723], [1541, 723], [1542, 723], [1543, 723], [1544, 723], [1545, 723], [1571, 723], [1572, 723], [1573, 723], [1574, 723], [1575, 723], [965, 724], [966, 724], [1011, 724], [1012, 724], [1013, 724], [1039, 724], [1040, 724], [1041, 724], [1042, 724], [1043, 724], [1044, 724], [1045, 724], [1046, 724], [1047, 724], [1048, 724], [1049, 724], [1050, 724], [1051, 724], [1062, 724], [1063, 724], [1064, 724], [1065, 724], [1170, 724], [1171, 724], [1172, 724], [1173, 724], [1174, 724], [1175, 724], [1176, 724], [1177, 724], [1178, 724], [1179, 724], [1180, 724], [1181, 724], [1182, 724], [1185, 724], [1186, 724], [1187, 724], [1188, 724], [1189, 724], [1190, 724], [1191, 724], [1192, 724], [1193, 724], [1194, 724], [1195, 724], [1196, 724], [1197, 724], [1198, 724], [1199, 724], [1200, 724], [1201, 724], [1202, 724], [1203, 724], [1204, 724], [1205, 724], [1206, 724], [1207, 724], [1208, 724], [1209, 724], [1210, 724], [1211, 724], [1212, 724], [1213, 724], [1214, 724], [1215, 724], [1216, 724], [1220, 724], [1221, 724], [1222, 724], [1223, 724], [1224, 724], [1225, 724], [1226, 724], [1227, 724], [1228, 724], [1229, 724], [1230, 724], [1231, 724], [1232, 724], [1233, 724], [1234, 724], [1235, 724], [1236, 724], [1237, 724], [1250, 724], [1251, 724], [1252, 724], [1253, 724], [1254, 724], [1255, 724], [1256, 724], [1257, 724], [1258, 724], [1259, 724], [1260, 724], [1261, 724], [1262, 724], [1263, 724], [1269, 724], [1270, 724], [1271, 724], [1275, 724], [1276, 724], [1277, 724], [1278, 724], [1279, 724], [1280, 724], [1281, 724], [1282, 724], [1283, 724], [1284, 724], [1285, 724], [1286, 724], [1287, 724], [1288, 724], [1289, 724], [1290, 724], [1291, 724], [1292, 724], [1293, 724], [1294, 724], [1295, 724], [1296, 724], [1297, 724], [1298, 724], [1299, 724], [1300, 724], [1301, 724], [1307, 724], [1308, 724], [1309, 724], [1310, 724], [1311, 724], [1312, 724], [1313, 724], [1314, 724], [1315, 724], [1316, 724], [1321, 724], [1322, 724], [1323, 724], [1324, 724], [1325, 724], [1326, 724], [1327, 724], [1328, 724], [1329, 724], [1330, 724], [1331, 724], [1332, 724], [1333, 724], [1334, 724], [1335, 724], [1336, 724], [1337, 724], [1338, 724], [1339, 724], [1340, 724], [1341, 724], [1342, 724], [1343, 724], [1344, 724], [1345, 724], [1346, 724], [1347, 724], [1348, 724], [1349, 724], [1350, 724], [1351, 724], [1352, 724], [1353, 724], [1354, 724], [1355, 724], [1373, 724], [1374, 724], [1375, 724], [1376, 724], [1377, 724], [1378, 724], [1379, 724], [1380, 724], [1381, 724], [1382, 724], [1383, 724], [1384, 724], [1385, 724], [1386, 724], [1387, 724], [1388, 724], [1389, 724], [1390, 724], [1391, 724], [1392, 724], [1393, 724], [1394, 724], [1395, 724], [1396, 724], [1397, 724], [1398, 724], [1399, 724], [1400, 724], [1401, 724], [1402, 724], [1403, 724], [1404, 724], [1405, 724], [1406, 724], [1407, 724], [1408, 724], [1409, 724], [1410, 724], [1411, 724], [1412, 724], [1413, 724], [1414, 724], [1415, 724], [1416, 724], [1417, 724], [1418, 724], [1419, 724], [1420, 724], [1421, 724], [1422, 724], [1423, 724], [1424, 724], [1425, 724], [1426, 724], [1427, 724], [1428, 724], [1429, 724], [1430, 724], [1441, 724], [1442, 724], [1443, 724], [1444, 724], [1445, 724], [1446, 724], [1447, 724], [1448, 724], [1449, 724], [1450, 724], [1451, 724], [1452, 724], [1453, 724], [1454, 724], [1455, 724], [1456, 724], [1457, 724], [1458, 724], [1459, 724], [1460, 724], [1461, 724], [1462, 724], [1463, 724], [1464, 724], [1465, 724], [1466, 724], [1467, 724], [1468, 724], [1469, 724], [1470, 724], [1471, 724], [1472, 724], [1473, 724], [1516, 724], [1517, 724], [1518, 724], [1519, 724], [1520, 724], [1521, 724], [1522, 724], [1523, 724], [1524, 724], [1525, 724], [1526, 724], [1527, 724], [1528, 724], [1534, 724], [1535, 724], [1536, 724], [1537, 724], [1538, 724], [1539, 724], [1540, 724], [1541, 724], [1542, 724], [1543, 724], [1544, 724], [1545, 724], [1572, 724], [1573, 724], [1574, 724], [1575, 724], [1576, 724], [1812, 724], [1813, 724], [1814, 724], [1815, 724], [1816, 724], [1817, 724], [1818, 724], [1819, 724], [965, 725], [966, 725], [1012, 725], [1013, 725], [1014, 725], [1040, 725], [1041, 725], [1042, 725], [1043, 725], [1044, 725], [1045, 725], [1046, 725], [1047, 725], [1048, 725], [1049, 725], [1050, 725], [1051, 725], [1052, 725], [1053, 725], [1062, 725], [1063, 725], [1064, 725], [1065, 725], [1066, 725], [1067, 725], [1068, 725], [1069, 725], [1070, 725], [1138, 725], [1139, 725], [1140, 725], [1141, 725], [1143, 725], [1144, 725], [1145, 725], [1146, 725], [1147, 725], [1175, 725], [1176, 725], [1177, 725], [1178, 725], [1179, 725], [1180, 725], [1181, 725], [1188, 725], [1189, 725], [1190, 725], [1191, 725], [1192, 725], [1193, 725], [1196, 725], [1197, 725], [1198, 725], [1199, 725], [1200, 725], [1201, 725], [1209, 725], [1210, 725], [1211, 725], [1212, 725], [1213, 725], [1214, 725], [1225, 725], [1226, 725], [1227, 725], [1228, 725], [1253, 725], [1254, 725], [1255, 725], [1256, 725], [1257, 725], [1258, 725], [1259, 725], [1260, 725], [1261, 725], [1262, 725], [1263, 725], [1264, 725], [1265, 725], [1266, 725], [1267, 725], [1268, 725], [1269, 725], [1270, 725], [1271, 725], [1272, 725], [1273, 725], [1274, 725], [1275, 725], [1276, 725], [1277, 725], [1278, 725], [1279, 725], [1280, 725], [1281, 725], [1282, 725], [1283, 725], [1294, 725], [1295, 725], [1296, 725], [1297, 725], [1298, 725], [1299, 725], [1300, 725], [1301, 725], [1302, 725], [1303, 725], [1304, 725], [1305, 725], [1306, 725], [1307, 725], [1308, 725], [1309, 725], [1310, 725], [1311, 725], [1312, 725], [1313, 725], [1314, 725], [1315, 725], [1316, 725], [1317, 725], [1318, 725], [1319, 725], [1320, 725], [1321, 725], [1322, 725], [1323, 725], [1324, 725], [1325, 725], [1326, 725], [1327, 725], [1328, 725], [1329, 725], [1330, 725], [1331, 725], [1332, 725], [1333, 725], [1334, 725], [1335, 725], [1336, 725], [1337, 725], [1338, 725], [1339, 725], [1340, 725], [1341, 725], [1342, 725], [1351, 725], [1352, 725], [1353, 725], [1354, 725], [1355, 725], [1356, 725], [1357, 725], [1372, 725], [1373, 725], [1374, 725], [1375, 725], [1382, 725], [1383, 725], [1384, 725], [1385, 725], [1386, 725], [1387, 725], [1388, 725], [1396, 725], [1397, 725], [1398, 725], [1399, 725], [1400, 725], [1401, 725], [1402, 725], [1403, 725], [1404, 725], [1405, 725], [1414, 725], [1415, 725], [1416, 725], [1417, 725], [1418, 725], [1419, 725], [1420, 725], [1421, 725], [1422, 725], [1423, 725], [1424, 725], [1425, 725], [1450, 725], [1451, 725], [1452, 725], [1453, 725], [1454, 725], [1455, 725], [1456, 725], [1457, 725], [1458, 725], [1459, 725], [1460, 725], [1461, 725], [1462, 725], [1463, 725], [1464, 725], [1465, 725], [1466, 725], [1467, 725], [1468, 725], [1469, 725], [1470, 725], [1471, 725], [1574, 725], [1575, 725], [1576, 725], [1577, 725], [1578, 725], [1579, 725], [1580, 725], [1581, 725], [1582, 725], [1608, 725], [1609, 725], [1610, 725], [1611, 725], [1612, 725], [1613, 725], [1614, 725], [1811, 725], [1812, 725], [1813, 725], [1814, 725], [1815, 725], [1816, 725], [1817, 725], [1818, 725], [1819, 725], [1820, 725], [1821, 725], [1822, 725], [1823, 725], [1824, 725], [965, 726], [966, 726], [1012, 726], [1013, 726], [1014, 726], [1041, 726], [1042, 726], [1043, 726], [1044, 726], [1050, 726], [1051, 726], [1052, 726], [1053, 726], [1054, 726], [1055, 726], [1061, 726], [1062, 726], [1063, 726], [1064, 726], [1065, 726], [1066, 726], [1067, 726], [1068, 726], [1069, 726], [1070, 726], [1071, 726], [1085, 726], [1086, 726], [1087, 726], [1088, 726], [1089, 726], [1090, 726], [1111, 726], [1112, 726], [1113, 726], [1114, 726], [1115, 726], [1116, 726], [1117, 726], [1126, 726], [1127, 726], [1128, 726], [1131, 726], [1132, 726], [1133, 726], [1134, 726], [1135, 726], [1136, 726], [1137, 726], [1138, 726], [1139, 726], [1140, 726], [1141, 726], [1142, 726], [1143, 726], [1144, 726], [1145, 726], [1146, 726], [1147, 726], [1148, 726], [1149, 726], [1150, 726], [1262, 726], [1263, 726], [1264, 726], [1265, 726], [1266, 726], [1267, 726], [1268, 726], [1269, 726], [1270, 726], [1271, 726], [1272, 726], [1273, 726], [1274, 726], [1275, 726], [1276, 726], [1300, 726], [1301, 726], [1302, 726], [1303, 726], [1304, 726], [1305, 726], [1306, 726], [1307, 726], [1308, 726], [1309, 726], [1310, 726], [1311, 726], [1315, 726], [1316, 726], [1317, 726], [1318, 726], [1319, 726], [1320, 726], [1321, 726], [1322, 726], [1354, 726], [1355, 726], [1356, 726], [1357, 726], [1358, 726], [1359, 726], [1360, 726], [1361, 726], [1362, 726], [1363, 726], [1364, 726], [1365, 726], [1366, 726], [1367, 726], [1368, 726], [1369, 726], [1370, 726], [1371, 726], [1372, 726], [1373, 726], [1374, 726], [1575, 726], [1576, 726], [1577, 726], [1578, 726], [1579, 726], [1580, 726], [1581, 726], [1582, 726], [1583, 726], [1584, 726], [1585, 726], [1586, 726], [1603, 726], [1604, 726], [1605, 726], [1606, 726], [1607, 726], [1608, 726], [1609, 726], [1610, 726], [1611, 726], [1612, 726], [1613, 726], [1614, 726], [1615, 726], [1616, 726], [1617, 726], [1618, 726], [1619, 726], [1636, 726], [1637, 726], [1638, 726], [1656, 726], [1657, 726], [1658, 726], [1659, 726], [1660, 726], [1661, 726], [1662, 726], [1663, 726], [1664, 726], [1665, 726], [1810, 726], [1811, 726], [1812, 726], [1813, 726], [1818, 726], [1819, 726], [1820, 726], [1821, 726], [1822, 726], [1823, 726], [1824, 726], [965, 727], [966, 727], [967, 727], [1013, 727], [1014, 727], [1052, 727], [1053, 727], [1054, 727], [1055, 727], [1056, 727], [1057, 727], [1061, 727], [1062, 727], [1063, 727], [1065, 727], [1066, 727], [1067, 727], [1068, 727], [1069, 727], [1070, 727], [1071, 727], [1072, 727], [1073, 727], [1084, 727], [1085, 727], [1086, 727], [1087, 727], [1088, 727], [1089, 727], [1090, 727], [1091, 727], [1092, 727], [1109, 727], [1110, 727], [1111, 727], [1112, 727], [1113, 727], [1114, 727], [1115, 727], [1116, 727], [1117, 727], [1118, 727], [1119, 727], [1120, 727], [1121, 727], [1123, 727], [1124, 727], [1125, 727], [1126, 727], [1127, 727], [1128, 727], [1129, 727], [1130, 727], [1131, 727], [1132, 727], [1133, 727], [1134, 727], [1135, 727], [1136, 727], [1137, 727], [1138, 727], [1139, 727], [1140, 727], [1141, 727], [1142, 727], [1143, 727], [1144, 727], [1146, 727], [1147, 727], [1148, 727], [1149, 727], [1150, 727], [1151, 727], [1152, 727], [1153, 727], [1154, 727], [1155, 727], [1156, 727], [1157, 727], [1158, 727], [1159, 727], [1160, 727], [1161, 727], [1162, 727], [1163, 727], [1164, 727], [1242, 727], [1243, 727], [1244, 727], [1245, 727], [1246, 727], [1356, 727], [1357, 727], [1358, 727], [1359, 727], [1360, 727], [1361, 727], [1362, 727], [1363, 727], [1364, 727], [1365, 727], [1366, 727], [1367, 727], [1368, 727], [1369, 727], [1370, 727], [1371, 727], [1372, 727], [1373, 727], [1382, 727], [1383, 727], [1384, 727], [1385, 727], [1386, 727], [1396, 727], [1397, 727], [1398, 727], [1399, 727], [1400, 727], [1401, 727], [1435, 727], [1436, 727], [1437, 727], [1438, 727], [1439, 727], [1440, 727], [1441, 727], [1442, 727], [1443, 727], [1444, 727], [1445, 727], [1484, 727], [1485, 727], [1486, 727], [1487, 727], [1488, 727], [1492, 727], [1493, 727], [1494, 727], [1495, 727], [1581, 727], [1582, 727], [1583, 727], [1584, 727], [1585, 727], [1586, 727], [1587, 727], [1588, 727], [1589, 727], [1590, 727], [1601, 727], [1602, 727], [1603, 727], [1604, 727], [1605, 727], [1606, 727], [1607, 727], [1608, 727], [1609, 727], [1613, 727], [1614, 727], [1615, 727], [1616, 727], [1617, 727], [1618, 727], [1619, 727], [1620, 727], [1621, 727], [1622, 727], [1623, 727], [1624, 727], [1625, 727], [1626, 727], [1627, 727], [1628, 727], [1629, 727], [1630, 727], [1631, 727], [1632, 727], [1633, 727], [1634, 727], [1635, 727], [1636, 727], [1637, 727], [1638, 727], [1639, 727], [1640, 727], [1641, 727], [1642, 727], [1643, 727], [1644, 727], [1645, 727], [1646, 727], [1647, 727], [1648, 727], [1655, 727], [1656, 727], [1657, 727], [1658, 727], [1659, 727], [1660, 727], [1661, 727], [1662, 727], [1663, 727], [1664, 727], [1665, 727], [1666, 727], [1667, 727], [1810, 727], [1811, 727], [1812, 727], [965, 728], [966, 728], [967, 728], [968, 728], [1013, 728], [1014, 728], [1054, 728], [1055, 728], [1056, 728], [1057, 728], [1058, 728], [1059, 728], [1060, 728], [1061, 728], [1062, 728], [1070, 728], [1071, 728], [1072, 728], [1073, 728], [1074, 728], [1075, 728], [1076, 728], [1084, 728], [1085, 728], [1086, 728], [1089, 728], [1090, 728], [1091, 728], [1092, 728], [1093, 728], [1094, 728], [1095, 728], [1096, 728], [1097, 728], [1098, 728], [1099, 728], [1100, 728], [1101, 728], [1102, 728], [1103, 728], [1104, 728], [1105, 728], [1106, 728], [1107, 728], [1108, 728], [1109, 728], [1110, 728], [1111, 728], [1112, 728], [1116, 728], [1117, 728], [1118, 728], [1119, 728], [1120, 728], [1121, 728], [1122, 728], [1123, 728], [1124, 728], [1125, 728], [1126, 728], [1127, 728], [1128, 728], [1129, 728], [1130, 728], [1131, 728], [1132, 728], [1149, 728], [1150, 728], [1151, 728], [1152, 728], [1153, 728], [1154, 728], [1155, 728], [1156, 728], [1157, 728], [1158, 728], [1159, 728], [1160, 728], [1161, 728], [1162, 728], [1163, 728], [1164, 728], [1165, 728], [1166, 728], [1167, 728], [1168, 728], [1169, 728], [1170, 728], [1171, 728], [1187, 728], [1188, 728], [1189, 728], [1190, 728], [1205, 728], [1206, 728], [1207, 728], [1208, 728], [1209, 728], [1241, 728], [1242, 728], [1243, 728], [1244, 728], [1245, 728], [1246, 728], [1247, 728], [1248, 728], [1250, 728], [1251, 728], [1252, 728], [1253, 728], [1254, 728], [1255, 728], [1310, 728], [1311, 728], [1312, 728], [1313, 728], [1314, 728], [1315, 728], [1316, 728], [1317, 728], [1327, 728], [1328, 728], [1329, 728], [1330, 728], [1331, 728], [1332, 728], [1333, 728], [1334, 728], [1335, 728], [1336, 728], [1337, 728], [1338, 728], [1339, 728], [1340, 728], [1341, 728], [1342, 728], [1343, 728], [1344, 728], [1345, 728], [1346, 728], [1347, 728], [1348, 728], [1349, 728], [1350, 728], [1351, 728], [1352, 728], [1353, 728], [1354, 728], [1355, 728], [1356, 728], [1357, 728], [1379, 728], [1380, 728], [1381, 728], [1382, 728], [1383, 728], [1384, 728], [1385, 728], [1386, 728], [1387, 728], [1388, 728], [1389, 728], [1390, 728], [1391, 728], [1392, 728], [1393, 728], [1394, 728], [1395, 728], [1396, 728], [1397, 728], [1398, 728], [1399, 728], [1400, 728], [1401, 728], [1402, 728], [1403, 728], [1408, 728], [1409, 728], [1410, 728], [1411, 728], [1412, 728], [1413, 728], [1414, 728], [1415, 728], [1416, 728], [1417, 728], [1418, 728], [1419, 728], [1420, 728], [1421, 728], [1428, 728], [1429, 728], [1430, 728], [1431, 728], [1432, 728], [1433, 728], [1434, 728], [1435, 728], [1436, 728], [1437, 728], [1438, 728], [1439, 728], [1440, 728], [1441, 728], [1442, 728], [1443, 728], [1444, 728], [1445, 728], [1446, 728], [1447, 728], [1448, 728], [1449, 728], [1450, 728], [1451, 728], [1452, 728], [1484, 728], [1485, 728], [1486, 728], [1487, 728], [1488, 728], [1489, 728], [1490, 728], [1491, 728], [1492, 728], [1493, 728], [1494, 728], [1495, 728], [1496, 728], [1497, 728], [1498, 728], [1499, 728], [1500, 728], [1501, 728], [1502, 728], [1503, 728], [1504, 728], [1505, 728], [1506, 728], [1585, 728], [1586, 728], [1587, 728], [1588, 728], [1589, 728], [1590, 728], [1591, 728], [1592, 728], [1593, 728], [1594, 728], [1595, 728], [1596, 728], [1597, 728], [1598, 728], [1599, 728], [1600, 728], [1601, 728], [1602, 728], [1603, 728], [1604, 728], [1618, 728], [1619, 728], [1620, 728], [1621, 728], [1622, 728], [1623, 728], [1624, 728], [1625, 728], [1626, 728], [1627, 728], [1628, 728], [1629, 728], [1630, 728], [1631, 728], [1632, 728], [1633, 728], [1634, 728], [1635, 728], [1636, 728], [1637, 728], [1638, 728], [1639, 728], [1640, 728], [1641, 728], [1642, 728], [1643, 728], [1644, 728], [1645, 728], [1646, 728], [1647, 728], [1648, 728], [1649, 728], [1650, 728], [1651, 728], [1652, 728], [1653, 728], [1654, 728], [1655, 728], [1656, 728], [1657, 728], [1664, 728], [1665, 728], [1666, 728], [1667, 728], [1668, 728], [1669, 728], [1721, 728], [1722, 728], [1723, 728], [1808, 728], [1809, 728], [1810, 728], [1811, 728], [966, 729], [967, 729], [968, 729], [969, 729], [1000, 729], [1001, 729], [1002, 729], [1003, 729], [1004, 729], [1005, 729], [1006, 729], [1013, 729], [1014, 729], [1056, 729], [1057, 729], [1058, 729], [1059, 729], [1060, 729], [1061, 729], [1062, 729], [1072, 729], [1073, 729], [1074, 729], [1075, 729], [1076, 729], [1077, 729], [1078, 729], [1079, 729], [1080, 729], [1081, 729], [1082, 729], [1083, 729], [1084, 729], [1085, 729], [1091, 729], [1092, 729], [1093, 729], [1094, 729], [1095, 729], [1096, 729], [1097, 729], [1098, 729], [1099, 729], [1100, 729], [1101, 729], [1102, 729], [1103, 729], [1104, 729], [1105, 729], [1106, 729], [1107, 729], [1108, 729], [1109, 729], [1110, 729], [1120, 729], [1121, 729], [1122, 729], [1123, 729], [1124, 729], [1163, 729], [1164, 729], [1165, 729], [1166, 729], [1167, 729], [1168, 729], [1169, 729], [1170, 729], [1171, 729], [1172, 729], [1173, 729], [1174, 729], [1175, 729], [1176, 729], [1177, 729], [1178, 729], [1179, 729], [1180, 729], [1181, 729], [1182, 729], [1183, 729], [1184, 729], [1185, 729], [1186, 729], [1187, 729], [1188, 729], [1189, 729], [1190, 729], [1191, 729], [1192, 729], [1193, 729], [1194, 729], [1195, 729], [1196, 729], [1197, 729], [1198, 729], [1199, 729], [1200, 729], [1201, 729], [1202, 729], [1203, 729], [1204, 729], [1205, 729], [1206, 729], [1207, 729], [1208, 729], [1209, 729], [1210, 729], [1211, 729], [1212, 729], [1213, 729], [1214, 729], [1215, 729], [1216, 729], [1217, 729], [1223, 729], [1224, 729], [1225, 729], [1226, 729], [1227, 729], [1228, 729], [1229, 729], [1230, 729], [1231, 729], [1232, 729], [1233, 729], [1234, 729], [1235, 729], [1236, 729], [1237, 729], [1238, 729], [1239, 729], [1240, 729], [1241, 729], [1242, 729], [1243, 729], [1245, 729], [1246, 729], [1247, 729], [1248, 729], [1249, 729], [1250, 729], [1251, 729], [1252, 729], [1253, 729], [1254, 729], [1255, 729], [1256, 729], [1257, 729], [1258, 729], [1259, 729], [1260, 729], [1261, 729], [1262, 729], [1263, 729], [1264, 729], [1265, 729], [1266, 729], [1267, 729], [1268, 729], [1269, 729], [1270, 729], [1271, 729], [1272, 729], [1273, 729], [1274, 729], [1275, 729], [1308, 729], [1309, 729], [1310, 729], [1311, 729], [1312, 729], [1313, 729], [1314, 729], [1315, 729], [1316, 729], [1317, 729], [1318, 729], [1319, 729], [1320, 729], [1321, 729], [1322, 729], [1323, 729], [1324, 729], [1325, 729], [1326, 729], [1327, 729], [1328, 729], [1329, 729], [1330, 729], [1331, 729], [1332, 729], [1333, 729], [1334, 729], [1335, 729], [1336, 729], [1337, 729], [1338, 729], [1339, 729], [1340, 729], [1341, 729], [1342, 729], [1343, 729], [1344, 729], [1345, 729], [1346, 729], [1347, 729], [1348, 729], [1349, 729], [1350, 729], [1351, 729], [1352, 729], [1353, 729], [1354, 729], [1355, 729], [1356, 729], [1357, 729], [1358, 729], [1359, 729], [1360, 729], [1378, 729], [1379, 729], [1380, 729], [1381, 729], [1382, 729], [1383, 729], [1385, 729], [1386, 729], [1387, 729], [1388, 729], [1389, 729], [1390, 729], [1391, 729], [1392, 729], [1393, 729], [1394, 729], [1395, 729], [1396, 729], [1397, 729], [1400, 729], [1401, 729], [1402, 729], [1403, 729], [1404, 729], [1405, 729], [1406, 729], [1407, 729], [1408, 729], [1409, 729], [1410, 729], [1411, 729], [1412, 729], [1413, 729], [1414, 729], [1415, 729], [1416, 729], [1417, 729], [1418, 729], [1419, 729], [1420, 729], [1421, 729], [1422, 729], [1423, 729], [1424, 729], [1427, 729], [1428, 729], [1429, 729], [1430, 729], [1431, 729], [1432, 729], [1433, 729], [1434, 729], [1435, 729], [1436, 729], [1444, 729], [1445, 729], [1446, 729], [1447, 729], [1448, 729], [1449, 729], [1450, 729], [1451, 729], [1452, 729], [1453, 729], [1454, 729], [1455, 729], [1484, 729], [1485, 729], [1487, 729], [1488, 729], [1489, 729], [1490, 729], [1491, 729], [1492, 729], [1493, 729], [1494, 729], [1495, 729], [1496, 729], [1497, 729], [1498, 729], [1499, 729], [1500, 729], [1501, 729], [1502, 729], [1503, 729], [1504, 729], [1505, 729], [1506, 729], [1507, 729], [1508, 729], [1509, 729], [1510, 729], [1511, 729], [1512, 729], [1513, 729], [1514, 729], [1515, 729], [1516, 729], [1517, 729], [1518, 729], [1519, 729], [1520, 729], [1521, 729], [1522, 729], [1523, 729], [1524, 729], [1525, 729], [1526, 729], [1527, 729], [1528, 729], [1544, 729], [1545, 729], [1546, 729], [1547, 729], [1548, 729], [1549, 729], [1554, 729], [1555, 729], [1556, 729], [1557, 729], [1558, 729], [1559, 729], [1560, 729], [1589, 729], [1590, 729], [1591, 729], [1592, 729], [1593, 729], [1594, 729], [1595, 729], [1596, 729], [1597, 729], [1598, 729], [1599, 729], [1600, 729], [1601, 729], [1602, 729], [1647, 729], [1648, 729], [1649, 729], [1650, 729], [1651, 729], [1652, 729], [1653, 729], [1654, 729], [1655, 729], [1656, 729], [1666, 729], [1667, 729], [1668, 729], [1669, 729], [1670, 729], [1671, 729], [1672, 729], [1673, 729], [1674, 729], [1675, 729], [1676, 729], [1677, 729], [1678, 729], [1679, 729], [1680, 729], [1681, 729], [1682, 729], [1683, 729], [1684, 729], [1685, 729], [1686, 729], [1687, 729], [1688, 729], [1689, 729], [1690, 729], [1691, 729], [1692, 729], [1707, 729], [1708, 729], [1709, 729], [1710, 729], [1711, 729], [1712, 729], [1713, 729], [1714, 729], [1718, 729], [1719, 729], [1720, 729], [1721, 729], [1722, 729], [1723, 729], [1724, 729], [1725, 729], [1726, 729], [1727, 729], [1801, 729], [1802, 729], [1803, 729], [1804, 729], [1805, 729], [1806, 729], [1807, 729], [1808, 729], [1809, 729], [1810, 729], [1811, 729], [967, 730], [968, 730], [969, 730], [970, 730], [994, 730], [995, 730], [996, 730], [997, 730], [998, 730], [999, 730], [1000, 730], [1001, 730], [1002, 730], [1003, 730], [1004, 730], [1005, 730], [1006, 730], [1007, 730], [1008, 730], [1009, 730], [1010, 730], [1013, 730], [1014, 730], [1075, 730], [1076, 730], [1077, 730], [1078, 730], [1079, 730], [1080, 730], [1081, 730], [1082, 730], [1083, 730], [1084, 730], [1085, 730], [1093, 730], [1094, 730], [1095, 730], [1170, 730], [1171, 730], [1172, 730], [1173, 730], [1174, 730], [1175, 730], [1176, 730], [1177, 730], [1178, 730], [1179, 730], [1180, 730], [1181, 730], [1182, 730], [1183, 730], [1184, 730], [1185, 730], [1186, 730], [1187, 730], [1188, 730], [1189, 730], [1190, 730], [1191, 730], [1192, 730], [1193, 730], [1194, 730], [1195, 730], [1196, 730], [1197, 730], [1198, 730], [1199, 730], [1200, 730], [1201, 730], [1202, 730], [1203, 730], [1204, 730], [1205, 730], [1206, 730], [1208, 730], [1209, 730], [1210, 730], [1211, 730], [1212, 730], [1213, 730], [1214, 730], [1215, 730], [1216, 730], [1217, 730], [1218, 730], [1219, 730], [1220, 730], [1221, 730], [1222, 730], [1223, 730], [1224, 730], [1225, 730], [1226, 730], [1227, 730], [1228, 730], [1229, 730], [1230, 730], [1231, 730], [1232, 730], [1233, 730], [1234, 730], [1235, 730], [1236, 730], [1237, 730], [1238, 730], [1239, 730], [1240, 730], [1241, 730], [1242, 730], [1247, 730], [1248, 730], [1249, 730], [1250, 730], [1251, 730], [1254, 730], [1255, 730], [1256, 730], [1257, 730], [1258, 730], [1259, 730], [1260, 730], [1261, 730], [1262, 730], [1263, 730], [1264, 730], [1265, 730], [1266, 730], [1267, 730], [1268, 730], [1269, 730], [1270, 730], [1271, 730], [1272, 730], [1273, 730], [1274, 730], [1275, 730], [1276, 730], [1277, 730], [1278, 730], [1308, 730], [1309, 730], [1310, 730], [1311, 730], [1316, 730], [1317, 730], [1318, 730], [1319, 730], [1320, 730], [1321, 730], [1322, 730], [1323, 730], [1324, 730], [1325, 730], [1326, 730], [1327, 730], [1328, 730], [1356, 730], [1357, 730], [1358, 730], [1359, 730], [1360, 730], [1361, 730], [1362, 730], [1363, 730], [1369, 730], [1370, 730], [1371, 730], [1372, 730], [1377, 730], [1378, 730], [1379, 730], [1380, 730], [1388, 730], [1389, 730], [1390, 730], [1391, 730], [1402, 730], [1403, 730], [1404, 730], [1405, 730], [1406, 730], [1407, 730], [1408, 730], [1409, 730], [1420, 730], [1421, 730], [1422, 730], [1423, 730], [1424, 730], [1425, 730], [1426, 730], [1427, 730], [1428, 730], [1429, 730], [1451, 730], [1452, 730], [1453, 730], [1454, 730], [1455, 730], [1456, 730], [1484, 730], [1485, 730], [1505, 730], [1506, 730], [1507, 730], [1508, 730], [1509, 730], [1510, 730], [1511, 730], [1512, 730], [1513, 730], [1514, 730], [1515, 730], [1516, 730], [1517, 730], [1518, 730], [1519, 730], [1520, 730], [1521, 730], [1522, 730], [1523, 730], [1524, 730], [1525, 730], [1526, 730], [1527, 730], [1528, 730], [1529, 730], [1530, 730], [1531, 730], [1532, 730], [1533, 730], [1534, 730], [1535, 730], [1536, 730], [1537, 730], [1538, 730], [1539, 730], [1540, 730], [1541, 730], [1542, 730], [1543, 730], [1544, 730], [1545, 730], [1546, 730], [1547, 730], [1548, 730], [1549, 730], [1550, 730], [1551, 730], [1552, 730], [1553, 730], [1554, 730], [1555, 730], [1556, 730], [1557, 730], [1558, 730], [1559, 730], [1560, 730], [1561, 730], [1562, 730], [1563, 730], [1564, 730], [1565, 730], [1566, 730], [1567, 730], [1568, 730], [1569, 730], [1570, 730], [1571, 730], [1572, 730], [1573, 730], [1574, 730], [1575, 730], [1576, 730], [1577, 730], [1578, 730], [1579, 730], [1580, 730], [1581, 730], [1668, 730], [1669, 730], [1670, 730], [1671, 730], [1672, 730], [1673, 730], [1674, 730], [1675, 730], [1676, 730], [1677, 730], [1678, 730], [1679, 730], [1680, 730], [1681, 730], [1682, 730], [1683, 730], [1684, 730], [1685, 730], [1686, 730], [1687, 730], [1688, 730], [1689, 730], [1690, 730], [1691, 730], [1692, 730], [1693, 730], [1694, 730], [1695, 730], [1696, 730], [1697, 730], [1698, 730], [1699, 730], [1700, 730], [1701, 730], [1702, 730], [1703, 730], [1704, 730], [1705, 730], [1706, 730], [1707, 730], [1708, 730], [1709, 730], [1710, 730], [1711, 730], [1712, 730], [1713, 730], [1714, 730], [1715, 730], [1716, 730], [1717, 730], [1718, 730], [1719, 730], [1720, 730], [1721, 730], [1722, 730], [1723, 730], [1724, 730], [1725, 730], [1726, 730], [1727, 730], [1728, 730], [1729, 730], [1730, 730], [1731, 730], [1732, 730], [1733, 730], [1734, 730], [1735, 730], [1736, 730], [1737, 730], [1738, 730], [1739, 730], [1740, 730], [1779, 730], [1780, 730], [1781, 730], [1782, 730], [1783, 730], [1784, 730], [1785, 730], [1786, 730], [1787, 730], [1788, 730], [1789, 730], [1790, 730], [1791, 730], [1792, 730], [1793, 730], [1794, 730], [1795, 730], [1796, 730], [1797, 730], [1798, 730], [1799, 730], [1800, 730], [1801, 730], [1802, 730], [1803, 730], [1804, 730], [1805, 730], [1806, 730], [1807, 730], [1808, 730], [1809, 730], [1810, 730], [1811, 730], [968, 731], [969, 731], [970, 731], [971, 731], [972, 731], [973, 731], [974, 731], [978, 731], [979, 731], [980, 731], [981, 731], [982, 731], [983, 731], [984, 731], [985, 731], [986, 731], [987, 731], [988, 731], [989, 731], [990, 731], [991, 731], [992, 731], [993, 731], [994, 731], [995, 731], [996, 731], [997, 731], [998, 731], [999, 731], [1000, 731], [1001, 731], [1005, 731], [1006, 731], [1007, 731], [1008, 731], [1009, 731], [1010, 731], [1011, 731], [1012, 731], [1013, 731], [1014, 731], [1082, 731], [1083, 731], [1084, 731], [1211, 731], [1212, 731], [1213, 731], [1216, 731], [1217, 731], [1218, 731], [1219, 731], [1220, 731], [1221, 731], [1222, 731], [1223, 731], [1224, 731], [1274, 731], [1275, 731], [1276, 731], [1277, 731], [1278, 731], [1279, 731], [1280, 731], [1308, 731], [1309, 731], [1359, 731], [1360, 731], [1361, 731], [1362, 731], [1363, 731], [1364, 731], [1365, 731], [1366, 731], [1367, 731], [1368, 731], [1369, 731], [1370, 731], [1371, 731], [1372, 731], [1373, 731], [1374, 731], [1375, 731], [1376, 731], [1377, 731], [1378, 731], [1379, 731], [1423, 731], [1424, 731], [1425, 731], [1426, 731], [1427, 731], [1428, 731], [1454, 731], [1455, 731], [1456, 731], [1457, 731], [1458, 731], [1484, 731], [1485, 731], [1527, 731], [1528, 731], [1529, 731], [1530, 731], [1531, 731], [1532, 731], [1533, 731], [1534, 731], [1535, 731], [1536, 731], [1537, 731], [1538, 731], [1539, 731], [1540, 731], [1541, 731], [1542, 731], [1543, 731], [1544, 731], [1545, 731], [1548, 731], [1549, 731], [1550, 731], [1551, 731], [1552, 731], [1553, 731], [1554, 731], [1555, 731], [1559, 731], [1560, 731], [1561, 731], [1562, 731], [1563, 731], [1564, 731], [1565, 731], [1566, 731], [1567, 731], [1568, 731], [1569, 731], [1570, 731], [1571, 731], [1572, 731], [1573, 731], [1574, 731], [1575, 731], [1576, 731], [1577, 731], [1578, 731], [1579, 731], [1580, 731], [1581, 731], [1582, 731], [1583, 731], [1584, 731], [1585, 731], [1586, 731], [1691, 731], [1692, 731], [1693, 731], [1694, 731], [1695, 731], [1696, 731], [1697, 731], [1698, 731], [1699, 731], [1700, 731], [1701, 731], [1702, 731], [1703, 731], [1704, 731], [1705, 731], [1706, 731], [1707, 731], [1708, 731], [1709, 731], [1710, 731], [1713, 731], [1714, 731], [1715, 731], [1716, 731], [1717, 731], [1718, 731], [1719, 731], [1726, 731], [1727, 731], [1728, 731], [1729, 731], [1730, 731], [1731, 731], [1732, 731], [1733, 731], [1734, 731], [1735, 731], [1736, 731], [1737, 731], [1738, 731], [1739, 731], [1740, 731], [1741, 731], [1742, 731], [1754, 731], [1755, 731], [1756, 731], [1757, 731], [1758, 731], [1759, 731], [1760, 731], [1761, 731], [1762, 731], [1763, 731], [1764, 731], [1765, 731], [1766, 731], [1767, 731], [1768, 731], [1769, 731], [1770, 731], [1772, 731], [1773, 731], [1774, 731], [1777, 731], [1778, 731], [1779, 731], [1780, 731], [1781, 731], [1782, 731], [1783, 731], [1784, 731], [1785, 731], [1786, 731], [1787, 731], [1788, 731], [1789, 731], [1790, 731], [1791, 731], [1792, 731], [1793, 731], [1794, 731], [1795, 731], [1796, 731], [1797, 731], [1798, 731], [1799, 731], [1800, 731], [1801, 731], [1802, 731], [969, 732], [970, 732], [971, 732], [972, 732], [973, 732], [974, 732], [975, 732], [976, 732], [977, 732], [978, 732], [979, 732], [980, 732], [981, 732], [982, 732], [983, 732], [984, 732], [985, 732], [986, 732], [987, 732], [988, 732], [989, 732], [990, 732], [991, 732], [992, 732], [993, 732], [994, 732], [995, 732], [1009, 732], [1010, 732], [1011, 732], [1012, 732], [1013, 732], [1014, 732], [1277, 732], [1278, 732], [1279, 732], [1280, 732], [1281, 732], [1308, 732], [1309, 732], [1362, 732], [1363, 732], [1364, 732], [1365, 732], [1366, 732], [1367, 732], [1368, 732], [1369, 732], [1370, 732], [1371, 732], [1372, 732], [1373, 732], [1374, 732], [1375, 732], [1376, 732], [1377, 732], [1378, 732], [1455, 732], [1456, 732], [1457, 732], [1458, 732], [1459, 732], [1460, 732], [1461, 732], [1478, 732], [1479, 732], [1480, 732], [1481, 732], [1482, 732], [1483, 732], [1484, 732], [1485, 732], [1486, 732], [1571, 732], [1572, 732], [1573, 732], [1574, 732], [1580, 732], [1581, 732], [1582, 732], [1583, 732], [1584, 732], [1585, 732], [1586, 732], [1587, 732], [1588, 732], [1589, 732], [1590, 732], [1591, 732], [1592, 732], [1593, 732], [1594, 732], [1595, 732], [1596, 732], [1606, 732], [1607, 732], [1608, 732], [1609, 732], [1610, 732], [1611, 732], [1612, 732], [1613, 732], [1614, 732], [1615, 732], [1616, 732], [1617, 732], [1618, 732], [1619, 732], [1620, 732], [1621, 732], [1622, 732], [1623, 732], [1624, 732], [1625, 732], [1626, 732], [1627, 732], [1628, 732], [1739, 732], [1740, 732], [1741, 732], [1742, 732], [1743, 732], [1744, 732], [1745, 732], [1746, 732], [1752, 732], [1753, 732], [1754, 732], [1755, 732], [1756, 732], [1757, 732], [1758, 732], [1759, 732], [1760, 732], [1761, 732], [1762, 732], [1763, 732], [1764, 732], [1765, 732], [1766, 732], [1767, 732], [1768, 732], [1769, 732], [1770, 732], [1771, 732], [1772, 732], [1773, 732], [1774, 732], [1775, 732], [1776, 732], [1777, 732], [1778, 732], [1779, 732], [1780, 732], [973, 733], [974, 733], [975, 733], [976, 733], [977, 733], [978, 733], [979, 733], [991, 733], [992, 733], [993, 733], [1279, 733], [1280, 733], [1281, 733], [1282, 733], [1286, 733], [1287, 733], [1288, 733], [1289, 733], [1290, 733], [1291, 733], [1292, 733], [1293, 733], [1294, 733], [1295, 733], [1296, 733], [1297, 733], [1298, 733], [1299, 733], [1300, 733], [1301, 733], [1302, 733], [1303, 733], [1304, 733], [1305, 733], [1306, 733], [1308, 733], [1309, 733], [1457, 733], [1458, 733], [1459, 733], [1460, 733], [1461, 733], [1462, 733], [1463, 733], [1465, 733], [1466, 733], [1467, 733], [1468, 733], [1469, 733], [1470, 733], [1471, 733], [1472, 733], [1473, 733], [1474, 733], [1475, 733], [1476, 733], [1477, 733], [1478, 733], [1479, 733], [1480, 733], [1481, 733], [1482, 733], [1483, 733], [1484, 733], [1485, 733], [1486, 733], [1487, 733], [1585, 733], [1586, 733], [1587, 733], [1588, 733], [1589, 733], [1590, 733], [1591, 733], [1592, 733], [1593, 733], [1594, 733], [1595, 733], [1596, 733], [1597, 733], [1598, 733], [1599, 733], [1600, 733], [1601, 733], [1602, 733], [1603, 733], [1604, 733], [1605, 733], [1606, 733], [1607, 733], [1608, 733], [1609, 733], [1610, 733], [1611, 733], [1612, 733], [1613, 733], [1614, 733], [1615, 733], [1616, 733], [1617, 733], [1618, 733], [1619, 733], [1620, 733], [1621, 733], [1622, 733], [1623, 733], [1624, 733], [1625, 733], [1626, 733], [1627, 733], [1628, 733], [1629, 733], [1630, 733], [1631, 733], [1632, 733], [1665, 733], [1666, 733], [1667, 733], [1668, 733], [1669, 733], [1670, 733], [1741, 733], [1742, 733], [1743, 733], [1744, 733], [1745, 733], [1746, 733], [1747, 733], [1748, 733], [1749, 733], [1750, 733], [1751, 733], [1752, 733], [1753, 733], [1754, 733], [1755, 733], [1769, 733], [1770, 733], [1771, 733], [1772, 733], [1773, 733], [1774, 733], [1775, 733], [1776, 733], [1777, 733], [1778, 733], [1280, 734], [1281, 734], [1282, 734], [1283, 734], [1284, 734], [1285, 734], [1286, 734], [1287, 734], [1288, 734], [1289, 734], [1290, 734], [1291, 734], [1292, 734], [1293, 734], [1294, 734], [1295, 734], [1296, 734], [1297, 734], [1298, 734], [1299, 734], [1300, 734], [1301, 734], [1302, 734], [1303, 734], [1304, 734], [1305, 734], [1306, 734], [1307, 734], [1308, 734], [1309, 734], [1460, 734], [1461, 734], [1462, 734], [1463, 734], [1464, 734], [1465, 734], [1466, 734], [1467, 734], [1468, 734], [1469, 734], [1470, 734], [1471, 734], [1472, 734], [1473, 734], [1474, 734], [1475, 734], [1476, 734], [1477, 734], [1478, 734], [1479, 734], [1482, 734], [1483, 734], [1484, 734], [1485, 734], [1486, 734], [1487, 734], [1595, 734], [1596, 734], [1597, 734], [1598, 734], [1599, 734], [1600, 734], [1601, 734], [1602, 734], [1603, 734], [1604, 734], [1605, 734], [1606, 734], [1607, 734], [1627, 734], [1628, 734], [1629, 734], [1630, 734], [1631, 734], [1632, 734], [1633, 734], [1665, 734], [1666, 734], [1667, 734], [1668, 734], [1669, 734], [1670, 734], [1671, 734], [1672, 734], [1673, 734], [1674, 734], [1675, 734], [1676, 734], [1677, 734], [1678, 734], [1679, 734], [1686, 734], [1687, 734], [1688, 734], [1689, 734], [1690, 734], [1691, 734], [1692, 734], [1693, 734], [1694, 734], [1695, 734], [1696, 734], [1697, 734], [1698, 734], [1745, 734], [1746, 734], [1747, 734], [1748, 734], [1749, 734], [1750, 734], [1751, 734], [1752, 734], [1753, 734], [1791, 734], [1792, 734], [1793, 734], [1794, 734], [1281, 735], [1282, 735], [1283, 735], [1284, 735], [1285, 735], [1286, 735], [1287, 735], [1305, 735], [1306, 735], [1307, 735], [1308, 735], [1309, 735], [1462, 735], [1463, 735], [1464, 735], [1465, 735], [1466, 735], [1484, 735], [1485, 735], [1486, 735], [1487, 735], [1631, 735], [1632, 735], [1633, 735], [1634, 735], [1635, 735], [1636, 735], [1637, 735], [1638, 735], [1639, 735], [1640, 735], [1665, 735], [1666, 735], [1669, 735], [1670, 735], [1671, 735], [1672, 735], [1673, 735], [1674, 735], [1675, 735], [1676, 735], [1677, 735], [1678, 735], [1679, 735], [1680, 735], [1681, 735], [1682, 735], [1683, 735], [1684, 735], [1685, 735], [1686, 735], [1687, 735], [1688, 735], [1689, 735], [1690, 735], [1691, 735], [1692, 735], [1693, 735], [1694, 735], [1695, 735], [1696, 735], [1697, 735], [1698, 735], [1699, 735], [1700, 735], [1701, 735], [1702, 735], [1703, 735], [1704, 735], [1705, 735], [1706, 735], [1707, 735], [1708, 735], [1709, 735], [1710, 735], [1711, 735], [1712, 735], [1713, 735], [1714, 735], [1715, 735], [1716, 735], [1717, 735], [1718, 735], [1719, 735], [1720, 735], [1721, 735], [1722, 735], [1723, 735], [1724, 735], [1725, 735], [1726, 735], [1727, 735], [1728, 735], [1729, 735], [1730, 735], [1731, 735], [1732, 735], [1733, 735], [1734, 735], [1735, 735], [1736, 735], [1737, 735], [1738, 735], [1749, 735], [1750, 735], [1751, 735], [1752, 735], [1788, 735], [1789, 735], [1790, 735], [1791, 735], [1792, 735], [1793, 735], [1794, 735], [1795, 735], [1796, 735], [1797, 735], [1798, 735], [1799, 735], [1463, 736], [1464, 736], [1465, 736], [1466, 736], [1632, 736], [1633, 736], [1634, 736], [1635, 736], [1636, 736], [1637, 736], [1638, 736], [1639, 736], [1640, 736], [1641, 736], [1642, 736], [1646, 736], [1647, 736], [1648, 736], [1649, 736], [1650, 736], [1651, 736], [1665, 736], [1666, 736], [1667, 736], [1678, 736], [1679, 736], [1680, 736], [1681, 736], [1682, 736], [1683, 736], [1684, 736], [1685, 736], [1686, 736], [1687, 736], [1697, 736], [1698, 736], [1699, 736], [1700, 736], [1701, 736], [1702, 736], [1703, 736], [1704, 736], [1705, 736], [1706, 736], [1707, 736], [1708, 736], [1709, 736], [1710, 736], [1711, 736], [1712, 736], [1713, 736], [1714, 736], [1715, 736], [1716, 736], [1717, 736], [1718, 736], [1719, 736], [1720, 736], [1721, 736], [1722, 736], [1723, 736], [1724, 736], [1725, 736], [1726, 736], [1727, 736], [1728, 736], [1729, 736], [1730, 736], [1731, 736], [1732, 736], [1733, 736], [1734, 736], [1735, 736], [1736, 736], [1737, 736], [1738, 736], [1739, 736], [1740, 736], [1741, 736], [1742, 736], [1743, 736], [1744, 736], [1745, 736], [1746, 736], [1747, 736], [1748, 736], [1761, 736], [1762, 736], [1763, 736], [1764, 736], [1765, 736], [1766, 736], [1767, 736], [1768, 736], [1769, 736], [1770, 736], [1771, 736], [1772, 736], [1773, 736], [1774, 736], [1775, 736], [1776, 736], [1777, 736], [1778, 736], [1779, 736], [1780, 736], [1781, 736], [1782, 736], [1783, 736], [1784, 736], [1785, 736], [1786, 736], [1787, 736], [1788, 736], [1789, 736], [1790, 736], [1791, 736], [1792, 736], [1793, 736], [1794, 736], [1795, 736], [1796, 736], [1797, 736], [1798, 736], [1799, 736], [1800, 736], [1813, 736], [1814, 736], [1815, 736], [1816, 736], [1817, 736], [1818, 736], [1819, 736], [1820, 736], [1821, 736], [1822, 736], [1823, 736], [1824, 736], [1639, 737], [1640, 737], [1641, 737], [1642, 737], [1643, 737], [1646, 737], [1647, 737], [1648, 737], [1649, 737], [1650, 737], [1651, 737], [1652, 737], [1653, 737], [1654, 737], [1655, 737], [1657, 737], [1658, 737], [1659, 737], [1660, 737], [1661, 737], [1662, 737], [1663, 737], [1664, 737], [1665, 737], [1666, 737], [1667, 737], [1711, 737], [1712, 737], [1713, 737], [1737, 737], [1738, 737], [1739, 737], [1740, 737], [1741, 737], [1742, 737], [1743, 737], [1744, 737], [1745, 737], [1746, 737], [1747, 737], [1748, 737], [1749, 737], [1750, 737], [1751, 737], [1752, 737], [1760, 737], [1761, 737], [1762, 737], [1763, 737], [1764, 737], [1765, 737], [1766, 737], [1767, 737], [1768, 737], [1769, 737], [1770, 737], [1771, 737], [1772, 737], [1773, 737], [1774, 737], [1775, 737], [1776, 737], [1777, 737], [1778, 737], [1779, 737], [1780, 737], [1781, 737], [1782, 737], [1783, 737], [1784, 737], [1785, 737], [1786, 737], [1787, 737], [1788, 737], [1789, 737], [1798, 737], [1799, 737], [1800, 737], [1801, 737], [1802, 737], [1803, 737], [1804, 737], [1805, 737], [1806, 737], [1808, 737], [1809, 737], [1810, 737], [1812, 737], [1813, 737], [1814, 737], [1815, 737], [1816, 737], [1817, 737], [1818, 737], [1819, 737], [1820, 737], [1821, 737], [1822, 737], [1823, 737], [1824, 737], [1641, 738], [1642, 738], [1643, 738], [1644, 738], [1645, 738], [1646, 738], [1647, 738], [1650, 738], [1651, 738], [1652, 738], [1653, 738], [1654, 738], [1655, 738], [1656, 738], [1657, 738], [1658, 738], [1659, 738], [1660, 738], [1661, 738], [1662, 738], [1663, 738], [1664, 738], [1665, 738], [1666, 738], [1667, 738], [1741, 738], [1742, 738], [1743, 738], [1744, 738], [1747, 738], [1748, 738], [1749, 738], [1750, 738], [1751, 738], [1752, 738], [1753, 738], [1754, 738], [1755, 738], [1756, 738], [1757, 738], [1758, 738], [1759, 738], [1760, 738], [1761, 738], [1762, 738], [1779, 738], [1780, 738], [1781, 738], [1782, 738], [1799, 738], [1800, 738], [1801, 738], [1802, 738], [1803, 738], [1804, 738], [1805, 738], [1806, 738], [1807, 738], [1808, 738], [1809, 738], [1810, 738], [1811, 738], [1812, 738], [1813, 738], [1814, 738], [1818, 738], [1819, 738], [1820, 738], [1821, 738], [1642, 739], [1643, 739], [1644, 739], [1645, 739], [1646, 739], [1647, 739], [1654, 739], [1655, 739], [1656, 739], [1657, 739], [1658, 739], [1663, 739], [1664, 739], [1665, 739], [1666, 739], [1667, 739], [1751, 739], [1752, 739], [1753, 739], [1754, 739], [1755, 739], [1756, 739], [1757, 739], [1758, 739], [1759, 739], [1760, 739], [1761, 739], [1805, 739], [1806, 739], [1807, 739], [1808, 739], [1809, 739], [1810, 739], [1811, 739], [1812, 739], [1813, 739], [1318, 747], [1319, 747], [1320, 747], [1321, 747], [1318, 748], [1319, 748], [1320, 748], [1321, 748], [1322, 748], [1318, 749], [1319, 749], [1320, 749], [1321, 749], [1322, 749], [1323, 749], [1324, 749], [1319, 750], [1320, 750], [1321, 750], [1322, 750], [1323, 750], [1324, 750], [1325, 750], [1326, 750], [1327, 750], [1328, 750], [1329, 750], [1330, 750], [1331, 750], [1283, 751], [1284, 751], [1285, 751], [1286, 751], [1287, 751], [1288, 751], [1289, 751], [1290, 751], [1291, 751], [1319, 751], [1320, 751], [1321, 751], [1323, 751], [1324, 751], [1325, 751], [1326, 751], [1327, 751], [1328, 751], [1329, 751], [1330, 751], [1331, 751], [1332, 751], [1333, 751], [1334, 751], [1335, 751], [1336, 751], [1337, 751], [1338, 751], [1339, 751], [1340, 751], [1341, 751], [1342, 751], [1343, 751], [1352, 751], [1353, 751], [1354, 751], [1355, 751], [1356, 751], [1357, 751], [1358, 751], [1359, 751], [1360, 751], [1361, 751], [1362, 751], [1363, 751], [1364, 751], [1365, 751], [1366, 751], [1367, 751], [1368, 751], [1369, 751], [1370, 751], [1371, 751], [1372, 751], [1373, 751], [1374, 751], [1375, 751], [1376, 751], [1377, 751], [1378, 751], [1379, 751], [1380, 751], [1381, 751], [1382, 751], [1383, 751], [1384, 751], [1399, 751], [1400, 751], [1401, 751], [1402, 751], [1403, 751], [1404, 751], [1405, 751], [1406, 751], [1407, 751], [1408, 751], [1409, 751], [1420, 751], [1421, 751], [1422, 751], [1423, 751], [1281, 752], [1282, 752], [1283, 752], [1284, 752], [1285, 752], [1286, 752], [1287, 752], [1288, 752], [1289, 752], [1290, 752], [1291, 752], [1292, 752], [1319, 752], [1320, 752], [1321, 752], [1322, 752], [1330, 752], [1331, 752], [1332, 752], [1333, 752], [1334, 752], [1335, 752], [1336, 752], [1337, 752], [1338, 752], [1339, 752], [1340, 752], [1341, 752], [1342, 752], [1343, 752], [1344, 752], [1345, 752], [1346, 752], [1347, 752], [1348, 752], [1349, 752], [1351, 752], [1352, 752], [1353, 752], [1354, 752], [1355, 752], [1356, 752], [1357, 752], [1358, 752], [1359, 752], [1360, 752], [1361, 752], [1362, 752], [1363, 752], [1364, 752], [1365, 752], [1366, 752], [1367, 752], [1368, 752], [1369, 752], [1370, 752], [1371, 752], [1372, 752], [1373, 752], [1374, 752], [1375, 752], [1376, 752], [1377, 752], [1378, 752], [1379, 752], [1380, 752], [1381, 752], [1382, 752], [1383, 752], [1384, 752], [1385, 752], [1386, 752], [1387, 752], [1388, 752], [1389, 752], [1390, 752], [1391, 752], [1392, 752], [1393, 752], [1394, 752], [1395, 752], [1396, 752], [1397, 752], [1398, 752], [1399, 752], [1400, 752], [1401, 752], [1402, 752], [1403, 752], [1404, 752], [1405, 752], [1406, 752], [1407, 752], [1408, 752], [1409, 752], [1410, 752], [1411, 752], [1412, 752], [1413, 752], [1414, 752], [1415, 752], [1416, 752], [1417, 752], [1418, 752], [1419, 752], [1420, 752], [1421, 752], [1422, 752], [1423, 752], [1424, 752], [1425, 752], [1426, 752], [1427, 752], [1428, 752], [1429, 752], [1430, 752], [1431, 752], [1432, 752], [1278, 753], [1279, 753], [1280, 753], [1281, 753], [1282, 753], [1283, 753], [1284, 753], [1286, 753], [1287, 753], [1288, 753], [1289, 753], [1290, 753], [1291, 753], [1292, 753], [1293, 753], [1294, 753], [1320, 753], [1321, 753], [1322, 753], [1323, 753], [1342, 753], [1343, 753], [1344, 753], [1345, 753], [1346, 753], [1347, 753], [1348, 753], [1349, 753], [1350, 753], [1351, 753], [1352, 753], [1353, 753], [1383, 753], [1384, 753], [1385, 753], [1386, 753], [1387, 753], [1388, 753], [1389, 753], [1390, 753], [1391, 753], [1392, 753], [1393, 753], [1394, 753], [1395, 753], [1396, 753], [1397, 753], [1398, 753], [1399, 753], [1400, 753], [1408, 753], [1409, 753], [1410, 753], [1411, 753], [1412, 753], [1413, 753], [1414, 753], [1415, 753], [1416, 753], [1417, 753], [1418, 753], [1419, 753], [1420, 753], [1421, 753], [1422, 753], [1423, 753], [1424, 753], [1425, 753], [1426, 753], [1427, 753], [1428, 753], [1429, 753], [1430, 753], [1431, 753], [1432, 753], [1433, 753], [1434, 753], [1435, 753], [1459, 753], [1460, 753], [1461, 753], [1462, 753], [1463, 753], [1464, 753], [1465, 753], [1476, 753], [1477, 753], [1478, 753], [1479, 753], [1504, 753], [1505, 753], [1506, 753], [1507, 753], [1508, 753], [1271, 754], [1272, 754], [1273, 754], [1274, 754], [1275, 754], [1276, 754], [1277, 754], [1278, 754], [1279, 754], [1280, 754], [1281, 754], [1282, 754], [1291, 754], [1292, 754], [1293, 754], [1294, 754], [1295, 754], [1321, 754], [1322, 754], [1323, 754], [1324, 754], [1348, 754], [1349, 754], [1350, 754], [1351, 754], [1352, 754], [1431, 754], [1432, 754], [1433, 754], [1434, 754], [1435, 754], [1436, 754], [1437, 754], [1438, 754], [1439, 754], [1440, 754], [1441, 754], [1442, 754], [1443, 754], [1444, 754], [1445, 754], [1446, 754], [1447, 754], [1448, 754], [1449, 754], [1450, 754], [1451, 754], [1452, 754], [1453, 754], [1454, 754], [1455, 754], [1456, 754], [1457, 754], [1458, 754], [1459, 754], [1460, 754], [1461, 754], [1462, 754], [1463, 754], [1464, 754], [1465, 754], [1466, 754], [1467, 754], [1468, 754], [1469, 754], [1470, 754], [1471, 754], [1472, 754], [1473, 754], [1474, 754], [1475, 754], [1476, 754], [1477, 754], [1478, 754], [1479, 754], [1480, 754], [1481, 754], [1503, 754], [1504, 754], [1505, 754], [1506, 754], [1507, 754], [1508, 754], [1509, 754], [1510, 754], [1511, 754], [1512, 754], [1513, 754], [1246, 755], [1247, 755], [1248, 755], [1249, 755], [1250, 755], [1251, 755], [1252, 755], [1253, 755], [1254, 755], [1255, 755], [1256, 755], [1257, 755], [1258, 755], [1259, 755], [1260, 755], [1261, 755], [1262, 755], [1263, 755], [1264, 755], [1265, 755], [1266, 755], [1267, 755], [1268, 755], [1269, 755], [1270, 755], [1271, 755], [1272, 755], [1273, 755], [1274, 755], [1275, 755], [1276, 755], [1277, 755], [1278, 755], [1279, 755], [1293, 755], [1294, 755], [1295, 755], [1322, 755], [1323, 755], [1324, 755], [1325, 755], [1326, 755], [1327, 755], [1328, 755], [1329, 755], [1330, 755], [1331, 755], [1332, 755], [1333, 755], [1334, 755], [1335, 755], [1336, 755], [1337, 755], [1338, 755], [1339, 755], [1340, 755], [1341, 755], [1342, 755], [1343, 755], [1344, 755], [1345, 755], [1360, 755], [1361, 755], [1362, 755], [1363, 755], [1364, 755], [1365, 755], [1366, 755], [1367, 755], [1368, 755], [1369, 755], [1370, 755], [1371, 755], [1373, 755], [1374, 755], [1375, 755], [1434, 755], [1435, 755], [1436, 755], [1437, 755], [1438, 755], [1439, 755], [1440, 755], [1441, 755], [1442, 755], [1443, 755], [1444, 755], [1445, 755], [1446, 755], [1447, 755], [1448, 755], [1449, 755], [1450, 755], [1451, 755], [1452, 755], [1453, 755], [1454, 755], [1455, 755], [1456, 755], [1457, 755], [1458, 755], [1459, 755], [1460, 755], [1464, 755], [1465, 755], [1466, 755], [1467, 755], [1468, 755], [1469, 755], [1470, 755], [1471, 755], [1472, 755], [1473, 755], [1474, 755], [1475, 755], [1476, 755], [1477, 755], [1478, 755], [1479, 755], [1480, 755], [1481, 755], [1482, 755], [1503, 755], [1504, 755], [1505, 755], [1507, 755], [1508, 755], [1509, 755], [1510, 755], [1511, 755], [1512, 755], [1513, 755], [1514, 755], [1515, 755], [1516, 755], [1517, 755], [1518, 755], [1519, 755], [1520, 755], [1225, 756], [1226, 756], [1227, 756], [1231, 756], [1232, 756], [1233, 756], [1234, 756], [1235, 756], [1236, 756], [1237, 756], [1238, 756], [1239, 756], [1240, 756], [1241, 756], [1242, 756], [1243, 756], [1244, 756], [1245, 756], [1246, 756], [1247, 756], [1248, 756], [1249, 756], [1250, 756], [1251, 756], [1252, 756], [1253, 756], [1254, 756], [1255, 756], [1256, 756], [1257, 756], [1258, 756], [1259, 756], [1260, 756], [1261, 756], [1262, 756], [1263, 756], [1264, 756], [1265, 756], [1266, 756], [1267, 756], [1268, 756], [1269, 756], [1270, 756], [1271, 756], [1272, 756], [1288, 756], [1289, 756], [1290, 756], [1291, 756], [1292, 756], [1293, 756], [1294, 756], [1295, 756], [1323, 756], [1324, 756], [1325, 756], [1326, 756], [1327, 756], [1328, 756], [1329, 756], [1330, 756], [1331, 756], [1332, 756], [1333, 756], [1334, 756], [1335, 756], [1336, 756], [1337, 756], [1338, 756], [1339, 756], [1340, 756], [1341, 756], [1342, 756], [1343, 756], [1344, 756], [1345, 756], [1346, 756], [1347, 756], [1348, 756], [1349, 756], [1358, 756], [1359, 756], [1360, 756], [1361, 756], [1362, 756], [1363, 756], [1364, 756], [1365, 756], [1366, 756], [1367, 756], [1368, 756], [1369, 756], [1370, 756], [1371, 756], [1372, 756], [1373, 756], [1374, 756], [1375, 756], [1376, 756], [1377, 756], [1378, 756], [1379, 756], [1380, 756], [1381, 756], [1382, 756], [1383, 756], [1385, 756], [1386, 756], [1387, 756], [1388, 756], [1389, 756], [1390, 756], [1391, 756], [1392, 756], [1393, 756], [1394, 756], [1395, 756], [1396, 756], [1397, 756], [1402, 756], [1403, 756], [1404, 756], [1405, 756], [1406, 756], [1407, 756], [1408, 756], [1409, 756], [1410, 756], [1411, 756], [1412, 756], [1413, 756], [1414, 756], [1415, 756], [1416, 756], [1417, 756], [1418, 756], [1419, 756], [1420, 756], [1421, 756], [1422, 756], [1423, 756], [1424, 756], [1425, 756], [1426, 756], [1427, 756], [1428, 756], [1480, 756], [1481, 756], [1482, 756], [1483, 756], [1484, 756], [1502, 756], [1503, 756], [1504, 756], [1512, 756], [1513, 756], [1514, 756], [1515, 756], [1516, 756], [1517, 756], [1518, 756], [1519, 756], [1520, 756], [1521, 756], [1522, 756], [1523, 756], [1524, 756], [1525, 756], [1526, 756], [1527, 756], [1528, 756], [1529, 756], [1530, 756], [1531, 756], [1532, 756], [1533, 756], [1534, 756], [1535, 756], [1536, 756], [1537, 756], [1538, 756], [1539, 756], [1540, 756], [1541, 756], [1542, 756], [1545, 756], [1546, 756], [1547, 756], [1548, 756], [1549, 756], [1550, 756], [1551, 756], [1552, 756], [1553, 756], [1554, 756], [1555, 756], [1556, 756], [1561, 756], [1562, 756], [1563, 756], [1564, 756], [1565, 756], [1566, 756], [1567, 756], [1636, 756], [1637, 756], [1638, 756], [1639, 756], [1640, 756], [1661, 756], [1662, 756], [1663, 756], [1209, 757], [1210, 757], [1211, 757], [1212, 757], [1213, 757], [1218, 757], [1219, 757], [1220, 757], [1221, 757], [1222, 757], [1223, 757], [1224, 757], [1225, 757], [1226, 757], [1227, 757], [1228, 757], [1229, 757], [1230, 757], [1231, 757], [1232, 757], [1233, 757], [1234, 757], [1235, 757], [1236, 757], [1237, 757], [1238, 757], [1239, 757], [1240, 757], [1241, 757], [1242, 757], [1243, 757], [1244, 757], [1245, 757], [1246, 757], [1247, 757], [1285, 757], [1286, 757], [1287, 757], [1288, 757], [1289, 757], [1290, 757], [1291, 757], [1292, 757], [1293, 757], [1294, 757], [1344, 757], [1345, 757], [1346, 757], [1347, 757], [1348, 757], [1349, 757], [1350, 757], [1351, 757], [1357, 757], [1358, 757], [1359, 757], [1360, 757], [1361, 757], [1370, 757], [1371, 757], [1372, 757], [1373, 757], [1374, 757], [1375, 757], [1376, 757], [1377, 757], [1378, 757], [1379, 757], [1380, 757], [1381, 757], [1382, 757], [1383, 757], [1384, 757], [1385, 757], [1386, 757], [1387, 757], [1388, 757], [1389, 757], [1390, 757], [1391, 757], [1392, 757], [1393, 757], [1394, 757], [1395, 757], [1396, 757], [1397, 757], [1398, 757], [1399, 757], [1400, 757], [1401, 757], [1402, 757], [1403, 757], [1404, 757], [1405, 757], [1406, 757], [1407, 757], [1408, 757], [1409, 757], [1410, 757], [1411, 757], [1412, 757], [1413, 757], [1414, 757], [1415, 757], [1416, 757], [1417, 757], [1418, 757], [1419, 757], [1420, 757], [1421, 757], [1422, 757], [1423, 757], [1424, 757], [1425, 757], [1426, 757], [1427, 757], [1428, 757], [1429, 757], [1430, 757], [1431, 757], [1432, 757], [1481, 757], [1482, 757], [1483, 757], [1484, 757], [1485, 757], [1486, 757], [1500, 757], [1501, 757], [1502, 757], [1503, 757], [1504, 757], [1519, 757], [1520, 757], [1521, 757], [1522, 757], [1523, 757], [1524, 757], [1525, 757], [1526, 757], [1527, 757], [1528, 757], [1529, 757], [1530, 757], [1531, 757], [1532, 757], [1533, 757], [1534, 757], [1535, 757], [1536, 757], [1537, 757], [1538, 757], [1539, 757], [1540, 757], [1541, 757], [1542, 757], [1543, 757], [1544, 757], [1545, 757], [1546, 757], [1547, 757], [1548, 757], [1549, 757], [1550, 757], [1551, 757], [1552, 757], [1553, 757], [1554, 757], [1555, 757], [1556, 757], [1557, 757], [1558, 757], [1559, 757], [1560, 757], [1561, 757], [1562, 757], [1563, 757], [1564, 757], [1565, 757], [1566, 757], [1567, 757], [1568, 757], [1569, 757], [1570, 757], [1571, 757], [1572, 757], [1609, 757], [1610, 757], [1611, 757], [1612, 757], [1613, 757], [1614, 757], [1620, 757], [1621, 757], [1622, 757], [1623, 757], [1624, 757], [1625, 757], [1626, 757], [1627, 757], [1628, 757], [1629, 757], [1630, 757], [1631, 757], [1632, 757], [1633, 757], [1635, 757], [1636, 757], [1637, 757], [1638, 757], [1639, 757], [1640, 757], [1641, 757], [1642, 757], [1643, 757], [1649, 757], [1650, 757], [1651, 757], [1652, 757], [1653, 757], [1654, 757], [1655, 757], [1656, 757], [1660, 757], [1661, 757], [1662, 757], [1663, 757], [1664, 757], [1665, 757], [1687, 757], [1688, 757], [1689, 757], [1182, 758], [1183, 758], [1184, 758], [1185, 758], [1186, 758], [1187, 758], [1188, 758], [1189, 758], [1190, 758], [1201, 758], [1202, 758], [1203, 758], [1204, 758], [1205, 758], [1206, 758], [1207, 758], [1208, 758], [1209, 758], [1210, 758], [1211, 758], [1212, 758], [1213, 758], [1214, 758], [1215, 758], [1216, 758], [1217, 758], [1218, 758], [1219, 758], [1220, 758], [1221, 758], [1222, 758], [1223, 758], [1224, 758], [1225, 758], [1226, 758], [1227, 758], [1228, 758], [1229, 758], [1230, 758], [1231, 758], [1232, 758], [1283, 758], [1284, 758], [1285, 758], [1286, 758], [1287, 758], [1288, 758], [1289, 758], [1292, 758], [1293, 758], [1294, 758], [1348, 758], [1349, 758], [1350, 758], [1351, 758], [1352, 758], [1353, 758], [1356, 758], [1357, 758], [1358, 758], [1359, 758], [1382, 758], [1383, 758], [1384, 758], [1385, 758], [1386, 758], [1390, 758], [1391, 758], [1392, 758], [1393, 758], [1396, 758], [1397, 758], [1398, 758], [1399, 758], [1400, 758], [1401, 758], [1402, 758], [1403, 758], [1420, 758], [1421, 758], [1422, 758], [1427, 758], [1428, 758], [1429, 758], [1430, 758], [1431, 758], [1432, 758], [1433, 758], [1434, 758], [1435, 758], [1436, 758], [1437, 758], [1466, 758], [1467, 758], [1468, 758], [1469, 758], [1483, 758], [1484, 758], [1485, 758], [1486, 758], [1487, 758], [1488, 758], [1489, 758], [1490, 758], [1491, 758], [1492, 758], [1493, 758], [1497, 758], [1498, 758], [1499, 758], [1500, 758], [1501, 758], [1502, 758], [1503, 758], [1541, 758], [1542, 758], [1543, 758], [1544, 758], [1545, 758], [1546, 758], [1555, 758], [1556, 758], [1557, 758], [1558, 758], [1559, 758], [1560, 758], [1561, 758], [1562, 758], [1566, 758], [1567, 758], [1568, 758], [1569, 758], [1570, 758], [1571, 758], [1572, 758], [1573, 758], [1574, 758], [1575, 758], [1576, 758], [1577, 758], [1578, 758], [1581, 758], [1582, 758], [1583, 758], [1584, 758], [1585, 758], [1586, 758], [1587, 758], [1588, 758], [1589, 758], [1590, 758], [1592, 758], [1593, 758], [1594, 758], [1595, 758], [1596, 758], [1597, 758], [1600, 758], [1601, 758], [1602, 758], [1603, 758], [1604, 758], [1605, 758], [1606, 758], [1607, 758], [1608, 758], [1609, 758], [1610, 758], [1611, 758], [1612, 758], [1613, 758], [1614, 758], [1615, 758], [1616, 758], [1617, 758], [1618, 758], [1619, 758], [1620, 758], [1621, 758], [1622, 758], [1623, 758], [1624, 758], [1625, 758], [1626, 758], [1627, 758], [1628, 758], [1629, 758], [1630, 758], [1631, 758], [1632, 758], [1633, 758], [1634, 758], [1635, 758], [1636, 758], [1637, 758], [1639, 758], [1640, 758], [1641, 758], [1642, 758], [1643, 758], [1644, 758], [1645, 758], [1646, 758], [1647, 758], [1648, 758], [1649, 758], [1650, 758], [1651, 758], [1652, 758], [1653, 758], [1654, 758], [1655, 758], [1656, 758], [1657, 758], [1658, 758], [1659, 758], [1660, 758], [1661, 758], [1662, 758], [1663, 758], [1664, 758], [1665, 758], [1666, 758], [1667, 758], [1668, 758], [1687, 758], [1688, 758], [1689, 758], [1690, 758], [1691, 758], [1692, 758], [1693, 758], [1694, 758], [1695, 758], [1696, 758], [1697, 758], [1704, 758], [1705, 758], [1706, 758], [1707, 758], [1708, 758], [1709, 758], [1710, 758], [1711, 758], [1712, 758], [1713, 758], [1714, 758], [1715, 758], [1716, 758], [1717, 758], [1718, 758], [1719, 758], [1181, 759], [1182, 759], [1183, 759], [1184, 759], [1185, 759], [1186, 759], [1187, 759], [1188, 759], [1189, 759], [1190, 759], [1191, 759], [1192, 759], [1193, 759], [1194, 759], [1195, 759], [1196, 759], [1197, 759], [1198, 759], [1199, 759], [1200, 759], [1201, 759], [1202, 759], [1203, 759], [1204, 759], [1205, 759], [1206, 759], [1207, 759], [1208, 759], [1209, 759], [1210, 759], [1212, 759], [1213, 759], [1214, 759], [1215, 759], [1216, 759], [1217, 759], [1218, 759], [1219, 759], [1280, 759], [1281, 759], [1282, 759], [1283, 759], [1284, 759], [1285, 759], [1286, 759], [1350, 759], [1351, 759], [1352, 759], [1353, 759], [1354, 759], [1356, 759], [1357, 759], [1358, 759], [1431, 759], [1432, 759], [1433, 759], [1434, 759], [1435, 759], [1436, 759], [1437, 759], [1438, 759], [1439, 759], [1454, 759], [1455, 759], [1456, 759], [1457, 759], [1458, 759], [1459, 759], [1460, 759], [1461, 759], [1462, 759], [1463, 759], [1464, 759], [1465, 759], [1466, 759], [1467, 759], [1468, 759], [1469, 759], [1470, 759], [1471, 759], [1472, 759], [1473, 759], [1485, 759], [1486, 759], [1487, 759], [1488, 759], [1489, 759], [1490, 759], [1491, 759], [1492, 759], [1493, 759], [1494, 759], [1495, 759], [1496, 759], [1497, 759], [1498, 759], [1499, 759], [1500, 759], [1501, 759], [1502, 759], [1571, 759], [1572, 759], [1573, 759], [1574, 759], [1575, 759], [1576, 759], [1577, 759], [1578, 759], [1579, 759], [1580, 759], [1581, 759], [1582, 759], [1583, 759], [1584, 759], [1585, 759], [1586, 759], [1587, 759], [1588, 759], [1589, 759], [1590, 759], [1591, 759], [1592, 759], [1593, 759], [1594, 759], [1595, 759], [1596, 759], [1597, 759], [1598, 759], [1599, 759], [1600, 759], [1601, 759], [1602, 759], [1603, 759], [1604, 759], [1605, 759], [1606, 759], [1607, 759], [1608, 759], [1609, 759], [1610, 759], [1613, 759], [1614, 759], [1615, 759], [1616, 759], [1617, 759], [1618, 759], [1619, 759], [1620, 759], [1621, 759], [1632, 759], [1633, 759], [1634, 759], [1635, 759], [1636, 759], [1642, 759], [1643, 759], [1644, 759], [1645, 759], [1646, 759], [1647, 759], [1648, 759], [1649, 759], [1650, 759], [1655, 759], [1656, 759], [1657, 759], [1658, 759], [1659, 759], [1660, 759], [1661, 759], [1664, 759], [1665, 759], [1666, 759], [1667, 759], [1668, 759], [1669, 759], [1670, 759], [1671, 759], [1686, 759], [1687, 759], [1688, 759], [1689, 759], [1690, 759], [1691, 759], [1692, 759], [1693, 759], [1694, 759], [1695, 759], [1696, 759], [1697, 759], [1698, 759], [1699, 759], [1700, 759], [1701, 759], [1702, 759], [1703, 759], [1704, 759], [1705, 759], [1706, 759], [1707, 759], [1708, 759], [1709, 759], [1710, 759], [1711, 759], [1712, 759], [1713, 759], [1714, 759], [1715, 759], [1716, 759], [1717, 759], [1718, 759], [1719, 759], [1720, 759], [1721, 759], [1722, 759], [1723, 759], [1724, 759], [1725, 759], [1726, 759], [1727, 759], [1728, 759], [1729, 759], [1730, 759], [1731, 759], [1732, 759], [1167, 760], [1168, 760], [1169, 760], [1170, 760], [1171, 760], [1172, 760], [1173, 760], [1174, 760], [1181, 760], [1182, 760], [1183, 760], [1189, 760], [1190, 760], [1191, 760], [1192, 760], [1193, 760], [1194, 760], [1195, 760], [1196, 760], [1197, 760], [1198, 760], [1199, 760], [1200, 760], [1201, 760], [1202, 760], [1214, 760], [1215, 760], [1216, 760], [1217, 760], [1276, 760], [1277, 760], [1278, 760], [1279, 760], [1280, 760], [1281, 760], [1282, 760], [1283, 760], [1284, 760], [1352, 760], [1353, 760], [1354, 760], [1355, 760], [1356, 760], [1357, 760], [1436, 760], [1437, 760], [1438, 760], [1439, 760], [1440, 760], [1441, 760], [1453, 760], [1454, 760], [1455, 760], [1456, 760], [1457, 760], [1458, 760], [1459, 760], [1460, 760], [1461, 760], [1462, 760], [1463, 760], [1464, 760], [1465, 760], [1466, 760], [1467, 760], [1468, 760], [1469, 760], [1470, 760], [1471, 760], [1472, 760], [1473, 760], [1474, 760], [1475, 760], [1492, 760], [1493, 760], [1495, 760], [1496, 760], [1498, 760], [1499, 760], [1500, 760], [1501, 760], [1502, 760], [1577, 760], [1578, 760], [1579, 760], [1580, 760], [1581, 760], [1582, 760], [1589, 760], [1590, 760], [1591, 760], [1592, 760], [1593, 760], [1596, 760], [1597, 760], [1598, 760], [1599, 760], [1600, 760], [1601, 760], [1667, 760], [1668, 760], [1669, 760], [1670, 760], [1671, 760], [1672, 760], [1673, 760], [1681, 760], [1682, 760], [1683, 760], [1684, 760], [1685, 760], [1686, 760], [1687, 760], [1688, 760], [1689, 760], [1696, 760], [1697, 760], [1698, 760], [1699, 760], [1700, 760], [1701, 760], [1702, 760], [1703, 760], [1704, 760], [1705, 760], [1718, 760], [1719, 760], [1720, 760], [1721, 760], [1722, 760], [1723, 760], [1724, 760], [1725, 760], [1726, 760], [1727, 760], [1728, 760], [1729, 760], [1730, 760], [1731, 760], [1732, 760], [1733, 760], [1734, 760], [1735, 760], [1736, 760], [1166, 761], [1167, 761], [1168, 761], [1169, 761], [1170, 761], [1171, 761], [1172, 761], [1173, 761], [1174, 761], [1175, 761], [1176, 761], [1180, 761], [1181, 761], [1182, 761], [1258, 761], [1259, 761], [1260, 761], [1261, 761], [1262, 761], [1263, 761], [1264, 761], [1265, 761], [1266, 761], [1267, 761], [1268, 761], [1269, 761], [1270, 761], [1271, 761], [1272, 761], [1273, 761], [1274, 761], [1275, 761], [1276, 761], [1277, 761], [1278, 761], [1279, 761], [1280, 761], [1281, 761], [1353, 761], [1354, 761], [1355, 761], [1356, 761], [1357, 761], [1438, 761], [1439, 761], [1440, 761], [1441, 761], [1442, 761], [1451, 761], [1452, 761], [1453, 761], [1454, 761], [1455, 761], [1461, 761], [1462, 761], [1463, 761], [1464, 761], [1472, 761], [1473, 761], [1474, 761], [1475, 761], [1476, 761], [1477, 761], [1478, 761], [1485, 761], [1486, 761], [1487, 761], [1488, 761], [1489, 761], [1490, 761], [1491, 761], [1492, 761], [1493, 761], [1494, 761], [1495, 761], [1496, 761], [1497, 761], [1498, 761], [1499, 761], [1500, 761], [1501, 761], [1502, 761], [1503, 761], [1670, 761], [1671, 761], [1672, 761], [1673, 761], [1674, 761], [1675, 761], [1676, 761], [1677, 761], [1678, 761], [1679, 761], [1680, 761], [1681, 761], [1682, 761], [1683, 761], [1684, 761], [1685, 761], [1686, 761], [1687, 761], [1731, 761], [1732, 761], [1733, 761], [1734, 761], [1735, 761], [1736, 761], [1737, 761], [1738, 761], [1739, 761], [1745, 761], [1746, 761], [1747, 761], [1748, 761], [1754, 761], [1755, 761], [1756, 761], [1757, 761], [1758, 761], [1759, 761], [1760, 761], [1761, 761], [1762, 761], [1763, 761], [1764, 761], [1765, 761], [1766, 761], [1767, 761], [1768, 761], [1769, 761], [1770, 761], [1771, 761], [1772, 761], [1773, 761], [1774, 761], [1798, 761], [1799, 761], [1800, 761], [1801, 761], [1134, 762], [1135, 762], [1136, 762], [1137, 762], [1138, 762], [1139, 762], [1166, 762], [1167, 762], [1168, 762], [1173, 762], [1174, 762], [1175, 762], [1176, 762], [1177, 762], [1178, 762], [1179, 762], [1180, 762], [1181, 762], [1182, 762], [1254, 762], [1255, 762], [1256, 762], [1257, 762], [1258, 762], [1259, 762], [1260, 762], [1261, 762], [1262, 762], [1263, 762], [1264, 762], [1265, 762], [1266, 762], [1267, 762], [1268, 762], [1269, 762], [1270, 762], [1271, 762], [1272, 762], [1273, 762], [1274, 762], [1275, 762], [1276, 762], [1277, 762], [1354, 762], [1355, 762], [1356, 762], [1440, 762], [1441, 762], [1442, 762], [1443, 762], [1449, 762], [1450, 762], [1451, 762], [1452, 762], [1453, 762], [1454, 762], [1474, 762], [1475, 762], [1476, 762], [1477, 762], [1478, 762], [1479, 762], [1480, 762], [1481, 762], [1482, 762], [1483, 762], [1484, 762], [1485, 762], [1486, 762], [1487, 762], [1488, 762], [1489, 762], [1490, 762], [1491, 762], [1492, 762], [1493, 762], [1495, 762], [1496, 762], [1497, 762], [1500, 762], [1501, 762], [1502, 762], [1503, 762], [1504, 762], [1505, 762], [1506, 762], [1507, 762], [1643, 762], [1644, 762], [1645, 762], [1646, 762], [1647, 762], [1648, 762], [1649, 762], [1650, 762], [1651, 762], [1658, 762], [1659, 762], [1660, 762], [1661, 762], [1662, 762], [1663, 762], [1664, 762], [1672, 762], [1673, 762], [1674, 762], [1675, 762], [1676, 762], [1677, 762], [1678, 762], [1679, 762], [1680, 762], [1681, 762], [1682, 762], [1735, 762], [1736, 762], [1737, 762], [1738, 762], [1739, 762], [1740, 762], [1741, 762], [1742, 762], [1743, 762], [1744, 762], [1745, 762], [1746, 762], [1747, 762], [1748, 762], [1749, 762], [1750, 762], [1751, 762], [1752, 762], [1753, 762], [1754, 762], [1755, 762], [1756, 762], [1757, 762], [1758, 762], [1759, 762], [1760, 762], [1761, 762], [1762, 762], [1763, 762], [1764, 762], [1765, 762], [1766, 762], [1767, 762], [1768, 762], [1769, 762], [1770, 762], [1771, 762], [1772, 762], [1773, 762], [1774, 762], [1775, 762], [1776, 762], [1777, 762], [1778, 762], [1787, 762], [1788, 762], [1789, 762], [1790, 762], [1791, 762], [1792, 762], [1793, 762], [1794, 762], [1795, 762], [1796, 762], [1797, 762], [1798, 762], [1799, 762], [1800, 762], [1801, 762], [1802, 762], [1803, 762], [1804, 762], [1805, 762], [1811, 762], [1812, 762], [1813, 762], [1814, 762], [1815, 762], [1816, 762], [1817, 762], [1133, 763], [1134, 763], [1135, 763], [1136, 763], [1137, 763], [1138, 763], [1139, 763], [1140, 763], [1141, 763], [1166, 763], [1167, 763], [1175, 763], [1176, 763], [1177, 763], [1178, 763], [1179, 763], [1180, 763], [1181, 763], [1254, 763], [1255, 763], [1256, 763], [1257, 763], [1258, 763], [1259, 763], [1260, 763], [1261, 763], [1262, 763], [1263, 763], [1441, 763], [1442, 763], [1443, 763], [1444, 763], [1445, 763], [1446, 763], [1447, 763], [1448, 763], [1449, 763], [1450, 763], [1451, 763], [1452, 763], [1477, 763], [1478, 763], [1479, 763], [1480, 763], [1481, 763], [1482, 763], [1483, 763], [1484, 763], [1485, 763], [1486, 763], [1502, 763], [1503, 763], [1504, 763], [1505, 763], [1506, 763], [1507, 763], [1508, 763], [1512, 763], [1513, 763], [1514, 763], [1515, 763], [1518, 763], [1519, 763], [1520, 763], [1521, 763], [1522, 763], [1523, 763], [1524, 763], [1525, 763], [1526, 763], [1527, 763], [1528, 763], [1556, 763], [1557, 763], [1558, 763], [1633, 763], [1634, 763], [1635, 763], [1636, 763], [1637, 763], [1638, 763], [1639, 763], [1640, 763], [1641, 763], [1642, 763], [1643, 763], [1644, 763], [1645, 763], [1646, 763], [1647, 763], [1648, 763], [1649, 763], [1650, 763], [1651, 763], [1652, 763], [1653, 763], [1654, 763], [1658, 763], [1659, 763], [1660, 763], [1661, 763], [1662, 763], [1663, 763], [1664, 763], [1665, 763], [1666, 763], [1667, 763], [1668, 763], [1669, 763], [1682, 763], [1683, 763], [1684, 763], [1685, 763], [1710, 763], [1711, 763], [1712, 763], [1713, 763], [1714, 763], [1715, 763], [1716, 763], [1717, 763], [1718, 763], [1719, 763], [1720, 763], [1721, 763], [1722, 763], [1723, 763], [1724, 763], [1725, 763], [1726, 763], [1727, 763], [1738, 763], [1739, 763], [1740, 763], [1741, 763], [1742, 763], [1743, 763], [1744, 763], [1745, 763], [1746, 763], [1747, 763], [1748, 763], [1749, 763], [1750, 763], [1751, 763], [1752, 763], [1753, 763], [1754, 763], [1755, 763], [1773, 763], [1774, 763], [1775, 763], [1776, 763], [1777, 763], [1778, 763], [1779, 763], [1780, 763], [1781, 763], [1782, 763], [1783, 763], [1784, 763], [1785, 763], [1786, 763], [1787, 763], [1788, 763], [1789, 763], [1790, 763], [1791, 763], [1792, 763], [1793, 763], [1794, 763], [1795, 763], [1796, 763], [1797, 763], [1798, 763], [1799, 763], [1800, 763], [1801, 763], [1802, 763], [1803, 763], [1804, 763], [1805, 763], [1806, 763], [1807, 763], [1808, 763], [1809, 763], [1810, 763], [1811, 763], [1812, 763], [1813, 763], [1814, 763], [1815, 763], [1816, 763], [1817, 763], [1818, 763], [1819, 763], [1820, 763], [1060, 764], [1061, 764], [1062, 764], [1063, 764], [1064, 764], [1133, 764], [1134, 764], [1135, 764], [1138, 764], [1139, 764], [1140, 764], [1141, 764], [1142, 764], [1166, 764], [1167, 764], [1177, 764], [1178, 764], [1179, 764], [1180, 764], [1254, 764], [1255, 764], [1442, 764], [1443, 764], [1444, 764], [1445, 764], [1446, 764], [1447, 764], [1448, 764], [1449, 764], [1450, 764], [1506, 764], [1507, 764], [1508, 764], [1509, 764], [1510, 764], [1511, 764], [1512, 764], [1513, 764], [1514, 764], [1515, 764], [1516, 764], [1517, 764], [1518, 764], [1519, 764], [1520, 764], [1521, 764], [1522, 764], [1523, 764], [1524, 764], [1525, 764], [1526, 764], [1527, 764], [1528, 764], [1529, 764], [1530, 764], [1531, 764], [1532, 764], [1533, 764], [1534, 764], [1535, 764], [1536, 764], [1537, 764], [1538, 764], [1539, 764], [1540, 764], [1546, 764], [1547, 764], [1548, 764], [1549, 764], [1550, 764], [1551, 764], [1552, 764], [1553, 764], [1554, 764], [1555, 764], [1556, 764], [1557, 764], [1558, 764], [1559, 764], [1560, 764], [1561, 764], [1562, 764], [1563, 764], [1620, 764], [1621, 764], [1622, 764], [1623, 764], [1624, 764], [1632, 764], [1633, 764], [1634, 764], [1635, 764], [1636, 764], [1637, 764], [1638, 764], [1639, 764], [1640, 764], [1641, 764], [1642, 764], [1643, 764], [1644, 764], [1650, 764], [1651, 764], [1652, 764], [1653, 764], [1654, 764], [1655, 764], [1656, 764], [1658, 764], [1659, 764], [1663, 764], [1664, 764], [1665, 764], [1666, 764], [1667, 764], [1668, 764], [1669, 764], [1670, 764], [1675, 764], [1676, 764], [1677, 764], [1678, 764], [1679, 764], [1680, 764], [1681, 764], [1682, 764], [1683, 764], [1684, 764], [1685, 764], [1686, 764], [1687, 764], [1688, 764], [1689, 764], [1698, 764], [1699, 764], [1700, 764], [1701, 764], [1702, 764], [1703, 764], [1704, 764], [1705, 764], [1706, 764], [1707, 764], [1708, 764], [1709, 764], [1710, 764], [1711, 764], [1712, 764], [1713, 764], [1714, 764], [1715, 764], [1716, 764], [1717, 764], [1718, 764], [1719, 764], [1720, 764], [1721, 764], [1722, 764], [1723, 764], [1724, 764], [1725, 764], [1726, 764], [1727, 764], [1728, 764], [1729, 764], [1730, 764], [1731, 764], [1777, 764], [1778, 764], [1779, 764], [1780, 764], [1781, 764], [1782, 764], [1783, 764], [1784, 764], [1785, 764], [1786, 764], [1787, 764], [1788, 764], [1804, 764], [1805, 764], [1806, 764], [1807, 764], [1808, 764], [1809, 764], [1810, 764], [1811, 764], [1812, 764], [1816, 764], [1817, 764], [1818, 764], [1819, 764], [1820, 764], [1821, 764], [1822, 764], [1060, 765], [1061, 765], [1062, 765], [1063, 765], [1064, 765], [1065, 765], [1119, 765], [1120, 765], [1121, 765], [1122, 765], [1123, 765], [1124, 765], [1129, 765], [1130, 765], [1131, 765], [1132, 765], [1133, 765], [1134, 765], [1140, 765], [1141, 765], [1142, 765], [1143, 765], [1166, 765], [1167, 765], [1194, 765], [1195, 765], [1196, 765], [1248, 765], [1249, 765], [1250, 765], [1251, 765], [1252, 765], [1253, 765], [1254, 765], [1255, 765], [1507, 765], [1508, 765], [1509, 765], [1510, 765], [1511, 765], [1512, 765], [1513, 765], [1514, 765], [1515, 765], [1516, 765], [1517, 765], [1518, 765], [1519, 765], [1527, 765], [1528, 765], [1529, 765], [1530, 765], [1531, 765], [1532, 765], [1533, 765], [1534, 765], [1535, 765], [1536, 765], [1537, 765], [1538, 765], [1539, 765], [1540, 765], [1541, 765], [1542, 765], [1543, 765], [1544, 765], [1545, 765], [1546, 765], [1547, 765], [1548, 765], [1549, 765], [1550, 765], [1551, 765], [1552, 765], [1553, 765], [1554, 765], [1555, 765], [1556, 765], [1557, 765], [1558, 765], [1559, 765], [1560, 765], [1561, 765], [1562, 765], [1563, 765], [1564, 765], [1565, 765], [1566, 765], [1567, 765], [1568, 765], [1617, 765], [1618, 765], [1619, 765], [1620, 765], [1621, 765], [1622, 765], [1623, 765], [1624, 765], [1625, 765], [1626, 765], [1627, 765], [1632, 765], [1633, 765], [1634, 765], [1653, 765], [1654, 765], [1655, 765], [1656, 765], [1657, 765], [1658, 765], [1659, 765], [1668, 765], [1669, 765], [1670, 765], [1671, 765], [1672, 765], [1673, 765], [1674, 765], [1675, 765], [1676, 765], [1677, 765], [1678, 765], [1679, 765], [1680, 765], [1681, 765], [1682, 765], [1683, 765], [1684, 765], [1685, 765], [1686, 765], [1687, 765], [1688, 765], [1689, 765], [1690, 765], [1691, 765], [1692, 765], [1693, 765], [1694, 765], [1695, 765], [1696, 765], [1697, 765], [1698, 765], [1699, 765], [1700, 765], [1701, 765], [1702, 765], [1703, 765], [1704, 765], [1705, 765], [1706, 765], [1707, 765], [1708, 765], [1709, 765], [1710, 765], [1711, 765], [1726, 765], [1727, 765], [1728, 765], [1729, 765], [1730, 765], [1731, 765], [1732, 765], [1733, 765], [1734, 765], [1735, 765], [1736, 765], [1737, 765], [1784, 765], [1785, 765], [1786, 765], [1819, 765], [1820, 765], [1821, 765], [1822, 765], [1823, 765], [1824, 765], [983, 766], [984, 766], [985, 766], [986, 766], [987, 766], [988, 766], [989, 766], [1059, 766], [1060, 766], [1061, 766], [1063, 766], [1064, 766], [1065, 766], [1066, 766], [1067, 766], [1118, 766], [1119, 766], [1120, 766], [1121, 766], [1122, 766], [1123, 766], [1124, 766], [1125, 766], [1126, 766], [1127, 766], [1128, 766], [1129, 766], [1130, 766], [1131, 766], [1132, 766], [1133, 766], [1134, 766], [1141, 766], [1142, 766], [1143, 766], [1144, 766], [1166, 766], [1167, 766], [1168, 766], [1192, 766], [1193, 766], [1194, 766], [1195, 766], [1196, 766], [1197, 766], [1241, 766], [1242, 766], [1243, 766], [1244, 766], [1247, 766], [1248, 766], [1249, 766], [1250, 766], [1251, 766], [1252, 766], [1253, 766], [1254, 766], [1255, 766], [1510, 766], [1511, 766], [1512, 766], [1539, 766], [1540, 766], [1541, 766], [1542, 766], [1543, 766], [1544, 766], [1545, 766], [1546, 766], [1547, 766], [1562, 766], [1563, 766], [1564, 766], [1565, 766], [1566, 766], [1567, 766], [1568, 766], [1569, 766], [1570, 766], [1571, 766], [1572, 766], [1573, 766], [1616, 766], [1617, 766], [1618, 766], [1619, 766], [1620, 766], [1621, 766], [1623, 766], [1624, 766], [1625, 766], [1626, 766], [1627, 766], [1628, 766], [1629, 766], [1630, 766], [1631, 766], [1632, 766], [1633, 766], [1655, 766], [1656, 766], [1657, 766], [1658, 766], [1659, 766], [1669, 766], [1670, 766], [1671, 766], [1672, 766], [1673, 766], [1674, 766], [1675, 766], [1676, 766], [1688, 766], [1689, 766], [1690, 766], [1691, 766], [1692, 766], [1693, 766], [1694, 766], [1695, 766], [1696, 766], [1697, 766], [1698, 766], [1699, 766], [1730, 766], [1731, 766], [1732, 766], [1733, 766], [1734, 766], [1735, 766], [1736, 766], [1737, 766], [1738, 766], [1739, 766], [1740, 766], [1821, 766], [1822, 766], [1823, 766], [1824, 766], [974, 767], [975, 767], [976, 767], [977, 767], [978, 767], [979, 767], [980, 767], [981, 767], [982, 767], [983, 767], [984, 767], [985, 767], [986, 767], [987, 767], [988, 767], [989, 767], [990, 767], [991, 767], [992, 767], [1059, 767], [1060, 767], [1061, 767], [1064, 767], [1065, 767], [1066, 767], [1067, 767], [1068, 767], [1109, 767], [1110, 767], [1111, 767], [1112, 767], [1113, 767], [1114, 767], [1115, 767], [1116, 767], [1117, 767], [1118, 767], [1119, 767], [1120, 767], [1123, 767], [1124, 767], [1125, 767], [1126, 767], [1127, 767], [1128, 767], [1129, 767], [1130, 767], [1142, 767], [1143, 767], [1144, 767], [1145, 767], [1166, 767], [1167, 767], [1168, 767], [1192, 767], [1193, 767], [1194, 767], [1195, 767], [1196, 767], [1197, 767], [1241, 767], [1242, 767], [1243, 767], [1244, 767], [1245, 767], [1247, 767], [1248, 767], [1249, 767], [1252, 767], [1253, 767], [1254, 767], [1255, 767], [1567, 767], [1568, 767], [1569, 767], [1570, 767], [1571, 767], [1572, 767], [1573, 767], [1574, 767], [1575, 767], [1576, 767], [1577, 767], [1578, 767], [1579, 767], [1615, 767], [1616, 767], [1617, 767], [1618, 767], [1626, 767], [1627, 767], [1628, 767], [1629, 767], [1630, 767], [1631, 767], [1632, 767], [1633, 767], [1657, 767], [1658, 767], [1659, 767], [1695, 767], [1696, 767], [1697, 767], [1736, 767], [1737, 767], [1738, 767], [1739, 767], [1740, 767], [1741, 767], [1742, 767], [1743, 767], [1766, 767], [1767, 767], [1768, 767], [1769, 767], [1824, 767], [960, 768], [961, 768], [962, 768], [963, 768], [964, 768], [965, 768], [966, 768], [967, 768], [968, 768], [969, 768], [970, 768], [971, 768], [972, 768], [973, 768], [974, 768], [975, 768], [976, 768], [977, 768], [978, 768], [979, 768], [980, 768], [981, 768], [982, 768], [983, 768], [984, 768], [988, 768], [989, 768], [990, 768], [991, 768], [992, 768], [993, 768], [994, 768], [995, 768], [996, 768], [997, 768], [998, 768], [999, 768], [1000, 768], [1001, 768], [1002, 768], [1003, 768], [1004, 768], [1005, 768], [1006, 768], [1007, 768], [1059, 768], [1060, 768], [1066, 768], [1067, 768], [1068, 768], [1069, 768], [1108, 768], [1109, 768], [1110, 768], [1111, 768], [1112, 768], [1113, 768], [1114, 768], [1115, 768], [1116, 768], [1117, 768], [1118, 768], [1119, 768], [1125, 768], [1126, 768], [1127, 768], [1128, 768], [1143, 768], [1144, 768], [1145, 768], [1167, 768], [1168, 768], [1192, 768], [1193, 768], [1194, 768], [1196, 768], [1197, 768], [1198, 768], [1202, 768], [1203, 768], [1204, 768], [1205, 768], [1239, 768], [1240, 768], [1241, 768], [1242, 768], [1243, 768], [1244, 768], [1245, 768], [1246, 768], [1247, 768], [1248, 768], [1249, 768], [1572, 768], [1573, 768], [1574, 768], [1575, 768], [1576, 768], [1577, 768], [1578, 768], [1579, 768], [1580, 768], [1581, 768], [1582, 768], [1614, 768], [1615, 768], [1616, 768], [1617, 768], [1739, 768], [1740, 768], [1741, 768], [1742, 768], [1743, 768], [1744, 768], [1745, 768], [1746, 768], [1747, 768], [1748, 768], [1749, 768], [1765, 768], [1766, 768], [1767, 768], [1768, 768], [1769, 768], [1770, 768], [1771, 768], [1772, 768], [1775, 768], [1776, 768], [1777, 768], [1808, 768], [1809, 768], [1810, 768], [1811, 768], [1812, 768], [1813, 768], [960, 769], [961, 769], [962, 769], [963, 769], [964, 769], [965, 769], [966, 769], [967, 769], [968, 769], [969, 769], [970, 769], [971, 769], [972, 769], [973, 769], [974, 769], [975, 769], [991, 769], [992, 769], [993, 769], [994, 769], [995, 769], [996, 769], [997, 769], [998, 769], [999, 769], [1000, 769], [1001, 769], [1002, 769], [1003, 769], [1004, 769], [1005, 769], [1006, 769], [1007, 769], [1008, 769], [1048, 769], [1049, 769], [1050, 769], [1051, 769], [1052, 769], [1053, 769], [1054, 769], [1055, 769], [1056, 769], [1059, 769], [1060, 769], [1067, 769], [1068, 769], [1069, 769], [1070, 769], [1108, 769], [1109, 769], [1110, 769], [1111, 769], [1112, 769], [1113, 769], [1114, 769], [1144, 769], [1145, 769], [1146, 769], [1167, 769], [1168, 769], [1169, 769], [1192, 769], [1193, 769], [1194, 769], [1196, 769], [1197, 769], [1198, 769], [1202, 769], [1203, 769], [1204, 769], [1205, 769], [1236, 769], [1237, 769], [1238, 769], [1239, 769], [1240, 769], [1242, 769], [1243, 769], [1244, 769], [1245, 769], [1246, 769], [1248, 769], [1249, 769], [1573, 769], [1574, 769], [1575, 769], [1576, 769], [1577, 769], [1578, 769], [1579, 769], [1580, 769], [1581, 769], [1582, 769], [1612, 769], [1613, 769], [1614, 769], [1615, 769], [1616, 769], [1742, 769], [1743, 769], [1744, 769], [1745, 769], [1746, 769], [1747, 769], [1748, 769], [1749, 769], [1750, 769], [1751, 769], [1752, 769], [1753, 769], [1765, 769], [1766, 769], [1767, 769], [1768, 769], [1769, 769], [1770, 769], [1771, 769], [1772, 769], [1773, 769], [1774, 769], [1775, 769], [1776, 769], [1777, 769], [1778, 769], [1779, 769], [1780, 769], [1781, 769], [1782, 769], [1783, 769], [1784, 769], [1785, 769], [1786, 769], [1787, 769], [1788, 769], [1808, 769], [1809, 769], [1810, 769], [1811, 769], [1812, 769], [1813, 769], [1814, 769], [1815, 769], [1816, 769], [960, 770], [966, 770], [967, 770], [968, 770], [1006, 770], [1007, 770], [1008, 770], [1009, 770], [1048, 770], [1049, 770], [1050, 770], [1051, 770], [1052, 770], [1053, 770], [1054, 770], [1055, 770], [1056, 770], [1057, 770], [1059, 770], [1060, 770], [1068, 770], [1069, 770], [1070, 770], [1071, 770], [1108, 770], [1109, 770], [1110, 770], [1144, 770], [1145, 770], [1146, 770], [1167, 770], [1168, 770], [1169, 770], [1192, 770], [1193, 770], [1197, 770], [1198, 770], [1202, 770], [1203, 770], [1204, 770], [1205, 770], [1206, 770], [1236, 770], [1237, 770], [1238, 770], [1239, 770], [1240, 770], [1241, 770], [1242, 770], [1243, 770], [1244, 770], [1245, 770], [1246, 770], [1248, 770], [1249, 770], [1360, 770], [1361, 770], [1362, 770], [1363, 770], [1364, 770], [1574, 770], [1575, 770], [1576, 770], [1578, 770], [1579, 770], [1581, 770], [1582, 770], [1612, 770], [1613, 770], [1614, 770], [1615, 770], [1748, 770], [1749, 770], [1750, 770], [1751, 770], [1752, 770], [1753, 770], [1754, 770], [1755, 770], [1756, 770], [1758, 770], [1759, 770], [1760, 770], [1761, 770], [1762, 770], [1763, 770], [1764, 770], [1765, 770], [1766, 770], [1771, 770], [1772, 770], [1773, 770], [1774, 770], [1775, 770], [1776, 770], [1777, 770], [1778, 770], [1779, 770], [1780, 770], [1781, 770], [1782, 770], [1783, 770], [1784, 770], [1785, 770], [1786, 770], [1787, 770], [1788, 770], [1789, 770], [1790, 770], [1791, 770], [1808, 770], [1809, 770], [1810, 770], [1812, 770], [1813, 770], [1814, 770], [1815, 770], [1816, 770], [1817, 770], [1818, 770], [1819, 770], [1007, 771], [1008, 771], [1009, 771], [1010, 771], [1047, 771], [1048, 771], [1049, 771], [1055, 771], [1056, 771], [1057, 771], [1059, 771], [1060, 771], [1069, 771], [1070, 771], [1071, 771], [1072, 771], [1109, 771], [1110, 771], [1145, 771], [1146, 771], [1147, 771], [1168, 771], [1169, 771], [1170, 771], [1192, 771], [1193, 771], [1196, 771], [1197, 771], [1198, 771], [1202, 771], [1203, 771], [1204, 771], [1205, 771], [1206, 771], [1236, 771], [1237, 771], [1238, 771], [1239, 771], [1240, 771], [1241, 771], [1242, 771], [1243, 771], [1244, 771], [1245, 771], [1246, 771], [1247, 771], [1248, 771], [1249, 771], [1250, 771], [1251, 771], [1252, 771], [1360, 771], [1361, 771], [1362, 771], [1363, 771], [1364, 771], [1365, 771], [1366, 771], [1579, 771], [1580, 771], [1581, 771], [1582, 771], [1612, 771], [1613, 771], [1614, 771], [1752, 771], [1753, 771], [1754, 771], [1755, 771], [1756, 771], [1757, 771], [1758, 771], [1759, 771], [1760, 771], [1761, 771], [1762, 771], [1763, 771], [1764, 771], [1765, 771], [1766, 771], [1787, 771], [1788, 771], [1789, 771], [1790, 771], [1791, 771], [1792, 771], [1793, 771], [1802, 771], [1803, 771], [1804, 771], [1805, 771], [1806, 771], [1807, 771], [1808, 771], [1809, 771], [1810, 771], [1815, 771], [1816, 771], [1817, 771], [1818, 771], [1819, 771], [1820, 771], [1821, 771], [1824, 771], [1008, 772], [1009, 772], [1010, 772], [1047, 772], [1048, 772], [1049, 772], [1056, 772], [1057, 772], [1058, 772], [1059, 772], [1060, 772], [1061, 772], [1070, 772], [1071, 772], [1072, 772], [1109, 772], [1110, 772], [1111, 772], [1145, 772], [1146, 772], [1147, 772], [1148, 772], [1149, 772], [1168, 772], [1169, 772], [1170, 772], [1192, 772], [1193, 772], [1194, 772], [1196, 772], [1197, 772], [1198, 772], [1203, 772], [1204, 772], [1205, 772], [1206, 772], [1236, 772], [1237, 772], [1238, 772], [1239, 772], [1240, 772], [1243, 772], [1244, 772], [1245, 772], [1246, 772], [1248, 772], [1249, 772], [1250, 772], [1251, 772], [1252, 772], [1360, 772], [1361, 772], [1362, 772], [1363, 772], [1364, 772], [1365, 772], [1366, 772], [1579, 772], [1580, 772], [1581, 772], [1582, 772], [1583, 772], [1612, 772], [1613, 772], [1614, 772], [1615, 772], [1616, 772], [1755, 772], [1756, 772], [1757, 772], [1758, 772], [1759, 772], [1763, 772], [1764, 772], [1765, 772], [1790, 772], [1791, 772], [1792, 772], [1793, 772], [1794, 772], [1795, 772], [1796, 772], [1797, 772], [1798, 772], [1799, 772], [1800, 772], [1801, 772], [1802, 772], [1803, 772], [1804, 772], [1805, 772], [1806, 772], [1807, 772], [1808, 772], [1809, 772], [1810, 772], [1818, 772], [1819, 772], [1820, 772], [1821, 772], [1822, 772], [1823, 772], [1824, 772], [1009, 773], [1010, 773], [1011, 773], [1047, 773], [1048, 773], [1056, 773], [1057, 773], [1058, 773], [1059, 773], [1060, 773], [1061, 773], [1071, 773], [1072, 773], [1073, 773], [1077, 773], [1078, 773], [1079, 773], [1080, 773], [1081, 773], [1082, 773], [1083, 773], [1087, 773], [1088, 773], [1089, 773], [1090, 773], [1109, 773], [1110, 773], [1111, 773], [1146, 773], [1147, 773], [1148, 773], [1149, 773], [1169, 773], [1170, 773], [1192, 773], [1193, 773], [1194, 773], [1195, 773], [1196, 773], [1197, 773], [1244, 773], [1245, 773], [1246, 773], [1247, 773], [1249, 773], [1251, 773], [1252, 773], [1253, 773], [1361, 773], [1362, 773], [1363, 773], [1365, 773], [1366, 773], [1367, 773], [1581, 773], [1582, 773], [1583, 773], [1584, 773], [1613, 773], [1614, 773], [1615, 773], [1616, 773], [1617, 773], [1792, 773], [1793, 773], [1794, 773], [1795, 773], [1796, 773], [1797, 773], [1798, 773], [1799, 773], [1800, 773], [1801, 773], [1802, 773], [1803, 773], [1804, 773], [1805, 773], [1806, 773], [1807, 773], [1808, 773], [1809, 773], [1810, 773], [1820, 773], [1821, 773], [1822, 773], [1823, 773], [1824, 773], [1009, 774], [1010, 774], [1011, 774], [1019, 774], [1020, 774], [1021, 774], [1045, 774], [1046, 774], [1047, 774], [1048, 774], [1057, 774], [1058, 774], [1060, 774], [1061, 774], [1071, 774], [1072, 774], [1073, 774], [1077, 774], [1078, 774], [1079, 774], [1080, 774], [1081, 774], [1082, 774], [1083, 774], [1084, 774], [1085, 774], [1086, 774], [1087, 774], [1088, 774], [1089, 774], [1090, 774], [1110, 774], [1111, 774], [1112, 774], [1148, 774], [1149, 774], [1169, 774], [1170, 774], [1171, 774], [1193, 774], [1194, 774], [1195, 774], [1196, 774], [1197, 774], [1244, 774], [1245, 774], [1246, 774], [1247, 774], [1248, 774], [1249, 774], [1250, 774], [1251, 774], [1252, 774], [1253, 774], [1361, 774], [1362, 774], [1363, 774], [1364, 774], [1365, 774], [1366, 774], [1367, 774], [1368, 774], [1369, 774], [1582, 774], [1583, 774], [1584, 774], [1615, 774], [1616, 774], [1617, 774], [1010, 775], [1011, 775], [1012, 775], [1019, 775], [1020, 775], [1021, 775], [1029, 775], [1030, 775], [1031, 775], [1044, 775], [1045, 775], [1046, 775], [1047, 775], [1048, 775], [1057, 775], [1058, 775], [1060, 775], [1061, 775], [1072, 775], [1073, 775], [1074, 775], [1077, 775], [1078, 775], [1082, 775], [1083, 775], [1084, 775], [1085, 775], [1086, 775], [1087, 775], [1088, 775], [1089, 775], [1090, 775], [1091, 775], [1092, 775], [1101, 775], [1102, 775], [1103, 775], [1110, 775], [1111, 775], [1112, 775], [1148, 775], [1149, 775], [1150, 775], [1169, 775], [1170, 775], [1171, 775], [1247, 775], [1248, 775], [1249, 775], [1250, 775], [1251, 775], [1252, 775], [1253, 775], [1362, 775], [1363, 775], [1364, 775], [1366, 775], [1367, 775], [1368, 775], [1369, 775], [1370, 775], [1583, 775], [1584, 775], [1585, 775], [1616, 775], [1617, 775], [1618, 775], [1010, 776], [1011, 776], [1012, 776], [1019, 776], [1021, 776], [1029, 776], [1030, 776], [1031, 776], [1032, 776], [1044, 776], [1045, 776], [1046, 776], [1057, 776], [1058, 776], [1060, 776], [1061, 776], [1062, 776], [1072, 776], [1073, 776], [1074, 776], [1077, 776], [1078, 776], [1079, 776], [1084, 776], [1085, 776], [1086, 776], [1087, 776], [1089, 776], [1090, 776], [1091, 776], [1092, 776], [1093, 776], [1100, 776], [1101, 776], [1102, 776], [1103, 776], [1104, 776], [1105, 776], [1111, 776], [1112, 776], [1113, 776], [1148, 776], [1149, 776], [1150, 776], [1151, 776], [1170, 776], [1171, 776], [1248, 776], [1249, 776], [1363, 776], [1364, 776], [1365, 776], [1368, 776], [1369, 776], [1370, 776], [1583, 776], [1584, 776], [1585, 776], [1586, 776], [1616, 776], [1617, 776], [1618, 776], [1011, 777], [1012, 777], [1019, 777], [1021, 777], [1029, 777], [1030, 777], [1031, 777], [1032, 777], [1033, 777], [1044, 777], [1045, 777], [1057, 777], [1058, 777], [1060, 777], [1061, 777], [1062, 777], [1073, 777], [1074, 777], [1077, 777], [1078, 777], [1079, 777], [1091, 777], [1092, 777], [1093, 777], [1094, 777], [1099, 777], [1100, 777], [1101, 777], [1102, 777], [1103, 777], [1104, 777], [1105, 777], [1106, 777], [1107, 777], [1111, 777], [1112, 777], [1113, 777], [1149, 777], [1150, 777], [1151, 777], [1152, 777], [1153, 777], [1169, 777], [1170, 777], [1171, 777], [1248, 777], [1249, 777], [1363, 777], [1364, 777], [1365, 777], [1366, 777], [1369, 777], [1370, 777], [1584, 777], [1585, 777], [1586, 777], [1587, 777], [1588, 777], [1589, 777], [1590, 777], [1617, 777], [1618, 777], [1619, 777], [1756, 777], [1757, 777], [1758, 777], [1759, 777], [1760, 777], [1011, 778], [1012, 778], [1019, 778], [1020, 778], [1021, 778], [1022, 778], [1029, 778], [1030, 778], [1031, 778], [1032, 778], [1033, 778], [1044, 778], [1045, 778], [1057, 778], [1058, 778], [1059, 778], [1061, 778], [1062, 778], [1063, 778], [1073, 778], [1074, 778], [1078, 778], [1079, 778], [1092, 778], [1093, 778], [1094, 778], [1095, 778], [1099, 778], [1100, 778], [1101, 778], [1104, 778], [1105, 778], [1106, 778], [1107, 778], [1112, 778], [1113, 778], [1114, 778], [1150, 778], [1151, 778], [1152, 778], [1153, 778], [1154, 778], [1164, 778], [1165, 778], [1166, 778], [1167, 778], [1168, 778], [1169, 778], [1170, 778], [1171, 778], [1248, 778], [1249, 778], [1364, 778], [1365, 778], [1366, 778], [1367, 778], [1368, 778], [1369, 778], [1370, 778], [1585, 778], [1586, 778], [1587, 778], [1588, 778], [1589, 778], [1590, 778], [1591, 778], [1617, 778], [1618, 778], [1619, 778], [1620, 778], [1621, 778], [1755, 778], [1756, 778], [1757, 778], [1758, 778], [1759, 778], [1760, 778], [1761, 778], [1011, 779], [1012, 779], [1013, 779], [1019, 779], [1020, 779], [1021, 779], [1022, 779], [1023, 779], [1029, 779], [1030, 779], [1031, 779], [1032, 779], [1033, 779], [1044, 779], [1045, 779], [1046, 779], [1057, 779], [1058, 779], [1059, 779], [1061, 779], [1062, 779], [1063, 779], [1064, 779], [1073, 779], [1074, 779], [1075, 779], [1078, 779], [1079, 779], [1080, 779], [1093, 779], [1094, 779], [1095, 779], [1098, 779], [1099, 779], [1100, 779], [1106, 779], [1107, 779], [1108, 779], [1112, 779], [1113, 779], [1114, 779], [1152, 779], [1153, 779], [1154, 779], [1155, 779], [1164, 779], [1165, 779], [1166, 779], [1167, 779], [1168, 779], [1169, 779], [1170, 779], [1248, 779], [1249, 779], [1250, 779], [1365, 779], [1366, 779], [1367, 779], [1368, 779], [1369, 779], [1370, 779], [1589, 779], [1590, 779], [1591, 779], [1592, 779], [1593, 779], [1618, 779], [1619, 779], [1620, 779], [1621, 779], [1622, 779], [1623, 779], [1624, 779], [1625, 779], [1626, 779], [1755, 779], [1756, 779], [1757, 779], [1759, 779], [1760, 779], [1761, 779], [1762, 779], [1820, 779], [1821, 779], [1822, 779], [1823, 779], [1824, 779], [1011, 780], [1012, 780], [1013, 780], [1019, 780], [1020, 780], [1021, 780], [1022, 780], [1023, 780], [1029, 780], [1030, 780], [1031, 780], [1032, 780], [1033, 780], [1044, 780], [1045, 780], [1046, 780], [1058, 780], [1059, 780], [1062, 780], [1063, 780], [1064, 780], [1065, 780], [1073, 780], [1074, 780], [1075, 780], [1078, 780], [1079, 780], [1080, 780], [1094, 780], [1095, 780], [1096, 780], [1097, 780], [1098, 780], [1099, 780], [1100, 780], [1106, 780], [1107, 780], [1108, 780], [1109, 780], [1113, 780], [1114, 780], [1115, 780], [1153, 780], [1154, 780], [1155, 780], [1156, 780], [1164, 780], [1165, 780], [1248, 780], [1249, 780], [1250, 780], [1251, 780], [1367, 780], [1369, 780], [1590, 780], [1591, 780], [1592, 780], [1593, 780], [1595, 780], [1596, 780], [1597, 780], [1598, 780], [1620, 780], [1621, 780], [1622, 780], [1623, 780], [1624, 780], [1625, 780], [1626, 780], [1627, 780], [1755, 780], [1756, 780], [1757, 780], [1758, 780], [1759, 780], [1760, 780], [1761, 780], [1762, 780], [1763, 780], [1820, 780], [1821, 780], [1822, 780], [1823, 780], [1824, 780], [1012, 781], [1013, 781], [1019, 781], [1020, 781], [1022, 781], [1023, 781], [1024, 781], [1030, 781], [1031, 781], [1032, 781], [1033, 781], [1034, 781], [1035, 781], [1036, 781], [1037, 781], [1045, 781], [1046, 781], [1058, 781], [1059, 781], [1063, 781], [1064, 781], [1065, 781], [1074, 781], [1075, 781], [1079, 781], [1080, 781], [1094, 781], [1095, 781], [1096, 781], [1097, 781], [1098, 781], [1099, 781], [1107, 781], [1108, 781], [1109, 781], [1110, 781], [1113, 781], [1114, 781], [1115, 781], [1116, 781], [1154, 781], [1155, 781], [1156, 781], [1164, 781], [1165, 781], [1249, 781], [1250, 781], [1251, 781], [1252, 781], [1254, 781], [1255, 781], [1256, 781], [1257, 781], [1258, 781], [1367, 781], [1368, 781], [1369, 781], [1592, 781], [1593, 781], [1594, 781], [1595, 781], [1596, 781], [1597, 781], [1598, 781], [1599, 781], [1617, 781], [1618, 781], [1619, 781], [1625, 781], [1626, 781], [1627, 781], [1628, 781], [1629, 781], [1630, 781], [1756, 781], [1757, 781], [1758, 781], [1759, 781], [1760, 781], [1761, 781], [1762, 781], [1763, 781], [1764, 781], [1820, 781], [1821, 781], [1822, 781], [1824, 781], [1012, 782], [1013, 782], [1019, 782], [1020, 782], [1022, 782], [1023, 782], [1024, 782], [1030, 782], [1031, 782], [1032, 782], [1033, 782], [1034, 782], [1035, 782], [1036, 782], [1037, 782], [1045, 782], [1046, 782], [1058, 782], [1059, 782], [1060, 782], [1064, 782], [1065, 782], [1066, 782], [1074, 782], [1075, 782], [1076, 782], [1079, 782], [1080, 782], [1108, 782], [1109, 782], [1110, 782], [1111, 782], [1114, 782], [1115, 782], [1116, 782], [1155, 782], [1156, 782], [1157, 782], [1164, 782], [1165, 782], [1250, 782], [1251, 782], [1252, 782], [1253, 782], [1254, 782], [1255, 782], [1256, 782], [1257, 782], [1258, 782], [1259, 782], [1260, 782], [1592, 782], [1593, 782], [1594, 782], [1595, 782], [1596, 782], [1597, 782], [1598, 782], [1599, 782], [1600, 782], [1617, 782], [1618, 782], [1619, 782], [1620, 782], [1621, 782], [1626, 782], [1627, 782], [1628, 782], [1629, 782], [1630, 782], [1631, 782], [1758, 782], [1759, 782], [1760, 782], [1761, 782], [1762, 782], [1763, 782], [1764, 782], [1765, 782], [1820, 782], [1821, 782], [1822, 782], [1823, 782], [1824, 782], [1012, 783], [1013, 783], [1019, 783], [1020, 783], [1023, 783], [1024, 783], [1031, 783], [1032, 783], [1035, 783], [1036, 783], [1037, 783], [1045, 783], [1046, 783], [1047, 783], [1058, 783], [1059, 783], [1060, 783], [1064, 783], [1065, 783], [1066, 783], [1067, 783], [1074, 783], [1075, 783], [1076, 783], [1079, 783], [1080, 783], [1081, 783], [1084, 783], [1085, 783], [1086, 783], [1109, 783], [1110, 783], [1111, 783], [1115, 783], [1116, 783], [1155, 783], [1156, 783], [1157, 783], [1158, 783], [1164, 783], [1165, 783], [1166, 783], [1251, 783], [1252, 783], [1253, 783], [1254, 783], [1255, 783], [1257, 783], [1258, 783], [1259, 783], [1260, 783], [1261, 783], [1262, 783], [1594, 783], [1595, 783], [1596, 783], [1597, 783], [1598, 783], [1599, 783], [1600, 783], [1617, 783], [1618, 783], [1619, 783], [1620, 783], [1621, 783], [1629, 783], [1630, 783], [1631, 783], [1632, 783], [1633, 783], [1761, 783], [1762, 783], [1763, 783], [1764, 783], [1765, 783], [1822, 783], [1823, 783], [1824, 783], [1012, 784], [1013, 784], [1019, 784], [1020, 784], [1022, 784], [1023, 784], [1024, 784], [1031, 784], [1032, 784], [1035, 784], [1036, 784], [1037, 784], [1045, 784], [1046, 784], [1047, 784], [1059, 784], [1060, 784], [1065, 784], [1066, 784], [1067, 784], [1068, 784], [1075, 784], [1076, 784], [1079, 784], [1080, 784], [1081, 784], [1084, 784], [1085, 784], [1086, 784], [1087, 784], [1110, 784], [1111, 784], [1112, 784], [1115, 784], [1116, 784], [1117, 784], [1156, 784], [1157, 784], [1158, 784], [1164, 784], [1165, 784], [1166, 784], [1259, 784], [1260, 784], [1261, 784], [1262, 784], [1263, 784], [1264, 784], [1369, 784], [1370, 784], [1371, 784], [1372, 784], [1373, 784], [1374, 784], [1375, 784], [1376, 784], [1411, 784], [1412, 784], [1413, 784], [1414, 784], [1415, 784], [1416, 784], [1587, 784], [1588, 784], [1589, 784], [1590, 784], [1594, 784], [1595, 784], [1596, 784], [1597, 784], [1598, 784], [1599, 784], [1600, 784], [1617, 784], [1618, 784], [1619, 784], [1620, 784], [1621, 784], [1630, 784], [1631, 784], [1632, 784], [1633, 784], [1634, 784], [1635, 784], [1761, 784], [1762, 784], [1763, 784], [1764, 784], [1765, 784], [1823, 784], [1824, 784], [1012, 785], [1013, 785], [1014, 785], [1019, 785], [1020, 785], [1021, 785], [1022, 785], [1023, 785], [1024, 785], [1031, 785], [1032, 785], [1035, 785], [1036, 785], [1045, 785], [1046, 785], [1047, 785], [1059, 785], [1060, 785], [1061, 785], [1066, 785], [1067, 785], [1068, 785], [1075, 785], [1076, 785], [1077, 785], [1080, 785], [1081, 785], [1082, 785], [1083, 785], [1084, 785], [1085, 785], [1086, 785], [1087, 785], [1110, 785], [1111, 785], [1112, 785], [1115, 785], [1116, 785], [1117, 785], [1118, 785], [1119, 785], [1157, 785], [1158, 785], [1159, 785], [1165, 785], [1166, 785], [1167, 785], [1261, 785], [1262, 785], [1263, 785], [1264, 785], [1265, 785], [1367, 785], [1368, 785], [1369, 785], [1370, 785], [1371, 785], [1372, 785], [1373, 785], [1374, 785], [1375, 785], [1376, 785], [1377, 785], [1378, 785], [1379, 785], [1380, 785], [1381, 785], [1382, 785], [1409, 785], [1410, 785], [1411, 785], [1412, 785], [1413, 785], [1414, 785], [1415, 785], [1416, 785], [1417, 785], [1418, 785], [1419, 785], [1460, 785], [1461, 785], [1462, 785], [1463, 785], [1464, 785], [1465, 785], [1466, 785], [1467, 785], [1468, 785], [1469, 785], [1474, 785], [1475, 785], [1476, 785], [1478, 785], [1479, 785], [1480, 785], [1481, 785], [1575, 785], [1576, 785], [1577, 785], [1578, 785], [1579, 785], [1580, 785], [1581, 785], [1582, 785], [1583, 785], [1584, 785], [1585, 785], [1586, 785], [1587, 785], [1588, 785], [1589, 785], [1590, 785], [1591, 785], [1592, 785], [1593, 785], [1594, 785], [1595, 785], [1596, 785], [1618, 785], [1619, 785], [1620, 785], [1632, 785], [1633, 785], [1634, 785], [1635, 785], [1636, 785], [1637, 785], [1824, 785], [1012, 786], [1013, 786], [1014, 786], [1015, 786], [1016, 786], [1019, 786], [1020, 786], [1021, 786], [1022, 786], [1023, 786], [1031, 786], [1032, 786], [1035, 786], [1036, 786], [1037, 786], [1045, 786], [1046, 786], [1047, 786], [1059, 786], [1060, 786], [1061, 786], [1067, 786], [1068, 786], [1069, 786], [1075, 786], [1076, 786], [1077, 786], [1080, 786], [1081, 786], [1082, 786], [1083, 786], [1084, 786], [1085, 786], [1086, 786], [1087, 786], [1088, 786], [1111, 786], [1112, 786], [1116, 786], [1117, 786], [1118, 786], [1119, 786], [1120, 786], [1157, 786], [1158, 786], [1159, 786], [1165, 786], [1166, 786], [1167, 786], [1168, 786], [1263, 786], [1264, 786], [1265, 786], [1266, 786], [1267, 786], [1277, 786], [1278, 786], [1279, 786], [1280, 786], [1281, 786], [1282, 786], [1283, 786], [1284, 786], [1285, 786], [1367, 786], [1368, 786], [1369, 786], [1370, 786], [1373, 786], [1374, 786], [1375, 786], [1376, 786], [1377, 786], [1378, 786], [1379, 786], [1380, 786], [1381, 786], [1382, 786], [1383, 786], [1384, 786], [1385, 786], [1386, 786], [1387, 786], [1388, 786], [1389, 786], [1390, 786], [1391, 786], [1392, 786], [1393, 786], [1394, 786], [1395, 786], [1396, 786], [1397, 786], [1398, 786], [1399, 786], [1400, 786], [1401, 786], [1402, 786], [1403, 786], [1404, 786], [1405, 786], [1406, 786], [1407, 786], [1408, 786], [1409, 786], [1410, 786], [1411, 786], [1412, 786], [1415, 786], [1416, 786], [1417, 786], [1418, 786], [1419, 786], [1420, 786], [1421, 786], [1422, 786], [1455, 786], [1456, 786], [1457, 786], [1458, 786], [1459, 786], [1460, 786], [1461, 786], [1462, 786], [1463, 786], [1464, 786], [1465, 786], [1466, 786], [1467, 786], [1468, 786], [1469, 786], [1470, 786], [1471, 786], [1472, 786], [1473, 786], [1474, 786], [1475, 786], [1476, 786], [1477, 786], [1478, 786], [1479, 786], [1480, 786], [1481, 786], [1482, 786], [1483, 786], [1484, 786], [1485, 786], [1486, 786], [1487, 786], [1575, 786], [1576, 786], [1577, 786], [1578, 786], [1579, 786], [1580, 786], [1581, 786], [1582, 786], [1583, 786], [1584, 786], [1585, 786], [1586, 786], [1587, 786], [1588, 786], [1589, 786], [1590, 786], [1591, 786], [1592, 786], [1593, 786], [1594, 786], [1595, 786], [1634, 786], [1635, 786], [1636, 786], [1637, 786], [1638, 786], [1639, 786], [1013, 787], [1014, 787], [1015, 787], [1016, 787], [1017, 787], [1018, 787], [1019, 787], [1020, 787], [1021, 787], [1022, 787], [1023, 787], [1031, 787], [1032, 787], [1035, 787], [1036, 787], [1037, 787], [1045, 787], [1046, 787], [1060, 787], [1061, 787], [1067, 787], [1068, 787], [1069, 787], [1070, 787], [1076, 787], [1077, 787], [1078, 787], [1081, 787], [1082, 787], [1084, 787], [1085, 787], [1086, 787], [1087, 787], [1088, 787], [1111, 787], [1112, 787], [1113, 787], [1118, 787], [1119, 787], [1120, 787], [1121, 787], [1158, 787], [1159, 787], [1166, 787], [1167, 787], [1168, 787], [1169, 787], [1231, 787], [1232, 787], [1233, 787], [1234, 787], [1235, 787], [1264, 787], [1265, 787], [1266, 787], [1267, 787], [1268, 787], [1269, 787], [1270, 787], [1271, 787], [1272, 787], [1273, 787], [1274, 787], [1275, 787], [1276, 787], [1277, 787], [1278, 787], [1279, 787], [1280, 787], [1281, 787], [1282, 787], [1283, 787], [1284, 787], [1285, 787], [1286, 787], [1287, 787], [1288, 787], [1289, 787], [1290, 787], [1291, 787], [1292, 787], [1293, 787], [1294, 787], [1295, 787], [1296, 787], [1297, 787], [1298, 787], [1367, 787], [1368, 787], [1381, 787], [1382, 787], [1383, 787], [1384, 787], [1385, 787], [1386, 787], [1387, 787], [1388, 787], [1389, 787], [1390, 787], [1391, 787], [1392, 787], [1393, 787], [1394, 787], [1395, 787], [1396, 787], [1397, 787], [1398, 787], [1399, 787], [1400, 787], [1401, 787], [1402, 787], [1403, 787], [1404, 787], [1405, 787], [1406, 787], [1407, 787], [1408, 787], [1409, 787], [1410, 787], [1418, 787], [1419, 787], [1420, 787], [1421, 787], [1422, 787], [1423, 787], [1424, 787], [1425, 787], [1426, 787], [1427, 787], [1428, 787], [1429, 787], [1453, 787], [1454, 787], [1455, 787], [1456, 787], [1457, 787], [1458, 787], [1459, 787], [1460, 787], [1461, 787], [1468, 787], [1469, 787], [1470, 787], [1471, 787], [1472, 787], [1473, 787], [1474, 787], [1475, 787], [1476, 787], [1477, 787], [1478, 787], [1479, 787], [1480, 787], [1481, 787], [1482, 787], [1483, 787], [1484, 787], [1485, 787], [1486, 787], [1487, 787], [1488, 787], [1489, 787], [1490, 787], [1491, 787], [1504, 787], [1505, 787], [1506, 787], [1507, 787], [1508, 787], [1509, 787], [1510, 787], [1533, 787], [1534, 787], [1535, 787], [1536, 787], [1547, 787], [1548, 787], [1549, 787], [1550, 787], [1551, 787], [1552, 787], [1553, 787], [1554, 787], [1555, 787], [1556, 787], [1557, 787], [1558, 787], [1573, 787], [1574, 787], [1575, 787], [1576, 787], [1636, 787], [1637, 787], [1638, 787], [1639, 787], [1640, 787], [1641, 787], [1015, 788], [1016, 788], [1017, 788], [1018, 788], [1019, 788], [1020, 788], [1021, 788], [1022, 788], [1023, 788], [1031, 788], [1032, 788], [1033, 788], [1036, 788], [1037, 788], [1045, 788], [1046, 788], [1047, 788], [1060, 788], [1061, 788], [1068, 788], [1069, 788], [1070, 788], [1076, 788], [1077, 788], [1078, 788], [1081, 788], [1082, 788], [1083, 788], [1084, 788], [1085, 788], [1086, 788], [1087, 788], [1088, 788], [1111, 788], [1112, 788], [1113, 788], [1119, 788], [1120, 788], [1121, 788], [1122, 788], [1158, 788], [1159, 788], [1167, 788], [1168, 788], [1169, 788], [1170, 788], [1230, 788], [1231, 788], [1232, 788], [1233, 788], [1234, 788], [1235, 788], [1236, 788], [1246, 788], [1247, 788], [1248, 788], [1249, 788], [1250, 788], [1251, 788], [1252, 788], [1253, 788], [1266, 788], [1267, 788], [1268, 788], [1269, 788], [1270, 788], [1271, 788], [1272, 788], [1273, 788], [1274, 788], [1275, 788], [1276, 788], [1277, 788], [1278, 788], [1284, 788], [1285, 788], [1286, 788], [1287, 788], [1288, 788], [1289, 788], [1290, 788], [1291, 788], [1292, 788], [1293, 788], [1294, 788], [1295, 788], [1296, 788], [1297, 788], [1298, 788], [1299, 788], [1300, 788], [1366, 788], [1367, 788], [1368, 788], [1386, 788], [1387, 788], [1388, 788], [1389, 788], [1397, 788], [1398, 788], [1399, 788], [1421, 788], [1422, 788], [1423, 788], [1424, 788], [1425, 788], [1426, 788], [1427, 788], [1428, 788], [1429, 788], [1430, 788], [1431, 788], [1432, 788], [1433, 788], [1434, 788], [1435, 788], [1451, 788], [1452, 788], [1453, 788], [1454, 788], [1455, 788], [1456, 788], [1486, 788], [1487, 788], [1488, 788], [1489, 788], [1490, 788], [1491, 788], [1492, 788], [1493, 788], [1494, 788], [1495, 788], [1500, 788], [1501, 788], [1502, 788], [1503, 788], [1504, 788], [1505, 788], [1506, 788], [1507, 788], [1508, 788], [1509, 788], [1510, 788], [1511, 788], [1512, 788], [1513, 788], [1514, 788], [1515, 788], [1516, 788], [1517, 788], [1518, 788], [1519, 788], [1520, 788], [1524, 788], [1525, 788], [1526, 788], [1527, 788], [1530, 788], [1531, 788], [1532, 788], [1533, 788], [1534, 788], [1535, 788], [1536, 788], [1537, 788], [1538, 788], [1539, 788], [1540, 788], [1541, 788], [1542, 788], [1543, 788], [1544, 788], [1545, 788], [1546, 788], [1547, 788], [1548, 788], [1549, 788], [1550, 788], [1551, 788], [1552, 788], [1553, 788], [1554, 788], [1555, 788], [1556, 788], [1557, 788], [1558, 788], [1559, 788], [1560, 788], [1561, 788], [1568, 788], [1569, 788], [1570, 788], [1571, 788], [1572, 788], [1573, 788], [1574, 788], [1575, 788], [1576, 788], [1638, 788], [1639, 788], [1640, 788], [1641, 788], [1642, 788], [1643, 788], [1665, 788], [1666, 788], [1667, 788], [1018, 789], [1019, 789], [1020, 789], [1021, 789], [1022, 789], [1023, 789], [1031, 789], [1032, 789], [1033, 789], [1036, 789], [1037, 789], [1045, 789], [1046, 789], [1047, 789], [1048, 789], [1060, 789], [1061, 789], [1069, 789], [1070, 789], [1071, 789], [1072, 789], [1073, 789], [1074, 789], [1075, 789], [1076, 789], [1077, 789], [1078, 789], [1082, 789], [1083, 789], [1084, 789], [1085, 789], [1086, 789], [1087, 789], [1088, 789], [1089, 789], [1090, 789], [1110, 789], [1111, 789], [1112, 789], [1113, 789], [1120, 789], [1121, 789], [1122, 789], [1123, 789], [1148, 789], [1149, 789], [1150, 789], [1151, 789], [1152, 789], [1153, 789], [1158, 789], [1159, 789], [1168, 789], [1169, 789], [1170, 789], [1171, 789], [1172, 789], [1215, 789], [1216, 789], [1217, 789], [1218, 789], [1219, 789], [1227, 789], [1228, 789], [1229, 789], [1230, 789], [1231, 789], [1232, 789], [1234, 789], [1235, 789], [1236, 789], [1237, 789], [1244, 789], [1245, 789], [1246, 789], [1247, 789], [1248, 789], [1249, 789], [1250, 789], [1251, 789], [1252, 789], [1253, 789], [1254, 789], [1255, 789], [1297, 789], [1298, 789], [1299, 789], [1300, 789], [1301, 789], [1302, 789], [1303, 789], [1304, 789], [1305, 789], [1306, 789], [1307, 789], [1308, 789], [1353, 789], [1354, 789], [1355, 789], [1364, 789], [1365, 789], [1366, 789], [1367, 789], [1368, 789], [1428, 789], [1429, 789], [1430, 789], [1431, 789], [1432, 789], [1433, 789], [1434, 789], [1435, 789], [1436, 789], [1437, 789], [1438, 789], [1439, 789], [1440, 789], [1441, 789], [1442, 789], [1443, 789], [1444, 789], [1445, 789], [1446, 789], [1447, 789], [1448, 789], [1449, 789], [1450, 789], [1451, 789], [1452, 789], [1453, 789], [1454, 789], [1490, 789], [1491, 789], [1492, 789], [1493, 789], [1494, 789], [1495, 789], [1496, 789], [1497, 789], [1498, 789], [1499, 789], [1500, 789], [1501, 789], [1502, 789], [1503, 789], [1504, 789], [1505, 789], [1509, 789], [1510, 789], [1511, 789], [1512, 789], [1513, 789], [1514, 789], [1515, 789], [1516, 789], [1517, 789], [1518, 789], [1519, 789], [1520, 789], [1521, 789], [1522, 789], [1523, 789], [1524, 789], [1525, 789], [1526, 789], [1527, 789], [1528, 789], [1529, 789], [1530, 789], [1531, 789], [1532, 789], [1533, 789], [1534, 789], [1535, 789], [1536, 789], [1537, 789], [1538, 789], [1539, 789], [1540, 789], [1541, 789], [1542, 789], [1543, 789], [1544, 789], [1545, 789], [1546, 789], [1547, 789], [1548, 789], [1557, 789], [1558, 789], [1559, 789], [1560, 789], [1561, 789], [1562, 789], [1563, 789], [1564, 789], [1565, 789], [1566, 789], [1567, 789], [1568, 789], [1569, 789], [1570, 789], [1571, 789], [1572, 789], [1573, 789], [1574, 789], [1640, 789], [1641, 789], [1642, 789], [1643, 789], [1644, 789], [1645, 789], [1646, 789], [1662, 789], [1663, 789], [1664, 789], [1665, 789], [1666, 789], [1667, 789], [1809, 789], [1810, 789], [1811, 789], [1011, 790], [1012, 790], [1013, 790], [1014, 790], [1022, 790], [1023, 790], [1032, 790], [1033, 790], [1034, 790], [1035, 790], [1036, 790], [1037, 790], [1046, 790], [1047, 790], [1048, 790], [1049, 790], [1050, 790], [1054, 790], [1055, 790], [1056, 790], [1060, 790], [1061, 790], [1069, 790], [1070, 790], [1071, 790], [1072, 790], [1073, 790], [1074, 790], [1075, 790], [1076, 790], [1077, 790], [1078, 790], [1083, 790], [1084, 790], [1085, 790], [1086, 790], [1087, 790], [1088, 790], [1089, 790], [1090, 790], [1091, 790], [1092, 790], [1093, 790], [1094, 790], [1095, 790], [1096, 790], [1097, 790], [1098, 790], [1099, 790], [1100, 790], [1101, 790], [1102, 790], [1107, 790], [1108, 790], [1109, 790], [1110, 790], [1111, 790], [1112, 790], [1121, 790], [1122, 790], [1123, 790], [1124, 790], [1125, 790], [1133, 790], [1134, 790], [1135, 790], [1136, 790], [1137, 790], [1138, 790], [1139, 790], [1140, 790], [1141, 790], [1142, 790], [1143, 790], [1148, 790], [1149, 790], [1150, 790], [1151, 790], [1152, 790], [1153, 790], [1154, 790], [1157, 790], [1158, 790], [1159, 790], [1169, 790], [1170, 790], [1171, 790], [1172, 790], [1173, 790], [1174, 790], [1175, 790], [1176, 790], [1177, 790], [1178, 790], [1179, 790], [1187, 790], [1188, 790], [1189, 790], [1190, 790], [1214, 790], [1215, 790], [1216, 790], [1217, 790], [1218, 790], [1219, 790], [1220, 790], [1221, 790], [1222, 790], [1223, 790], [1224, 790], [1226, 790], [1227, 790], [1228, 790], [1229, 790], [1230, 790], [1231, 790], [1235, 790], [1236, 790], [1237, 790], [1238, 790], [1244, 790], [1245, 790], [1246, 790], [1247, 790], [1252, 790], [1253, 790], [1254, 790], [1255, 790], [1256, 790], [1263, 790], [1264, 790], [1265, 790], [1266, 790], [1267, 790], [1299, 790], [1300, 790], [1301, 790], [1302, 790], [1303, 790], [1304, 790], [1305, 790], [1306, 790], [1307, 790], [1308, 790], [1309, 790], [1310, 790], [1311, 790], [1351, 790], [1352, 790], [1353, 790], [1354, 790], [1355, 790], [1356, 790], [1357, 790], [1358, 790], [1359, 790], [1360, 790], [1361, 790], [1362, 790], [1363, 790], [1364, 790], [1365, 790], [1366, 790], [1367, 790], [1434, 790], [1435, 790], [1436, 790], [1437, 790], [1438, 790], [1439, 790], [1440, 790], [1441, 790], [1442, 790], [1443, 790], [1444, 790], [1445, 790], [1446, 790], [1447, 790], [1448, 790], [1449, 790], [1450, 790], [1451, 790], [1452, 790], [1494, 790], [1495, 790], [1496, 790], [1497, 790], [1498, 790], [1499, 790], [1500, 790], [1501, 790], [1519, 790], [1520, 790], [1521, 790], [1522, 790], [1523, 790], [1524, 790], [1525, 790], [1526, 790], [1527, 790], [1528, 790], [1529, 790], [1530, 790], [1531, 790], [1560, 790], [1561, 790], [1562, 790], [1563, 790], [1564, 790], [1565, 790], [1566, 790], [1567, 790], [1568, 790], [1569, 790], [1642, 790], [1643, 790], [1644, 790], [1645, 790], [1646, 790], [1647, 790], [1648, 790], [1649, 790], [1650, 790], [1651, 790], [1652, 790], [1661, 790], [1662, 790], [1663, 790], [1664, 790], [1665, 790], [1666, 790], [1667, 790], [1696, 790], [1697, 790], [1698, 790], [1699, 790], [1700, 790], [1701, 790], [1718, 790], [1719, 790], [1720, 790], [1721, 790], [1722, 790], [1723, 790], [1724, 790], [1725, 790], [1726, 790], [1727, 790], [1728, 790], [1734, 790], [1735, 790], [1736, 790], [1737, 790], [1808, 790], [1809, 790], [1810, 790], [1811, 790], [1812, 790], [1813, 790], [1814, 790], [1815, 790], [1011, 791], [1012, 791], [1013, 791], [1014, 791], [1015, 791], [1016, 791], [1017, 791], [1020, 791], [1021, 791], [1022, 791], [1023, 791], [1032, 791], [1033, 791], [1034, 791], [1035, 791], [1036, 791], [1037, 791], [1047, 791], [1048, 791], [1049, 791], [1050, 791], [1051, 791], [1052, 791], [1053, 791], [1054, 791], [1055, 791], [1056, 791], [1057, 791], [1058, 791], [1059, 791], [1060, 791], [1061, 791], [1089, 791], [1090, 791], [1091, 791], [1092, 791], [1093, 791], [1094, 791], [1095, 791], [1096, 791], [1097, 791], [1098, 791], [1099, 791], [1100, 791], [1101, 791], [1102, 791], [1103, 791], [1104, 791], [1106, 791], [1107, 791], [1108, 791], [1109, 791], [1110, 791], [1111, 791], [1122, 791], [1123, 791], [1124, 791], [1125, 791], [1126, 791], [1129, 791], [1130, 791], [1131, 791], [1132, 791], [1133, 791], [1134, 791], [1135, 791], [1136, 791], [1137, 791], [1138, 791], [1139, 791], [1140, 791], [1141, 791], [1142, 791], [1143, 791], [1144, 791], [1147, 791], [1148, 791], [1149, 791], [1152, 791], [1153, 791], [1154, 791], [1155, 791], [1156, 791], [1157, 791], [1158, 791], [1159, 791], [1171, 791], [1172, 791], [1173, 791], [1174, 791], [1175, 791], [1176, 791], [1177, 791], [1178, 791], [1179, 791], [1180, 791], [1181, 791], [1182, 791], [1183, 791], [1184, 791], [1185, 791], [1186, 791], [1187, 791], [1188, 791], [1189, 791], [1190, 791], [1191, 791], [1192, 791], [1203, 791], [1204, 791], [1205, 791], [1206, 791], [1207, 791], [1208, 791], [1209, 791], [1210, 791], [1211, 791], [1212, 791], [1213, 791], [1214, 791], [1215, 791], [1216, 791], [1218, 791], [1219, 791], [1220, 791], [1221, 791], [1222, 791], [1223, 791], [1224, 791], [1225, 791], [1226, 791], [1227, 791], [1228, 791], [1236, 791], [1237, 791], [1238, 791], [1239, 791], [1240, 791], [1241, 791], [1242, 791], [1243, 791], [1244, 791], [1245, 791], [1254, 791], [1255, 791], [1256, 791], [1257, 791], [1258, 791], [1259, 791], [1260, 791], [1261, 791], [1262, 791], [1263, 791], [1264, 791], [1265, 791], [1266, 791], [1267, 791], [1268, 791], [1269, 791], [1307, 791], [1308, 791], [1309, 791], [1310, 791], [1311, 791], [1312, 791], [1313, 791], [1314, 791], [1315, 791], [1316, 791], [1317, 791], [1322, 791], [1323, 791], [1324, 791], [1351, 791], [1352, 791], [1353, 791], [1354, 791], [1355, 791], [1356, 791], [1357, 791], [1358, 791], [1359, 791], [1360, 791], [1361, 791], [1362, 791], [1363, 791], [1364, 791], [1365, 791], [1562, 791], [1563, 791], [1564, 791], [1565, 791], [1566, 791], [1567, 791], [1645, 791], [1646, 791], [1647, 791], [1648, 791], [1649, 791], [1650, 791], [1651, 791], [1652, 791], [1653, 791], [1654, 791], [1660, 791], [1661, 791], [1662, 791], [1663, 791], [1666, 791], [1667, 791], [1668, 791], [1669, 791], [1673, 791], [1674, 791], [1675, 791], [1676, 791], [1677, 791], [1678, 791], [1690, 791], [1691, 791], [1692, 791], [1694, 791], [1695, 791], [1696, 791], [1697, 791], [1698, 791], [1699, 791], [1700, 791], [1701, 791], [1702, 791], [1703, 791], [1704, 791], [1705, 791], [1706, 791], [1707, 791], [1710, 791], [1711, 791], [1712, 791], [1716, 791], [1717, 791], [1718, 791], [1719, 791], [1720, 791], [1721, 791], [1722, 791], [1723, 791], [1724, 791], [1725, 791], [1726, 791], [1727, 791], [1728, 791], [1729, 791], [1730, 791], [1731, 791], [1732, 791], [1733, 791], [1734, 791], [1735, 791], [1736, 791], [1737, 791], [1738, 791], [1739, 791], [1740, 791], [1741, 791], [1788, 791], [1789, 791], [1790, 791], [1791, 791], [1792, 791], [1793, 791], [1808, 791], [1809, 791], [1810, 791], [1811, 791], [1812, 791], [1813, 791], [1814, 791], [1815, 791], [1816, 791], [1817, 791], [991, 792], [992, 792], [993, 792], [1010, 792], [1011, 792], [1012, 792], [1013, 792], [1014, 792], [1015, 792], [1016, 792], [1017, 792], [1018, 792], [1019, 792], [1020, 792], [1021, 792], [1022, 792], [1023, 792], [1049, 792], [1050, 792], [1051, 792], [1052, 792], [1053, 792], [1054, 792], [1055, 792], [1056, 792], [1057, 792], [1058, 792], [1059, 792], [1060, 792], [1061, 792], [1101, 792], [1102, 792], [1103, 792], [1104, 792], [1105, 792], [1106, 792], [1107, 792], [1108, 792], [1124, 792], [1125, 792], [1126, 792], [1127, 792], [1128, 792], [1129, 792], [1130, 792], [1131, 792], [1132, 792], [1133, 792], [1134, 792], [1142, 792], [1143, 792], [1144, 792], [1145, 792], [1146, 792], [1147, 792], [1148, 792], [1149, 792], [1153, 792], [1154, 792], [1155, 792], [1156, 792], [1157, 792], [1158, 792], [1178, 792], [1179, 792], [1180, 792], [1181, 792], [1182, 792], [1183, 792], [1184, 792], [1185, 792], [1186, 792], [1187, 792], [1188, 792], [1189, 792], [1190, 792], [1191, 792], [1192, 792], [1193, 792], [1194, 792], [1195, 792], [1196, 792], [1197, 792], [1198, 792], [1199, 792], [1200, 792], [1201, 792], [1202, 792], [1203, 792], [1204, 792], [1205, 792], [1206, 792], [1207, 792], [1208, 792], [1209, 792], [1210, 792], [1211, 792], [1212, 792], [1213, 792], [1214, 792], [1215, 792], [1223, 792], [1224, 792], [1225, 792], [1226, 792], [1227, 792], [1237, 792], [1238, 792], [1239, 792], [1240, 792], [1241, 792], [1242, 792], [1243, 792], [1244, 792], [1245, 792], [1255, 792], [1256, 792], [1257, 792], [1258, 792], [1259, 792], [1260, 792], [1261, 792], [1262, 792], [1263, 792], [1264, 792], [1266, 792], [1267, 792], [1268, 792], [1269, 792], [1270, 792], [1271, 792], [1272, 792], [1274, 792], [1275, 792], [1276, 792], [1277, 792], [1278, 792], [1279, 792], [1280, 792], [1281, 792], [1282, 792], [1283, 792], [1284, 792], [1285, 792], [1286, 792], [1287, 792], [1288, 792], [1289, 792], [1310, 792], [1311, 792], [1312, 792], [1313, 792], [1314, 792], [1315, 792], [1316, 792], [1317, 792], [1318, 792], [1319, 792], [1320, 792], [1321, 792], [1322, 792], [1323, 792], [1324, 792], [1325, 792], [1326, 792], [1351, 792], [1352, 792], [1353, 792], [1374, 792], [1375, 792], [1376, 792], [1377, 792], [1378, 792], [1379, 792], [1380, 792], [1381, 792], [1383, 792], [1384, 792], [1385, 792], [1386, 792], [1387, 792], [1388, 792], [1389, 792], [1390, 792], [1391, 792], [1392, 792], [1393, 792], [1394, 792], [1395, 792], [1396, 792], [1397, 792], [1398, 792], [1399, 792], [1400, 792], [1401, 792], [1402, 792], [1403, 792], [1404, 792], [1405, 792], [1406, 792], [1407, 792], [1408, 792], [1409, 792], [1410, 792], [1413, 792], [1414, 792], [1415, 792], [1416, 792], [1417, 792], [1418, 792], [1419, 792], [1420, 792], [1421, 792], [1422, 792], [1423, 792], [1424, 792], [1470, 792], [1471, 792], [1472, 792], [1473, 792], [1474, 792], [1475, 792], [1651, 792], [1652, 792], [1653, 792], [1654, 792], [1655, 792], [1656, 792], [1657, 792], [1660, 792], [1661, 792], [1662, 792], [1666, 792], [1667, 792], [1668, 792], [1669, 792], [1670, 792], [1671, 792], [1672, 792], [1673, 792], [1674, 792], [1675, 792], [1676, 792], [1677, 792], [1678, 792], [1679, 792], [1680, 792], [1681, 792], [1682, 792], [1687, 792], [1688, 792], [1689, 792], [1690, 792], [1691, 792], [1692, 792], [1693, 792], [1694, 792], [1695, 792], [1696, 792], [1697, 792], [1700, 792], [1701, 792], [1702, 792], [1703, 792], [1704, 792], [1705, 792], [1706, 792], [1707, 792], [1708, 792], [1709, 792], [1710, 792], [1711, 792], [1712, 792], [1713, 792], [1714, 792], [1715, 792], [1716, 792], [1717, 792], [1718, 792], [1719, 792], [1727, 792], [1728, 792], [1729, 792], [1730, 792], [1731, 792], [1732, 792], [1733, 792], [1734, 792], [1735, 792], [1736, 792], [1737, 792], [1738, 792], [1739, 792], [1740, 792], [1741, 792], [1742, 792], [1743, 792], [1744, 792], [1766, 792], [1767, 792], [1768, 792], [1775, 792], [1776, 792], [1777, 792], [1787, 792], [1788, 792], [1789, 792], [1790, 792], [1791, 792], [1792, 792], [1793, 792], [1794, 792], [1807, 792], [1808, 792], [1809, 792], [1814, 792], [1815, 792], [1816, 792], [1817, 792], [1818, 792], [1819, 792], [1820, 792], [1821, 792], [1822, 792], [1823, 792], [1824, 792], [991, 793], [992, 793], [993, 793], [994, 793], [996, 793], [997, 793], [998, 793], [1008, 793], [1009, 793], [1010, 793], [1011, 793], [1012, 793], [1016, 793], [1017, 793], [1018, 793], [1019, 793], [1020, 793], [1021, 793], [1057, 793], [1058, 793], [1059, 793], [1060, 793], [1103, 793], [1104, 793], [1105, 793], [1106, 793], [1107, 793], [1125, 793], [1126, 793], [1127, 793], [1128, 793], [1129, 793], [1130, 793], [1143, 793], [1144, 793], [1145, 793], [1146, 793], [1147, 793], [1148, 793], [1191, 793], [1192, 793], [1193, 793], [1194, 793], [1195, 793], [1196, 793], [1197, 793], [1198, 793], [1199, 793], [1200, 793], [1201, 793], [1202, 793], [1203, 793], [1204, 793], [1210, 793], [1211, 793], [1212, 793], [1213, 793], [1241, 793], [1242, 793], [1243, 793], [1244, 793], [1268, 793], [1269, 793], [1270, 793], [1271, 793], [1272, 793], [1273, 793], [1274, 793], [1275, 793], [1276, 793], [1277, 793], [1278, 793], [1279, 793], [1280, 793], [1281, 793], [1282, 793], [1283, 793], [1284, 793], [1285, 793], [1286, 793], [1287, 793], [1288, 793], [1289, 793], [1290, 793], [1291, 793], [1292, 793], [1293, 793], [1294, 793], [1295, 793], [1296, 793], [1297, 793], [1298, 793], [1299, 793], [1300, 793], [1301, 793], [1302, 793], [1303, 793], [1304, 793], [1316, 793], [1317, 793], [1318, 793], [1319, 793], [1320, 793], [1321, 793], [1322, 793], [1323, 793], [1324, 793], [1325, 793], [1326, 793], [1327, 793], [1328, 793], [1351, 793], [1352, 793], [1353, 793], [1372, 793], [1373, 793], [1374, 793], [1375, 793], [1376, 793], [1377, 793], [1378, 793], [1379, 793], [1380, 793], [1381, 793], [1382, 793], [1383, 793], [1384, 793], [1385, 793], [1386, 793], [1387, 793], [1388, 793], [1389, 793], [1390, 793], [1391, 793], [1392, 793], [1393, 793], [1394, 793], [1395, 793], [1396, 793], [1397, 793], [1398, 793], [1399, 793], [1400, 793], [1401, 793], [1402, 793], [1403, 793], [1404, 793], [1405, 793], [1406, 793], [1407, 793], [1408, 793], [1409, 793], [1410, 793], [1411, 793], [1412, 793], [1413, 793], [1414, 793], [1415, 793], [1416, 793], [1417, 793], [1418, 793], [1419, 793], [1420, 793], [1421, 793], [1422, 793], [1423, 793], [1424, 793], [1425, 793], [1426, 793], [1463, 793], [1464, 793], [1465, 793], [1466, 793], [1467, 793], [1468, 793], [1469, 793], [1470, 793], [1471, 793], [1472, 793], [1473, 793], [1474, 793], [1475, 793], [1476, 793], [1477, 793], [1478, 793], [1479, 793], [1480, 793], [1481, 793], [1482, 793], [1483, 793], [1484, 793], [1485, 793], [1486, 793], [1487, 793], [1488, 793], [1489, 793], [1490, 793], [1491, 793], [1492, 793], [1493, 793], [1494, 793], [1495, 793], [1557, 793], [1558, 793], [1559, 793], [1560, 793], [1561, 793], [1562, 793], [1563, 793], [1564, 793], [1565, 793], [1581, 793], [1582, 793], [1583, 793], [1584, 793], [1585, 793], [1586, 793], [1587, 793], [1588, 793], [1589, 793], [1590, 793], [1591, 793], [1592, 793], [1593, 793], [1594, 793], [1595, 793], [1596, 793], [1597, 793], [1598, 793], [1599, 793], [1600, 793], [1601, 793], [1602, 793], [1603, 793], [1604, 793], [1605, 793], [1653, 793], [1654, 793], [1655, 793], [1656, 793], [1657, 793], [1658, 793], [1659, 793], [1660, 793], [1661, 793], [1668, 793], [1669, 793], [1670, 793], [1671, 793], [1672, 793], [1673, 793], [1674, 793], [1677, 793], [1678, 793], [1679, 793], [1680, 793], [1681, 793], [1682, 793], [1683, 793], [1684, 793], [1685, 793], [1686, 793], [1687, 793], [1688, 793], [1689, 793], [1690, 793], [1691, 793], [1692, 793], [1693, 793], [1694, 793], [1695, 793], [1706, 793], [1707, 793], [1708, 793], [1709, 793], [1710, 793], [1711, 793], [1712, 793], [1713, 793], [1714, 793], [1715, 793], [1716, 793], [1717, 793], [1729, 793], [1730, 793], [1731, 793], [1732, 793], [1740, 793], [1741, 793], [1742, 793], [1743, 793], [1744, 793], [1745, 793], [1746, 793], [1747, 793], [1748, 793], [1749, 793], [1752, 793], [1753, 793], [1754, 793], [1755, 793], [1756, 793], [1757, 793], [1758, 793], [1759, 793], [1763, 793], [1764, 793], [1765, 793], [1766, 793], [1767, 793], [1768, 793], [1769, 793], [1770, 793], [1771, 793], [1772, 793], [1773, 793], [1774, 793], [1775, 793], [1776, 793], [1777, 793], [1778, 793], [1779, 793], [1780, 793], [1781, 793], [1782, 793], [1783, 793], [1784, 793], [1785, 793], [1786, 793], [1787, 793], [1788, 793], [1789, 793], [1792, 793], [1793, 793], [1794, 793], [1795, 793], [1796, 793], [1797, 793], [1798, 793], [1805, 793], [1806, 793], [1807, 793], [1808, 793], [1809, 793], [1816, 793], [1817, 793], [1818, 793], [1819, 793], [1820, 793], [1821, 793], [1822, 793], [1823, 793], [1824, 793], [990, 794], [991, 794], [992, 794], [993, 794], [994, 794], [995, 794], [996, 794], [997, 794], [998, 794], [999, 794], [1000, 794], [1001, 794], [1002, 794], [1003, 794], [1004, 794], [1005, 794], [1006, 794], [1007, 794], [1008, 794], [1009, 794], [1010, 794], [1011, 794], [1126, 794], [1127, 794], [1128, 794], [1129, 794], [1145, 794], [1146, 794], [1147, 794], [1148, 794], [1271, 794], [1272, 794], [1273, 794], [1274, 794], [1275, 794], [1276, 794], [1277, 794], [1278, 794], [1279, 794], [1288, 794], [1289, 794], [1290, 794], [1291, 794], [1292, 794], [1293, 794], [1294, 794], [1295, 794], [1296, 794], [1297, 794], [1298, 794], [1299, 794], [1300, 794], [1301, 794], [1302, 794], [1303, 794], [1304, 794], [1305, 794], [1306, 794], [1307, 794], [1308, 794], [1309, 794], [1310, 794], [1311, 794], [1325, 794], [1326, 794], [1327, 794], [1328, 794], [1329, 794], [1352, 794], [1353, 794], [1370, 794], [1371, 794], [1372, 794], [1373, 794], [1374, 794], [1375, 794], [1380, 794], [1381, 794], [1382, 794], [1383, 794], [1384, 794], [1409, 794], [1410, 794], [1411, 794], [1412, 794], [1413, 794], [1414, 794], [1423, 794], [1424, 794], [1425, 794], [1426, 794], [1427, 794], [1428, 794], [1429, 794], [1430, 794], [1436, 794], [1437, 794], [1438, 794], [1439, 794], [1440, 794], [1441, 794], [1442, 794], [1443, 794], [1444, 794], [1445, 794], [1446, 794], [1447, 794], [1448, 794], [1449, 794], [1450, 794], [1451, 794], [1452, 794], [1459, 794], [1460, 794], [1461, 794], [1462, 794], [1463, 794], [1464, 794], [1465, 794], [1466, 794], [1467, 794], [1468, 794], [1469, 794], [1470, 794], [1471, 794], [1474, 794], [1475, 794], [1476, 794], [1477, 794], [1478, 794], [1479, 794], [1480, 794], [1481, 794], [1482, 794], [1483, 794], [1484, 794], [1485, 794], [1486, 794], [1487, 794], [1488, 794], [1489, 794], [1490, 794], [1491, 794], [1492, 794], [1493, 794], [1494, 794], [1495, 794], [1496, 794], [1497, 794], [1498, 794], [1508, 794], [1509, 794], [1510, 794], [1511, 794], [1512, 794], [1513, 794], [1514, 794], [1515, 794], [1516, 794], [1517, 794], [1518, 794], [1519, 794], [1520, 794], [1521, 794], [1522, 794], [1523, 794], [1524, 794], [1525, 794], [1526, 794], [1527, 794], [1528, 794], [1551, 794], [1552, 794], [1553, 794], [1554, 794], [1555, 794], [1556, 794], [1557, 794], [1558, 794], [1559, 794], [1560, 794], [1561, 794], [1562, 794], [1563, 794], [1564, 794], [1565, 794], [1566, 794], [1567, 794], [1579, 794], [1580, 794], [1581, 794], [1582, 794], [1583, 794], [1584, 794], [1585, 794], [1586, 794], [1587, 794], [1588, 794], [1589, 794], [1590, 794], [1591, 794], [1592, 794], [1593, 794], [1594, 794], [1595, 794], [1596, 794], [1597, 794], [1598, 794], [1599, 794], [1600, 794], [1601, 794], [1602, 794], [1603, 794], [1604, 794], [1605, 794], [1606, 794], [1607, 794], [1608, 794], [1609, 794], [1610, 794], [1611, 794], [1612, 794], [1613, 794], [1614, 794], [1615, 794], [1616, 794], [1617, 794], [1618, 794], [1619, 794], [1621, 794], [1622, 794], [1623, 794], [1624, 794], [1656, 794], [1657, 794], [1658, 794], [1659, 794], [1660, 794], [1661, 794], [1681, 794], [1682, 794], [1683, 794], [1684, 794], [1685, 794], [1686, 794], [1687, 794], [1688, 794], [1689, 794], [1690, 794], [1691, 794], [1743, 794], [1744, 794], [1745, 794], [1746, 794], [1747, 794], [1748, 794], [1749, 794], [1750, 794], [1751, 794], [1752, 794], [1753, 794], [1754, 794], [1755, 794], [1756, 794], [1757, 794], [1758, 794], [1759, 794], [1760, 794], [1761, 794], [1762, 794], [1763, 794], [1764, 794], [1765, 794], [1766, 794], [1767, 794], [1768, 794], [1769, 794], [1770, 794], [1771, 794], [1772, 794], [1773, 794], [1774, 794], [1775, 794], [1776, 794], [1777, 794], [1778, 794], [1779, 794], [1780, 794], [1781, 794], [1782, 794], [1783, 794], [1784, 794], [1785, 794], [1786, 794], [1787, 794], [1788, 794], [1793, 794], [1794, 794], [1795, 794], [1796, 794], [1797, 794], [1798, 794], [1799, 794], [1800, 794], [1801, 794], [1802, 794], [1803, 794], [1804, 794], [1805, 794], [1806, 794], [1807, 794], [1808, 794], [1824, 794], [990, 795], [991, 795], [992, 795], [993, 795], [994, 795], [995, 795], [996, 795], [997, 795], [998, 795], [999, 795], [1000, 795], [1001, 795], [1002, 795], [1003, 795], [1004, 795], [1005, 795], [1006, 795], [1007, 795], [1008, 795], [1009, 795], [1303, 795], [1304, 795], [1305, 795], [1306, 795], [1307, 795], [1308, 795], [1309, 795], [1310, 795], [1311, 795], [1312, 795], [1313, 795], [1314, 795], [1315, 795], [1327, 795], [1328, 795], [1329, 795], [1330, 795], [1331, 795], [1351, 795], [1352, 795], [1353, 795], [1367, 795], [1368, 795], [1369, 795], [1370, 795], [1371, 795], [1372, 795], [1373, 795], [1425, 795], [1426, 795], [1427, 795], [1428, 795], [1429, 795], [1430, 795], [1431, 795], [1432, 795], [1435, 795], [1436, 795], [1437, 795], [1438, 795], [1439, 795], [1440, 795], [1441, 795], [1442, 795], [1443, 795], [1444, 795], [1445, 795], [1446, 795], [1447, 795], [1448, 795], [1449, 795], [1450, 795], [1451, 795], [1452, 795], [1453, 795], [1454, 795], [1455, 795], [1456, 795], [1457, 795], [1458, 795], [1459, 795], [1460, 795], [1461, 795], [1462, 795], [1463, 795], [1464, 795], [1494, 795], [1495, 795], [1496, 795], [1497, 795], [1498, 795], [1499, 795], [1500, 795], [1501, 795], [1502, 795], [1503, 795], [1504, 795], [1505, 795], [1506, 795], [1507, 795], [1508, 795], [1509, 795], [1510, 795], [1511, 795], [1512, 795], [1513, 795], [1514, 795], [1515, 795], [1516, 795], [1517, 795], [1518, 795], [1519, 795], [1520, 795], [1521, 795], [1522, 795], [1523, 795], [1524, 795], [1525, 795], [1526, 795], [1527, 795], [1528, 795], [1529, 795], [1530, 795], [1531, 795], [1532, 795], [1533, 795], [1534, 795], [1535, 795], [1536, 795], [1538, 795], [1539, 795], [1540, 795], [1541, 795], [1542, 795], [1543, 795], [1544, 795], [1545, 795], [1546, 795], [1547, 795], [1548, 795], [1549, 795], [1550, 795], [1551, 795], [1552, 795], [1553, 795], [1554, 795], [1555, 795], [1556, 795], [1557, 795], [1558, 795], [1564, 795], [1565, 795], [1566, 795], [1567, 795], [1568, 795], [1569, 795], [1578, 795], [1579, 795], [1580, 795], [1581, 795], [1582, 795], [1604, 795], [1605, 795], [1606, 795], [1607, 795], [1608, 795], [1609, 795], [1610, 795], [1611, 795], [1612, 795], [1613, 795], [1614, 795], [1615, 795], [1616, 795], [1617, 795], [1618, 795], [1619, 795], [1620, 795], [1621, 795], [1622, 795], [1623, 795], [1624, 795], [1625, 795], [1626, 795], [1627, 795], [1628, 795], [1629, 795], [1630, 795], [1631, 795], [1632, 795], [1633, 795], [1634, 795], [1635, 795], [1636, 795], [1637, 795], [1638, 795], [1639, 795], [1640, 795], [1642, 795], [1643, 795], [1644, 795], [1645, 795], [1646, 795], [1647, 795], [1648, 795], [1748, 795], [1749, 795], [1750, 795], [1751, 795], [1752, 795], [1753, 795], [1758, 795], [1759, 795], [1760, 795], [1761, 795], [1762, 795], [1763, 795], [1764, 795], [1783, 795], [1784, 795], [1785, 795], [1797, 795], [1798, 795], [1799, 795], [1800, 795], [1801, 795], [1802, 795], [1803, 795], [1804, 795], [1805, 795], [1806, 795], [960, 796], [975, 796], [976, 796], [977, 796], [978, 796], [989, 796], [990, 796], [991, 796], [1310, 796], [1311, 796], [1312, 796], [1313, 796], [1314, 796], [1315, 796], [1316, 796], [1317, 796], [1318, 796], [1319, 796], [1320, 796], [1328, 796], [1329, 796], [1330, 796], [1331, 796], [1332, 796], [1333, 796], [1348, 796], [1349, 796], [1350, 796], [1351, 796], [1352, 796], [1353, 796], [1358, 796], [1359, 796], [1360, 796], [1361, 796], [1362, 796], [1363, 796], [1364, 796], [1365, 796], [1366, 796], [1367, 796], [1368, 796], [1369, 796], [1370, 796], [1371, 796], [1429, 796], [1430, 796], [1431, 796], [1432, 796], [1433, 796], [1434, 796], [1435, 796], [1436, 796], [1437, 796], [1451, 796], [1452, 796], [1453, 796], [1454, 796], [1455, 796], [1456, 796], [1457, 796], [1458, 796], [1459, 796], [1460, 796], [1497, 796], [1498, 796], [1499, 796], [1500, 796], [1501, 796], [1502, 796], [1503, 796], [1504, 796], [1505, 796], [1506, 796], [1507, 796], [1508, 796], [1509, 796], [1527, 796], [1528, 796], [1529, 796], [1530, 796], [1531, 796], [1532, 796], [1533, 796], [1534, 796], [1535, 796], [1536, 796], [1537, 796], [1538, 796], [1539, 796], [1540, 796], [1541, 796], [1542, 796], [1543, 796], [1544, 796], [1545, 796], [1546, 796], [1547, 796], [1548, 796], [1549, 796], [1550, 796], [1551, 796], [1552, 796], [1566, 796], [1567, 796], [1568, 796], [1569, 796], [1570, 796], [1571, 796], [1572, 796], [1573, 796], [1574, 796], [1575, 796], [1576, 796], [1577, 796], [1578, 796], [1579, 796], [1580, 796], [1618, 796], [1619, 796], [1620, 796], [1621, 796], [1622, 796], [1623, 796], [1624, 796], [1625, 796], [1626, 796], [1627, 796], [1628, 796], [1629, 796], [1630, 796], [1631, 796], [1632, 796], [1633, 796], [1634, 796], [1635, 796], [1636, 796], [1637, 796], [1638, 796], [1639, 796], [1640, 796], [1641, 796], [1642, 796], [1643, 796], [1644, 796], [1645, 796], [1646, 796], [1647, 796], [1648, 796], [1649, 796], [1650, 796], [1651, 796], [1652, 796], [1653, 796], [1654, 796], [960, 797], [961, 797], [962, 797], [963, 797], [964, 797], [969, 797], [970, 797], [971, 797], [972, 797], [973, 797], [974, 797], [975, 797], [976, 797], [977, 797], [978, 797], [979, 797], [980, 797], [981, 797], [982, 797], [983, 797], [984, 797], [985, 797], [986, 797], [987, 797], [988, 797], [989, 797], [990, 797], [991, 797], [1314, 797], [1315, 797], [1316, 797], [1317, 797], [1318, 797], [1319, 797], [1320, 797], [1321, 797], [1322, 797], [1323, 797], [1330, 797], [1331, 797], [1332, 797], [1333, 797], [1334, 797], [1335, 797], [1336, 797], [1343, 797], [1344, 797], [1345, 797], [1346, 797], [1347, 797], [1348, 797], [1349, 797], [1350, 797], [1351, 797], [1352, 797], [1358, 797], [1359, 797], [1360, 797], [1361, 797], [1362, 797], [1363, 797], [1364, 797], [1365, 797], [1366, 797], [1367, 797], [1368, 797], [1431, 797], [1432, 797], [1433, 797], [1434, 797], [1435, 797], [1436, 797], [1506, 797], [1507, 797], [1508, 797], [1535, 797], [1536, 797], [1537, 797], [1538, 797], [1539, 797], [1568, 797], [1569, 797], [1570, 797], [1571, 797], [1572, 797], [1573, 797], [1574, 797], [1575, 797], [1576, 797], [1577, 797], [1578, 797], [1579, 797], [1639, 797], [1640, 797], [1641, 797], [1642, 797], [1643, 797], [1647, 797], [1648, 797], [1649, 797], [1650, 797], [1651, 797], [1652, 797], [1653, 797], [1654, 797], [1655, 797], [1656, 797], [1657, 797], [1658, 797], [1708, 797], [1709, 797], [1710, 797], [1711, 797], [1731, 797], [1732, 797], [1733, 797], [1734, 797], [1735, 797], [960, 798], [961, 798], [962, 798], [963, 798], [964, 798], [965, 798], [966, 798], [967, 798], [968, 798], [969, 798], [970, 798], [971, 798], [972, 798], [973, 798], [974, 798], [975, 798], [976, 798], [977, 798], [978, 798], [979, 798], [980, 798], [981, 798], [982, 798], [983, 798], [984, 798], [985, 798], [986, 798], [987, 798], [988, 798], [989, 798], [990, 798], [1319, 798], [1320, 798], [1321, 798], [1322, 798], [1323, 798], [1324, 798], [1325, 798], [1326, 798], [1327, 798], [1328, 798], [1329, 798], [1332, 798], [1333, 798], [1334, 798], [1335, 798], [1336, 798], [1337, 798], [1338, 798], [1339, 798], [1340, 798], [1341, 798], [1342, 798], [1343, 798], [1344, 798], [1345, 798], [1346, 798], [1347, 798], [1348, 798], [1349, 798], [1358, 798], [1359, 798], [1653, 798], [1654, 798], [1655, 798], [1656, 798], [1657, 798], [1658, 798], [1659, 798], [1660, 798], [1661, 798], [1662, 798], [1680, 798], [1681, 798], [1682, 798], [1683, 798], [1684, 798], [1685, 798], [1686, 798], [1687, 798], [1698, 798], [1699, 798], [1700, 798], [1701, 798], [1702, 798], [1703, 798], [1704, 798], [1705, 798], [1706, 798], [1707, 798], [1708, 798], [1709, 798], [1710, 798], [1711, 798], [1712, 798], [1713, 798], [1714, 798], [1715, 798], [1716, 798], [1717, 798], [1718, 798], [1719, 798], [1730, 798], [1731, 798], [1732, 798], [1733, 798], [1734, 798], [1735, 798], [1736, 798], [1737, 798], [1745, 798], [1746, 798], [1747, 798], [1748, 798], [1749, 798], [1750, 798], [1751, 798], [1752, 798], [1822, 798], [1823, 798], [1824, 798], [963, 799], [964, 799], [965, 799], [966, 799], [967, 799], [968, 799], [969, 799], [970, 799], [1322, 799], [1323, 799], [1324, 799], [1325, 799], [1326, 799], [1327, 799], [1328, 799], [1329, 799], [1330, 799], [1331, 799], [1335, 799], [1336, 799], [1337, 799], [1338, 799], [1339, 799], [1340, 799], [1341, 799], [1342, 799], [1343, 799], [1344, 799], [1358, 799], [1359, 799], [1657, 799], [1658, 799], [1659, 799], [1660, 799], [1661, 799], [1662, 799], [1663, 799], [1664, 799], [1665, 799], [1666, 799], [1669, 799], [1670, 799], [1671, 799], [1672, 799], [1673, 799], [1674, 799], [1677, 799], [1678, 799], [1679, 799], [1680, 799], [1681, 799], [1682, 799], [1683, 799], [1684, 799], [1685, 799], [1686, 799], [1687, 799], [1688, 799], [1689, 799], [1690, 799], [1691, 799], [1692, 799], [1693, 799], [1694, 799], [1695, 799], [1696, 799], [1697, 799], [1698, 799], [1699, 799], [1700, 799], [1701, 799], [1702, 799], [1703, 799], [1704, 799], [1705, 799], [1706, 799], [1707, 799], [1708, 799], [1709, 799], [1710, 799], [1711, 799], [1712, 799], [1713, 799], [1714, 799], [1715, 799], [1716, 799], [1717, 799], [1718, 799], [1719, 799], [1720, 799], [1721, 799], [1722, 799], [1723, 799], [1724, 799], [1725, 799], [1726, 799], [1727, 799], [1728, 799], [1729, 799], [1730, 799], [1731, 799], [1732, 799], [1734, 799], [1735, 799], [1736, 799], [1737, 799], [1738, 799], [1739, 799], [1740, 799], [1741, 799], [1742, 799], [1743, 799], [1744, 799], [1745, 799], [1746, 799], [1747, 799], [1748, 799], [1749, 799], [1750, 799], [1751, 799], [1752, 799], [1753, 799], [1754, 799], [1755, 799], [1773, 799], [1774, 799], [1775, 799], [1776, 799], [1800, 799], [1801, 799], [1802, 799], [1803, 799], [1804, 799], [1805, 799], [1806, 799], [1816, 799], [1817, 799], [1818, 799], [1819, 799], [1820, 799], [1821, 799], [1822, 799], [1823, 799], [1824, 799], [1328, 800], [1329, 800], [1330, 800], [1331, 800], [1332, 800], [1333, 800], [1358, 800], [1359, 800], [1661, 800], [1662, 800], [1663, 800], [1664, 800], [1665, 800], [1666, 800], [1667, 800], [1668, 800], [1669, 800], [1670, 800], [1671, 800], [1672, 800], [1673, 800], [1674, 800], [1675, 800], [1676, 800], [1677, 800], [1678, 800], [1679, 800], [1680, 800], [1681, 800], [1686, 800], [1687, 800], [1688, 800], [1689, 800], [1690, 800], [1691, 800], [1692, 800], [1693, 800], [1694, 800], [1695, 800], [1696, 800], [1697, 800], [1698, 800], [1699, 800], [1718, 800], [1719, 800], [1720, 800], [1721, 800], [1722, 800], [1723, 800], [1724, 800], [1725, 800], [1726, 800], [1727, 800], [1728, 800], [1729, 800], [1730, 800], [1731, 800], [1736, 800], [1737, 800], [1738, 800], [1739, 800], [1740, 800], [1741, 800], [1742, 800], [1743, 800], [1744, 800], [1745, 800], [1746, 800], [1751, 800], [1752, 800], [1753, 800], [1754, 800], [1755, 800], [1756, 800], [1757, 800], [1758, 800], [1766, 800], [1767, 800], [1768, 800], [1769, 800], [1770, 800], [1771, 800], [1773, 800], [1774, 800], [1775, 800], [1776, 800], [1777, 800], [1778, 800], [1779, 800], [1780, 800], [1781, 800], [1792, 800], [1793, 800], [1794, 800], [1795, 800], [1796, 800], [1797, 800], [1798, 800], [1799, 800], [1800, 800], [1801, 800], [1802, 800], [1803, 800], [1804, 800], [1805, 800], [1806, 800], [1807, 800], [1808, 800], [1809, 800], [1810, 800], [1811, 800], [1815, 800], [1816, 800], [1817, 800], [1818, 800], [1819, 800], [1820, 800], [1821, 800], [1822, 800], [1823, 800], [1330, 801], [1331, 801], [1332, 801], [1333, 801], [1334, 801], [1335, 801], [1357, 801], [1358, 801], [1359, 801], [1665, 801], [1666, 801], [1667, 801], [1668, 801], [1669, 801], [1670, 801], [1673, 801], [1674, 801], [1675, 801], [1676, 801], [1677, 801], [1678, 801], [1754, 801], [1755, 801], [1756, 801], [1757, 801], [1758, 801], [1759, 801], [1760, 801], [1761, 801], [1762, 801], [1763, 801], [1764, 801], [1765, 801], [1766, 801], [1767, 801], [1768, 801], [1769, 801], [1770, 801], [1771, 801], [1772, 801], [1773, 801], [1774, 801], [1775, 801], [1776, 801], [1777, 801], [1778, 801], [1779, 801], [1780, 801], [1781, 801], [1782, 801], [1783, 801], [1784, 801], [1785, 801], [1786, 801], [1787, 801], [1788, 801], [1789, 801], [1790, 801], [1791, 801], [1792, 801], [1793, 801], [1794, 801], [1795, 801], [1796, 801], [1797, 801], [1798, 801], [1799, 801], [1800, 801], [1801, 801], [1805, 801], [1806, 801], [1807, 801], [1808, 801], [1809, 801], [1810, 801], [1811, 801], [1812, 801], [1813, 801], [1815, 801], [1816, 801], [1817, 801], [1332, 802], [1333, 802], [1334, 802], [1335, 802], [1336, 802], [1337, 802], [1355, 802], [1356, 802], [1357, 802], [1358, 802], [1359, 802], [1757, 802], [1758, 802], [1759, 802], [1760, 802], [1761, 802], [1762, 802], [1763, 802], [1764, 802], [1765, 802], [1766, 802], [1767, 802], [1770, 802], [1771, 802], [1772, 802], [1773, 802], [1774, 802], [1780, 802], [1781, 802], [1782, 802], [1783, 802], [1784, 802], [1785, 802], [1786, 802], [1787, 802], [1788, 802], [1789, 802], [1790, 802], [1791, 802], [1792, 802], [1793, 802], [1795, 802], [1796, 802], [1797, 802], [1798, 802], [1810, 802], [1811, 802], [1812, 802], [1813, 802], [1814, 802], [1815, 802], [1816, 802], [1334, 803], [1335, 803], [1336, 803], [1337, 803], [1338, 803], [1339, 803], [1340, 803], [1341, 803], [1351, 803], [1352, 803], [1353, 803], [1354, 803], [1355, 803], [1356, 803], [1357, 803], [1358, 803], [1812, 803], [1813, 803], [1814, 803], [1815, 803], [1816, 803], [1336, 804], [1337, 804], [1338, 804], [1339, 804], [1340, 804], [1341, 804], [1342, 804], [1343, 804], [1344, 804], [1345, 804], [1346, 804], [1347, 804], [1348, 804], [1349, 804], [1350, 804], [1351, 804], [1352, 804], [1353, 804], [1354, 804], [1355, 804], [1356, 804], [1340, 805], [1341, 805], [1342, 805], [1343, 805], [1344, 805], [1345, 805], [1346, 805], [1347, 805], [1348, 805], [1349, 805], [1350, 805], [1351, 805], [1352, 805]


