White line left - 




Yellow line left - [1654, 161], [1655, 161], [1656, 161], [1653, 162], [1654, 162], [1655, 162], [1656, 162], [1653, 163], [1654, 163], [1655, 163], [1656, 163], [1653, 164], [1654, 164], [1655, 164], [1656, 164]




Yellow line right - [1512, 239], [1513, 239], [1510, 240], [1511, 240], [1512, 240], [1513, 240], [1514, 240], [1515, 240], [1516, 240], [1512, 241], [1513, 241], [1514, 241], [1515, 241], [1516, 241], [1517, 241], [1518, 241], [1519, 241], [1520, 241], [1515, 242], [1516, 242], [1517, 242], [1518, 242], [1519, 242], [1520, 242], [1521, 242], [1519, 243], [1520, 243], [1521, 243], [1522, 243], [1520, 244], [1521, 244], [1522, 244], [1523, 244], [1524, 244], [1521, 245], [1522, 245], [1523, 245], [1524, 245], [1525, 245], [1526, 245], [1527, 245], [1528, 245], [1523, 246], [1524, 246], [1525, 246], [1526, 246], [1527, 246], [1528, 246], [1529, 246], [1530, 246], [1531, 246], [1527, 247], [1528, 247], [1529, 247], [1530, 247], [1531, 247], [1532, 247], [1533, 247], [1530, 248], [1531, 248], [1532, 248], [1533, 248], [1534, 248], [1535, 248], [1532, 249], [1533, 249], [1534, 249], [1535, 249], [1536, 249], [1537, 249], [1538, 249], [1539, 249], [1540, 249], [1541, 249], [1534, 250], [1535, 250], [1536, 250], [1537, 250], [1538, 250], [1539, 250], [1540, 250], [1541, 250], [1542, 250], [1543, 250], [1544, 250], [1540, 251], [1541, 251], [1542, 251], [1543, 251], [1544, 251], [1545, 251], [1546, 251], [1547, 251], [1548, 251], [1543, 252], [1544, 252], [1545, 252], [1546, 252], [1547, 252], [1548, 252], [1549, 252], [1550, 252], [1551, 252], [1547, 253], [1548, 253], [1549, 253], [1550, 253], [1551, 253], [1552, 253], [1553, 253], [1550, 254], [1551, 254], [1552, 254], [1553, 254], [1554, 254], [1555, 254], [1556, 254], [1557, 254], [1552, 255], [1553, 255], [1554, 255], [1555, 255], [1556, 255], [1557, 255], [1558, 255], [1559, 255], [1556, 256], [1557, 256], [1558, 256], [1559, 256], [1560, 256], [1561, 256], [1558, 257], [1559, 257], [1560, 257], [1561, 257], [1562, 257], [1560, 258], [1561, 258], [1562, 258], [1563, 258], [1564, 258], [1565, 258], [1566, 258], [1561, 259], [1562, 259], [1563, 259], [1564, 259], [1565, 259], [1566, 259], [1567, 259], [1568, 259], [1565, 260], [1566, 260], [1567, 260], [1568, 260], [1569, 260], [1570, 260], [1571, 260], [1567, 261], [1568, 261], [1569, 261], [1570, 261], [1571, 261], [1572, 261], [1573, 261], [1574, 261], [1575, 261], [1576, 261], [1577, 261], [1578, 261], [1570, 262], [1571, 262], [1572, 262], [1573, 262], [1574, 262], [1575, 262], [1576, 262], [1577, 262], [1578, 262], [1579, 262], [1580, 262], [1581, 262], [1582, 262], [1583, 262], [1584, 262], [1585, 262], [1577, 263], [1578, 263], [1579, 263], [1580, 263], [1581, 263], [1582, 263], [1583, 263], [1584, 263], [1585, 263], [1586, 263], [1587, 263], [1588, 263], [1589, 263], [1590, 263], [1581, 264], [1582, 264], [1583, 264], [1584, 264], [1585, 264], [1586, 264], [1587, 264], [1588, 264], [1589, 264], [1590, 264], [1591, 264], [1589, 265], [1590, 265], [1591, 265], [1590, 266], [1591, 266], [1590, 267], [1591, 267], [1592, 267], [1590, 268], [1591, 268], [1592, 268], [1593, 268], [1594, 268], [1595, 268], [1596, 268], [1591, 269], [1592, 269], [1593, 269], [1594, 269], [1595, 269], [1596, 269], [1597, 269], [1598, 269], [1599, 269], [1600, 269], [1595, 270], [1596, 270], [1597, 270], [1598, 270], [1599, 270], [1600, 270], [1601, 270], [1599, 271], [1600, 271], [1601, 271], [1602, 271], [1603, 271], [1600, 272], [1601, 272], [1602, 272], [1603, 272], [1604, 272], [1605, 272], [1602, 273], [1603, 273], [1604, 273], [1605, 273], [1606, 273], [1607, 273], [1604, 274], [1605, 274], [1606, 274], [1607, 274], [1608, 274], [1609, 274], [1610, 274], [1606, 275], [1607, 275], [1608, 275], [1609, 275], [1610, 275], [1611, 275], [1612, 275], [1613, 275], [1614, 275], [1609, 276], [1610, 276], [1611, 276], [1612, 276], [1613, 276], [1614, 276], [1615, 276], [1613, 277], [1614, 277], [1615, 277], [1616, 277], [1617, 277], [1614, 278], [1615, 278], [1616, 278], [1617, 278], [1618, 278], [1619, 278], [1620, 278], [1621, 278], [1616, 279], [1617, 279], [1618, 279], [1619, 279], [1620, 279], [1621, 279], [1622, 279], [1620, 280], [1621, 280], [1622, 280], [1623, 280], [1624, 280], [1621, 281], [1622, 281], [1623, 281], [1624, 281], [1625, 281], [1626, 281], [1623, 282], [1624, 282], [1625, 282], [1626, 282], [1627, 282], [1628, 282], [1629, 282], [1625, 283], [1626, 283], [1627, 283], [1628, 283], [1629, 283], [1630, 283], [1631, 283], [1628, 284], [1629, 284], [1630, 284], [1631, 284], [1632, 284], [1633, 284], [1634, 284], [1630, 285], [1631, 285], [1632, 285], [1633, 285], [1634, 285], [1635, 285], [1636, 285], [1637, 285], [1638, 285], [1633, 286], [1634, 286], [1635, 286], [1636, 286], [1637, 286], [1638, 286], [1639, 286], [1640, 286], [1637, 287], [1638, 287], [1639, 287], [1640, 287], [1641, 287], [1639, 288], [1640, 288], [1641, 288], [1642, 288], [1640, 289], [1641, 289], [1642, 289], [1643, 289], [1644, 289], [1645, 289], [1641, 290], [1642, 290], [1643, 290], [1644, 290], [1645, 290], [1646, 290], [1647, 290], [1648, 290], [1649, 290], [1650, 290], [1644, 291], [1645, 291], [1646, 291], [1647, 291], [1648, 291], [1649, 291], [1650, 291], [1651, 291], [1652, 291], [1653, 291], [1654, 291], [1655, 291], [1649, 292], [1650, 292], [1651, 292], [1652, 292], [1653, 292], [1654, 292], [1655, 292], [1656, 292], [1657, 292], [1654, 293], [1655, 293], [1656, 293], [1657, 293], [1658, 293], [1659, 293], [1660, 293], [1656, 294], [1657, 294], [1658, 294], [1659, 294], [1660, 294], [1661, 294], [1662, 294], [1663, 294], [1664, 294], [1659, 295], [1660, 295], [1661, 295], [1662, 295], [1663, 295], [1664, 295], [1665, 295], [1666, 295], [1663, 296], [1664, 296], [1665, 296], [1666, 296], [1667, 296], [1668, 296], [1665, 297], [1666, 297], [1667, 297], [1668, 297], [1669, 297], [1670, 297], [1671, 297], [1667, 298], [1668, 298], [1669, 298], [1670, 298], [1671, 298], [1672, 298], [1670, 299], [1671, 299], [1672, 299], [1673, 299], [1674, 299], [1675, 299], [1671, 300], [1672, 300], [1673, 300], [1674, 300], [1675, 300], [1676, 300], [1677, 300], [1678, 300], [1679, 300], [1674, 301], [1675, 301], [1676, 301], [1677, 301], [1678, 301], [1679, 301], [1680, 301], [1681, 301], [1682, 301], [1683, 301], [1678, 302], [1679, 302], [1680, 302], [1681, 302], [1682, 302], [1683, 302], [1684, 302], [1685, 302], [1686, 302], [1682, 303], [1683, 303], [1684, 303], [1685, 303], [1686, 303], [1687, 303], [1688, 303], [1685, 304], [1686, 304], [1687, 304], [1688, 304], [1689, 304], [1687, 305], [1688, 305], [1689, 305], [1690, 305], [1691, 305], [1688, 306], [1689, 306], [1690, 306], [1691, 306], [1692, 306], [1693, 306], [1694, 306], [1690, 307], [1691, 307], [1692, 307], [1693, 307], [1694, 307], [1695, 307], [1696, 307], [1693, 308], [1694, 308], [1695, 308], [1696, 308], [1697, 308], [1695, 309], [1696, 309], [1697, 309], [1698, 309], [1699, 309], [1696, 310], [1697, 310], [1698, 310], [1699, 310], [1700, 310], [1701, 310], [1702, 310], [1703, 310], [1704, 310], [1698, 311], [1699, 311], [1700, 311], [1701, 311], [1702, 311], [1703, 311], [1704, 311], [1705, 311], [1706, 311], [1703, 312], [1704, 312], [1705, 312], [1706, 312], [1707, 312], [1708, 312], [1709, 312], [1705, 313], [1706, 313], [1707, 313], [1708, 313], [1709, 313], [1710, 313], [1711, 313], [1712, 313], [1708, 314], [1709, 314], [1710, 314], [1711, 314], [1712, 314], [1713, 314], [1714, 314], [1711, 315], [1712, 315], [1713, 315], [1714, 315], [1715, 315], [1716, 315], [1717, 315], [1718, 315], [1713, 316], [1714, 316], [1715, 316], [1716, 316], [1717, 316], [1718, 316], [1719, 316], [1720, 316], [1717, 317], [1718, 317], [1719, 317], [1720, 317], [1721, 317], [1719, 318], [1720, 318], [1721, 318], [1722, 318], [1723, 318], [1720, 319], [1721, 319], [1722, 319], [1723, 319], [1724, 319], [1725, 319], [1726, 319], [1722, 320], [1723, 320], [1724, 320], [1725, 320], [1726, 320], [1727, 320], [1728, 320], [1729, 320], [1730, 320], [1725, 321], [1726, 321], [1727, 321], [1728, 321], [1729, 321], [1730, 321], [1731, 321], [1732, 321], [1733, 321], [1734, 321], [1735, 321], [1729, 322], [1730, 322], [1731, 322], [1732, 322], [1733, 322], [1734, 322], [1735, 322], [1736, 322], [1737, 322], [1734, 323], [1735, 323], [1736, 323], [1737, 323], [1738, 323], [1739, 323], [1736, 324], [1737, 324], [1738, 324], [1739, 324], [1740, 324], [1741, 324], [1742, 324], [1738, 325], [1739, 325], [1740, 325], [1741, 325], [1742, 325], [1743, 325], [1744, 325], [1745, 325], [1746, 325], [1747, 325], [1741, 326], [1742, 326], [1743, 326], [1744, 326], [1745, 326], [1746, 326], [1747, 326], [1748, 326], [1749, 326], [1750, 326], [1751, 326], [1743, 327], [1744, 327], [1745, 327], [1746, 327], [1747, 327], [1748, 327], [1749, 327], [1750, 327], [1751, 327], [1752, 327], [1750, 328], [1751, 328], [1752, 328], [1753, 328], [1754, 328], [1755, 328], [1751, 329], [1752, 329], [1753, 329], [1754, 329], [1755, 329], [1756, 329], [1757, 329], [1754, 330], [1755, 330], [1756, 330], [1757, 330], [1758, 330], [1759, 330], [1756, 331], [1757, 331], [1758, 331], [1759, 331], [1760, 331], [1758, 332], [1759, 332], [1760, 332], [1761, 332], [1762, 332], [1763, 332], [1812, 332], [1813, 332], [1814, 332], [1815, 332], [1816, 332], [1817, 332], [1818, 332], [1819, 332], [1820, 332], [1821, 332], [1822, 332], [1823, 332], [1824, 332], [1759, 333], [1760, 333], [1761, 333], [1762, 333], [1763, 333], [1764, 333], [1765, 333], [1766, 333], [1767, 333], [1768, 333], [1809, 333], [1810, 333], [1811, 333], [1812, 333], [1813, 333], [1814, 333], [1815, 333], [1816, 333], [1817, 333], [1818, 333], [1819, 333], [1820, 333], [1821, 333], [1822, 333], [1823, 333], [1824, 333], [1762, 334], [1763, 334], [1764, 334], [1765, 334], [1766, 334], [1767, 334], [1768, 334], [1769, 334], [1770, 334], [1771, 334], [1808, 334], [1809, 334], [1810, 334], [1811, 334], [1812, 334], [1813, 334], [1821, 334], [1822, 334], [1823, 334], [1765, 335], [1766, 335], [1767, 335], [1768, 335], [1769, 335], [1770, 335], [1771, 335], [1772, 335], [1773, 335], [1774, 335], [1807, 335], [1808, 335], [1809, 335], [1810, 335], [1824, 335], [1770, 336], [1771, 336], [1772, 336], [1773, 336], [1774, 336], [1775, 336], [1776, 336], [1807, 336], [1808, 336], [1809, 336], [1810, 336], [1824, 336], [1773, 337], [1774, 337], [1775, 337], [1776, 337], [1777, 337], [1778, 337], [1807, 337], [1808, 337], [1809, 337], [1810, 337], [1813, 337], [1814, 337], [1815, 337], [1816, 337], [1817, 337], [1823, 337], [1824, 337], [1775, 338], [1776, 338], [1777, 338], [1778, 338], [1779, 338], [1780, 338], [1781, 338], [1808, 338], [1809, 338], [1810, 338], [1813, 338], [1817, 338], [1823, 338], [1824, 338], [1777, 339], [1778, 339], [1779, 339], [1780, 339], [1781, 339], [1782, 339], [1783, 339], [1807, 339], [1808, 339], [1809, 339], [1813, 339], [1814, 339], [1815, 339], [1817, 339], [1823, 339], [1824, 339], [1780, 340], [1781, 340], [1782, 340], [1783, 340], [1807, 340], [1808, 340], [1809, 340], [1813, 340], [1814, 340], [1815, 340], [1816, 340], [1817, 340], [1818, 340], [1819, 340], [1820, 340], [1821, 340], [1822, 340], [1823, 340], [1782, 341], [1783, 341], [1784, 341], [1785, 341], [1807, 341], [1808, 341], [1809, 341], [1810, 341], [1811, 341], [1812, 341], [1813, 341], [1814, 341], [1815, 341], [1816, 341], [1817, 341], [1818, 341], [1819, 341], [1820, 341], [1821, 341], [1822, 341], [1823, 341], [1824, 341], [1782, 342], [1783, 342], [1784, 342], [1785, 342], [1786, 342], [1787, 342], [1788, 342], [1808, 342], [1809, 342], [1810, 342], [1811, 342], [1812, 342], [1813, 342], [1814, 342], [1818, 342], [1819, 342], [1820, 342], [1823, 342], [1824, 342], [1784, 343], [1785, 343], [1786, 343], [1787, 343], [1788, 343], [1789, 343], [1790, 343], [1791, 343], [1792, 343], [1787, 344], [1788, 344], [1789, 344], [1790, 344], [1791, 344], [1792, 344], [1793, 344], [1794, 344], [1795, 344], [1796, 344], [1797, 344], [1798, 344], [1799, 344], [1800, 344], [1791, 345], [1792, 345], [1793, 345], [1794, 345], [1795, 345], [1796, 345], [1797, 345], [1798, 345], [1799, 345], [1800, 345], [1801, 345], [1802, 345], [1797, 346], [1798, 346], [1799, 346], [1800, 346], [1801, 346], [1802, 346], [1803, 346], [1804, 346], [1801, 347], [1802, 347], [1803, 347], [1804, 347], [1803, 348], [1804, 348], [1805, 348], [1806, 348], [1807, 348], [1808, 348], [1803, 349], [1804, 349], [1805, 349], [1806, 349], [1807, 349], [1808, 349], [1809, 349], [1810, 349], [1807, 350], [1808, 350], [1809, 350], [1810, 350], [1811, 350], [1808, 351], [1809, 351], [1810, 351], [1811, 351], [1812, 351], [1813, 351], [1808, 352], [1809, 352], [1810, 352], [1811, 352], [1812, 352], [1813, 352], [1810, 353], [1811, 353], [1812, 353], [1813, 353], [1814, 353], [1815, 353], [1816, 353], [1817, 353], [1812, 354], [1813, 354], [1814, 354], [1815, 354], [1816, 354], [1817, 354], [1818, 354], [1819, 354], [1816, 355], [1817, 355], [1818, 355], [1819, 355], [1820, 355], [1821, 355], [1822, 355], [1823, 355], [1818, 356], [1819, 356], [1820, 356], [1821, 356], [1822, 356], [1823, 356], [1824, 356], [1822, 357], [1823, 357], [1824, 357]




White line right - [1803, 66], [1802, 67], [1803, 67], [1800, 68], [1801, 68], [1802, 68], [1803, 68], [1798, 69], [1799, 69], [1800, 69], [1801, 69], [1802, 69], [1803, 69], [1798, 70], [1799, 70], [1800, 70], [1801, 70], [1802, 70], [1795, 71], [1796, 71], [1797, 71], [1799, 71], [1800, 71], [1803, 71], [1804, 71], [1805, 71], [1806, 71], [1807, 71], [1808, 71], [1793, 72], [1794, 72], [1795, 72], [1796, 72], [1797, 72], [1798, 72], [1799, 72], [1800, 72], [1801, 72], [1802, 72], [1803, 72], [1804, 72], [1805, 72], [1806, 72], [1807, 72], [1808, 72], [1792, 73], [1793, 73], [1794, 73], [1797, 73], [1798, 73], [1799, 73], [1800, 73], [1801, 73], [1802, 73], [1803, 73], [1804, 73], [1806, 73], [1807, 73], [1808, 73], [1809, 73], [1810, 73], [1811, 73], [1812, 73], [1813, 73], [1814, 73], [1815, 73], [1816, 73], [1817, 73], [1818, 73], [1819, 73], [1820, 73], [1821, 73], [1822, 73], [1823, 73], [1824, 73], [1790, 74], [1806, 74], [1807, 74], [1808, 74], [1809, 74], [1810, 74], [1811, 74], [1812, 74], [1813, 74], [1814, 74], [1815, 74], [1816, 74], [1817, 74], [1818, 74], [1819, 74], [1820, 74], [1821, 74], [1822, 74], [1823, 74], [1824, 74], [1788, 75], [1789, 75], [1790, 75], [1791, 75], [1792, 75], [1793, 75], [1794, 75], [1795, 75], [1796, 75], [1797, 75], [1798, 75], [1799, 75], [1800, 75], [1801, 75], [1802, 75], [1803, 75], [1804, 75], [1805, 75], [1806, 75], [1807, 75], [1808, 75], [1809, 75], [1810, 75], [1811, 75], [1812, 75], [1813, 75], [1814, 75], [1815, 75], [1816, 75], [1817, 75], [1818, 75], [1819, 75], [1820, 75], [1821, 75], [1822, 75], [1823, 75], [1824, 75], [1787, 76], [1788, 76], [1789, 76], [1790, 76], [1791, 76], [1792, 76], [1793, 76], [1794, 76], [1795, 76], [1796, 76], [1797, 76], [1798, 76], [1799, 76], [1800, 76], [1801, 76], [1802, 76], [1803, 76], [1804, 76], [1805, 76], [1806, 76], [1807, 76], [1808, 76], [1809, 76], [1810, 76], [1811, 76], [1812, 76], [1813, 76], [1814, 76], [1815, 76], [1816, 76], [1817, 76], [1818, 76], [1819, 76], [1820, 76], [1821, 76], [1822, 76], [1823, 76], [1824, 76], [1785, 77], [1783, 78], [1784, 78], [1782, 79], [1783, 79], [1778, 82], [1779, 82], [1780, 82], [1778, 83], [1780, 83], [1778, 84], [1779, 84], [1780, 84], [1776, 85], [1777, 85], [1778, 85], [1776, 86], [1778, 86], [1776, 87], [1777, 87], [1778, 87], [1759, 126], [1760, 126], [1761, 126], [1759, 127], [1760, 127], [1761, 127], [1759, 128], [1761, 128], [1758, 129], [1759, 129], [1760, 129], [1761, 129], [1758, 130], [1759, 130], [1760, 130], [1761, 130], [1758, 131], [1760, 131], [1758, 132], [1760, 132], [1757, 133], [1758, 133], [1759, 133], [1760, 133], [1757, 134], [1758, 134], [1759, 134], [1760, 134], [1757, 135], [1759, 135], [1824, 135], [1757, 136], [1759, 136], [1823, 136], [1824, 136], [1757, 137], [1758, 137], [1759, 137], [1823, 137], [1824, 137], [1756, 138], [1757, 138], [1758, 138], [1759, 138], [1822, 138], [1823, 138], [1824, 138], [1756, 139], [1757, 139], [1758, 139], [1821, 139], [1822, 139], [1824, 139], [1756, 140], [1758, 140], [1820, 140], [1821, 140], [1823, 140], [1824, 140], [1756, 141], [1758, 141], [1820, 141], [1821, 141], [1822, 141], [1823, 141], [1756, 142], [1757, 142], [1758, 142], [1759, 142], [1760, 142], [1819, 142], [1820, 142], [1821, 142], [1822, 142], [1756, 143], [1757, 143], [1758, 143], [1759, 143], [1760, 143], [1764, 143], [1765, 143], [1766, 143], [1767, 143], [1768, 143], [1818, 143], [1819, 143], [1821, 143], [1822, 143], [1757, 144], [1758, 144], [1759, 144], [1760, 144], [1764, 144], [1765, 144], [1767, 144], [1768, 144], [1772, 144], [1773, 144], [1774, 144], [1775, 144], [1776, 144], [1777, 144], [1817, 144], [1818, 144], [1819, 144], [1820, 144], [1821, 144], [1764, 145], [1765, 145], [1766, 145], [1767, 145], [1768, 145], [1772, 145], [1773, 145], [1776, 145], [1777, 145], [1780, 145], [1781, 145], [1782, 145], [1783, 145], [1784, 145], [1785, 145], [1786, 145], [1787, 145], [1788, 145], [1789, 145], [1790, 145], [1791, 145], [1792, 145], [1793, 145], [1816, 145], [1817, 145], [1818, 145], [1819, 145], [1820, 145], [1772, 146], [1773, 146], [1774, 146], [1775, 146], [1776, 146], [1777, 146], [1780, 146], [1781, 146], [1790, 146], [1791, 146], [1792, 146], [1793, 146], [1794, 146], [1795, 146], [1796, 146], [1797, 146], [1798, 146], [1799, 146], [1800, 146], [1815, 146], [1816, 146], [1817, 146], [1818, 146], [1819, 146], [1820, 146], [1780, 147], [1781, 147], [1782, 147], [1783, 147], [1784, 147], [1785, 147], [1786, 147], [1787, 147], [1788, 147], [1789, 147], [1790, 147], [1791, 147], [1792, 147], [1793, 147], [1798, 147], [1799, 147], [1800, 147], [1801, 147], [1802, 147], [1803, 147], [1804, 147], [1805, 147], [1806, 147], [1807, 147], [1808, 147], [1809, 147], [1810, 147], [1814, 147], [1815, 147], [1816, 147], [1817, 147], [1818, 147], [1819, 147], [1790, 148], [1791, 148], [1792, 148], [1793, 148], [1794, 148], [1795, 148], [1796, 148], [1797, 148], [1798, 148], [1799, 148], [1800, 148], [1808, 148], [1809, 148], [1810, 148], [1811, 148], [1812, 148], [1813, 148], [1814, 148], [1815, 148], [1816, 148], [1817, 148], [1818, 148], [1798, 149], [1799, 149], [1800, 149], [1801, 149], [1802, 149], [1803, 149], [1804, 149], [1805, 149], [1806, 149], [1807, 149], [1808, 149], [1809, 149], [1810, 149], [1814, 149], [1815, 149], [1816, 149], [1817, 149], [1808, 150], [1809, 150], [1810, 150], [1811, 150], [1812, 150], [1813, 150], [1814, 150], [1815, 150], [1816, 150], [1505, 243], [1506, 243], [1504, 244], [1505, 244], [1506, 244], [1507, 244], [1508, 244], [1503, 245], [1504, 245], [1505, 245], [1507, 245], [1508, 245], [1509, 245], [1510, 245], [1511, 245], [1500, 246], [1501, 246], [1502, 246], [1503, 246], [1504, 246], [1506, 246], [1507, 246], [1509, 246], [1510, 246], [1511, 246], [1512, 246], [1513, 246], [1514, 246], [1498, 247], [1499, 247], [1500, 247], [1501, 247], [1502, 247], [1504, 247], [1505, 247], [1506, 247], [1508, 247], [1509, 247], [1510, 247], [1512, 247], [1513, 247], [1514, 247], [1515, 247], [1516, 247], [1517, 247], [1501, 248], [1502, 248], [1503, 248], [1504, 248], [1505, 248], [1506, 248], [1507, 248], [1508, 248], [1509, 248], [1510, 248], [1511, 248], [1512, 248], [1513, 248], [1514, 248], [1515, 248], [1516, 248], [1517, 248], [1518, 248], [1519, 248], [1520, 248], [1503, 249], [1504, 249], [1505, 249], [1506, 249], [1507, 249], [1508, 249], [1509, 249], [1510, 249], [1511, 249], [1512, 249], [1513, 249], [1514, 249], [1515, 249], [1516, 249], [1517, 249], [1518, 249], [1519, 249], [1520, 249], [1521, 249], [1522, 249], [1507, 250], [1508, 250], [1509, 250], [1510, 250], [1511, 250], [1512, 250], [1513, 250], [1514, 250], [1515, 250], [1516, 250], [1517, 250], [1518, 250], [1519, 250], [1521, 250], [1522, 250], [1523, 250], [1524, 250], [1509, 251], [1510, 251], [1511, 251], [1512, 251], [1513, 251], [1515, 251], [1516, 251], [1517, 251], [1518, 251], [1519, 251], [1520, 251], [1521, 251], [1523, 251], [1524, 251], [1525, 251], [1526, 251], [1527, 251], [1512, 252], [1513, 252], [1514, 252], [1515, 252], [1516, 252], [1517, 252], [1518, 252], [1519, 252], [1520, 252], [1521, 252], [1522, 252], [1523, 252], [1524, 252], [1525, 252], [1526, 252], [1527, 252], [1528, 252], [1529, 252], [1514, 253], [1515, 253], [1516, 253], [1517, 253], [1518, 253], [1520, 253], [1521, 253], [1522, 253], [1524, 253], [1525, 253], [1526, 253], [1528, 253], [1529, 253], [1530, 253], [1531, 253], [1532, 253], [1517, 254], [1518, 254], [1519, 254], [1520, 254], [1521, 254], [1522, 254], [1523, 254], [1524, 254], [1525, 254], [1526, 254], [1527, 254], [1528, 254], [1530, 254], [1531, 254], [1532, 254], [1533, 254], [1534, 254], [1519, 255], [1520, 255], [1521, 255], [1522, 255], [1523, 255], [1525, 255], [1526, 255], [1527, 255], [1528, 255], [1529, 255], [1530, 255], [1532, 255], [1533, 255], [1534, 255], [1535, 255], [1536, 255], [1537, 255], [1522, 256], [1523, 256], [1524, 256], [1525, 256], [1526, 256], [1527, 256], [1528, 256], [1529, 256], [1530, 256], [1531, 256], [1532, 256], [1533, 256], [1534, 256], [1535, 256], [1536, 256], [1537, 256], [1538, 256], [1539, 256], [1524, 257], [1525, 257], [1526, 257], [1527, 257], [1528, 257], [1529, 257], [1530, 257], [1531, 257], [1532, 257], [1534, 257], [1535, 257], [1536, 257], [1537, 257], [1538, 257], [1539, 257], [1540, 257], [1541, 257], [1542, 257], [1527, 258], [1528, 258], [1529, 258], [1530, 258], [1531, 258], [1532, 258], [1533, 258], [1534, 258], [1535, 258], [1537, 258], [1538, 258], [1540, 258], [1541, 258], [1542, 258], [1543, 258], [1544, 258], [1530, 259], [1531, 259], [1532, 259], [1533, 259], [1534, 259], [1535, 259], [1536, 259], [1537, 259], [1538, 259], [1539, 259], [1540, 259], [1541, 259], [1542, 259], [1543, 259], [1544, 259], [1545, 259], [1546, 259], [1547, 259], [1532, 260], [1533, 260], [1534, 260], [1535, 260], [1536, 260], [1537, 260], [1538, 260], [1539, 260], [1540, 260], [1541, 260], [1542, 260], [1543, 260], [1544, 260], [1545, 260], [1546, 260], [1547, 260], [1548, 260], [1549, 260], [1550, 260], [1535, 261], [1536, 261], [1537, 261], [1538, 261], [1539, 261], [1541, 261], [1542, 261], [1545, 261], [1546, 261], [1547, 261], [1548, 261], [1549, 261], [1550, 261], [1551, 261], [1552, 261], [1537, 262], [1538, 262], [1539, 262], [1540, 262], [1541, 262], [1542, 262], [1543, 262], [1544, 262], [1545, 262], [1547, 262], [1548, 262], [1549, 262], [1551, 262], [1552, 262], [1553, 262], [1554, 262], [1555, 262], [1540, 263], [1541, 263], [1542, 263], [1543, 263], [1544, 263], [1545, 263], [1546, 263], [1548, 263], [1550, 263], [1551, 263], [1552, 263], [1553, 263], [1554, 263], [1555, 263], [1556, 263], [1557, 263], [1558, 263], [1543, 264], [1544, 264], [1545, 264], [1546, 264], [1547, 264], [1549, 264], [1550, 264], [1551, 264], [1552, 264], [1553, 264], [1554, 264], [1555, 264], [1556, 264], [1557, 264], [1558, 264], [1559, 264], [1560, 264], [1546, 265], [1547, 265], [1548, 265], [1549, 265], [1550, 265], [1552, 265], [1553, 265], [1555, 265], [1556, 265], [1557, 265], [1559, 265], [1560, 265], [1561, 265], [1562, 265], [1563, 265], [1548, 266], [1549, 266], [1550, 266], [1551, 266], [1552, 266], [1554, 266], [1555, 266], [1556, 266], [1558, 266], [1559, 266], [1560, 266], [1561, 266], [1562, 266], [1563, 266], [1564, 266], [1565, 266], [1551, 267], [1552, 267], [1553, 267], [1554, 267], [1555, 267], [1556, 267], [1557, 267], [1558, 267], [1559, 267], [1560, 267], [1561, 267], [1562, 267], [1563, 267], [1564, 267], [1565, 267], [1566, 267], [1567, 267], [1568, 267], [1553, 268], [1554, 268], [1555, 268], [1556, 268], [1557, 268], [1558, 268], [1559, 268], [1560, 268], [1561, 268], [1562, 268], [1563, 268], [1564, 268], [1565, 268], [1566, 268], [1567, 268], [1568, 268], [1569, 268], [1570, 268], [1571, 268], [1556, 269], [1557, 269], [1558, 269], [1559, 269], [1560, 269], [1562, 269], [1563, 269], [1564, 269], [1565, 269], [1566, 269], [1567, 269], [1569, 269], [1570, 269], [1571, 269], [1572, 269], [1573, 269], [1574, 269], [1559, 270], [1560, 270], [1561, 270], [1562, 270], [1563, 270], [1565, 270], [1566, 270], [1567, 270], [1568, 270], [1569, 270], [1570, 270], [1572, 270], [1573, 270], [1574, 270], [1575, 270], [1576, 270], [1561, 271], [1562, 271], [1563, 271], [1564, 271], [1565, 271], [1566, 271], [1567, 271], [1568, 271], [1569, 271], [1570, 271], [1571, 271], [1572, 271], [1573, 271], [1575, 271], [1576, 271], [1577, 271], [1578, 271], [1579, 271], [1564, 272], [1565, 272], [1566, 272], [1567, 272], [1568, 272], [1570, 272], [1571, 272], [1572, 272], [1573, 272], [1574, 272], [1575, 272], [1576, 272], [1577, 272], [1578, 272], [1579, 272], [1580, 272], [1581, 272], [1582, 272], [1567, 273], [1568, 273], [1569, 273], [1570, 273], [1571, 273], [1572, 273], [1573, 273], [1574, 273], [1576, 273], [1577, 273], [1578, 273], [1580, 273], [1581, 273], [1582, 273], [1583, 273], [1584, 273], [1569, 274], [1570, 274], [1571, 274], [1572, 274], [1573, 274], [1575, 274], [1576, 274], [1577, 274], [1578, 274], [1579, 274], [1580, 274], [1581, 274], [1583, 274], [1584, 274], [1585, 274], [1586, 274], [1572, 275], [1573, 275], [1574, 275], [1575, 275], [1577, 275], [1578, 275], [1579, 275], [1580, 275], [1581, 275], [1582, 275], [1583, 275], [1585, 275], [1586, 275], [1587, 275], [1588, 275], [1589, 275], [1574, 276], [1575, 276], [1576, 276], [1577, 276], [1578, 276], [1579, 276], [1580, 276], [1581, 276], [1583, 276], [1584, 276], [1585, 276], [1587, 276], [1588, 276], [1589, 276], [1590, 276], [1591, 276], [1576, 277], [1577, 277], [1578, 277], [1579, 277], [1580, 277], [1581, 277], [1582, 277], [1583, 277], [1584, 277], [1586, 277], [1587, 277], [1588, 277], [1589, 277], [1590, 277], [1591, 277], [1592, 277], [1593, 277], [1579, 278], [1580, 278], [1581, 278], [1582, 278], [1584, 278], [1585, 278], [1586, 278], [1587, 278], [1588, 278], [1589, 278], [1590, 278], [1591, 278], [1592, 278], [1593, 278], [1594, 278], [1595, 278], [1596, 278], [1581, 279], [1582, 279], [1583, 279], [1584, 279], [1585, 279], [1586, 279], [1587, 279], [1588, 279], [1589, 279], [1591, 279], [1592, 279], [1593, 279], [1594, 279], [1595, 279], [1596, 279], [1597, 279], [1598, 279], [1584, 280], [1585, 280], [1586, 280], [1587, 280], [1588, 280], [1589, 280], [1590, 280], [1591, 280], [1594, 280], [1595, 280], [1597, 280], [1598, 280], [1599, 280], [1600, 280], [1587, 281], [1588, 281], [1589, 281], [1590, 281], [1591, 281], [1592, 281], [1593, 281], [1594, 281], [1595, 281], [1596, 281], [1598, 281], [1599, 281], [1600, 281], [1601, 281], [1602, 281], [1603, 281], [1590, 282], [1591, 282], [1592, 282], [1593, 282], [1594, 282], [1596, 282], [1597, 282], [1599, 282], [1600, 282], [1601, 282], [1602, 282], [1603, 282], [1604, 282], [1605, 282], [1592, 283], [1593, 283], [1594, 283], [1595, 283], [1596, 283], [1597, 283], [1598, 283], [1599, 283], [1600, 283], [1602, 283], [1603, 283], [1604, 283], [1605, 283], [1606, 283], [1607, 283], [1608, 283], [1595, 284], [1596, 284], [1597, 284], [1598, 284], [1599, 284], [1600, 284], [1601, 284], [1602, 284], [1604, 284], [1605, 284], [1606, 284], [1607, 284], [1608, 284], [1609, 284], [1610, 284], [1611, 284], [1598, 285], [1599, 285], [1600, 285], [1601, 285], [1602, 285], [1603, 285], [1604, 285], [1607, 285], [1608, 285], [1609, 285], [1610, 285], [1611, 285], [1612, 285], [1613, 285], [1600, 286], [1601, 286], [1602, 286], [1603, 286], [1604, 286], [1605, 286], [1606, 286], [1610, 286], [1611, 286], [1612, 286], [1613, 286], [1614, 286], [1615, 286], [1616, 286], [1603, 287], [1604, 287], [1605, 287], [1606, 287], [1607, 287], [1608, 287], [1609, 287], [1612, 287], [1613, 287], [1614, 287], [1615, 287], [1616, 287], [1617, 287], [1618, 287], [1619, 287], [1605, 288], [1606, 288], [1607, 288], [1608, 288], [1609, 288], [1610, 288], [1611, 288], [1615, 288], [1616, 288], [1617, 288], [1618, 288], [1619, 288], [1620, 288], [1621, 288], [1608, 289], [1609, 289], [1610, 289], [1611, 289], [1612, 289], [1613, 289], [1614, 289], [1618, 289], [1619, 289], [1620, 289], [1621, 289], [1622, 289], [1623, 289], [1624, 289], [1610, 290], [1611, 290], [1612, 290], [1613, 290], [1614, 290], [1615, 290], [1616, 290], [1617, 290], [1620, 290], [1621, 290], [1622, 290], [1623, 290], [1624, 290], [1625, 290], [1626, 290], [1613, 291], [1614, 291], [1615, 291], [1616, 291], [1617, 291], [1618, 291], [1619, 291], [1620, 291], [1623, 291], [1624, 291], [1625, 291], [1626, 291], [1627, 291], [1628, 291], [1629, 291], [1630, 291], [1616, 292], [1617, 292], [1618, 292], [1619, 292], [1620, 292], [1621, 292], [1622, 292], [1625, 292], [1626, 292], [1627, 292], [1628, 292], [1629, 292], [1630, 292], [1631, 292], [1632, 292], [1619, 293], [1620, 293], [1621, 293], [1622, 293], [1623, 293], [1624, 293], [1625, 293], [1629, 293], [1630, 293], [1631, 293], [1632, 293], [1633, 293], [1634, 293], [1635, 293], [1621, 294], [1622, 294], [1623, 294], [1624, 294], [1625, 294], [1626, 294], [1627, 294], [1631, 294], [1632, 294], [1633, 294], [1634, 294], [1635, 294], [1636, 294], [1637, 294], [1624, 295], [1625, 295], [1626, 295], [1627, 295], [1628, 295], [1629, 295], [1630, 295], [1633, 295], [1634, 295], [1635, 295], [1636, 295], [1637, 295], [1638, 295], [1639, 295], [1640, 295], [1626, 296], [1627, 296], [1628, 296], [1629, 296], [1630, 296], [1631, 296], [1632, 296], [1633, 296], [1635, 296], [1636, 296], [1637, 296], [1638, 296], [1639, 296], [1640, 296], [1641, 296], [1642, 296], [1629, 297], [1630, 297], [1631, 297], [1632, 297], [1633, 297], [1634, 297], [1635, 297], [1639, 297], [1640, 297], [1641, 297], [1642, 297], [1643, 297], [1644, 297], [1645, 297], [1632, 298], [1633, 298], [1634, 298], [1635, 298], [1636, 298], [1637, 298], [1641, 298], [1642, 298], [1643, 298], [1644, 298], [1645, 298], [1646, 298], [1647, 298], [1634, 299], [1635, 299], [1636, 299], [1637, 299], [1638, 299], [1639, 299], [1640, 299], [1644, 299], [1645, 299], [1646, 299], [1647, 299], [1648, 299], [1649, 299], [1650, 299], [1636, 300], [1637, 300], [1638, 300], [1639, 300], [1640, 300], [1641, 300], [1642, 300], [1643, 300], [1646, 300], [1647, 300], [1648, 300], [1649, 300], [1650, 300], [1651, 300], [1652, 300], [1639, 301], [1640, 301], [1641, 301], [1642, 301], [1643, 301], [1644, 301], [1645, 301], [1646, 301], [1649, 301], [1650, 301], [1651, 301], [1652, 301], [1653, 301], [1654, 301], [1642, 302], [1643, 302], [1644, 302], [1645, 302], [1646, 302], [1647, 302], [1648, 302], [1649, 302], [1651, 302], [1652, 302], [1653, 302], [1654, 302], [1655, 302], [1656, 302], [1657, 302], [1645, 303], [1646, 303], [1647, 303], [1648, 303], [1649, 303], [1650, 303], [1651, 303], [1653, 303], [1654, 303], [1655, 303], [1656, 303], [1657, 303], [1658, 303], [1659, 303], [1660, 303], [1648, 304], [1649, 304], [1650, 304], [1651, 304], [1652, 304], [1653, 304], [1654, 304], [1656, 304], [1657, 304], [1658, 304], [1659, 304], [1660, 304], [1661, 304], [1662, 304], [1650, 305], [1651, 305], [1652, 305], [1653, 305], [1654, 305], [1655, 305], [1656, 305], [1657, 305], [1658, 305], [1659, 305], [1660, 305], [1661, 305], [1662, 305], [1663, 305], [1664, 305], [1665, 305], [1653, 306], [1654, 306], [1655, 306], [1656, 306], [1657, 306], [1658, 306], [1659, 306], [1660, 306], [1661, 306], [1662, 306], [1663, 306], [1664, 306], [1665, 306], [1666, 306], [1667, 306], [1668, 306], [1657, 307], [1658, 307], [1659, 307], [1660, 307], [1661, 307], [1662, 307], [1664, 307], [1665, 307], [1666, 307], [1667, 307], [1668, 307], [1669, 307], [1670, 307], [1671, 307], [1659, 308], [1660, 308], [1661, 308], [1662, 308], [1663, 308], [1664, 308], [1665, 308], [1667, 308], [1668, 308], [1669, 308], [1670, 308], [1671, 308], [1672, 308], [1673, 308], [1674, 308], [1661, 309], [1662, 309], [1663, 309], [1664, 309], [1665, 309], [1666, 309], [1667, 309], [1670, 309], [1671, 309], [1672, 309], [1673, 309], [1674, 309], [1675, 309], [1676, 309], [1664, 310], [1665, 310], [1666, 310], [1667, 310], [1668, 310], [1669, 310], [1670, 310], [1673, 310], [1674, 310], [1675, 310], [1676, 310], [1677, 310], [1678, 310], [1666, 311], [1667, 311], [1668, 311], [1669, 311], [1670, 311], [1671, 311], [1672, 311], [1675, 311], [1676, 311], [1677, 311], [1678, 311], [1679, 311], [1680, 311], [1669, 312], [1670, 312], [1671, 312], [1672, 312], [1673, 312], [1674, 312], [1675, 312], [1677, 312], [1678, 312], [1679, 312], [1680, 312], [1681, 312], [1682, 312], [1671, 313], [1672, 313], [1673, 313], [1674, 313], [1675, 313], [1676, 313], [1677, 313], [1678, 313], [1679, 313], [1680, 313], [1681, 313], [1682, 313], [1683, 313], [1684, 313], [1685, 313], [1674, 314], [1675, 314], [1676, 314], [1677, 314], [1678, 314], [1679, 314], [1680, 314], [1681, 314], [1682, 314], [1683, 314], [1684, 314], [1685, 314], [1686, 314], [1687, 314], [1677, 315], [1678, 315], [1679, 315], [1680, 315], [1681, 315], [1682, 315], [1683, 315], [1684, 315], [1685, 315], [1686, 315], [1687, 315], [1688, 315], [1689, 315], [1690, 315], [1691, 315], [1679, 316], [1680, 316], [1681, 316], [1682, 316], [1683, 316], [1684, 316], [1685, 316], [1686, 316], [1687, 316], [1688, 316], [1689, 316], [1690, 316], [1691, 316], [1692, 316], [1693, 316], [1682, 317], [1683, 317], [1684, 317], [1685, 317], [1686, 317], [1687, 317], [1688, 317], [1689, 317], [1690, 317], [1691, 317], [1692, 317], [1693, 317], [1694, 317], [1695, 317], [1696, 317], [1686, 318], [1687, 318], [1688, 318], [1689, 318], [1690, 318], [1691, 318], [1693, 318], [1694, 318], [1695, 318], [1696, 318], [1697, 318], [1698, 318], [1688, 319], [1689, 319], [1690, 319], [1691, 319], [1692, 319], [1693, 319], [1694, 319], [1695, 319], [1696, 319], [1697, 319], [1698, 319], [1699, 319], [1700, 319], [1701, 319], [1691, 320], [1692, 320], [1693, 320], [1694, 320], [1695, 320], [1696, 320], [1697, 320], [1698, 320], [1699, 320], [1700, 320], [1701, 320], [1702, 320], [1703, 320], [1704, 320], [1693, 321], [1694, 321], [1695, 321], [1696, 321], [1697, 321], [1698, 321], [1699, 321], [1701, 321], [1702, 321], [1703, 321], [1704, 321], [1705, 321], [1706, 321], [1707, 321], [1697, 322], [1698, 322], [1699, 322], [1700, 322], [1701, 322], [1702, 322], [1704, 322], [1705, 322], [1706, 322], [1707, 322], [1708, 322], [1709, 322], [1699, 323], [1700, 323], [1701, 323], [1702, 323], [1703, 323], [1704, 323], [1705, 323], [1706, 323], [1707, 323], [1708, 323], [1709, 323], [1710, 323], [1711, 323], [1702, 324], [1703, 324], [1704, 324], [1705, 324], [1706, 324], [1707, 324], [1709, 324], [1710, 324], [1711, 324], [1712, 324], [1713, 324], [1714, 324], [1704, 325], [1705, 325], [1706, 325], [1707, 325], [1708, 325], [1709, 325], [1710, 325], [1712, 325], [1713, 325], [1714, 325], [1715, 325], [1716, 325], [1717, 325], [1707, 326], [1708, 326], [1709, 326], [1710, 326], [1711, 326], [1712, 326], [1714, 326], [1715, 326], [1716, 326], [1717, 326], [1718, 326], [1711, 327], [1712, 327], [1713, 327], [1714, 327], [1715, 327], [1716, 327], [1717, 327], [1718, 327], [1712, 328], [1713, 328], [1714, 328], [1715, 328], [1716, 328], [1717, 328], [1718, 328], [1720, 328], [1721, 328], [1722, 328], [1723, 328], [1720, 329], [1721, 329], [1722, 329], [1723, 329], [1724, 329], [1720, 330], [1721, 330], [1722, 330], [1723, 330], [1724, 330], [1722, 331], [1723, 331], [1724, 331], [1730, 332], [1731, 332], [1732, 332], [1733, 332], [1730, 333], [1731, 333], [1732, 333], [1733, 333], [1734, 333], [1735, 333], [1736, 333], [1737, 333], [1730, 334], [1731, 334], [1732, 334], [1733, 334], [1735, 334], [1736, 334], [1737, 334], [1738, 334], [1732, 335], [1733, 335], [1734, 335], [1735, 335], [1736, 335], [1737, 335], [1738, 335], [1739, 335], [1740, 335], [1741, 335], [1735, 336], [1736, 336], [1737, 336], [1738, 336], [1739, 336], [1740, 336], [1741, 336], [1742, 336], [1743, 336], [1744, 336], [1739, 337], [1740, 337], [1741, 337], [1743, 337], [1744, 337], [1740, 338], [1741, 338], [1742, 338], [1743, 338], [1744, 338], [1745, 338], [1746, 338], [1747, 338], [1748, 338], [1749, 338], [1745, 339], [1746, 339], [1747, 339], [1748, 339], [1749, 339], [1750, 339], [1751, 339], [1752, 339], [1745, 340], [1746, 340], [1747, 340], [1748, 340], [1749, 340], [1751, 340], [1752, 340], [1753, 340], [1747, 341], [1748, 341], [1749, 341], [1750, 341], [1751, 341], [1752, 341], [1753, 341], [1751, 342], [1752, 342], [1753, 342], [1770, 347], [1771, 347], [1772, 347], [1770, 348], [1771, 348], [1772, 348], [1773, 348], [1774, 348], [1770, 349], [1771, 349], [1772, 349], [1773, 349], [1774, 349], [1771, 350], [1772, 350], [1773, 350], [1774, 350], [1780, 351], [1781, 351], [1782, 351], [1783, 351], [1780, 352], [1781, 352], [1782, 352], [1783, 352], [1784, 352], [1785, 352], [1786, 352], [1780, 353], [1781, 353], [1782, 353], [1783, 353], [1785, 353], [1786, 353], [1787, 353], [1788, 353], [1789, 353], [1781, 354], [1782, 354], [1783, 354], [1784, 354], [1785, 354], [1786, 354], [1788, 354], [1789, 354], [1790, 354], [1785, 355], [1786, 355], [1787, 355], [1788, 355], [1789, 355], [1790, 355], [1788, 356], [1789, 356], [1790, 356], [1809, 362], [1810, 362], [1811, 362], [1812, 362], [1809, 363], [1810, 363], [1811, 363], [1812, 363], [1813, 363], [1814, 363], [1815, 363], [1809, 364], [1810, 364], [1811, 364], [1812, 364], [1813, 364], [1814, 364], [1815, 364], [1816, 364], [1817, 364], [1812, 365], [1813, 365], [1814, 365], [1816, 365], [1817, 365], [1818, 365], [1819, 365], [1820, 365], [1813, 366], [1814, 366], [1815, 366], [1816, 366], [1817, 366], [1818, 366], [1819, 366], [1820, 366], [1821, 366], [1822, 366], [1815, 367], [1816, 367], [1817, 367], [1818, 367], [1819, 367], [1821, 367], [1822, 367], [1823, 367], [1824, 367], [1818, 368], [1819, 368], [1820, 368], [1821, 368], [1823, 368], [1824, 368], [1820, 369], [1821, 369], [1822, 369], [1823, 369], [1824, 369], [1822, 370], [1823, 370], [1824, 370], [1320, 402], [1321, 402], [1322, 402], [1323, 402], [1324, 402], [1325, 402], [1326, 402], [1327, 402], [1328, 402], [1329, 402], [1330, 402], [1331, 402], [1332, 402], [1333, 402], [1334, 402], [1319, 403], [1320, 403], [1321, 403], [1322, 403], [1327, 403], [1328, 403], [1329, 403], [1330, 403], [1331, 403], [1332, 403], [1333, 403], [1334, 403], [1335, 403], [1319, 404], [1320, 404], [1321, 404], [1322, 404], [1323, 404], [1324, 404], [1325, 404], [1326, 404], [1327, 404], [1328, 404], [1329, 404], [1330, 404], [1331, 404], [1332, 404], [1333, 404], [1334, 404], [1335, 404], [1336, 404], [1319, 405], [1320, 405], [1321, 405], [1322, 405], [1327, 405], [1328, 405], [1329, 405], [1330, 405], [1331, 405], [1332, 405], [1333, 405], [1334, 405], [1335, 405], [1336, 405], [1337, 405], [1319, 406], [1320, 406], [1321, 406], [1322, 406], [1323, 406], [1334, 406], [1335, 406], [1336, 406], [1337, 406], [1320, 407], [1321, 407], [1322, 407], [1323, 407], [1324, 407], [1334, 407], [1335, 407], [1336, 407], [1337, 407], [1320, 408], [1321, 408], [1322, 408], [1324, 408], [1325, 408], [1326, 408], [1327, 408], [1328, 408], [1329, 408], [1330, 408], [1331, 408], [1332, 408], [1333, 408], [1334, 408], [1335, 408], [1336, 408], [1337, 408], [1322, 409], [1323, 409], [1324, 409], [1335, 409], [1336, 409], [1337, 409], [1323, 410], [1324, 410], [1325, 410], [1326, 410], [1327, 410], [1328, 410], [1329, 410], [1330, 410], [1331, 410], [1332, 410], [1333, 410], [1334, 410], [1335, 410], [1336, 410], [1404, 507], [1405, 507], [1406, 507], [1403, 508], [1404, 508], [1405, 508], [1406, 508], [1407, 508], [1408, 508], [1409, 508], [1410, 508], [1411, 508], [1412, 508], [1413, 508], [1414, 508], [1415, 508], [1416, 508], [1417, 508], [1418, 508], [1419, 508], [1420, 508], [1421, 508], [1422, 508], [1423, 508], [1424, 508], [1425, 508], [1426, 508], [1427, 508], [1403, 509], [1404, 509], [1405, 509], [1406, 509], [1407, 509], [1408, 509], [1409, 509], [1410, 509], [1411, 509], [1412, 509], [1413, 509], [1414, 509], [1415, 509], [1416, 509], [1417, 509], [1418, 509], [1419, 509], [1420, 509], [1421, 509], [1422, 509], [1423, 509], [1424, 509], [1425, 509], [1426, 509], [1427, 509], [1428, 509], [1429, 509], [1403, 510], [1404, 510], [1405, 510], [1407, 510], [1408, 510], [1409, 510], [1426, 510], [1427, 510], [1428, 510], [1429, 510], [1430, 510], [1403, 511], [1404, 511], [1405, 511], [1406, 511], [1407, 511], [1408, 511], [1409, 511], [1410, 511], [1411, 511], [1412, 511], [1422, 511], [1423, 511], [1424, 511], [1425, 511], [1426, 511], [1427, 511], [1429, 511], [1430, 511], [1431, 511], [1404, 512], [1405, 512], [1406, 512], [1407, 512], [1408, 512], [1409, 512], [1410, 512], [1411, 512], [1412, 512], [1413, 512], [1414, 512], [1420, 512], [1421, 512], [1422, 512], [1423, 512], [1424, 512], [1425, 512], [1426, 512], [1427, 512], [1428, 512], [1429, 512], [1430, 512], [1431, 512], [1432, 512], [1404, 513], [1405, 513], [1407, 513], [1408, 513], [1409, 513], [1410, 513], [1412, 513], [1413, 513], [1414, 513], [1415, 513], [1416, 513], [1420, 513], [1421, 513], [1422, 513], [1423, 513], [1424, 513], [1425, 513], [1427, 513], [1428, 513], [1429, 513], [1430, 513], [1431, 513], [1432, 513], [1433, 513], [1405, 514], [1406, 514], [1407, 514], [1408, 514], [1409, 514], [1410, 514], [1411, 514], [1413, 514], [1414, 514], [1415, 514], [1416, 514], [1417, 514], [1418, 514], [1419, 514], [1420, 514], [1421, 514], [1429, 514], [1430, 514], [1431, 514], [1432, 514], [1433, 514], [1434, 514], [1406, 515], [1407, 515], [1408, 515], [1409, 515], [1410, 515], [1411, 515], [1415, 515], [1416, 515], [1417, 515], [1418, 515], [1419, 515], [1420, 515], [1421, 515], [1430, 515], [1431, 515], [1433, 515], [1434, 515], [1407, 516], [1408, 516], [1409, 516], [1410, 516], [1411, 516], [1418, 516], [1419, 516], [1420, 516], [1430, 516], [1431, 516], [1432, 516], [1433, 516], [1434, 516], [1435, 516], [1408, 517], [1409, 517], [1410, 517], [1411, 517], [1412, 517], [1431, 517], [1432, 517], [1433, 517], [1434, 517], [1435, 517], [1436, 517], [1408, 518], [1409, 518], [1410, 518], [1411, 518], [1412, 518], [1432, 518], [1433, 518], [1434, 518], [1435, 518], [1436, 518], [1437, 518], [1409, 519], [1410, 519], [1411, 519], [1412, 519], [1413, 519], [1433, 519], [1434, 519], [1435, 519], [1436, 519], [1437, 519], [1410, 520], [1411, 520], [1412, 520], [1413, 520], [1434, 520], [1435, 520], [1436, 520], [1437, 520], [1438, 520], [1411, 521], [1412, 521], [1413, 521], [1414, 521], [1434, 521], [1435, 521], [1436, 521], [1437, 521], [1438, 521], [1439, 521], [1411, 522], [1412, 522], [1413, 522], [1414, 522], [1415, 522], [1435, 522], [1436, 522], [1437, 522], [1438, 522], [1439, 522], [1440, 522], [1412, 523], [1413, 523], [1414, 523], [1415, 523], [1436, 523], [1437, 523], [1438, 523], [1439, 523], [1440, 523], [1441, 523], [1412, 524], [1413, 524], [1414, 524], [1415, 524], [1416, 524], [1437, 524], [1438, 524], [1439, 524], [1440, 524], [1441, 524], [1442, 524], [1413, 525], [1414, 525], [1416, 525], [1417, 525], [1438, 525], [1439, 525], [1441, 525], [1442, 525], [1443, 525], [1414, 526], [1415, 526], [1416, 526], [1417, 526], [1418, 526], [1438, 526], [1439, 526], [1440, 526], [1441, 526], [1442, 526], [1443, 526], [1415, 527], [1416, 527], [1417, 527], [1418, 527], [1419, 527], [1439, 527], [1440, 527], [1442, 527], [1443, 527], [1444, 527], [1415, 528], [1416, 528], [1417, 528], [1418, 528], [1419, 528], [1439, 528], [1440, 528], [1442, 528], [1443, 528], [1444, 528], [1445, 528], [1416, 529], [1417, 529], [1418, 529], [1419, 529], [1420, 529], [1439, 529], [1440, 529], [1441, 529], [1442, 529], [1443, 529], [1444, 529], [1445, 529], [1446, 529], [1417, 530], [1418, 530], [1419, 530], [1420, 530], [1421, 530], [1439, 530], [1440, 530], [1441, 530], [1442, 530], [1443, 530], [1444, 530], [1445, 530], [1446, 530], [1447, 530], [1418, 531], [1419, 531], [1420, 531], [1421, 531], [1441, 531], [1442, 531], [1443, 531], [1444, 531], [1446, 531], [1447, 531], [1418, 532], [1419, 532], [1420, 532], [1421, 532], [1422, 532], [1442, 532], [1443, 532], [1444, 532], [1445, 532], [1446, 532], [1447, 532], [1448, 532], [1419, 533], [1420, 533], [1422, 533], [1423, 533], [1444, 533], [1445, 533], [1446, 533], [1447, 533], [1448, 533], [1449, 533], [1420, 534], [1421, 534], [1423, 534], [1424, 534], [1445, 534], [1446, 534], [1447, 534], [1448, 534], [1449, 534], [1450, 534], [1421, 535], [1422, 535], [1423, 535], [1424, 535], [1425, 535], [1446, 535], [1447, 535], [1448, 535], [1449, 535], [1450, 535], [1451, 535], [1422, 536], [1423, 536], [1424, 536], [1425, 536], [1426, 536], [1447, 536], [1448, 536], [1449, 536], [1450, 536], [1451, 536], [1422, 537], [1423, 537], [1424, 537], [1425, 537], [1426, 537], [1427, 537], [1448, 537], [1449, 537], [1451, 537], [1452, 537], [1423, 538], [1424, 538], [1425, 538], [1426, 538], [1427, 538], [1449, 538], [1450, 538], [1451, 538], [1452, 538], [1453, 538], [1424, 539], [1425, 539], [1426, 539], [1427, 539], [1428, 539], [1449, 539], [1450, 539], [1451, 539], [1452, 539], [1453, 539], [1454, 539], [1425, 540], [1426, 540], [1427, 540], [1428, 540], [1450, 540], [1451, 540], [1452, 540], [1453, 540], [1454, 540], [1455, 540], [1426, 541], [1427, 541], [1428, 541], [1429, 541], [1451, 541], [1452, 541], [1453, 541], [1454, 541], [1455, 541], [1456, 541], [1426, 542], [1427, 542], [1429, 542], [1430, 542], [1452, 542], [1453, 542], [1455, 542], [1456, 542], [1427, 543], [1428, 543], [1429, 543], [1430, 543], [1431, 543], [1440, 543], [1441, 543], [1442, 543], [1443, 543], [1444, 543], [1452, 543], [1453, 543], [1454, 543], [1455, 543], [1456, 543], [1457, 543], [1428, 544], [1429, 544], [1430, 544], [1431, 544], [1440, 544], [1441, 544], [1442, 544], [1443, 544], [1444, 544], [1445, 544], [1453, 544], [1454, 544], [1455, 544], [1456, 544], [1457, 544], [1458, 544], [1428, 545], [1429, 545], [1430, 545], [1431, 545], [1432, 545], [1440, 545], [1441, 545], [1443, 545], [1444, 545], [1445, 545], [1446, 545], [1447, 545], [1454, 545], [1455, 545], [1456, 545], [1457, 545], [1458, 545], [1459, 545], [1429, 546], [1430, 546], [1432, 546], [1433, 546], [1440, 546], [1441, 546], [1442, 546], [1443, 546], [1444, 546], [1446, 546], [1447, 546], [1455, 546], [1456, 546], [1458, 546], [1459, 546], [1460, 546], [1430, 547], [1431, 547], [1432, 547], [1433, 547], [1440, 547], [1441, 547], [1442, 547], [1443, 547], [1444, 547], [1445, 547], [1446, 547], [1447, 547], [1455, 547], [1456, 547], [1457, 547], [1459, 547], [1460, 547], [1461, 547], [1431, 548], [1432, 548], [1433, 548], [1434, 548], [1442, 548], [1443, 548], [1444, 548], [1445, 548], [1446, 548], [1447, 548], [1456, 548], [1457, 548], [1458, 548], [1460, 548], [1461, 548], [1462, 548], [1431, 549], [1432, 549], [1434, 549], [1435, 549], [1457, 549], [1458, 549], [1459, 549], [1461, 549], [1462, 549], [1432, 550], [1433, 550], [1435, 550], [1436, 550], [1458, 550], [1459, 550], [1460, 550], [1461, 550], [1462, 550], [1463, 550], [1433, 551], [1434, 551], [1435, 551], [1436, 551], [1459, 551], [1460, 551], [1461, 551], [1462, 551], [1463, 551], [1464, 551], [1434, 552], [1435, 552], [1436, 552], [1437, 552], [1460, 552], [1461, 552], [1462, 552], [1463, 552], [1464, 552], [1465, 552], [1434, 553], [1435, 553], [1437, 553], [1438, 553], [1461, 553], [1462, 553], [1463, 553], [1464, 553], [1465, 553], [1466, 553], [1435, 554], [1436, 554], [1438, 554], [1439, 554], [1462, 554], [1463, 554], [1464, 554], [1465, 554], [1466, 554], [1467, 554], [1436, 555], [1437, 555], [1439, 555], [1440, 555], [1463, 555], [1464, 555], [1465, 555], [1466, 555], [1467, 555], [1437, 556], [1438, 556], [1439, 556], [1440, 556], [1441, 556], [1464, 556], [1465, 556], [1466, 556], [1467, 556], [1468, 556], [1438, 557], [1439, 557], [1440, 557], [1441, 557], [1464, 557], [1465, 557], [1466, 557], [1467, 557], [1468, 557], [1469, 557], [1438, 558], [1439, 558], [1440, 558], [1441, 558], [1442, 558], [1465, 558], [1466, 558], [1467, 558], [1468, 558], [1469, 558], [1470, 558], [1439, 559], [1440, 559], [1442, 559], [1443, 559], [1466, 559], [1467, 559], [1468, 559], [1469, 559], [1470, 559], [1471, 559], [1440, 560], [1441, 560], [1442, 560], [1443, 560], [1444, 560], [1467, 560], [1468, 560], [1469, 560], [1470, 560], [1471, 560], [1472, 560], [1441, 561], [1442, 561], [1443, 561], [1444, 561], [1468, 561], [1469, 561], [1471, 561], [1472, 561], [1473, 561], [1441, 562], [1442, 562], [1443, 562], [1444, 562], [1445, 562], [1468, 562], [1469, 562], [1470, 562], [1472, 562], [1473, 562], [1474, 562], [1442, 563], [1443, 563], [1444, 563], [1445, 563], [1446, 563], [1469, 563], [1470, 563], [1471, 563], [1473, 563], [1474, 563], [1443, 564], [1444, 564], [1445, 564], [1446, 564], [1447, 564], [1470, 564], [1471, 564], [1472, 564], [1473, 564], [1474, 564], [1475, 564], [1443, 565], [1444, 565], [1445, 565], [1446, 565], [1447, 565], [1448, 565], [1449, 565], [1471, 565], [1472, 565], [1473, 565], [1474, 565], [1475, 565], [1476, 565], [1444, 566], [1445, 566], [1446, 566], [1447, 566], [1448, 566], [1449, 566], [1472, 566], [1473, 566], [1474, 566], [1475, 566], [1476, 566], [1477, 566], [1445, 567], [1446, 567], [1447, 567], [1448, 567], [1449, 567], [1450, 567], [1473, 567], [1474, 567], [1476, 567], [1477, 567], [1478, 567], [1446, 568], [1447, 568], [1448, 568], [1449, 568], [1450, 568], [1451, 568], [1473, 568], [1474, 568], [1475, 568], [1477, 568], [1478, 568], [1447, 569], [1448, 569], [1449, 569], [1450, 569], [1451, 569], [1474, 569], [1475, 569], [1476, 569], [1477, 569], [1478, 569], [1479, 569], [1448, 570], [1449, 570], [1451, 570], [1452, 570], [1475, 570], [1476, 570], [1477, 570], [1478, 570], [1479, 570], [1480, 570], [1449, 571], [1450, 571], [1451, 571], [1452, 571], [1453, 571], [1476, 571], [1477, 571], [1478, 571], [1479, 571], [1480, 571], [1481, 571], [1449, 572], [1450, 572], [1451, 572], [1452, 572], [1453, 572], [1454, 572], [1477, 572], [1478, 572], [1479, 572], [1480, 572], [1481, 572], [1482, 572], [1450, 573], [1451, 573], [1452, 573], [1453, 573], [1454, 573], [1455, 573], [1478, 573], [1479, 573], [1480, 573], [1481, 573], [1482, 573], [1483, 573], [1451, 574], [1452, 574], [1454, 574], [1455, 574], [1479, 574], [1480, 574], [1482, 574], [1483, 574], [1451, 575], [1452, 575], [1453, 575], [1454, 575], [1455, 575], [1456, 575], [1457, 575], [1479, 575], [1480, 575], [1481, 575], [1482, 575], [1483, 575], [1484, 575], [1452, 576], [1453, 576], [1454, 576], [1455, 576], [1456, 576], [1457, 576], [1458, 576], [1480, 576], [1481, 576], [1482, 576], [1483, 576], [1484, 576], [1485, 576], [1453, 577], [1454, 577], [1455, 577], [1457, 577], [1458, 577], [1459, 577], [1481, 577], [1482, 577], [1483, 577], [1484, 577], [1485, 577], [1486, 577], [1454, 578], [1455, 578], [1456, 578], [1458, 578], [1459, 578], [1460, 578], [1461, 578], [1462, 578], [1463, 578], [1464, 578], [1465, 578], [1466, 578], [1467, 578], [1468, 578], [1482, 578], [1483, 578], [1485, 578], [1486, 578], [1455, 579], [1456, 579], [1457, 579], [1459, 579], [1460, 579], [1461, 579], [1462, 579], [1463, 579], [1464, 579], [1465, 579], [1466, 579], [1467, 579], [1468, 579], [1469, 579], [1470, 579], [1482, 579], [1483, 579], [1484, 579], [1485, 579], [1486, 579], [1487, 579], [1456, 580], [1457, 580], [1458, 580], [1459, 580], [1462, 580], [1463, 580], [1464, 580], [1465, 580], [1466, 580], [1467, 580], [1468, 580], [1469, 580], [1470, 580], [1471, 580], [1483, 580], [1484, 580], [1486, 580], [1487, 580], [1488, 580], [1457, 581], [1458, 581], [1459, 581], [1460, 581], [1462, 581], [1463, 581], [1464, 581], [1465, 581], [1466, 581], [1469, 581], [1470, 581], [1471, 581], [1483, 581], [1484, 581], [1485, 581], [1487, 581], [1488, 581], [1489, 581], [1458, 582], [1459, 582], [1460, 582], [1461, 582], [1470, 582], [1471, 582], [1472, 582], [1484, 582], [1485, 582], [1486, 582], [1488, 582], [1489, 582], [1490, 582], [1459, 583], [1460, 583], [1461, 583], [1462, 583], [1470, 583], [1471, 583], [1472, 583], [1485, 583], [1486, 583], [1487, 583], [1488, 583], [1489, 583], [1490, 583], [1491, 583], [1460, 584], [1461, 584], [1462, 584], [1471, 584], [1472, 584], [1486, 584], [1487, 584], [1489, 584], [1490, 584], [1491, 584], [1461, 585], [1462, 585], [1463, 585], [1471, 585], [1472, 585], [1473, 585], [1486, 585], [1487, 585], [1490, 585], [1491, 585], [1492, 585], [1461, 586], [1462, 586], [1463, 586], [1464, 586], [1471, 586], [1472, 586], [1473, 586], [1474, 586], [1475, 586], [1481, 586], [1482, 586], [1483, 586], [1486, 586], [1487, 586], [1490, 586], [1491, 586], [1492, 586], [1493, 586], [1462, 587], [1463, 587], [1464, 587], [1472, 587], [1473, 587], [1474, 587], [1475, 587], [1476, 587], [1477, 587], [1478, 587], [1479, 587], [1480, 587], [1481, 587], [1482, 587], [1483, 587], [1484, 587], [1486, 587], [1487, 587], [1491, 587], [1492, 587], [1493, 587], [1494, 587], [1463, 588], [1464, 588], [1465, 588], [1474, 588], [1475, 588], [1476, 588], [1477, 588], [1478, 588], [1479, 588], [1480, 588], [1481, 588], [1482, 588], [1483, 588], [1484, 588], [1485, 588], [1486, 588], [1487, 588], [1488, 588], [1489, 588], [1490, 588], [1492, 588], [1493, 588], [1494, 588], [1495, 588], [1463, 589], [1464, 589], [1465, 589], [1466, 589], [1475, 589], [1476, 589], [1477, 589], [1478, 589], [1483, 589], [1484, 589], [1485, 589], [1486, 589], [1487, 589], [1488, 589], [1489, 589], [1490, 589], [1493, 589], [1494, 589], [1495, 589], [1496, 589], [1464, 590], [1465, 590], [1466, 590], [1467, 590], [1485, 590], [1486, 590], [1487, 590], [1488, 590], [1489, 590], [1490, 590], [1494, 590], [1495, 590], [1496, 590], [1465, 591], [1466, 591], [1467, 591], [1468, 591], [1486, 591], [1487, 591], [1488, 591], [1489, 591], [1490, 591], [1495, 591], [1496, 591], [1497, 591], [1466, 592], [1467, 592], [1468, 592], [1469, 592], [1486, 592], [1487, 592], [1488, 592], [1495, 592], [1496, 592], [1497, 592], [1498, 592], [1467, 593], [1468, 593], [1469, 593], [1470, 593], [1496, 593], [1497, 593], [1498, 593], [1499, 593], [1468, 594], [1469, 594], [1470, 594], [1471, 594], [1497, 594], [1498, 594], [1499, 594], [1500, 594], [1469, 595], [1470, 595], [1471, 595], [1498, 595], [1499, 595], [1500, 595], [1470, 596], [1471, 596], [1472, 596], [1499, 596], [1500, 596], [1501, 596], [1470, 597], [1471, 597], [1472, 597], [1499, 597], [1500, 597], [1501, 597], [1502, 597], [1471, 598], [1472, 598], [1473, 598], [1500, 598], [1501, 598], [1502, 598], [1503, 598], [1471, 599], [1472, 599], [1473, 599], [1474, 599], [1501, 599], [1502, 599], [1503, 599], [1504, 599], [1472, 600], [1473, 600], [1474, 600], [1475, 600], [1496, 600], [1497, 600], [1498, 600], [1502, 600], [1503, 600], [1504, 600], [1505, 600], [1473, 601], [1474, 601], [1475, 601], [1496, 601], [1497, 601], [1498, 601], [1499, 601], [1500, 601], [1501, 601], [1503, 601], [1504, 601], [1505, 601], [1506, 601], [1474, 602], [1475, 602], [1476, 602], [1496, 602], [1497, 602], [1498, 602], [1499, 602], [1500, 602], [1501, 602], [1502, 602], [1504, 602], [1505, 602], [1506, 602], [1507, 602], [1474, 603], [1475, 603], [1476, 603], [1477, 603], [1496, 603], [1497, 603], [1498, 603], [1500, 603], [1501, 603], [1502, 603], [1503, 603], [1505, 603], [1506, 603], [1507, 603], [1475, 604], [1476, 604], [1477, 604], [1478, 604], [1496, 604], [1497, 604], [1498, 604], [1501, 604], [1502, 604], [1503, 604], [1504, 604], [1505, 604], [1506, 604], [1507, 604], [1508, 604], [1476, 605], [1477, 605], [1478, 605], [1479, 605], [1496, 605], [1497, 605], [1498, 605], [1502, 605], [1503, 605], [1504, 605], [1505, 605], [1507, 605], [1508, 605], [1509, 605], [1477, 606], [1478, 606], [1479, 606], [1480, 606], [1496, 606], [1497, 606], [1498, 606], [1504, 606], [1505, 606], [1506, 606], [1508, 606], [1509, 606], [1510, 606], [1478, 607], [1479, 607], [1480, 607], [1497, 607], [1498, 607], [1499, 607], [1505, 607], [1506, 607], [1507, 607], [1508, 607], [1509, 607], [1510, 607], [1511, 607], [1479, 608], [1480, 608], [1481, 608], [1497, 608], [1498, 608], [1499, 608], [1505, 608], [1506, 608], [1507, 608], [1509, 608], [1510, 608], [1511, 608], [1479, 609], [1480, 609], [1481, 609], [1482, 609], [1498, 609], [1499, 609], [1500, 609], [1505, 609], [1506, 609], [1507, 609], [1508, 609], [1510, 609], [1511, 609], [1512, 609], [1480, 610], [1481, 610], [1482, 610], [1483, 610], [1498, 610], [1499, 610], [1500, 610], [1506, 610], [1507, 610], [1508, 610], [1510, 610], [1511, 610], [1512, 610], [1513, 610], [1481, 611], [1482, 611], [1483, 611], [1484, 611], [1498, 611], [1499, 611], [1500, 611], [1507, 611], [1508, 611], [1509, 611], [1511, 611], [1512, 611], [1513, 611], [1514, 611], [1482, 612], [1483, 612], [1484, 612], [1498, 612], [1499, 612], [1500, 612], [1507, 612], [1508, 612], [1509, 612], [1512, 612], [1513, 612], [1514, 612], [1515, 612], [1483, 613], [1484, 613], [1485, 613], [1498, 613], [1499, 613], [1500, 613], [1501, 613], [1508, 613], [1509, 613], [1510, 613], [1513, 613], [1514, 613], [1515, 613], [1483, 614], [1484, 614], [1485, 614], [1486, 614], [1499, 614], [1500, 614], [1501, 614], [1508, 614], [1509, 614], [1510, 614], [1511, 614], [1512, 614], [1514, 614], [1515, 614], [1516, 614], [1484, 615], [1485, 615], [1486, 615], [1487, 615], [1500, 615], [1501, 615], [1509, 615], [1510, 615], [1511, 615], [1512, 615], [1514, 615], [1515, 615], [1516, 615], [1517, 615], [1485, 616], [1486, 616], [1487, 616], [1494, 616], [1495, 616], [1496, 616], [1500, 616], [1501, 616], [1511, 616], [1512, 616], [1513, 616], [1515, 616], [1516, 616], [1517, 616], [1518, 616], [1486, 617], [1487, 617], [1488, 617], [1494, 617], [1495, 617], [1496, 617], [1497, 617], [1500, 617], [1501, 617], [1502, 617], [1511, 617], [1512, 617], [1513, 617], [1516, 617], [1517, 617], [1518, 617], [1519, 617], [1486, 618], [1487, 618], [1488, 618], [1489, 618], [1494, 618], [1495, 618], [1496, 618], [1497, 618], [1500, 618], [1501, 618], [1502, 618], [1503, 618], [1512, 618], [1513, 618], [1514, 618], [1517, 618], [1518, 618], [1519, 618], [1520, 618], [1487, 619], [1488, 619], [1489, 619], [1490, 619], [1494, 619], [1495, 619], [1496, 619], [1497, 619], [1501, 619], [1502, 619], [1503, 619], [1504, 619], [1505, 619], [1512, 619], [1513, 619], [1514, 619], [1515, 619], [1518, 619], [1519, 619], [1520, 619], [1488, 620], [1489, 620], [1490, 620], [1491, 620], [1502, 620], [1503, 620], [1504, 620], [1505, 620], [1506, 620], [1507, 620], [1513, 620], [1514, 620], [1515, 620], [1516, 620], [1519, 620], [1520, 620], [1521, 620], [1489, 621], [1490, 621], [1491, 621], [1504, 621], [1505, 621], [1506, 621], [1507, 621], [1514, 621], [1515, 621], [1516, 621], [1517, 621], [1519, 621], [1520, 621], [1521, 621], [1522, 621], [1490, 622], [1491, 622], [1492, 622], [1497, 622], [1498, 622], [1499, 622], [1500, 622], [1501, 622], [1502, 622], [1506, 622], [1507, 622], [1508, 622], [1515, 622], [1516, 622], [1517, 622], [1520, 622], [1521, 622], [1522, 622], [1523, 622], [1490, 623], [1491, 623], [1492, 623], [1493, 623], [1495, 623], [1496, 623], [1497, 623], [1498, 623], [1499, 623], [1500, 623], [1501, 623], [1502, 623], [1503, 623], [1506, 623], [1507, 623], [1508, 623], [1509, 623], [1516, 623], [1517, 623], [1518, 623], [1521, 623], [1522, 623], [1523, 623], [1524, 623], [1491, 624], [1492, 624], [1493, 624], [1494, 624], [1495, 624], [1496, 624], [1497, 624], [1498, 624], [1499, 624], [1500, 624], [1501, 624], [1502, 624], [1503, 624], [1504, 624], [1507, 624], [1508, 624], [1509, 624], [1510, 624], [1511, 624], [1512, 624], [1516, 624], [1517, 624], [1518, 624], [1522, 624], [1523, 624], [1524, 624], [1525, 624], [1492, 625], [1493, 625], [1494, 625], [1496, 625], [1497, 625], [1498, 625], [1499, 625], [1500, 625], [1502, 625], [1503, 625], [1504, 625], [1508, 625], [1509, 625], [1510, 625], [1511, 625], [1512, 625], [1513, 625], [1514, 625], [1517, 625], [1518, 625], [1519, 625], [1523, 625], [1524, 625], [1525, 625], [1526, 625], [1493, 626], [1494, 626], [1495, 626], [1496, 626], [1497, 626], [1498, 626], [1499, 626], [1500, 626], [1503, 626], [1504, 626], [1505, 626], [1511, 626], [1512, 626], [1513, 626], [1514, 626], [1515, 626], [1516, 626], [1517, 626], [1518, 626], [1519, 626], [1520, 626], [1524, 626], [1525, 626], [1526, 626], [1494, 627], [1495, 627], [1496, 627], [1499, 627], [1500, 627], [1501, 627], [1502, 627], [1504, 627], [1505, 627], [1506, 627], [1513, 627], [1514, 627], [1515, 627], [1516, 627], [1517, 627], [1518, 627], [1519, 627], [1520, 627], [1521, 627], [1525, 627], [1526, 627], [1527, 627], [1494, 628], [1495, 628], [1496, 628], [1497, 628], [1499, 628], [1500, 628], [1501, 628], [1502, 628], [1503, 628], [1505, 628], [1506, 628], [1507, 628], [1515, 628], [1516, 628], [1517, 628], [1519, 628], [1520, 628], [1521, 628], [1525, 628], [1526, 628], [1527, 628], [1528, 628], [1495, 629], [1496, 629], [1497, 629], [1498, 629], [1502, 629], [1503, 629], [1504, 629], [1505, 629], [1506, 629], [1507, 629], [1508, 629], [1509, 629], [1516, 629], [1517, 629], [1518, 629], [1519, 629], [1520, 629], [1521, 629], [1526, 629], [1527, 629], [1528, 629], [1529, 629], [1496, 630], [1497, 630], [1498, 630], [1499, 630], [1503, 630], [1504, 630], [1506, 630], [1507, 630], [1508, 630], [1509, 630], [1510, 630], [1516, 630], [1517, 630], [1518, 630], [1519, 630], [1520, 630], [1521, 630], [1527, 630], [1528, 630], [1529, 630], [1497, 631], [1498, 631], [1499, 631], [1500, 631], [1501, 631], [1502, 631], [1503, 631], [1504, 631], [1505, 631], [1508, 631], [1509, 631], [1510, 631], [1517, 631], [1518, 631], [1519, 631], [1528, 631], [1529, 631], [1530, 631], [1498, 632], [1499, 632], [1500, 632], [1502, 632], [1503, 632], [1504, 632], [1505, 632], [1509, 632], [1510, 632], [1511, 632], [1528, 632], [1529, 632], [1530, 632], [1531, 632], [1498, 633], [1499, 633], [1500, 633], [1501, 633], [1502, 633], [1504, 633], [1505, 633], [1506, 633], [1507, 633], [1509, 633], [1510, 633], [1511, 633], [1512, 633], [1529, 633], [1530, 633], [1531, 633], [1532, 633], [1499, 634], [1500, 634], [1501, 634], [1502, 634], [1504, 634], [1505, 634], [1506, 634], [1507, 634], [1508, 634], [1510, 634], [1511, 634], [1512, 634], [1513, 634], [1530, 634], [1531, 634], [1532, 634], [1533, 634], [1500, 635], [1501, 635], [1502, 635], [1505, 635], [1506, 635], [1507, 635], [1508, 635], [1511, 635], [1512, 635], [1513, 635], [1523, 635], [1524, 635], [1525, 635], [1526, 635], [1531, 635], [1532, 635], [1533, 635], [1534, 635], [1501, 636], [1502, 636], [1503, 636], [1504, 636], [1505, 636], [1507, 636], [1508, 636], [1509, 636], [1512, 636], [1513, 636], [1514, 636], [1522, 636], [1523, 636], [1524, 636], [1525, 636], [1526, 636], [1527, 636], [1528, 636], [1532, 636], [1533, 636], [1534, 636], [1535, 636], [1501, 637], [1502, 637], [1503, 637], [1504, 637], [1507, 637], [1508, 637], [1509, 637], [1512, 637], [1513, 637], [1514, 637], [1515, 637], [1522, 637], [1523, 637], [1524, 637], [1525, 637], [1526, 637], [1527, 637], [1528, 637], [1529, 637], [1533, 637], [1534, 637], [1535, 637], [1536, 637], [1502, 638], [1503, 638], [1504, 638], [1505, 638], [1506, 638], [1507, 638], [1508, 638], [1509, 638], [1510, 638], [1513, 638], [1514, 638], [1515, 638], [1516, 638], [1521, 638], [1522, 638], [1523, 638], [1527, 638], [1528, 638], [1529, 638], [1530, 638], [1531, 638], [1534, 638], [1535, 638], [1536, 638], [1503, 639], [1504, 639], [1505, 639], [1507, 639], [1508, 639], [1509, 639], [1510, 639], [1511, 639], [1514, 639], [1515, 639], [1516, 639], [1517, 639], [1521, 639], [1522, 639], [1523, 639], [1528, 639], [1529, 639], [1530, 639], [1531, 639], [1535, 639], [1536, 639], [1537, 639], [1504, 640], [1505, 640], [1506, 640], [1509, 640], [1510, 640], [1511, 640], [1512, 640], [1515, 640], [1516, 640], [1517, 640], [1521, 640], [1522, 640], [1523, 640], [1524, 640], [1526, 640], [1527, 640], [1528, 640], [1529, 640], [1530, 640], [1531, 640], [1535, 640], [1536, 640], [1537, 640], [1538, 640], [1504, 641], [1505, 641], [1506, 641], [1507, 641], [1510, 641], [1511, 641], [1512, 641], [1513, 641], [1514, 641], [1516, 641], [1517, 641], [1518, 641], [1522, 641], [1523, 641], [1524, 641], [1525, 641], [1526, 641], [1527, 641], [1528, 641], [1529, 641], [1530, 641], [1536, 641], [1537, 641], [1538, 641], [1539, 641], [1505, 642], [1506, 642], [1507, 642], [1508, 642], [1511, 642], [1512, 642], [1513, 642], [1514, 642], [1516, 642], [1517, 642], [1518, 642], [1519, 642], [1523, 642], [1524, 642], [1525, 642], [1526, 642], [1527, 642], [1528, 642], [1537, 642], [1538, 642], [1539, 642], [1540, 642], [1506, 643], [1507, 643], [1508, 643], [1509, 643], [1513, 643], [1514, 643], [1515, 643], [1517, 643], [1518, 643], [1519, 643], [1520, 643], [1526, 643], [1527, 643], [1528, 643], [1538, 643], [1539, 643], [1540, 643], [1541, 643], [1507, 644], [1508, 644], [1509, 644], [1510, 644], [1513, 644], [1514, 644], [1515, 644], [1516, 644], [1518, 644], [1519, 644], [1520, 644], [1521, 644], [1539, 644], [1540, 644], [1541, 644], [1542, 644], [1508, 645], [1509, 645], [1510, 645], [1513, 645], [1514, 645], [1515, 645], [1516, 645], [1517, 645], [1519, 645], [1520, 645], [1521, 645], [1540, 645], [1541, 645], [1542, 645], [1509, 646], [1510, 646], [1511, 646], [1513, 646], [1515, 646], [1516, 646], [1517, 646], [1520, 646], [1521, 646], [1541, 646], [1542, 646], [1543, 646], [1509, 647], [1510, 647], [1511, 647], [1512, 647], [1513, 647], [1514, 647], [1515, 647], [1516, 647], [1517, 647], [1518, 647], [1519, 647], [1520, 647], [1521, 647], [1541, 647], [1542, 647], [1543, 647], [1544, 647], [1510, 648], [1511, 648], [1512, 648], [1513, 648], [1516, 648], [1517, 648], [1518, 648], [1519, 648], [1520, 648], [1521, 648], [1542, 648], [1543, 648], [1544, 648], [1545, 648], [1511, 649], [1512, 649], [1513, 649], [1514, 649], [1517, 649], [1518, 649], [1519, 649], [1520, 649], [1543, 649], [1544, 649], [1545, 649], [1546, 649], [1512, 650], [1513, 650], [1514, 650], [1544, 650], [1545, 650], [1546, 650], [1547, 650], [1513, 651], [1514, 651], [1515, 651], [1545, 651], [1546, 651], [1547, 651], [1513, 652], [1514, 652], [1515, 652], [1516, 652], [1546, 652], [1547, 652], [1548, 652], [1514, 653], [1515, 653], [1516, 653], [1517, 653], [1546, 653], [1547, 653], [1548, 653], [1549, 653], [1515, 654], [1516, 654], [1517, 654], [1547, 654], [1548, 654], [1549, 654], [1550, 654], [1516, 655], [1517, 655], [1518, 655], [1548, 655], [1549, 655], [1550, 655], [1551, 655], [1516, 656], [1517, 656], [1518, 656], [1519, 656], [1549, 656], [1550, 656], [1551, 656], [1552, 656], [1517, 657], [1518, 657], [1519, 657], [1520, 657], [1550, 657], [1551, 657], [1552, 657], [1553, 657], [1518, 658], [1519, 658], [1520, 658], [1521, 658], [1551, 658], [1552, 658], [1553, 658], [1519, 659], [1520, 659], [1521, 659], [1552, 659], [1553, 659], [1554, 659], [1520, 660], [1521, 660], [1522, 660], [1552, 660], [1553, 660], [1554, 660], [1555, 660], [1520, 661], [1521, 661], [1522, 661], [1523, 661], [1553, 661], [1554, 661], [1555, 661], [1556, 661], [1521, 662], [1522, 662], [1523, 662], [1524, 662], [1554, 662], [1555, 662], [1556, 662], [1557, 662], [1522, 663], [1523, 663], [1524, 663], [1555, 663], [1556, 663], [1557, 663], [1558, 663], [1523, 664], [1524, 664], [1525, 664], [1556, 664], [1557, 664], [1558, 664], [1523, 665], [1524, 665], [1525, 665], [1526, 665], [1557, 665], [1558, 665], [1559, 665], [1524, 666], [1525, 666], [1526, 666], [1527, 666], [1557, 666], [1558, 666], [1559, 666], [1560, 666], [1525, 667], [1526, 667], [1527, 667], [1528, 667], [1558, 667], [1559, 667], [1560, 667], [1561, 667], [1526, 668], [1527, 668], [1528, 668], [1559, 668], [1560, 668], [1561, 668], [1562, 668], [1527, 669], [1528, 669], [1529, 669], [1560, 669], [1561, 669], [1562, 669], [1563, 669], [1527, 670], [1528, 670], [1529, 670], [1530, 670], [1561, 670], [1562, 670], [1563, 670], [1564, 670], [1528, 671], [1529, 671], [1530, 671], [1531, 671], [1562, 671], [1563, 671], [1564, 671], [1565, 671], [1529, 672], [1530, 672], [1531, 672], [1532, 672], [1563, 672], [1564, 672], [1565, 672], [1566, 672], [1530, 673], [1531, 673], [1532, 673], [1564, 673], [1565, 673], [1566, 673], [1531, 674], [1532, 674], [1533, 674], [1565, 674], [1566, 674], [1567, 674], [1531, 675], [1532, 675], [1533, 675], [1534, 675], [1565, 675], [1566, 675], [1567, 675], [1568, 675], [1532, 676], [1533, 676], [1534, 676], [1535, 676], [1566, 676], [1567, 676], [1568, 676], [1569, 676], [1533, 677], [1534, 677], [1535, 677], [1536, 677], [1567, 677], [1568, 677], [1569, 677], [1570, 677], [1534, 678], [1535, 678], [1536, 678], [1568, 678], [1569, 678], [1570, 678], [1535, 679], [1536, 679], [1537, 679], [1569, 679], [1570, 679], [1571, 679], [1535, 680], [1536, 680], [1537, 680], [1538, 680], [1569, 680], [1570, 680], [1571, 680], [1572, 680], [1536, 681], [1537, 681], [1538, 681], [1539, 681], [1570, 681], [1571, 681], [1572, 681], [1573, 681], [1537, 682], [1538, 682], [1539, 682], [1571, 682], [1572, 682], [1573, 682], [1574, 682], [1538, 683], [1539, 683], [1540, 683], [1572, 683], [1573, 683], [1574, 683], [1575, 683], [1538, 684], [1539, 684], [1540, 684], [1541, 684], [1573, 684], [1574, 684], [1575, 684], [1539, 685], [1540, 685], [1541, 685], [1542, 685], [1574, 685], [1575, 685], [1576, 685], [1540, 686], [1541, 686], [1542, 686], [1543, 686], [1574, 686], [1575, 686], [1576, 686], [1577, 686], [1541, 687], [1542, 687], [1543, 687], [1544, 687], [1575, 687], [1576, 687], [1577, 687], [1578, 687], [1542, 688], [1543, 688], [1544, 688], [1576, 688], [1577, 688], [1578, 688], [1579, 688], [1543, 689], [1544, 689], [1545, 689], [1577, 689], [1578, 689], [1579, 689], [1543, 690], [1544, 690], [1545, 690], [1546, 690], [1578, 690], [1579, 690], [1580, 690], [1544, 691], [1545, 691], [1546, 691], [1547, 691], [1578, 691], [1579, 691], [1580, 691], [1581, 691], [1545, 692], [1546, 692], [1547, 692], [1579, 692], [1580, 692], [1581, 692], [1582, 692], [1546, 693], [1547, 693], [1548, 693], [1580, 693], [1581, 693], [1582, 693], [1583, 693], [1546, 694], [1547, 694], [1548, 694], [1549, 694], [1581, 694], [1582, 694], [1583, 694], [1584, 694], [1547, 695], [1548, 695], [1549, 695], [1550, 695], [1582, 695], [1583, 695], [1584, 695], [1585, 695], [1548, 696], [1549, 696], [1550, 696], [1583, 696], [1584, 696], [1585, 696], [1586, 696], [1549, 697], [1550, 697], [1551, 697], [1584, 697], [1585, 697], [1586, 697], [1587, 697], [1549, 698], [1550, 698], [1551, 698], [1552, 698], [1585, 698], [1586, 698], [1587, 698], [1550, 699], [1551, 699], [1552, 699], [1553, 699], [1586, 699], [1587, 699], [1588, 699], [1551, 700], [1552, 700], [1553, 700], [1554, 700], [1586, 700], [1587, 700], [1588, 700], [1589, 700], [1552, 701], [1553, 701], [1554, 701], [1587, 701], [1588, 701], [1589, 701], [1590, 701], [1553, 702], [1554, 702], [1555, 702], [1588, 702], [1589, 702], [1590, 702], [1591, 702], [1553, 703], [1554, 703], [1555, 703], [1556, 703], [1589, 703], [1590, 703], [1591, 703], [1592, 703], [1554, 704], [1555, 704], [1556, 704], [1557, 704], [1590, 704], [1591, 704], [1592, 704], [1555, 705], [1556, 705], [1557, 705], [1591, 705], [1592, 705], [1593, 705], [1556, 706], [1557, 706], [1558, 706], [1591, 706], [1592, 706], [1593, 706], [1594, 706], [1556, 707], [1557, 707], [1558, 707], [1559, 707], [1592, 707], [1593, 707], [1594, 707], [1595, 707], [1557, 708], [1558, 708], [1559, 708], [1560, 708], [1593, 708], [1594, 708], [1595, 708], [1596, 708], [1558, 709], [1559, 709], [1560, 709], [1561, 709], [1594, 709], [1595, 709], [1596, 709], [1597, 709], [1559, 710], [1560, 710], [1561, 710], [1562, 710], [1595, 710], [1596, 710], [1597, 710], [1560, 711], [1561, 711], [1562, 711], [1596, 711], [1597, 711], [1598, 711], [1561, 712], [1562, 712], [1563, 712], [1596, 712], [1597, 712], [1598, 712], [1599, 712], [1561, 713], [1562, 713], [1563, 713], [1564, 713], [1597, 713], [1598, 713], [1599, 713], [1600, 713], [1562, 714], [1563, 714], [1564, 714], [1565, 714], [1598, 714], [1599, 714], [1600, 714], [1601, 714], [1563, 715], [1564, 715], [1565, 715], [1566, 715], [1599, 715], [1600, 715], [1601, 715], [1602, 715], [1564, 716], [1565, 716], [1566, 716], [1600, 716], [1601, 716], [1602, 716], [1603, 716], [1565, 717], [1566, 717], [1567, 717], [1601, 717], [1602, 717], [1603, 717], [1604, 717], [1565, 718], [1566, 718], [1567, 718], [1568, 718], [1602, 718], [1603, 718], [1604, 718], [1605, 718], [1566, 719], [1567, 719], [1568, 719], [1569, 719], [1603, 719], [1604, 719], [1605, 719], [1606, 719], [1567, 720], [1568, 720], [1569, 720], [1570, 720], [1604, 720], [1605, 720], [1606, 720], [1607, 720], [1568, 721], [1569, 721], [1570, 721], [1605, 721], [1606, 721], [1607, 721], [1569, 722], [1570, 722], [1571, 722], [1606, 722], [1607, 722], [1608, 722], [1569, 723], [1570, 723], [1571, 723], [1572, 723], [1606, 723], [1607, 723], [1608, 723], [1609, 723], [1570, 724], [1571, 724], [1572, 724], [1573, 724], [1607, 724], [1608, 724], [1609, 724], [1610, 724], [1571, 725], [1572, 725], [1573, 725], [1608, 725], [1609, 725], [1610, 725], [1611, 725], [1572, 726], [1573, 726], [1574, 726], [1609, 726], [1610, 726], [1611, 726], [1572, 727], [1573, 727], [1574, 727], [1575, 727], [1610, 727], [1611, 727], [1612, 727], [1573, 728], [1574, 728], [1575, 728], [1576, 728], [1610, 728], [1611, 728], [1612, 728], [1613, 728], [1574, 729], [1575, 729], [1576, 729], [1611, 729], [1612, 729], [1613, 729], [1614, 729], [1575, 730], [1576, 730], [1577, 730], [1612, 730], [1613, 730], [1614, 730], [1615, 730], [1575, 731], [1576, 731], [1577, 731], [1578, 731], [1613, 731], [1614, 731], [1615, 731], [1576, 732], [1577, 732], [1578, 732], [1579, 732], [1614, 732], [1615, 732], [1616, 732], [1577, 733], [1578, 733], [1579, 733], [1580, 733], [1614, 733], [1615, 733], [1616, 733], [1617, 733], [1578, 734], [1579, 734], [1580, 734], [1581, 734], [1615, 734], [1616, 734], [1617, 734], [1618, 734], [1579, 735], [1580, 735], [1581, 735], [1616, 735], [1617, 735], [1618, 735], [1580, 736], [1581, 736], [1582, 736], [1617, 736], [1618, 736], [1619, 736], [1580, 737], [1581, 737], [1582, 737], [1583, 737], [1617, 737], [1618, 737], [1619, 737], [1620, 737], [1581, 738], [1582, 738], [1583, 738], [1584, 738], [1618, 738], [1619, 738], [1620, 738], [1621, 738], [1582, 739], [1583, 739], [1584, 739], [1585, 739], [1619, 739], [1620, 739], [1621, 739], [1622, 739], [1583, 740], [1584, 740], [1585, 740], [1620, 740], [1621, 740], [1622, 740], [1623, 740], [1584, 741], [1585, 741], [1586, 741], [1621, 741], [1622, 741], [1623, 741], [1584, 742], [1585, 742], [1586, 742], [1587, 742], [1622, 742], [1623, 742], [1624, 742], [1585, 743], [1586, 743], [1587, 743], [1622, 743], [1623, 743], [1624, 743], [1625, 743], [1586, 744], [1587, 744], [1588, 744], [1623, 744], [1624, 744], [1625, 744], [1626, 744], [1586, 745], [1587, 745], [1588, 745], [1589, 745], [1624, 745], [1625, 745], [1626, 745], [1627, 745], [1587, 746], [1588, 746], [1589, 746], [1590, 746], [1625, 746], [1626, 746], [1627, 746], [1628, 746], [1588, 747], [1589, 747], [1590, 747], [1626, 747], [1627, 747], [1628, 747], [1629, 747], [1589, 748], [1590, 748], [1591, 748], [1627, 748], [1628, 748], [1629, 748], [1589, 749], [1590, 749], [1591, 749], [1592, 749], [1628, 749], [1629, 749], [1630, 749], [1590, 750], [1591, 750], [1592, 750], [1593, 750], [1628, 750], [1629, 750], [1630, 750], [1631, 750], [1591, 751], [1592, 751], [1593, 751], [1594, 751], [1629, 751], [1630, 751], [1631, 751], [1632, 751], [1592, 752], [1593, 752], [1594, 752], [1630, 752], [1631, 752], [1632, 752], [1633, 752], [1593, 753], [1594, 753], [1595, 753], [1631, 753], [1632, 753], [1633, 753], [1634, 753], [1593, 754], [1594, 754], [1595, 754], [1596, 754], [1632, 754], [1633, 754], [1634, 754], [1594, 755], [1595, 755], [1596, 755], [1597, 755], [1633, 755], [1634, 755], [1635, 755], [1595, 756], [1596, 756], [1597, 756], [1598, 756], [1633, 756], [1634, 756], [1635, 756], [1636, 756], [1596, 757], [1597, 757], [1598, 757], [1634, 757], [1635, 757], [1636, 757], [1637, 757], [1597, 758], [1598, 758], [1599, 758], [1635, 758], [1636, 758], [1637, 758], [1638, 758], [1597, 759], [1598, 759], [1599, 759], [1600, 759], [1636, 759], [1637, 759], [1638, 759], [1639, 759], [1598, 760], [1599, 760], [1600, 760], [1601, 760], [1637, 760], [1638, 760], [1639, 760], [1599, 761], [1600, 761], [1601, 761], [1602, 761], [1638, 761], [1639, 761], [1640, 761], [1600, 762], [1601, 762], [1602, 762], [1603, 762], [1638, 762], [1639, 762], [1640, 762], [1641, 762], [1601, 763], [1602, 763], [1603, 763], [1639, 763], [1640, 763], [1641, 763], [1642, 763], [1602, 764], [1603, 764], [1604, 764], [1640, 764], [1641, 764], [1642, 764], [1643, 764], [1602, 765], [1603, 765], [1604, 765], [1605, 765], [1641, 765], [1642, 765], [1643, 765], [1644, 765], [1603, 766], [1604, 766], [1605, 766], [1606, 766], [1642, 766], [1643, 766], [1644, 766], [1604, 767], [1605, 767], [1606, 767], [1643, 767], [1644, 767], [1645, 767], [1605, 768], [1606, 768], [1607, 768], [1643, 768], [1644, 768], [1645, 768], [1646, 768], [1605, 769], [1606, 769], [1607, 769], [1608, 769], [1644, 769], [1645, 769], [1646, 769], [1647, 769], [1606, 770], [1607, 770], [1608, 770], [1609, 770], [1645, 770], [1646, 770], [1647, 770], [1607, 771], [1608, 771], [1609, 771], [1610, 771], [1646, 771], [1647, 771], [1648, 771], [1608, 772], [1609, 772], [1610, 772], [1646, 772], [1647, 772], [1648, 772], [1649, 772], [1609, 773], [1610, 773], [1611, 773], [1647, 773], [1648, 773], [1649, 773], [1650, 773], [1609, 774], [1610, 774], [1611, 774], [1612, 774], [1648, 774], [1649, 774], [1650, 774], [1651, 774], [1610, 775], [1611, 775], [1612, 775], [1613, 775], [1649, 775], [1650, 775], [1651, 775], [1652, 775], [1611, 776], [1612, 776], [1613, 776], [1614, 776], [1650, 776], [1651, 776], [1652, 776], [1653, 776], [1612, 777], [1613, 777], [1614, 777], [1651, 777], [1652, 777], [1653, 777], [1613, 778], [1614, 778], [1615, 778], [1652, 778], [1653, 778], [1654, 778], [1613, 779], [1614, 779], [1615, 779], [1616, 779], [1652, 779], [1653, 779], [1654, 779], [1655, 779], [1614, 780], [1615, 780], [1616, 780], [1617, 780], [1653, 780], [1654, 780], [1655, 780], [1656, 780], [1615, 781], [1616, 781], [1617, 781], [1654, 781], [1655, 781], [1656, 781], [1657, 781], [1616, 782], [1617, 782], [1618, 782], [1655, 782], [1656, 782], [1657, 782], [1658, 782], [1616, 783], [1617, 783], [1618, 783], [1619, 783], [1656, 783], [1657, 783], [1658, 783], [1617, 784], [1618, 784], [1619, 784], [1657, 784], [1658, 784], [1659, 784], [1618, 785], [1619, 785], [1620, 785], [1657, 785], [1658, 785], [1659, 785], [1660, 785], [1618, 786], [1619, 786], [1620, 786], [1621, 786], [1658, 786], [1659, 786], [1660, 786], [1661, 786], [1619, 787], [1620, 787], [1621, 787], [1622, 787], [1659, 787], [1660, 787], [1661, 787], [1662, 787], [1620, 788], [1621, 788], [1622, 788], [1660, 788], [1661, 788], [1662, 788], [1621, 789], [1622, 789], [1623, 789], [1661, 789], [1662, 789], [1663, 789], [1621, 790], [1622, 790], [1623, 790], [1624, 790], [1661, 790], [1662, 790], [1663, 790], [1664, 790], [1622, 791], [1623, 791], [1624, 791], [1625, 791], [1662, 791], [1663, 791], [1664, 791], [1665, 791], [1623, 792], [1624, 792], [1625, 792], [1626, 792], [1663, 792], [1664, 792], [1665, 792], [1666, 792], [1624, 793], [1625, 793], [1626, 793], [1664, 793], [1665, 793], [1666, 793], [1625, 794], [1626, 794], [1627, 794], [1665, 794], [1666, 794], [1667, 794], [1625, 795], [1626, 795], [1627, 795], [1628, 795], [1665, 795], [1666, 795], [1667, 795], [1668, 795], [1626, 796], [1627, 796], [1628, 796], [1629, 796], [1666, 796], [1667, 796], [1668, 796], [1669, 796], [1627, 797], [1628, 797], [1629, 797], [1667, 797], [1668, 797], [1669, 797], [1670, 797], [1628, 798], [1629, 798], [1630, 798], [1668, 798], [1669, 798], [1670, 798], [1671, 798], [1628, 799], [1629, 799], [1630, 799], [1631, 799], [1669, 799], [1670, 799], [1671, 799], [1672, 799], [1629, 800], [1630, 800], [1631, 800], [1632, 800], [1670, 800], [1671, 800], [1672, 800], [1630, 801], [1631, 801], [1632, 801], [1633, 801], [1671, 801], [1672, 801], [1673, 801], [1631, 802], [1632, 802], [1633, 802], [1634, 802], [1671, 802], [1672, 802], [1673, 802], [1674, 802], [1632, 803], [1633, 803], [1634, 803], [1672, 803], [1673, 803], [1674, 803], [1675, 803], [1633, 804], [1634, 804], [1635, 804], [1673, 804], [1674, 804], [1675, 804], [1676, 804], [1633, 805], [1634, 805], [1635, 805], [1636, 805], [1674, 805], [1675, 805], [1676, 805], [1677, 805], [1634, 806], [1635, 806], [1636, 806], [1637, 806], [1675, 806], [1676, 806], [1677, 806], [1678, 806], [1635, 807], [1636, 807], [1637, 807], [1676, 807], [1677, 807], [1678, 807], [1679, 807], [1636, 808], [1637, 808], [1638, 808], [1677, 808], [1678, 808], [1679, 808], [1636, 809], [1637, 809], [1638, 809], [1639, 809], [1678, 809], [1679, 809], [1680, 809], [1637, 810], [1638, 810], [1639, 810], [1640, 810], [1678, 810], [1679, 810], [1680, 810], [1681, 810], [1638, 811], [1639, 811], [1640, 811], [1641, 811], [1679, 811], [1680, 811], [1681, 811], [1682, 811], [1639, 812], [1640, 812], [1641, 812], [1642, 812], [1680, 812], [1681, 812], [1682, 812], [1683, 812], [1640, 813], [1641, 813], [1642, 813], [1681, 813], [1682, 813], [1683, 813], [1684, 813], [1641, 814], [1642, 814], [1643, 814], [1682, 814], [1683, 814], [1684, 814], [1685, 814], [1641, 815], [1642, 815], [1643, 815], [1644, 815], [1683, 815], [1684, 815], [1685, 815], [1686, 815], [1642, 816], [1643, 816], [1644, 816], [1645, 816], [1684, 816], [1685, 816], [1686, 816], [1687, 816], [1643, 817], [1644, 817], [1645, 817], [1646, 817], [1685, 817], [1686, 817], [1687, 817], [1688, 817], [1644, 818], [1645, 818], [1646, 818], [1686, 818], [1687, 818], [1688, 818], [1645, 819], [1646, 819], [1647, 819], [1687, 819], [1688, 819], [1689, 819], [1645, 820], [1646, 820], [1647, 820], [1648, 820], [1687, 820], [1688, 820], [1689, 820], [1690, 820], [1646, 821], [1647, 821], [1648, 821], [1649, 821], [1688, 821], [1689, 821], [1690, 821], [1691, 821], [1647, 822], [1648, 822], [1649, 822], [1650, 822], [1689, 822], [1690, 822], [1691, 822], [1692, 822], [1648, 823], [1649, 823], [1650, 823], [1690, 823], [1691, 823], [1692, 823], [1693, 823], [1649, 824], [1650, 824], [1651, 824], [1691, 824], [1692, 824], [1693, 824], [1694, 824], [1649, 825], [1650, 825], [1651, 825], [1652, 825], [1692, 825], [1693, 825], [1694, 825], [1650, 826], [1651, 826], [1652, 826], [1653, 826], [1693, 826], [1694, 826], [1695, 826], [1651, 827], [1652, 827], [1653, 827], [1654, 827], [1693, 827], [1694, 827], [1695, 827], [1696, 827], [1652, 828], [1653, 828], [1654, 828], [1694, 828], [1695, 828], [1696, 828], [1697, 828], [1653, 829], [1654, 829], [1655, 829], [1695, 829], [1696, 829], [1697, 829], [1698, 829], [1653, 830], [1654, 830], [1655, 830], [1656, 830], [1696, 830], [1697, 830], [1698, 830], [1654, 831], [1655, 831], [1656, 831], [1657, 831], [1697, 831], [1698, 831], [1699, 831], [1655, 832], [1656, 832], [1657, 832], [1697, 832], [1698, 832], [1699, 832], [1700, 832], [1656, 833], [1657, 833], [1658, 833], [1698, 833], [1699, 833], [1700, 833], [1701, 833], [1656, 834], [1657, 834], [1658, 834], [1659, 834], [1699, 834], [1700, 834], [1701, 834], [1702, 834], [1657, 835], [1658, 835], [1659, 835], [1660, 835], [1700, 835], [1701, 835], [1702, 835], [1703, 835], [1658, 836], [1659, 836], [1660, 836], [1661, 836], [1701, 836], [1702, 836], [1703, 836], [1659, 837], [1660, 837], [1661, 837], [1662, 837], [1702, 837], [1703, 837], [1704, 837], [1660, 838], [1661, 838], [1662, 838], [1702, 838], [1703, 838], [1704, 838], [1705, 838], [1661, 839], [1662, 839], [1663, 839], [1703, 839], [1704, 839], [1705, 839], [1706, 839], [1661, 840], [1662, 840], [1663, 840], [1664, 840], [1704, 840], [1705, 840], [1706, 840], [1707, 840], [1662, 841], [1663, 841], [1664, 841], [1665, 841], [1705, 841], [1706, 841], [1707, 841], [1708, 841], [1663, 842], [1664, 842], [1665, 842], [1666, 842], [1706, 842], [1707, 842], [1708, 842], [1664, 843], [1665, 843], [1666, 843], [1707, 843], [1708, 843], [1709, 843], [1665, 844], [1666, 844], [1667, 844], [1707, 844], [1708, 844], [1709, 844], [1710, 844], [1665, 845], [1666, 845], [1667, 845], [1668, 845], [1708, 845], [1709, 845], [1710, 845], [1711, 845], [1666, 846], [1667, 846], [1668, 846], [1669, 846], [1709, 846], [1710, 846], [1711, 846], [1712, 846], [1667, 847], [1668, 847], [1669, 847], [1710, 847], [1711, 847], [1712, 847], [1668, 848], [1669, 848], [1670, 848], [1711, 848], [1712, 848], [1713, 848], [1668, 849], [1669, 849], [1670, 849], [1671, 849], [1711, 849], [1712, 849], [1713, 849], [1714, 849], [1669, 850], [1670, 850], [1671, 850], [1672, 850], [1712, 850], [1713, 850], [1714, 850], [1715, 850], [1670, 851], [1671, 851], [1672, 851], [1673, 851], [1713, 851], [1714, 851], [1715, 851], [1716, 851], [1671, 852], [1672, 852], [1673, 852], [1714, 852], [1715, 852], [1716, 852], [1717, 852], [1672, 853], [1673, 853], [1674, 853], [1715, 853], [1716, 853], [1717, 853], [1718, 853], [1672, 854], [1673, 854], [1674, 854], [1675, 854], [1716, 854], [1717, 854], [1718, 854], [1673, 855], [1674, 855], [1675, 855], [1676, 855], [1717, 855], [1718, 855], [1719, 855], [1674, 856], [1675, 856], [1676, 856], [1677, 856], [1717, 856], [1718, 856], [1719, 856], [1720, 856], [1675, 857], [1676, 857], [1677, 857], [1718, 857], [1719, 857], [1720, 857], [1721, 857], [1676, 858], [1677, 858], [1678, 858], [1719, 858], [1720, 858], [1721, 858], [1722, 858], [1676, 859], [1677, 859], [1678, 859], [1679, 859], [1720, 859], [1721, 859], [1722, 859], [1677, 860], [1678, 860], [1679, 860], [1680, 860], [1721, 860], [1722, 860], [1723, 860], [1678, 861], [1679, 861], [1680, 861], [1721, 861], [1722, 861], [1723, 861], [1724, 861], [1679, 862], [1680, 862], [1681, 862], [1722, 862], [1723, 862], [1724, 862], [1725, 862], [1679, 863], [1680, 863], [1681, 863], [1682, 863], [1723, 863], [1724, 863], [1725, 863], [1680, 864], [1681, 864], [1682, 864], [1683, 864], [1724, 864], [1725, 864], [1726, 864], [1681, 865], [1682, 865], [1683, 865], [1684, 865], [1724, 865], [1725, 865], [1726, 865], [1727, 865], [1682, 866], [1683, 866], [1684, 866], [1725, 866], [1726, 866], [1727, 866], [1728, 866], [1683, 867], [1684, 867], [1685, 867], [1726, 867], [1727, 867], [1728, 867], [1729, 867], [1683, 868], [1684, 868], [1685, 868], [1686, 868], [1727, 868], [1728, 868], [1729, 868], [1684, 869], [1685, 869], [1686, 869], [1687, 869], [1728, 869], [1729, 869], [1730, 869], [1685, 870], [1686, 870], [1687, 870], [1688, 870], [1728, 870], [1729, 870], [1730, 870], [1731, 870], [1686, 871], [1687, 871], [1688, 871], [1689, 871], [1729, 871], [1730, 871], [1731, 871], [1732, 871], [1687, 872], [1688, 872], [1689, 872], [1730, 872], [1731, 872], [1732, 872], [1733, 872], [1688, 873], [1689, 873], [1690, 873], [1731, 873], [1732, 873], [1733, 873], [1734, 873], [1688, 874], [1689, 874], [1690, 874], [1691, 874], [1732, 874], [1733, 874], [1734, 874], [1735, 874], [1689, 875], [1690, 875], [1691, 875], [1692, 875], [1733, 875], [1734, 875], [1735, 875], [1736, 875], [1690, 876], [1691, 876], [1692, 876], [1734, 876], [1735, 876], [1736, 876], [1691, 877], [1692, 877], [1693, 877], [1735, 877], [1736, 877], [1737, 877], [1691, 878], [1692, 878], [1693, 878], [1694, 878], [1735, 878], [1736, 878], [1737, 878], [1738, 878], [1692, 879], [1693, 879], [1694, 879], [1695, 879], [1736, 879], [1737, 879], [1738, 879], [1739, 879], [1693, 880], [1694, 880], [1695, 880], [1696, 880], [1737, 880], [1738, 880], [1739, 880], [1740, 880], [1694, 881], [1695, 881], [1696, 881], [1738, 881], [1739, 881], [1740, 881], [1741, 881], [1695, 882], [1696, 882], [1697, 882], [1739, 882], [1740, 882], [1741, 882], [1695, 883], [1696, 883], [1697, 883], [1698, 883], [1740, 883], [1741, 883], [1742, 883], [1696, 884], [1697, 884], [1698, 884], [1699, 884], [1740, 884], [1741, 884], [1742, 884], [1743, 884], [1697, 885], [1698, 885], [1699, 885], [1700, 885], [1741, 885], [1742, 885], [1743, 885], [1744, 885], [1698, 886], [1699, 886], [1700, 886], [1701, 886], [1742, 886], [1743, 886], [1744, 886], [1745, 886], [1699, 887], [1700, 887], [1701, 887], [1743, 887], [1744, 887], [1745, 887], [1700, 888], [1701, 888], [1702, 888], [1744, 888], [1745, 888], [1746, 888], [1700, 889], [1701, 889], [1702, 889], [1703, 889], [1744, 889], [1745, 889], [1746, 889], [1747, 889], [1701, 890], [1702, 890], [1703, 890], [1704, 890], [1745, 890], [1746, 890], [1747, 890], [1748, 890], [1702, 891], [1703, 891], [1704, 891], [1705, 891], [1746, 891], [1747, 891], [1748, 891], [1749, 891], [1703, 892], [1704, 892], [1705, 892], [1747, 892], [1748, 892], [1749, 892], [1704, 893], [1705, 893], [1706, 893], [1748, 893], [1749, 893], [1750, 893], [1704, 894], [1705, 894], [1706, 894], [1707, 894], [1748, 894], [1749, 894], [1750, 894], [1751, 894], [1705, 895], [1706, 895], [1707, 895], [1708, 895], [1749, 895], [1750, 895], [1751, 895], [1752, 895], [1706, 896], [1707, 896], [1708, 896], [1709, 896], [1750, 896], [1751, 896], [1752, 896], [1707, 897], [1708, 897], [1709, 897], [1710, 897], [1751, 897], [1752, 897], [1753, 897], [1708, 898], [1709, 898], [1710, 898], [1751, 898], [1752, 898], [1753, 898], [1754, 898], [1709, 899], [1710, 899], [1711, 899], [1752, 899], [1753, 899], [1754, 899], [1755, 899], [1709, 900], [1710, 900], [1711, 900], [1712, 900], [1753, 900], [1754, 900], [1755, 900], [1756, 900], [1710, 901], [1711, 901], [1712, 901], [1754, 901], [1755, 901], [1756, 901], [1757, 901], [1711, 902], [1712, 902], [1713, 902], [1755, 902], [1756, 902], [1757, 902], [1758, 902], [1711, 903], [1712, 903], [1713, 903], [1714, 903], [1756, 903], [1757, 903], [1758, 903], [1712, 904], [1713, 904], [1714, 904], [1715, 904], [1757, 904], [1758, 904], [1759, 904], [1713, 905], [1714, 905], [1715, 905], [1716, 905], [1757, 905], [1758, 905], [1759, 905], [1760, 905], [1714, 906], [1715, 906], [1716, 906], [1717, 906], [1758, 906], [1759, 906], [1760, 906], [1761, 906], [1715, 907], [1716, 907], [1717, 907], [1718, 907], [1759, 907], [1760, 907], [1761, 907], [1762, 907], [1716, 908], [1717, 908], [1718, 908], [1760, 908], [1761, 908], [1762, 908], [1717, 909], [1718, 909], [1719, 909], [1761, 909], [1762, 909], [1717, 910], [1718, 910], [1719, 910], [1720, 910], [1761, 910], [1762, 910], [1718, 911], [1719, 911], [1720, 911], [1721, 911], [1761, 911], [1762, 911], [1719, 912], [1720, 912], [1721, 912], [1722, 912], [1761, 912], [1762, 912], [1763, 912], [1764, 912], [1765, 912], [1720, 913], [1721, 913], [1722, 913], [1761, 913], [1762, 913], [1763, 913], [1764, 913], [1765, 913], [1721, 914], [1722, 914], [1723, 914], [1764, 914], [1765, 914], [1766, 914], [1721, 915], [1722, 915], [1723, 915], [1724, 915], [1764, 915], [1765, 915], [1766, 915], [1767, 915], [1722, 916], [1723, 916], [1724, 916], [1725, 916], [1765, 916], [1766, 916], [1767, 916], [1768, 916], [1723, 917], [1724, 917], [1725, 917], [1726, 917], [1766, 917], [1767, 917], [1768, 917], [1769, 917], [1770, 917], [1724, 918], [1725, 918], [1726, 918], [1767, 918], [1768, 918], [1769, 918], [1770, 918], [1771, 918], [1725, 919], [1726, 919], [1727, 919], [1769, 919], [1770, 919], [1771, 919], [1772, 919], [1725, 920], [1726, 920], [1727, 920], [1728, 920], [1747, 920], [1748, 920], [1749, 920], [1750, 920], [1770, 920], [1771, 920], [1772, 920], [1773, 920], [1726, 921], [1727, 921], [1728, 921], [1747, 921], [1748, 921], [1749, 921], [1750, 921], [1751, 921], [1771, 921], [1772, 921], [1773, 921], [1727, 922], [1728, 922], [1729, 922], [1747, 922], [1748, 922], [1750, 922], [1751, 922], [1752, 922], [1772, 922], [1773, 922], [1774, 922], [1727, 923], [1728, 923], [1729, 923], [1730, 923], [1747, 923], [1748, 923], [1749, 923], [1750, 923], [1751, 923], [1752, 923], [1753, 923], [1772, 923], [1773, 923], [1774, 923], [1775, 923], [1728, 924], [1729, 924], [1730, 924], [1731, 924], [1748, 924], [1749, 924], [1751, 924], [1752, 924], [1753, 924], [1754, 924], [1773, 924], [1774, 924], [1775, 924], [1776, 924], [1729, 925], [1730, 925], [1731, 925], [1732, 925], [1748, 925], [1749, 925], [1750, 925], [1752, 925], [1753, 925], [1754, 925], [1755, 925], [1774, 925], [1775, 925], [1776, 925], [1777, 925], [1730, 926], [1731, 926], [1732, 926], [1733, 926], [1748, 926], [1749, 926], [1750, 926], [1751, 926], [1753, 926], [1754, 926], [1755, 926], [1756, 926], [1775, 926], [1776, 926], [1777, 926], [1778, 926], [1731, 927], [1732, 927], [1733, 927], [1749, 927], [1750, 927], [1751, 927], [1754, 927], [1755, 927], [1756, 927], [1757, 927], [1776, 927], [1777, 927], [1778, 927], [1779, 927], [1732, 928], [1733, 928], [1734, 928], [1750, 928], [1751, 928], [1752, 928], [1755, 928], [1756, 928], [1757, 928], [1758, 928], [1777, 928], [1778, 928], [1779, 928], [1780, 928], [1732, 929], [1733, 929], [1734, 929], [1735, 929], [1750, 929], [1751, 929], [1752, 929], [1753, 929], [1754, 929], [1756, 929], [1757, 929], [1758, 929], [1778, 929], [1779, 929], [1780, 929], [1781, 929], [1733, 930], [1734, 930], [1735, 930], [1736, 930], [1751, 930], [1752, 930], [1753, 930], [1754, 930], [1755, 930], [1757, 930], [1758, 930], [1779, 930], [1780, 930], [1781, 930], [1782, 930], [1734, 931], [1735, 931], [1736, 931], [1753, 931], [1754, 931], [1755, 931], [1756, 931], [1757, 931], [1758, 931], [1759, 931], [1780, 931], [1781, 931], [1782, 931], [1735, 932], [1736, 932], [1737, 932], [1754, 932], [1755, 932], [1756, 932], [1758, 932], [1759, 932], [1760, 932], [1781, 932], [1782, 932], [1783, 932], [1735, 933], [1736, 933], [1737, 933], [1738, 933], [1755, 933], [1756, 933], [1757, 933], [1759, 933], [1760, 933], [1761, 933], [1781, 933], [1782, 933], [1783, 933], [1784, 933], [1736, 934], [1737, 934], [1738, 934], [1739, 934], [1756, 934], [1757, 934], [1758, 934], [1760, 934], [1761, 934], [1782, 934], [1783, 934], [1784, 934], [1785, 934], [1737, 935], [1738, 935], [1739, 935], [1740, 935], [1757, 935], [1758, 935], [1759, 935], [1760, 935], [1761, 935], [1783, 935], [1784, 935], [1785, 935], [1738, 936], [1739, 936], [1740, 936], [1758, 936], [1759, 936], [1760, 936], [1761, 936], [1784, 936], [1785, 936], [1786, 936], [1739, 937], [1740, 937], [1741, 937], [1784, 937], [1785, 937], [1786, 937], [1787, 937], [1739, 938], [1740, 938], [1741, 938], [1742, 938], [1785, 938], [1786, 938], [1787, 938], [1740, 939], [1741, 939], [1742, 939], [1743, 939], [1786, 939], [1787, 939], [1788, 939], [1741, 940], [1742, 940], [1743, 940], [1744, 940], [1786, 940], [1787, 940], [1788, 940], [1789, 940], [1742, 941], [1743, 941], [1744, 941], [1745, 941], [1787, 941], [1788, 941], [1789, 941], [1790, 941], [1743, 942], [1744, 942], [1745, 942], [1746, 942], [1788, 942], [1789, 942], [1790, 942], [1791, 942], [1744, 943], [1745, 943], [1746, 943], [1747, 943], [1748, 943], [1789, 943], [1790, 943], [1791, 943], [1745, 944], [1746, 944], [1747, 944], [1748, 944], [1749, 944], [1750, 944], [1751, 944], [1752, 944], [1753, 944], [1790, 944], [1791, 944], [1792, 944], [1747, 945], [1748, 945], [1749, 945], [1750, 945], [1751, 945], [1752, 945], [1753, 945], [1754, 945], [1755, 945], [1790, 945], [1791, 945], [1792, 945], [1747, 946], [1748, 946], [1749, 946], [1750, 946], [1752, 946], [1753, 946], [1754, 946], [1755, 946], [1756, 946], [1757, 946], [1791, 946], [1792, 946], [1793, 946], [1754, 947], [1755, 947], [1756, 947], [1757, 947], [1758, 947], [1769, 947], [1770, 947], [1771, 947], [1791, 947], [1792, 947], [1793, 947], [1794, 947], [1795, 947], [1756, 948], [1757, 948], [1758, 948], [1759, 948], [1769, 948], [1770, 948], [1771, 948], [1772, 948], [1792, 948], [1793, 948], [1794, 948], [1795, 948], [1757, 949], [1758, 949], [1759, 949], [1760, 949], [1769, 949], [1770, 949], [1771, 949], [1772, 949], [1773, 949], [1774, 949], [1794, 949], [1795, 949], [1796, 949], [1758, 950], [1759, 950], [1760, 950], [1761, 950], [1769, 950], [1770, 950], [1771, 950], [1772, 950], [1773, 950], [1774, 950], [1775, 950], [1776, 950], [1794, 950], [1795, 950], [1796, 950], [1759, 951], [1760, 951], [1761, 951], [1762, 951], [1770, 951], [1771, 951], [1772, 951], [1773, 951], [1774, 951], [1775, 951], [1776, 951], [1795, 951], [1796, 951], [1760, 952], [1761, 952], [1762, 952], [1763, 952], [1771, 952], [1772, 952], [1775, 952], [1776, 952], [1777, 952], [1795, 952], [1796, 952], [1797, 952], [1761, 953], [1762, 953], [1763, 953], [1771, 953], [1772, 953], [1775, 953], [1776, 953], [1777, 953], [1778, 953], [1795, 953], [1796, 953], [1797, 953], [1798, 953], [1762, 954], [1763, 954], [1764, 954], [1771, 954], [1772, 954], [1773, 954], [1774, 954], [1776, 954], [1777, 954], [1778, 954], [1779, 954], [1780, 954], [1796, 954], [1797, 954], [1798, 954], [1799, 954], [1800, 954], [1801, 954], [1762, 955], [1763, 955], [1764, 955], [1765, 955], [1771, 955], [1772, 955], [1773, 955], [1774, 955], [1775, 955], [1777, 955], [1778, 955], [1779, 955], [1780, 955], [1797, 955], [1798, 955], [1799, 955], [1800, 955], [1801, 955], [1802, 955], [1763, 956], [1764, 956], [1765, 956], [1766, 956], [1773, 956], [1774, 956], [1775, 956], [1779, 956], [1780, 956], [1800, 956], [1801, 956], [1802, 956], [1803, 956], [1764, 957], [1765, 957], [1766, 957], [1767, 957], [1774, 957], [1775, 957], [1776, 957], [1779, 957], [1780, 957], [1801, 957], [1802, 957], [1803, 957], [1804, 957], [1765, 958], [1766, 958], [1767, 958], [1768, 958], [1774, 958], [1775, 958], [1776, 958], [1777, 958], [1779, 958], [1780, 958], [1802, 958], [1803, 958], [1804, 958], [1805, 958], [1762, 959], [1763, 959], [1764, 959], [1766, 959], [1767, 959], [1768, 959], [1775, 959], [1776, 959], [1777, 959], [1778, 959], [1779, 959], [1780, 959], [1803, 959], [1804, 959], [1805, 959], [1806, 959], [1759, 960], [1760, 960], [1761, 960], [1762, 960], [1763, 960], [1764, 960], [1765, 960], [1766, 960], [1767, 960], [1768, 960], [1776, 960], [1777, 960], [1778, 960], [1779, 960], [1780, 960], [1804, 960], [1805, 960], [1806, 960], [1807, 960], [1759, 961], [1760, 961], [1761, 961], [1762, 961], [1763, 961], [1764, 961], [1765, 961], [1766, 961], [1767, 961], [1805, 961], [1806, 961], [1807, 961], [1808, 961], [1759, 962], [1760, 962], [1761, 962], [1764, 962], [1765, 962], [1766, 962], [1767, 962], [1806, 962], [1807, 962], [1808, 962], [1809, 962], [1759, 963], [1760, 963], [1761, 963], [1762, 963], [1807, 963], [1808, 963], [1809, 963], [1760, 964], [1761, 964], [1762, 964], [1763, 964], [1808, 964], [1809, 964], [1810, 964], [1761, 965], [1762, 965], [1763, 965], [1808, 965], [1809, 965], [1810, 965], [1811, 965], [1762, 966], [1763, 966], [1764, 966], [1809, 966], [1810, 966], [1811, 966], [1812, 966], [1762, 967], [1763, 967], [1764, 967], [1765, 967], [1810, 967], [1811, 967], [1812, 967], [1813, 967], [1763, 968], [1764, 968], [1765, 968], [1811, 968], [1812, 968], [1813, 968], [1764, 969], [1765, 969], [1766, 969], [1812, 969], [1813, 969], [1814, 969], [1764, 970], [1765, 970], [1766, 970], [1767, 970], [1812, 970], [1813, 970], [1814, 970], [1815, 970], [1765, 971], [1766, 971], [1767, 971], [1768, 971], [1813, 971], [1814, 971], [1815, 971], [1816, 971], [1766, 972], [1767, 972], [1768, 972], [1814, 972], [1815, 972], [1816, 972], [1817, 972], [1767, 973], [1768, 973], [1769, 973], [1815, 973], [1816, 973], [1817, 973], [1818, 973], [1767, 974], [1768, 974], [1769, 974], [1770, 974], [1816, 974], [1817, 974], [1818, 974], [1819, 974], [1768, 975], [1769, 975], [1770, 975], [1771, 975], [1817, 975], [1818, 975], [1819, 975], [1769, 976], [1770, 976], [1771, 976], [1772, 976], [1818, 976], [1819, 976], [1820, 976], [1770, 977], [1771, 977], [1772, 977], [1818, 977], [1819, 977], [1820, 977], [1821, 977], [1771, 978], [1772, 978], [1773, 978], [1819, 978], [1820, 978], [1821, 978], [1771, 979], [1772, 979], [1773, 979], [1774, 979], [1820, 979], [1821, 979], [1822, 979], [1772, 980], [1773, 980], [1774, 980], [1775, 980], [1820, 980], [1821, 980], [1822, 980], [1823, 980], [1773, 981], [1774, 981], [1775, 981], [1776, 981], [1806, 981], [1807, 981], [1808, 981], [1809, 981], [1821, 981], [1822, 981], [1823, 981], [1824, 981], [1774, 982], [1775, 982], [1776, 982], [1806, 982], [1807, 982], [1808, 982], [1809, 982], [1810, 982], [1811, 982], [1822, 982], [1823, 982], [1824, 982], [1775, 983], [1776, 983], [1777, 983], [1806, 983], [1807, 983], [1809, 983], [1810, 983], [1811, 983], [1812, 983], [1823, 983], [1824, 983], [1775, 984], [1776, 984], [1777, 984], [1778, 984], [1806, 984], [1807, 984], [1808, 984], [1810, 984], [1811, 984], [1812, 984], [1813, 984], [1824, 984], [1776, 985], [1777, 985], [1778, 985], [1779, 985], [1807, 985], [1808, 985], [1811, 985], [1812, 985], [1813, 985], [1814, 985], [1777, 986], [1778, 986], [1779, 986], [1802, 986], [1803, 986], [1804, 986], [1805, 986], [1806, 986], [1807, 986], [1808, 986], [1812, 986], [1813, 986], [1814, 986], [1778, 987], [1779, 987], [1780, 987], [1781, 987], [1802, 987], [1803, 987], [1804, 987], [1805, 987], [1806, 987], [1807, 987], [1808, 987], [1809, 987], [1813, 987], [1814, 987], [1815, 987], [1778, 988], [1779, 988], [1780, 988], [1781, 988], [1802, 988], [1803, 988], [1804, 988], [1805, 988], [1806, 988], [1807, 988], [1808, 988], [1809, 988], [1810, 988], [1811, 988], [1813, 988], [1814, 988], [1815, 988], [1816, 988], [1780, 989], [1781, 989], [1782, 989], [1802, 989], [1803, 989], [1804, 989], [1805, 989], [1806, 989], [1807, 989], [1809, 989], [1810, 989], [1811, 989], [1814, 989], [1815, 989], [1816, 989], [1817, 989], [1780, 990], [1781, 990], [1782, 990], [1783, 990], [1802, 990], [1803, 990], [1805, 990], [1806, 990], [1807, 990], [1808, 990], [1809, 990], [1810, 990], [1811, 990], [1812, 990], [1815, 990], [1816, 990], [1817, 990], [1818, 990], [1781, 991], [1782, 991], [1783, 991], [1802, 991], [1803, 991], [1804, 991], [1807, 991], [1808, 991], [1809, 991], [1810, 991], [1811, 991], [1812, 991], [1813, 991], [1814, 991], [1815, 991], [1816, 991], [1817, 991], [1818, 991], [1782, 992], [1783, 992], [1784, 992], [1802, 992], [1803, 992], [1804, 992], [1805, 992], [1809, 992], [1810, 992], [1811, 992], [1812, 992], [1813, 992], [1814, 992], [1815, 992], [1816, 992], [1817, 992], [1818, 992], [1782, 993], [1783, 993], [1784, 993], [1785, 993], [1803, 993], [1804, 993], [1805, 993], [1806, 993], [1810, 993], [1811, 993], [1812, 993], [1813, 993], [1783, 994], [1784, 994], [1785, 994], [1786, 994], [1804, 994], [1805, 994], [1806, 994], [1807, 994], [1811, 994], [1812, 994], [1813, 994], [1814, 994], [1784, 995], [1785, 995], [1786, 995], [1805, 995], [1806, 995], [1807, 995], [1808, 995], [1812, 995], [1813, 995], [1814, 995], [1785, 996], [1786, 996], [1787, 996], [1806, 996], [1807, 996], [1808, 996], [1812, 996], [1813, 996], [1814, 996], [1785, 997], [1786, 997], [1787, 997], [1788, 997], [1807, 997], [1808, 997], [1809, 997], [1812, 997], [1813, 997], [1814, 997], [1815, 997], [1786, 998], [1787, 998], [1788, 998], [1789, 998], [1807, 998], [1808, 998], [1809, 998], [1810, 998], [1813, 998], [1814, 998], [1815, 998], [1816, 998], [1787, 999], [1788, 999], [1789, 999], [1790, 999], [1808, 999], [1809, 999], [1810, 999], [1811, 999], [1814, 999], [1815, 999], [1816, 999], [1817, 999], [1788, 1000], [1789, 1000], [1790, 1000], [1809, 1000], [1810, 1000], [1811, 1000], [1812, 1000], [1815, 1000], [1816, 1000], [1817, 1000], [1818, 1000], [1819, 1000], [1789, 1001], [1790, 1001], [1791, 1001], [1810, 1001], [1811, 1001], [1812, 1001], [1813, 1001], [1816, 1001], [1817, 1001], [1818, 1001], [1819, 1001], [1820, 1001], [1821, 1001], [1789, 1002], [1790, 1002], [1791, 1002], [1792, 1002], [1811, 1002], [1812, 1002], [1813, 1002], [1818, 1002], [1819, 1002], [1820, 1002], [1821, 1002], [1790, 1003], [1791, 1003], [1792, 1003], [1793, 1003], [1812, 1003], [1813, 1003], [1814, 1003], [1819, 1003], [1820, 1003], [1821, 1003], [1791, 1004], [1792, 1004], [1793, 1004], [1812, 1004], [1813, 1004], [1814, 1004], [1815, 1004], [1819, 1004], [1820, 1004], [1821, 1004], [1792, 1005], [1793, 1005], [1794, 1005], [1813, 1005], [1814, 1005], [1815, 1005], [1816, 1005], [1819, 1005], [1820, 1005], [1821, 1005], [1822, 1005], [1792, 1006], [1793, 1006], [1794, 1006], [1795, 1006], [1814, 1006], [1815, 1006], [1816, 1006], [1817, 1006], [1820, 1006], [1821, 1006], [1822, 1006], [1823, 1006], [1793, 1007], [1794, 1007], [1795, 1007], [1796, 1007], [1815, 1007], [1816, 1007], [1817, 1007], [1818, 1007], [1821, 1007], [1822, 1007], [1823, 1007], [1824, 1007], [1794, 1008], [1795, 1008], [1796, 1008], [1816, 1008], [1817, 1008], [1818, 1008], [1819, 1008], [1822, 1008], [1823, 1008], [1824, 1008], [1795, 1009], [1796, 1009], [1797, 1009], [1817, 1009], [1818, 1009], [1819, 1009], [1823, 1009], [1824, 1009], [1795, 1010], [1796, 1010], [1797, 1010], [1798, 1010], [1818, 1010], [1819, 1010], [1820, 1010], [1824, 1010], [1796, 1011], [1797, 1011], [1798, 1011], [1818, 1011], [1819, 1011], [1820, 1011], [1797, 1012], [1798, 1012], [1799, 1012], [1819, 1012], [1820, 1012], [1821, 1012], [1797, 1013], [1798, 1013], [1799, 1013], [1800, 1013], [1819, 1013], [1820, 1013], [1821, 1013], [1822, 1013], [1798, 1014], [1799, 1014], [1800, 1014], [1801, 1014], [1820, 1014], [1821, 1014], [1822, 1014], [1823, 1014], [1799, 1015], [1800, 1015], [1801, 1015], [1802, 1015], [1821, 1015], [1822, 1015], [1823, 1015], [1824, 1015], [1800, 1016], [1801, 1016], [1802, 1016], [1822, 1016], [1823, 1016], [1824, 1016], [1801, 1017], [1802, 1017], [1803, 1017], [1823, 1017], [1824, 1017], [1801, 1018], [1802, 1018], [1803, 1018], [1804, 1018], [1823, 1018], [1824, 1018], [1802, 1019], [1803, 1019], [1804, 1019], [1805, 1019], [1824, 1019], [1803, 1020], [1804, 1020], [1805, 1020], [1806, 1020], [1824, 1020], [1804, 1021], [1805, 1021], [1806, 1021], [1807, 1021], [1805, 1022], [1806, 1022], [1807, 1022], [1806, 1023], [1807, 1023], [1808, 1023], [1806, 1024], [1807, 1024], [1808, 1024], [1809, 1024], [1807, 1025], [1808, 1025], [1809, 1025], [1810, 1025], [1808, 1026], [1809, 1026], [1810, 1026], [1811, 1026], [1809, 1027], [1810, 1027], [1811, 1027], [1810, 1028], [1811, 1028], [1812, 1028], [1810, 1029], [1811, 1029], [1812, 1029], [1813, 1029], [1811, 1030], [1812, 1030], [1813, 1030], [1814, 1030], [1812, 1031], [1813, 1031], [1814, 1031], [1813, 1032], [1814, 1032], [1815, 1032], [1813, 1033], [1814, 1033], [1815, 1033], [1816, 1033], [1814, 1034], [1815, 1034], [1816, 1034], [1817, 1034], [1815, 1035], [1816, 1035], [1817, 1035], [1818, 1035], [1816, 1036], [1817, 1036], [1818, 1036], [1819, 1036], [1817, 1037], [1818, 1037], [1819, 1037], [1820, 1037], [1818, 1038], [1819, 1038], [1820, 1038], [1819, 1039], [1820, 1039], [1821, 1039], [1819, 1040], [1820, 1040], [1821, 1040], [1822, 1040], [1820, 1041], [1821, 1041], [1822, 1041], [1821, 1042], [1822, 1042], [1823, 1042], [1824, 1042], [1821, 1043], [1822, 1043], [1823, 1043], [1824, 1043], [1823, 1044], [1824, 1044], [1823, 1045], [1824, 1045], [1824, 1046]


