White line left - [900, 604], [901, 604], [902, 604], [903, 604], [904, 604], [905, 604], [906, 604], [907, 604], [908, 604], [909, 604], [924, 604], [925, 604], [926, 604], [927, 604], [928, 604], [929, 604], [930, 604], [931, 604], [932, 604], [933, 604], [934, 604], [935, 604], [936, 604], [937, 604], [938, 604], [939, 604], [940, 604], [941, 604], [942, 604], [943, 604], [944, 604], [945, 604], [946, 604], [947, 604], [948, 604], [949, 604], [950, 604], [899, 605], [900, 605], [901, 605], [902, 605], [903, 605], [904, 605], [905, 605], [906, 605], [907, 605], [908, 605], [909, 605], [917, 605], [918, 605], [919, 605], [920, 605], [921, 605], [922, 605], [923, 605], [924, 605], [925, 605], [926, 605], [927, 605], [928, 605], [929, 605], [930, 605], [931, 605], [932, 605], [933, 605], [934, 605], [935, 605], [936, 605], [937, 605], [938, 605], [939, 605], [940, 605], [941, 605], [942, 605], [943, 605], [944, 605], [945, 605], [946, 605], [947, 605], [948, 605], [949, 605], [950, 605], [951, 605], [952, 605], [953, 605], [954, 605], [955, 605], [956, 605], [957, 605], [958, 605], [898, 606], [899, 606], [900, 606], [901, 606], [908, 606], [909, 606], [915, 606], [916, 606], [917, 606], [918, 606], [919, 606], [920, 606], [921, 606], [922, 606], [923, 606], [924, 606], [925, 606], [932, 606], [933, 606], [934, 606], [935, 606], [949, 606], [950, 606], [951, 606], [952, 606], [953, 606], [954, 606], [955, 606], [956, 606], [957, 606], [958, 606], [898, 607], [899, 607], [900, 607], [908, 607], [909, 607], [910, 607], [914, 607], [915, 607], [916, 607], [917, 607], [918, 607], [955, 607], [956, 607], [957, 607], [958, 607], [897, 608], [898, 608], [899, 608], [908, 608], [909, 608], [910, 608], [911, 608], [913, 608], [914, 608], [915, 608], [916, 608], [954, 608], [955, 608], [956, 608], [957, 608], [896, 609], [897, 609], [898, 609], [899, 609], [909, 609], [910, 609], [911, 609], [912, 609], [913, 609], [914, 609], [915, 609], [952, 609], [953, 609], [954, 609], [955, 609], [956, 609], [895, 610], [896, 610], [897, 610], [898, 610], [910, 610], [911, 610], [912, 610], [913, 610], [914, 610], [935, 610], [936, 610], [937, 610], [938, 610], [939, 610], [942, 610], [943, 610], [944, 610], [945, 610], [946, 610], [949, 610], [950, 610], [951, 610], [952, 610], [953, 610], [954, 610], [955, 610], [894, 611], [895, 611], [896, 611], [897, 611], [910, 611], [911, 611], [912, 611], [913, 611], [914, 611], [915, 611], [934, 611], [935, 611], [936, 611], [937, 611], [938, 611], [939, 611], [940, 611], [941, 611], [942, 611], [943, 611], [944, 611], [945, 611], [946, 611], [947, 611], [948, 611], [949, 611], [950, 611], [951, 611], [952, 611], [953, 611], [894, 612], [895, 612], [896, 612], [910, 612], [911, 612], [912, 612], [913, 612], [914, 612], [915, 612], [933, 612], [934, 612], [935, 612], [936, 612], [938, 612], [939, 612], [940, 612], [941, 612], [942, 612], [943, 612], [945, 612], [946, 612], [947, 612], [948, 612], [949, 612], [950, 612], [894, 613], [895, 613], [910, 613], [911, 613], [912, 613], [913, 613], [914, 613], [915, 613], [927, 613], [928, 613], [929, 613], [930, 613], [931, 613], [933, 613], [934, 613], [935, 613], [946, 613], [947, 613], [948, 613], [949, 613], [893, 614], [894, 614], [895, 614], [911, 614], [912, 614], [913, 614], [914, 614], [918, 614], [919, 614], [920, 614], [921, 614], [922, 614], [926, 614], [927, 614], [928, 614], [929, 614], [930, 614], [931, 614], [932, 614], [933, 614], [934, 614], [893, 615], [894, 615], [895, 615], [911, 615], [912, 615], [913, 615], [914, 615], [918, 615], [919, 615], [920, 615], [921, 615], [922, 615], [923, 615], [925, 615], [926, 615], [927, 615], [928, 615], [930, 615], [931, 615], [932, 615], [933, 615], [934, 615], [945, 615], [946, 615], [947, 615], [893, 616], [894, 616], [914, 616], [915, 616], [916, 616], [917, 616], [918, 616], [919, 616], [921, 616], [922, 616], [923, 616], [924, 616], [925, 616], [926, 616], [927, 616], [944, 616], [945, 616], [946, 616], [947, 616], [954, 616], [955, 616], [956, 616], [957, 616], [892, 617], [893, 617], [894, 617], [913, 617], [914, 617], [915, 617], [916, 617], [917, 617], [918, 617], [919, 617], [922, 617], [923, 617], [924, 617], [925, 617], [926, 617], [944, 617], [945, 617], [946, 617], [947, 617], [954, 617], [955, 617], [956, 617], [957, 617], [892, 618], [893, 618], [894, 618], [912, 618], [913, 618], [914, 618], [915, 618], [916, 618], [917, 618], [918, 618], [919, 618], [923, 618], [924, 618], [925, 618], [926, 618], [944, 618], [945, 618], [946, 618], [954, 618], [955, 618], [956, 618], [957, 618], [959, 618], [892, 619], [893, 619], [912, 619], [913, 619], [914, 619], [916, 619], [917, 619], [918, 619], [923, 619], [924, 619], [925, 619], [953, 619], [954, 619], [955, 619], [956, 619], [957, 619], [958, 619], [959, 619], [892, 620], [893, 620], [912, 620], [913, 620], [916, 620], [917, 620], [918, 620], [919, 620], [952, 620], [953, 620], [954, 620], [955, 620], [956, 620], [957, 620], [958, 620], [959, 620], [892, 621], [893, 621], [912, 621], [913, 621], [916, 621], [917, 621], [918, 621], [919, 621], [951, 621], [952, 621], [953, 621], [954, 621], [892, 622], [893, 622], [911, 622], [912, 622], [913, 622], [916, 622], [917, 622], [918, 622], [919, 622], [920, 622], [950, 622], [951, 622], [952, 622], [953, 622], [891, 623], [892, 623], [893, 623], [911, 623], [912, 623], [913, 623], [915, 623], [916, 623], [917, 623], [918, 623], [919, 623], [920, 623], [921, 623], [922, 623], [950, 623], [951, 623], [952, 623], [891, 624], [892, 624], [893, 624], [911, 624], [912, 624], [913, 624], [914, 624], [915, 624], [916, 624], [917, 624], [919, 624], [920, 624], [921, 624], [922, 624], [930, 624], [931, 624], [932, 624], [933, 624], [934, 624], [935, 624], [950, 624], [951, 624], [891, 625], [892, 625], [912, 625], [913, 625], [914, 625], [915, 625], [916, 625], [918, 625], [919, 625], [920, 625], [921, 625], [922, 625], [930, 625], [931, 625], [932, 625], [933, 625], [934, 625], [935, 625], [936, 625], [949, 625], [950, 625], [951, 625], [891, 626], [892, 626], [912, 626], [913, 626], [914, 626], [915, 626], [918, 626], [919, 626], [920, 626], [921, 626], [930, 626], [931, 626], [934, 626], [935, 626], [936, 626], [937, 626], [948, 626], [949, 626], [950, 626], [951, 626], [891, 627], [892, 627], [912, 627], [913, 627], [914, 627], [918, 627], [919, 627], [930, 627], [931, 627], [935, 627], [936, 627], [937, 627], [947, 627], [948, 627], [949, 627], [950, 627], [891, 628], [892, 628], [917, 628], [918, 628], [919, 628], [930, 628], [931, 628], [936, 628], [937, 628], [938, 628], [941, 628], [942, 628], [943, 628], [947, 628], [948, 628], [949, 628], [891, 629], [892, 629], [917, 629], [918, 629], [919, 629], [929, 629], [930, 629], [931, 629], [936, 629], [937, 629], [938, 629], [939, 629], [940, 629], [941, 629], [942, 629], [943, 629], [944, 629], [946, 629], [947, 629], [948, 629], [891, 630], [892, 630], [917, 630], [918, 630], [919, 630], [929, 630], [930, 630], [931, 630], [937, 630], [938, 630], [939, 630], [940, 630], [941, 630], [942, 630], [943, 630], [944, 630], [945, 630], [946, 630], [947, 630], [948, 630], [890, 631], [891, 631], [892, 631], [917, 631], [918, 631], [919, 631], [928, 631], [929, 631], [930, 631], [943, 631], [944, 631], [945, 631], [946, 631], [947, 631], [890, 632], [891, 632], [892, 632], [918, 632], [919, 632], [927, 632], [928, 632], [929, 632], [930, 632], [944, 632], [945, 632], [946, 632], [947, 632], [890, 633], [891, 633], [905, 633], [906, 633], [907, 633], [908, 633], [918, 633], [919, 633], [927, 633], [928, 633], [929, 633], [890, 634], [891, 634], [905, 634], [906, 634], [907, 634], [908, 634], [917, 634], [918, 634], [919, 634], [927, 634], [928, 634], [890, 635], [891, 635], [892, 635], [904, 635], [905, 635], [907, 635], [908, 635], [909, 635], [910, 635], [911, 635], [912, 635], [913, 635], [917, 635], [918, 635], [919, 635], [926, 635], [927, 635], [928, 635], [890, 636], [891, 636], [892, 636], [893, 636], [903, 636], [904, 636], [905, 636], [906, 636], [907, 636], [908, 636], [909, 636], [910, 636], [911, 636], [912, 636], [913, 636], [914, 636], [916, 636], [917, 636], [918, 636], [925, 636], [926, 636], [927, 636], [928, 636], [891, 637], [892, 637], [893, 637], [894, 637], [895, 637], [896, 637], [897, 637], [903, 637], [904, 637], [905, 637], [906, 637], [907, 637], [908, 637], [909, 637], [910, 637], [912, 637], [913, 637], [914, 637], [916, 637], [917, 637], [918, 637], [925, 637], [926, 637], [927, 637], [892, 638], [893, 638], [894, 638], [895, 638], [896, 638], [897, 638], [903, 638], [904, 638], [912, 638], [913, 638], [914, 638], [916, 638], [917, 638], [918, 638], [925, 638], [926, 638], [895, 639], [896, 639], [897, 639], [903, 639], [904, 639], [912, 639], [913, 639], [916, 639], [917, 639], [918, 639], [924, 639], [925, 639], [926, 639], [951, 639], [952, 639], [953, 639], [954, 639], [955, 639], [895, 640], [896, 640], [902, 640], [903, 640], [904, 640], [911, 640], [912, 640], [913, 640], [916, 640], [917, 640], [918, 640], [924, 640], [925, 640], [926, 640], [951, 640], [952, 640], [953, 640], [954, 640], [955, 640], [895, 641], [896, 641], [901, 641], [902, 641], [903, 641], [904, 641], [911, 641], [912, 641], [913, 641], [915, 641], [916, 641], [917, 641], [924, 641], [925, 641], [950, 641], [951, 641], [952, 641], [954, 641], [955, 641], [895, 642], [896, 642], [900, 642], [901, 642], [902, 642], [903, 642], [911, 642], [912, 642], [915, 642], [916, 642], [917, 642], [924, 642], [925, 642], [949, 642], [950, 642], [951, 642], [952, 642], [954, 642], [955, 642], [895, 643], [896, 643], [897, 643], [898, 643], [899, 643], [900, 643], [901, 643], [902, 643], [911, 643], [912, 643], [914, 643], [915, 643], [916, 643], [924, 643], [925, 643], [949, 643], [950, 643], [951, 643], [954, 643], [955, 643], [895, 644], [896, 644], [897, 644], [898, 644], [899, 644], [900, 644], [901, 644], [911, 644], [912, 644], [913, 644], [914, 644], [915, 644], [916, 644], [923, 644], [924, 644], [925, 644], [949, 644], [950, 644], [954, 644], [955, 644], [956, 644], [911, 645], [912, 645], [913, 645], [914, 645], [915, 645], [923, 645], [924, 645], [925, 645], [949, 645], [950, 645], [954, 645], [955, 645], [956, 645], [912, 646], [913, 646], [914, 646], [923, 646], [924, 646], [948, 646], [949, 646], [950, 646], [955, 646], [956, 646], [922, 647], [923, 647], [924, 647], [948, 647], [949, 647], [950, 647], [955, 647], [956, 647], [922, 648], [923, 648], [924, 648], [948, 648], [949, 648], [955, 648], [956, 648], [957, 648], [958, 648], [959, 648], [892, 649], [893, 649], [894, 649], [895, 649], [896, 649], [897, 649], [898, 649], [899, 649], [922, 649], [923, 649], [948, 649], [949, 649], [955, 649], [956, 649], [957, 649], [958, 649], [959, 649], [891, 650], [892, 650], [893, 650], [894, 650], [895, 650], [896, 650], [897, 650], [898, 650], [899, 650], [921, 650], [922, 650], [923, 650], [948, 650], [949, 650], [959, 650], [890, 651], [891, 651], [892, 651], [893, 651], [898, 651], [899, 651], [900, 651], [920, 651], [921, 651], [922, 651], [923, 651], [948, 651], [949, 651], [959, 651], [888, 652], [889, 652], [890, 652], [891, 652], [892, 652], [898, 652], [899, 652], [900, 652], [920, 652], [921, 652], [922, 652], [940, 652], [941, 652], [942, 652], [943, 652], [944, 652], [948, 652], [949, 652], [953, 652], [954, 652], [955, 652], [956, 652], [958, 652], [959, 652], [888, 653], [889, 653], [890, 653], [891, 653], [898, 653], [899, 653], [900, 653], [919, 653], [920, 653], [921, 653], [940, 653], [941, 653], [942, 653], [943, 653], [944, 653], [948, 653], [949, 653], [951, 653], [952, 653], [953, 653], [954, 653], [955, 653], [956, 653], [957, 653], [958, 653], [959, 653], [888, 654], [889, 654], [898, 654], [899, 654], [900, 654], [919, 654], [920, 654], [921, 654], [939, 654], [940, 654], [941, 654], [943, 654], [944, 654], [945, 654], [947, 654], [948, 654], [949, 654], [950, 654], [951, 654], [952, 654], [953, 654], [954, 654], [955, 654], [956, 654], [957, 654], [958, 654], [959, 654], [888, 655], [889, 655], [897, 655], [898, 655], [899, 655], [919, 655], [920, 655], [934, 655], [935, 655], [936, 655], [937, 655], [938, 655], [939, 655], [940, 655], [941, 655], [943, 655], [944, 655], [945, 655], [946, 655], [947, 655], [948, 655], [950, 655], [951, 655], [952, 655], [888, 656], [889, 656], [897, 656], [898, 656], [899, 656], [919, 656], [920, 656], [933, 656], [934, 656], [935, 656], [936, 656], [937, 656], [938, 656], [939, 656], [940, 656], [944, 656], [945, 656], [946, 656], [947, 656], [948, 656], [949, 656], [950, 656], [951, 656], [888, 657], [889, 657], [896, 657], [897, 657], [898, 657], [918, 657], [919, 657], [920, 657], [933, 657], [934, 657], [935, 657], [937, 657], [938, 657], [939, 657], [944, 657], [945, 657], [946, 657], [947, 657], [949, 657], [950, 657], [888, 658], [889, 658], [895, 658], [896, 658], [897, 658], [898, 658], [918, 658], [919, 658], [920, 658], [932, 658], [933, 658], [934, 658], [949, 658], [950, 658], [888, 659], [889, 659], [895, 659], [896, 659], [897, 659], [917, 659], [918, 659], [919, 659], [930, 659], [931, 659], [932, 659], [933, 659], [934, 659], [949, 659], [950, 659], [888, 660], [889, 660], [894, 660], [895, 660], [896, 660], [917, 660], [918, 660], [919, 660], [929, 660], [930, 660], [931, 660], [932, 660], [933, 660], [949, 660], [950, 660], [888, 661], [889, 661], [890, 661], [891, 661], [892, 661], [893, 661], [894, 661], [895, 661], [896, 661], [917, 661], [918, 661], [928, 661], [929, 661], [930, 661], [931, 661], [949, 661], [950, 661], [888, 662], [889, 662], [890, 662], [891, 662], [892, 662], [893, 662], [894, 662], [895, 662], [917, 662], [918, 662], [926, 662], [927, 662], [928, 662], [929, 662], [930, 662], [949, 662], [950, 662], [891, 663], [892, 663], [893, 663], [894, 663], [917, 663], [918, 663], [925, 663], [926, 663], [927, 663], [928, 663], [929, 663], [949, 663], [950, 663], [951, 663], [917, 664], [918, 664], [925, 664], [926, 664], [927, 664], [949, 664], [950, 664], [951, 664], [917, 665], [918, 665], [924, 665], [925, 665], [926, 665], [950, 665], [951, 665], [952, 665], [917, 666], [918, 666], [919, 666], [923, 666], [924, 666], [925, 666], [926, 666], [950, 666], [951, 666], [952, 666], [953, 666], [917, 667], [918, 667], [919, 667], [920, 667], [921, 667], [922, 667], [923, 667], [924, 667], [925, 667], [951, 667], [952, 667], [953, 667], [954, 667], [955, 667], [956, 667], [957, 667], [958, 667], [959, 667], [889, 668], [890, 668], [891, 668], [892, 668], [893, 668], [918, 668], [919, 668], [920, 668], [921, 668], [922, 668], [923, 668], [924, 668], [942, 668], [943, 668], [944, 668], [945, 668], [952, 668], [953, 668], [954, 668], [955, 668], [956, 668], [957, 668], [958, 668], [959, 668], [871, 669], [872, 669], [873, 669], [874, 669], [875, 669], [876, 669], [889, 669], [890, 669], [891, 669], [892, 669], [893, 669], [940, 669], [941, 669], [942, 669], [943, 669], [944, 669], [945, 669], [946, 669], [871, 670], [872, 670], [873, 670], [874, 670], [875, 670], [876, 670], [877, 670], [889, 670], [890, 670], [892, 670], [893, 670], [939, 670], [940, 670], [941, 670], [942, 670], [943, 670], [944, 670], [945, 670], [946, 670], [947, 670], [871, 671], [872, 671], [875, 671], [876, 671], [877, 671], [888, 671], [889, 671], [890, 671], [892, 671], [893, 671], [939, 671], [940, 671], [941, 671], [945, 671], [946, 671], [947, 671], [871, 672], [872, 672], [875, 672], [876, 672], [877, 672], [888, 672], [889, 672], [890, 672], [892, 672], [893, 672], [939, 672], [940, 672], [946, 672], [947, 672], [871, 673], [872, 673], [874, 673], [875, 673], [876, 673], [877, 673], [888, 673], [889, 673], [892, 673], [893, 673], [939, 673], [940, 673], [945, 673], [946, 673], [947, 673], [871, 674], [872, 674], [874, 674], [875, 674], [876, 674], [888, 674], [889, 674], [891, 674], [892, 674], [893, 674], [894, 674], [895, 674], [896, 674], [897, 674], [939, 674], [940, 674], [945, 674], [946, 674], [947, 674], [871, 675], [872, 675], [874, 675], [875, 675], [888, 675], [889, 675], [890, 675], [891, 675], [892, 675], [894, 675], [895, 675], [896, 675], [897, 675], [898, 675], [899, 675], [900, 675], [901, 675], [902, 675], [939, 675], [940, 675], [941, 675], [945, 675], [946, 675], [871, 676], [872, 676], [873, 676], [874, 676], [875, 676], [888, 676], [889, 676], [890, 676], [891, 676], [893, 676], [894, 676], [895, 676], [896, 676], [897, 676], [898, 676], [899, 676], [900, 676], [901, 676], [902, 676], [939, 676], [940, 676], [941, 676], [942, 676], [943, 676], [944, 676], [945, 676], [946, 676], [871, 677], [872, 677], [873, 677], [874, 677], [875, 677], [891, 677], [892, 677], [893, 677], [894, 677], [897, 677], [898, 677], [899, 677], [900, 677], [901, 677], [902, 677], [904, 677], [905, 677], [906, 677], [907, 677], [940, 677], [941, 677], [942, 677], [943, 677], [944, 677], [945, 677], [946, 677], [950, 677], [951, 677], [952, 677], [953, 677], [871, 678], [872, 678], [873, 678], [874, 678], [890, 678], [891, 678], [892, 678], [893, 678], [895, 678], [896, 678], [897, 678], [898, 678], [899, 678], [900, 678], [901, 678], [902, 678], [904, 678], [905, 678], [906, 678], [907, 678], [943, 678], [944, 678], [945, 678], [950, 678], [951, 678], [952, 678], [953, 678], [890, 679], [891, 679], [892, 679], [894, 679], [895, 679], [896, 679], [897, 679], [898, 679], [899, 679], [900, 679], [901, 679], [902, 679], [904, 679], [905, 679], [906, 679], [907, 679], [949, 679], [950, 679], [951, 679], [952, 679], [953, 679], [954, 679], [890, 680], [891, 680], [893, 680], [894, 680], [895, 680], [896, 680], [897, 680], [898, 680], [900, 680], [901, 680], [949, 680], [950, 680], [951, 680], [952, 680], [953, 680], [954, 680], [890, 681], [891, 681], [893, 681], [894, 681], [895, 681], [897, 681], [898, 681], [899, 681], [900, 681], [901, 681], [949, 681], [950, 681], [951, 681], [953, 681], [954, 681], [889, 682], [890, 682], [891, 682], [892, 682], [893, 682], [894, 682], [897, 682], [898, 682], [899, 682], [900, 682], [901, 682], [950, 682], [951, 682], [953, 682], [954, 682], [889, 683], [890, 683], [891, 683], [892, 683], [893, 683], [894, 683], [949, 683], [950, 683], [951, 683], [952, 683], [953, 683], [954, 683], [889, 684], [890, 684], [892, 684], [893, 684], [949, 684], [950, 684], [951, 684], [952, 684], [953, 684], [954, 684], [888, 685], [889, 685], [890, 685], [892, 685], [893, 685], [894, 685], [948, 685], [949, 685], [950, 685], [952, 685], [953, 685], [888, 686], [889, 686], [890, 686], [892, 686], [893, 686], [894, 686], [948, 686], [949, 686], [950, 686], [952, 686], [953, 686], [954, 686], [888, 687], [889, 687], [890, 687], [892, 687], [893, 687], [894, 687], [948, 687], [949, 687], [952, 687], [953, 687], [954, 687], [887, 688], [888, 688], [889, 688], [890, 688], [891, 688], [892, 688], [893, 688], [894, 688], [948, 688], [949, 688], [953, 688], [954, 688], [886, 689], [887, 689], [888, 689], [889, 689], [891, 689], [892, 689], [893, 689], [948, 689], [949, 689], [953, 689], [954, 689], [886, 690], [887, 690], [888, 690], [891, 690], [892, 690], [948, 690], [949, 690], [950, 690], [952, 690], [953, 690], [954, 690], [885, 691], [886, 691], [887, 691], [891, 691], [892, 691], [914, 691], [915, 691], [916, 691], [917, 691], [948, 691], [949, 691], [950, 691], [951, 691], [952, 691], [953, 691], [954, 691], [884, 692], [885, 692], [886, 692], [887, 692], [891, 692], [892, 692], [914, 692], [915, 692], [916, 692], [917, 692], [949, 692], [950, 692], [951, 692], [952, 692], [953, 692], [883, 693], [884, 693], [885, 693], [886, 693], [890, 693], [891, 693], [892, 693], [914, 693], [915, 693], [916, 693], [917, 693], [950, 693], [951, 693], [952, 693], [953, 693], [883, 694], [884, 694], [885, 694], [890, 694], [891, 694], [892, 694], [914, 694], [915, 694], [916, 694], [882, 695], [883, 695], [884, 695], [890, 695], [891, 695], [914, 695], [915, 695], [916, 695], [882, 696], [883, 696], [884, 696], [890, 696], [891, 696], [881, 697], [882, 697], [883, 697], [889, 697], [890, 697], [891, 697], [881, 698], [882, 698], [883, 698], [889, 698], [890, 698], [891, 698], [881, 699], [882, 699], [889, 699], [890, 699], [891, 699], [881, 700], [882, 700], [889, 700], [890, 700], [891, 700], [881, 701], [882, 701], [889, 701], [890, 701], [891, 701], [881, 702], [882, 702], [883, 702], [884, 702], [889, 702], [890, 702], [891, 702], [881, 703], [882, 703], [883, 703], [884, 703], [885, 703], [889, 703], [890, 703], [883, 704], [884, 704], [885, 704], [886, 704], [887, 704], [888, 704], [889, 704], [890, 704], [884, 705], [885, 705], [886, 705], [887, 705], [888, 705], [889, 705], [890, 705], [891, 706], [892, 706], [893, 706], [894, 706], [895, 706], [868, 707], [869, 707], [870, 707], [871, 707], [872, 707], [890, 707], [891, 707], [892, 707], [893, 707], [894, 707], [895, 707], [898, 707], [899, 707], [900, 707], [901, 707], [902, 707], [867, 708], [868, 708], [869, 708], [870, 708], [871, 708], [872, 708], [888, 708], [889, 708], [890, 708], [891, 708], [892, 708], [894, 708], [895, 708], [896, 708], [897, 708], [898, 708], [899, 708], [900, 708], [901, 708], [902, 708], [903, 708], [859, 709], [860, 709], [861, 709], [867, 709], [868, 709], [869, 709], [870, 709], [871, 709], [872, 709], [888, 709], [889, 709], [890, 709], [891, 709], [894, 709], [895, 709], [896, 709], [897, 709], [898, 709], [899, 709], [901, 709], [902, 709], [903, 709], [859, 710], [860, 710], [861, 710], [862, 710], [866, 710], [867, 710], [868, 710], [870, 710], [871, 710], [887, 710], [888, 710], [889, 710], [902, 710], [903, 710], [859, 711], [860, 711], [861, 711], [862, 711], [866, 711], [867, 711], [868, 711], [869, 711], [870, 711], [871, 711], [887, 711], [888, 711], [889, 711], [894, 711], [895, 711], [896, 711], [897, 711], [902, 711], [903, 711], [859, 712], [860, 712], [861, 712], [862, 712], [865, 712], [866, 712], [867, 712], [869, 712], [870, 712], [871, 712], [887, 712], [888, 712], [892, 712], [893, 712], [894, 712], [895, 712], [896, 712], [897, 712], [902, 712], [903, 712], [859, 713], [860, 713], [861, 713], [864, 713], [865, 713], [866, 713], [867, 713], [869, 713], [870, 713], [887, 713], [888, 713], [891, 713], [892, 713], [893, 713], [894, 713], [895, 713], [896, 713], [897, 713], [901, 713], [902, 713], [903, 713], [864, 714], [865, 714], [866, 714], [868, 714], [869, 714], [870, 714], [887, 714], [888, 714], [891, 714], [892, 714], [893, 714], [896, 714], [897, 714], [898, 714], [899, 714], [901, 714], [902, 714], [903, 714], [864, 715], [865, 715], [868, 715], [869, 715], [870, 715], [887, 715], [888, 715], [891, 715], [892, 715], [896, 715], [897, 715], [898, 715], [899, 715], [900, 715], [901, 715], [902, 715], [864, 716], [865, 716], [868, 716], [869, 716], [887, 716], [888, 716], [889, 716], [890, 716], [891, 716], [892, 716], [898, 716], [899, 716], [900, 716], [901, 716], [902, 716], [864, 717], [865, 717], [867, 717], [868, 717], [869, 717], [887, 717], [888, 717], [889, 717], [890, 717], [891, 717], [892, 717], [947, 717], [948, 717], [949, 717], [864, 718], [865, 718], [866, 718], [867, 718], [868, 718], [869, 718], [946, 718], [947, 718], [948, 718], [949, 718], [864, 719], [865, 719], [866, 719], [867, 719], [868, 719], [946, 719], [947, 719], [948, 719], [949, 719], [865, 720], [866, 720], [867, 720], [946, 720], [947, 720], [948, 720], [949, 720], [950, 720], [946, 721], [947, 721], [948, 721], [949, 721], [950, 721], [946, 722], [947, 722], [948, 722], [949, 722], [950, 722], [947, 730], [948, 730], [949, 730], [950, 730], [958, 730], [959, 730], [947, 731], [948, 731], [949, 731], [950, 731], [953, 731], [954, 731], [955, 731], [956, 731], [957, 731], [958, 731], [959, 731], [886, 732], [887, 732], [888, 732], [889, 732], [947, 732], [948, 732], [949, 732], [950, 732], [952, 732], [953, 732], [954, 732], [955, 732], [956, 732], [957, 732], [958, 732], [959, 732], [885, 733], [886, 733], [887, 733], [888, 733], [889, 733], [890, 733], [946, 733], [947, 733], [948, 733], [949, 733], [950, 733], [951, 733], [952, 733], [953, 733], [954, 733], [955, 733], [956, 733], [957, 733], [958, 733], [885, 734], [886, 734], [887, 734], [888, 734], [889, 734], [890, 734], [946, 734], [947, 734], [948, 734], [949, 734], [950, 734], [951, 734], [952, 734], [953, 734], [885, 735], [886, 735], [889, 735], [890, 735], [891, 735], [935, 735], [936, 735], [937, 735], [946, 735], [947, 735], [949, 735], [950, 735], [951, 735], [952, 735], [959, 735], [885, 736], [886, 736], [889, 736], [890, 736], [891, 736], [934, 736], [935, 736], [936, 736], [937, 736], [945, 736], [946, 736], [947, 736], [949, 736], [950, 736], [951, 736], [952, 736], [959, 736], [885, 737], [886, 737], [888, 737], [889, 737], [890, 737], [891, 737], [932, 737], [933, 737], [934, 737], [935, 737], [936, 737], [937, 737], [945, 737], [946, 737], [947, 737], [959, 737], [884, 738], [885, 738], [886, 738], [887, 738], [888, 738], [889, 738], [890, 738], [891, 738], [931, 738], [932, 738], [933, 738], [934, 738], [935, 738], [936, 738], [945, 738], [946, 738], [959, 738], [884, 739], [885, 739], [886, 739], [887, 739], [888, 739], [889, 739], [890, 739], [896, 739], [897, 739], [898, 739], [931, 739], [932, 739], [933, 739], [935, 739], [936, 739], [944, 739], [945, 739], [946, 739], [958, 739], [959, 739], [883, 740], [884, 740], [885, 740], [887, 740], [888, 740], [889, 740], [890, 740], [891, 740], [892, 740], [896, 740], [897, 740], [898, 740], [899, 740], [931, 740], [932, 740], [933, 740], [934, 740], [935, 740], [936, 740], [944, 740], [945, 740], [946, 740], [958, 740], [959, 740], [883, 741], [884, 741], [885, 741], [889, 741], [890, 741], [891, 741], [892, 741], [896, 741], [897, 741], [898, 741], [899, 741], [900, 741], [932, 741], [933, 741], [934, 741], [935, 741], [936, 741], [944, 741], [945, 741], [958, 741], [959, 741], [883, 742], [884, 742], [885, 742], [890, 742], [891, 742], [892, 742], [896, 742], [897, 742], [898, 742], [899, 742], [900, 742], [933, 742], [934, 742], [935, 742], [936, 742], [943, 742], [944, 742], [945, 742], [951, 742], [952, 742], [953, 742], [954, 742], [955, 742], [956, 742], [958, 742], [959, 742], [884, 743], [885, 743], [886, 743], [887, 743], [888, 743], [889, 743], [890, 743], [891, 743], [892, 743], [896, 743], [897, 743], [899, 743], [900, 743], [943, 743], [944, 743], [945, 743], [951, 743], [952, 743], [953, 743], [954, 743], [955, 743], [956, 743], [957, 743], [958, 743], [959, 743], [884, 744], [885, 744], [886, 744], [887, 744], [888, 744], [889, 744], [890, 744], [891, 744], [896, 744], [897, 744], [898, 744], [899, 744], [900, 744], [943, 744], [944, 744], [945, 744], [950, 744], [951, 744], [952, 744], [955, 744], [956, 744], [957, 744], [958, 744], [959, 744], [896, 745], [897, 745], [898, 745], [899, 745], [900, 745], [944, 745], [945, 745], [950, 745], [951, 745], [952, 745], [956, 745], [957, 745], [958, 745], [959, 745], [897, 746], [898, 746], [899, 746], [944, 746], [945, 746], [949, 746], [950, 746], [951, 746], [944, 747], [945, 747], [946, 747], [949, 747], [950, 747], [951, 747], [944, 748], [945, 748], [946, 748], [949, 748], [950, 748], [945, 749], [946, 749], [948, 749], [949, 749], [950, 749], [945, 750], [946, 750], [947, 750], [948, 750], [949, 750], [950, 750], [945, 751], [946, 751], [947, 751], [948, 751], [949, 751], [946, 752], [947, 752], [948, 752], [869, 759], [870, 759], [871, 759], [875, 759], [876, 759], [877, 759], [878, 759], [879, 759], [883, 759], [884, 759], [885, 759], [886, 759], [887, 759], [869, 760], [870, 760], [871, 760], [874, 760], [875, 760], [876, 760], [877, 760], [878, 760], [879, 760], [880, 760], [881, 760], [882, 760], [883, 760], [884, 760], [885, 760], [886, 760], [887, 760], [868, 761], [869, 761], [870, 761], [871, 761], [874, 761], [875, 761], [876, 761], [878, 761], [879, 761], [880, 761], [881, 761], [882, 761], [883, 761], [884, 761], [886, 761], [887, 761], [868, 762], [869, 762], [870, 762], [871, 762], [874, 762], [875, 762], [885, 762], [886, 762], [887, 762], [868, 763], [869, 763], [870, 763], [871, 763], [874, 763], [875, 763], [885, 763], [886, 763], [887, 763], [868, 764], [870, 764], [874, 764], [875, 764], [885, 764], [886, 764], [867, 765], [868, 765], [869, 765], [870, 765], [874, 765], [875, 765], [876, 765], [877, 765], [878, 765], [885, 765], [886, 765], [887, 765], [867, 766], [868, 766], [869, 766], [870, 766], [874, 766], [875, 766], [876, 766], [877, 766], [878, 766], [885, 766], [886, 766], [887, 766], [867, 767], [868, 767], [869, 767], [870, 767], [877, 767], [878, 767], [885, 767], [886, 767], [887, 767], [867, 768], [868, 768], [869, 768], [870, 768], [876, 768], [877, 768], [878, 768], [885, 768], [886, 768], [866, 769], [867, 769], [868, 769], [869, 769], [870, 769], [876, 769], [877, 769], [878, 769], [885, 769], [886, 769], [866, 770], [867, 770], [868, 770], [869, 770], [870, 770], [876, 770], [877, 770], [884, 770], [885, 770], [886, 770], [866, 771], [867, 771], [868, 771], [869, 771], [875, 771], [876, 771], [877, 771], [884, 771], [885, 771], [886, 771], [866, 772], [867, 772], [868, 772], [869, 772], [875, 772], [876, 772], [877, 772], [884, 772], [885, 772], [886, 772], [866, 773], [867, 773], [868, 773], [869, 773], [875, 773], [876, 773], [884, 773], [885, 773], [886, 773], [866, 774], [868, 774], [875, 774], [876, 774], [884, 774], [885, 774], [886, 774], [866, 775], [867, 775], [868, 775], [875, 775], [876, 775], [883, 775], [884, 775], [885, 775], [866, 776], [867, 776], [868, 776], [874, 776], [875, 776], [876, 776], [883, 776], [884, 776], [885, 776], [874, 777], [875, 777], [876, 777], [883, 777], [884, 777], [874, 778], [875, 778], [882, 778], [883, 778], [884, 778], [874, 779], [875, 779], [882, 779], [883, 779], [884, 779], [874, 780], [875, 780], [881, 780], [882, 780], [883, 780], [874, 781], [875, 781], [881, 781], [882, 781], [883, 781], [874, 782], [875, 782], [876, 782], [877, 782], [878, 782], [881, 782], [882, 782], [874, 783], [875, 783], [876, 783], [877, 783], [878, 783], [879, 783], [880, 783], [881, 783], [882, 783], [875, 784], [876, 784], [877, 784], [878, 784], [879, 784], [880, 784], [881, 784], [882, 784], [875, 785], [876, 785], [877, 785], [878, 785], [879, 785], [880, 785], [881, 785], [875, 786], [876, 786], [877, 786], [878, 786], [879, 786], [880, 786], [881, 786], [876, 787], [877, 787], [878, 787], [879, 787], [880, 787], [881, 787], [873, 790], [874, 790], [875, 790], [873, 791], [875, 791], [873, 792], [874, 792], [875, 792], [944, 843], [945, 843], [946, 843], [947, 843], [944, 844], [945, 844], [946, 844], [947, 844], [943, 845], [944, 845], [945, 845], [946, 845], [947, 845], [943, 846], [944, 846], [945, 846], [946, 846], [947, 846], [943, 847], [944, 847], [946, 847], [947, 847], [943, 848], [944, 848], [946, 848], [947, 848], [943, 849], [944, 849], [946, 849], [947, 849], [943, 850], [944, 850], [946, 850], [947, 850], [943, 851], [944, 851], [945, 851], [946, 851], [947, 851], [943, 852], [944, 852], [945, 852], [946, 852], [947, 852]




Yellow line left - [1151, 453], [1152, 453], [1153, 453], [1154, 453], [1155, 453], [1150, 454], [1151, 454], [1152, 454], [1153, 454], [1154, 454], [1155, 454], [1156, 454], [1157, 454], [1158, 454], [1148, 455], [1149, 455], [1150, 455], [1154, 455], [1155, 455], [1156, 455], [1157, 455], [1158, 455], [1159, 455], [1160, 455], [1146, 456], [1157, 456], [1158, 456], [1159, 456], [1160, 456], [1145, 457], [1158, 457], [1159, 457], [1160, 457], [1143, 458], [1144, 458], [1145, 458], [1146, 458], [1158, 458], [1159, 458], [1160, 458], [1144, 459], [1145, 459], [1146, 459], [1147, 459], [1148, 459], [1149, 459], [1150, 459], [1151, 459], [1152, 459], [1153, 459], [1154, 459], [1155, 459], [1156, 459], [1157, 459], [1158, 459], [1159, 459], [1145, 460], [1146, 460], [1147, 460], [1148, 460], [1149, 460], [1150, 460], [1151, 460], [1152, 460], [1153, 460], [1154, 460], [1155, 460], [1156, 460], [1157, 460], [1158, 460], [1159, 460]




Yellow line right - [1194, 473], [1195, 473], [1196, 473], [1197, 473], [1198, 473], [1199, 473], [1200, 473], [1201, 473], [1202, 473], [1203, 473], [1204, 473], [1205, 473], [1206, 473], [1207, 473], [1193, 474], [1194, 474], [1195, 474], [1196, 474], [1197, 474], [1198, 474], [1199, 474], [1200, 474], [1201, 474], [1202, 474], [1203, 474], [1204, 474], [1205, 474], [1206, 474], [1207, 474], [1208, 474], [1209, 474], [1193, 475], [1194, 475], [1195, 475], [1206, 475], [1207, 475], [1208, 475], [1209, 475], [1193, 476], [1194, 476], [1208, 476], [1209, 476], [1193, 477], [1194, 477], [1195, 477], [1208, 477], [1209, 477], [1193, 478], [1194, 478], [1195, 478], [1196, 478], [1197, 478], [1198, 478], [1206, 478], [1207, 478], [1208, 478], [1209, 478], [1194, 479], [1195, 479], [1196, 479], [1197, 479], [1198, 479], [1199, 479], [1200, 479], [1201, 479], [1202, 479], [1203, 479], [1204, 479], [1205, 479], [1206, 479], [1207, 479], [1208, 479], [1209, 479], [1197, 480], [1198, 480], [1199, 480], [1200, 480], [1201, 480], [1202, 480], [1203, 480], [1204, 480], [1205, 480], [1206, 480], [1207, 480]




White line right - [1690, 399], [1691, 399], [1692, 399], [1693, 399], [1694, 399], [1690, 400], [1691, 400], [1692, 400], [1693, 400], [1694, 400], [1695, 400], [1696, 400], [1690, 401], [1691, 401], [1692, 401], [1693, 401], [1694, 401], [1695, 401], [1696, 401], [1697, 401], [1698, 401], [1699, 401], [1691, 402], [1692, 402], [1693, 402], [1694, 402], [1695, 402], [1697, 402], [1698, 402], [1699, 402], [1700, 402], [1701, 402], [1693, 403], [1694, 403], [1695, 403], [1696, 403], [1697, 403], [1698, 403], [1700, 403], [1701, 403], [1702, 403], [1703, 403], [1704, 403], [1705, 403], [1696, 404], [1697, 404], [1698, 404], [1699, 404], [1700, 404], [1702, 404], [1703, 404], [1704, 404], [1705, 404], [1706, 404], [1707, 404], [1708, 404], [1699, 405], [1700, 405], [1701, 405], [1702, 405], [1703, 405], [1705, 405], [1706, 405], [1707, 405], [1708, 405], [1709, 405], [1710, 405], [1701, 406], [1702, 406], [1703, 406], [1704, 406], [1705, 406], [1706, 406], [1708, 406], [1709, 406], [1710, 406], [1711, 406], [1712, 406], [1703, 407], [1704, 407], [1705, 407], [1706, 407], [1707, 407], [1708, 407], [1710, 407], [1711, 407], [1712, 407], [1713, 407], [1714, 407], [1715, 407], [1706, 408], [1707, 408], [1708, 408], [1709, 408], [1710, 408], [1711, 408], [1713, 408], [1714, 408], [1715, 408], [1716, 408], [1717, 408], [1718, 408], [1708, 409], [1709, 409], [1710, 409], [1711, 409], [1712, 409], [1713, 409], [1714, 409], [1716, 409], [1717, 409], [1718, 409], [1719, 409], [1720, 409], [1721, 409], [1712, 410], [1713, 410], [1714, 410], [1715, 410], [1716, 410], [1717, 410], [1719, 410], [1720, 410], [1721, 410], [1722, 410], [1715, 411], [1716, 411], [1717, 411], [1718, 411], [1719, 411], [1720, 411], [1721, 411], [1722, 411], [1723, 411], [1724, 411], [1725, 411], [1718, 412], [1719, 412], [1720, 412], [1721, 412], [1722, 412], [1723, 412], [1724, 412], [1725, 412], [1726, 412], [1721, 413], [1722, 413], [1723, 413], [1724, 413], [1725, 413], [1726, 413], [1722, 414], [1723, 414], [1724, 414], [1725, 414], [1726, 414], [1730, 414], [1731, 414], [1732, 414], [1730, 415], [1732, 415], [1733, 415], [1734, 415], [1735, 415], [1730, 416], [1731, 416], [1732, 416], [1733, 416], [1734, 416], [1735, 416], [1736, 416], [1737, 416], [1738, 416], [1732, 417], [1733, 417], [1734, 417], [1735, 417], [1737, 417], [1738, 417], [1739, 417], [1740, 417], [1741, 417], [1742, 417], [1733, 418], [1734, 418], [1735, 418], [1736, 418], [1737, 418], [1738, 418], [1739, 418], [1740, 418], [1741, 418], [1742, 418], [1743, 418], [1744, 418], [1737, 419], [1738, 419], [1739, 419], [1740, 419], [1741, 419], [1742, 419], [1743, 419], [1744, 419], [1745, 419], [1746, 419], [1739, 420], [1740, 420], [1741, 420], [1742, 420], [1743, 420], [1744, 420], [1746, 420], [1747, 420], [1748, 420], [1749, 420], [1744, 421], [1745, 421], [1746, 421], [1747, 421], [1748, 421], [1749, 421], [1750, 421], [1751, 421], [1752, 421], [1753, 421], [1746, 422], [1747, 422], [1748, 422], [1749, 422], [1750, 422], [1751, 422], [1752, 422], [1753, 422], [1754, 422], [1755, 422], [1756, 422], [1749, 423], [1750, 423], [1751, 423], [1752, 423], [1754, 423], [1755, 423], [1756, 423], [1757, 423], [1758, 423], [1759, 423], [1760, 423], [1761, 423], [1751, 424], [1752, 424], [1753, 424], [1754, 424], [1755, 424], [1756, 424], [1757, 424], [1758, 424], [1759, 424], [1760, 424], [1761, 424], [1762, 424], [1763, 424], [1753, 425], [1754, 425], [1755, 425], [1756, 425], [1757, 425], [1758, 425], [1759, 425], [1760, 425], [1761, 425], [1762, 425], [1763, 425], [1764, 425], [1765, 425], [1766, 425], [1767, 425], [1755, 426], [1756, 426], [1757, 426], [1758, 426], [1759, 426], [1760, 426], [1761, 426], [1762, 426], [1763, 426], [1764, 426], [1765, 426], [1766, 426], [1767, 426], [1768, 426], [1769, 426], [1770, 426], [1758, 427], [1759, 427], [1760, 427], [1761, 427], [1762, 427], [1766, 427], [1767, 427], [1768, 427], [1769, 427], [1770, 427], [1771, 427], [1772, 427], [1773, 427], [1774, 427], [1760, 428], [1761, 428], [1762, 428], [1763, 428], [1764, 428], [1769, 428], [1770, 428], [1771, 428], [1772, 428], [1773, 428], [1774, 428], [1775, 428], [1776, 428], [1761, 429], [1762, 429], [1763, 429], [1764, 429], [1765, 429], [1766, 429], [1767, 429], [1768, 429], [1769, 429], [1770, 429], [1773, 429], [1774, 429], [1775, 429], [1776, 429], [1777, 429], [1778, 429], [1779, 429], [1763, 430], [1764, 430], [1765, 430], [1766, 430], [1767, 430], [1768, 430], [1769, 430], [1770, 430], [1771, 430], [1772, 430], [1775, 430], [1776, 430], [1777, 430], [1778, 430], [1779, 430], [1780, 430], [1781, 430], [1782, 430], [1769, 431], [1770, 431], [1771, 431], [1772, 431], [1773, 431], [1774, 431], [1775, 431], [1778, 431], [1779, 431], [1780, 431], [1781, 431], [1782, 431], [1783, 431], [1784, 431], [1771, 432], [1772, 432], [1773, 432], [1774, 432], [1775, 432], [1776, 432], [1777, 432], [1781, 432], [1782, 432], [1783, 432], [1784, 432], [1785, 432], [1786, 432], [1774, 433], [1775, 433], [1776, 433], [1777, 433], [1778, 433], [1779, 433], [1780, 433], [1783, 433], [1784, 433], [1785, 433], [1786, 433], [1787, 433], [1788, 433], [1789, 433], [1790, 433], [1776, 434], [1777, 434], [1778, 434], [1779, 434], [1780, 434], [1781, 434], [1782, 434], [1783, 434], [1785, 434], [1786, 434], [1787, 434], [1788, 434], [1789, 434], [1790, 434], [1791, 434], [1792, 434], [1779, 435], [1780, 435], [1781, 435], [1782, 435], [1783, 435], [1784, 435], [1785, 435], [1789, 435], [1790, 435], [1791, 435], [1792, 435], [1793, 435], [1794, 435], [1795, 435], [1782, 436], [1783, 436], [1784, 436], [1785, 436], [1786, 436], [1787, 436], [1788, 436], [1791, 436], [1792, 436], [1793, 436], [1794, 436], [1795, 436], [1796, 436], [1797, 436], [1798, 436], [1784, 437], [1785, 437], [1786, 437], [1787, 437], [1788, 437], [1789, 437], [1790, 437], [1794, 437], [1795, 437], [1796, 437], [1797, 437], [1798, 437], [1799, 437], [1800, 437], [1801, 437], [1787, 438], [1788, 438], [1789, 438], [1790, 438], [1791, 438], [1792, 438], [1793, 438], [1797, 438], [1798, 438], [1799, 438], [1800, 438], [1801, 438], [1802, 438], [1803, 438], [1804, 438], [1789, 439], [1790, 439], [1791, 439], [1792, 439], [1793, 439], [1794, 439], [1795, 439], [1796, 439], [1800, 439], [1801, 439], [1802, 439], [1803, 439], [1804, 439], [1805, 439], [1806, 439], [1792, 440], [1793, 440], [1794, 440], [1795, 440], [1796, 440], [1797, 440], [1798, 440], [1799, 440], [1803, 440], [1804, 440], [1805, 440], [1806, 440], [1807, 440], [1808, 440], [1809, 440], [1795, 441], [1796, 441], [1797, 441], [1798, 441], [1799, 441], [1800, 441], [1801, 441], [1802, 441], [1805, 441], [1806, 441], [1807, 441], [1808, 441], [1809, 441], [1810, 441], [1811, 441], [1798, 442], [1799, 442], [1800, 442], [1801, 442], [1802, 442], [1803, 442], [1804, 442], [1808, 442], [1809, 442], [1810, 442], [1811, 442], [1812, 442], [1813, 442], [1814, 442], [1801, 443], [1802, 443], [1803, 443], [1804, 443], [1805, 443], [1806, 443], [1810, 443], [1811, 443], [1812, 443], [1813, 443], [1814, 443], [1815, 443], [1816, 443], [1817, 443], [1803, 444], [1804, 444], [1805, 444], [1806, 444], [1807, 444], [1808, 444], [1809, 444], [1810, 444], [1813, 444], [1814, 444], [1815, 444], [1816, 444], [1817, 444], [1818, 444], [1819, 444], [1805, 445], [1806, 445], [1807, 445], [1808, 445], [1809, 445], [1810, 445], [1811, 445], [1812, 445], [1816, 445], [1817, 445], [1818, 445], [1819, 445], [1820, 445], [1821, 445], [1822, 445], [1809, 446], [1810, 446], [1811, 446], [1812, 446], [1813, 446], [1814, 446], [1815, 446], [1818, 446], [1819, 446], [1820, 446], [1821, 446], [1822, 446], [1823, 446], [1824, 446], [1811, 447], [1812, 447], [1813, 447], [1814, 447], [1815, 447], [1816, 447], [1817, 447], [1821, 447], [1822, 447], [1823, 447], [1824, 447], [1814, 448], [1815, 448], [1816, 448], [1817, 448], [1818, 448], [1819, 448], [1820, 448], [1821, 448], [1823, 448], [1824, 448], [1816, 449], [1817, 449], [1818, 449], [1819, 449], [1820, 449], [1821, 449], [1822, 449], [1823, 449], [1820, 450], [1821, 450], [1822, 450], [1823, 450], [1824, 450], [1822, 451], [1823, 451], [1824, 451], [1135, 463], [1160, 463], [1161, 463], [1162, 463], [1163, 463], [1164, 463], [1165, 463], [1166, 463], [1167, 463], [1168, 463], [1169, 463], [1170, 463], [1171, 463], [1172, 463], [1173, 463], [1174, 463], [1175, 463], [1176, 463], [1177, 463], [1178, 463], [1179, 463], [1198, 463], [1199, 463], [1200, 463], [1201, 463], [1202, 463], [1203, 463], [1204, 463], [1205, 463], [1206, 463], [1133, 464], [1134, 464], [1135, 464], [1136, 464], [1137, 464], [1138, 464], [1139, 464], [1140, 464], [1141, 464], [1142, 464], [1143, 464], [1144, 464], [1145, 464], [1146, 464], [1147, 464], [1148, 464], [1149, 464], [1150, 464], [1151, 464], [1152, 464], [1153, 464], [1154, 464], [1155, 464], [1156, 464], [1157, 464], [1158, 464], [1159, 464], [1160, 464], [1161, 464], [1162, 464], [1163, 464], [1164, 464], [1165, 464], [1166, 464], [1167, 464], [1168, 464], [1169, 464], [1170, 464], [1171, 464], [1172, 464], [1173, 464], [1174, 464], [1175, 464], [1176, 464], [1177, 464], [1178, 464], [1179, 464], [1180, 464], [1181, 464], [1182, 464], [1183, 464], [1184, 464], [1185, 464], [1186, 464], [1187, 464], [1188, 464], [1189, 464], [1190, 464], [1191, 464], [1192, 464], [1193, 464], [1194, 464], [1195, 464], [1196, 464], [1197, 464], [1198, 464], [1199, 464], [1200, 464], [1201, 464], [1202, 464], [1203, 464], [1204, 464], [1205, 464], [1206, 464], [1207, 464], [1208, 464], [1209, 464], [1210, 464], [1211, 464], [1212, 464], [1213, 464], [1214, 464], [1215, 464], [1216, 464], [1217, 464], [1218, 464], [1219, 464], [1220, 464], [1221, 464], [1222, 464], [1223, 464], [1224, 464], [1225, 464], [1226, 464], [1227, 464], [1228, 464], [1229, 464], [1230, 464], [1231, 464], [1232, 464], [1233, 464], [1234, 464], [1235, 464], [1236, 464], [1237, 464], [1238, 464], [1239, 464], [1240, 464], [1241, 464], [1242, 464], [1243, 464], [1244, 464], [1131, 465], [1134, 465], [1135, 465], [1136, 465], [1137, 465], [1138, 465], [1139, 465], [1140, 465], [1141, 465], [1142, 465], [1143, 465], [1144, 465], [1145, 465], [1146, 465], [1147, 465], [1148, 465], [1149, 465], [1150, 465], [1151, 465], [1152, 465], [1153, 465], [1154, 465], [1155, 465], [1156, 465], [1157, 465], [1158, 465], [1159, 465], [1160, 465], [1161, 465], [1178, 465], [1179, 465], [1180, 465], [1181, 465], [1182, 465], [1183, 465], [1184, 465], [1185, 465], [1186, 465], [1187, 465], [1188, 465], [1189, 465], [1190, 465], [1191, 465], [1192, 465], [1193, 465], [1194, 465], [1195, 465], [1196, 465], [1197, 465], [1198, 465], [1199, 465], [1205, 465], [1206, 465], [1207, 465], [1208, 465], [1209, 465], [1210, 465], [1211, 465], [1212, 465], [1213, 465], [1214, 465], [1215, 465], [1216, 465], [1217, 465], [1218, 465], [1219, 465], [1220, 465], [1221, 465], [1222, 465], [1226, 465], [1227, 465], [1228, 465], [1229, 465], [1230, 465], [1231, 465], [1232, 465], [1233, 465], [1234, 465], [1235, 465], [1236, 465], [1237, 465], [1238, 465], [1239, 465], [1240, 465], [1241, 465], [1242, 465], [1243, 465], [1244, 465], [1245, 465], [1246, 465], [1247, 465], [1248, 465], [1249, 465], [1250, 465], [1251, 465], [1252, 465], [1253, 465], [1254, 465], [1255, 465], [1256, 465], [1257, 465], [1258, 465], [1259, 465], [1260, 465], [1261, 465], [1262, 465], [1263, 465], [1264, 465], [1265, 465], [1266, 465], [1267, 465], [1183, 466], [1184, 466], [1185, 466], [1186, 466], [1218, 466], [1219, 466], [1220, 466], [1221, 466], [1222, 466], [1223, 466], [1224, 466], [1225, 466], [1226, 466], [1227, 466], [1228, 466], [1229, 466], [1230, 466], [1231, 466], [1232, 466], [1233, 466], [1234, 466], [1235, 466], [1236, 466], [1237, 466], [1238, 466], [1239, 466], [1243, 466], [1244, 466], [1245, 466], [1246, 466], [1247, 466], [1248, 466], [1249, 466], [1250, 466], [1251, 466], [1252, 466], [1253, 466], [1254, 466], [1255, 466], [1256, 466], [1257, 466], [1258, 466], [1259, 466], [1260, 466], [1261, 466], [1262, 466], [1263, 466], [1264, 466], [1265, 466], [1266, 466], [1267, 466], [1268, 466], [1269, 466], [1270, 466], [1271, 466], [1272, 466], [1273, 466], [1274, 466], [1275, 466], [1276, 466], [1277, 466], [1278, 466], [1279, 466], [1218, 467], [1219, 467], [1220, 467], [1221, 467], [1222, 467], [1226, 467], [1227, 467], [1228, 467], [1229, 467], [1230, 467], [1231, 467], [1232, 467], [1233, 467], [1234, 467], [1235, 467], [1236, 467], [1237, 467], [1238, 467], [1239, 467], [1240, 467], [1241, 467], [1253, 467], [1254, 467], [1255, 467], [1256, 467], [1257, 467], [1258, 467], [1259, 467], [1260, 467], [1261, 467], [1262, 467], [1263, 467], [1264, 467], [1266, 467], [1267, 467], [1268, 467], [1269, 467], [1270, 467], [1271, 467], [1272, 467], [1273, 467], [1274, 467], [1275, 467], [1276, 467], [1277, 467], [1278, 467], [1279, 467], [1280, 467], [1281, 467], [1282, 467], [1283, 467], [1284, 467], [1285, 467], [1286, 467], [1287, 467], [1288, 467], [1289, 467], [1290, 467], [1291, 467], [1292, 467], [1293, 467], [1294, 467], [1126, 468], [1127, 468], [1128, 468], [1129, 468], [1130, 468], [1131, 468], [1132, 468], [1133, 468], [1134, 468], [1135, 468], [1136, 468], [1137, 468], [1218, 468], [1219, 468], [1220, 468], [1238, 468], [1239, 468], [1240, 468], [1241, 468], [1246, 468], [1247, 468], [1248, 468], [1249, 468], [1250, 468], [1251, 468], [1252, 468], [1253, 468], [1254, 468], [1255, 468], [1256, 468], [1257, 468], [1258, 468], [1259, 468], [1260, 468], [1261, 468], [1262, 468], [1263, 468], [1264, 468], [1265, 468], [1266, 468], [1267, 468], [1268, 468], [1278, 468], [1279, 468], [1280, 468], [1281, 468], [1282, 468], [1283, 468], [1284, 468], [1285, 468], [1286, 468], [1287, 468], [1288, 468], [1289, 468], [1290, 468], [1291, 468], [1292, 468], [1293, 468], [1294, 468], [1295, 468], [1296, 468], [1297, 468], [1298, 468], [1299, 468], [1300, 468], [1301, 468], [1302, 468], [1303, 468], [1304, 468], [1305, 468], [1306, 468], [1307, 468], [1308, 468], [1309, 468], [1310, 468], [1311, 468], [1312, 468], [1313, 468], [1314, 468], [1315, 468], [1124, 469], [1125, 469], [1126, 469], [1127, 469], [1128, 469], [1129, 469], [1130, 469], [1131, 469], [1132, 469], [1133, 469], [1134, 469], [1135, 469], [1136, 469], [1137, 469], [1138, 469], [1139, 469], [1140, 469], [1141, 469], [1142, 469], [1143, 469], [1144, 469], [1145, 469], [1146, 469], [1147, 469], [1148, 469], [1149, 469], [1150, 469], [1164, 469], [1165, 469], [1166, 469], [1167, 469], [1182, 469], [1183, 469], [1184, 469], [1185, 469], [1186, 469], [1187, 469], [1218, 469], [1219, 469], [1220, 469], [1221, 469], [1240, 469], [1241, 469], [1246, 469], [1247, 469], [1248, 469], [1249, 469], [1250, 469], [1251, 469], [1252, 469], [1253, 469], [1254, 469], [1263, 469], [1264, 469], [1265, 469], [1266, 469], [1267, 469], [1268, 469], [1269, 469], [1270, 469], [1271, 469], [1272, 469], [1293, 469], [1294, 469], [1295, 469], [1296, 469], [1297, 469], [1298, 469], [1299, 469], [1300, 469], [1301, 469], [1302, 469], [1303, 469], [1304, 469], [1305, 469], [1306, 469], [1307, 469], [1308, 469], [1309, 469], [1310, 469], [1311, 469], [1312, 469], [1313, 469], [1314, 469], [1315, 469], [1316, 469], [1317, 469], [1318, 469], [1319, 469], [1320, 469], [1321, 469], [1322, 469], [1323, 469], [1324, 469], [1325, 469], [1326, 469], [1136, 470], [1137, 470], [1138, 470], [1139, 470], [1140, 470], [1141, 470], [1142, 470], [1143, 470], [1144, 470], [1145, 470], [1146, 470], [1147, 470], [1148, 470], [1149, 470], [1150, 470], [1151, 470], [1152, 470], [1153, 470], [1154, 470], [1155, 470], [1156, 470], [1157, 470], [1158, 470], [1159, 470], [1160, 470], [1161, 470], [1162, 470], [1163, 470], [1164, 470], [1165, 470], [1166, 470], [1167, 470], [1168, 470], [1169, 470], [1170, 470], [1171, 470], [1172, 470], [1173, 470], [1174, 470], [1175, 470], [1176, 470], [1177, 470], [1178, 470], [1179, 470], [1180, 470], [1181, 470], [1182, 470], [1183, 470], [1184, 470], [1185, 470], [1186, 470], [1187, 470], [1188, 470], [1189, 470], [1190, 470], [1219, 470], [1220, 470], [1221, 470], [1222, 470], [1223, 470], [1224, 470], [1225, 470], [1226, 470], [1227, 470], [1228, 470], [1229, 470], [1230, 470], [1231, 470], [1232, 470], [1233, 470], [1234, 470], [1235, 470], [1236, 470], [1237, 470], [1238, 470], [1239, 470], [1240, 470], [1241, 470], [1242, 470], [1243, 470], [1244, 470], [1245, 470], [1246, 470], [1247, 470], [1267, 470], [1268, 470], [1269, 470], [1270, 470], [1271, 470], [1272, 470], [1273, 470], [1274, 470], [1314, 470], [1315, 470], [1316, 470], [1317, 470], [1318, 470], [1319, 470], [1320, 470], [1321, 470], [1322, 470], [1323, 470], [1324, 470], [1325, 470], [1326, 470], [1327, 470], [1328, 470], [1329, 470], [1330, 470], [1331, 470], [1332, 470], [1333, 470], [1334, 470], [1335, 470], [1336, 470], [1337, 470], [1338, 470], [1339, 470], [1340, 470], [1341, 470], [1342, 470], [1343, 470], [1149, 471], [1150, 471], [1151, 471], [1152, 471], [1153, 471], [1154, 471], [1155, 471], [1156, 471], [1157, 471], [1158, 471], [1159, 471], [1160, 471], [1161, 471], [1162, 471], [1163, 471], [1164, 471], [1165, 471], [1166, 471], [1167, 471], [1168, 471], [1169, 471], [1170, 471], [1171, 471], [1172, 471], [1173, 471], [1174, 471], [1175, 471], [1176, 471], [1177, 471], [1178, 471], [1179, 471], [1180, 471], [1181, 471], [1182, 471], [1183, 471], [1186, 471], [1187, 471], [1188, 471], [1189, 471], [1190, 471], [1191, 471], [1192, 471], [1193, 471], [1209, 471], [1210, 471], [1211, 471], [1212, 471], [1213, 471], [1214, 471], [1215, 471], [1216, 471], [1217, 471], [1220, 471], [1221, 471], [1222, 471], [1223, 471], [1224, 471], [1225, 471], [1226, 471], [1227, 471], [1228, 471], [1229, 471], [1230, 471], [1231, 471], [1232, 471], [1233, 471], [1234, 471], [1235, 471], [1236, 471], [1237, 471], [1238, 471], [1239, 471], [1240, 471], [1242, 471], [1243, 471], [1244, 471], [1245, 471], [1246, 471], [1247, 471], [1248, 471], [1271, 471], [1272, 471], [1273, 471], [1274, 471], [1325, 471], [1326, 471], [1327, 471], [1328, 471], [1329, 471], [1330, 471], [1331, 471], [1332, 471], [1333, 471], [1334, 471], [1335, 471], [1336, 471], [1337, 471], [1338, 471], [1339, 471], [1340, 471], [1341, 471], [1342, 471], [1343, 471], [1344, 471], [1345, 471], [1346, 471], [1347, 471], [1348, 471], [1349, 471], [1350, 471], [1351, 471], [1352, 471], [1353, 471], [1189, 472], [1190, 472], [1191, 472], [1192, 472], [1193, 472], [1194, 472], [1207, 472], [1208, 472], [1209, 472], [1210, 472], [1211, 472], [1212, 472], [1213, 472], [1214, 472], [1215, 472], [1216, 472], [1217, 472], [1218, 472], [1219, 472], [1220, 472], [1221, 472], [1222, 472], [1223, 472], [1224, 472], [1225, 472], [1226, 472], [1227, 472], [1228, 472], [1229, 472], [1230, 472], [1231, 472], [1232, 472], [1233, 472], [1234, 472], [1235, 472], [1236, 472], [1237, 472], [1238, 472], [1240, 472], [1241, 472], [1242, 472], [1243, 472], [1244, 472], [1245, 472], [1246, 472], [1247, 472], [1248, 472], [1249, 472], [1250, 472], [1251, 472], [1252, 472], [1253, 472], [1254, 472], [1255, 472], [1256, 472], [1257, 472], [1258, 472], [1259, 472], [1260, 472], [1261, 472], [1262, 472], [1263, 472], [1264, 472], [1265, 472], [1266, 472], [1267, 472], [1268, 472], [1269, 472], [1270, 472], [1271, 472], [1272, 472], [1273, 472], [1274, 472], [1342, 472], [1343, 472], [1344, 472], [1345, 472], [1346, 472], [1347, 472], [1348, 472], [1349, 472], [1350, 472], [1351, 472], [1352, 472], [1353, 472], [1354, 472], [1355, 472], [1356, 472], [1357, 472], [1358, 472], [1359, 472], [1360, 472], [1361, 472], [1362, 472], [1363, 472], [1364, 472], [1365, 472], [1366, 472], [1367, 472], [1368, 472], [1369, 472], [1370, 472], [1371, 472], [1372, 472], [1373, 472], [1374, 472], [1375, 472], [1376, 472], [1377, 472], [1378, 472], [1379, 472], [1380, 472], [1192, 473], [1193, 473], [1194, 473], [1195, 473], [1196, 473], [1197, 473], [1198, 473], [1199, 473], [1200, 473], [1201, 473], [1202, 473], [1203, 473], [1204, 473], [1205, 473], [1206, 473], [1207, 473], [1208, 473], [1209, 473], [1210, 473], [1216, 473], [1217, 473], [1218, 473], [1219, 473], [1220, 473], [1221, 473], [1222, 473], [1223, 473], [1224, 473], [1225, 473], [1226, 473], [1227, 473], [1228, 473], [1229, 473], [1230, 473], [1231, 473], [1232, 473], [1233, 473], [1234, 473], [1235, 473], [1236, 473], [1237, 473], [1238, 473], [1239, 473], [1240, 473], [1241, 473], [1242, 473], [1245, 473], [1246, 473], [1247, 473], [1248, 473], [1255, 473], [1256, 473], [1257, 473], [1258, 473], [1259, 473], [1260, 473], [1261, 473], [1262, 473], [1263, 473], [1264, 473], [1265, 473], [1266, 473], [1267, 473], [1268, 473], [1269, 473], [1270, 473], [1271, 473], [1272, 473], [1273, 473], [1352, 473], [1353, 473], [1354, 473], [1355, 473], [1356, 473], [1357, 473], [1358, 473], [1359, 473], [1360, 473], [1361, 473], [1362, 473], [1363, 473], [1364, 473], [1365, 473], [1366, 473], [1367, 473], [1368, 473], [1369, 473], [1370, 473], [1371, 473], [1372, 473], [1373, 473], [1374, 473], [1375, 473], [1376, 473], [1377, 473], [1378, 473], [1379, 473], [1380, 473], [1381, 473], [1382, 473], [1383, 473], [1384, 473], [1385, 473], [1386, 473], [1387, 473], [1193, 474], [1194, 474], [1195, 474], [1196, 474], [1197, 474], [1198, 474], [1199, 474], [1200, 474], [1201, 474], [1202, 474], [1203, 474], [1204, 474], [1205, 474], [1206, 474], [1207, 474], [1208, 474], [1237, 474], [1238, 474], [1239, 474], [1240, 474], [1241, 474], [1246, 474], [1247, 474], [1248, 474], [1249, 474], [1250, 474], [1251, 474], [1252, 474], [1253, 474], [1254, 474], [1255, 474], [1256, 474], [1257, 474], [1258, 474], [1259, 474], [1260, 474], [1261, 474], [1262, 474], [1263, 474], [1264, 474], [1265, 474], [1266, 474], [1267, 474], [1268, 474], [1269, 474], [1270, 474], [1271, 474], [1272, 474], [1273, 474], [1274, 474], [1275, 474], [1276, 474], [1277, 474], [1278, 474], [1279, 474], [1280, 474], [1281, 474], [1282, 474], [1283, 474], [1284, 474], [1285, 474], [1286, 474], [1287, 474], [1288, 474], [1289, 474], [1290, 474], [1291, 474], [1292, 474], [1296, 474], [1297, 474], [1298, 474], [1299, 474], [1300, 474], [1301, 474], [1302, 474], [1375, 474], [1376, 474], [1377, 474], [1379, 474], [1380, 474], [1381, 474], [1382, 474], [1383, 474], [1384, 474], [1385, 474], [1386, 474], [1387, 474], [1388, 474], [1389, 474], [1394, 474], [1395, 474], [1396, 474], [1397, 474], [1398, 474], [1399, 474], [1400, 474], [1401, 474], [1402, 474], [1403, 474], [1404, 474], [1405, 474], [1406, 474], [1407, 474], [1408, 474], [1255, 475], [1256, 475], [1257, 475], [1258, 475], [1259, 475], [1260, 475], [1261, 475], [1262, 475], [1263, 475], [1264, 475], [1265, 475], [1266, 475], [1267, 475], [1268, 475], [1269, 475], [1270, 475], [1271, 475], [1272, 475], [1273, 475], [1274, 475], [1275, 475], [1276, 475], [1277, 475], [1278, 475], [1279, 475], [1280, 475], [1281, 475], [1282, 475], [1283, 475], [1284, 475], [1285, 475], [1286, 475], [1287, 475], [1288, 475], [1289, 475], [1290, 475], [1291, 475], [1292, 475], [1293, 475], [1294, 475], [1295, 475], [1296, 475], [1297, 475], [1298, 475], [1299, 475], [1300, 475], [1301, 475], [1302, 475], [1303, 475], [1304, 475], [1305, 475], [1306, 475], [1307, 475], [1308, 475], [1309, 475], [1386, 475], [1387, 475], [1388, 475], [1389, 475], [1390, 475], [1391, 475], [1393, 475], [1394, 475], [1395, 475], [1396, 475], [1397, 475], [1398, 475], [1399, 475], [1400, 475], [1401, 475], [1402, 475], [1403, 475], [1404, 475], [1405, 475], [1406, 475], [1407, 475], [1408, 475], [1409, 475], [1410, 475], [1411, 475], [1412, 475], [1413, 475], [1414, 475], [1415, 475], [1416, 475], [1417, 475], [1418, 475], [1419, 475], [1420, 475], [1421, 475], [1422, 475], [1423, 475], [1424, 475], [1425, 475], [1426, 475], [1427, 475], [1428, 475], [1430, 475], [1431, 475], [1432, 475], [1433, 475], [1434, 475], [1291, 476], [1292, 476], [1293, 476], [1294, 476], [1295, 476], [1296, 476], [1297, 476], [1301, 476], [1302, 476], [1303, 476], [1304, 476], [1305, 476], [1306, 476], [1307, 476], [1308, 476], [1309, 476], [1310, 476], [1311, 476], [1312, 476], [1313, 476], [1314, 476], [1315, 476], [1316, 476], [1317, 476], [1318, 476], [1319, 476], [1320, 476], [1321, 476], [1322, 476], [1323, 476], [1324, 476], [1325, 476], [1326, 476], [1327, 476], [1328, 476], [1329, 476], [1330, 476], [1331, 476], [1388, 476], [1389, 476], [1390, 476], [1391, 476], [1392, 476], [1393, 476], [1394, 476], [1395, 476], [1407, 476], [1408, 476], [1409, 476], [1410, 476], [1411, 476], [1412, 476], [1413, 476], [1414, 476], [1415, 476], [1416, 476], [1417, 476], [1418, 476], [1419, 476], [1420, 476], [1421, 476], [1422, 476], [1423, 476], [1424, 476], [1425, 476], [1426, 476], [1427, 476], [1428, 476], [1429, 476], [1430, 476], [1431, 476], [1432, 476], [1433, 476], [1434, 476], [1435, 476], [1436, 476], [1437, 476], [1438, 476], [1439, 476], [1308, 477], [1309, 477], [1310, 477], [1311, 477], [1312, 477], [1313, 477], [1314, 477], [1315, 477], [1316, 477], [1317, 477], [1318, 477], [1319, 477], [1320, 477], [1321, 477], [1322, 477], [1323, 477], [1324, 477], [1325, 477], [1326, 477], [1327, 477], [1328, 477], [1329, 477], [1330, 477], [1331, 477], [1332, 477], [1333, 477], [1334, 477], [1335, 477], [1336, 477], [1337, 477], [1338, 477], [1339, 477], [1340, 477], [1341, 477], [1342, 477], [1343, 477], [1344, 477], [1345, 477], [1346, 477], [1347, 477], [1390, 477], [1391, 477], [1392, 477], [1393, 477], [1394, 477], [1427, 477], [1428, 477], [1429, 477], [1430, 477], [1431, 477], [1433, 477], [1434, 477], [1435, 477], [1436, 477], [1437, 477], [1438, 477], [1439, 477], [1440, 477], [1441, 477], [1451, 477], [1452, 477], [1453, 477], [1454, 477], [1455, 477], [1456, 477], [1330, 478], [1331, 478], [1332, 478], [1333, 478], [1334, 478], [1335, 478], [1336, 478], [1337, 478], [1338, 478], [1339, 478], [1340, 478], [1341, 478], [1342, 478], [1343, 478], [1344, 478], [1345, 478], [1346, 478], [1347, 478], [1348, 478], [1349, 478], [1350, 478], [1351, 478], [1352, 478], [1353, 478], [1354, 478], [1355, 478], [1356, 478], [1357, 478], [1358, 478], [1359, 478], [1360, 478], [1361, 478], [1362, 478], [1363, 478], [1364, 478], [1365, 478], [1366, 478], [1367, 478], [1368, 478], [1369, 478], [1370, 478], [1371, 478], [1372, 478], [1373, 478], [1374, 478], [1375, 478], [1377, 478], [1378, 478], [1379, 478], [1380, 478], [1381, 478], [1382, 478], [1383, 478], [1384, 478], [1385, 478], [1386, 478], [1387, 478], [1388, 478], [1389, 478], [1390, 478], [1391, 478], [1392, 478], [1393, 478], [1394, 478], [1395, 478], [1438, 478], [1439, 478], [1440, 478], [1441, 478], [1442, 478], [1451, 478], [1452, 478], [1453, 478], [1454, 478], [1455, 478], [1456, 478], [1457, 478], [1458, 478], [1459, 478], [1460, 478], [1465, 478], [1466, 478], [1467, 478], [1468, 478], [1469, 478], [1470, 478], [1471, 478], [1478, 478], [1479, 478], [1480, 478], [1481, 478], [1482, 478], [1483, 478], [1484, 478], [1485, 478], [1486, 478], [1487, 478], [1488, 478], [1489, 478], [1206, 479], [1207, 479], [1208, 479], [1346, 479], [1347, 479], [1348, 479], [1349, 479], [1350, 479], [1351, 479], [1352, 479], [1353, 479], [1354, 479], [1355, 479], [1356, 479], [1357, 479], [1358, 479], [1359, 479], [1360, 479], [1361, 479], [1362, 479], [1363, 479], [1364, 479], [1365, 479], [1366, 479], [1367, 479], [1368, 479], [1369, 479], [1370, 479], [1371, 479], [1372, 479], [1373, 479], [1374, 479], [1375, 479], [1376, 479], [1377, 479], [1378, 479], [1379, 479], [1380, 479], [1381, 479], [1382, 479], [1383, 479], [1384, 479], [1385, 479], [1386, 479], [1387, 479], [1388, 479], [1389, 479], [1390, 479], [1391, 479], [1392, 479], [1393, 479], [1394, 479], [1395, 479], [1396, 479], [1397, 479], [1398, 479], [1399, 479], [1400, 479], [1440, 479], [1441, 479], [1442, 479], [1451, 479], [1452, 479], [1454, 479], [1455, 479], [1456, 479], [1457, 479], [1458, 479], [1459, 479], [1460, 479], [1461, 479], [1462, 479], [1465, 479], [1466, 479], [1467, 479], [1468, 479], [1469, 479], [1470, 479], [1471, 479], [1472, 479], [1473, 479], [1474, 479], [1475, 479], [1476, 479], [1477, 479], [1478, 479], [1479, 479], [1480, 479], [1481, 479], [1482, 479], [1483, 479], [1484, 479], [1485, 479], [1486, 479], [1487, 479], [1488, 479], [1489, 479], [1490, 479], [1498, 479], [1499, 479], [1500, 479], [1501, 479], [1502, 479], [1503, 479], [1504, 479], [1505, 479], [1506, 479], [1507, 479], [1163, 480], [1164, 480], [1165, 480], [1166, 480], [1167, 480], [1168, 480], [1198, 480], [1199, 480], [1200, 480], [1201, 480], [1202, 480], [1203, 480], [1204, 480], [1205, 480], [1206, 480], [1207, 480], [1208, 480], [1209, 480], [1210, 480], [1211, 480], [1212, 480], [1213, 480], [1214, 480], [1215, 480], [1216, 480], [1217, 480], [1218, 480], [1219, 480], [1220, 480], [1221, 480], [1222, 480], [1223, 480], [1374, 480], [1375, 480], [1376, 480], [1377, 480], [1378, 480], [1394, 480], [1395, 480], [1396, 480], [1397, 480], [1398, 480], [1399, 480], [1400, 480], [1401, 480], [1402, 480], [1403, 480], [1405, 480], [1406, 480], [1407, 480], [1408, 480], [1412, 480], [1413, 480], [1414, 480], [1415, 480], [1417, 480], [1418, 480], [1419, 480], [1420, 480], [1421, 480], [1422, 480], [1423, 480], [1424, 480], [1425, 480], [1426, 480], [1427, 480], [1428, 480], [1429, 480], [1430, 480], [1431, 480], [1432, 480], [1433, 480], [1434, 480], [1441, 480], [1442, 480], [1443, 480], [1451, 480], [1452, 480], [1453, 480], [1454, 480], [1455, 480], [1456, 480], [1457, 480], [1458, 480], [1459, 480], [1460, 480], [1461, 480], [1462, 480], [1465, 480], [1466, 480], [1467, 480], [1468, 480], [1470, 480], [1471, 480], [1472, 480], [1473, 480], [1474, 480], [1475, 480], [1476, 480], [1477, 480], [1478, 480], [1479, 480], [1483, 480], [1484, 480], [1485, 480], [1488, 480], [1489, 480], [1490, 480], [1491, 480], [1496, 480], [1497, 480], [1498, 480], [1499, 480], [1500, 480], [1501, 480], [1502, 480], [1503, 480], [1504, 480], [1505, 480], [1506, 480], [1507, 480], [1508, 480], [1125, 481], [1126, 481], [1127, 481], [1128, 481], [1129, 481], [1130, 481], [1131, 481], [1132, 481], [1135, 481], [1136, 481], [1137, 481], [1138, 481], [1139, 481], [1140, 481], [1141, 481], [1142, 481], [1143, 481], [1144, 481], [1145, 481], [1146, 481], [1147, 481], [1148, 481], [1149, 481], [1150, 481], [1151, 481], [1152, 481], [1153, 481], [1154, 481], [1155, 481], [1156, 481], [1157, 481], [1158, 481], [1159, 481], [1160, 481], [1161, 481], [1162, 481], [1163, 481], [1164, 481], [1165, 481], [1166, 481], [1167, 481], [1168, 481], [1169, 481], [1170, 481], [1171, 481], [1172, 481], [1173, 481], [1174, 481], [1175, 481], [1176, 481], [1177, 481], [1178, 481], [1179, 481], [1180, 481], [1186, 481], [1187, 481], [1188, 481], [1189, 481], [1190, 481], [1191, 481], [1192, 481], [1193, 481], [1194, 481], [1195, 481], [1196, 481], [1197, 481], [1198, 481], [1199, 481], [1200, 481], [1201, 481], [1202, 481], [1203, 481], [1204, 481], [1205, 481], [1206, 481], [1207, 481], [1208, 481], [1209, 481], [1210, 481], [1211, 481], [1212, 481], [1213, 481], [1214, 481], [1215, 481], [1216, 481], [1217, 481], [1218, 481], [1219, 481], [1220, 481], [1221, 481], [1222, 481], [1223, 481], [1224, 481], [1225, 481], [1226, 481], [1227, 481], [1228, 481], [1229, 481], [1230, 481], [1231, 481], [1232, 481], [1233, 481], [1234, 481], [1235, 481], [1236, 481], [1237, 481], [1238, 481], [1239, 481], [1240, 481], [1399, 481], [1400, 481], [1401, 481], [1402, 481], [1403, 481], [1404, 481], [1405, 481], [1406, 481], [1407, 481], [1408, 481], [1409, 481], [1410, 481], [1411, 481], [1412, 481], [1413, 481], [1414, 481], [1415, 481], [1416, 481], [1417, 481], [1418, 481], [1419, 481], [1420, 481], [1421, 481], [1422, 481], [1423, 481], [1424, 481], [1425, 481], [1426, 481], [1427, 481], [1428, 481], [1429, 481], [1430, 481], [1431, 481], [1432, 481], [1433, 481], [1434, 481], [1435, 481], [1436, 481], [1437, 481], [1438, 481], [1439, 481], [1440, 481], [1441, 481], [1442, 481], [1443, 481], [1451, 481], [1452, 481], [1453, 481], [1454, 481], [1455, 481], [1456, 481], [1457, 481], [1458, 481], [1459, 481], [1460, 481], [1461, 481], [1462, 481], [1466, 481], [1467, 481], [1468, 481], [1469, 481], [1489, 481], [1490, 481], [1491, 481], [1492, 481], [1496, 481], [1497, 481], [1498, 481], [1499, 481], [1506, 481], [1507, 481], [1508, 481], [1125, 482], [1126, 482], [1127, 482], [1128, 482], [1129, 482], [1130, 482], [1131, 482], [1132, 482], [1133, 482], [1134, 482], [1135, 482], [1136, 482], [1137, 482], [1138, 482], [1139, 482], [1140, 482], [1141, 482], [1142, 482], [1143, 482], [1144, 482], [1145, 482], [1146, 482], [1147, 482], [1148, 482], [1149, 482], [1150, 482], [1151, 482], [1152, 482], [1153, 482], [1154, 482], [1155, 482], [1156, 482], [1157, 482], [1158, 482], [1159, 482], [1160, 482], [1161, 482], [1162, 482], [1163, 482], [1164, 482], [1167, 482], [1168, 482], [1169, 482], [1170, 482], [1171, 482], [1172, 482], [1173, 482], [1174, 482], [1175, 482], [1176, 482], [1177, 482], [1178, 482], [1179, 482], [1180, 482], [1183, 482], [1184, 482], [1185, 482], [1186, 482], [1187, 482], [1188, 482], [1189, 482], [1190, 482], [1191, 482], [1192, 482], [1193, 482], [1194, 482], [1195, 482], [1196, 482], [1197, 482], [1198, 482], [1199, 482], [1218, 482], [1219, 482], [1220, 482], [1222, 482], [1223, 482], [1224, 482], [1225, 482], [1226, 482], [1227, 482], [1228, 482], [1229, 482], [1230, 482], [1231, 482], [1232, 482], [1233, 482], [1234, 482], [1235, 482], [1236, 482], [1237, 482], [1238, 482], [1239, 482], [1240, 482], [1241, 482], [1242, 482], [1243, 482], [1244, 482], [1245, 482], [1246, 482], [1247, 482], [1248, 482], [1249, 482], [1250, 482], [1251, 482], [1252, 482], [1253, 482], [1254, 482], [1255, 482], [1256, 482], [1257, 482], [1258, 482], [1259, 482], [1260, 482], [1261, 482], [1262, 482], [1263, 482], [1264, 482], [1265, 482], [1266, 482], [1267, 482], [1268, 482], [1402, 482], [1403, 482], [1404, 482], [1405, 482], [1406, 482], [1407, 482], [1408, 482], [1409, 482], [1410, 482], [1411, 482], [1412, 482], [1413, 482], [1414, 482], [1415, 482], [1416, 482], [1417, 482], [1418, 482], [1433, 482], [1434, 482], [1435, 482], [1436, 482], [1437, 482], [1438, 482], [1439, 482], [1440, 482], [1441, 482], [1442, 482], [1443, 482], [1451, 482], [1452, 482], [1453, 482], [1454, 482], [1457, 482], [1458, 482], [1459, 482], [1460, 482], [1461, 482], [1462, 482], [1467, 482], [1468, 482], [1469, 482], [1470, 482], [1471, 482], [1472, 482], [1473, 482], [1474, 482], [1475, 482], [1476, 482], [1477, 482], [1478, 482], [1479, 482], [1480, 482], [1481, 482], [1482, 482], [1490, 482], [1491, 482], [1492, 482], [1493, 482], [1496, 482], [1497, 482], [1498, 482], [1499, 482], [1507, 482], [1508, 482], [1125, 483], [1126, 483], [1131, 483], [1132, 483], [1133, 483], [1134, 483], [1135, 483], [1136, 483], [1179, 483], [1180, 483], [1181, 483], [1182, 483], [1183, 483], [1184, 483], [1185, 483], [1186, 483], [1187, 483], [1239, 483], [1240, 483], [1241, 483], [1242, 483], [1243, 483], [1244, 483], [1245, 483], [1246, 483], [1247, 483], [1248, 483], [1249, 483], [1250, 483], [1251, 483], [1252, 483], [1253, 483], [1254, 483], [1255, 483], [1256, 483], [1257, 483], [1258, 483], [1259, 483], [1260, 483], [1261, 483], [1262, 483], [1263, 483], [1264, 483], [1265, 483], [1266, 483], [1267, 483], [1268, 483], [1269, 483], [1270, 483], [1271, 483], [1272, 483], [1273, 483], [1274, 483], [1275, 483], [1276, 483], [1277, 483], [1278, 483], [1279, 483], [1280, 483], [1281, 483], [1403, 483], [1404, 483], [1405, 483], [1468, 483], [1469, 483], [1470, 483], [1471, 483], [1472, 483], [1473, 483], [1474, 483], [1475, 483], [1476, 483], [1477, 483], [1478, 483], [1479, 483], [1480, 483], [1481, 483], [1482, 483], [1483, 483], [1484, 483], [1485, 483], [1486, 483], [1487, 483], [1488, 483], [1489, 483], [1490, 483], [1491, 483], [1492, 483], [1493, 483], [1496, 483], [1497, 483], [1498, 483], [1499, 483], [1500, 483], [1501, 483], [1506, 483], [1507, 483], [1508, 483], [1125, 484], [1126, 484], [1179, 484], [1180, 484], [1181, 484], [1182, 484], [1183, 484], [1184, 484], [1215, 484], [1216, 484], [1217, 484], [1218, 484], [1219, 484], [1238, 484], [1239, 484], [1240, 484], [1241, 484], [1258, 484], [1259, 484], [1260, 484], [1261, 484], [1262, 484], [1263, 484], [1267, 484], [1268, 484], [1269, 484], [1272, 484], [1273, 484], [1274, 484], [1275, 484], [1276, 484], [1277, 484], [1278, 484], [1279, 484], [1280, 484], [1281, 484], [1282, 484], [1283, 484], [1284, 484], [1285, 484], [1286, 484], [1287, 484], [1288, 484], [1289, 484], [1290, 484], [1291, 484], [1292, 484], [1293, 484], [1294, 484], [1295, 484], [1296, 484], [1297, 484], [1298, 484], [1481, 484], [1482, 484], [1483, 484], [1484, 484], [1485, 484], [1486, 484], [1487, 484], [1488, 484], [1489, 484], [1490, 484], [1491, 484], [1492, 484], [1493, 484], [1496, 484], [1497, 484], [1498, 484], [1499, 484], [1500, 484], [1501, 484], [1502, 484], [1503, 484], [1504, 484], [1505, 484], [1506, 484], [1507, 484], [1508, 484], [1567, 484], [1568, 484], [1569, 484], [1570, 484], [1571, 484], [1125, 485], [1126, 485], [1127, 485], [1142, 485], [1143, 485], [1144, 485], [1145, 485], [1146, 485], [1180, 485], [1181, 485], [1182, 485], [1183, 485], [1215, 485], [1216, 485], [1217, 485], [1218, 485], [1219, 485], [1220, 485], [1221, 485], [1222, 485], [1223, 485], [1227, 485], [1228, 485], [1229, 485], [1230, 485], [1238, 485], [1239, 485], [1240, 485], [1241, 485], [1242, 485], [1243, 485], [1244, 485], [1257, 485], [1258, 485], [1259, 485], [1260, 485], [1261, 485], [1262, 485], [1263, 485], [1264, 485], [1265, 485], [1266, 485], [1267, 485], [1268, 485], [1269, 485], [1270, 485], [1271, 485], [1272, 485], [1273, 485], [1274, 485], [1275, 485], [1280, 485], [1281, 485], [1282, 485], [1283, 485], [1284, 485], [1285, 485], [1286, 485], [1287, 485], [1288, 485], [1289, 485], [1290, 485], [1291, 485], [1292, 485], [1293, 485], [1294, 485], [1295, 485], [1296, 485], [1297, 485], [1298, 485], [1299, 485], [1300, 485], [1301, 485], [1302, 485], [1303, 485], [1304, 485], [1305, 485], [1306, 485], [1307, 485], [1308, 485], [1309, 485], [1310, 485], [1311, 485], [1312, 485], [1313, 485], [1314, 485], [1315, 485], [1500, 485], [1501, 485], [1502, 485], [1503, 485], [1504, 485], [1505, 485], [1506, 485], [1507, 485], [1567, 485], [1568, 485], [1570, 485], [1571, 485], [1125, 486], [1126, 486], [1127, 486], [1128, 486], [1129, 486], [1130, 486], [1131, 486], [1132, 486], [1133, 486], [1134, 486], [1135, 486], [1136, 486], [1137, 486], [1138, 486], [1139, 486], [1140, 486], [1141, 486], [1142, 486], [1143, 486], [1144, 486], [1145, 486], [1146, 486], [1147, 486], [1148, 486], [1149, 486], [1150, 486], [1151, 486], [1152, 486], [1153, 486], [1154, 486], [1155, 486], [1156, 486], [1157, 486], [1158, 486], [1159, 486], [1160, 486], [1161, 486], [1162, 486], [1163, 486], [1215, 486], [1216, 486], [1218, 486], [1219, 486], [1220, 486], [1221, 486], [1222, 486], [1223, 486], [1227, 486], [1228, 486], [1229, 486], [1230, 486], [1238, 486], [1239, 486], [1241, 486], [1242, 486], [1243, 486], [1244, 486], [1256, 486], [1257, 486], [1258, 486], [1259, 486], [1262, 486], [1263, 486], [1264, 486], [1265, 486], [1266, 486], [1267, 486], [1268, 486], [1269, 486], [1272, 486], [1273, 486], [1274, 486], [1275, 486], [1276, 486], [1277, 486], [1297, 486], [1298, 486], [1299, 486], [1300, 486], [1301, 486], [1302, 486], [1303, 486], [1304, 486], [1305, 486], [1306, 486], [1307, 486], [1308, 486], [1309, 486], [1310, 486], [1311, 486], [1312, 486], [1313, 486], [1314, 486], [1315, 486], [1316, 486], [1317, 486], [1318, 486], [1319, 486], [1320, 486], [1321, 486], [1322, 486], [1323, 486], [1324, 486], [1325, 486], [1326, 486], [1327, 486], [1328, 486], [1329, 486], [1330, 486], [1331, 486], [1332, 486], [1333, 486], [1567, 486], [1568, 486], [1569, 486], [1570, 486], [1571, 486], [1126, 487], [1127, 487], [1128, 487], [1129, 487], [1130, 487], [1131, 487], [1132, 487], [1133, 487], [1134, 487], [1135, 487], [1136, 487], [1137, 487], [1138, 487], [1139, 487], [1140, 487], [1141, 487], [1142, 487], [1143, 487], [1145, 487], [1146, 487], [1147, 487], [1148, 487], [1149, 487], [1150, 487], [1151, 487], [1152, 487], [1153, 487], [1154, 487], [1155, 487], [1156, 487], [1157, 487], [1158, 487], [1159, 487], [1160, 487], [1161, 487], [1162, 487], [1163, 487], [1164, 487], [1165, 487], [1166, 487], [1167, 487], [1168, 487], [1169, 487], [1170, 487], [1171, 487], [1172, 487], [1173, 487], [1174, 487], [1175, 487], [1176, 487], [1177, 487], [1178, 487], [1179, 487], [1183, 487], [1184, 487], [1185, 487], [1186, 487], [1187, 487], [1188, 487], [1215, 487], [1216, 487], [1217, 487], [1218, 487], [1219, 487], [1220, 487], [1221, 487], [1222, 487], [1223, 487], [1227, 487], [1228, 487], [1229, 487], [1230, 487], [1238, 487], [1239, 487], [1240, 487], [1241, 487], [1242, 487], [1243, 487], [1244, 487], [1256, 487], [1257, 487], [1258, 487], [1274, 487], [1275, 487], [1276, 487], [1277, 487], [1278, 487], [1279, 487], [1314, 487], [1315, 487], [1316, 487], [1317, 487], [1318, 487], [1319, 487], [1320, 487], [1321, 487], [1322, 487], [1323, 487], [1324, 487], [1325, 487], [1326, 487], [1327, 487], [1328, 487], [1329, 487], [1330, 487], [1331, 487], [1332, 487], [1333, 487], [1334, 487], [1335, 487], [1336, 487], [1337, 487], [1338, 487], [1339, 487], [1340, 487], [1341, 487], [1342, 487], [1343, 487], [1147, 488], [1148, 488], [1149, 488], [1150, 488], [1162, 488], [1163, 488], [1164, 488], [1165, 488], [1166, 488], [1167, 488], [1168, 488], [1169, 488], [1170, 488], [1171, 488], [1172, 488], [1173, 488], [1174, 488], [1175, 488], [1176, 488], [1177, 488], [1178, 488], [1179, 488], [1180, 488], [1181, 488], [1182, 488], [1183, 488], [1184, 488], [1185, 488], [1186, 488], [1187, 488], [1188, 488], [1189, 488], [1190, 488], [1191, 488], [1192, 488], [1193, 488], [1194, 488], [1195, 488], [1196, 488], [1197, 488], [1215, 488], [1216, 488], [1217, 488], [1218, 488], [1219, 488], [1220, 488], [1221, 488], [1222, 488], [1223, 488], [1227, 488], [1228, 488], [1229, 488], [1230, 488], [1239, 488], [1240, 488], [1241, 488], [1242, 488], [1243, 488], [1256, 488], [1257, 488], [1276, 488], [1277, 488], [1279, 488], [1332, 488], [1333, 488], [1334, 488], [1335, 488], [1336, 488], [1337, 488], [1338, 488], [1339, 488], [1340, 488], [1341, 488], [1342, 488], [1343, 488], [1344, 488], [1345, 488], [1346, 488], [1347, 488], [1349, 488], [1350, 488], [1351, 488], [1352, 488], [1353, 488], [1354, 488], [1355, 488], [1356, 488], [1357, 488], [1358, 488], [1359, 488], [1360, 488], [1361, 488], [1362, 488], [1363, 488], [1364, 488], [1365, 488], [1366, 488], [1178, 489], [1179, 489], [1180, 489], [1181, 489], [1182, 489], [1183, 489], [1184, 489], [1187, 489], [1188, 489], [1189, 489], [1190, 489], [1191, 489], [1192, 489], [1193, 489], [1194, 489], [1195, 489], [1196, 489], [1197, 489], [1198, 489], [1199, 489], [1200, 489], [1201, 489], [1202, 489], [1203, 489], [1204, 489], [1205, 489], [1206, 489], [1207, 489], [1208, 489], [1209, 489], [1210, 489], [1211, 489], [1212, 489], [1213, 489], [1214, 489], [1215, 489], [1216, 489], [1218, 489], [1219, 489], [1256, 489], [1257, 489], [1258, 489], [1259, 489], [1275, 489], [1276, 489], [1277, 489], [1278, 489], [1279, 489], [1328, 489], [1329, 489], [1330, 489], [1342, 489], [1343, 489], [1344, 489], [1345, 489], [1346, 489], [1347, 489], [1348, 489], [1349, 489], [1350, 489], [1351, 489], [1352, 489], [1353, 489], [1354, 489], [1355, 489], [1356, 489], [1357, 489], [1358, 489], [1359, 489], [1360, 489], [1361, 489], [1362, 489], [1363, 489], [1364, 489], [1365, 489], [1366, 489], [1367, 489], [1368, 489], [1369, 489], [1370, 489], [1371, 489], [1372, 489], [1373, 489], [1374, 489], [1375, 489], [1376, 489], [1377, 489], [1378, 489], [1379, 489], [1380, 489], [1381, 489], [1382, 489], [1383, 489], [1384, 489], [1196, 490], [1197, 490], [1198, 490], [1199, 490], [1200, 490], [1201, 490], [1202, 490], [1203, 490], [1204, 490], [1205, 490], [1206, 490], [1207, 490], [1208, 490], [1209, 490], [1210, 490], [1211, 490], [1212, 490], [1213, 490], [1214, 490], [1215, 490], [1216, 490], [1217, 490], [1218, 490], [1219, 490], [1220, 490], [1221, 490], [1222, 490], [1223, 490], [1224, 490], [1225, 490], [1226, 490], [1227, 490], [1228, 490], [1229, 490], [1230, 490], [1231, 490], [1232, 490], [1233, 490], [1234, 490], [1235, 490], [1236, 490], [1237, 490], [1238, 490], [1239, 490], [1240, 490], [1241, 490], [1242, 490], [1243, 490], [1244, 490], [1245, 490], [1246, 490], [1247, 490], [1256, 490], [1257, 490], [1258, 490], [1259, 490], [1260, 490], [1261, 490], [1262, 490], [1263, 490], [1264, 490], [1265, 490], [1274, 490], [1275, 490], [1276, 490], [1277, 490], [1326, 490], [1327, 490], [1328, 490], [1329, 490], [1330, 490], [1331, 490], [1332, 490], [1346, 490], [1347, 490], [1348, 490], [1349, 490], [1350, 490], [1352, 490], [1353, 490], [1354, 490], [1365, 490], [1366, 490], [1367, 490], [1368, 490], [1369, 490], [1370, 490], [1371, 490], [1372, 490], [1373, 490], [1374, 490], [1375, 490], [1376, 490], [1377, 490], [1378, 490], [1379, 490], [1380, 490], [1381, 490], [1382, 490], [1383, 490], [1384, 490], [1385, 490], [1386, 490], [1387, 490], [1388, 490], [1389, 490], [1390, 490], [1391, 490], [1392, 490], [1393, 490], [1394, 490], [1395, 490], [1396, 490], [1397, 490], [1398, 490], [1399, 490], [1217, 491], [1218, 491], [1219, 491], [1220, 491], [1221, 491], [1222, 491], [1223, 491], [1224, 491], [1225, 491], [1226, 491], [1227, 491], [1228, 491], [1229, 491], [1230, 491], [1231, 491], [1232, 491], [1233, 491], [1234, 491], [1235, 491], [1236, 491], [1237, 491], [1238, 491], [1239, 491], [1240, 491], [1241, 491], [1242, 491], [1243, 491], [1244, 491], [1245, 491], [1246, 491], [1247, 491], [1248, 491], [1249, 491], [1250, 491], [1251, 491], [1252, 491], [1253, 491], [1254, 491], [1255, 491], [1256, 491], [1257, 491], [1258, 491], [1259, 491], [1260, 491], [1261, 491], [1262, 491], [1263, 491], [1264, 491], [1265, 491], [1266, 491], [1267, 491], [1268, 491], [1269, 491], [1270, 491], [1271, 491], [1272, 491], [1273, 491], [1274, 491], [1275, 491], [1276, 491], [1326, 491], [1327, 491], [1328, 491], [1329, 491], [1330, 491], [1331, 491], [1332, 491], [1383, 491], [1384, 491], [1385, 491], [1386, 491], [1387, 491], [1388, 491], [1389, 491], [1390, 491], [1391, 491], [1392, 491], [1393, 491], [1394, 491], [1395, 491], [1396, 491], [1397, 491], [1398, 491], [1399, 491], [1400, 491], [1401, 491], [1402, 491], [1403, 491], [1404, 491], [1405, 491], [1406, 491], [1407, 491], [1408, 491], [1409, 491], [1410, 491], [1411, 491], [1412, 491], [1413, 491], [1414, 491], [1415, 491], [1416, 491], [1417, 491], [1418, 491], [1419, 491], [1420, 491], [1421, 491], [1422, 491], [1423, 491], [1424, 491], [1425, 491], [1246, 492], [1247, 492], [1248, 492], [1249, 492], [1250, 492], [1251, 492], [1252, 492], [1253, 492], [1254, 492], [1255, 492], [1256, 492], [1257, 492], [1258, 492], [1259, 492], [1260, 492], [1261, 492], [1262, 492], [1263, 492], [1264, 492], [1265, 492], [1274, 492], [1275, 492], [1276, 492], [1277, 492], [1278, 492], [1285, 492], [1286, 492], [1287, 492], [1288, 492], [1326, 492], [1327, 492], [1331, 492], [1332, 492], [1398, 492], [1399, 492], [1400, 492], [1401, 492], [1402, 492], [1403, 492], [1404, 492], [1405, 492], [1406, 492], [1407, 492], [1408, 492], [1409, 492], [1410, 492], [1411, 492], [1412, 492], [1413, 492], [1414, 492], [1415, 492], [1416, 492], [1417, 492], [1418, 492], [1419, 492], [1420, 492], [1421, 492], [1422, 492], [1423, 492], [1424, 492], [1425, 492], [1426, 492], [1427, 492], [1428, 492], [1429, 492], [1430, 492], [1431, 492], [1432, 492], [1433, 492], [1434, 492], [1435, 492], [1436, 492], [1437, 492], [1438, 492], [1439, 492], [1440, 492], [1441, 492], [1442, 492], [1443, 492], [1444, 492], [1445, 492], [1446, 492], [1447, 492], [1448, 492], [1449, 492], [1450, 492], [1723, 492], [1724, 492], [1725, 492], [1258, 493], [1259, 493], [1260, 493], [1261, 493], [1262, 493], [1263, 493], [1264, 493], [1265, 493], [1266, 493], [1267, 493], [1268, 493], [1269, 493], [1270, 493], [1271, 493], [1272, 493], [1273, 493], [1274, 493], [1275, 493], [1276, 493], [1277, 493], [1278, 493], [1279, 493], [1280, 493], [1281, 493], [1282, 493], [1283, 493], [1284, 493], [1285, 493], [1286, 493], [1287, 493], [1288, 493], [1289, 493], [1290, 493], [1291, 493], [1292, 493], [1293, 493], [1294, 493], [1295, 493], [1296, 493], [1297, 493], [1298, 493], [1299, 493], [1300, 493], [1301, 493], [1302, 493], [1303, 493], [1304, 493], [1307, 493], [1308, 493], [1309, 493], [1326, 493], [1327, 493], [1328, 493], [1329, 493], [1330, 493], [1331, 493], [1332, 493], [1424, 493], [1425, 493], [1426, 493], [1427, 493], [1428, 493], [1429, 493], [1430, 493], [1431, 493], [1432, 493], [1433, 493], [1434, 493], [1435, 493], [1436, 493], [1437, 493], [1438, 493], [1439, 493], [1440, 493], [1441, 493], [1442, 493], [1443, 493], [1444, 493], [1445, 493], [1446, 493], [1447, 493], [1448, 493], [1449, 493], [1450, 493], [1451, 493], [1452, 493], [1453, 493], [1454, 493], [1455, 493], [1456, 493], [1457, 493], [1458, 493], [1459, 493], [1723, 493], [1725, 493], [1729, 493], [1730, 493], [1731, 493], [1732, 493], [1733, 493], [1734, 493], [1735, 493], [1277, 494], [1278, 494], [1279, 494], [1280, 494], [1281, 494], [1282, 494], [1283, 494], [1284, 494], [1285, 494], [1286, 494], [1287, 494], [1288, 494], [1289, 494], [1290, 494], [1291, 494], [1292, 494], [1293, 494], [1294, 494], [1295, 494], [1296, 494], [1297, 494], [1298, 494], [1299, 494], [1300, 494], [1301, 494], [1302, 494], [1303, 494], [1304, 494], [1305, 494], [1306, 494], [1307, 494], [1308, 494], [1309, 494], [1310, 494], [1311, 494], [1312, 494], [1313, 494], [1314, 494], [1315, 494], [1316, 494], [1317, 494], [1318, 494], [1319, 494], [1326, 494], [1327, 494], [1328, 494], [1329, 494], [1330, 494], [1331, 494], [1332, 494], [1445, 494], [1446, 494], [1447, 494], [1448, 494], [1449, 494], [1450, 494], [1451, 494], [1452, 494], [1453, 494], [1454, 494], [1455, 494], [1456, 494], [1457, 494], [1458, 494], [1459, 494], [1460, 494], [1461, 494], [1462, 494], [1463, 494], [1464, 494], [1465, 494], [1466, 494], [1467, 494], [1723, 494], [1724, 494], [1725, 494], [1728, 494], [1729, 494], [1730, 494], [1731, 494], [1732, 494], [1733, 494], [1734, 494], [1735, 494], [1736, 494], [1737, 494], [1303, 495], [1304, 495], [1305, 495], [1306, 495], [1307, 495], [1308, 495], [1309, 495], [1310, 495], [1311, 495], [1312, 495], [1313, 495], [1314, 495], [1315, 495], [1316, 495], [1317, 495], [1318, 495], [1319, 495], [1320, 495], [1321, 495], [1322, 495], [1323, 495], [1324, 495], [1325, 495], [1326, 495], [1327, 495], [1328, 495], [1329, 495], [1330, 495], [1331, 495], [1332, 495], [1458, 495], [1459, 495], [1460, 495], [1461, 495], [1462, 495], [1463, 495], [1464, 495], [1465, 495], [1466, 495], [1467, 495], [1468, 495], [1469, 495], [1470, 495], [1471, 495], [1472, 495], [1473, 495], [1474, 495], [1475, 495], [1476, 495], [1477, 495], [1478, 495], [1479, 495], [1480, 495], [1481, 495], [1482, 495], [1483, 495], [1484, 495], [1485, 495], [1486, 495], [1488, 495], [1489, 495], [1490, 495], [1491, 495], [1492, 495], [1493, 495], [1494, 495], [1495, 495], [1496, 495], [1497, 495], [1498, 495], [1499, 495], [1500, 495], [1501, 495], [1502, 495], [1503, 495], [1504, 495], [1505, 495], [1506, 495], [1507, 495], [1728, 495], [1729, 495], [1730, 495], [1734, 495], [1735, 495], [1736, 495], [1737, 495], [1738, 495], [1739, 495], [1745, 495], [1746, 495], [1747, 495], [1748, 495], [1318, 496], [1319, 496], [1320, 496], [1321, 496], [1322, 496], [1323, 496], [1324, 496], [1325, 496], [1326, 496], [1327, 496], [1328, 496], [1329, 496], [1330, 496], [1331, 496], [1332, 496], [1333, 496], [1334, 496], [1335, 496], [1336, 496], [1337, 496], [1338, 496], [1339, 496], [1340, 496], [1341, 496], [1342, 496], [1343, 496], [1344, 496], [1345, 496], [1346, 496], [1347, 496], [1348, 496], [1349, 496], [1350, 496], [1351, 496], [1352, 496], [1353, 496], [1354, 496], [1355, 496], [1356, 496], [1357, 496], [1358, 496], [1359, 496], [1360, 496], [1361, 496], [1362, 496], [1363, 496], [1364, 496], [1365, 496], [1366, 496], [1466, 496], [1467, 496], [1468, 496], [1469, 496], [1470, 496], [1471, 496], [1472, 496], [1473, 496], [1474, 496], [1475, 496], [1476, 496], [1477, 496], [1478, 496], [1479, 496], [1480, 496], [1481, 496], [1482, 496], [1483, 496], [1484, 496], [1485, 496], [1486, 496], [1487, 496], [1488, 496], [1489, 496], [1490, 496], [1491, 496], [1492, 496], [1493, 496], [1494, 496], [1495, 496], [1496, 496], [1497, 496], [1498, 496], [1499, 496], [1500, 496], [1501, 496], [1502, 496], [1503, 496], [1504, 496], [1505, 496], [1506, 496], [1507, 496], [1508, 496], [1509, 496], [1510, 496], [1511, 496], [1512, 496], [1513, 496], [1514, 496], [1515, 496], [1516, 496], [1517, 496], [1518, 496], [1519, 496], [1520, 496], [1521, 496], [1522, 496], [1523, 496], [1524, 496], [1525, 496], [1526, 496], [1728, 496], [1729, 496], [1730, 496], [1731, 496], [1732, 496], [1733, 496], [1734, 496], [1735, 496], [1736, 496], [1737, 496], [1738, 496], [1739, 496], [1745, 496], [1746, 496], [1747, 496], [1748, 496], [1331, 497], [1332, 497], [1333, 497], [1334, 497], [1335, 497], [1336, 497], [1337, 497], [1338, 497], [1339, 497], [1340, 497], [1341, 497], [1342, 497], [1343, 497], [1344, 497], [1345, 497], [1346, 497], [1347, 497], [1348, 497], [1349, 497], [1350, 497], [1351, 497], [1352, 497], [1353, 497], [1354, 497], [1355, 497], [1356, 497], [1357, 497], [1358, 497], [1359, 497], [1360, 497], [1361, 497], [1362, 497], [1363, 497], [1364, 497], [1365, 497], [1366, 497], [1367, 497], [1368, 497], [1369, 497], [1370, 497], [1371, 497], [1372, 497], [1373, 497], [1374, 497], [1375, 497], [1376, 497], [1377, 497], [1378, 497], [1379, 497], [1380, 497], [1381, 497], [1382, 497], [1383, 497], [1384, 497], [1385, 497], [1485, 497], [1486, 497], [1487, 497], [1488, 497], [1489, 497], [1506, 497], [1507, 497], [1508, 497], [1509, 497], [1510, 497], [1511, 497], [1512, 497], [1513, 497], [1514, 497], [1515, 497], [1516, 497], [1517, 497], [1518, 497], [1519, 497], [1520, 497], [1521, 497], [1522, 497], [1523, 497], [1524, 497], [1525, 497], [1526, 497], [1527, 497], [1528, 497], [1529, 497], [1530, 497], [1531, 497], [1532, 497], [1533, 497], [1534, 497], [1535, 497], [1729, 497], [1730, 497], [1731, 497], [1732, 497], [1733, 497], [1734, 497], [1735, 497], [1736, 497], [1737, 497], [1738, 497], [1739, 497], [1745, 497], [1746, 497], [1747, 497], [1748, 497], [1810, 497], [1811, 497], [1812, 497], [1813, 497], [1365, 498], [1366, 498], [1367, 498], [1368, 498], [1369, 498], [1370, 498], [1371, 498], [1372, 498], [1373, 498], [1374, 498], [1375, 498], [1376, 498], [1377, 498], [1378, 498], [1379, 498], [1380, 498], [1381, 498], [1382, 498], [1383, 498], [1384, 498], [1385, 498], [1386, 498], [1387, 498], [1388, 498], [1389, 498], [1390, 498], [1391, 498], [1392, 498], [1393, 498], [1394, 498], [1395, 498], [1396, 498], [1397, 498], [1398, 498], [1399, 498], [1400, 498], [1401, 498], [1402, 498], [1403, 498], [1404, 498], [1405, 498], [1406, 498], [1407, 498], [1408, 498], [1409, 498], [1410, 498], [1411, 498], [1412, 498], [1413, 498], [1414, 498], [1415, 498], [1416, 498], [1417, 498], [1418, 498], [1525, 498], [1526, 498], [1527, 498], [1528, 498], [1529, 498], [1530, 498], [1531, 498], [1532, 498], [1533, 498], [1534, 498], [1535, 498], [1536, 498], [1537, 498], [1734, 498], [1735, 498], [1736, 498], [1737, 498], [1738, 498], [1739, 498], [1745, 498], [1746, 498], [1747, 498], [1748, 498], [1799, 498], [1800, 498], [1801, 498], [1802, 498], [1810, 498], [1811, 498], [1812, 498], [1813, 498], [1814, 498], [1815, 498], [1816, 498], [1817, 498], [1818, 498], [1819, 498], [1820, 498], [1384, 499], [1385, 499], [1386, 499], [1387, 499], [1388, 499], [1389, 499], [1390, 499], [1391, 499], [1392, 499], [1393, 499], [1394, 499], [1395, 499], [1396, 499], [1397, 499], [1398, 499], [1399, 499], [1400, 499], [1401, 499], [1402, 499], [1403, 499], [1404, 499], [1405, 499], [1406, 499], [1407, 499], [1408, 499], [1409, 499], [1410, 499], [1411, 499], [1412, 499], [1413, 499], [1414, 499], [1415, 499], [1416, 499], [1417, 499], [1418, 499], [1419, 499], [1420, 499], [1421, 499], [1422, 499], [1423, 499], [1424, 499], [1425, 499], [1426, 499], [1427, 499], [1428, 499], [1429, 499], [1430, 499], [1534, 499], [1535, 499], [1536, 499], [1537, 499], [1538, 499], [1539, 499], [1799, 499], [1800, 499], [1801, 499], [1802, 499], [1810, 499], [1811, 499], [1813, 499], [1814, 499], [1815, 499], [1816, 499], [1817, 499], [1818, 499], [1819, 499], [1820, 499], [1821, 499], [1822, 499], [1417, 500], [1418, 500], [1419, 500], [1420, 500], [1421, 500], [1422, 500], [1423, 500], [1424, 500], [1425, 500], [1426, 500], [1427, 500], [1428, 500], [1429, 500], [1430, 500], [1431, 500], [1432, 500], [1433, 500], [1434, 500], [1435, 500], [1436, 500], [1437, 500], [1438, 500], [1439, 500], [1440, 500], [1441, 500], [1442, 500], [1443, 500], [1444, 500], [1445, 500], [1446, 500], [1447, 500], [1448, 500], [1449, 500], [1450, 500], [1459, 500], [1460, 500], [1461, 500], [1462, 500], [1463, 500], [1464, 500], [1470, 500], [1471, 500], [1472, 500], [1473, 500], [1474, 500], [1475, 500], [1476, 500], [1477, 500], [1478, 500], [1479, 500], [1480, 500], [1486, 500], [1487, 500], [1488, 500], [1489, 500], [1490, 500], [1536, 500], [1537, 500], [1538, 500], [1539, 500], [1540, 500], [1541, 500], [1549, 500], [1550, 500], [1551, 500], [1552, 500], [1553, 500], [1582, 500], [1583, 500], [1584, 500], [1585, 500], [1586, 500], [1591, 500], [1592, 500], [1593, 500], [1594, 500], [1595, 500], [1596, 500], [1597, 500], [1598, 500], [1599, 500], [1799, 500], [1800, 500], [1801, 500], [1802, 500], [1810, 500], [1811, 500], [1812, 500], [1813, 500], [1814, 500], [1815, 500], [1816, 500], [1817, 500], [1819, 500], [1820, 500], [1821, 500], [1822, 500], [1429, 501], [1430, 501], [1431, 501], [1432, 501], [1433, 501], [1434, 501], [1435, 501], [1436, 501], [1437, 501], [1438, 501], [1439, 501], [1440, 501], [1441, 501], [1442, 501], [1443, 501], [1444, 501], [1445, 501], [1446, 501], [1447, 501], [1448, 501], [1449, 501], [1450, 501], [1451, 501], [1452, 501], [1453, 501], [1454, 501], [1455, 501], [1456, 501], [1457, 501], [1458, 501], [1459, 501], [1460, 501], [1461, 501], [1462, 501], [1463, 501], [1464, 501], [1465, 501], [1466, 501], [1467, 501], [1468, 501], [1469, 501], [1470, 501], [1471, 501], [1472, 501], [1473, 501], [1474, 501], [1475, 501], [1476, 501], [1477, 501], [1478, 501], [1479, 501], [1480, 501], [1481, 501], [1482, 501], [1483, 501], [1484, 501], [1485, 501], [1486, 501], [1487, 501], [1488, 501], [1489, 501], [1490, 501], [1491, 501], [1492, 501], [1493, 501], [1494, 501], [1495, 501], [1496, 501], [1497, 501], [1505, 501], [1506, 501], [1507, 501], [1508, 501], [1538, 501], [1539, 501], [1540, 501], [1541, 501], [1542, 501], [1543, 501], [1549, 501], [1550, 501], [1551, 501], [1552, 501], [1553, 501], [1554, 501], [1582, 501], [1583, 501], [1584, 501], [1585, 501], [1586, 501], [1587, 501], [1588, 501], [1589, 501], [1590, 501], [1591, 501], [1592, 501], [1593, 501], [1594, 501], [1595, 501], [1596, 501], [1597, 501], [1598, 501], [1599, 501], [1600, 501], [1601, 501], [1602, 501], [1603, 501], [1609, 501], [1610, 501], [1611, 501], [1612, 501], [1613, 501], [1799, 501], [1800, 501], [1801, 501], [1802, 501], [1811, 501], [1812, 501], [1813, 501], [1814, 501], [1815, 501], [1816, 501], [1817, 501], [1818, 501], [1819, 501], [1820, 501], [1821, 501], [1822, 501], [1449, 502], [1450, 502], [1451, 502], [1452, 502], [1453, 502], [1454, 502], [1455, 502], [1456, 502], [1457, 502], [1458, 502], [1459, 502], [1460, 502], [1463, 502], [1464, 502], [1465, 502], [1466, 502], [1467, 502], [1468, 502], [1469, 502], [1470, 502], [1471, 502], [1479, 502], [1480, 502], [1481, 502], [1482, 502], [1483, 502], [1484, 502], [1485, 502], [1486, 502], [1487, 502], [1489, 502], [1490, 502], [1491, 502], [1492, 502], [1493, 502], [1494, 502], [1495, 502], [1496, 502], [1497, 502], [1498, 502], [1499, 502], [1500, 502], [1501, 502], [1503, 502], [1504, 502], [1505, 502], [1506, 502], [1507, 502], [1508, 502], [1509, 502], [1540, 502], [1541, 502], [1542, 502], [1543, 502], [1544, 502], [1549, 502], [1550, 502], [1551, 502], [1552, 502], [1553, 502], [1554, 502], [1582, 502], [1583, 502], [1584, 502], [1585, 502], [1586, 502], [1587, 502], [1588, 502], [1589, 502], [1590, 502], [1591, 502], [1592, 502], [1598, 502], [1599, 502], [1600, 502], [1601, 502], [1602, 502], [1603, 502], [1604, 502], [1605, 502], [1606, 502], [1607, 502], [1608, 502], [1609, 502], [1610, 502], [1611, 502], [1612, 502], [1613, 502], [1614, 502], [1615, 502], [1616, 502], [1617, 502], [1618, 502], [1619, 502], [1620, 502], [1621, 502], [1622, 502], [1623, 502], [1624, 502], [1625, 502], [1626, 502], [1627, 502], [1628, 502], [1816, 502], [1817, 502], [1818, 502], [1819, 502], [1820, 502], [1821, 502], [1496, 503], [1497, 503], [1498, 503], [1499, 503], [1500, 503], [1501, 503], [1502, 503], [1503, 503], [1504, 503], [1505, 503], [1506, 503], [1507, 503], [1508, 503], [1509, 503], [1510, 503], [1511, 503], [1512, 503], [1513, 503], [1514, 503], [1515, 503], [1516, 503], [1517, 503], [1518, 503], [1519, 503], [1520, 503], [1521, 503], [1522, 503], [1523, 503], [1524, 503], [1525, 503], [1526, 503], [1527, 503], [1528, 503], [1529, 503], [1530, 503], [1531, 503], [1532, 503], [1533, 503], [1534, 503], [1535, 503], [1536, 503], [1537, 503], [1538, 503], [1539, 503], [1540, 503], [1541, 503], [1543, 503], [1544, 503], [1549, 503], [1550, 503], [1551, 503], [1553, 503], [1554, 503], [1582, 503], [1583, 503], [1584, 503], [1585, 503], [1586, 503], [1602, 503], [1603, 503], [1604, 503], [1605, 503], [1606, 503], [1607, 503], [1608, 503], [1609, 503], [1610, 503], [1612, 503], [1613, 503], [1614, 503], [1615, 503], [1616, 503], [1617, 503], [1618, 503], [1619, 503], [1620, 503], [1621, 503], [1622, 503], [1623, 503], [1624, 503], [1625, 503], [1626, 503], [1627, 503], [1628, 503], [1629, 503], [1630, 503], [1631, 503], [1632, 503], [1633, 503], [1634, 503], [1635, 503], [1636, 503], [1637, 503], [1500, 504], [1501, 504], [1502, 504], [1503, 504], [1504, 504], [1508, 504], [1509, 504], [1510, 504], [1511, 504], [1512, 504], [1513, 504], [1514, 504], [1515, 504], [1516, 504], [1517, 504], [1518, 504], [1519, 504], [1520, 504], [1521, 504], [1522, 504], [1523, 504], [1524, 504], [1525, 504], [1526, 504], [1527, 504], [1528, 504], [1529, 504], [1530, 504], [1531, 504], [1532, 504], [1533, 504], [1534, 504], [1535, 504], [1536, 504], [1537, 504], [1538, 504], [1539, 504], [1540, 504], [1541, 504], [1542, 504], [1543, 504], [1544, 504], [1550, 504], [1551, 504], [1552, 504], [1553, 504], [1554, 504], [1583, 504], [1584, 504], [1585, 504], [1586, 504], [1587, 504], [1588, 504], [1589, 504], [1621, 504], [1622, 504], [1623, 504], [1624, 504], [1627, 504], [1628, 504], [1629, 504], [1630, 504], [1631, 504], [1632, 504], [1633, 504], [1634, 504], [1635, 504], [1636, 504], [1637, 504], [1638, 504], [1639, 504], [1640, 504], [1541, 505], [1542, 505], [1543, 505], [1544, 505], [1550, 505], [1551, 505], [1552, 505], [1553, 505], [1554, 505], [1585, 505], [1586, 505], [1587, 505], [1588, 505], [1589, 505], [1590, 505], [1591, 505], [1636, 505], [1637, 505], [1638, 505], [1639, 505], [1640, 505], [1641, 505], [1642, 505], [1643, 505], [1644, 505], [1588, 506], [1589, 506], [1590, 506], [1591, 506], [1592, 506], [1593, 506], [1594, 506], [1595, 506], [1596, 506], [1597, 506], [1598, 506], [1599, 506], [1600, 506], [1601, 506], [1602, 506], [1603, 506], [1610, 506], [1611, 506], [1612, 506], [1613, 506], [1614, 506], [1615, 506], [1620, 506], [1621, 506], [1622, 506], [1623, 506], [1624, 506], [1625, 506], [1626, 506], [1627, 506], [1628, 506], [1629, 506], [1630, 506], [1631, 506], [1632, 506], [1633, 506], [1634, 506], [1635, 506], [1639, 506], [1640, 506], [1641, 506], [1642, 506], [1643, 506], [1644, 506], [1645, 506], [1590, 507], [1591, 507], [1592, 507], [1593, 507], [1594, 507], [1595, 507], [1596, 507], [1597, 507], [1598, 507], [1599, 507], [1600, 507], [1601, 507], [1602, 507], [1603, 507], [1604, 507], [1605, 507], [1606, 507], [1607, 507], [1608, 507], [1609, 507], [1610, 507], [1611, 507], [1612, 507], [1613, 507], [1614, 507], [1615, 507], [1616, 507], [1617, 507], [1618, 507], [1619, 507], [1620, 507], [1621, 507], [1622, 507], [1623, 507], [1624, 507], [1625, 507], [1626, 507], [1627, 507], [1628, 507], [1629, 507], [1630, 507], [1631, 507], [1632, 507], [1633, 507], [1634, 507], [1635, 507], [1636, 507], [1637, 507], [1643, 507], [1644, 507], [1645, 507], [1602, 508], [1603, 508], [1604, 508], [1605, 508], [1606, 508], [1607, 508], [1608, 508], [1609, 508], [1610, 508], [1611, 508], [1614, 508], [1615, 508], [1616, 508], [1617, 508], [1618, 508], [1619, 508], [1620, 508], [1621, 508], [1634, 508], [1635, 508], [1636, 508], [1637, 508], [1638, 508], [1644, 508], [1645, 508], [1636, 509], [1637, 509], [1638, 509], [1639, 509], [1640, 509], [1641, 509], [1642, 509], [1643, 509], [1644, 509], [1645, 509], [1723, 509], [1724, 509], [1725, 509], [1726, 509], [1727, 509], [1729, 509], [1730, 509], [1731, 509], [1637, 510], [1638, 510], [1639, 510], [1640, 510], [1641, 510], [1642, 510], [1643, 510], [1644, 510], [1645, 510], [1721, 510], [1722, 510], [1723, 510], [1724, 510], [1725, 510], [1726, 510], [1727, 510], [1728, 510], [1729, 510], [1730, 510], [1731, 510], [1732, 510], [1733, 510], [1754, 510], [1755, 510], [1756, 510], [1757, 510], [1758, 510], [1759, 510], [1720, 511], [1721, 511], [1722, 511], [1723, 511], [1724, 511], [1726, 511], [1727, 511], [1728, 511], [1729, 511], [1730, 511], [1731, 511], [1732, 511], [1733, 511], [1752, 511], [1753, 511], [1754, 511], [1755, 511], [1756, 511], [1757, 511], [1758, 511], [1759, 511], [1760, 511], [1761, 511], [1762, 511], [1772, 511], [1773, 511], [1774, 511], [1775, 511], [1776, 511], [1777, 511], [1778, 511], [1779, 511], [1718, 512], [1719, 512], [1720, 512], [1721, 512], [1722, 512], [1732, 512], [1733, 512], [1752, 512], [1753, 512], [1754, 512], [1755, 512], [1758, 512], [1759, 512], [1760, 512], [1761, 512], [1762, 512], [1763, 512], [1764, 512], [1765, 512], [1771, 512], [1772, 512], [1773, 512], [1774, 512], [1775, 512], [1776, 512], [1777, 512], [1778, 512], [1779, 512], [1780, 512], [1781, 512], [1718, 513], [1719, 513], [1720, 513], [1721, 513], [1722, 513], [1723, 513], [1724, 513], [1725, 513], [1726, 513], [1727, 513], [1731, 513], [1732, 513], [1733, 513], [1752, 513], [1753, 513], [1754, 513], [1761, 513], [1762, 513], [1763, 513], [1764, 513], [1765, 513], [1766, 513], [1767, 513], [1768, 513], [1769, 513], [1770, 513], [1771, 513], [1772, 513], [1773, 513], [1778, 513], [1779, 513], [1780, 513], [1781, 513], [1782, 513], [1783, 513], [1784, 513], [1785, 513], [1786, 513], [1718, 514], [1719, 514], [1720, 514], [1721, 514], [1722, 514], [1723, 514], [1724, 514], [1725, 514], [1726, 514], [1727, 514], [1728, 514], [1729, 514], [1730, 514], [1731, 514], [1732, 514], [1733, 514], [1752, 514], [1753, 514], [1754, 514], [1755, 514], [1764, 514], [1765, 514], [1766, 514], [1767, 514], [1768, 514], [1769, 514], [1770, 514], [1771, 514], [1772, 514], [1780, 514], [1781, 514], [1782, 514], [1783, 514], [1784, 514], [1785, 514], [1786, 514], [1787, 514], [1788, 514], [1789, 514], [1819, 514], [1820, 514], [1821, 514], [1822, 514], [1823, 514], [1824, 514], [1726, 515], [1727, 515], [1728, 515], [1729, 515], [1730, 515], [1731, 515], [1732, 515], [1753, 515], [1754, 515], [1755, 515], [1756, 515], [1757, 515], [1785, 515], [1786, 515], [1787, 515], [1788, 515], [1789, 515], [1790, 515], [1791, 515], [1817, 515], [1818, 515], [1819, 515], [1820, 515], [1821, 515], [1822, 515], [1823, 515], [1824, 515], [1754, 516], [1755, 516], [1756, 516], [1757, 516], [1758, 516], [1759, 516], [1760, 516], [1763, 516], [1764, 516], [1765, 516], [1766, 516], [1767, 516], [1768, 516], [1769, 516], [1770, 516], [1771, 516], [1772, 516], [1773, 516], [1788, 516], [1789, 516], [1790, 516], [1791, 516], [1817, 516], [1818, 516], [1819, 516], [1820, 516], [1756, 517], [1757, 517], [1758, 517], [1759, 517], [1760, 517], [1761, 517], [1762, 517], [1763, 517], [1764, 517], [1765, 517], [1766, 517], [1767, 517], [1768, 517], [1769, 517], [1770, 517], [1771, 517], [1772, 517], [1773, 517], [1774, 517], [1775, 517], [1776, 517], [1777, 517], [1778, 517], [1790, 517], [1791, 517], [1792, 517], [1817, 517], [1818, 517], [1819, 517], [1820, 517], [1759, 518], [1760, 518], [1761, 518], [1762, 518], [1763, 518], [1764, 518], [1765, 518], [1766, 518], [1767, 518], [1772, 518], [1773, 518], [1774, 518], [1775, 518], [1776, 518], [1777, 518], [1778, 518], [1779, 518], [1780, 518], [1781, 518], [1782, 518], [1783, 518], [1784, 518], [1785, 518], [1786, 518], [1788, 518], [1789, 518], [1790, 518], [1791, 518], [1792, 518], [1818, 518], [1819, 518], [1820, 518], [1777, 519], [1778, 519], [1779, 519], [1780, 519], [1781, 519], [1782, 519], [1783, 519], [1784, 519], [1785, 519], [1786, 519], [1787, 519], [1788, 519], [1789, 519], [1790, 519], [1791, 519], [1792, 519], [1819, 519], [1820, 519], [1821, 519], [1822, 519], [1785, 520], [1786, 520], [1787, 520], [1788, 520], [1789, 520], [1819, 520], [1820, 520], [1821, 520], [1822, 520], [1823, 520], [1824, 520], [1821, 521], [1822, 521], [1823, 521], [1824, 521], [985, 602], [986, 602], [987, 602], [988, 602], [989, 602], [990, 602], [991, 602], [992, 602], [993, 602], [994, 602], [995, 602], [996, 602], [997, 602], [998, 602], [999, 602], [1000, 602], [1001, 602], [1002, 602], [1003, 602], [1004, 602], [1005, 602], [1006, 602], [1007, 602], [1033, 602], [1034, 602], [1035, 602], [1534, 602], [1535, 602], [1536, 602], [1537, 602], [1538, 602], [1539, 602], [1540, 602], [1541, 602], [1542, 602], [1543, 602], [1544, 602], [1551, 602], [1552, 602], [1553, 602], [1554, 602], [972, 603], [973, 603], [974, 603], [975, 603], [976, 603], [977, 603], [978, 603], [979, 603], [980, 603], [981, 603], [982, 603], [983, 603], [984, 603], [985, 603], [986, 603], [987, 603], [988, 603], [989, 603], [990, 603], [991, 603], [992, 603], [993, 603], [994, 603], [995, 603], [996, 603], [997, 603], [998, 603], [999, 603], [1000, 603], [1001, 603], [1002, 603], [1003, 603], [1004, 603], [1005, 603], [1006, 603], [1007, 603], [1008, 603], [1009, 603], [1010, 603], [1011, 603], [1012, 603], [1013, 603], [1014, 603], [1015, 603], [1016, 603], [1017, 603], [1018, 603], [1019, 603], [1020, 603], [1021, 603], [1022, 603], [1023, 603], [1024, 603], [1025, 603], [1026, 603], [1027, 603], [1028, 603], [1029, 603], [1030, 603], [1031, 603], [1032, 603], [1033, 603], [1034, 603], [1035, 603], [1036, 603], [1533, 603], [1534, 603], [1535, 603], [1536, 603], [1537, 603], [1538, 603], [1539, 603], [1540, 603], [1541, 603], [1542, 603], [1543, 603], [1544, 603], [1545, 603], [1546, 603], [1547, 603], [1548, 603], [1549, 603], [1550, 603], [1551, 603], [1552, 603], [1553, 603], [1554, 603], [1555, 603], [1556, 603], [1557, 603], [1558, 603], [1559, 603], [1560, 603], [1561, 603], [1562, 603], [1563, 603], [1564, 603], [969, 604], [970, 604], [971, 604], [972, 604], [973, 604], [974, 604], [975, 604], [976, 604], [977, 604], [978, 604], [979, 604], [980, 604], [981, 604], [982, 604], [983, 604], [984, 604], [985, 604], [986, 604], [1006, 604], [1007, 604], [1008, 604], [1009, 604], [1010, 604], [1011, 604], [1012, 604], [1013, 604], [1014, 604], [1015, 604], [1016, 604], [1017, 604], [1018, 604], [1019, 604], [1020, 604], [1021, 604], [1022, 604], [1023, 604], [1024, 604], [1025, 604], [1026, 604], [1027, 604], [1028, 604], [1029, 604], [1030, 604], [1031, 604], [1032, 604], [1033, 604], [1034, 604], [1035, 604], [1036, 604], [1533, 604], [1534, 604], [1535, 604], [1543, 604], [1544, 604], [1545, 604], [1546, 604], [1547, 604], [1548, 604], [1549, 604], [1550, 604], [1551, 604], [1552, 604], [1553, 604], [1554, 604], [1555, 604], [1556, 604], [1557, 604], [1558, 604], [1559, 604], [1560, 604], [1561, 604], [1562, 604], [1563, 604], [1564, 604], [1565, 604], [1566, 604], [1567, 604], [1575, 604], [1576, 604], [1577, 604], [1578, 604], [1579, 604], [1580, 604], [1581, 604], [1582, 604], [1583, 604], [968, 605], [969, 605], [970, 605], [971, 605], [972, 605], [973, 605], [1035, 605], [1036, 605], [1533, 605], [1534, 605], [1535, 605], [1563, 605], [1564, 605], [1565, 605], [1566, 605], [1567, 605], [1568, 605], [1569, 605], [1570, 605], [1571, 605], [1572, 605], [1573, 605], [1574, 605], [1575, 605], [1576, 605], [1577, 605], [1578, 605], [1579, 605], [1580, 605], [1581, 605], [1582, 605], [1583, 605], [1584, 605], [1585, 605], [1586, 605], [1587, 605], [1588, 605], [1589, 605], [1590, 605], [1591, 605], [1592, 605], [1593, 605], [1594, 605], [1595, 605], [1596, 605], [1597, 605], [1598, 605], [968, 606], [969, 606], [970, 606], [1035, 606], [1036, 606], [1182, 606], [1183, 606], [1184, 606], [1185, 606], [1225, 606], [1226, 606], [1227, 606], [1228, 606], [1229, 606], [1230, 606], [1231, 606], [1232, 606], [1233, 606], [1234, 606], [1242, 606], [1243, 606], [1244, 606], [1245, 606], [1246, 606], [1247, 606], [1248, 606], [1249, 606], [1250, 606], [1251, 606], [1257, 606], [1258, 606], [1259, 606], [1260, 606], [1533, 606], [1534, 606], [1535, 606], [1536, 606], [1566, 606], [1567, 606], [1568, 606], [1569, 606], [1570, 606], [1571, 606], [1572, 606], [1573, 606], [1574, 606], [1575, 606], [1576, 606], [1582, 606], [1583, 606], [1584, 606], [1585, 606], [1586, 606], [1587, 606], [1588, 606], [1589, 606], [1590, 606], [1591, 606], [1592, 606], [1593, 606], [1594, 606], [1595, 606], [1596, 606], [1597, 606], [1598, 606], [1599, 606], [1600, 606], [1601, 606], [1602, 606], [1603, 606], [1604, 606], [968, 607], [969, 607], [1035, 607], [1036, 607], [1182, 607], [1183, 607], [1184, 607], [1185, 607], [1186, 607], [1190, 607], [1191, 607], [1192, 607], [1193, 607], [1224, 607], [1225, 607], [1226, 607], [1227, 607], [1228, 607], [1229, 607], [1230, 607], [1231, 607], [1232, 607], [1233, 607], [1234, 607], [1235, 607], [1236, 607], [1237, 607], [1238, 607], [1239, 607], [1240, 607], [1241, 607], [1242, 607], [1243, 607], [1244, 607], [1245, 607], [1246, 607], [1247, 607], [1248, 607], [1249, 607], [1250, 607], [1251, 607], [1252, 607], [1253, 607], [1254, 607], [1255, 607], [1256, 607], [1257, 607], [1258, 607], [1259, 607], [1260, 607], [1261, 607], [1262, 607], [1263, 607], [1264, 607], [1265, 607], [1266, 607], [1267, 607], [1268, 607], [1269, 607], [1270, 607], [1271, 607], [1272, 607], [1273, 607], [1274, 607], [1275, 607], [1276, 607], [1277, 607], [1278, 607], [1279, 607], [1280, 607], [1534, 607], [1535, 607], [1536, 607], [1537, 607], [1597, 607], [1598, 607], [1599, 607], [1600, 607], [1601, 607], [1602, 607], [1603, 607], [1604, 607], [1605, 607], [1606, 607], [1607, 607], [1608, 607], [1609, 607], [1610, 607], [1611, 607], [1612, 607], [1613, 607], [1614, 607], [1615, 607], [1616, 607], [1617, 607], [1618, 607], [968, 608], [969, 608], [1035, 608], [1036, 608], [1182, 608], [1183, 608], [1184, 608], [1185, 608], [1186, 608], [1187, 608], [1188, 608], [1189, 608], [1190, 608], [1191, 608], [1192, 608], [1193, 608], [1194, 608], [1202, 608], [1203, 608], [1204, 608], [1205, 608], [1223, 608], [1224, 608], [1225, 608], [1226, 608], [1233, 608], [1234, 608], [1235, 608], [1236, 608], [1237, 608], [1238, 608], [1239, 608], [1240, 608], [1241, 608], [1242, 608], [1243, 608], [1250, 608], [1251, 608], [1252, 608], [1253, 608], [1254, 608], [1255, 608], [1256, 608], [1257, 608], [1258, 608], [1259, 608], [1260, 608], [1261, 608], [1262, 608], [1263, 608], [1264, 608], [1265, 608], [1266, 608], [1267, 608], [1268, 608], [1269, 608], [1270, 608], [1271, 608], [1272, 608], [1273, 608], [1274, 608], [1275, 608], [1276, 608], [1277, 608], [1278, 608], [1279, 608], [1280, 608], [1281, 608], [1282, 608], [1283, 608], [1284, 608], [1285, 608], [1286, 608], [1287, 608], [1288, 608], [1289, 608], [1290, 608], [1291, 608], [1292, 608], [1293, 608], [1294, 608], [1295, 608], [1296, 608], [1297, 608], [1298, 608], [1299, 608], [1300, 608], [1535, 608], [1536, 608], [1537, 608], [1538, 608], [1539, 608], [1603, 608], [1604, 608], [1605, 608], [1606, 608], [1607, 608], [1608, 608], [1609, 608], [1610, 608], [1611, 608], [1612, 608], [1613, 608], [1614, 608], [1615, 608], [1616, 608], [1617, 608], [1618, 608], [1619, 608], [1620, 608], [1621, 608], [1622, 608], [1623, 608], [1624, 608], [1625, 608], [1630, 608], [1631, 608], [1632, 608], [1633, 608], [1634, 608], [1635, 608], [1636, 608], [1637, 608], [1638, 608], [1639, 608], [1640, 608], [1641, 608], [1642, 608], [1643, 608], [1644, 608], [1645, 608], [1646, 608], [1647, 608], [1648, 608], [968, 609], [969, 609], [1035, 609], [1036, 609], [1037, 609], [1182, 609], [1183, 609], [1185, 609], [1186, 609], [1187, 609], [1188, 609], [1189, 609], [1190, 609], [1191, 609], [1192, 609], [1193, 609], [1194, 609], [1195, 609], [1200, 609], [1201, 609], [1202, 609], [1203, 609], [1204, 609], [1205, 609], [1206, 609], [1207, 609], [1208, 609], [1209, 609], [1210, 609], [1211, 609], [1222, 609], [1223, 609], [1224, 609], [1225, 609], [1279, 609], [1280, 609], [1281, 609], [1282, 609], [1283, 609], [1284, 609], [1285, 609], [1286, 609], [1287, 609], [1288, 609], [1289, 609], [1290, 609], [1291, 609], [1292, 609], [1293, 609], [1294, 609], [1295, 609], [1296, 609], [1297, 609], [1298, 609], [1299, 609], [1300, 609], [1314, 609], [1315, 609], [1316, 609], [1317, 609], [1536, 609], [1537, 609], [1538, 609], [1539, 609], [1540, 609], [1617, 609], [1618, 609], [1619, 609], [1620, 609], [1621, 609], [1622, 609], [1623, 609], [1624, 609], [1625, 609], [1626, 609], [1627, 609], [1628, 609], [1629, 609], [1630, 609], [1631, 609], [1632, 609], [1633, 609], [1634, 609], [1635, 609], [1636, 609], [1637, 609], [1638, 609], [1639, 609], [1640, 609], [1641, 609], [1642, 609], [1643, 609], [1644, 609], [1645, 609], [1646, 609], [1647, 609], [1648, 609], [1649, 609], [1650, 609], [1651, 609], [1652, 609], [1653, 609], [1654, 609], [1655, 609], [1656, 609], [1657, 609], [968, 610], [969, 610], [1035, 610], [1036, 610], [1037, 610], [1182, 610], [1183, 610], [1193, 610], [1194, 610], [1195, 610], [1196, 610], [1197, 610], [1198, 610], [1199, 610], [1200, 610], [1201, 610], [1202, 610], [1203, 610], [1204, 610], [1205, 610], [1206, 610], [1207, 610], [1208, 610], [1209, 610], [1210, 610], [1211, 610], [1212, 610], [1213, 610], [1214, 610], [1215, 610], [1216, 610], [1217, 610], [1221, 610], [1222, 610], [1223, 610], [1224, 610], [1299, 610], [1300, 610], [1301, 610], [1313, 610], [1314, 610], [1315, 610], [1316, 610], [1317, 610], [1318, 610], [1538, 610], [1539, 610], [1540, 610], [1541, 610], [1624, 610], [1625, 610], [1626, 610], [1627, 610], [1628, 610], [1629, 610], [1630, 610], [1631, 610], [1639, 610], [1640, 610], [1641, 610], [1642, 610], [1647, 610], [1648, 610], [1649, 610], [1650, 610], [1651, 610], [1652, 610], [1653, 610], [1654, 610], [1655, 610], [1656, 610], [1657, 610], [1658, 610], [1659, 610], [1660, 610], [1661, 610], [1662, 610], [1663, 610], [1666, 610], [1667, 610], [1668, 610], [1669, 610], [1670, 610], [1671, 610], [1672, 610], [1673, 610], [1674, 610], [1675, 610], [1676, 610], [1677, 610], [1678, 610], [1679, 610], [1680, 610], [1681, 610], [1682, 610], [1683, 610], [1684, 610], [1685, 610], [1686, 610], [1687, 610], [1688, 610], [1689, 610], [968, 611], [969, 611], [1036, 611], [1037, 611], [1182, 611], [1183, 611], [1184, 611], [1194, 611], [1195, 611], [1196, 611], [1197, 611], [1198, 611], [1199, 611], [1200, 611], [1201, 611], [1210, 611], [1211, 611], [1212, 611], [1213, 611], [1214, 611], [1215, 611], [1216, 611], [1217, 611], [1218, 611], [1221, 611], [1222, 611], [1223, 611], [1253, 611], [1254, 611], [1255, 611], [1256, 611], [1257, 611], [1275, 611], [1276, 611], [1277, 611], [1278, 611], [1279, 611], [1280, 611], [1281, 611], [1284, 611], [1285, 611], [1286, 611], [1287, 611], [1288, 611], [1299, 611], [1300, 611], [1301, 611], [1302, 611], [1312, 611], [1313, 611], [1314, 611], [1315, 611], [1316, 611], [1317, 611], [1318, 611], [1319, 611], [1539, 611], [1540, 611], [1541, 611], [1542, 611], [1543, 611], [1626, 611], [1627, 611], [1628, 611], [1629, 611], [1656, 611], [1657, 611], [1658, 611], [1659, 611], [1660, 611], [1661, 611], [1662, 611], [1663, 611], [1664, 611], [1665, 611], [1666, 611], [1667, 611], [1668, 611], [1669, 611], [1670, 611], [1671, 611], [1672, 611], [1673, 611], [1674, 611], [1675, 611], [1676, 611], [1677, 611], [1678, 611], [1679, 611], [1680, 611], [1681, 611], [1682, 611], [1683, 611], [1684, 611], [1685, 611], [1686, 611], [1687, 611], [1688, 611], [1689, 611], [1690, 611], [1691, 611], [1692, 611], [1693, 611], [1694, 611], [1695, 611], [1696, 611], [1697, 611], [1698, 611], [1699, 611], [1700, 611], [1701, 611], [1702, 611], [1703, 611], [1704, 611], [1705, 611], [1706, 611], [1707, 611], [1708, 611], [1709, 611], [968, 612], [969, 612], [1036, 612], [1037, 612], [1182, 612], [1183, 612], [1184, 612], [1212, 612], [1213, 612], [1214, 612], [1215, 612], [1216, 612], [1217, 612], [1218, 612], [1219, 612], [1220, 612], [1221, 612], [1222, 612], [1249, 612], [1250, 612], [1251, 612], [1252, 612], [1253, 612], [1254, 612], [1255, 612], [1256, 612], [1257, 612], [1258, 612], [1259, 612], [1260, 612], [1261, 612], [1275, 612], [1276, 612], [1277, 612], [1278, 612], [1279, 612], [1280, 612], [1281, 612], [1282, 612], [1283, 612], [1284, 612], [1285, 612], [1286, 612], [1287, 612], [1288, 612], [1289, 612], [1290, 612], [1300, 612], [1301, 612], [1302, 612], [1303, 612], [1312, 612], [1313, 612], [1314, 612], [1317, 612], [1318, 612], [1319, 612], [1320, 612], [1540, 612], [1541, 612], [1542, 612], [1543, 612], [1544, 612], [1545, 612], [1662, 612], [1663, 612], [1664, 612], [1665, 612], [1666, 612], [1667, 612], [1688, 612], [1689, 612], [1690, 612], [1691, 612], [1692, 612], [1693, 612], [1694, 612], [1695, 612], [1696, 612], [1697, 612], [1698, 612], [1699, 612], [1700, 612], [1701, 612], [1702, 612], [1703, 612], [1704, 612], [1705, 612], [1706, 612], [1707, 612], [1708, 612], [1709, 612], [1710, 612], [1711, 612], [1712, 612], [1713, 612], [1714, 612], [1715, 612], [966, 613], [967, 613], [968, 613], [969, 613], [1036, 613], [1037, 613], [1183, 613], [1184, 613], [1185, 613], [1217, 613], [1218, 613], [1219, 613], [1220, 613], [1221, 613], [1222, 613], [1249, 613], [1250, 613], [1252, 613], [1253, 613], [1254, 613], [1256, 613], [1257, 613], [1258, 613], [1259, 613], [1260, 613], [1261, 613], [1274, 613], [1275, 613], [1276, 613], [1278, 613], [1279, 613], [1280, 613], [1281, 613], [1282, 613], [1283, 613], [1284, 613], [1285, 613], [1287, 613], [1288, 613], [1289, 613], [1290, 613], [1301, 613], [1302, 613], [1303, 613], [1312, 613], [1313, 613], [1318, 613], [1319, 613], [1320, 613], [1321, 613], [1542, 613], [1543, 613], [1544, 613], [1545, 613], [1546, 613], [1547, 613], [1633, 613], [1634, 613], [1635, 613], [1636, 613], [1708, 613], [1709, 613], [1710, 613], [1711, 613], [1712, 613], [1713, 613], [1714, 613], [1715, 613], [1716, 613], [1717, 613], [1718, 613], [1719, 613], [1720, 613], [1721, 613], [1722, 613], [1723, 613], [1724, 613], [1725, 613], [1726, 613], [1727, 613], [1728, 613], [1729, 613], [1730, 613], [1731, 613], [1732, 613], [963, 614], [964, 614], [965, 614], [966, 614], [967, 614], [968, 614], [969, 614], [982, 614], [983, 614], [984, 614], [985, 614], [986, 614], [987, 614], [988, 614], [1036, 614], [1037, 614], [1183, 614], [1184, 614], [1185, 614], [1218, 614], [1219, 614], [1220, 614], [1221, 614], [1249, 614], [1250, 614], [1251, 614], [1252, 614], [1253, 614], [1260, 614], [1261, 614], [1262, 614], [1263, 614], [1264, 614], [1274, 614], [1275, 614], [1276, 614], [1281, 614], [1282, 614], [1283, 614], [1284, 614], [1289, 614], [1290, 614], [1302, 614], [1303, 614], [1304, 614], [1312, 614], [1313, 614], [1314, 614], [1315, 614], [1316, 614], [1317, 614], [1318, 614], [1320, 614], [1321, 614], [1322, 614], [1544, 614], [1545, 614], [1546, 614], [1547, 614], [1548, 614], [1549, 614], [1633, 614], [1634, 614], [1635, 614], [1636, 614], [1637, 614], [1714, 614], [1715, 614], [1716, 614], [1717, 614], [1718, 614], [1719, 614], [1720, 614], [1721, 614], [1722, 614], [1723, 614], [1724, 614], [1725, 614], [1726, 614], [1727, 614], [1728, 614], [1729, 614], [1730, 614], [1731, 614], [1732, 614], [1733, 614], [1734, 614], [1735, 614], [1736, 614], [962, 615], [963, 615], [964, 615], [965, 615], [966, 615], [967, 615], [982, 615], [983, 615], [984, 615], [985, 615], [986, 615], [987, 615], [988, 615], [989, 615], [995, 615], [996, 615], [997, 615], [1036, 615], [1037, 615], [1038, 615], [1184, 615], [1185, 615], [1218, 615], [1219, 615], [1220, 615], [1221, 615], [1251, 615], [1252, 615], [1253, 615], [1260, 615], [1261, 615], [1262, 615], [1263, 615], [1264, 615], [1274, 615], [1275, 615], [1276, 615], [1281, 615], [1282, 615], [1283, 615], [1284, 615], [1289, 615], [1290, 615], [1291, 615], [1295, 615], [1296, 615], [1297, 615], [1298, 615], [1299, 615], [1302, 615], [1303, 615], [1304, 615], [1305, 615], [1306, 615], [1307, 615], [1308, 615], [1309, 615], [1312, 615], [1313, 615], [1314, 615], [1315, 615], [1316, 615], [1317, 615], [1318, 615], [1319, 615], [1320, 615], [1321, 615], [1322, 615], [1323, 615], [1546, 615], [1547, 615], [1548, 615], [1549, 615], [1550, 615], [1551, 615], [1633, 615], [1634, 615], [1635, 615], [1636, 615], [1637, 615], [1638, 615], [1639, 615], [1640, 615], [1731, 615], [1732, 615], [1733, 615], [1734, 615], [1735, 615], [1736, 615], [1737, 615], [961, 616], [962, 616], [963, 616], [964, 616], [981, 616], [982, 616], [983, 616], [987, 616], [988, 616], [989, 616], [993, 616], [994, 616], [995, 616], [996, 616], [997, 616], [998, 616], [1036, 616], [1037, 616], [1038, 616], [1184, 616], [1185, 616], [1186, 616], [1251, 616], [1252, 616], [1253, 616], [1261, 616], [1262, 616], [1263, 616], [1264, 616], [1275, 616], [1276, 616], [1277, 616], [1281, 616], [1282, 616], [1283, 616], [1284, 616], [1285, 616], [1289, 616], [1290, 616], [1291, 616], [1295, 616], [1296, 616], [1297, 616], [1298, 616], [1299, 616], [1303, 616], [1304, 616], [1305, 616], [1306, 616], [1307, 616], [1308, 616], [1309, 616], [1310, 616], [1311, 616], [1312, 616], [1313, 616], [1314, 616], [1315, 616], [1318, 616], [1319, 616], [1320, 616], [1321, 616], [1322, 616], [1323, 616], [1324, 616], [1548, 616], [1549, 616], [1550, 616], [1551, 616], [1552, 616], [1634, 616], [1635, 616], [1636, 616], [1637, 616], [1638, 616], [1639, 616], [1640, 616], [1641, 616], [1642, 616], [1643, 616], [1735, 616], [1736, 616], [1737, 616], [1738, 616], [960, 617], [961, 617], [962, 617], [963, 617], [972, 617], [973, 617], [974, 617], [975, 617], [976, 617], [981, 617], [982, 617], [983, 617], [988, 617], [989, 617], [992, 617], [993, 617], [994, 617], [995, 617], [996, 617], [997, 617], [998, 617], [999, 617], [1037, 617], [1038, 617], [1184, 617], [1185, 617], [1186, 617], [1252, 617], [1253, 617], [1254, 617], [1255, 617], [1261, 617], [1262, 617], [1263, 617], [1275, 617], [1276, 617], [1277, 617], [1281, 617], [1282, 617], [1283, 617], [1284, 617], [1285, 617], [1290, 617], [1291, 617], [1292, 617], [1293, 617], [1294, 617], [1295, 617], [1296, 617], [1298, 617], [1299, 617], [1300, 617], [1308, 617], [1309, 617], [1310, 617], [1311, 617], [1312, 617], [1313, 617], [1314, 617], [1315, 617], [1318, 617], [1319, 617], [1320, 617], [1321, 617], [1323, 617], [1324, 617], [1325, 617], [1550, 617], [1551, 617], [1552, 617], [1553, 617], [1554, 617], [1634, 617], [1635, 617], [1639, 617], [1640, 617], [1641, 617], [1642, 617], [1643, 617], [1644, 617], [1645, 617], [1646, 617], [1647, 617], [1648, 617], [1649, 617], [1650, 617], [1651, 617], [1652, 617], [1736, 617], [1737, 617], [1738, 617], [1739, 617], [1740, 617], [960, 618], [961, 618], [962, 618], [971, 618], [972, 618], [973, 618], [974, 618], [975, 618], [976, 618], [977, 618], [978, 618], [980, 618], [981, 618], [982, 618], [987, 618], [988, 618], [989, 618], [992, 618], [993, 618], [994, 618], [997, 618], [998, 618], [999, 618], [1037, 618], [1038, 618], [1185, 618], [1186, 618], [1187, 618], [1252, 618], [1253, 618], [1254, 618], [1255, 618], [1261, 618], [1262, 618], [1263, 618], [1264, 618], [1276, 618], [1277, 618], [1278, 618], [1279, 618], [1281, 618], [1282, 618], [1283, 618], [1284, 618], [1285, 618], [1290, 618], [1291, 618], [1292, 618], [1293, 618], [1294, 618], [1295, 618], [1296, 618], [1298, 618], [1299, 618], [1300, 618], [1301, 618], [1310, 618], [1311, 618], [1312, 618], [1314, 618], [1315, 618], [1319, 618], [1320, 618], [1321, 618], [1322, 618], [1323, 618], [1324, 618], [1325, 618], [1551, 618], [1552, 618], [1553, 618], [1554, 618], [1555, 618], [1556, 618], [1634, 618], [1635, 618], [1642, 618], [1643, 618], [1644, 618], [1645, 618], [1646, 618], [1647, 618], [1648, 618], [1649, 618], [1650, 618], [1651, 618], [1652, 618], [1653, 618], [1654, 618], [1655, 618], [1656, 618], [1737, 618], [1738, 618], [1739, 618], [1740, 618], [1741, 618], [960, 619], [961, 619], [970, 619], [971, 619], [972, 619], [973, 619], [975, 619], [976, 619], [977, 619], [978, 619], [979, 619], [980, 619], [981, 619], [982, 619], [987, 619], [988, 619], [989, 619], [992, 619], [993, 619], [994, 619], [997, 619], [998, 619], [999, 619], [1037, 619], [1038, 619], [1185, 619], [1186, 619], [1187, 619], [1236, 619], [1237, 619], [1238, 619], [1254, 619], [1255, 619], [1261, 619], [1262, 619], [1263, 619], [1264, 619], [1276, 619], [1277, 619], [1278, 619], [1279, 619], [1280, 619], [1281, 619], [1282, 619], [1283, 619], [1284, 619], [1285, 619], [1292, 619], [1293, 619], [1294, 619], [1295, 619], [1299, 619], [1300, 619], [1301, 619], [1302, 619], [1303, 619], [1304, 619], [1305, 619], [1306, 619], [1307, 619], [1308, 619], [1309, 619], [1310, 619], [1311, 619], [1312, 619], [1313, 619], [1314, 619], [1315, 619], [1321, 619], [1322, 619], [1323, 619], [1324, 619], [1325, 619], [1326, 619], [1553, 619], [1554, 619], [1555, 619], [1556, 619], [1557, 619], [1634, 619], [1635, 619], [1636, 619], [1637, 619], [1638, 619], [1639, 619], [1651, 619], [1652, 619], [1653, 619], [1654, 619], [1655, 619], [1656, 619], [1657, 619], [1739, 619], [1740, 619], [1741, 619], [1742, 619], [960, 620], [970, 620], [971, 620], [972, 620], [977, 620], [978, 620], [979, 620], [980, 620], [981, 620], [987, 620], [988, 620], [992, 620], [993, 620], [994, 620], [996, 620], [997, 620], [998, 620], [999, 620], [1037, 620], [1038, 620], [1186, 620], [1187, 620], [1188, 620], [1236, 620], [1237, 620], [1238, 620], [1239, 620], [1254, 620], [1255, 620], [1261, 620], [1262, 620], [1263, 620], [1264, 620], [1265, 620], [1278, 620], [1279, 620], [1280, 620], [1281, 620], [1282, 620], [1283, 620], [1284, 620], [1285, 620], [1300, 620], [1301, 620], [1302, 620], [1303, 620], [1304, 620], [1305, 620], [1306, 620], [1307, 620], [1308, 620], [1309, 620], [1310, 620], [1311, 620], [1312, 620], [1313, 620], [1314, 620], [1315, 620], [1321, 620], [1322, 620], [1323, 620], [1325, 620], [1326, 620], [1327, 620], [1555, 620], [1556, 620], [1557, 620], [1558, 620], [1559, 620], [1634, 620], [1635, 620], [1636, 620], [1637, 620], [1638, 620], [1639, 620], [1640, 620], [1641, 620], [1655, 620], [1656, 620], [1657, 620], [1658, 620], [1659, 620], [1740, 620], [1741, 620], [1742, 620], [1743, 620], [970, 621], [971, 621], [986, 621], [987, 621], [988, 621], [993, 621], [994, 621], [995, 621], [996, 621], [997, 621], [998, 621], [1037, 621], [1038, 621], [1186, 621], [1187, 621], [1188, 621], [1189, 621], [1236, 621], [1237, 621], [1238, 621], [1239, 621], [1254, 621], [1255, 621], [1262, 621], [1263, 621], [1264, 621], [1265, 621], [1279, 621], [1280, 621], [1281, 621], [1282, 621], [1283, 621], [1284, 621], [1285, 621], [1311, 621], [1312, 621], [1313, 621], [1314, 621], [1322, 621], [1323, 621], [1324, 621], [1325, 621], [1326, 621], [1327, 621], [1328, 621], [1556, 621], [1557, 621], [1558, 621], [1559, 621], [1560, 621], [1638, 621], [1639, 621], [1640, 621], [1641, 621], [1642, 621], [1656, 621], [1657, 621], [1658, 621], [1659, 621], [1741, 621], [1742, 621], [1743, 621], [1744, 621], [969, 622], [970, 622], [971, 622], [986, 622], [987, 622], [988, 622], [993, 622], [994, 622], [995, 622], [996, 622], [997, 622], [1037, 622], [1038, 622], [1187, 622], [1188, 622], [1189, 622], [1236, 622], [1237, 622], [1238, 622], [1239, 622], [1254, 622], [1255, 622], [1256, 622], [1264, 622], [1265, 622], [1280, 622], [1281, 622], [1282, 622], [1283, 622], [1284, 622], [1285, 622], [1323, 622], [1324, 622], [1325, 622], [1326, 622], [1327, 622], [1328, 622], [1558, 622], [1559, 622], [1560, 622], [1561, 622], [1562, 622], [1640, 622], [1641, 622], [1642, 622], [1643, 622], [1644, 622], [1658, 622], [1659, 622], [1660, 622], [1742, 622], [1743, 622], [1744, 622], [1745, 622], [969, 623], [970, 623], [971, 623], [985, 623], [986, 623], [987, 623], [992, 623], [993, 623], [994, 623], [995, 623], [996, 623], [997, 623], [998, 623], [1037, 623], [1038, 623], [1188, 623], [1189, 623], [1236, 623], [1237, 623], [1239, 623], [1240, 623], [1254, 623], [1255, 623], [1256, 623], [1264, 623], [1265, 623], [1281, 623], [1282, 623], [1283, 623], [1284, 623], [1285, 623], [1323, 623], [1324, 623], [1325, 623], [1326, 623], [1327, 623], [1328, 623], [1329, 623], [1559, 623], [1560, 623], [1561, 623], [1562, 623], [1563, 623], [1564, 623], [1641, 623], [1642, 623], [1643, 623], [1644, 623], [1645, 623], [1646, 623], [1647, 623], [1656, 623], [1657, 623], [1658, 623], [1659, 623], [1660, 623], [1743, 623], [1744, 623], [1745, 623], [1746, 623], [969, 624], [970, 624], [984, 624], [985, 624], [986, 624], [987, 624], [992, 624], [993, 624], [994, 624], [996, 624], [997, 624], [998, 624], [1037, 624], [1038, 624], [1188, 624], [1189, 624], [1190, 624], [1237, 624], [1238, 624], [1239, 624], [1240, 624], [1255, 624], [1256, 624], [1264, 624], [1265, 624], [1266, 624], [1281, 624], [1282, 624], [1283, 624], [1284, 624], [1285, 624], [1324, 624], [1325, 624], [1326, 624], [1328, 624], [1329, 624], [1330, 624], [1561, 624], [1562, 624], [1563, 624], [1564, 624], [1565, 624], [1643, 624], [1644, 624], [1645, 624], [1646, 624], [1647, 624], [1648, 624], [1654, 624], [1655, 624], [1656, 624], [1657, 624], [1658, 624], [1659, 624], [1660, 624], [1661, 624], [1662, 624], [1744, 624], [1745, 624], [1746, 624], [1747, 624], [969, 625], [970, 625], [984, 625], [985, 625], [986, 625], [992, 625], [993, 625], [997, 625], [998, 625], [999, 625], [1000, 625], [1001, 625], [1002, 625], [1003, 625], [1037, 625], [1038, 625], [1039, 625], [1188, 625], [1189, 625], [1190, 625], [1237, 625], [1238, 625], [1239, 625], [1240, 625], [1255, 625], [1256, 625], [1264, 625], [1265, 625], [1266, 625], [1281, 625], [1282, 625], [1325, 625], [1326, 625], [1327, 625], [1329, 625], [1330, 625], [1563, 625], [1564, 625], [1565, 625], [1566, 625], [1646, 625], [1647, 625], [1648, 625], [1649, 625], [1654, 625], [1655, 625], [1656, 625], [1657, 625], [1658, 625], [1659, 625], [1660, 625], [1661, 625], [1662, 625], [1745, 625], [1746, 625], [1747, 625], [1748, 625], [969, 626], [970, 626], [983, 626], [984, 626], [985, 626], [992, 626], [993, 626], [997, 626], [998, 626], [999, 626], [1000, 626], [1001, 626], [1002, 626], [1003, 626], [1037, 626], [1038, 626], [1039, 626], [1189, 626], [1190, 626], [1191, 626], [1237, 626], [1238, 626], [1239, 626], [1240, 626], [1255, 626], [1256, 626], [1257, 626], [1258, 626], [1259, 626], [1265, 626], [1266, 626], [1281, 626], [1282, 626], [1283, 626], [1326, 626], [1327, 626], [1328, 626], [1329, 626], [1330, 626], [1331, 626], [1564, 626], [1565, 626], [1566, 626], [1567, 626], [1568, 626], [1647, 626], [1648, 626], [1649, 626], [1650, 626], [1651, 626], [1653, 626], [1654, 626], [1655, 626], [1659, 626], [1660, 626], [1661, 626], [1662, 626], [1746, 626], [1747, 626], [1748, 626], [1749, 626], [969, 627], [970, 627], [983, 627], [984, 627], [985, 627], [991, 627], [992, 627], [993, 627], [997, 627], [998, 627], [999, 627], [1001, 627], [1002, 627], [1003, 627], [1038, 627], [1039, 627], [1189, 627], [1190, 627], [1191, 627], [1238, 627], [1239, 627], [1240, 627], [1255, 627], [1256, 627], [1257, 627], [1258, 627], [1259, 627], [1260, 627], [1261, 627], [1262, 627], [1263, 627], [1264, 627], [1265, 627], [1266, 627], [1281, 627], [1282, 627], [1283, 627], [1284, 627], [1286, 627], [1287, 627], [1288, 627], [1289, 627], [1327, 627], [1328, 627], [1330, 627], [1331, 627], [1332, 627], [1565, 627], [1566, 627], [1567, 627], [1568, 627], [1569, 627], [1648, 627], [1649, 627], [1650, 627], [1651, 627], [1652, 627], [1653, 627], [1654, 627], [1655, 627], [1660, 627], [1661, 627], [1662, 627], [1747, 627], [1748, 627], [1749, 627], [1750, 627], [1751, 627], [969, 628], [970, 628], [971, 628], [982, 628], [983, 628], [984, 628], [991, 628], [992, 628], [993, 628], [1000, 628], [1001, 628], [1002, 628], [1003, 628], [1038, 628], [1039, 628], [1190, 628], [1191, 628], [1192, 628], [1256, 628], [1257, 628], [1258, 628], [1259, 628], [1260, 628], [1261, 628], [1262, 628], [1263, 628], [1264, 628], [1265, 628], [1266, 628], [1282, 628], [1283, 628], [1284, 628], [1285, 628], [1286, 628], [1287, 628], [1288, 628], [1289, 628], [1290, 628], [1291, 628], [1324, 628], [1325, 628], [1326, 628], [1328, 628], [1329, 628], [1331, 628], [1332, 628], [1567, 628], [1568, 628], [1569, 628], [1570, 628], [1571, 628], [1650, 628], [1651, 628], [1652, 628], [1653, 628], [1654, 628], [1748, 628], [1749, 628], [1750, 628], [1751, 628], [1752, 628], [969, 629], [970, 629], [971, 629], [972, 629], [973, 629], [974, 629], [982, 629], [983, 629], [984, 629], [991, 629], [992, 629], [1000, 629], [1001, 629], [1002, 629], [1003, 629], [1038, 629], [1039, 629], [1190, 629], [1191, 629], [1192, 629], [1193, 629], [1283, 629], [1284, 629], [1285, 629], [1286, 629], [1287, 629], [1288, 629], [1289, 629], [1290, 629], [1291, 629], [1292, 629], [1324, 629], [1325, 629], [1326, 629], [1327, 629], [1328, 629], [1329, 629], [1330, 629], [1331, 629], [1332, 629], [1333, 629], [1568, 629], [1569, 629], [1570, 629], [1571, 629], [1572, 629], [1573, 629], [1750, 629], [1751, 629], [1752, 629], [1753, 629], [970, 630], [971, 630], [972, 630], [973, 630], [974, 630], [975, 630], [981, 630], [982, 630], [983, 630], [991, 630], [992, 630], [1000, 630], [1001, 630], [1002, 630], [1034, 630], [1035, 630], [1036, 630], [1037, 630], [1038, 630], [1039, 630], [1191, 630], [1192, 630], [1193, 630], [1290, 630], [1291, 630], [1292, 630], [1296, 630], [1297, 630], [1298, 630], [1299, 630], [1300, 630], [1324, 630], [1325, 630], [1326, 630], [1327, 630], [1328, 630], [1329, 630], [1330, 630], [1331, 630], [1332, 630], [1333, 630], [1570, 630], [1571, 630], [1572, 630], [1573, 630], [1574, 630], [1575, 630], [1751, 630], [1752, 630], [1753, 630], [1754, 630], [973, 631], [974, 631], [975, 631], [976, 631], [980, 631], [981, 631], [982, 631], [983, 631], [991, 631], [992, 631], [993, 631], [999, 631], [1000, 631], [1001, 631], [1002, 631], [1034, 631], [1035, 631], [1036, 631], [1037, 631], [1038, 631], [1039, 631], [1192, 631], [1193, 631], [1194, 631], [1291, 631], [1292, 631], [1293, 631], [1296, 631], [1297, 631], [1298, 631], [1299, 631], [1300, 631], [1324, 631], [1325, 631], [1326, 631], [1327, 631], [1328, 631], [1329, 631], [1330, 631], [1332, 631], [1333, 631], [1334, 631], [1572, 631], [1573, 631], [1574, 631], [1575, 631], [1576, 631], [1577, 631], [1752, 631], [1753, 631], [1754, 631], [1755, 631], [974, 632], [975, 632], [976, 632], [977, 632], [978, 632], [979, 632], [980, 632], [981, 632], [982, 632], [991, 632], [992, 632], [993, 632], [996, 632], [997, 632], [998, 632], [999, 632], [1000, 632], [1001, 632], [1032, 632], [1033, 632], [1034, 632], [1035, 632], [1036, 632], [1037, 632], [1039, 632], [1040, 632], [1192, 632], [1193, 632], [1194, 632], [1291, 632], [1292, 632], [1293, 632], [1294, 632], [1296, 632], [1297, 632], [1298, 632], [1299, 632], [1300, 632], [1326, 632], [1327, 632], [1328, 632], [1329, 632], [1330, 632], [1332, 632], [1333, 632], [1334, 632], [1335, 632], [1574, 632], [1575, 632], [1576, 632], [1577, 632], [1578, 632], [1579, 632], [1753, 632], [1754, 632], [1755, 632], [1756, 632], [975, 633], [976, 633], [977, 633], [978, 633], [979, 633], [980, 633], [981, 633], [992, 633], [993, 633], [994, 633], [995, 633], [996, 633], [997, 633], [998, 633], [999, 633], [1000, 633], [1031, 633], [1032, 633], [1033, 633], [1034, 633], [1035, 633], [1037, 633], [1038, 633], [1039, 633], [1040, 633], [1193, 633], [1194, 633], [1288, 633], [1289, 633], [1290, 633], [1291, 633], [1292, 633], [1293, 633], [1294, 633], [1296, 633], [1297, 633], [1298, 633], [1299, 633], [1300, 633], [1326, 633], [1327, 633], [1328, 633], [1333, 633], [1334, 633], [1335, 633], [1576, 633], [1577, 633], [1578, 633], [1579, 633], [1580, 633], [1754, 633], [1755, 633], [1756, 633], [1757, 633], [976, 634], [977, 634], [978, 634], [992, 634], [993, 634], [994, 634], [995, 634], [996, 634], [997, 634], [998, 634], [999, 634], [1000, 634], [1031, 634], [1032, 634], [1033, 634], [1037, 634], [1038, 634], [1039, 634], [1040, 634], [1193, 634], [1194, 634], [1287, 634], [1288, 634], [1289, 634], [1290, 634], [1291, 634], [1292, 634], [1293, 634], [1294, 634], [1298, 634], [1299, 634], [1300, 634], [1326, 634], [1327, 634], [1334, 634], [1335, 634], [1336, 634], [1578, 634], [1579, 634], [1580, 634], [1581, 634], [1582, 634], [1755, 634], [1756, 634], [1757, 634], [1758, 634], [994, 635], [995, 635], [996, 635], [997, 635], [998, 635], [1031, 635], [1032, 635], [1033, 635], [1034, 635], [1035, 635], [1037, 635], [1038, 635], [1039, 635], [1040, 635], [1193, 635], [1194, 635], [1195, 635], [1287, 635], [1288, 635], [1289, 635], [1326, 635], [1327, 635], [1334, 635], [1335, 635], [1336, 635], [1337, 635], [1579, 635], [1580, 635], [1581, 635], [1582, 635], [1583, 635], [1584, 635], [1756, 635], [1757, 635], [1758, 635], [1759, 635], [1032, 636], [1033, 636], [1034, 636], [1035, 636], [1038, 636], [1040, 636], [1193, 636], [1194, 636], [1195, 636], [1287, 636], [1288, 636], [1326, 636], [1327, 636], [1328, 636], [1335, 636], [1336, 636], [1337, 636], [1338, 636], [1581, 636], [1582, 636], [1583, 636], [1584, 636], [1585, 636], [1586, 636], [1757, 636], [1758, 636], [1759, 636], [1760, 636], [1034, 637], [1035, 637], [1038, 637], [1040, 637], [1194, 637], [1195, 637], [1268, 637], [1269, 637], [1270, 637], [1271, 637], [1287, 637], [1288, 637], [1326, 637], [1327, 637], [1328, 637], [1329, 637], [1330, 637], [1336, 637], [1337, 637], [1338, 637], [1583, 637], [1584, 637], [1585, 637], [1586, 637], [1587, 637], [1588, 637], [1758, 637], [1759, 637], [1760, 637], [1761, 637], [1034, 638], [1035, 638], [1038, 638], [1040, 638], [1194, 638], [1195, 638], [1196, 638], [1268, 638], [1269, 638], [1270, 638], [1271, 638], [1272, 638], [1287, 638], [1288, 638], [1327, 638], [1328, 638], [1329, 638], [1330, 638], [1331, 638], [1337, 638], [1338, 638], [1339, 638], [1585, 638], [1586, 638], [1587, 638], [1588, 638], [1589, 638], [1759, 638], [1760, 638], [1761, 638], [1762, 638], [1763, 638], [1034, 639], [1035, 639], [1036, 639], [1037, 639], [1038, 639], [1040, 639], [1194, 639], [1195, 639], [1196, 639], [1197, 639], [1268, 639], [1269, 639], [1270, 639], [1271, 639], [1272, 639], [1287, 639], [1288, 639], [1329, 639], [1330, 639], [1331, 639], [1332, 639], [1333, 639], [1337, 639], [1338, 639], [1339, 639], [1340, 639], [1587, 639], [1588, 639], [1589, 639], [1590, 639], [1591, 639], [1760, 639], [1761, 639], [1762, 639], [1763, 639], [1764, 639], [1034, 640], [1035, 640], [1036, 640], [1037, 640], [1038, 640], [1039, 640], [1040, 640], [1195, 640], [1196, 640], [1197, 640], [1268, 640], [1269, 640], [1270, 640], [1271, 640], [1272, 640], [1287, 640], [1288, 640], [1330, 640], [1331, 640], [1332, 640], [1333, 640], [1334, 640], [1338, 640], [1339, 640], [1340, 640], [1588, 640], [1589, 640], [1590, 640], [1591, 640], [1592, 640], [1762, 640], [1763, 640], [1764, 640], [1765, 640], [992, 641], [993, 641], [994, 641], [995, 641], [996, 641], [1036, 641], [1037, 641], [1038, 641], [1039, 641], [1040, 641], [1196, 641], [1197, 641], [1287, 641], [1288, 641], [1289, 641], [1332, 641], [1333, 641], [1334, 641], [1335, 641], [1336, 641], [1337, 641], [1339, 641], [1340, 641], [1341, 641], [1590, 641], [1591, 641], [1592, 641], [1593, 641], [1763, 641], [1764, 641], [1765, 641], [992, 642], [993, 642], [994, 642], [995, 642], [996, 642], [997, 642], [1036, 642], [1037, 642], [1038, 642], [1039, 642], [1040, 642], [1196, 642], [1197, 642], [1198, 642], [1287, 642], [1288, 642], [1289, 642], [1290, 642], [1333, 642], [1334, 642], [1335, 642], [1336, 642], [1337, 642], [1338, 642], [1339, 642], [1340, 642], [1341, 642], [1342, 642], [1591, 642], [1592, 642], [1593, 642], [1594, 642], [1595, 642], [1596, 642], [1764, 642], [1765, 642], [1766, 642], [1767, 642], [991, 643], [992, 643], [993, 643], [995, 643], [996, 643], [997, 643], [1039, 643], [1040, 643], [1196, 643], [1197, 643], [1198, 643], [1199, 643], [1288, 643], [1289, 643], [1290, 643], [1291, 643], [1336, 643], [1337, 643], [1338, 643], [1340, 643], [1341, 643], [1342, 643], [1343, 643], [1592, 643], [1593, 643], [1594, 643], [1595, 643], [1596, 643], [1597, 643], [1598, 643], [1764, 643], [1765, 643], [1766, 643], [1767, 643], [1768, 643], [984, 644], [985, 644], [986, 644], [987, 644], [990, 644], [991, 644], [992, 644], [993, 644], [996, 644], [997, 644], [998, 644], [1039, 644], [1040, 644], [1197, 644], [1198, 644], [1199, 644], [1289, 644], [1290, 644], [1291, 644], [1292, 644], [1293, 644], [1337, 644], [1338, 644], [1339, 644], [1341, 644], [1342, 644], [1343, 644], [1595, 644], [1596, 644], [1597, 644], [1598, 644], [1599, 644], [1600, 644], [1766, 644], [1767, 644], [1768, 644], [984, 645], [985, 645], [986, 645], [987, 645], [988, 645], [989, 645], [990, 645], [991, 645], [992, 645], [993, 645], [996, 645], [997, 645], [998, 645], [1039, 645], [1040, 645], [1198, 645], [1199, 645], [1290, 645], [1291, 645], [1292, 645], [1293, 645], [1294, 645], [1295, 645], [1337, 645], [1338, 645], [1339, 645], [1340, 645], [1342, 645], [1343, 645], [1344, 645], [1597, 645], [1598, 645], [1599, 645], [1600, 645], [1601, 645], [1767, 645], [1768, 645], [1769, 645], [983, 646], [984, 646], [985, 646], [986, 646], [987, 646], [988, 646], [989, 646], [990, 646], [991, 646], [992, 646], [993, 646], [997, 646], [998, 646], [999, 646], [1039, 646], [1040, 646], [1198, 646], [1199, 646], [1200, 646], [1292, 646], [1293, 646], [1294, 646], [1295, 646], [1296, 646], [1338, 646], [1339, 646], [1340, 646], [1341, 646], [1342, 646], [1343, 646], [1344, 646], [1345, 646], [1599, 646], [1600, 646], [1601, 646], [1602, 646], [1767, 646], [1768, 646], [1769, 646], [1770, 646], [983, 647], [984, 647], [985, 647], [987, 647], [988, 647], [990, 647], [992, 647], [993, 647], [997, 647], [998, 647], [999, 647], [1000, 647], [1001, 647], [1002, 647], [1003, 647], [1039, 647], [1040, 647], [1198, 647], [1199, 647], [1200, 647], [1218, 647], [1219, 647], [1220, 647], [1221, 647], [1222, 647], [1223, 647], [1294, 647], [1295, 647], [1296, 647], [1339, 647], [1340, 647], [1341, 647], [1342, 647], [1343, 647], [1344, 647], [1345, 647], [1600, 647], [1601, 647], [1602, 647], [1603, 647], [1768, 647], [1769, 647], [1770, 647], [1771, 647], [960, 648], [982, 648], [983, 648], [984, 648], [987, 648], [988, 648], [989, 648], [990, 648], [991, 648], [992, 648], [993, 648], [998, 648], [999, 648], [1000, 648], [1001, 648], [1002, 648], [1003, 648], [1004, 648], [1039, 648], [1040, 648], [1199, 648], [1200, 648], [1218, 648], [1219, 648], [1220, 648], [1221, 648], [1222, 648], [1223, 648], [1224, 648], [1295, 648], [1296, 648], [1340, 648], [1341, 648], [1342, 648], [1343, 648], [1344, 648], [1345, 648], [1346, 648], [1601, 648], [1602, 648], [1603, 648], [1604, 648], [1605, 648], [1769, 648], [1770, 648], [1771, 648], [960, 649], [982, 649], [983, 649], [984, 649], [988, 649], [989, 649], [990, 649], [991, 649], [992, 649], [1002, 649], [1003, 649], [1004, 649], [1005, 649], [1039, 649], [1040, 649], [1199, 649], [1200, 649], [1201, 649], [1218, 649], [1219, 649], [1220, 649], [1221, 649], [1222, 649], [1223, 649], [1224, 649], [1225, 649], [1226, 649], [1227, 649], [1228, 649], [1229, 649], [1295, 649], [1296, 649], [1297, 649], [1341, 649], [1342, 649], [1343, 649], [1344, 649], [1345, 649], [1346, 649], [1602, 649], [1603, 649], [1604, 649], [1605, 649], [1606, 649], [1770, 649], [1771, 649], [960, 650], [982, 650], [983, 650], [988, 650], [989, 650], [990, 650], [991, 650], [992, 650], [993, 650], [1003, 650], [1004, 650], [1005, 650], [1039, 650], [1040, 650], [1199, 650], [1200, 650], [1201, 650], [1218, 650], [1219, 650], [1220, 650], [1221, 650], [1222, 650], [1223, 650], [1224, 650], [1225, 650], [1226, 650], [1227, 650], [1228, 650], [1229, 650], [1295, 650], [1296, 650], [1297, 650], [1298, 650], [1342, 650], [1343, 650], [1345, 650], [1346, 650], [1347, 650], [1604, 650], [1605, 650], [1606, 650], [1607, 650], [1608, 650], [1770, 650], [1771, 650], [960, 651], [981, 651], [982, 651], [983, 651], [988, 651], [989, 651], [990, 651], [991, 651], [992, 651], [993, 651], [1004, 651], [1005, 651], [1039, 651], [1040, 651], [1200, 651], [1201, 651], [1218, 651], [1219, 651], [1220, 651], [1221, 651], [1222, 651], [1223, 651], [1226, 651], [1227, 651], [1228, 651], [1229, 651], [1296, 651], [1297, 651], [1298, 651], [1342, 651], [1343, 651], [1344, 651], [1345, 651], [1346, 651], [1347, 651], [1348, 651], [1605, 651], [1606, 651], [1607, 651], [1608, 651], [1609, 651], [1770, 651], [1771, 651], [960, 652], [981, 652], [982, 652], [983, 652], [984, 652], [987, 652], [988, 652], [989, 652], [991, 652], [992, 652], [993, 652], [994, 652], [1004, 652], [1005, 652], [1039, 652], [1040, 652], [1200, 652], [1201, 652], [1202, 652], [1218, 652], [1219, 652], [1220, 652], [1221, 652], [1222, 652], [1223, 652], [1226, 652], [1227, 652], [1228, 652], [1297, 652], [1298, 652], [1342, 652], [1343, 652], [1344, 652], [1345, 652], [1346, 652], [1347, 652], [1348, 652], [1349, 652], [1607, 652], [1608, 652], [1609, 652], [1610, 652], [1611, 652], [1770, 652], [1771, 652], [1772, 652], [960, 653], [981, 653], [982, 653], [983, 653], [984, 653], [985, 653], [986, 653], [987, 653], [988, 653], [989, 653], [991, 653], [992, 653], [993, 653], [994, 653], [995, 653], [996, 653], [998, 653], [999, 653], [1000, 653], [1001, 653], [1002, 653], [1003, 653], [1004, 653], [1005, 653], [1039, 653], [1040, 653], [1200, 653], [1201, 653], [1202, 653], [1218, 653], [1219, 653], [1220, 653], [1226, 653], [1227, 653], [1297, 653], [1298, 653], [1343, 653], [1344, 653], [1345, 653], [1346, 653], [1347, 653], [1348, 653], [1349, 653], [1350, 653], [1608, 653], [1609, 653], [1610, 653], [1611, 653], [1612, 653], [1613, 653], [1770, 653], [1771, 653], [1772, 653], [1773, 653], [1774, 653], [983, 654], [984, 654], [985, 654], [986, 654], [987, 654], [988, 654], [993, 654], [994, 654], [995, 654], [996, 654], [997, 654], [998, 654], [999, 654], [1000, 654], [1001, 654], [1002, 654], [1003, 654], [1004, 654], [1005, 654], [1038, 654], [1039, 654], [1040, 654], [1201, 654], [1202, 654], [1203, 654], [1219, 654], [1220, 654], [1225, 654], [1226, 654], [1227, 654], [1241, 654], [1242, 654], [1243, 654], [1244, 654], [1245, 654], [1246, 654], [1247, 654], [1248, 654], [1249, 654], [1250, 654], [1251, 654], [1280, 654], [1281, 654], [1282, 654], [1283, 654], [1297, 654], [1298, 654], [1344, 654], [1345, 654], [1346, 654], [1348, 654], [1349, 654], [1350, 654], [1610, 654], [1611, 654], [1612, 654], [1613, 654], [1614, 654], [1771, 654], [1772, 654], [1773, 654], [1774, 654], [1775, 654], [1776, 654], [995, 655], [996, 655], [997, 655], [998, 655], [999, 655], [1038, 655], [1039, 655], [1040, 655], [1201, 655], [1202, 655], [1203, 655], [1219, 655], [1220, 655], [1225, 655], [1226, 655], [1227, 655], [1240, 655], [1241, 655], [1242, 655], [1243, 655], [1244, 655], [1245, 655], [1246, 655], [1247, 655], [1248, 655], [1249, 655], [1250, 655], [1251, 655], [1252, 655], [1253, 655], [1254, 655], [1255, 655], [1278, 655], [1279, 655], [1280, 655], [1281, 655], [1282, 655], [1283, 655], [1284, 655], [1285, 655], [1286, 655], [1287, 655], [1297, 655], [1298, 655], [1299, 655], [1345, 655], [1346, 655], [1347, 655], [1349, 655], [1350, 655], [1351, 655], [1612, 655], [1613, 655], [1614, 655], [1615, 655], [1773, 655], [1774, 655], [1775, 655], [1776, 655], [1777, 655], [1037, 656], [1038, 656], [1039, 656], [1202, 656], [1203, 656], [1219, 656], [1220, 656], [1221, 656], [1222, 656], [1225, 656], [1226, 656], [1239, 656], [1240, 656], [1241, 656], [1242, 656], [1243, 656], [1245, 656], [1246, 656], [1247, 656], [1250, 656], [1251, 656], [1252, 656], [1253, 656], [1254, 656], [1255, 656], [1256, 656], [1257, 656], [1273, 656], [1274, 656], [1275, 656], [1276, 656], [1277, 656], [1278, 656], [1279, 656], [1280, 656], [1281, 656], [1282, 656], [1283, 656], [1284, 656], [1285, 656], [1286, 656], [1287, 656], [1288, 656], [1297, 656], [1298, 656], [1299, 656], [1345, 656], [1346, 656], [1347, 656], [1348, 656], [1349, 656], [1350, 656], [1351, 656], [1352, 656], [1613, 656], [1614, 656], [1615, 656], [1616, 656], [1617, 656], [1775, 656], [1776, 656], [1777, 656], [1778, 656], [1779, 656], [1780, 656], [1781, 656], [1036, 657], [1037, 657], [1038, 657], [1039, 657], [1202, 657], [1203, 657], [1204, 657], [1219, 657], [1220, 657], [1221, 657], [1222, 657], [1223, 657], [1224, 657], [1225, 657], [1226, 657], [1239, 657], [1240, 657], [1241, 657], [1243, 657], [1254, 657], [1255, 657], [1256, 657], [1257, 657], [1272, 657], [1273, 657], [1274, 657], [1275, 657], [1276, 657], [1277, 657], [1278, 657], [1279, 657], [1286, 657], [1287, 657], [1288, 657], [1289, 657], [1290, 657], [1291, 657], [1292, 657], [1298, 657], [1299, 657], [1346, 657], [1347, 657], [1348, 657], [1349, 657], [1350, 657], [1351, 657], [1352, 657], [1353, 657], [1614, 657], [1615, 657], [1616, 657], [1617, 657], [1618, 657], [1619, 657], [1776, 657], [1777, 657], [1778, 657], [1779, 657], [1780, 657], [1781, 657], [1782, 657], [1036, 658], [1037, 658], [1038, 658], [1202, 658], [1203, 658], [1204, 658], [1221, 658], [1222, 658], [1223, 658], [1224, 658], [1225, 658], [1226, 658], [1239, 658], [1240, 658], [1241, 658], [1242, 658], [1244, 658], [1245, 658], [1255, 658], [1256, 658], [1257, 658], [1272, 658], [1273, 658], [1274, 658], [1287, 658], [1288, 658], [1289, 658], [1290, 658], [1291, 658], [1292, 658], [1293, 658], [1294, 658], [1298, 658], [1299, 658], [1347, 658], [1348, 658], [1349, 658], [1350, 658], [1352, 658], [1353, 658], [1354, 658], [1616, 658], [1617, 658], [1618, 658], [1619, 658], [1620, 658], [1621, 658], [1777, 658], [1778, 658], [1779, 658], [1780, 658], [1781, 658], [1782, 658], [1783, 658], [1035, 659], [1036, 659], [1037, 659], [1203, 659], [1204, 659], [1205, 659], [1222, 659], [1223, 659], [1224, 659], [1239, 659], [1240, 659], [1241, 659], [1242, 659], [1243, 659], [1244, 659], [1245, 659], [1246, 659], [1247, 659], [1248, 659], [1249, 659], [1250, 659], [1255, 659], [1256, 659], [1272, 659], [1273, 659], [1274, 659], [1291, 659], [1292, 659], [1293, 659], [1294, 659], [1298, 659], [1299, 659], [1300, 659], [1348, 659], [1349, 659], [1350, 659], [1351, 659], [1352, 659], [1353, 659], [1354, 659], [1618, 659], [1619, 659], [1620, 659], [1621, 659], [1622, 659], [1623, 659], [1781, 659], [1782, 659], [1783, 659], [1784, 659], [1785, 659], [1034, 660], [1035, 660], [1036, 660], [1037, 660], [1203, 660], [1204, 660], [1205, 660], [1239, 660], [1240, 660], [1241, 660], [1242, 660], [1243, 660], [1244, 660], [1245, 660], [1246, 660], [1247, 660], [1248, 660], [1249, 660], [1250, 660], [1255, 660], [1256, 660], [1273, 660], [1274, 660], [1275, 660], [1276, 660], [1293, 660], [1294, 660], [1298, 660], [1299, 660], [1300, 660], [1350, 660], [1351, 660], [1352, 660], [1353, 660], [1354, 660], [1355, 660], [1620, 660], [1621, 660], [1622, 660], [1623, 660], [1624, 660], [1625, 660], [1782, 660], [1783, 660], [1784, 660], [1785, 660], [1786, 660], [1033, 661], [1034, 661], [1035, 661], [1036, 661], [1204, 661], [1205, 661], [1206, 661], [1240, 661], [1241, 661], [1242, 661], [1243, 661], [1249, 661], [1250, 661], [1255, 661], [1256, 661], [1273, 661], [1274, 661], [1275, 661], [1276, 661], [1277, 661], [1292, 661], [1293, 661], [1294, 661], [1299, 661], [1300, 661], [1301, 661], [1350, 661], [1351, 661], [1352, 661], [1354, 661], [1355, 661], [1356, 661], [1622, 661], [1623, 661], [1624, 661], [1625, 661], [1626, 661], [1627, 661], [1784, 661], [1785, 661], [1786, 661], [1787, 661], [1033, 662], [1034, 662], [1035, 662], [1204, 662], [1205, 662], [1206, 662], [1249, 662], [1250, 662], [1251, 662], [1255, 662], [1256, 662], [1275, 662], [1276, 662], [1277, 662], [1278, 662], [1279, 662], [1280, 662], [1281, 662], [1283, 662], [1284, 662], [1285, 662], [1292, 662], [1293, 662], [1294, 662], [1299, 662], [1300, 662], [1301, 662], [1351, 662], [1352, 662], [1353, 662], [1355, 662], [1356, 662], [1357, 662], [1624, 662], [1625, 662], [1626, 662], [1627, 662], [1628, 662], [1629, 662], [1785, 662], [1786, 662], [1787, 662], [1788, 662], [1033, 663], [1034, 663], [1205, 663], [1206, 663], [1249, 663], [1250, 663], [1251, 663], [1252, 663], [1253, 663], [1254, 663], [1255, 663], [1256, 663], [1276, 663], [1277, 663], [1278, 663], [1279, 663], [1280, 663], [1281, 663], [1282, 663], [1283, 663], [1284, 663], [1285, 663], [1286, 663], [1292, 663], [1293, 663], [1294, 663], [1300, 663], [1301, 663], [1302, 663], [1352, 663], [1353, 663], [1354, 663], [1356, 663], [1357, 663], [1358, 663], [1626, 663], [1627, 663], [1628, 663], [1629, 663], [1630, 663], [1786, 663], [1787, 663], [1788, 663], [1789, 663], [1790, 663], [1033, 664], [1034, 664], [1035, 664], [1038, 664], [1039, 664], [1040, 664], [1205, 664], [1206, 664], [1250, 664], [1251, 664], [1252, 664], [1253, 664], [1254, 664], [1255, 664], [1256, 664], [1280, 664], [1281, 664], [1282, 664], [1283, 664], [1284, 664], [1285, 664], [1286, 664], [1292, 664], [1293, 664], [1294, 664], [1300, 664], [1301, 664], [1302, 664], [1353, 664], [1354, 664], [1355, 664], [1356, 664], [1357, 664], [1358, 664], [1359, 664], [1628, 664], [1629, 664], [1630, 664], [1631, 664], [1632, 664], [1787, 664], [1788, 664], [1789, 664], [1790, 664], [1791, 664], [1033, 665], [1034, 665], [1035, 665], [1036, 665], [1037, 665], [1038, 665], [1039, 665], [1040, 665], [1041, 665], [1205, 665], [1206, 665], [1252, 665], [1253, 665], [1254, 665], [1255, 665], [1283, 665], [1284, 665], [1285, 665], [1286, 665], [1287, 665], [1288, 665], [1293, 665], [1294, 665], [1295, 665], [1301, 665], [1302, 665], [1354, 665], [1355, 665], [1356, 665], [1357, 665], [1358, 665], [1359, 665], [1629, 665], [1630, 665], [1631, 665], [1632, 665], [1633, 665], [1634, 665], [1635, 665], [1636, 665], [1789, 665], [1790, 665], [1791, 665], [1792, 665], [1793, 665], [1034, 666], [1035, 666], [1036, 666], [1037, 666], [1038, 666], [1039, 666], [1040, 666], [1041, 666], [1042, 666], [1205, 666], [1206, 666], [1285, 666], [1286, 666], [1287, 666], [1288, 666], [1289, 666], [1290, 666], [1293, 666], [1294, 666], [1295, 666], [1301, 666], [1302, 666], [1303, 666], [1354, 666], [1355, 666], [1356, 666], [1358, 666], [1359, 666], [1360, 666], [1631, 666], [1632, 666], [1633, 666], [1634, 666], [1635, 666], [1636, 666], [1637, 666], [1638, 666], [1790, 666], [1791, 666], [1792, 666], [1793, 666], [1794, 666], [960, 667], [961, 667], [1040, 667], [1041, 667], [1042, 667], [1043, 667], [1044, 667], [1053, 667], [1054, 667], [1055, 667], [1056, 667], [1057, 667], [1058, 667], [1059, 667], [1060, 667], [1061, 667], [1062, 667], [1063, 667], [1064, 667], [1065, 667], [1066, 667], [1067, 667], [1068, 667], [1069, 667], [1070, 667], [1071, 667], [1072, 667], [1073, 667], [1074, 667], [1075, 667], [1076, 667], [1077, 667], [1078, 667], [1079, 667], [1080, 667], [1081, 667], [1082, 667], [1083, 667], [1086, 667], [1087, 667], [1088, 667], [1089, 667], [1090, 667], [1091, 667], [1205, 667], [1206, 667], [1287, 667], [1288, 667], [1289, 667], [1290, 667], [1294, 667], [1295, 667], [1301, 667], [1302, 667], [1303, 667], [1304, 667], [1305, 667], [1354, 667], [1355, 667], [1356, 667], [1358, 667], [1359, 667], [1360, 667], [1361, 667], [1635, 667], [1636, 667], [1637, 667], [1638, 667], [1639, 667], [1792, 667], [1793, 667], [1794, 667], [1795, 667], [960, 668], [961, 668], [1041, 668], [1042, 668], [1043, 668], [1044, 668], [1045, 668], [1046, 668], [1047, 668], [1048, 668], [1049, 668], [1050, 668], [1051, 668], [1052, 668], [1053, 668], [1054, 668], [1055, 668], [1056, 668], [1057, 668], [1058, 668], [1059, 668], [1060, 668], [1061, 668], [1062, 668], [1063, 668], [1064, 668], [1065, 668], [1066, 668], [1067, 668], [1068, 668], [1069, 668], [1070, 668], [1071, 668], [1072, 668], [1073, 668], [1074, 668], [1075, 668], [1076, 668], [1077, 668], [1078, 668], [1079, 668], [1080, 668], [1081, 668], [1082, 668], [1083, 668], [1084, 668], [1085, 668], [1086, 668], [1087, 668], [1088, 668], [1089, 668], [1090, 668], [1091, 668], [1092, 668], [1205, 668], [1206, 668], [1253, 668], [1254, 668], [1255, 668], [1256, 668], [1289, 668], [1290, 668], [1294, 668], [1295, 668], [1302, 668], [1303, 668], [1304, 668], [1305, 668], [1306, 668], [1354, 668], [1355, 668], [1356, 668], [1359, 668], [1360, 668], [1361, 668], [1637, 668], [1638, 668], [1639, 668], [1640, 668], [1719, 668], [1720, 668], [1721, 668], [1722, 668], [1723, 668], [1793, 668], [1794, 668], [1795, 668], [1796, 668], [960, 669], [961, 669], [1043, 669], [1044, 669], [1045, 669], [1046, 669], [1047, 669], [1048, 669], [1049, 669], [1050, 669], [1051, 669], [1052, 669], [1053, 669], [1054, 669], [1082, 669], [1083, 669], [1084, 669], [1085, 669], [1086, 669], [1087, 669], [1090, 669], [1091, 669], [1092, 669], [1093, 669], [1104, 669], [1105, 669], [1106, 669], [1107, 669], [1108, 669], [1109, 669], [1110, 669], [1111, 669], [1112, 669], [1113, 669], [1114, 669], [1115, 669], [1116, 669], [1117, 669], [1118, 669], [1119, 669], [1120, 669], [1121, 669], [1197, 669], [1198, 669], [1199, 669], [1200, 669], [1201, 669], [1202, 669], [1205, 669], [1206, 669], [1253, 669], [1254, 669], [1255, 669], [1256, 669], [1257, 669], [1288, 669], [1289, 669], [1290, 669], [1294, 669], [1295, 669], [1296, 669], [1297, 669], [1304, 669], [1305, 669], [1306, 669], [1307, 669], [1308, 669], [1309, 669], [1354, 669], [1355, 669], [1356, 669], [1360, 669], [1361, 669], [1362, 669], [1638, 669], [1639, 669], [1640, 669], [1641, 669], [1642, 669], [1719, 669], [1720, 669], [1721, 669], [1722, 669], [1723, 669], [1794, 669], [1795, 669], [1796, 669], [1797, 669], [960, 670], [961, 670], [1091, 670], [1092, 670], [1093, 670], [1094, 670], [1103, 670], [1104, 670], [1105, 670], [1106, 670], [1107, 670], [1108, 670], [1109, 670], [1110, 670], [1111, 670], [1112, 670], [1113, 670], [1114, 670], [1115, 670], [1116, 670], [1117, 670], [1118, 670], [1119, 670], [1120, 670], [1121, 670], [1122, 670], [1123, 670], [1124, 670], [1134, 670], [1135, 670], [1136, 670], [1137, 670], [1138, 670], [1145, 670], [1146, 670], [1147, 670], [1148, 670], [1149, 670], [1150, 670], [1151, 670], [1188, 670], [1189, 670], [1190, 670], [1191, 670], [1192, 670], [1193, 670], [1194, 670], [1195, 670], [1196, 670], [1197, 670], [1198, 670], [1199, 670], [1200, 670], [1201, 670], [1202, 670], [1203, 670], [1204, 670], [1205, 670], [1206, 670], [1253, 670], [1254, 670], [1255, 670], [1256, 670], [1257, 670], [1258, 670], [1259, 670], [1260, 670], [1261, 670], [1262, 670], [1288, 670], [1289, 670], [1290, 670], [1294, 670], [1295, 670], [1296, 670], [1297, 670], [1299, 670], [1300, 670], [1301, 670], [1302, 670], [1305, 670], [1306, 670], [1307, 670], [1308, 670], [1309, 670], [1310, 670], [1311, 670], [1312, 670], [1354, 670], [1355, 670], [1356, 670], [1360, 670], [1361, 670], [1362, 670], [1363, 670], [1639, 670], [1640, 670], [1641, 670], [1642, 670], [1643, 670], [1719, 670], [1720, 670], [1721, 670], [1722, 670], [1723, 670], [1795, 670], [1796, 670], [1797, 670], [1798, 670], [960, 671], [961, 671], [962, 671], [965, 671], [966, 671], [967, 671], [968, 671], [969, 671], [1092, 671], [1093, 671], [1094, 671], [1101, 671], [1102, 671], [1103, 671], [1104, 671], [1105, 671], [1120, 671], [1121, 671], [1122, 671], [1123, 671], [1124, 671], [1125, 671], [1133, 671], [1134, 671], [1135, 671], [1136, 671], [1137, 671], [1138, 671], [1145, 671], [1146, 671], [1147, 671], [1148, 671], [1149, 671], [1150, 671], [1151, 671], [1186, 671], [1187, 671], [1188, 671], [1189, 671], [1190, 671], [1191, 671], [1192, 671], [1193, 671], [1194, 671], [1195, 671], [1196, 671], [1197, 671], [1198, 671], [1201, 671], [1202, 671], [1203, 671], [1204, 671], [1205, 671], [1206, 671], [1253, 671], [1254, 671], [1256, 671], [1257, 671], [1258, 671], [1259, 671], [1260, 671], [1261, 671], [1262, 671], [1263, 671], [1264, 671], [1265, 671], [1266, 671], [1287, 671], [1288, 671], [1289, 671], [1294, 671], [1295, 671], [1296, 671], [1297, 671], [1298, 671], [1299, 671], [1300, 671], [1301, 671], [1302, 671], [1303, 671], [1308, 671], [1309, 671], [1310, 671], [1311, 671], [1312, 671], [1313, 671], [1314, 671], [1355, 671], [1356, 671], [1357, 671], [1361, 671], [1362, 671], [1363, 671], [1641, 671], [1642, 671], [1643, 671], [1644, 671], [1719, 671], [1720, 671], [1721, 671], [1722, 671], [1723, 671], [1796, 671], [1797, 671], [1798, 671], [1799, 671], [1800, 671], [960, 672], [961, 672], [962, 672], [963, 672], [964, 672], [965, 672], [966, 672], [967, 672], [968, 672], [969, 672], [970, 672], [971, 672], [1093, 672], [1094, 672], [1099, 672], [1100, 672], [1101, 672], [1102, 672], [1103, 672], [1104, 672], [1123, 672], [1124, 672], [1125, 672], [1126, 672], [1133, 672], [1134, 672], [1135, 672], [1137, 672], [1138, 672], [1144, 672], [1145, 672], [1146, 672], [1150, 672], [1151, 672], [1176, 672], [1177, 672], [1178, 672], [1179, 672], [1180, 672], [1183, 672], [1184, 672], [1185, 672], [1186, 672], [1187, 672], [1188, 672], [1189, 672], [1194, 672], [1195, 672], [1196, 672], [1253, 672], [1254, 672], [1261, 672], [1262, 672], [1263, 672], [1264, 672], [1265, 672], [1266, 672], [1267, 672], [1268, 672], [1269, 672], [1270, 672], [1287, 672], [1288, 672], [1289, 672], [1295, 672], [1296, 672], [1297, 672], [1298, 672], [1299, 672], [1300, 672], [1301, 672], [1302, 672], [1303, 672], [1311, 672], [1312, 672], [1313, 672], [1314, 672], [1355, 672], [1356, 672], [1357, 672], [1358, 672], [1362, 672], [1363, 672], [1642, 672], [1643, 672], [1644, 672], [1645, 672], [1646, 672], [1647, 672], [1648, 672], [1720, 672], [1721, 672], [1722, 672], [1797, 672], [1798, 672], [1799, 672], [1800, 672], [1801, 672], [961, 673], [962, 673], [963, 673], [964, 673], [965, 673], [966, 673], [968, 673], [969, 673], [970, 673], [971, 673], [1093, 673], [1094, 673], [1099, 673], [1100, 673], [1101, 673], [1102, 673], [1124, 673], [1125, 673], [1126, 673], [1133, 673], [1134, 673], [1135, 673], [1137, 673], [1138, 673], [1144, 673], [1145, 673], [1146, 673], [1150, 673], [1151, 673], [1175, 673], [1176, 673], [1177, 673], [1178, 673], [1179, 673], [1180, 673], [1181, 673], [1182, 673], [1183, 673], [1184, 673], [1185, 673], [1186, 673], [1187, 673], [1253, 673], [1254, 673], [1265, 673], [1266, 673], [1267, 673], [1268, 673], [1269, 673], [1270, 673], [1271, 673], [1287, 673], [1288, 673], [1289, 673], [1302, 673], [1303, 673], [1311, 673], [1312, 673], [1313, 673], [1314, 673], [1356, 673], [1357, 673], [1358, 673], [1359, 673], [1362, 673], [1363, 673], [1364, 673], [1643, 673], [1644, 673], [1645, 673], [1646, 673], [1647, 673], [1648, 673], [1649, 673], [1799, 673], [1800, 673], [1801, 673], [1802, 673], [961, 674], [962, 674], [963, 674], [964, 674], [970, 674], [971, 674], [1093, 674], [1094, 674], [1095, 674], [1099, 674], [1100, 674], [1125, 674], [1126, 674], [1127, 674], [1133, 674], [1134, 674], [1135, 674], [1137, 674], [1138, 674], [1144, 674], [1145, 674], [1146, 674], [1149, 674], [1150, 674], [1151, 674], [1174, 674], [1175, 674], [1176, 674], [1177, 674], [1179, 674], [1180, 674], [1181, 674], [1182, 674], [1183, 674], [1184, 674], [1253, 674], [1254, 674], [1267, 674], [1268, 674], [1269, 674], [1270, 674], [1271, 674], [1272, 674], [1273, 674], [1288, 674], [1289, 674], [1302, 674], [1303, 674], [1304, 674], [1305, 674], [1311, 674], [1312, 674], [1314, 674], [1315, 674], [1357, 674], [1358, 674], [1359, 674], [1362, 674], [1363, 674], [1364, 674], [1365, 674], [1647, 674], [1648, 674], [1649, 674], [1650, 674], [1800, 674], [1801, 674], [1802, 674], [1803, 674], [970, 675], [971, 675], [1093, 675], [1094, 675], [1095, 675], [1099, 675], [1100, 675], [1125, 675], [1126, 675], [1127, 675], [1134, 675], [1135, 675], [1136, 675], [1137, 675], [1138, 675], [1144, 675], [1145, 675], [1146, 675], [1149, 675], [1150, 675], [1151, 675], [1174, 675], [1175, 675], [1176, 675], [1253, 675], [1254, 675], [1270, 675], [1271, 675], [1272, 675], [1273, 675], [1274, 675], [1280, 675], [1281, 675], [1282, 675], [1283, 675], [1288, 675], [1289, 675], [1302, 675], [1303, 675], [1304, 675], [1305, 675], [1311, 675], [1312, 675], [1313, 675], [1314, 675], [1315, 675], [1358, 675], [1359, 675], [1363, 675], [1364, 675], [1365, 675], [1648, 675], [1649, 675], [1650, 675], [1651, 675], [1801, 675], [1802, 675], [1803, 675], [1804, 675], [970, 676], [971, 676], [1094, 676], [1095, 676], [1097, 676], [1098, 676], [1099, 676], [1100, 676], [1125, 676], [1126, 676], [1127, 676], [1134, 676], [1135, 676], [1136, 676], [1137, 676], [1138, 676], [1145, 676], [1146, 676], [1147, 676], [1148, 676], [1149, 676], [1150, 676], [1174, 676], [1175, 676], [1176, 676], [1185, 676], [1186, 676], [1187, 676], [1188, 676], [1189, 676], [1190, 676], [1191, 676], [1253, 676], [1254, 676], [1272, 676], [1273, 676], [1274, 676], [1275, 676], [1280, 676], [1281, 676], [1282, 676], [1283, 676], [1288, 676], [1289, 676], [1304, 676], [1305, 676], [1306, 676], [1311, 676], [1312, 676], [1313, 676], [1314, 676], [1315, 676], [1358, 676], [1359, 676], [1364, 676], [1365, 676], [1366, 676], [1649, 676], [1650, 676], [1651, 676], [1652, 676], [1653, 676], [1802, 676], [1803, 676], [1804, 676], [1805, 676], [970, 677], [971, 677], [983, 677], [984, 677], [985, 677], [986, 677], [987, 677], [1094, 677], [1095, 677], [1097, 677], [1098, 677], [1099, 677], [1100, 677], [1125, 677], [1126, 677], [1127, 677], [1136, 677], [1137, 677], [1138, 677], [1145, 677], [1146, 677], [1147, 677], [1148, 677], [1149, 677], [1150, 677], [1174, 677], [1175, 677], [1176, 677], [1177, 677], [1184, 677], [1185, 677], [1186, 677], [1187, 677], [1188, 677], [1189, 677], [1190, 677], [1191, 677], [1192, 677], [1193, 677], [1194, 677], [1195, 677], [1253, 677], [1254, 677], [1255, 677], [1256, 677], [1257, 677], [1258, 677], [1259, 677], [1260, 677], [1273, 677], [1274, 677], [1275, 677], [1280, 677], [1281, 677], [1282, 677], [1283, 677], [1288, 677], [1289, 677], [1290, 677], [1304, 677], [1305, 677], [1306, 677], [1311, 677], [1312, 677], [1313, 677], [1314, 677], [1358, 677], [1359, 677], [1360, 677], [1364, 677], [1365, 677], [1366, 677], [1367, 677], [1650, 677], [1651, 677], [1652, 677], [1653, 677], [1654, 677], [1803, 677], [1804, 677], [1805, 677], [1806, 677], [970, 678], [971, 678], [972, 678], [983, 678], [984, 678], [985, 678], [986, 678], [987, 678], [1094, 678], [1095, 678], [1097, 678], [1098, 678], [1125, 678], [1126, 678], [1127, 678], [1146, 678], [1147, 678], [1148, 678], [1149, 678], [1175, 678], [1176, 678], [1177, 678], [1178, 678], [1179, 678], [1180, 678], [1184, 678], [1185, 678], [1186, 678], [1190, 678], [1191, 678], [1192, 678], [1193, 678], [1194, 678], [1195, 678], [1196, 678], [1253, 678], [1254, 678], [1255, 678], [1256, 678], [1257, 678], [1258, 678], [1259, 678], [1260, 678], [1261, 678], [1262, 678], [1274, 678], [1275, 678], [1276, 678], [1280, 678], [1281, 678], [1282, 678], [1283, 678], [1288, 678], [1289, 678], [1290, 678], [1305, 678], [1306, 678], [1312, 678], [1313, 678], [1314, 678], [1315, 678], [1316, 678], [1358, 678], [1359, 678], [1360, 678], [1365, 678], [1366, 678], [1367, 678], [1368, 678], [1652, 678], [1653, 678], [1654, 678], [1655, 678], [1656, 678], [1657, 678], [1804, 678], [1805, 678], [1806, 678], [1807, 678], [970, 679], [971, 679], [972, 679], [983, 679], [984, 679], [986, 679], [987, 679], [1094, 679], [1095, 679], [1097, 679], [1098, 679], [1126, 679], [1127, 679], [1128, 679], [1129, 679], [1176, 679], [1177, 679], [1178, 679], [1179, 679], [1180, 679], [1183, 679], [1184, 679], [1185, 679], [1194, 679], [1195, 679], [1196, 679], [1259, 679], [1260, 679], [1261, 679], [1262, 679], [1263, 679], [1264, 679], [1274, 679], [1275, 679], [1276, 679], [1277, 679], [1278, 679], [1280, 679], [1281, 679], [1282, 679], [1283, 679], [1289, 679], [1290, 679], [1291, 679], [1305, 679], [1306, 679], [1313, 679], [1314, 679], [1315, 679], [1316, 679], [1317, 679], [1359, 679], [1360, 679], [1361, 679], [1366, 679], [1367, 679], [1368, 679], [1369, 679], [1653, 679], [1654, 679], [1655, 679], [1656, 679], [1657, 679], [1658, 679], [1805, 679], [1806, 679], [1807, 679], [1808, 679], [971, 680], [972, 680], [983, 680], [984, 680], [986, 680], [987, 680], [988, 680], [1094, 680], [1095, 680], [1097, 680], [1098, 680], [1108, 680], [1109, 680], [1110, 680], [1111, 680], [1112, 680], [1126, 680], [1127, 680], [1128, 680], [1129, 680], [1179, 680], [1180, 680], [1181, 680], [1182, 680], [1183, 680], [1184, 680], [1185, 680], [1195, 680], [1196, 680], [1198, 680], [1199, 680], [1200, 680], [1261, 680], [1262, 680], [1263, 680], [1264, 680], [1265, 680], [1275, 680], [1276, 680], [1277, 680], [1278, 680], [1281, 680], [1282, 680], [1283, 680], [1289, 680], [1290, 680], [1291, 680], [1305, 680], [1306, 680], [1315, 680], [1316, 680], [1317, 680], [1318, 680], [1359, 680], [1360, 680], [1361, 680], [1367, 680], [1368, 680], [1369, 680], [1370, 680], [1656, 680], [1657, 680], [1658, 680], [1659, 680], [1660, 680], [1806, 680], [1807, 680], [1808, 680], [1809, 680], [971, 681], [972, 681], [983, 681], [984, 681], [986, 681], [987, 681], [988, 681], [1035, 681], [1036, 681], [1037, 681], [1094, 681], [1095, 681], [1097, 681], [1098, 681], [1108, 681], [1109, 681], [1110, 681], [1111, 681], [1112, 681], [1127, 681], [1128, 681], [1129, 681], [1179, 681], [1180, 681], [1181, 681], [1182, 681], [1183, 681], [1184, 681], [1195, 681], [1196, 681], [1197, 681], [1198, 681], [1199, 681], [1200, 681], [1201, 681], [1263, 681], [1264, 681], [1265, 681], [1266, 681], [1277, 681], [1278, 681], [1279, 681], [1290, 681], [1291, 681], [1292, 681], [1293, 681], [1294, 681], [1295, 681], [1296, 681], [1305, 681], [1306, 681], [1316, 681], [1317, 681], [1318, 681], [1319, 681], [1360, 681], [1361, 681], [1368, 681], [1369, 681], [1370, 681], [1371, 681], [1657, 681], [1658, 681], [1659, 681], [1660, 681], [1661, 681], [1662, 681], [1807, 681], [1808, 681], [1809, 681], [1810, 681], [1811, 681], [971, 682], [972, 682], [983, 682], [984, 682], [987, 682], [988, 682], [1031, 682], [1032, 682], [1033, 682], [1034, 682], [1035, 682], [1036, 682], [1037, 682], [1038, 682], [1039, 682], [1094, 682], [1095, 682], [1097, 682], [1098, 682], [1099, 682], [1108, 682], [1109, 682], [1111, 682], [1112, 682], [1127, 682], [1128, 682], [1129, 682], [1181, 682], [1182, 682], [1183, 682], [1184, 682], [1195, 682], [1196, 682], [1197, 682], [1198, 682], [1199, 682], [1200, 682], [1201, 682], [1202, 682], [1203, 682], [1264, 682], [1265, 682], [1266, 682], [1267, 682], [1277, 682], [1278, 682], [1279, 682], [1290, 682], [1291, 682], [1292, 682], [1293, 682], [1294, 682], [1295, 682], [1296, 682], [1297, 682], [1298, 682], [1299, 682], [1305, 682], [1306, 682], [1317, 682], [1318, 682], [1319, 682], [1320, 682], [1321, 682], [1322, 682], [1323, 682], [1360, 682], [1361, 682], [1362, 682], [1369, 682], [1370, 682], [1371, 682], [1372, 682], [1659, 682], [1660, 682], [1661, 682], [1662, 682], [1663, 682], [1664, 682], [1808, 682], [1809, 682], [1810, 682], [1811, 682], [971, 683], [972, 683], [983, 683], [984, 683], [985, 683], [987, 683], [988, 683], [1030, 683], [1031, 683], [1032, 683], [1033, 683], [1034, 683], [1035, 683], [1036, 683], [1037, 683], [1038, 683], [1039, 683], [1094, 683], [1095, 683], [1097, 683], [1098, 683], [1099, 683], [1100, 683], [1108, 683], [1109, 683], [1110, 683], [1111, 683], [1112, 683], [1126, 683], [1127, 683], [1128, 683], [1181, 683], [1182, 683], [1183, 683], [1184, 683], [1200, 683], [1201, 683], [1202, 683], [1203, 683], [1204, 683], [1205, 683], [1265, 683], [1266, 683], [1267, 683], [1268, 683], [1269, 683], [1277, 683], [1278, 683], [1279, 683], [1295, 683], [1296, 683], [1297, 683], [1298, 683], [1299, 683], [1300, 683], [1301, 683], [1302, 683], [1303, 683], [1304, 683], [1305, 683], [1306, 683], [1318, 683], [1319, 683], [1320, 683], [1321, 683], [1322, 683], [1323, 683], [1324, 683], [1325, 683], [1326, 683], [1327, 683], [1328, 683], [1360, 683], [1361, 683], [1362, 683], [1370, 683], [1371, 683], [1372, 683], [1373, 683], [1661, 683], [1662, 683], [1663, 683], [1664, 683], [1665, 683], [1810, 683], [1811, 683], [1812, 683], [970, 684], [971, 684], [972, 684], [983, 684], [984, 684], [985, 684], [987, 684], [988, 684], [1030, 684], [1031, 684], [1032, 684], [1038, 684], [1039, 684], [1094, 684], [1095, 684], [1098, 684], [1099, 684], [1100, 684], [1108, 684], [1109, 684], [1110, 684], [1111, 684], [1112, 684], [1126, 684], [1127, 684], [1128, 684], [1182, 684], [1183, 684], [1184, 684], [1202, 684], [1203, 684], [1204, 684], [1205, 684], [1206, 684], [1266, 684], [1267, 684], [1268, 684], [1269, 684], [1270, 684], [1276, 684], [1277, 684], [1278, 684], [1279, 684], [1298, 684], [1299, 684], [1300, 684], [1301, 684], [1302, 684], [1303, 684], [1304, 684], [1305, 684], [1306, 684], [1322, 684], [1323, 684], [1324, 684], [1325, 684], [1326, 684], [1327, 684], [1328, 684], [1329, 684], [1361, 684], [1362, 684], [1363, 684], [1371, 684], [1372, 684], [1373, 684], [1374, 684], [1663, 684], [1664, 684], [1665, 684], [1666, 684], [1667, 684], [1810, 684], [1811, 684], [1812, 684], [1813, 684], [970, 685], [971, 685], [972, 685], [984, 685], [985, 685], [987, 685], [988, 685], [1030, 685], [1031, 685], [1037, 685], [1038, 685], [1039, 685], [1094, 685], [1095, 685], [1099, 685], [1100, 685], [1101, 685], [1108, 685], [1109, 685], [1110, 685], [1111, 685], [1126, 685], [1127, 685], [1204, 685], [1205, 685], [1206, 685], [1268, 685], [1269, 685], [1270, 685], [1275, 685], [1276, 685], [1277, 685], [1278, 685], [1303, 685], [1304, 685], [1305, 685], [1323, 685], [1324, 685], [1325, 685], [1326, 685], [1327, 685], [1328, 685], [1329, 685], [1330, 685], [1331, 685], [1361, 685], [1362, 685], [1363, 685], [1372, 685], [1373, 685], [1374, 685], [1375, 685], [1664, 685], [1665, 685], [1666, 685], [1667, 685], [1668, 685], [1811, 685], [1812, 685], [1813, 685], [1814, 685], [970, 686], [971, 686], [972, 686], [984, 686], [985, 686], [987, 686], [988, 686], [989, 686], [1030, 686], [1031, 686], [1037, 686], [1038, 686], [1039, 686], [1094, 686], [1095, 686], [1099, 686], [1100, 686], [1101, 686], [1102, 686], [1106, 686], [1107, 686], [1109, 686], [1110, 686], [1126, 686], [1127, 686], [1205, 686], [1206, 686], [1207, 686], [1269, 686], [1270, 686], [1271, 686], [1272, 686], [1273, 686], [1274, 686], [1275, 686], [1276, 686], [1277, 686], [1328, 686], [1329, 686], [1330, 686], [1331, 686], [1332, 686], [1362, 686], [1363, 686], [1364, 686], [1373, 686], [1374, 686], [1375, 686], [1666, 686], [1667, 686], [1668, 686], [1669, 686], [1812, 686], [1813, 686], [1814, 686], [1815, 686], [1816, 686], [970, 687], [971, 687], [972, 687], [973, 687], [974, 687], [984, 687], [985, 687], [987, 687], [988, 687], [989, 687], [990, 687], [1030, 687], [1031, 687], [1037, 687], [1038, 687], [1093, 687], [1094, 687], [1095, 687], [1100, 687], [1101, 687], [1102, 687], [1103, 687], [1105, 687], [1106, 687], [1107, 687], [1108, 687], [1126, 687], [1127, 687], [1205, 687], [1206, 687], [1207, 687], [1269, 687], [1270, 687], [1271, 687], [1272, 687], [1273, 687], [1274, 687], [1275, 687], [1276, 687], [1330, 687], [1331, 687], [1332, 687], [1333, 687], [1362, 687], [1363, 687], [1364, 687], [1365, 687], [1374, 687], [1375, 687], [1376, 687], [1667, 687], [1668, 687], [1669, 687], [1670, 687], [1671, 687], [1813, 687], [1814, 687], [1815, 687], [1816, 687], [971, 688], [972, 688], [973, 688], [974, 688], [983, 688], [984, 688], [985, 688], [988, 688], [989, 688], [990, 688], [991, 688], [1030, 688], [1031, 688], [1032, 688], [1037, 688], [1038, 688], [1093, 688], [1094, 688], [1095, 688], [1101, 688], [1102, 688], [1103, 688], [1105, 688], [1106, 688], [1107, 688], [1108, 688], [1126, 688], [1127, 688], [1206, 688], [1207, 688], [1269, 688], [1270, 688], [1271, 688], [1272, 688], [1331, 688], [1332, 688], [1333, 688], [1334, 688], [1363, 688], [1364, 688], [1365, 688], [1374, 688], [1375, 688], [1376, 688], [1377, 688], [1668, 688], [1669, 688], [1670, 688], [1671, 688], [1672, 688], [1673, 688], [1815, 688], [1816, 688], [1817, 688], [973, 689], [974, 689], [975, 689], [976, 689], [983, 689], [984, 689], [985, 689], [989, 689], [990, 689], [991, 689], [1030, 689], [1031, 689], [1032, 689], [1033, 689], [1037, 689], [1038, 689], [1093, 689], [1094, 689], [1095, 689], [1101, 689], [1102, 689], [1103, 689], [1105, 689], [1106, 689], [1107, 689], [1126, 689], [1127, 689], [1188, 689], [1189, 689], [1190, 689], [1191, 689], [1192, 689], [1193, 689], [1194, 689], [1195, 689], [1196, 689], [1197, 689], [1198, 689], [1199, 689], [1206, 689], [1207, 689], [1224, 689], [1225, 689], [1226, 689], [1227, 689], [1332, 689], [1333, 689], [1334, 689], [1335, 689], [1340, 689], [1341, 689], [1342, 689], [1343, 689], [1344, 689], [1347, 689], [1348, 689], [1349, 689], [1351, 689], [1352, 689], [1353, 689], [1354, 689], [1355, 689], [1356, 689], [1360, 689], [1361, 689], [1362, 689], [1364, 689], [1365, 689], [1375, 689], [1376, 689], [1377, 689], [1670, 689], [1671, 689], [1672, 689], [1673, 689], [1674, 689], [1675, 689], [1815, 689], [1816, 689], [1817, 689], [1818, 689], [1819, 689], [973, 690], [974, 690], [975, 690], [976, 690], [977, 690], [983, 690], [984, 690], [990, 690], [991, 690], [1011, 690], [1012, 690], [1013, 690], [1014, 690], [1031, 690], [1032, 690], [1033, 690], [1034, 690], [1035, 690], [1036, 690], [1037, 690], [1038, 690], [1094, 690], [1095, 690], [1096, 690], [1097, 690], [1101, 690], [1102, 690], [1105, 690], [1106, 690], [1107, 690], [1126, 690], [1127, 690], [1187, 690], [1188, 690], [1189, 690], [1190, 690], [1191, 690], [1192, 690], [1193, 690], [1194, 690], [1195, 690], [1196, 690], [1197, 690], [1198, 690], [1199, 690], [1206, 690], [1207, 690], [1221, 690], [1222, 690], [1223, 690], [1224, 690], [1225, 690], [1226, 690], [1227, 690], [1228, 690], [1333, 690], [1334, 690], [1335, 690], [1336, 690], [1337, 690], [1338, 690], [1339, 690], [1340, 690], [1341, 690], [1342, 690], [1343, 690], [1344, 690], [1347, 690], [1348, 690], [1349, 690], [1350, 690], [1351, 690], [1352, 690], [1353, 690], [1354, 690], [1355, 690], [1356, 690], [1357, 690], [1358, 690], [1359, 690], [1360, 690], [1361, 690], [1362, 690], [1363, 690], [1364, 690], [1365, 690], [1376, 690], [1377, 690], [1378, 690], [1672, 690], [1673, 690], [1674, 690], [1675, 690], [1676, 690], [1816, 690], [1817, 690], [1818, 690], [1819, 690], [1820, 690], [975, 691], [976, 691], [977, 691], [978, 691], [983, 691], [984, 691], [990, 691], [991, 691], [1010, 691], [1011, 691], [1012, 691], [1013, 691], [1014, 691], [1032, 691], [1033, 691], [1034, 691], [1035, 691], [1036, 691], [1037, 691], [1038, 691], [1094, 691], [1095, 691], [1096, 691], [1097, 691], [1098, 691], [1100, 691], [1101, 691], [1102, 691], [1126, 691], [1127, 691], [1128, 691], [1187, 691], [1188, 691], [1189, 691], [1190, 691], [1191, 691], [1192, 691], [1193, 691], [1194, 691], [1195, 691], [1196, 691], [1197, 691], [1198, 691], [1199, 691], [1200, 691], [1206, 691], [1207, 691], [1208, 691], [1221, 691], [1222, 691], [1223, 691], [1224, 691], [1225, 691], [1226, 691], [1227, 691], [1228, 691], [1229, 691], [1334, 691], [1335, 691], [1336, 691], [1337, 691], [1338, 691], [1339, 691], [1340, 691], [1341, 691], [1342, 691], [1343, 691], [1344, 691], [1347, 691], [1348, 691], [1349, 691], [1350, 691], [1351, 691], [1352, 691], [1355, 691], [1356, 691], [1357, 691], [1358, 691], [1359, 691], [1360, 691], [1361, 691], [1362, 691], [1363, 691], [1364, 691], [1365, 691], [1376, 691], [1377, 691], [1378, 691], [1379, 691], [1674, 691], [1675, 691], [1676, 691], [1677, 691], [1678, 691], [1818, 691], [1819, 691], [1820, 691], [1821, 691], [976, 692], [977, 692], [978, 692], [983, 692], [984, 692], [990, 692], [991, 692], [1010, 692], [1011, 692], [1012, 692], [1013, 692], [1014, 692], [1015, 692], [1033, 692], [1034, 692], [1035, 692], [1036, 692], [1074, 692], [1075, 692], [1076, 692], [1077, 692], [1078, 692], [1079, 692], [1096, 692], [1097, 692], [1098, 692], [1099, 692], [1100, 692], [1101, 692], [1102, 692], [1126, 692], [1127, 692], [1128, 692], [1187, 692], [1188, 692], [1198, 692], [1199, 692], [1200, 692], [1201, 692], [1206, 692], [1207, 692], [1208, 692], [1220, 692], [1221, 692], [1222, 692], [1227, 692], [1228, 692], [1229, 692], [1342, 692], [1343, 692], [1346, 692], [1347, 692], [1348, 692], [1358, 692], [1359, 692], [1360, 692], [1361, 692], [1362, 692], [1377, 692], [1378, 692], [1379, 692], [1380, 692], [1675, 692], [1676, 692], [1677, 692], [1678, 692], [1679, 692], [1819, 692], [1820, 692], [1821, 692], [1822, 692], [977, 693], [978, 693], [979, 693], [982, 693], [983, 693], [984, 693], [990, 693], [991, 693], [1009, 693], [1010, 693], [1011, 693], [1013, 693], [1014, 693], [1015, 693], [1073, 693], [1074, 693], [1075, 693], [1076, 693], [1077, 693], [1078, 693], [1079, 693], [1080, 693], [1097, 693], [1098, 693], [1099, 693], [1100, 693], [1101, 693], [1102, 693], [1127, 693], [1128, 693], [1187, 693], [1188, 693], [1199, 693], [1200, 693], [1201, 693], [1207, 693], [1208, 693], [1220, 693], [1221, 693], [1222, 693], [1228, 693], [1229, 693], [1230, 693], [1342, 693], [1343, 693], [1346, 693], [1347, 693], [1348, 693], [1359, 693], [1360, 693], [1361, 693], [1378, 693], [1379, 693], [1380, 693], [1677, 693], [1678, 693], [1679, 693], [1680, 693], [1681, 693], [1820, 693], [1821, 693], [1822, 693], [1823, 693], [977, 694], [978, 694], [979, 694], [980, 694], [981, 694], [982, 694], [983, 694], [984, 694], [990, 694], [991, 694], [1009, 694], [1010, 694], [1011, 694], [1014, 694], [1015, 694], [1072, 694], [1073, 694], [1074, 694], [1075, 694], [1078, 694], [1079, 694], [1080, 694], [1098, 694], [1099, 694], [1100, 694], [1101, 694], [1102, 694], [1127, 694], [1128, 694], [1129, 694], [1187, 694], [1188, 694], [1189, 694], [1200, 694], [1201, 694], [1207, 694], [1208, 694], [1220, 694], [1221, 694], [1228, 694], [1229, 694], [1230, 694], [1271, 694], [1272, 694], [1273, 694], [1274, 694], [1342, 694], [1343, 694], [1346, 694], [1347, 694], [1348, 694], [1379, 694], [1380, 694], [1381, 694], [1678, 694], [1679, 694], [1680, 694], [1681, 694], [1682, 694], [1821, 694], [1822, 694], [1823, 694], [1824, 694], [978, 695], [979, 695], [980, 695], [981, 695], [982, 695], [983, 695], [990, 695], [991, 695], [1009, 695], [1010, 695], [1014, 695], [1015, 695], [1039, 695], [1040, 695], [1041, 695], [1042, 695], [1043, 695], [1044, 695], [1045, 695], [1046, 695], [1072, 695], [1073, 695], [1074, 695], [1079, 695], [1080, 695], [1098, 695], [1099, 695], [1100, 695], [1101, 695], [1102, 695], [1103, 695], [1127, 695], [1128, 695], [1129, 695], [1187, 695], [1188, 695], [1189, 695], [1200, 695], [1201, 695], [1207, 695], [1208, 695], [1220, 695], [1221, 695], [1229, 695], [1230, 695], [1271, 695], [1272, 695], [1273, 695], [1274, 695], [1275, 695], [1342, 695], [1343, 695], [1346, 695], [1347, 695], [1348, 695], [1349, 695], [1379, 695], [1380, 695], [1381, 695], [1382, 695], [1680, 695], [1681, 695], [1682, 695], [1683, 695], [1684, 695], [1822, 695], [1823, 695], [1824, 695], [979, 696], [980, 696], [981, 696], [982, 696], [990, 696], [991, 696], [1009, 696], [1010, 696], [1014, 696], [1015, 696], [1038, 696], [1039, 696], [1040, 696], [1041, 696], [1042, 696], [1043, 696], [1044, 696], [1045, 696], [1046, 696], [1047, 696], [1048, 696], [1072, 696], [1073, 696], [1079, 696], [1080, 696], [1098, 696], [1099, 696], [1100, 696], [1101, 696], [1102, 696], [1103, 696], [1104, 696], [1128, 696], [1129, 696], [1130, 696], [1134, 696], [1135, 696], [1136, 696], [1188, 696], [1189, 696], [1200, 696], [1201, 696], [1207, 696], [1208, 696], [1220, 696], [1221, 696], [1222, 696], [1229, 696], [1230, 696], [1231, 696], [1271, 696], [1272, 696], [1273, 696], [1274, 696], [1275, 696], [1276, 696], [1277, 696], [1341, 696], [1342, 696], [1343, 696], [1347, 696], [1348, 696], [1349, 696], [1350, 696], [1380, 696], [1381, 696], [1382, 696], [1383, 696], [1681, 696], [1682, 696], [1683, 696], [1684, 696], [1685, 696], [1686, 696], [1823, 696], [1824, 696], [990, 697], [991, 697], [1009, 697], [1010, 697], [1013, 697], [1014, 697], [1015, 697], [1038, 697], [1039, 697], [1040, 697], [1045, 697], [1046, 697], [1047, 697], [1048, 697], [1072, 697], [1073, 697], [1078, 697], [1079, 697], [1080, 697], [1097, 697], [1098, 697], [1099, 697], [1102, 697], [1103, 697], [1104, 697], [1105, 697], [1111, 697], [1112, 697], [1113, 697], [1114, 697], [1115, 697], [1128, 697], [1129, 697], [1130, 697], [1134, 697], [1135, 697], [1136, 697], [1137, 697], [1188, 697], [1189, 697], [1200, 697], [1201, 697], [1207, 697], [1208, 697], [1220, 697], [1221, 697], [1222, 697], [1229, 697], [1230, 697], [1231, 697], [1271, 697], [1272, 697], [1274, 697], [1275, 697], [1276, 697], [1277, 697], [1278, 697], [1279, 697], [1280, 697], [1281, 697], [1341, 697], [1342, 697], [1343, 697], [1348, 697], [1349, 697], [1350, 697], [1351, 697], [1352, 697], [1353, 697], [1381, 697], [1382, 697], [1383, 697], [1384, 697], [1683, 697], [1684, 697], [1685, 697], [1686, 697], [1687, 697], [1688, 697], [1824, 697], [990, 698], [991, 698], [1009, 698], [1010, 698], [1013, 698], [1014, 698], [1015, 698], [1038, 698], [1039, 698], [1047, 698], [1048, 698], [1072, 698], [1073, 698], [1074, 698], [1075, 698], [1076, 698], [1077, 698], [1078, 698], [1079, 698], [1080, 698], [1097, 698], [1098, 698], [1099, 698], [1103, 698], [1104, 698], [1105, 698], [1111, 698], [1112, 698], [1113, 698], [1114, 698], [1115, 698], [1129, 698], [1130, 698], [1131, 698], [1133, 698], [1134, 698], [1135, 698], [1136, 698], [1137, 698], [1188, 698], [1189, 698], [1191, 698], [1192, 698], [1193, 698], [1194, 698], [1195, 698], [1199, 698], [1200, 698], [1201, 698], [1207, 698], [1208, 698], [1209, 698], [1221, 698], [1222, 698], [1230, 698], [1231, 698], [1232, 698], [1233, 698], [1234, 698], [1271, 698], [1272, 698], [1273, 698], [1276, 698], [1277, 698], [1278, 698], [1279, 698], [1280, 698], [1281, 698], [1282, 698], [1340, 698], [1341, 698], [1342, 698], [1349, 698], [1350, 698], [1351, 698], [1352, 698], [1353, 698], [1361, 698], [1362, 698], [1363, 698], [1364, 698], [1365, 698], [1382, 698], [1383, 698], [1384, 698], [1685, 698], [1686, 698], [1687, 698], [1688, 698], [1689, 698], [989, 699], [990, 699], [991, 699], [1009, 699], [1010, 699], [1013, 699], [1014, 699], [1032, 699], [1033, 699], [1034, 699], [1035, 699], [1037, 699], [1038, 699], [1039, 699], [1047, 699], [1048, 699], [1072, 699], [1073, 699], [1074, 699], [1075, 699], [1076, 699], [1077, 699], [1078, 699], [1079, 699], [1091, 699], [1092, 699], [1093, 699], [1094, 699], [1096, 699], [1097, 699], [1098, 699], [1104, 699], [1105, 699], [1106, 699], [1111, 699], [1112, 699], [1114, 699], [1115, 699], [1116, 699], [1129, 699], [1130, 699], [1131, 699], [1132, 699], [1133, 699], [1134, 699], [1135, 699], [1136, 699], [1137, 699], [1188, 699], [1189, 699], [1190, 699], [1191, 699], [1192, 699], [1193, 699], [1194, 699], [1195, 699], [1196, 699], [1197, 699], [1198, 699], [1199, 699], [1200, 699], [1201, 699], [1207, 699], [1208, 699], [1209, 699], [1210, 699], [1221, 699], [1222, 699], [1230, 699], [1231, 699], [1232, 699], [1233, 699], [1234, 699], [1235, 699], [1236, 699], [1241, 699], [1242, 699], [1243, 699], [1244, 699], [1245, 699], [1271, 699], [1272, 699], [1273, 699], [1274, 699], [1280, 699], [1281, 699], [1282, 699], [1283, 699], [1335, 699], [1336, 699], [1337, 699], [1338, 699], [1339, 699], [1340, 699], [1341, 699], [1342, 699], [1351, 699], [1352, 699], [1353, 699], [1354, 699], [1355, 699], [1356, 699], [1361, 699], [1362, 699], [1363, 699], [1364, 699], [1365, 699], [1366, 699], [1367, 699], [1368, 699], [1383, 699], [1384, 699], [1385, 699], [1687, 699], [1688, 699], [1689, 699], [1690, 699], [1691, 699], [986, 700], [987, 700], [988, 700], [989, 700], [990, 700], [991, 700], [1009, 700], [1010, 700], [1013, 700], [1014, 700], [1031, 700], [1032, 700], [1033, 700], [1034, 700], [1035, 700], [1037, 700], [1038, 700], [1039, 700], [1047, 700], [1048, 700], [1091, 700], [1092, 700], [1093, 700], [1094, 700], [1095, 700], [1096, 700], [1097, 700], [1098, 700], [1104, 700], [1105, 700], [1106, 700], [1107, 700], [1108, 700], [1109, 700], [1110, 700], [1111, 700], [1112, 700], [1114, 700], [1115, 700], [1116, 700], [1130, 700], [1131, 700], [1132, 700], [1133, 700], [1134, 700], [1136, 700], [1137, 700], [1138, 700], [1188, 700], [1189, 700], [1190, 700], [1191, 700], [1192, 700], [1194, 700], [1195, 700], [1196, 700], [1197, 700], [1198, 700], [1199, 700], [1200, 700], [1208, 700], [1209, 700], [1210, 700], [1221, 700], [1222, 700], [1233, 700], [1234, 700], [1235, 700], [1236, 700], [1240, 700], [1241, 700], [1242, 700], [1243, 700], [1244, 700], [1245, 700], [1272, 700], [1273, 700], [1274, 700], [1275, 700], [1276, 700], [1277, 700], [1281, 700], [1282, 700], [1283, 700], [1334, 700], [1335, 700], [1336, 700], [1337, 700], [1338, 700], [1339, 700], [1340, 700], [1341, 700], [1351, 700], [1352, 700], [1353, 700], [1354, 700], [1355, 700], [1356, 700], [1357, 700], [1358, 700], [1359, 700], [1361, 700], [1362, 700], [1364, 700], [1365, 700], [1366, 700], [1367, 700], [1368, 700], [1369, 700], [1370, 700], [1383, 700], [1384, 700], [1385, 700], [1386, 700], [1688, 700], [1689, 700], [1690, 700], [1691, 700], [1692, 700], [1693, 700], [985, 701], [986, 701], [987, 701], [988, 701], [989, 701], [990, 701], [1009, 701], [1010, 701], [1013, 701], [1014, 701], [1031, 701], [1032, 701], [1034, 701], [1035, 701], [1037, 701], [1038, 701], [1047, 701], [1048, 701], [1091, 701], [1092, 701], [1093, 701], [1094, 701], [1095, 701], [1096, 701], [1097, 701], [1105, 701], [1106, 701], [1107, 701], [1108, 701], [1109, 701], [1110, 701], [1111, 701], [1112, 701], [1115, 701], [1116, 701], [1136, 701], [1137, 701], [1138, 701], [1189, 701], [1190, 701], [1191, 701], [1192, 701], [1198, 701], [1199, 701], [1200, 701], [1209, 701], [1210, 701], [1211, 701], [1221, 701], [1222, 701], [1235, 701], [1236, 701], [1237, 701], [1239, 701], [1240, 701], [1241, 701], [1242, 701], [1244, 701], [1245, 701], [1246, 701], [1273, 701], [1274, 701], [1275, 701], [1276, 701], [1277, 701], [1278, 701], [1279, 701], [1280, 701], [1282, 701], [1283, 701], [1334, 701], [1335, 701], [1336, 701], [1353, 701], [1354, 701], [1355, 701], [1356, 701], [1357, 701], [1358, 701], [1359, 701], [1360, 701], [1361, 701], [1362, 701], [1367, 701], [1368, 701], [1369, 701], [1370, 701], [1371, 701], [1372, 701], [1384, 701], [1385, 701], [1386, 701], [1387, 701], [1690, 701], [1691, 701], [1692, 701], [1693, 701], [1694, 701], [972, 702], [973, 702], [974, 702], [984, 702], [985, 702], [986, 702], [987, 702], [1009, 702], [1010, 702], [1012, 702], [1013, 702], [1014, 702], [1031, 702], [1032, 702], [1033, 702], [1034, 702], [1035, 702], [1037, 702], [1038, 702], [1047, 702], [1048, 702], [1049, 702], [1058, 702], [1059, 702], [1060, 702], [1061, 702], [1062, 702], [1091, 702], [1092, 702], [1094, 702], [1095, 702], [1096, 702], [1097, 702], [1105, 702], [1106, 702], [1107, 702], [1108, 702], [1115, 702], [1116, 702], [1117, 702], [1118, 702], [1119, 702], [1120, 702], [1121, 702], [1122, 702], [1123, 702], [1124, 702], [1125, 702], [1137, 702], [1138, 702], [1189, 702], [1190, 702], [1191, 702], [1192, 702], [1209, 702], [1210, 702], [1211, 702], [1212, 702], [1221, 702], [1222, 702], [1235, 702], [1236, 702], [1237, 702], [1239, 702], [1240, 702], [1241, 702], [1244, 702], [1245, 702], [1246, 702], [1276, 702], [1277, 702], [1278, 702], [1279, 702], [1280, 702], [1281, 702], [1282, 702], [1283, 702], [1334, 702], [1335, 702], [1336, 702], [1337, 702], [1338, 702], [1339, 702], [1340, 702], [1341, 702], [1347, 702], [1348, 702], [1349, 702], [1350, 702], [1351, 702], [1352, 702], [1353, 702], [1354, 702], [1355, 702], [1356, 702], [1357, 702], [1358, 702], [1359, 702], [1360, 702], [1361, 702], [1362, 702], [1369, 702], [1370, 702], [1371, 702], [1372, 702], [1373, 702], [1374, 702], [1385, 702], [1386, 702], [1387, 702], [1388, 702], [1692, 702], [1693, 702], [1694, 702], [1695, 702], [1696, 702], [970, 703], [971, 703], [972, 703], [973, 703], [974, 703], [975, 703], [976, 703], [984, 703], [985, 703], [986, 703], [1009, 703], [1010, 703], [1011, 703], [1012, 703], [1013, 703], [1014, 703], [1030, 703], [1031, 703], [1032, 703], [1033, 703], [1034, 703], [1036, 703], [1037, 703], [1038, 703], [1047, 703], [1048, 703], [1049, 703], [1058, 703], [1059, 703], [1060, 703], [1061, 703], [1062, 703], [1063, 703], [1091, 703], [1092, 703], [1113, 703], [1114, 703], [1116, 703], [1117, 703], [1118, 703], [1119, 703], [1120, 703], [1121, 703], [1122, 703], [1123, 703], [1124, 703], [1125, 703], [1126, 703], [1136, 703], [1137, 703], [1138, 703], [1189, 703], [1190, 703], [1191, 703], [1210, 703], [1211, 703], [1212, 703], [1221, 703], [1222, 703], [1236, 703], [1237, 703], [1239, 703], [1240, 703], [1245, 703], [1246, 703], [1247, 703], [1279, 703], [1280, 703], [1281, 703], [1282, 703], [1283, 703], [1334, 703], [1335, 703], [1336, 703], [1337, 703], [1338, 703], [1339, 703], [1340, 703], [1341, 703], [1342, 703], [1343, 703], [1347, 703], [1348, 703], [1349, 703], [1350, 703], [1351, 703], [1352, 703], [1353, 703], [1354, 703], [1355, 703], [1356, 703], [1358, 703], [1359, 703], [1360, 703], [1361, 703], [1362, 703], [1371, 703], [1372, 703], [1373, 703], [1374, 703], [1375, 703], [1386, 703], [1387, 703], [1388, 703], [1389, 703], [1693, 703], [1694, 703], [1695, 703], [1696, 703], [1697, 703], [968, 704], [969, 704], [970, 704], [971, 704], [972, 704], [973, 704], [974, 704], [975, 704], [976, 704], [977, 704], [983, 704], [984, 704], [985, 704], [1009, 704], [1010, 704], [1011, 704], [1012, 704], [1013, 704], [1030, 704], [1031, 704], [1032, 704], [1033, 704], [1034, 704], [1036, 704], [1037, 704], [1038, 704], [1048, 704], [1049, 704], [1058, 704], [1059, 704], [1061, 704], [1062, 704], [1063, 704], [1064, 704], [1091, 704], [1092, 704], [1112, 704], [1113, 704], [1114, 704], [1115, 704], [1116, 704], [1124, 704], [1125, 704], [1126, 704], [1136, 704], [1137, 704], [1138, 704], [1211, 704], [1212, 704], [1221, 704], [1222, 704], [1236, 704], [1237, 704], [1238, 704], [1239, 704], [1240, 704], [1245, 704], [1246, 704], [1247, 704], [1280, 704], [1281, 704], [1282, 704], [1283, 704], [1336, 704], [1337, 704], [1338, 704], [1339, 704], [1340, 704], [1341, 704], [1342, 704], [1343, 704], [1347, 704], [1348, 704], [1351, 704], [1352, 704], [1353, 704], [1355, 704], [1356, 704], [1357, 704], [1358, 704], [1359, 704], [1360, 704], [1361, 704], [1362, 704], [1373, 704], [1374, 704], [1375, 704], [1376, 704], [1377, 704], [1378, 704], [1379, 704], [1387, 704], [1388, 704], [1389, 704], [1390, 704], [1695, 704], [1696, 704], [1697, 704], [1698, 704], [1699, 704], [968, 705], [969, 705], [970, 705], [971, 705], [975, 705], [976, 705], [977, 705], [978, 705], [983, 705], [984, 705], [985, 705], [1010, 705], [1011, 705], [1012, 705], [1030, 705], [1031, 705], [1032, 705], [1033, 705], [1034, 705], [1036, 705], [1037, 705], [1038, 705], [1039, 705], [1048, 705], [1049, 705], [1057, 705], [1058, 705], [1059, 705], [1062, 705], [1063, 705], [1064, 705], [1091, 705], [1092, 705], [1093, 705], [1112, 705], [1113, 705], [1114, 705], [1115, 705], [1116, 705], [1117, 705], [1118, 705], [1119, 705], [1125, 705], [1126, 705], [1127, 705], [1136, 705], [1137, 705], [1211, 705], [1212, 705], [1213, 705], [1221, 705], [1222, 705], [1236, 705], [1237, 705], [1238, 705], [1239, 705], [1240, 705], [1246, 705], [1247, 705], [1280, 705], [1281, 705], [1282, 705], [1283, 705], [1342, 705], [1343, 705], [1344, 705], [1347, 705], [1348, 705], [1356, 705], [1357, 705], [1358, 705], [1359, 705], [1360, 705], [1361, 705], [1362, 705], [1374, 705], [1375, 705], [1376, 705], [1377, 705], [1378, 705], [1379, 705], [1380, 705], [1388, 705], [1389, 705], [1390, 705], [1391, 705], [1696, 705], [1697, 705], [1698, 705], [1699, 705], [1700, 705], [968, 706], [969, 706], [972, 706], [973, 706], [974, 706], [976, 706], [977, 706], [978, 706], [979, 706], [982, 706], [983, 706], [984, 706], [1031, 706], [1032, 706], [1033, 706], [1034, 706], [1037, 706], [1038, 706], [1039, 706], [1048, 706], [1049, 706], [1050, 706], [1057, 706], [1058, 706], [1059, 706], [1063, 706], [1064, 706], [1091, 706], [1092, 706], [1093, 706], [1094, 706], [1112, 706], [1113, 706], [1115, 706], [1116, 706], [1117, 706], [1118, 706], [1119, 706], [1125, 706], [1126, 706], [1127, 706], [1136, 706], [1137, 706], [1211, 706], [1212, 706], [1213, 706], [1214, 706], [1221, 706], [1222, 706], [1237, 706], [1238, 706], [1239, 706], [1240, 706], [1241, 706], [1242, 706], [1243, 706], [1244, 706], [1245, 706], [1246, 706], [1247, 706], [1282, 706], [1283, 706], [1284, 706], [1285, 706], [1286, 706], [1342, 706], [1343, 706], [1344, 706], [1347, 706], [1348, 706], [1349, 706], [1361, 706], [1362, 706], [1378, 706], [1379, 706], [1380, 706], [1389, 706], [1390, 706], [1391, 706], [1698, 706], [1699, 706], [1700, 706], [1701, 706], [1702, 706], [968, 707], [969, 707], [970, 707], [971, 707], [972, 707], [973, 707], [974, 707], [975, 707], [977, 707], [978, 707], [979, 707], [980, 707], [981, 707], [982, 707], [983, 707], [984, 707], [1031, 707], [1032, 707], [1033, 707], [1038, 707], [1039, 707], [1048, 707], [1049, 707], [1050, 707], [1057, 707], [1058, 707], [1059, 707], [1063, 707], [1064, 707], [1092, 707], [1093, 707], [1094, 707], [1095, 707], [1096, 707], [1112, 707], [1113, 707], [1118, 707], [1119, 707], [1126, 707], [1127, 707], [1136, 707], [1137, 707], [1212, 707], [1213, 707], [1214, 707], [1215, 707], [1216, 707], [1217, 707], [1218, 707], [1221, 707], [1222, 707], [1240, 707], [1241, 707], [1242, 707], [1243, 707], [1244, 707], [1245, 707], [1246, 707], [1247, 707], [1260, 707], [1261, 707], [1262, 707], [1263, 707], [1282, 707], [1283, 707], [1284, 707], [1285, 707], [1286, 707], [1287, 707], [1343, 707], [1344, 707], [1347, 707], [1348, 707], [1349, 707], [1361, 707], [1362, 707], [1363, 707], [1379, 707], [1380, 707], [1381, 707], [1390, 707], [1391, 707], [1392, 707], [1699, 707], [1700, 707], [1701, 707], [1702, 707], [1703, 707], [968, 708], [969, 708], [970, 708], [971, 708], [972, 708], [973, 708], [974, 708], [975, 708], [978, 708], [979, 708], [980, 708], [981, 708], [982, 708], [983, 708], [1038, 708], [1039, 708], [1040, 708], [1049, 708], [1050, 708], [1058, 708], [1059, 708], [1063, 708], [1064, 708], [1093, 708], [1094, 708], [1095, 708], [1096, 708], [1097, 708], [1098, 708], [1112, 708], [1113, 708], [1117, 708], [1118, 708], [1119, 708], [1126, 708], [1127, 708], [1128, 708], [1136, 708], [1137, 708], [1213, 708], [1214, 708], [1215, 708], [1216, 708], [1217, 708], [1218, 708], [1219, 708], [1221, 708], [1222, 708], [1240, 708], [1241, 708], [1242, 708], [1244, 708], [1245, 708], [1246, 708], [1260, 708], [1261, 708], [1262, 708], [1263, 708], [1264, 708], [1282, 708], [1283, 708], [1284, 708], [1286, 708], [1287, 708], [1343, 708], [1344, 708], [1345, 708], [1348, 708], [1349, 708], [1350, 708], [1361, 708], [1362, 708], [1363, 708], [1379, 708], [1380, 708], [1381, 708], [1382, 708], [1390, 708], [1391, 708], [1392, 708], [1393, 708], [1701, 708], [1702, 708], [1703, 708], [1704, 708], [1705, 708], [969, 709], [970, 709], [971, 709], [972, 709], [973, 709], [974, 709], [975, 709], [1038, 709], [1039, 709], [1040, 709], [1041, 709], [1049, 709], [1050, 709], [1051, 709], [1057, 709], [1058, 709], [1059, 709], [1063, 709], [1064, 709], [1065, 709], [1095, 709], [1096, 709], [1097, 709], [1098, 709], [1099, 709], [1100, 709], [1112, 709], [1113, 709], [1116, 709], [1117, 709], [1118, 709], [1119, 709], [1126, 709], [1127, 709], [1128, 709], [1136, 709], [1137, 709], [1217, 709], [1218, 709], [1219, 709], [1220, 709], [1221, 709], [1222, 709], [1240, 709], [1241, 709], [1260, 709], [1261, 709], [1262, 709], [1263, 709], [1264, 709], [1283, 709], [1284, 709], [1285, 709], [1286, 709], [1287, 709], [1343, 709], [1344, 709], [1345, 709], [1348, 709], [1349, 709], [1350, 709], [1351, 709], [1362, 709], [1363, 709], [1364, 709], [1365, 709], [1366, 709], [1380, 709], [1381, 709], [1382, 709], [1391, 709], [1392, 709], [1393, 709], [1394, 709], [1702, 709], [1703, 709], [1704, 709], [1705, 709], [1706, 709], [1707, 709], [973, 710], [974, 710], [975, 710], [1039, 710], [1040, 710], [1041, 710], [1049, 710], [1050, 710], [1051, 710], [1052, 710], [1057, 710], [1058, 710], [1059, 710], [1063, 710], [1064, 710], [1065, 710], [1097, 710], [1098, 710], [1099, 710], [1100, 710], [1101, 710], [1112, 710], [1113, 710], [1114, 710], [1115, 710], [1116, 710], [1117, 710], [1118, 710], [1127, 710], [1128, 710], [1129, 710], [1136, 710], [1137, 710], [1218, 710], [1219, 710], [1220, 710], [1221, 710], [1222, 710], [1240, 710], [1241, 710], [1242, 710], [1260, 710], [1261, 710], [1262, 710], [1263, 710], [1264, 710], [1284, 710], [1285, 710], [1286, 710], [1287, 710], [1344, 710], [1345, 710], [1346, 710], [1349, 710], [1350, 710], [1351, 710], [1352, 710], [1353, 710], [1354, 710], [1355, 710], [1356, 710], [1357, 710], [1362, 710], [1363, 710], [1364, 710], [1365, 710], [1366, 710], [1367, 710], [1381, 710], [1382, 710], [1383, 710], [1392, 710], [1393, 710], [1394, 710], [1395, 710], [1704, 710], [1705, 710], [1706, 710], [1707, 710], [1708, 710], [1709, 710], [973, 711], [974, 711], [975, 711], [1040, 711], [1041, 711], [1050, 711], [1051, 711], [1052, 711], [1057, 711], [1058, 711], [1059, 711], [1064, 711], [1065, 711], [1099, 711], [1100, 711], [1101, 711], [1111, 711], [1112, 711], [1113, 711], [1114, 711], [1115, 711], [1116, 711], [1117, 711], [1127, 711], [1128, 711], [1129, 711], [1136, 711], [1137, 711], [1240, 711], [1241, 711], [1242, 711], [1243, 711], [1260, 711], [1261, 711], [1262, 711], [1263, 711], [1264, 711], [1272, 711], [1273, 711], [1274, 711], [1275, 711], [1276, 711], [1277, 711], [1344, 711], [1345, 711], [1346, 711], [1347, 711], [1350, 711], [1351, 711], [1352, 711], [1353, 711], [1354, 711], [1355, 711], [1356, 711], [1357, 711], [1363, 711], [1364, 711], [1365, 711], [1366, 711], [1367, 711], [1381, 711], [1382, 711], [1383, 711], [1384, 711], [1393, 711], [1394, 711], [1395, 711], [1706, 711], [1707, 711], [1708, 711], [1709, 711], [1710, 711], [1711, 711], [974, 712], [975, 712], [1007, 712], [1008, 712], [1009, 712], [1010, 712], [1040, 712], [1041, 712], [1051, 712], [1052, 712], [1057, 712], [1058, 712], [1059, 712], [1064, 712], [1065, 712], [1100, 712], [1101, 712], [1111, 712], [1112, 712], [1113, 712], [1114, 712], [1115, 712], [1116, 712], [1117, 712], [1128, 712], [1129, 712], [1136, 712], [1137, 712], [1241, 712], [1242, 712], [1243, 712], [1244, 712], [1245, 712], [1261, 712], [1262, 712], [1263, 712], [1264, 712], [1272, 712], [1273, 712], [1274, 712], [1275, 712], [1276, 712], [1277, 712], [1278, 712], [1279, 712], [1280, 712], [1345, 712], [1346, 712], [1347, 712], [1348, 712], [1351, 712], [1352, 712], [1353, 712], [1354, 712], [1355, 712], [1356, 712], [1357, 712], [1363, 712], [1364, 712], [1365, 712], [1366, 712], [1367, 712], [1368, 712], [1369, 712], [1382, 712], [1383, 712], [1384, 712], [1394, 712], [1395, 712], [1396, 712], [1708, 712], [1709, 712], [1710, 712], [1711, 712], [1712, 712], [974, 713], [975, 713], [1007, 713], [1008, 713], [1009, 713], [1010, 713], [1040, 713], [1041, 713], [1042, 713], [1050, 713], [1051, 713], [1052, 713], [1058, 713], [1059, 713], [1064, 713], [1065, 713], [1100, 713], [1101, 713], [1102, 713], [1111, 713], [1112, 713], [1113, 713], [1114, 713], [1115, 713], [1116, 713], [1117, 713], [1118, 713], [1119, 713], [1120, 713], [1128, 713], [1129, 713], [1130, 713], [1136, 713], [1137, 713], [1242, 713], [1243, 713], [1244, 713], [1245, 713], [1261, 713], [1262, 713], [1263, 713], [1264, 713], [1272, 713], [1273, 713], [1276, 713], [1277, 713], [1278, 713], [1279, 713], [1280, 713], [1281, 713], [1346, 713], [1347, 713], [1348, 713], [1349, 713], [1350, 713], [1351, 713], [1352, 713], [1353, 713], [1354, 713], [1355, 713], [1356, 713], [1363, 713], [1364, 713], [1365, 713], [1366, 713], [1367, 713], [1368, 713], [1369, 713], [1383, 713], [1384, 713], [1385, 713], [1394, 713], [1395, 713], [1396, 713], [1397, 713], [1710, 713], [1711, 713], [1712, 713], [1713, 713], [1714, 713], [974, 714], [975, 714], [1007, 714], [1008, 714], [1009, 714], [1010, 714], [1040, 714], [1041, 714], [1042, 714], [1049, 714], [1050, 714], [1051, 714], [1052, 714], [1058, 714], [1059, 714], [1060, 714], [1064, 714], [1065, 714], [1100, 714], [1101, 714], [1102, 714], [1103, 714], [1110, 714], [1111, 714], [1112, 714], [1115, 714], [1116, 714], [1117, 714], [1118, 714], [1119, 714], [1120, 714], [1128, 714], [1129, 714], [1130, 714], [1131, 714], [1136, 714], [1137, 714], [1138, 714], [1244, 714], [1245, 714], [1246, 714], [1272, 714], [1273, 714], [1279, 714], [1280, 714], [1281, 714], [1282, 714], [1283, 714], [1284, 714], [1285, 714], [1347, 714], [1348, 714], [1349, 714], [1350, 714], [1351, 714], [1352, 714], [1354, 714], [1355, 714], [1368, 714], [1369, 714], [1370, 714], [1383, 714], [1384, 714], [1385, 714], [1395, 714], [1396, 714], [1397, 714], [1398, 714], [1711, 714], [1712, 714], [1713, 714], [1714, 714], [1715, 714], [1716, 714], [974, 715], [975, 715], [1006, 715], [1007, 715], [1008, 715], [1009, 715], [1010, 715], [1041, 715], [1042, 715], [1043, 715], [1048, 715], [1049, 715], [1050, 715], [1051, 715], [1058, 715], [1059, 715], [1060, 715], [1061, 715], [1063, 715], [1064, 715], [1065, 715], [1101, 715], [1102, 715], [1103, 715], [1104, 715], [1105, 715], [1110, 715], [1111, 715], [1112, 715], [1115, 715], [1116, 715], [1117, 715], [1118, 715], [1119, 715], [1120, 715], [1129, 715], [1130, 715], [1131, 715], [1132, 715], [1136, 715], [1137, 715], [1138, 715], [1244, 715], [1245, 715], [1246, 715], [1272, 715], [1273, 715], [1280, 715], [1281, 715], [1282, 715], [1283, 715], [1284, 715], [1285, 715], [1286, 715], [1287, 715], [1349, 715], [1350, 715], [1351, 715], [1352, 715], [1353, 715], [1368, 715], [1369, 715], [1370, 715], [1371, 715], [1384, 715], [1385, 715], [1386, 715], [1396, 715], [1397, 715], [1398, 715], [1713, 715], [1714, 715], [1715, 715], [1716, 715], [1717, 715], [1718, 715], [974, 716], [975, 716], [1006, 716], [1007, 716], [1008, 716], [1009, 716], [1010, 716], [1041, 716], [1042, 716], [1043, 716], [1044, 716], [1048, 716], [1049, 716], [1050, 716], [1059, 716], [1060, 716], [1061, 716], [1063, 716], [1064, 716], [1065, 716], [1102, 716], [1103, 716], [1104, 716], [1105, 716], [1110, 716], [1111, 716], [1112, 716], [1113, 716], [1114, 716], [1115, 716], [1116, 716], [1117, 716], [1118, 716], [1119, 716], [1120, 716], [1130, 716], [1131, 716], [1132, 716], [1137, 716], [1138, 716], [1245, 716], [1246, 716], [1247, 716], [1272, 716], [1273, 716], [1274, 716], [1284, 716], [1285, 716], [1286, 716], [1287, 716], [1350, 716], [1351, 716], [1352, 716], [1353, 716], [1369, 716], [1370, 716], [1371, 716], [1372, 716], [1384, 716], [1385, 716], [1386, 716], [1397, 716], [1398, 716], [1399, 716], [1715, 716], [1716, 716], [1717, 716], [1718, 716], [1719, 716], [1720, 716], [974, 717], [975, 717], [1005, 717], [1006, 717], [1007, 717], [1009, 717], [1010, 717], [1016, 717], [1017, 717], [1018, 717], [1019, 717], [1020, 717], [1021, 717], [1022, 717], [1042, 717], [1043, 717], [1044, 717], [1045, 717], [1047, 717], [1048, 717], [1049, 717], [1060, 717], [1061, 717], [1063, 717], [1064, 717], [1104, 717], [1105, 717], [1110, 717], [1111, 717], [1112, 717], [1113, 717], [1114, 717], [1115, 717], [1116, 717], [1117, 717], [1118, 717], [1131, 717], [1132, 717], [1137, 717], [1138, 717], [1245, 717], [1246, 717], [1247, 717], [1272, 717], [1273, 717], [1274, 717], [1286, 717], [1287, 717], [1288, 717], [1289, 717], [1370, 717], [1371, 717], [1372, 717], [1385, 717], [1386, 717], [1387, 717], [1397, 717], [1398, 717], [1399, 717], [1400, 717], [1717, 717], [1718, 717], [1719, 717], [1720, 717], [1721, 717], [1722, 717], [974, 718], [975, 718], [1004, 718], [1005, 718], [1006, 718], [1007, 718], [1009, 718], [1010, 718], [1011, 718], [1014, 718], [1015, 718], [1016, 718], [1017, 718], [1018, 718], [1019, 718], [1020, 718], [1021, 718], [1022, 718], [1023, 718], [1024, 718], [1032, 718], [1033, 718], [1034, 718], [1043, 718], [1044, 718], [1045, 718], [1046, 718], [1047, 718], [1048, 718], [1049, 718], [1060, 718], [1061, 718], [1063, 718], [1064, 718], [1065, 718], [1104, 718], [1105, 718], [1111, 718], [1112, 718], [1113, 718], [1114, 718], [1130, 718], [1131, 718], [1132, 718], [1137, 718], [1138, 718], [1246, 718], [1247, 718], [1273, 718], [1274, 718], [1275, 718], [1286, 718], [1287, 718], [1288, 718], [1289, 718], [1371, 718], [1372, 718], [1385, 718], [1386, 718], [1387, 718], [1388, 718], [1389, 718], [1390, 718], [1398, 718], [1399, 718], [1400, 718], [1401, 718], [1719, 718], [1720, 718], [1721, 718], [1722, 718], [1723, 718], [1724, 718], [974, 719], [975, 719], [1001, 719], [1002, 719], [1003, 719], [1004, 719], [1005, 719], [1006, 719], [1009, 719], [1010, 719], [1011, 719], [1013, 719], [1014, 719], [1015, 719], [1016, 719], [1017, 719], [1021, 719], [1022, 719], [1023, 719], [1024, 719], [1025, 719], [1032, 719], [1033, 719], [1034, 719], [1044, 719], [1045, 719], [1046, 719], [1047, 719], [1048, 719], [1060, 719], [1061, 719], [1063, 719], [1064, 719], [1065, 719], [1104, 719], [1105, 719], [1112, 719], [1113, 719], [1114, 719], [1130, 719], [1131, 719], [1132, 719], [1137, 719], [1138, 719], [1246, 719], [1247, 719], [1273, 719], [1274, 719], [1275, 719], [1288, 719], [1289, 719], [1371, 719], [1372, 719], [1373, 719], [1386, 719], [1387, 719], [1388, 719], [1389, 719], [1390, 719], [1391, 719], [1392, 719], [1393, 719], [1394, 719], [1395, 719], [1396, 719], [1399, 719], [1400, 719], [1401, 719], [1402, 719], [1721, 719], [1722, 719], [1723, 719], [1724, 719], [1725, 719], [1726, 719], [974, 720], [975, 720], [1000, 720], [1001, 720], [1002, 720], [1003, 720], [1004, 720], [1005, 720], [1010, 720], [1011, 720], [1012, 720], [1013, 720], [1014, 720], [1015, 720], [1023, 720], [1024, 720], [1025, 720], [1032, 720], [1034, 720], [1045, 720], [1046, 720], [1047, 720], [1060, 720], [1061, 720], [1062, 720], [1063, 720], [1064, 720], [1065, 720], [1104, 720], [1105, 720], [1106, 720], [1130, 720], [1131, 720], [1132, 720], [1137, 720], [1138, 720], [1246, 720], [1247, 720], [1248, 720], [1274, 720], [1275, 720], [1288, 720], [1289, 720], [1371, 720], [1372, 720], [1373, 720], [1374, 720], [1375, 720], [1389, 720], [1390, 720], [1391, 720], [1392, 720], [1393, 720], [1394, 720], [1395, 720], [1396, 720], [1400, 720], [1401, 720], [1402, 720], [1403, 720], [1723, 720], [1724, 720], [1725, 720], [1726, 720], [1727, 720], [974, 721], [975, 721], [1000, 721], [1001, 721], [1002, 721], [1010, 721], [1011, 721], [1012, 721], [1013, 721], [1014, 721], [1024, 721], [1025, 721], [1032, 721], [1034, 721], [1060, 721], [1061, 721], [1062, 721], [1063, 721], [1064, 721], [1065, 721], [1104, 721], [1105, 721], [1106, 721], [1130, 721], [1131, 721], [1132, 721], [1136, 721], [1137, 721], [1138, 721], [1246, 721], [1247, 721], [1248, 721], [1249, 721], [1274, 721], [1275, 721], [1276, 721], [1287, 721], [1288, 721], [1289, 721], [1354, 721], [1355, 721], [1356, 721], [1372, 721], [1373, 721], [1374, 721], [1375, 721], [1391, 721], [1392, 721], [1393, 721], [1395, 721], [1396, 721], [1401, 721], [1402, 721], [1403, 721], [1404, 721], [1725, 721], [1726, 721], [1727, 721], [1728, 721], [1729, 721], [974, 722], [975, 722], [990, 722], [991, 722], [992, 722], [993, 722], [994, 722], [995, 722], [1000, 722], [1001, 722], [1010, 722], [1011, 722], [1012, 722], [1013, 722], [1024, 722], [1025, 722], [1032, 722], [1034, 722], [1061, 722], [1062, 722], [1063, 722], [1064, 722], [1105, 722], [1106, 722], [1131, 722], [1132, 722], [1136, 722], [1137, 722], [1138, 722], [1247, 722], [1248, 722], [1249, 722], [1250, 722], [1274, 722], [1275, 722], [1276, 722], [1279, 722], [1280, 722], [1281, 722], [1282, 722], [1283, 722], [1284, 722], [1285, 722], [1286, 722], [1287, 722], [1288, 722], [1289, 722], [1354, 722], [1356, 722], [1373, 722], [1374, 722], [1375, 722], [1376, 722], [1377, 722], [1395, 722], [1396, 722], [1397, 722], [1402, 722], [1403, 722], [1404, 722], [1726, 722], [1727, 722], [1728, 722], [1729, 722], [1730, 722], [974, 723], [975, 723], [976, 723], [977, 723], [978, 723], [979, 723], [980, 723], [988, 723], [989, 723], [990, 723], [991, 723], [992, 723], [993, 723], [994, 723], [995, 723], [999, 723], [1000, 723], [1001, 723], [1010, 723], [1011, 723], [1012, 723], [1013, 723], [1024, 723], [1025, 723], [1032, 723], [1034, 723], [1061, 723], [1062, 723], [1063, 723], [1064, 723], [1104, 723], [1105, 723], [1106, 723], [1131, 723], [1132, 723], [1133, 723], [1136, 723], [1137, 723], [1248, 723], [1249, 723], [1250, 723], [1275, 723], [1276, 723], [1277, 723], [1278, 723], [1279, 723], [1280, 723], [1281, 723], [1282, 723], [1283, 723], [1284, 723], [1285, 723], [1286, 723], [1287, 723], [1288, 723], [1354, 723], [1355, 723], [1356, 723], [1373, 723], [1374, 723], [1375, 723], [1376, 723], [1377, 723], [1378, 723], [1395, 723], [1396, 723], [1397, 723], [1398, 723], [1403, 723], [1404, 723], [1405, 723], [1728, 723], [1729, 723], [1730, 723], [1731, 723], [1732, 723], [974, 724], [975, 724], [976, 724], [977, 724], [978, 724], [979, 724], [980, 724], [981, 724], [988, 724], [989, 724], [990, 724], [991, 724], [994, 724], [995, 724], [999, 724], [1000, 724], [1001, 724], [1010, 724], [1011, 724], [1012, 724], [1013, 724], [1024, 724], [1025, 724], [1032, 724], [1033, 724], [1034, 724], [1062, 724], [1063, 724], [1064, 724], [1100, 724], [1101, 724], [1102, 724], [1104, 724], [1105, 724], [1106, 724], [1131, 724], [1132, 724], [1133, 724], [1134, 724], [1135, 724], [1136, 724], [1137, 724], [1247, 724], [1248, 724], [1249, 724], [1250, 724], [1275, 724], [1276, 724], [1277, 724], [1278, 724], [1279, 724], [1280, 724], [1284, 724], [1285, 724], [1286, 724], [1372, 724], [1373, 724], [1374, 724], [1375, 724], [1376, 724], [1377, 724], [1378, 724], [1396, 724], [1397, 724], [1398, 724], [1399, 724], [1400, 724], [1401, 724], [1403, 724], [1404, 724], [1405, 724], [1406, 724], [1729, 724], [1730, 724], [1731, 724], [1732, 724], [1733, 724], [979, 725], [980, 725], [981, 725], [982, 725], [987, 725], [988, 725], [989, 725], [994, 725], [995, 725], [998, 725], [999, 725], [1000, 725], [1010, 725], [1011, 725], [1012, 725], [1023, 725], [1024, 725], [1025, 725], [1032, 725], [1033, 725], [1034, 725], [1099, 725], [1100, 725], [1101, 725], [1102, 725], [1103, 725], [1104, 725], [1105, 725], [1132, 725], [1133, 725], [1134, 725], [1135, 725], [1136, 725], [1137, 725], [1241, 725], [1242, 725], [1243, 725], [1244, 725], [1247, 725], [1248, 725], [1249, 725], [1371, 725], [1372, 725], [1373, 725], [1374, 725], [1375, 725], [1376, 725], [1377, 725], [1378, 725], [1397, 725], [1398, 725], [1399, 725], [1400, 725], [1401, 725], [1402, 725], [1403, 725], [1404, 725], [1405, 725], [1406, 725], [1407, 725], [1731, 725], [1732, 725], [1733, 725], [1734, 725], [980, 726], [981, 726], [982, 726], [987, 726], [988, 726], [989, 726], [994, 726], [995, 726], [998, 726], [999, 726], [1000, 726], [1023, 726], [1024, 726], [1025, 726], [1099, 726], [1100, 726], [1101, 726], [1102, 726], [1103, 726], [1104, 726], [1105, 726], [1133, 726], [1134, 726], [1135, 726], [1240, 726], [1241, 726], [1242, 726], [1243, 726], [1244, 726], [1245, 726], [1246, 726], [1247, 726], [1248, 726], [1371, 726], [1372, 726], [1373, 726], [1374, 726], [1375, 726], [1376, 726], [1377, 726], [1378, 726], [1400, 726], [1401, 726], [1402, 726], [1403, 726], [1405, 726], [1406, 726], [1407, 726], [1408, 726], [1732, 726], [1733, 726], [1734, 726], [1735, 726], [1736, 726], [981, 727], [982, 727], [987, 727], [988, 727], [994, 727], [995, 727], [997, 727], [998, 727], [999, 727], [1022, 727], [1023, 727], [1024, 727], [1099, 727], [1100, 727], [1102, 727], [1103, 727], [1104, 727], [1105, 727], [1240, 727], [1241, 727], [1242, 727], [1243, 727], [1244, 727], [1245, 727], [1246, 727], [1247, 727], [1248, 727], [1371, 727], [1372, 727], [1373, 727], [1374, 727], [1375, 727], [1376, 727], [1377, 727], [1378, 727], [1400, 727], [1401, 727], [1402, 727], [1403, 727], [1404, 727], [1406, 727], [1407, 727], [1408, 727], [1409, 727], [1733, 727], [1734, 727], [1735, 727], [1736, 727], [1737, 727], [1738, 727], [981, 728], [982, 728], [987, 728], [988, 728], [993, 728], [994, 728], [995, 728], [997, 728], [998, 728], [999, 728], [1017, 728], [1018, 728], [1019, 728], [1020, 728], [1021, 728], [1022, 728], [1023, 728], [1024, 728], [1099, 728], [1100, 728], [1101, 728], [1240, 728], [1241, 728], [1377, 728], [1378, 728], [1379, 728], [1380, 728], [1399, 728], [1400, 728], [1401, 728], [1402, 728], [1403, 728], [1404, 728], [1407, 728], [1408, 728], [1409, 728], [1410, 728], [1735, 728], [1736, 728], [1737, 728], [1738, 728], [1739, 728], [978, 729], [979, 729], [980, 729], [981, 729], [982, 729], [983, 729], [984, 729], [985, 729], [986, 729], [987, 729], [988, 729], [993, 729], [994, 729], [995, 729], [996, 729], [997, 729], [998, 729], [1016, 729], [1017, 729], [1018, 729], [1019, 729], [1020, 729], [1021, 729], [1022, 729], [1023, 729], [1099, 729], [1100, 729], [1101, 729], [1137, 729], [1138, 729], [1139, 729], [1240, 729], [1241, 729], [1272, 729], [1273, 729], [1274, 729], [1275, 729], [1276, 729], [1277, 729], [1377, 729], [1378, 729], [1379, 729], [1380, 729], [1381, 729], [1382, 729], [1398, 729], [1399, 729], [1400, 729], [1401, 729], [1402, 729], [1403, 729], [1404, 729], [1408, 729], [1409, 729], [1410, 729], [1737, 729], [1738, 729], [1739, 729], [1740, 729], [1741, 729], [960, 730], [961, 730], [978, 730], [979, 730], [980, 730], [981, 730], [982, 730], [983, 730], [984, 730], [985, 730], [986, 730], [987, 730], [988, 730], [993, 730], [994, 730], [995, 730], [996, 730], [997, 730], [998, 730], [1016, 730], [1017, 730], [1018, 730], [1099, 730], [1100, 730], [1101, 730], [1123, 730], [1124, 730], [1125, 730], [1126, 730], [1135, 730], [1136, 730], [1137, 730], [1138, 730], [1139, 730], [1140, 730], [1141, 730], [1240, 730], [1241, 730], [1257, 730], [1258, 730], [1259, 730], [1260, 730], [1271, 730], [1272, 730], [1273, 730], [1274, 730], [1275, 730], [1276, 730], [1277, 730], [1278, 730], [1379, 730], [1380, 730], [1381, 730], [1382, 730], [1398, 730], [1399, 730], [1400, 730], [1409, 730], [1410, 730], [1411, 730], [1738, 730], [1739, 730], [1740, 730], [1741, 730], [1742, 730], [960, 731], [961, 731], [978, 731], [979, 731], [980, 731], [981, 731], [984, 731], [985, 731], [986, 731], [987, 731], [993, 731], [994, 731], [995, 731], [996, 731], [997, 731], [1011, 731], [1012, 731], [1013, 731], [1014, 731], [1016, 731], [1017, 731], [1099, 731], [1100, 731], [1121, 731], [1122, 731], [1123, 731], [1124, 731], [1125, 731], [1126, 731], [1127, 731], [1128, 731], [1135, 731], [1136, 731], [1137, 731], [1138, 731], [1139, 731], [1140, 731], [1141, 731], [1142, 731], [1143, 731], [1240, 731], [1241, 731], [1257, 731], [1258, 731], [1259, 731], [1260, 731], [1261, 731], [1271, 731], [1272, 731], [1273, 731], [1276, 731], [1277, 731], [1278, 731], [1279, 731], [1381, 731], [1382, 731], [1383, 731], [1398, 731], [1399, 731], [1400, 731], [1409, 731], [1410, 731], [1411, 731], [1412, 731], [1740, 731], [1741, 731], [1742, 731], [1743, 731], [1744, 731], [960, 732], [961, 732], [978, 732], [979, 732], [980, 732], [981, 732], [992, 732], [993, 732], [995, 732], [996, 732], [1011, 732], [1012, 732], [1013, 732], [1014, 732], [1015, 732], [1016, 732], [1017, 732], [1099, 732], [1100, 732], [1115, 732], [1116, 732], [1117, 732], [1118, 732], [1119, 732], [1120, 732], [1121, 732], [1122, 732], [1123, 732], [1124, 732], [1125, 732], [1126, 732], [1127, 732], [1128, 732], [1134, 732], [1135, 732], [1136, 732], [1140, 732], [1141, 732], [1142, 732], [1143, 732], [1144, 732], [1240, 732], [1241, 732], [1257, 732], [1258, 732], [1260, 732], [1261, 732], [1262, 732], [1271, 732], [1272, 732], [1277, 732], [1278, 732], [1279, 732], [1280, 732], [1381, 732], [1382, 732], [1383, 732], [1399, 732], [1400, 732], [1410, 732], [1411, 732], [1412, 732], [1413, 732], [1741, 732], [1742, 732], [1743, 732], [1744, 732], [1745, 732], [1746, 732], [960, 733], [961, 733], [992, 733], [993, 733], [994, 733], [995, 733], [1011, 733], [1012, 733], [1013, 733], [1014, 733], [1015, 733], [1016, 733], [1017, 733], [1099, 733], [1100, 733], [1114, 733], [1115, 733], [1116, 733], [1117, 733], [1118, 733], [1119, 733], [1120, 733], [1121, 733], [1122, 733], [1127, 733], [1128, 733], [1134, 733], [1135, 733], [1136, 733], [1142, 733], [1143, 733], [1144, 733], [1240, 733], [1241, 733], [1257, 733], [1258, 733], [1259, 733], [1260, 733], [1261, 733], [1262, 733], [1271, 733], [1272, 733], [1278, 733], [1279, 733], [1280, 733], [1382, 733], [1383, 733], [1384, 733], [1399, 733], [1400, 733], [1411, 733], [1412, 733], [1413, 733], [1743, 733], [1744, 733], [1745, 733], [1746, 733], [1747, 733], [1748, 733], [960, 734], [961, 734], [991, 734], [992, 734], [993, 734], [994, 734], [995, 734], [996, 734], [1011, 734], [1012, 734], [1014, 734], [1015, 734], [1016, 734], [1017, 734], [1099, 734], [1100, 734], [1114, 734], [1115, 734], [1116, 734], [1127, 734], [1128, 734], [1134, 734], [1135, 734], [1143, 734], [1144, 734], [1235, 734], [1236, 734], [1237, 734], [1238, 734], [1239, 734], [1240, 734], [1241, 734], [1258, 734], [1259, 734], [1261, 734], [1262, 734], [1271, 734], [1272, 734], [1279, 734], [1280, 734], [1281, 734], [1382, 734], [1383, 734], [1384, 734], [1385, 734], [1398, 734], [1399, 734], [1400, 734], [1412, 734], [1413, 734], [1414, 734], [1745, 734], [1746, 734], [1747, 734], [1748, 734], [1749, 734], [1750, 734], [960, 735], [961, 735], [991, 735], [992, 735], [993, 735], [994, 735], [995, 735], [996, 735], [1011, 735], [1012, 735], [1013, 735], [1014, 735], [1015, 735], [1016, 735], [1017, 735], [1099, 735], [1100, 735], [1114, 735], [1115, 735], [1116, 735], [1127, 735], [1128, 735], [1134, 735], [1135, 735], [1143, 735], [1144, 735], [1145, 735], [1146, 735], [1235, 735], [1236, 735], [1237, 735], [1238, 735], [1239, 735], [1240, 735], [1241, 735], [1258, 735], [1259, 735], [1260, 735], [1261, 735], [1262, 735], [1271, 735], [1272, 735], [1273, 735], [1279, 735], [1280, 735], [1281, 735], [1383, 735], [1384, 735], [1385, 735], [1386, 735], [1397, 735], [1398, 735], [1399, 735], [1400, 735], [1412, 735], [1413, 735], [1414, 735], [1415, 735], [1747, 735], [1748, 735], [1749, 735], [1750, 735], [1751, 735], [960, 736], [961, 736], [990, 736], [991, 736], [992, 736], [995, 736], [996, 736], [1011, 736], [1012, 736], [1013, 736], [1014, 736], [1015, 736], [1016, 736], [1017, 736], [1018, 736], [1019, 736], [1020, 736], [1021, 736], [1022, 736], [1099, 736], [1100, 736], [1114, 736], [1115, 736], [1116, 736], [1117, 736], [1118, 736], [1119, 736], [1127, 736], [1128, 736], [1134, 736], [1135, 736], [1136, 736], [1143, 736], [1144, 736], [1145, 736], [1146, 736], [1234, 736], [1235, 736], [1236, 736], [1258, 736], [1259, 736], [1260, 736], [1261, 736], [1262, 736], [1271, 736], [1272, 736], [1273, 736], [1274, 736], [1280, 736], [1281, 736], [1384, 736], [1385, 736], [1386, 736], [1387, 736], [1397, 736], [1398, 736], [1399, 736], [1413, 736], [1414, 736], [1415, 736], [1416, 736], [1749, 736], [1750, 736], [1751, 736], [1752, 736], [1753, 736], [960, 737], [990, 737], [991, 737], [992, 737], [995, 737], [996, 737], [1016, 737], [1017, 737], [1018, 737], [1019, 737], [1020, 737], [1021, 737], [1022, 737], [1023, 737], [1056, 737], [1057, 737], [1058, 737], [1059, 737], [1060, 737], [1061, 737], [1062, 737], [1063, 737], [1064, 737], [1065, 737], [1066, 737], [1067, 737], [1068, 737], [1069, 737], [1070, 737], [1071, 737], [1087, 737], [1088, 737], [1089, 737], [1098, 737], [1099, 737], [1100, 737], [1115, 737], [1116, 737], [1117, 737], [1118, 737], [1119, 737], [1120, 737], [1121, 737], [1122, 737], [1127, 737], [1128, 737], [1134, 737], [1135, 737], [1136, 737], [1137, 737], [1143, 737], [1144, 737], [1145, 737], [1146, 737], [1234, 737], [1235, 737], [1236, 737], [1259, 737], [1260, 737], [1261, 737], [1262, 737], [1272, 737], [1273, 737], [1274, 737], [1275, 737], [1280, 737], [1281, 737], [1282, 737], [1385, 737], [1386, 737], [1387, 737], [1388, 737], [1395, 737], [1396, 737], [1397, 737], [1398, 737], [1414, 737], [1415, 737], [1416, 737], [1750, 737], [1751, 737], [1752, 737], [1753, 737], [1754, 737], [1755, 737], [960, 738], [990, 738], [991, 738], [994, 738], [995, 738], [996, 738], [1018, 738], [1019, 738], [1020, 738], [1021, 738], [1022, 738], [1023, 738], [1024, 738], [1055, 738], [1056, 738], [1057, 738], [1058, 738], [1059, 738], [1060, 738], [1061, 738], [1062, 738], [1063, 738], [1064, 738], [1065, 738], [1066, 738], [1067, 738], [1068, 738], [1069, 738], [1070, 738], [1071, 738], [1072, 738], [1073, 738], [1074, 738], [1075, 738], [1076, 738], [1077, 738], [1078, 738], [1079, 738], [1080, 738], [1081, 738], [1084, 738], [1085, 738], [1086, 738], [1087, 738], [1088, 738], [1089, 738], [1090, 738], [1091, 738], [1092, 738], [1093, 738], [1094, 738], [1095, 738], [1096, 738], [1097, 738], [1098, 738], [1099, 738], [1100, 738], [1118, 738], [1119, 738], [1120, 738], [1121, 738], [1122, 738], [1123, 738], [1124, 738], [1125, 738], [1126, 738], [1127, 738], [1128, 738], [1135, 738], [1136, 738], [1137, 738], [1138, 738], [1139, 738], [1140, 738], [1141, 738], [1142, 738], [1143, 738], [1144, 738], [1145, 738], [1146, 738], [1233, 738], [1234, 738], [1235, 738], [1273, 738], [1274, 738], [1275, 738], [1276, 738], [1280, 738], [1281, 738], [1282, 738], [1283, 738], [1386, 738], [1387, 738], [1388, 738], [1395, 738], [1396, 738], [1397, 738], [1398, 738], [1415, 738], [1416, 738], [1417, 738], [1752, 738], [1753, 738], [1754, 738], [1755, 738], [1756, 738], [960, 739], [972, 739], [973, 739], [974, 739], [975, 739], [989, 739], [990, 739], [991, 739], [994, 739], [995, 739], [996, 739], [1022, 739], [1023, 739], [1024, 739], [1028, 739], [1029, 739], [1030, 739], [1031, 739], [1032, 739], [1055, 739], [1056, 739], [1057, 739], [1070, 739], [1071, 739], [1072, 739], [1073, 739], [1074, 739], [1075, 739], [1076, 739], [1077, 739], [1078, 739], [1079, 739], [1080, 739], [1081, 739], [1082, 739], [1083, 739], [1084, 739], [1085, 739], [1086, 739], [1087, 739], [1088, 739], [1089, 739], [1090, 739], [1091, 739], [1092, 739], [1093, 739], [1094, 739], [1095, 739], [1096, 739], [1097, 739], [1098, 739], [1099, 739], [1121, 739], [1122, 739], [1123, 739], [1124, 739], [1125, 739], [1126, 739], [1127, 739], [1128, 739], [1136, 739], [1137, 739], [1138, 739], [1139, 739], [1140, 739], [1141, 739], [1142, 739], [1143, 739], [1144, 739], [1233, 739], [1234, 739], [1235, 739], [1236, 739], [1237, 739], [1238, 739], [1239, 739], [1240, 739], [1241, 739], [1242, 739], [1274, 739], [1275, 739], [1276, 739], [1277, 739], [1281, 739], [1282, 739], [1283, 739], [1284, 739], [1285, 739], [1387, 739], [1388, 739], [1389, 739], [1395, 739], [1396, 739], [1405, 739], [1406, 739], [1407, 739], [1415, 739], [1416, 739], [1417, 739], [1418, 739], [1754, 739], [1755, 739], [1756, 739], [1757, 739], [960, 740], [971, 740], [972, 740], [973, 740], [974, 740], [975, 740], [976, 740], [989, 740], [990, 740], [991, 740], [994, 740], [995, 740], [996, 740], [1006, 740], [1007, 740], [1008, 740], [1009, 740], [1023, 740], [1024, 740], [1028, 740], [1029, 740], [1030, 740], [1031, 740], [1032, 740], [1033, 740], [1055, 740], [1056, 740], [1080, 740], [1081, 740], [1082, 740], [1083, 740], [1084, 740], [1085, 740], [1093, 740], [1094, 740], [1095, 740], [1096, 740], [1233, 740], [1234, 740], [1235, 740], [1236, 740], [1237, 740], [1238, 740], [1239, 740], [1240, 740], [1241, 740], [1242, 740], [1243, 740], [1275, 740], [1276, 740], [1277, 740], [1282, 740], [1283, 740], [1284, 740], [1285, 740], [1286, 740], [1337, 740], [1338, 740], [1339, 740], [1340, 740], [1342, 740], [1343, 740], [1344, 740], [1387, 740], [1388, 740], [1389, 740], [1390, 740], [1395, 740], [1396, 740], [1405, 740], [1406, 740], [1407, 740], [1408, 740], [1409, 740], [1416, 740], [1417, 740], [1418, 740], [1419, 740], [1755, 740], [1756, 740], [1757, 740], [1758, 740], [1759, 740], [971, 741], [972, 741], [973, 741], [974, 741], [975, 741], [976, 741], [977, 741], [988, 741], [989, 741], [990, 741], [994, 741], [995, 741], [996, 741], [1000, 741], [1001, 741], [1002, 741], [1003, 741], [1004, 741], [1006, 741], [1007, 741], [1008, 741], [1009, 741], [1010, 741], [1023, 741], [1024, 741], [1026, 741], [1027, 741], [1028, 741], [1029, 741], [1031, 741], [1032, 741], [1033, 741], [1034, 741], [1055, 741], [1056, 741], [1234, 741], [1235, 741], [1236, 741], [1237, 741], [1241, 741], [1242, 741], [1243, 741], [1244, 741], [1276, 741], [1277, 741], [1278, 741], [1279, 741], [1280, 741], [1282, 741], [1283, 741], [1284, 741], [1285, 741], [1286, 741], [1337, 741], [1338, 741], [1339, 741], [1340, 741], [1341, 741], [1342, 741], [1343, 741], [1344, 741], [1345, 741], [1388, 741], [1389, 741], [1390, 741], [1391, 741], [1395, 741], [1396, 741], [1397, 741], [1405, 741], [1407, 741], [1408, 741], [1409, 741], [1417, 741], [1418, 741], [1419, 741], [1420, 741], [1756, 741], [1757, 741], [1758, 741], [1759, 741], [1760, 741], [971, 742], [972, 742], [975, 742], [976, 742], [977, 742], [988, 742], [989, 742], [990, 742], [995, 742], [996, 742], [999, 742], [1000, 742], [1001, 742], [1002, 742], [1003, 742], [1004, 742], [1006, 742], [1007, 742], [1008, 742], [1009, 742], [1010, 742], [1023, 742], [1024, 742], [1025, 742], [1026, 742], [1027, 742], [1028, 742], [1029, 742], [1032, 742], [1033, 742], [1034, 742], [1040, 742], [1041, 742], [1042, 742], [1043, 742], [1055, 742], [1056, 742], [1242, 742], [1243, 742], [1244, 742], [1276, 742], [1277, 742], [1278, 742], [1279, 742], [1280, 742], [1281, 742], [1282, 742], [1283, 742], [1284, 742], [1285, 742], [1286, 742], [1337, 742], [1338, 742], [1339, 742], [1340, 742], [1341, 742], [1342, 742], [1344, 742], [1345, 742], [1389, 742], [1390, 742], [1391, 742], [1392, 742], [1393, 742], [1394, 742], [1395, 742], [1396, 742], [1397, 742], [1405, 742], [1407, 742], [1408, 742], [1409, 742], [1410, 742], [1418, 742], [1419, 742], [1420, 742], [1421, 742], [1758, 742], [1759, 742], [1760, 742], [1761, 742], [1762, 742], [971, 743], [972, 743], [975, 743], [976, 743], [977, 743], [988, 743], [989, 743], [995, 743], [996, 743], [998, 743], [999, 743], [1000, 743], [1001, 743], [1002, 743], [1003, 743], [1004, 743], [1006, 743], [1007, 743], [1008, 743], [1009, 743], [1010, 743], [1023, 743], [1024, 743], [1025, 743], [1026, 743], [1027, 743], [1033, 743], [1034, 743], [1040, 743], [1041, 743], [1042, 743], [1043, 743], [1055, 743], [1056, 743], [1243, 743], [1244, 743], [1245, 743], [1279, 743], [1280, 743], [1281, 743], [1282, 743], [1283, 743], [1337, 743], [1338, 743], [1339, 743], [1340, 743], [1341, 743], [1342, 743], [1343, 743], [1344, 743], [1345, 743], [1390, 743], [1391, 743], [1392, 743], [1393, 743], [1394, 743], [1396, 743], [1397, 743], [1398, 743], [1404, 743], [1405, 743], [1406, 743], [1407, 743], [1408, 743], [1409, 743], [1410, 743], [1419, 743], [1420, 743], [1421, 743], [1759, 743], [1760, 743], [1761, 743], [1762, 743], [1763, 743], [971, 744], [972, 744], [975, 744], [976, 744], [988, 744], [989, 744], [995, 744], [996, 744], [997, 744], [998, 744], [999, 744], [1000, 744], [1001, 744], [1002, 744], [1003, 744], [1004, 744], [1023, 744], [1024, 744], [1025, 744], [1026, 744], [1033, 744], [1034, 744], [1040, 744], [1041, 744], [1042, 744], [1043, 744], [1054, 744], [1055, 744], [1056, 744], [1243, 744], [1244, 744], [1245, 744], [1337, 744], [1338, 744], [1339, 744], [1340, 744], [1342, 744], [1343, 744], [1344, 744], [1345, 744], [1393, 744], [1394, 744], [1395, 744], [1396, 744], [1397, 744], [1398, 744], [1404, 744], [1405, 744], [1406, 744], [1407, 744], [1408, 744], [1409, 744], [1410, 744], [1411, 744], [1420, 744], [1421, 744], [1422, 744], [1761, 744], [1762, 744], [1763, 744], [1764, 744], [1765, 744], [971, 745], [972, 745], [974, 745], [975, 745], [976, 745], [982, 745], [983, 745], [984, 745], [988, 745], [989, 745], [995, 745], [996, 745], [997, 745], [999, 745], [1000, 745], [1001, 745], [1002, 745], [1003, 745], [1033, 745], [1034, 745], [1040, 745], [1041, 745], [1042, 745], [1043, 745], [1054, 745], [1055, 745], [1056, 745], [1244, 745], [1245, 745], [1310, 745], [1311, 745], [1312, 745], [1313, 745], [1314, 745], [1315, 745], [1337, 745], [1338, 745], [1339, 745], [1340, 745], [1342, 745], [1343, 745], [1344, 745], [1345, 745], [1346, 745], [1393, 745], [1394, 745], [1395, 745], [1397, 745], [1398, 745], [1399, 745], [1400, 745], [1404, 745], [1405, 745], [1406, 745], [1407, 745], [1408, 745], [1409, 745], [1410, 745], [1411, 745], [1412, 745], [1413, 745], [1420, 745], [1421, 745], [1422, 745], [1423, 745], [1762, 745], [1763, 745], [1764, 745], [1765, 745], [1766, 745], [971, 746], [972, 746], [973, 746], [974, 746], [975, 746], [976, 746], [981, 746], [982, 746], [983, 746], [984, 746], [988, 746], [989, 746], [996, 746], [997, 746], [998, 746], [999, 746], [1033, 746], [1034, 746], [1035, 746], [1040, 746], [1041, 746], [1042, 746], [1043, 746], [1044, 746], [1054, 746], [1055, 746], [1244, 746], [1245, 746], [1246, 746], [1309, 746], [1310, 746], [1311, 746], [1312, 746], [1313, 746], [1314, 746], [1315, 746], [1338, 746], [1340, 746], [1342, 746], [1343, 746], [1344, 746], [1345, 746], [1346, 746], [1394, 746], [1395, 746], [1396, 746], [1397, 746], [1398, 746], [1399, 746], [1400, 746], [1401, 746], [1402, 746], [1403, 746], [1404, 746], [1405, 746], [1410, 746], [1411, 746], [1412, 746], [1413, 746], [1414, 746], [1415, 746], [1421, 746], [1422, 746], [1423, 746], [1424, 746], [1764, 746], [1765, 746], [1766, 746], [1767, 746], [971, 747], [972, 747], [973, 747], [974, 747], [975, 747], [976, 747], [981, 747], [982, 747], [983, 747], [984, 747], [985, 747], [988, 747], [989, 747], [997, 747], [998, 747], [999, 747], [1000, 747], [1033, 747], [1034, 747], [1035, 747], [1039, 747], [1040, 747], [1041, 747], [1042, 747], [1043, 747], [1044, 747], [1054, 747], [1055, 747], [1244, 747], [1245, 747], [1246, 747], [1247, 747], [1308, 747], [1309, 747], [1310, 747], [1311, 747], [1314, 747], [1315, 747], [1316, 747], [1338, 747], [1339, 747], [1340, 747], [1342, 747], [1343, 747], [1345, 747], [1346, 747], [1347, 747], [1376, 747], [1377, 747], [1378, 747], [1379, 747], [1394, 747], [1395, 747], [1396, 747], [1399, 747], [1400, 747], [1401, 747], [1402, 747], [1403, 747], [1404, 747], [1405, 747], [1412, 747], [1413, 747], [1414, 747], [1415, 747], [1422, 747], [1423, 747], [1424, 747], [1425, 747], [1765, 747], [1766, 747], [1767, 747], [1768, 747], [1769, 747], [972, 748], [973, 748], [975, 748], [976, 748], [980, 748], [981, 748], [982, 748], [983, 748], [984, 748], [985, 748], [987, 748], [988, 748], [989, 748], [991, 748], [992, 748], [993, 748], [994, 748], [998, 748], [999, 748], [1000, 748], [1034, 748], [1035, 748], [1038, 748], [1039, 748], [1040, 748], [1041, 748], [1043, 748], [1044, 748], [1054, 748], [1055, 748], [1245, 748], [1246, 748], [1247, 748], [1248, 748], [1308, 748], [1309, 748], [1310, 748], [1314, 748], [1315, 748], [1316, 748], [1317, 748], [1342, 748], [1343, 748], [1344, 748], [1345, 748], [1346, 748], [1347, 748], [1370, 748], [1371, 748], [1372, 748], [1373, 748], [1376, 748], [1377, 748], [1378, 748], [1379, 748], [1380, 748], [1395, 748], [1396, 748], [1397, 748], [1399, 748], [1400, 748], [1401, 748], [1402, 748], [1414, 748], [1415, 748], [1416, 748], [1417, 748], [1423, 748], [1424, 748], [1425, 748], [1766, 748], [1767, 748], [1768, 748], [1769, 748], [1770, 748], [972, 749], [973, 749], [975, 749], [976, 749], [977, 749], [979, 749], [980, 749], [981, 749], [982, 749], [984, 749], [985, 749], [986, 749], [987, 749], [988, 749], [989, 749], [991, 749], [992, 749], [993, 749], [994, 749], [998, 749], [999, 749], [1000, 749], [1034, 749], [1035, 749], [1038, 749], [1039, 749], [1040, 749], [1043, 749], [1044, 749], [1054, 749], [1055, 749], [1246, 749], [1247, 749], [1248, 749], [1249, 749], [1308, 749], [1309, 749], [1315, 749], [1316, 749], [1317, 749], [1342, 749], [1343, 749], [1344, 749], [1346, 749], [1347, 749], [1348, 749], [1369, 749], [1370, 749], [1371, 749], [1372, 749], [1373, 749], [1374, 749], [1375, 749], [1376, 749], [1377, 749], [1379, 749], [1380, 749], [1395, 749], [1396, 749], [1397, 749], [1414, 749], [1415, 749], [1416, 749], [1417, 749], [1418, 749], [1424, 749], [1425, 749], [1426, 749], [1768, 749], [1769, 749], [1770, 749], [1771, 749], [1772, 749], [972, 750], [973, 750], [975, 750], [976, 750], [977, 750], [978, 750], [979, 750], [980, 750], [981, 750], [984, 750], [985, 750], [986, 750], [987, 750], [988, 750], [990, 750], [991, 750], [992, 750], [993, 750], [994, 750], [995, 750], [997, 750], [998, 750], [999, 750], [1034, 750], [1035, 750], [1038, 750], [1039, 750], [1043, 750], [1044, 750], [1045, 750], [1054, 750], [1055, 750], [1247, 750], [1248, 750], [1249, 750], [1308, 750], [1309, 750], [1316, 750], [1317, 750], [1318, 750], [1327, 750], [1328, 750], [1329, 750], [1343, 750], [1344, 750], [1346, 750], [1347, 750], [1348, 750], [1369, 750], [1370, 750], [1371, 750], [1372, 750], [1373, 750], [1374, 750], [1375, 750], [1376, 750], [1377, 750], [1378, 750], [1379, 750], [1380, 750], [1396, 750], [1397, 750], [1416, 750], [1417, 750], [1418, 750], [1419, 750], [1424, 750], [1425, 750], [1426, 750], [1427, 750], [1769, 750], [1770, 750], [1771, 750], [1772, 750], [1773, 750], [1774, 750], [972, 751], [973, 751], [974, 751], [976, 751], [977, 751], [978, 751], [979, 751], [980, 751], [984, 751], [985, 751], [986, 751], [987, 751], [990, 751], [991, 751], [992, 751], [993, 751], [994, 751], [995, 751], [997, 751], [998, 751], [999, 751], [1034, 751], [1035, 751], [1038, 751], [1039, 751], [1043, 751], [1044, 751], [1045, 751], [1054, 751], [1055, 751], [1248, 751], [1249, 751], [1308, 751], [1309, 751], [1316, 751], [1317, 751], [1318, 751], [1319, 751], [1327, 751], [1329, 751], [1343, 751], [1344, 751], [1345, 751], [1347, 751], [1348, 751], [1369, 751], [1370, 751], [1371, 751], [1375, 751], [1376, 751], [1377, 751], [1378, 751], [1379, 751], [1380, 751], [1396, 751], [1397, 751], [1417, 751], [1418, 751], [1419, 751], [1420, 751], [1421, 751], [1422, 751], [1423, 751], [1424, 751], [1425, 751], [1426, 751], [1427, 751], [1428, 751], [1771, 751], [1772, 751], [1773, 751], [1774, 751], [1775, 751], [1776, 751], [972, 752], [973, 752], [974, 752], [975, 752], [990, 752], [991, 752], [994, 752], [995, 752], [996, 752], [997, 752], [998, 752], [1034, 752], [1035, 752], [1037, 752], [1038, 752], [1039, 752], [1044, 752], [1045, 752], [1054, 752], [1055, 752], [1248, 752], [1249, 752], [1259, 752], [1260, 752], [1261, 752], [1262, 752], [1263, 752], [1308, 752], [1309, 752], [1317, 752], [1318, 752], [1319, 752], [1320, 752], [1327, 752], [1328, 752], [1329, 752], [1343, 752], [1344, 752], [1345, 752], [1346, 752], [1347, 752], [1348, 752], [1369, 752], [1370, 752], [1371, 752], [1374, 752], [1375, 752], [1376, 752], [1377, 752], [1378, 752], [1379, 752], [1380, 752], [1396, 752], [1397, 752], [1398, 752], [1418, 752], [1419, 752], [1420, 752], [1421, 752], [1422, 752], [1423, 752], [1424, 752], [1425, 752], [1426, 752], [1427, 752], [1428, 752], [1429, 752], [1773, 752], [1774, 752], [1775, 752], [1776, 752], [1777, 752], [1778, 752], [973, 753], [974, 753], [975, 753], [976, 753], [979, 753], [980, 753], [981, 753], [990, 753], [991, 753], [994, 753], [995, 753], [996, 753], [997, 753], [998, 753], [1034, 753], [1035, 753], [1037, 753], [1038, 753], [1039, 753], [1044, 753], [1045, 753], [1046, 753], [1054, 753], [1055, 753], [1248, 753], [1249, 753], [1259, 753], [1260, 753], [1261, 753], [1262, 753], [1263, 753], [1264, 753], [1265, 753], [1270, 753], [1271, 753], [1272, 753], [1273, 753], [1308, 753], [1309, 753], [1318, 753], [1319, 753], [1320, 753], [1321, 753], [1344, 753], [1345, 753], [1346, 753], [1347, 753], [1348, 753], [1349, 753], [1370, 753], [1371, 753], [1373, 753], [1374, 753], [1375, 753], [1376, 753], [1377, 753], [1378, 753], [1379, 753], [1380, 753], [1396, 753], [1397, 753], [1398, 753], [1423, 753], [1424, 753], [1425, 753], [1426, 753], [1427, 753], [1428, 753], [1429, 753], [1775, 753], [1776, 753], [1777, 753], [1778, 753], [1779, 753], [974, 754], [975, 754], [976, 754], [977, 754], [978, 754], [979, 754], [980, 754], [981, 754], [990, 754], [991, 754], [994, 754], [995, 754], [996, 754], [997, 754], [1034, 754], [1035, 754], [1036, 754], [1037, 754], [1038, 754], [1044, 754], [1045, 754], [1046, 754], [1047, 754], [1054, 754], [1055, 754], [1248, 754], [1249, 754], [1250, 754], [1258, 754], [1259, 754], [1260, 754], [1262, 754], [1263, 754], [1264, 754], [1265, 754], [1266, 754], [1270, 754], [1271, 754], [1272, 754], [1273, 754], [1307, 754], [1308, 754], [1309, 754], [1319, 754], [1320, 754], [1321, 754], [1322, 754], [1323, 754], [1345, 754], [1346, 754], [1348, 754], [1349, 754], [1370, 754], [1371, 754], [1372, 754], [1373, 754], [1374, 754], [1376, 754], [1377, 754], [1378, 754], [1379, 754], [1380, 754], [1397, 754], [1398, 754], [1399, 754], [1424, 754], [1425, 754], [1426, 754], [1428, 754], [1429, 754], [1430, 754], [1777, 754], [1778, 754], [1779, 754], [1780, 754], [1781, 754], [975, 755], [976, 755], [977, 755], [978, 755], [979, 755], [980, 755], [981, 755], [990, 755], [991, 755], [1034, 755], [1035, 755], [1036, 755], [1037, 755], [1038, 755], [1045, 755], [1046, 755], [1047, 755], [1048, 755], [1053, 755], [1054, 755], [1055, 755], [1248, 755], [1249, 755], [1250, 755], [1258, 755], [1259, 755], [1260, 755], [1264, 755], [1265, 755], [1266, 755], [1267, 755], [1269, 755], [1270, 755], [1271, 755], [1272, 755], [1273, 755], [1274, 755], [1291, 755], [1292, 755], [1293, 755], [1305, 755], [1306, 755], [1307, 755], [1308, 755], [1309, 755], [1320, 755], [1321, 755], [1322, 755], [1323, 755], [1324, 755], [1345, 755], [1346, 755], [1347, 755], [1348, 755], [1349, 755], [1370, 755], [1371, 755], [1372, 755], [1373, 755], [1374, 755], [1375, 755], [1376, 755], [1377, 755], [1378, 755], [1379, 755], [1380, 755], [1397, 755], [1398, 755], [1399, 755], [1400, 755], [1425, 755], [1426, 755], [1427, 755], [1428, 755], [1429, 755], [1430, 755], [1431, 755], [1778, 755], [1779, 755], [1780, 755], [1781, 755], [1782, 755], [1783, 755], [977, 756], [978, 756], [979, 756], [980, 756], [981, 756], [990, 756], [991, 756], [1034, 756], [1035, 756], [1036, 756], [1037, 756], [1046, 756], [1047, 756], [1048, 756], [1049, 756], [1052, 756], [1053, 756], [1054, 756], [1055, 756], [1249, 756], [1250, 756], [1258, 756], [1259, 756], [1265, 756], [1266, 756], [1267, 756], [1268, 756], [1269, 756], [1270, 756], [1271, 756], [1272, 756], [1273, 756], [1274, 756], [1290, 756], [1291, 756], [1292, 756], [1293, 756], [1294, 756], [1305, 756], [1306, 756], [1307, 756], [1308, 756], [1322, 756], [1323, 756], [1324, 756], [1346, 756], [1347, 756], [1348, 756], [1349, 756], [1371, 756], [1372, 756], [1373, 756], [1374, 756], [1375, 756], [1376, 756], [1377, 756], [1378, 756], [1379, 756], [1380, 756], [1398, 756], [1399, 756], [1400, 756], [1401, 756], [1425, 756], [1426, 756], [1427, 756], [1429, 756], [1430, 756], [1431, 756], [1780, 756], [1781, 756], [1782, 756], [1783, 756], [1784, 756], [1785, 756], [976, 757], [977, 757], [978, 757], [979, 757], [989, 757], [990, 757], [991, 757], [1047, 757], [1048, 757], [1049, 757], [1051, 757], [1052, 757], [1053, 757], [1054, 757], [1249, 757], [1250, 757], [1258, 757], [1259, 757], [1266, 757], [1267, 757], [1268, 757], [1269, 757], [1270, 757], [1273, 757], [1274, 757], [1275, 757], [1290, 757], [1291, 757], [1292, 757], [1293, 757], [1294, 757], [1305, 757], [1306, 757], [1323, 757], [1324, 757], [1371, 757], [1372, 757], [1373, 757], [1374, 757], [1379, 757], [1380, 757], [1381, 757], [1382, 757], [1383, 757], [1384, 757], [1399, 757], [1400, 757], [1401, 757], [1426, 757], [1427, 757], [1430, 757], [1431, 757], [1432, 757], [1782, 757], [1783, 757], [1784, 757], [1785, 757], [1786, 757], [1787, 757], [976, 758], [977, 758], [978, 758], [989, 758], [990, 758], [991, 758], [1048, 758], [1049, 758], [1050, 758], [1051, 758], [1052, 758], [1053, 758], [1249, 758], [1250, 758], [1251, 758], [1258, 758], [1259, 758], [1260, 758], [1267, 758], [1268, 758], [1269, 758], [1270, 758], [1273, 758], [1274, 758], [1275, 758], [1290, 758], [1291, 758], [1293, 758], [1294, 758], [1295, 758], [1305, 758], [1306, 758], [1309, 758], [1310, 758], [1311, 758], [1312, 758], [1313, 758], [1323, 758], [1324, 758], [1325, 758], [1371, 758], [1372, 758], [1373, 758], [1374, 758], [1375, 758], [1376, 758], [1378, 758], [1379, 758], [1380, 758], [1381, 758], [1382, 758], [1383, 758], [1384, 758], [1385, 758], [1400, 758], [1401, 758], [1402, 758], [1426, 758], [1427, 758], [1430, 758], [1431, 758], [1432, 758], [1433, 758], [1784, 758], [1785, 758], [1786, 758], [1787, 758], [1788, 758], [975, 759], [976, 759], [977, 759], [988, 759], [989, 759], [990, 759], [1048, 759], [1049, 759], [1050, 759], [1051, 759], [1052, 759], [1249, 759], [1250, 759], [1251, 759], [1258, 759], [1259, 759], [1260, 759], [1267, 759], [1268, 759], [1269, 759], [1274, 759], [1275, 759], [1276, 759], [1290, 759], [1291, 759], [1293, 759], [1294, 759], [1295, 759], [1296, 759], [1297, 759], [1298, 759], [1305, 759], [1306, 759], [1307, 759], [1308, 759], [1309, 759], [1310, 759], [1311, 759], [1312, 759], [1313, 759], [1314, 759], [1315, 759], [1323, 759], [1324, 759], [1325, 759], [1373, 759], [1374, 759], [1375, 759], [1376, 759], [1377, 759], [1378, 759], [1379, 759], [1380, 759], [1381, 759], [1382, 759], [1383, 759], [1384, 759], [1385, 759], [1400, 759], [1401, 759], [1402, 759], [1403, 759], [1426, 759], [1427, 759], [1431, 759], [1432, 759], [1433, 759], [1786, 759], [1787, 759], [1788, 759], [1789, 759], [1790, 759], [975, 760], [976, 760], [977, 760], [987, 760], [988, 760], [989, 760], [990, 760], [1045, 760], [1046, 760], [1047, 760], [1048, 760], [1049, 760], [1050, 760], [1051, 760], [1052, 760], [1250, 760], [1251, 760], [1259, 760], [1260, 760], [1261, 760], [1262, 760], [1274, 760], [1275, 760], [1276, 760], [1290, 760], [1291, 760], [1294, 760], [1295, 760], [1296, 760], [1297, 760], [1298, 760], [1299, 760], [1305, 760], [1306, 760], [1307, 760], [1308, 760], [1309, 760], [1310, 760], [1312, 760], [1313, 760], [1314, 760], [1315, 760], [1316, 760], [1317, 760], [1324, 760], [1325, 760], [1326, 760], [1375, 760], [1376, 760], [1377, 760], [1378, 760], [1379, 760], [1381, 760], [1382, 760], [1383, 760], [1384, 760], [1385, 760], [1401, 760], [1402, 760], [1403, 760], [1425, 760], [1426, 760], [1427, 760], [1432, 760], [1433, 760], [1434, 760], [1787, 760], [1788, 760], [1789, 760], [1790, 760], [1791, 760], [1792, 760], [975, 761], [976, 761], [986, 761], [987, 761], [988, 761], [989, 761], [1045, 761], [1047, 761], [1048, 761], [1049, 761], [1050, 761], [1051, 761], [1250, 761], [1251, 761], [1259, 761], [1260, 761], [1261, 761], [1262, 761], [1263, 761], [1275, 761], [1276, 761], [1290, 761], [1291, 761], [1297, 761], [1298, 761], [1299, 761], [1314, 761], [1315, 761], [1316, 761], [1317, 761], [1318, 761], [1324, 761], [1325, 761], [1326, 761], [1381, 761], [1382, 761], [1383, 761], [1384, 761], [1385, 761], [1402, 761], [1403, 761], [1404, 761], [1424, 761], [1425, 761], [1426, 761], [1427, 761], [1432, 761], [1433, 761], [1434, 761], [1435, 761], [1789, 761], [1790, 761], [1791, 761], [1792, 761], [1793, 761], [975, 762], [976, 762], [985, 762], [986, 762], [987, 762], [988, 762], [1045, 762], [1046, 762], [1047, 762], [1048, 762], [1049, 762], [1050, 762], [1051, 762], [1250, 762], [1251, 762], [1252, 762], [1261, 762], [1262, 762], [1263, 762], [1264, 762], [1268, 762], [1269, 762], [1270, 762], [1271, 762], [1275, 762], [1276, 762], [1290, 762], [1291, 762], [1292, 762], [1298, 762], [1299, 762], [1300, 762], [1316, 762], [1317, 762], [1318, 762], [1319, 762], [1324, 762], [1325, 762], [1326, 762], [1386, 762], [1387, 762], [1388, 762], [1402, 762], [1403, 762], [1404, 762], [1405, 762], [1424, 762], [1425, 762], [1426, 762], [1427, 762], [1428, 762], [1433, 762], [1434, 762], [1435, 762], [1436, 762], [1791, 762], [1792, 762], [1793, 762], [1794, 762], [1795, 762], [975, 763], [976, 763], [985, 763], [986, 763], [987, 763], [1047, 763], [1048, 763], [1049, 763], [1050, 763], [1051, 763], [1250, 763], [1251, 763], [1252, 763], [1262, 763], [1263, 763], [1264, 763], [1265, 763], [1267, 763], [1268, 763], [1269, 763], [1270, 763], [1271, 763], [1272, 763], [1274, 763], [1275, 763], [1276, 763], [1290, 763], [1291, 763], [1292, 763], [1298, 763], [1299, 763], [1300, 763], [1317, 763], [1318, 763], [1319, 763], [1324, 763], [1325, 763], [1326, 763], [1327, 763], [1386, 763], [1387, 763], [1388, 763], [1389, 763], [1403, 763], [1404, 763], [1405, 763], [1417, 763], [1418, 763], [1419, 763], [1424, 763], [1425, 763], [1426, 763], [1427, 763], [1428, 763], [1434, 763], [1435, 763], [1436, 763], [1792, 763], [1793, 763], [1794, 763], [1795, 763], [1796, 763], [1797, 763], [975, 764], [976, 764], [985, 764], [986, 764], [1047, 764], [1048, 764], [1049, 764], [1050, 764], [1051, 764], [1251, 764], [1252, 764], [1263, 764], [1264, 764], [1265, 764], [1266, 764], [1267, 764], [1268, 764], [1269, 764], [1270, 764], [1271, 764], [1272, 764], [1273, 764], [1274, 764], [1275, 764], [1276, 764], [1291, 764], [1292, 764], [1293, 764], [1299, 764], [1300, 764], [1318, 764], [1319, 764], [1320, 764], [1325, 764], [1326, 764], [1327, 764], [1385, 764], [1386, 764], [1387, 764], [1388, 764], [1389, 764], [1404, 764], [1405, 764], [1406, 764], [1416, 764], [1417, 764], [1418, 764], [1419, 764], [1420, 764], [1421, 764], [1427, 764], [1428, 764], [1435, 764], [1436, 764], [1437, 764], [1794, 764], [1795, 764], [1796, 764], [1797, 764], [1798, 764], [1799, 764], [1800, 764], [975, 765], [976, 765], [977, 765], [984, 765], [985, 765], [986, 765], [1048, 765], [1049, 765], [1050, 765], [1251, 765], [1252, 765], [1253, 765], [1264, 765], [1265, 765], [1266, 765], [1267, 765], [1268, 765], [1271, 765], [1272, 765], [1273, 765], [1274, 765], [1275, 765], [1291, 765], [1292, 765], [1293, 765], [1294, 765], [1299, 765], [1300, 765], [1301, 765], [1318, 765], [1319, 765], [1320, 765], [1321, 765], [1326, 765], [1327, 765], [1385, 765], [1386, 765], [1387, 765], [1388, 765], [1389, 765], [1390, 765], [1404, 765], [1405, 765], [1406, 765], [1407, 765], [1415, 765], [1416, 765], [1417, 765], [1418, 765], [1419, 765], [1420, 765], [1421, 765], [1427, 765], [1428, 765], [1429, 765], [1435, 765], [1436, 765], [1437, 765], [1796, 765], [1797, 765], [1798, 765], [1799, 765], [1800, 765], [1801, 765], [1802, 765], [975, 766], [976, 766], [977, 766], [978, 766], [979, 766], [980, 766], [984, 766], [985, 766], [986, 766], [1024, 766], [1025, 766], [1026, 766], [1027, 766], [1028, 766], [1029, 766], [1251, 766], [1252, 766], [1253, 766], [1272, 766], [1273, 766], [1274, 766], [1275, 766], [1292, 766], [1293, 766], [1294, 766], [1299, 766], [1300, 766], [1301, 766], [1319, 766], [1320, 766], [1321, 766], [1322, 766], [1325, 766], [1326, 766], [1327, 766], [1385, 766], [1386, 766], [1388, 766], [1389, 766], [1390, 766], [1391, 766], [1405, 766], [1406, 766], [1407, 766], [1415, 766], [1416, 766], [1417, 766], [1418, 766], [1419, 766], [1420, 766], [1421, 766], [1427, 766], [1428, 766], [1429, 766], [1430, 766], [1431, 766], [1436, 766], [1437, 766], [1438, 766], [1799, 766], [1800, 766], [1801, 766], [1802, 766], [1803, 766], [1804, 766], [976, 767], [977, 767], [978, 767], [979, 767], [980, 767], [981, 767], [984, 767], [985, 767], [1023, 767], [1024, 767], [1025, 767], [1026, 767], [1027, 767], [1028, 767], [1029, 767], [1030, 767], [1252, 767], [1253, 767], [1293, 767], [1294, 767], [1300, 767], [1301, 767], [1302, 767], [1303, 767], [1304, 767], [1320, 767], [1321, 767], [1322, 767], [1325, 767], [1326, 767], [1327, 767], [1328, 767], [1329, 767], [1385, 767], [1386, 767], [1389, 767], [1390, 767], [1391, 767], [1395, 767], [1396, 767], [1397, 767], [1398, 767], [1399, 767], [1400, 767], [1403, 767], [1404, 767], [1405, 767], [1406, 767], [1407, 767], [1415, 767], [1416, 767], [1417, 767], [1418, 767], [1419, 767], [1420, 767], [1421, 767], [1428, 767], [1429, 767], [1430, 767], [1431, 767], [1436, 767], [1437, 767], [1438, 767], [1439, 767], [1801, 767], [1802, 767], [1803, 767], [1804, 767], [1805, 767], [1806, 767], [979, 768], [980, 768], [981, 768], [982, 768], [983, 768], [984, 768], [985, 768], [1018, 768], [1019, 768], [1020, 768], [1021, 768], [1022, 768], [1023, 768], [1024, 768], [1025, 768], [1028, 768], [1029, 768], [1030, 768], [1037, 768], [1038, 768], [1039, 768], [1040, 768], [1252, 768], [1253, 768], [1254, 768], [1293, 768], [1294, 768], [1295, 768], [1300, 768], [1301, 768], [1302, 768], [1303, 768], [1304, 768], [1305, 768], [1320, 768], [1321, 768], [1322, 768], [1325, 768], [1326, 768], [1327, 768], [1328, 768], [1329, 768], [1330, 768], [1385, 768], [1386, 768], [1390, 768], [1391, 768], [1392, 768], [1393, 768], [1394, 768], [1395, 768], [1396, 768], [1397, 768], [1398, 768], [1399, 768], [1400, 768], [1401, 768], [1402, 768], [1403, 768], [1404, 768], [1405, 768], [1406, 768], [1407, 768], [1430, 768], [1431, 768], [1432, 768], [1437, 768], [1438, 768], [1439, 768], [1440, 768], [1803, 768], [1804, 768], [1805, 768], [1806, 768], [1807, 768], [1808, 768], [1809, 768], [980, 769], [981, 769], [982, 769], [983, 769], [984, 769], [985, 769], [1016, 769], [1017, 769], [1018, 769], [1019, 769], [1020, 769], [1021, 769], [1022, 769], [1023, 769], [1024, 769], [1025, 769], [1029, 769], [1030, 769], [1037, 769], [1038, 769], [1039, 769], [1040, 769], [1252, 769], [1253, 769], [1254, 769], [1293, 769], [1294, 769], [1295, 769], [1303, 769], [1304, 769], [1305, 769], [1306, 769], [1320, 769], [1321, 769], [1322, 769], [1328, 769], [1329, 769], [1330, 769], [1354, 769], [1355, 769], [1356, 769], [1357, 769], [1385, 769], [1386, 769], [1390, 769], [1391, 769], [1392, 769], [1393, 769], [1394, 769], [1395, 769], [1396, 769], [1399, 769], [1400, 769], [1401, 769], [1402, 769], [1403, 769], [1404, 769], [1430, 769], [1431, 769], [1432, 769], [1433, 769], [1434, 769], [1438, 769], [1439, 769], [1440, 769], [1441, 769], [1805, 769], [1806, 769], [1807, 769], [1808, 769], [1809, 769], [1810, 769], [1811, 769], [1014, 770], [1015, 770], [1016, 770], [1017, 770], [1018, 770], [1019, 770], [1020, 770], [1021, 770], [1022, 770], [1023, 770], [1024, 770], [1025, 770], [1029, 770], [1030, 770], [1037, 770], [1038, 770], [1039, 770], [1040, 770], [1253, 770], [1254, 770], [1255, 770], [1268, 770], [1269, 770], [1270, 770], [1294, 770], [1295, 770], [1304, 770], [1305, 770], [1306, 770], [1320, 770], [1321, 770], [1322, 770], [1329, 770], [1330, 770], [1354, 770], [1355, 770], [1356, 770], [1357, 770], [1358, 770], [1385, 770], [1386, 770], [1387, 770], [1391, 770], [1392, 770], [1393, 770], [1394, 770], [1431, 770], [1432, 770], [1433, 770], [1434, 770], [1435, 770], [1439, 770], [1440, 770], [1441, 770], [1808, 770], [1809, 770], [1810, 770], [1811, 770], [1812, 770], [1813, 770], [1814, 770], [1014, 771], [1015, 771], [1016, 771], [1017, 771], [1021, 771], [1022, 771], [1023, 771], [1024, 771], [1025, 771], [1029, 771], [1030, 771], [1037, 771], [1038, 771], [1039, 771], [1040, 771], [1253, 771], [1254, 771], [1255, 771], [1268, 771], [1269, 771], [1270, 771], [1294, 771], [1295, 771], [1296, 771], [1305, 771], [1306, 771], [1307, 771], [1321, 771], [1322, 771], [1323, 771], [1329, 771], [1330, 771], [1354, 771], [1355, 771], [1356, 771], [1357, 771], [1358, 771], [1385, 771], [1386, 771], [1387, 771], [1388, 771], [1433, 771], [1434, 771], [1435, 771], [1436, 771], [1437, 771], [1440, 771], [1441, 771], [1442, 771], [1810, 771], [1811, 771], [1812, 771], [1813, 771], [1814, 771], [1815, 771], [1013, 772], [1014, 772], [1015, 772], [1021, 772], [1022, 772], [1023, 772], [1024, 772], [1025, 772], [1029, 772], [1030, 772], [1038, 772], [1039, 772], [1040, 772], [1254, 772], [1255, 772], [1256, 772], [1268, 772], [1270, 772], [1294, 772], [1295, 772], [1296, 772], [1297, 772], [1305, 772], [1306, 772], [1307, 772], [1321, 772], [1322, 772], [1323, 772], [1329, 772], [1330, 772], [1354, 772], [1355, 772], [1357, 772], [1358, 772], [1359, 772], [1386, 772], [1387, 772], [1388, 772], [1391, 772], [1392, 772], [1393, 772], [1394, 772], [1434, 772], [1435, 772], [1436, 772], [1437, 772], [1438, 772], [1440, 772], [1441, 772], [1442, 772], [1443, 772], [1813, 772], [1814, 772], [1815, 772], [1816, 772], [1817, 772], [1012, 773], [1013, 773], [1014, 773], [1015, 773], [1020, 773], [1021, 773], [1022, 773], [1023, 773], [1024, 773], [1028, 773], [1029, 773], [1030, 773], [1036, 773], [1037, 773], [1038, 773], [1039, 773], [1040, 773], [1254, 773], [1255, 773], [1256, 773], [1268, 773], [1269, 773], [1270, 773], [1271, 773], [1295, 773], [1296, 773], [1297, 773], [1306, 773], [1307, 773], [1322, 773], [1323, 773], [1324, 773], [1329, 773], [1330, 773], [1354, 773], [1355, 773], [1356, 773], [1357, 773], [1358, 773], [1359, 773], [1387, 773], [1388, 773], [1391, 773], [1392, 773], [1393, 773], [1394, 773], [1436, 773], [1437, 773], [1438, 773], [1439, 773], [1441, 773], [1442, 773], [1443, 773], [1444, 773], [1814, 773], [1815, 773], [1816, 773], [1817, 773], [1818, 773], [1012, 774], [1013, 774], [1014, 774], [1020, 774], [1021, 774], [1022, 774], [1023, 774], [1024, 774], [1025, 774], [1028, 774], [1029, 774], [1030, 774], [1036, 774], [1037, 774], [1038, 774], [1039, 774], [1040, 774], [1255, 774], [1256, 774], [1257, 774], [1268, 774], [1269, 774], [1270, 774], [1271, 774], [1296, 774], [1297, 774], [1298, 774], [1306, 774], [1307, 774], [1322, 774], [1323, 774], [1324, 774], [1329, 774], [1330, 774], [1331, 774], [1354, 774], [1355, 774], [1356, 774], [1357, 774], [1358, 774], [1359, 774], [1360, 774], [1361, 774], [1362, 774], [1387, 774], [1388, 774], [1391, 774], [1392, 774], [1393, 774], [1394, 774], [1437, 774], [1438, 774], [1439, 774], [1440, 774], [1442, 774], [1443, 774], [1444, 774], [1816, 774], [1817, 774], [1818, 774], [1819, 774], [1820, 774], [1012, 775], [1013, 775], [1014, 775], [1015, 775], [1016, 775], [1019, 775], [1020, 775], [1021, 775], [1023, 775], [1024, 775], [1025, 775], [1028, 775], [1029, 775], [1036, 775], [1037, 775], [1038, 775], [1039, 775], [1255, 775], [1256, 775], [1257, 775], [1268, 775], [1269, 775], [1270, 775], [1271, 775], [1296, 775], [1297, 775], [1298, 775], [1306, 775], [1307, 775], [1308, 775], [1323, 775], [1324, 775], [1329, 775], [1330, 775], [1331, 775], [1355, 775], [1356, 775], [1357, 775], [1358, 775], [1359, 775], [1360, 775], [1361, 775], [1362, 775], [1387, 775], [1388, 775], [1391, 775], [1392, 775], [1393, 775], [1394, 775], [1438, 775], [1439, 775], [1440, 775], [1441, 775], [1443, 775], [1444, 775], [1445, 775], [1817, 775], [1818, 775], [1819, 775], [1820, 775], [1821, 775], [1822, 775], [1013, 776], [1014, 776], [1015, 776], [1016, 776], [1017, 776], [1018, 776], [1019, 776], [1020, 776], [1021, 776], [1024, 776], [1025, 776], [1028, 776], [1029, 776], [1256, 776], [1257, 776], [1258, 776], [1268, 776], [1269, 776], [1270, 776], [1271, 776], [1272, 776], [1297, 776], [1298, 776], [1306, 776], [1307, 776], [1308, 776], [1323, 776], [1324, 776], [1329, 776], [1330, 776], [1331, 776], [1355, 776], [1356, 776], [1357, 776], [1360, 776], [1361, 776], [1363, 776], [1364, 776], [1365, 776], [1366, 776], [1387, 776], [1388, 776], [1391, 776], [1392, 776], [1393, 776], [1394, 776], [1439, 776], [1440, 776], [1441, 776], [1443, 776], [1444, 776], [1445, 776], [1446, 776], [1819, 776], [1820, 776], [1821, 776], [1822, 776], [1823, 776], [1015, 777], [1016, 777], [1017, 777], [1018, 777], [1019, 777], [1020, 777], [1024, 777], [1025, 777], [1027, 777], [1028, 777], [1029, 777], [1256, 777], [1257, 777], [1258, 777], [1268, 777], [1269, 777], [1270, 777], [1271, 777], [1272, 777], [1279, 777], [1280, 777], [1281, 777], [1297, 777], [1298, 777], [1307, 777], [1308, 777], [1309, 777], [1323, 777], [1324, 777], [1325, 777], [1326, 777], [1327, 777], [1328, 777], [1329, 777], [1330, 777], [1331, 777], [1354, 777], [1355, 777], [1356, 777], [1357, 777], [1360, 777], [1361, 777], [1362, 777], [1363, 777], [1364, 777], [1365, 777], [1366, 777], [1367, 777], [1387, 777], [1388, 777], [1391, 777], [1392, 777], [1393, 777], [1394, 777], [1440, 777], [1441, 777], [1444, 777], [1445, 777], [1446, 777], [1821, 777], [1822, 777], [1823, 777], [1824, 777], [1016, 778], [1017, 778], [1018, 778], [1024, 778], [1025, 778], [1026, 778], [1027, 778], [1028, 778], [1029, 778], [1257, 778], [1258, 778], [1259, 778], [1268, 778], [1269, 778], [1271, 778], [1272, 778], [1279, 778], [1280, 778], [1281, 778], [1282, 778], [1293, 778], [1294, 778], [1295, 778], [1296, 778], [1297, 778], [1298, 778], [1307, 778], [1308, 778], [1309, 778], [1310, 778], [1323, 778], [1324, 778], [1325, 778], [1326, 778], [1327, 778], [1328, 778], [1329, 778], [1330, 778], [1354, 778], [1355, 778], [1356, 778], [1360, 778], [1361, 778], [1362, 778], [1363, 778], [1365, 778], [1366, 778], [1367, 778], [1368, 778], [1387, 778], [1388, 778], [1391, 778], [1392, 778], [1393, 778], [1394, 778], [1440, 778], [1441, 778], [1442, 778], [1445, 778], [1446, 778], [1447, 778], [1822, 778], [1823, 778], [1824, 778], [1024, 779], [1025, 779], [1026, 779], [1027, 779], [1028, 779], [1257, 779], [1258, 779], [1259, 779], [1260, 779], [1268, 779], [1269, 779], [1271, 779], [1272, 779], [1273, 779], [1278, 779], [1279, 779], [1280, 779], [1281, 779], [1282, 779], [1292, 779], [1293, 779], [1294, 779], [1295, 779], [1296, 779], [1297, 779], [1298, 779], [1308, 779], [1309, 779], [1310, 779], [1324, 779], [1325, 779], [1326, 779], [1327, 779], [1354, 779], [1355, 779], [1356, 779], [1357, 779], [1366, 779], [1367, 779], [1368, 779], [1387, 779], [1388, 779], [1389, 779], [1391, 779], [1392, 779], [1393, 779], [1394, 779], [1440, 779], [1441, 779], [1442, 779], [1445, 779], [1446, 779], [1447, 779], [1448, 779], [1824, 779], [1025, 780], [1026, 780], [1027, 780], [1258, 780], [1259, 780], [1260, 780], [1268, 780], [1269, 780], [1271, 780], [1272, 780], [1273, 780], [1278, 780], [1279, 780], [1280, 780], [1281, 780], [1282, 780], [1292, 780], [1293, 780], [1294, 780], [1309, 780], [1310, 780], [1311, 780], [1354, 780], [1355, 780], [1356, 780], [1357, 780], [1358, 780], [1359, 780], [1360, 780], [1361, 780], [1367, 780], [1368, 780], [1387, 780], [1388, 780], [1389, 780], [1390, 780], [1391, 780], [1392, 780], [1393, 780], [1394, 780], [1441, 780], [1442, 780], [1443, 780], [1444, 780], [1446, 780], [1447, 780], [1448, 780], [1449, 780], [1259, 781], [1260, 781], [1261, 781], [1268, 781], [1269, 781], [1272, 781], [1273, 781], [1278, 781], [1279, 781], [1280, 781], [1281, 781], [1282, 781], [1283, 781], [1292, 781], [1293, 781], [1294, 781], [1309, 781], [1310, 781], [1311, 781], [1312, 781], [1356, 781], [1357, 781], [1358, 781], [1359, 781], [1360, 781], [1361, 781], [1362, 781], [1367, 781], [1368, 781], [1387, 781], [1388, 781], [1389, 781], [1390, 781], [1391, 781], [1392, 781], [1393, 781], [1394, 781], [1441, 781], [1442, 781], [1443, 781], [1444, 781], [1445, 781], [1447, 781], [1448, 781], [1449, 781], [1259, 782], [1260, 782], [1261, 782], [1262, 782], [1268, 782], [1269, 782], [1270, 782], [1271, 782], [1272, 782], [1273, 782], [1278, 782], [1279, 782], [1280, 782], [1281, 782], [1282, 782], [1283, 782], [1292, 782], [1293, 782], [1294, 782], [1310, 782], [1311, 782], [1312, 782], [1357, 782], [1358, 782], [1359, 782], [1360, 782], [1361, 782], [1362, 782], [1363, 782], [1367, 782], [1368, 782], [1369, 782], [1387, 782], [1388, 782], [1390, 782], [1391, 782], [1393, 782], [1394, 782], [1395, 782], [1443, 782], [1444, 782], [1445, 782], [1448, 782], [1449, 782], [1450, 782], [1260, 783], [1261, 783], [1262, 783], [1268, 783], [1269, 783], [1270, 783], [1271, 783], [1272, 783], [1273, 783], [1278, 783], [1279, 783], [1280, 783], [1282, 783], [1283, 783], [1287, 783], [1288, 783], [1289, 783], [1290, 783], [1293, 783], [1294, 783], [1295, 783], [1311, 783], [1312, 783], [1313, 783], [1361, 783], [1362, 783], [1363, 783], [1364, 783], [1365, 783], [1367, 783], [1368, 783], [1369, 783], [1387, 783], [1388, 783], [1389, 783], [1390, 783], [1391, 783], [1393, 783], [1394, 783], [1395, 783], [1396, 783], [1444, 783], [1445, 783], [1446, 783], [1448, 783], [1449, 783], [1450, 783], [1451, 783], [1261, 784], [1262, 784], [1263, 784], [1267, 784], [1268, 784], [1269, 784], [1270, 784], [1271, 784], [1272, 784], [1273, 784], [1278, 784], [1279, 784], [1282, 784], [1283, 784], [1286, 784], [1287, 784], [1288, 784], [1289, 784], [1290, 784], [1293, 784], [1294, 784], [1295, 784], [1296, 784], [1311, 784], [1312, 784], [1313, 784], [1314, 784], [1362, 784], [1363, 784], [1364, 784], [1365, 784], [1366, 784], [1367, 784], [1368, 784], [1369, 784], [1387, 784], [1388, 784], [1389, 784], [1390, 784], [1391, 784], [1394, 784], [1395, 784], [1396, 784], [1444, 784], [1445, 784], [1446, 784], [1447, 784], [1449, 784], [1450, 784], [1451, 784], [1452, 784], [1261, 785], [1262, 785], [1263, 785], [1266, 785], [1267, 785], [1268, 785], [1269, 785], [1270, 785], [1271, 785], [1272, 785], [1273, 785], [1274, 785], [1278, 785], [1279, 785], [1280, 785], [1282, 785], [1283, 785], [1285, 785], [1286, 785], [1287, 785], [1288, 785], [1289, 785], [1290, 785], [1294, 785], [1295, 785], [1296, 785], [1312, 785], [1313, 785], [1314, 785], [1315, 785], [1364, 785], [1365, 785], [1366, 785], [1367, 785], [1368, 785], [1369, 785], [1387, 785], [1388, 785], [1389, 785], [1390, 785], [1395, 785], [1396, 785], [1445, 785], [1446, 785], [1447, 785], [1448, 785], [1450, 785], [1451, 785], [1452, 785], [1262, 786], [1263, 786], [1264, 786], [1266, 786], [1267, 786], [1268, 786], [1272, 786], [1273, 786], [1274, 786], [1278, 786], [1279, 786], [1280, 786], [1282, 786], [1283, 786], [1284, 786], [1285, 786], [1286, 786], [1287, 786], [1289, 786], [1290, 786], [1295, 786], [1296, 786], [1297, 786], [1313, 786], [1314, 786], [1315, 786], [1316, 786], [1317, 786], [1318, 786], [1319, 786], [1320, 786], [1366, 786], [1367, 786], [1368, 786], [1388, 786], [1389, 786], [1390, 786], [1395, 786], [1396, 786], [1397, 786], [1398, 786], [1446, 786], [1447, 786], [1448, 786], [1449, 786], [1451, 786], [1452, 786], [1453, 786], [1262, 787], [1263, 787], [1264, 787], [1266, 787], [1267, 787], [1273, 787], [1274, 787], [1275, 787], [1279, 787], [1280, 787], [1282, 787], [1283, 787], [1284, 787], [1285, 787], [1286, 787], [1289, 787], [1290, 787], [1295, 787], [1296, 787], [1297, 787], [1314, 787], [1315, 787], [1316, 787], [1317, 787], [1318, 787], [1319, 787], [1320, 787], [1395, 787], [1396, 787], [1397, 787], [1398, 787], [1447, 787], [1448, 787], [1449, 787], [1451, 787], [1452, 787], [1453, 787], [1454, 787], [1263, 788], [1264, 788], [1265, 788], [1266, 788], [1267, 788], [1273, 788], [1274, 788], [1275, 788], [1279, 788], [1280, 788], [1281, 788], [1289, 788], [1290, 788], [1291, 788], [1296, 788], [1297, 788], [1298, 788], [1319, 788], [1320, 788], [1321, 788], [1389, 788], [1390, 788], [1391, 788], [1396, 788], [1397, 788], [1398, 788], [1448, 788], [1449, 788], [1452, 788], [1453, 788], [1454, 788], [981, 789], [982, 789], [983, 789], [1263, 789], [1264, 789], [1265, 789], [1266, 789], [1267, 789], [1274, 789], [1275, 789], [1279, 789], [1280, 789], [1281, 789], [1282, 789], [1283, 789], [1284, 789], [1289, 789], [1290, 789], [1291, 789], [1296, 789], [1297, 789], [1298, 789], [1319, 789], [1320, 789], [1321, 789], [1389, 789], [1390, 789], [1391, 789], [1396, 789], [1397, 789], [1448, 789], [1449, 789], [1453, 789], [1454, 789], [1455, 789], [980, 790], [981, 790], [982, 790], [983, 790], [984, 790], [1263, 790], [1264, 790], [1265, 790], [1266, 790], [1274, 790], [1275, 790], [1280, 790], [1281, 790], [1282, 790], [1283, 790], [1284, 790], [1290, 790], [1291, 790], [1292, 790], [1297, 790], [1298, 790], [1299, 790], [1320, 790], [1321, 790], [1322, 790], [1389, 790], [1390, 790], [1391, 790], [1396, 790], [1397, 790], [1448, 790], [1449, 790], [1453, 790], [1454, 790], [1455, 790], [1456, 790], [980, 791], [981, 791], [982, 791], [983, 791], [984, 791], [1264, 791], [1265, 791], [1266, 791], [1267, 791], [1274, 791], [1275, 791], [1283, 791], [1284, 791], [1290, 791], [1291, 791], [1292, 791], [1293, 791], [1297, 791], [1298, 791], [1299, 791], [1320, 791], [1321, 791], [1322, 791], [1389, 791], [1390, 791], [1391, 791], [1396, 791], [1397, 791], [1398, 791], [1423, 791], [1424, 791], [1425, 791], [1426, 791], [1448, 791], [1449, 791], [1454, 791], [1455, 791], [1456, 791], [980, 792], [981, 792], [983, 792], [984, 792], [1264, 792], [1265, 792], [1266, 792], [1267, 792], [1274, 792], [1275, 792], [1283, 792], [1284, 792], [1291, 792], [1292, 792], [1293, 792], [1294, 792], [1298, 792], [1299, 792], [1321, 792], [1322, 792], [1323, 792], [1396, 792], [1397, 792], [1398, 792], [1421, 792], [1422, 792], [1423, 792], [1424, 792], [1425, 792], [1426, 792], [1427, 792], [1448, 792], [1449, 792], [1455, 792], [1456, 792], [1457, 792], [980, 793], [981, 793], [982, 793], [983, 793], [984, 793], [1264, 793], [1265, 793], [1266, 793], [1267, 793], [1274, 793], [1275, 793], [1283, 793], [1284, 793], [1285, 793], [1292, 793], [1293, 793], [1294, 793], [1295, 793], [1298, 793], [1299, 793], [1300, 793], [1321, 793], [1322, 793], [1323, 793], [1397, 793], [1398, 793], [1421, 793], [1422, 793], [1423, 793], [1424, 793], [1425, 793], [1426, 793], [1427, 793], [1448, 793], [1449, 793], [1450, 793], [1455, 793], [1456, 793], [1457, 793], [1458, 793], [980, 794], [981, 794], [982, 794], [983, 794], [984, 794], [1274, 794], [1275, 794], [1283, 794], [1284, 794], [1285, 794], [1286, 794], [1293, 794], [1294, 794], [1295, 794], [1298, 794], [1299, 794], [1300, 794], [1322, 794], [1323, 794], [1324, 794], [1397, 794], [1398, 794], [1399, 794], [1421, 794], [1422, 794], [1423, 794], [1424, 794], [1426, 794], [1427, 794], [1428, 794], [1448, 794], [1449, 794], [1450, 794], [1451, 794], [1456, 794], [1457, 794], [1458, 794], [979, 795], [980, 795], [981, 795], [982, 795], [983, 795], [1274, 795], [1275, 795], [1284, 795], [1285, 795], [1286, 795], [1294, 795], [1295, 795], [1299, 795], [1300, 795], [1301, 795], [1322, 795], [1323, 795], [1324, 795], [1397, 795], [1398, 795], [1399, 795], [1400, 795], [1414, 795], [1415, 795], [1416, 795], [1422, 795], [1423, 795], [1424, 795], [1426, 795], [1427, 795], [1428, 795], [1449, 795], [1450, 795], [1451, 795], [1457, 795], [1458, 795], [1459, 795], [979, 796], [980, 796], [981, 796], [982, 796], [983, 796], [1274, 796], [1275, 796], [1285, 796], [1286, 796], [1287, 796], [1294, 796], [1295, 796], [1299, 796], [1300, 796], [1301, 796], [1323, 796], [1324, 796], [1325, 796], [1398, 796], [1399, 796], [1400, 796], [1412, 796], [1413, 796], [1414, 796], [1415, 796], [1416, 796], [1417, 796], [1418, 796], [1419, 796], [1420, 796], [1421, 796], [1422, 796], [1423, 796], [1424, 796], [1427, 796], [1428, 796], [1429, 796], [1450, 796], [1451, 796], [1457, 796], [1458, 796], [1459, 796], [1460, 796], [979, 797], [980, 797], [982, 797], [983, 797], [1267, 797], [1268, 797], [1269, 797], [1270, 797], [1271, 797], [1272, 797], [1274, 797], [1275, 797], [1285, 797], [1286, 797], [1287, 797], [1294, 797], [1295, 797], [1296, 797], [1300, 797], [1301, 797], [1323, 797], [1324, 797], [1325, 797], [1399, 797], [1400, 797], [1412, 797], [1413, 797], [1414, 797], [1415, 797], [1416, 797], [1417, 797], [1418, 797], [1419, 797], [1420, 797], [1421, 797], [1422, 797], [1423, 797], [1427, 797], [1428, 797], [1429, 797], [1430, 797], [1450, 797], [1451, 797], [1458, 797], [1459, 797], [1460, 797], [979, 798], [980, 798], [981, 798], [982, 798], [983, 798], [1267, 798], [1268, 798], [1269, 798], [1270, 798], [1271, 798], [1272, 798], [1273, 798], [1274, 798], [1275, 798], [1286, 798], [1287, 798], [1294, 798], [1295, 798], [1296, 798], [1300, 798], [1301, 798], [1302, 798], [1324, 798], [1325, 798], [1398, 798], [1399, 798], [1400, 798], [1412, 798], [1413, 798], [1420, 798], [1421, 798], [1422, 798], [1428, 798], [1429, 798], [1430, 798], [1450, 798], [1451, 798], [1459, 798], [1460, 798], [1461, 798], [979, 799], [980, 799], [981, 799], [982, 799], [983, 799], [1267, 799], [1268, 799], [1269, 799], [1271, 799], [1272, 799], [1273, 799], [1274, 799], [1275, 799], [1286, 799], [1287, 799], [1288, 799], [1295, 799], [1296, 799], [1297, 799], [1300, 799], [1301, 799], [1302, 799], [1303, 799], [1324, 799], [1325, 799], [1326, 799], [1398, 799], [1399, 799], [1400, 799], [1412, 799], [1413, 799], [1414, 799], [1429, 799], [1430, 799], [1431, 799], [1432, 799], [1450, 799], [1451, 799], [1452, 799], [1459, 799], [1460, 799], [1461, 799], [1462, 799], [980, 800], [981, 800], [982, 800], [983, 800], [1267, 800], [1268, 800], [1269, 800], [1286, 800], [1287, 800], [1288, 800], [1289, 800], [1290, 800], [1295, 800], [1296, 800], [1297, 800], [1301, 800], [1302, 800], [1303, 800], [1324, 800], [1325, 800], [1326, 800], [1395, 800], [1396, 800], [1397, 800], [1398, 800], [1399, 800], [1412, 800], [1413, 800], [1414, 800], [1415, 800], [1429, 800], [1430, 800], [1431, 800], [1432, 800], [1450, 800], [1451, 800], [1452, 800], [1460, 800], [1461, 800], [1462, 800], [980, 801], [981, 801], [982, 801], [1268, 801], [1269, 801], [1287, 801], [1288, 801], [1289, 801], [1290, 801], [1291, 801], [1296, 801], [1297, 801], [1298, 801], [1302, 801], [1303, 801], [1325, 801], [1326, 801], [1327, 801], [1394, 801], [1395, 801], [1396, 801], [1397, 801], [1398, 801], [1399, 801], [1400, 801], [1413, 801], [1414, 801], [1415, 801], [1431, 801], [1432, 801], [1433, 801], [1451, 801], [1452, 801], [1461, 801], [1462, 801], [1463, 801], [1268, 802], [1269, 802], [1289, 802], [1290, 802], [1291, 802], [1292, 802], [1296, 802], [1297, 802], [1298, 802], [1302, 802], [1303, 802], [1304, 802], [1325, 802], [1326, 802], [1327, 802], [1394, 802], [1395, 802], [1396, 802], [1397, 802], [1398, 802], [1399, 802], [1400, 802], [1413, 802], [1414, 802], [1415, 802], [1431, 802], [1432, 802], [1433, 802], [1451, 802], [1452, 802], [1453, 802], [1461, 802], [1462, 802], [1463, 802], [1464, 802], [1268, 803], [1269, 803], [1290, 803], [1291, 803], [1292, 803], [1297, 803], [1298, 803], [1302, 803], [1303, 803], [1304, 803], [1326, 803], [1327, 803], [1394, 803], [1395, 803], [1396, 803], [1397, 803], [1398, 803], [1399, 803], [1400, 803], [1413, 803], [1414, 803], [1415, 803], [1416, 803], [1432, 803], [1433, 803], [1434, 803], [1451, 803], [1452, 803], [1453, 803], [1454, 803], [1455, 803], [1462, 803], [1463, 803], [1464, 803], [1268, 804], [1269, 804], [1270, 804], [1291, 804], [1292, 804], [1293, 804], [1297, 804], [1298, 804], [1303, 804], [1304, 804], [1326, 804], [1327, 804], [1328, 804], [1394, 804], [1395, 804], [1396, 804], [1397, 804], [1398, 804], [1399, 804], [1400, 804], [1413, 804], [1414, 804], [1415, 804], [1416, 804], [1417, 804], [1432, 804], [1433, 804], [1434, 804], [1452, 804], [1453, 804], [1454, 804], [1455, 804], [1463, 804], [1464, 804], [1465, 804], [1268, 805], [1269, 805], [1270, 805], [1291, 805], [1292, 805], [1293, 805], [1297, 805], [1298, 805], [1299, 805], [1303, 805], [1304, 805], [1305, 805], [1326, 805], [1327, 805], [1328, 805], [1397, 805], [1398, 805], [1399, 805], [1415, 805], [1416, 805], [1417, 805], [1433, 805], [1434, 805], [1454, 805], [1455, 805], [1463, 805], [1464, 805], [1465, 805], [1466, 805], [1060, 806], [1061, 806], [1062, 806], [1063, 806], [1269, 806], [1270, 806], [1271, 806], [1292, 806], [1293, 806], [1294, 806], [1297, 806], [1298, 806], [1299, 806], [1303, 806], [1304, 806], [1305, 806], [1327, 806], [1328, 806], [1397, 806], [1398, 806], [1399, 806], [1416, 806], [1417, 806], [1433, 806], [1434, 806], [1454, 806], [1455, 806], [1456, 806], [1464, 806], [1465, 806], [1466, 806], [1060, 807], [1061, 807], [1062, 807], [1063, 807], [1064, 807], [1269, 807], [1270, 807], [1271, 807], [1272, 807], [1292, 807], [1293, 807], [1294, 807], [1298, 807], [1299, 807], [1304, 807], [1305, 807], [1306, 807], [1327, 807], [1328, 807], [1329, 807], [1397, 807], [1398, 807], [1399, 807], [1416, 807], [1417, 807], [1433, 807], [1434, 807], [1454, 807], [1455, 807], [1456, 807], [1457, 807], [1458, 807], [1465, 807], [1466, 807], [1467, 807], [1060, 808], [1061, 808], [1062, 808], [1063, 808], [1064, 808], [1270, 808], [1271, 808], [1272, 808], [1293, 808], [1294, 808], [1295, 808], [1296, 808], [1297, 808], [1298, 808], [1299, 808], [1304, 808], [1305, 808], [1306, 808], [1327, 808], [1328, 808], [1329, 808], [1398, 808], [1399, 808], [1400, 808], [1401, 808], [1402, 808], [1403, 808], [1404, 808], [1405, 808], [1416, 808], [1417, 808], [1418, 808], [1433, 808], [1434, 808], [1435, 808], [1455, 808], [1456, 808], [1457, 808], [1458, 808], [1459, 808], [1465, 808], [1466, 808], [1467, 808], [1468, 808], [1060, 809], [1061, 809], [1063, 809], [1064, 809], [1271, 809], [1272, 809], [1293, 809], [1294, 809], [1295, 809], [1296, 809], [1297, 809], [1298, 809], [1299, 809], [1305, 809], [1306, 809], [1328, 809], [1329, 809], [1398, 809], [1399, 809], [1400, 809], [1401, 809], [1402, 809], [1403, 809], [1404, 809], [1405, 809], [1406, 809], [1416, 809], [1417, 809], [1418, 809], [1419, 809], [1433, 809], [1434, 809], [1435, 809], [1436, 809], [1437, 809], [1457, 809], [1458, 809], [1459, 809], [1460, 809], [1466, 809], [1467, 809], [1468, 809], [1060, 810], [1061, 810], [1063, 810], [1064, 810], [1065, 810], [1271, 810], [1272, 810], [1289, 810], [1290, 810], [1291, 810], [1305, 810], [1306, 810], [1307, 810], [1328, 810], [1329, 810], [1404, 810], [1405, 810], [1406, 810], [1407, 810], [1417, 810], [1418, 810], [1419, 810], [1420, 810], [1434, 810], [1435, 810], [1436, 810], [1437, 810], [1457, 810], [1458, 810], [1459, 810], [1460, 810], [1467, 810], [1468, 810], [1469, 810], [1060, 811], [1061, 811], [1063, 811], [1064, 811], [1065, 811], [1271, 811], [1272, 811], [1273, 811], [1289, 811], [1290, 811], [1291, 811], [1305, 811], [1306, 811], [1307, 811], [1328, 811], [1329, 811], [1330, 811], [1405, 811], [1406, 811], [1407, 811], [1408, 811], [1418, 811], [1419, 811], [1420, 811], [1421, 811], [1436, 811], [1437, 811], [1457, 811], [1458, 811], [1459, 811], [1460, 811], [1461, 811], [1462, 811], [1467, 811], [1468, 811], [1469, 811], [1470, 811], [1060, 812], [1061, 812], [1064, 812], [1065, 812], [1271, 812], [1272, 812], [1273, 812], [1289, 812], [1290, 812], [1291, 812], [1306, 812], [1307, 812], [1308, 812], [1328, 812], [1329, 812], [1330, 812], [1406, 812], [1407, 812], [1408, 812], [1419, 812], [1420, 812], [1421, 812], [1422, 812], [1436, 812], [1437, 812], [1457, 812], [1458, 812], [1459, 812], [1460, 812], [1461, 812], [1462, 812], [1468, 812], [1469, 812], [1470, 812], [1060, 813], [1061, 813], [1064, 813], [1065, 813], [1272, 813], [1273, 813], [1289, 813], [1290, 813], [1291, 813], [1306, 813], [1307, 813], [1308, 813], [1329, 813], [1330, 813], [1369, 813], [1370, 813], [1371, 813], [1407, 813], [1408, 813], [1420, 813], [1421, 813], [1422, 813], [1423, 813], [1428, 813], [1429, 813], [1430, 813], [1431, 813], [1432, 813], [1433, 813], [1435, 813], [1436, 813], [1437, 813], [1460, 813], [1461, 813], [1462, 813], [1469, 813], [1470, 813], [1471, 813], [1060, 814], [1061, 814], [1064, 814], [1065, 814], [1066, 814], [1272, 814], [1273, 814], [1274, 814], [1290, 814], [1291, 814], [1292, 814], [1307, 814], [1308, 814], [1329, 814], [1330, 814], [1369, 814], [1370, 814], [1371, 814], [1372, 814], [1407, 814], [1408, 814], [1421, 814], [1422, 814], [1423, 814], [1424, 814], [1428, 814], [1430, 814], [1431, 814], [1433, 814], [1435, 814], [1436, 814], [1437, 814], [1460, 814], [1461, 814], [1462, 814], [1469, 814], [1470, 814], [1471, 814], [1472, 814], [1060, 815], [1061, 815], [1064, 815], [1065, 815], [1066, 815], [1272, 815], [1273, 815], [1274, 815], [1290, 815], [1291, 815], [1292, 815], [1293, 815], [1307, 815], [1308, 815], [1329, 815], [1330, 815], [1331, 815], [1369, 815], [1370, 815], [1371, 815], [1372, 815], [1373, 815], [1406, 815], [1407, 815], [1408, 815], [1422, 815], [1423, 815], [1424, 815], [1428, 815], [1429, 815], [1430, 815], [1431, 815], [1432, 815], [1433, 815], [1434, 815], [1435, 815], [1436, 815], [1461, 815], [1462, 815], [1470, 815], [1471, 815], [1472, 815], [1060, 816], [1061, 816], [1065, 816], [1066, 816], [1273, 816], [1274, 816], [1275, 816], [1289, 816], [1290, 816], [1291, 816], [1292, 816], [1293, 816], [1294, 816], [1305, 816], [1306, 816], [1307, 816], [1308, 816], [1329, 816], [1330, 816], [1331, 816], [1369, 816], [1370, 816], [1372, 816], [1373, 816], [1405, 816], [1406, 816], [1407, 816], [1408, 816], [1409, 816], [1410, 816], [1411, 816], [1412, 816], [1422, 816], [1423, 816], [1424, 816], [1429, 816], [1430, 816], [1431, 816], [1432, 816], [1433, 816], [1434, 816], [1435, 816], [1436, 816], [1461, 816], [1462, 816], [1463, 816], [1471, 816], [1472, 816], [1473, 816], [1060, 817], [1061, 817], [1065, 817], [1066, 817], [1273, 817], [1274, 817], [1275, 817], [1289, 817], [1290, 817], [1291, 817], [1292, 817], [1293, 817], [1294, 817], [1295, 817], [1305, 817], [1306, 817], [1307, 817], [1308, 817], [1330, 817], [1331, 817], [1369, 817], [1370, 817], [1371, 817], [1372, 817], [1373, 817], [1404, 817], [1405, 817], [1406, 817], [1407, 817], [1408, 817], [1409, 817], [1410, 817], [1411, 817], [1412, 817], [1422, 817], [1423, 817], [1424, 817], [1429, 817], [1430, 817], [1431, 817], [1461, 817], [1462, 817], [1463, 817], [1464, 817], [1465, 817], [1471, 817], [1472, 817], [1473, 817], [1474, 817], [1060, 818], [1061, 818], [1065, 818], [1066, 818], [1274, 818], [1275, 818], [1276, 818], [1289, 818], [1290, 818], [1293, 818], [1294, 818], [1295, 818], [1296, 818], [1305, 818], [1306, 818], [1330, 818], [1331, 818], [1332, 818], [1370, 818], [1371, 818], [1372, 818], [1373, 818], [1404, 818], [1405, 818], [1406, 818], [1407, 818], [1408, 818], [1410, 818], [1411, 818], [1412, 818], [1423, 818], [1424, 818], [1429, 818], [1430, 818], [1431, 818], [1462, 818], [1463, 818], [1464, 818], [1465, 818], [1466, 818], [1472, 818], [1473, 818], [1474, 818], [1475, 818], [1060, 819], [1061, 819], [1065, 819], [1066, 819], [1274, 819], [1275, 819], [1276, 819], [1277, 819], [1289, 819], [1290, 819], [1294, 819], [1295, 819], [1296, 819], [1297, 819], [1305, 819], [1306, 819], [1307, 819], [1330, 819], [1331, 819], [1332, 819], [1370, 819], [1371, 819], [1372, 819], [1373, 819], [1374, 819], [1404, 819], [1405, 819], [1406, 819], [1407, 819], [1408, 819], [1410, 819], [1411, 819], [1412, 819], [1423, 819], [1424, 819], [1430, 819], [1431, 819], [1432, 819], [1464, 819], [1465, 819], [1466, 819], [1473, 819], [1474, 819], [1475, 819], [1476, 819], [1060, 820], [1061, 820], [1065, 820], [1066, 820], [1275, 820], [1276, 820], [1277, 820], [1278, 820], [1281, 820], [1282, 820], [1283, 820], [1284, 820], [1285, 820], [1286, 820], [1289, 820], [1290, 820], [1295, 820], [1296, 820], [1297, 820], [1298, 820], [1305, 820], [1306, 820], [1307, 820], [1331, 820], [1332, 820], [1333, 820], [1370, 820], [1371, 820], [1372, 820], [1373, 820], [1374, 820], [1405, 820], [1406, 820], [1407, 820], [1410, 820], [1411, 820], [1412, 820], [1423, 820], [1424, 820], [1425, 820], [1430, 820], [1431, 820], [1432, 820], [1433, 820], [1464, 820], [1465, 820], [1466, 820], [1474, 820], [1475, 820], [1476, 820], [1477, 820], [1060, 821], [1061, 821], [1065, 821], [1066, 821], [1276, 821], [1277, 821], [1278, 821], [1281, 821], [1282, 821], [1283, 821], [1284, 821], [1285, 821], [1286, 821], [1287, 821], [1288, 821], [1289, 821], [1290, 821], [1296, 821], [1297, 821], [1298, 821], [1299, 821], [1306, 821], [1307, 821], [1331, 821], [1332, 821], [1333, 821], [1334, 821], [1371, 821], [1372, 821], [1373, 821], [1374, 821], [1410, 821], [1411, 821], [1412, 821], [1423, 821], [1424, 821], [1425, 821], [1426, 821], [1431, 821], [1432, 821], [1433, 821], [1434, 821], [1435, 821], [1436, 821], [1437, 821], [1464, 821], [1465, 821], [1475, 821], [1476, 821], [1477, 821], [1478, 821], [1060, 822], [1061, 822], [1065, 822], [1066, 822], [1277, 822], [1278, 822], [1281, 822], [1282, 822], [1285, 822], [1286, 822], [1287, 822], [1288, 822], [1289, 822], [1290, 822], [1297, 822], [1298, 822], [1299, 822], [1306, 822], [1307, 822], [1308, 822], [1332, 822], [1333, 822], [1334, 822], [1372, 822], [1373, 822], [1374, 822], [1410, 822], [1411, 822], [1412, 822], [1424, 822], [1425, 822], [1426, 822], [1432, 822], [1433, 822], [1434, 822], [1435, 822], [1436, 822], [1437, 822], [1442, 822], [1443, 822], [1444, 822], [1445, 822], [1464, 822], [1465, 822], [1476, 822], [1477, 822], [1478, 822], [1060, 823], [1061, 823], [1065, 823], [1066, 823], [1277, 823], [1278, 823], [1281, 823], [1282, 823], [1298, 823], [1299, 823], [1300, 823], [1306, 823], [1307, 823], [1308, 823], [1333, 823], [1334, 823], [1335, 823], [1339, 823], [1340, 823], [1341, 823], [1410, 823], [1411, 823], [1412, 823], [1416, 823], [1417, 823], [1418, 823], [1425, 823], [1426, 823], [1427, 823], [1428, 823], [1436, 823], [1437, 823], [1438, 823], [1439, 823], [1442, 823], [1443, 823], [1444, 823], [1445, 823], [1446, 823], [1447, 823], [1464, 823], [1465, 823], [1466, 823], [1477, 823], [1478, 823], [1479, 823], [1060, 824], [1061, 824], [1065, 824], [1066, 824], [1067, 824], [1277, 824], [1278, 824], [1281, 824], [1282, 824], [1298, 824], [1299, 824], [1300, 824], [1307, 824], [1308, 824], [1333, 824], [1334, 824], [1335, 824], [1336, 824], [1337, 824], [1338, 824], [1339, 824], [1340, 824], [1341, 824], [1410, 824], [1411, 824], [1412, 824], [1415, 824], [1416, 824], [1417, 824], [1418, 824], [1419, 824], [1425, 824], [1426, 824], [1427, 824], [1428, 824], [1436, 824], [1437, 824], [1438, 824], [1439, 824], [1440, 824], [1441, 824], [1442, 824], [1443, 824], [1444, 824], [1445, 824], [1446, 824], [1447, 824], [1448, 824], [1464, 824], [1465, 824], [1466, 824], [1477, 824], [1478, 824], [1479, 824], [1480, 824], [1060, 825], [1061, 825], [1062, 825], [1065, 825], [1066, 825], [1067, 825], [1277, 825], [1278, 825], [1279, 825], [1281, 825], [1282, 825], [1299, 825], [1300, 825], [1301, 825], [1307, 825], [1308, 825], [1334, 825], [1335, 825], [1336, 825], [1337, 825], [1338, 825], [1339, 825], [1340, 825], [1341, 825], [1410, 825], [1411, 825], [1412, 825], [1413, 825], [1415, 825], [1416, 825], [1417, 825], [1418, 825], [1419, 825], [1425, 825], [1426, 825], [1427, 825], [1428, 825], [1438, 825], [1439, 825], [1440, 825], [1441, 825], [1442, 825], [1443, 825], [1446, 825], [1447, 825], [1448, 825], [1449, 825], [1450, 825], [1465, 825], [1466, 825], [1467, 825], [1478, 825], [1479, 825], [1480, 825], [1060, 826], [1061, 826], [1062, 826], [1066, 826], [1067, 826], [1277, 826], [1278, 826], [1279, 826], [1281, 826], [1282, 826], [1283, 826], [1299, 826], [1300, 826], [1301, 826], [1307, 826], [1308, 826], [1335, 826], [1336, 826], [1337, 826], [1338, 826], [1340, 826], [1341, 826], [1411, 826], [1412, 826], [1413, 826], [1414, 826], [1415, 826], [1416, 826], [1418, 826], [1419, 826], [1420, 826], [1425, 826], [1426, 826], [1427, 826], [1438, 826], [1439, 826], [1440, 826], [1441, 826], [1447, 826], [1448, 826], [1449, 826], [1450, 826], [1451, 826], [1465, 826], [1466, 826], [1467, 826], [1468, 826], [1479, 826], [1480, 826], [1481, 826], [1061, 827], [1062, 827], [1063, 827], [1066, 827], [1067, 827], [1278, 827], [1279, 827], [1281, 827], [1282, 827], [1283, 827], [1300, 827], [1301, 827], [1307, 827], [1308, 827], [1309, 827], [1340, 827], [1341, 827], [1412, 827], [1413, 827], [1414, 827], [1415, 827], [1416, 827], [1418, 827], [1419, 827], [1420, 827], [1421, 827], [1425, 827], [1426, 827], [1427, 827], [1449, 827], [1450, 827], [1451, 827], [1452, 827], [1465, 827], [1466, 827], [1467, 827], [1468, 827], [1469, 827], [1470, 827], [1479, 827], [1480, 827], [1481, 827], [1482, 827], [1061, 828], [1062, 828], [1063, 828], [1064, 828], [1065, 828], [1066, 828], [1067, 828], [1278, 828], [1279, 828], [1282, 828], [1283, 828], [1300, 828], [1301, 828], [1307, 828], [1308, 828], [1309, 828], [1340, 828], [1341, 828], [1413, 828], [1414, 828], [1415, 828], [1416, 828], [1419, 828], [1420, 828], [1421, 828], [1422, 828], [1424, 828], [1425, 828], [1426, 828], [1427, 828], [1450, 828], [1451, 828], [1452, 828], [1453, 828], [1465, 828], [1466, 828], [1467, 828], [1468, 828], [1469, 828], [1470, 828], [1480, 828], [1481, 828], [1482, 828], [1062, 829], [1063, 829], [1064, 829], [1065, 829], [1066, 829], [1067, 829], [1278, 829], [1279, 829], [1280, 829], [1282, 829], [1283, 829], [1284, 829], [1300, 829], [1301, 829], [1308, 829], [1309, 829], [1340, 829], [1341, 829], [1420, 829], [1421, 829], [1422, 829], [1423, 829], [1424, 829], [1425, 829], [1426, 829], [1451, 829], [1452, 829], [1453, 829], [1454, 829], [1469, 829], [1470, 829], [1471, 829], [1481, 829], [1482, 829], [1483, 829], [1064, 830], [1065, 830], [1066, 830], [1067, 830], [1278, 830], [1279, 830], [1280, 830], [1282, 830], [1283, 830], [1284, 830], [1300, 830], [1301, 830], [1302, 830], [1308, 830], [1309, 830], [1310, 830], [1340, 830], [1341, 830], [1421, 830], [1422, 830], [1423, 830], [1424, 830], [1425, 830], [1452, 830], [1453, 830], [1454, 830], [1455, 830], [1469, 830], [1470, 830], [1471, 830], [1481, 830], [1482, 830], [1483, 830], [1484, 830], [1065, 831], [1066, 831], [1067, 831], [1279, 831], [1280, 831], [1283, 831], [1284, 831], [1300, 831], [1301, 831], [1302, 831], [1308, 831], [1309, 831], [1310, 831], [1311, 831], [1340, 831], [1341, 831], [1342, 831], [1453, 831], [1454, 831], [1455, 831], [1456, 831], [1470, 831], [1471, 831], [1472, 831], [1482, 831], [1483, 831], [1484, 831], [1279, 832], [1280, 832], [1283, 832], [1284, 832], [1301, 832], [1302, 832], [1303, 832], [1309, 832], [1310, 832], [1311, 832], [1312, 832], [1313, 832], [1314, 832], [1315, 832], [1316, 832], [1317, 832], [1318, 832], [1340, 832], [1341, 832], [1342, 832], [1454, 832], [1455, 832], [1456, 832], [1457, 832], [1470, 832], [1471, 832], [1472, 832], [1483, 832], [1484, 832], [1485, 832], [1279, 833], [1280, 833], [1281, 833], [1283, 833], [1284, 833], [1285, 833], [1301, 833], [1302, 833], [1303, 833], [1310, 833], [1311, 833], [1312, 833], [1313, 833], [1314, 833], [1315, 833], [1316, 833], [1317, 833], [1318, 833], [1319, 833], [1341, 833], [1342, 833], [1455, 833], [1456, 833], [1457, 833], [1458, 833], [1471, 833], [1472, 833], [1483, 833], [1484, 833], [1485, 833], [1486, 833], [975, 834], [976, 834], [977, 834], [978, 834], [983, 834], [984, 834], [985, 834], [1279, 834], [1280, 834], [1281, 834], [1283, 834], [1284, 834], [1285, 834], [1302, 834], [1303, 834], [1317, 834], [1318, 834], [1319, 834], [1341, 834], [1342, 834], [1456, 834], [1457, 834], [1458, 834], [1471, 834], [1472, 834], [1484, 834], [1485, 834], [1486, 834], [974, 835], [975, 835], [976, 835], [977, 835], [978, 835], [979, 835], [983, 835], [984, 835], [985, 835], [1280, 835], [1281, 835], [1284, 835], [1285, 835], [1302, 835], [1303, 835], [1318, 835], [1319, 835], [1341, 835], [1342, 835], [1343, 835], [1457, 835], [1458, 835], [1459, 835], [1471, 835], [1472, 835], [1485, 835], [1486, 835], [1487, 835], [974, 836], [975, 836], [976, 836], [977, 836], [978, 836], [979, 836], [983, 836], [984, 836], [985, 836], [1280, 836], [1281, 836], [1282, 836], [1284, 836], [1285, 836], [1286, 836], [1302, 836], [1303, 836], [1318, 836], [1319, 836], [1320, 836], [1341, 836], [1342, 836], [1343, 836], [1457, 836], [1458, 836], [1459, 836], [1460, 836], [1471, 836], [1472, 836], [1485, 836], [1486, 836], [1487, 836], [1488, 836], [974, 837], [975, 837], [978, 837], [979, 837], [983, 837], [984, 837], [985, 837], [1280, 837], [1281, 837], [1282, 837], [1284, 837], [1285, 837], [1286, 837], [1302, 837], [1303, 837], [1318, 837], [1319, 837], [1320, 837], [1342, 837], [1343, 837], [1458, 837], [1459, 837], [1460, 837], [1461, 837], [1471, 837], [1472, 837], [1473, 837], [1486, 837], [1487, 837], [1488, 837], [974, 838], [975, 838], [977, 838], [978, 838], [979, 838], [1281, 838], [1282, 838], [1283, 838], [1285, 838], [1286, 838], [1302, 838], [1303, 838], [1319, 838], [1320, 838], [1321, 838], [1342, 838], [1343, 838], [1344, 838], [1459, 838], [1460, 838], [1461, 838], [1471, 838], [1472, 838], [1473, 838], [1487, 838], [1488, 838], [1489, 838], [974, 839], [975, 839], [977, 839], [978, 839], [979, 839], [1025, 839], [1026, 839], [1027, 839], [1028, 839], [1029, 839], [1281, 839], [1282, 839], [1283, 839], [1285, 839], [1286, 839], [1287, 839], [1302, 839], [1303, 839], [1319, 839], [1320, 839], [1321, 839], [1322, 839], [1342, 839], [1343, 839], [1344, 839], [1460, 839], [1461, 839], [1462, 839], [1472, 839], [1473, 839], [1474, 839], [1487, 839], [1488, 839], [1489, 839], [1490, 839], [974, 840], [975, 840], [977, 840], [978, 840], [1018, 840], [1019, 840], [1020, 840], [1021, 840], [1022, 840], [1023, 840], [1024, 840], [1025, 840], [1026, 840], [1027, 840], [1028, 840], [1029, 840], [1046, 840], [1047, 840], [1048, 840], [1282, 840], [1283, 840], [1285, 840], [1286, 840], [1287, 840], [1288, 840], [1289, 840], [1301, 840], [1302, 840], [1303, 840], [1320, 840], [1321, 840], [1322, 840], [1323, 840], [1343, 840], [1344, 840], [1460, 840], [1461, 840], [1462, 840], [1463, 840], [1472, 840], [1473, 840], [1474, 840], [1488, 840], [1489, 840], [1490, 840], [1491, 840], [974, 841], [975, 841], [977, 841], [978, 841], [1018, 841], [1019, 841], [1020, 841], [1021, 841], [1022, 841], [1023, 841], [1024, 841], [1025, 841], [1026, 841], [1028, 841], [1029, 841], [1045, 841], [1046, 841], [1047, 841], [1048, 841], [1282, 841], [1283, 841], [1284, 841], [1286, 841], [1287, 841], [1288, 841], [1289, 841], [1290, 841], [1291, 841], [1292, 841], [1296, 841], [1297, 841], [1298, 841], [1299, 841], [1300, 841], [1301, 841], [1302, 841], [1303, 841], [1321, 841], [1322, 841], [1323, 841], [1343, 841], [1344, 841], [1345, 841], [1461, 841], [1462, 841], [1463, 841], [1464, 841], [1473, 841], [1474, 841], [1475, 841], [1489, 841], [1490, 841], [1491, 841], [974, 842], [975, 842], [977, 842], [978, 842], [1018, 842], [1019, 842], [1020, 842], [1021, 842], [1022, 842], [1023, 842], [1024, 842], [1025, 842], [1026, 842], [1028, 842], [1029, 842], [1045, 842], [1046, 842], [1047, 842], [1048, 842], [1049, 842], [1282, 842], [1283, 842], [1284, 842], [1288, 842], [1289, 842], [1290, 842], [1291, 842], [1292, 842], [1293, 842], [1294, 842], [1295, 842], [1296, 842], [1297, 842], [1298, 842], [1299, 842], [1300, 842], [1301, 842], [1302, 842], [1322, 842], [1323, 842], [1343, 842], [1344, 842], [1345, 842], [1462, 842], [1463, 842], [1464, 842], [1465, 842], [1473, 842], [1474, 842], [1475, 842], [1490, 842], [1491, 842], [1492, 842], [974, 843], [975, 843], [977, 843], [978, 843], [983, 843], [984, 843], [985, 843], [986, 843], [1018, 843], [1019, 843], [1020, 843], [1021, 843], [1022, 843], [1023, 843], [1024, 843], [1025, 843], [1028, 843], [1029, 843], [1045, 843], [1046, 843], [1047, 843], [1048, 843], [1049, 843], [1283, 843], [1284, 843], [1285, 843], [1291, 843], [1292, 843], [1293, 843], [1294, 843], [1295, 843], [1296, 843], [1297, 843], [1322, 843], [1323, 843], [1324, 843], [1344, 843], [1345, 843], [1463, 843], [1464, 843], [1465, 843], [1474, 843], [1475, 843], [1476, 843], [1490, 843], [1491, 843], [1492, 843], [1493, 843], [974, 844], [975, 844], [977, 844], [978, 844], [982, 844], [983, 844], [984, 844], [985, 844], [986, 844], [987, 844], [1022, 844], [1023, 844], [1024, 844], [1025, 844], [1027, 844], [1028, 844], [1029, 844], [1045, 844], [1046, 844], [1048, 844], [1049, 844], [1283, 844], [1284, 844], [1285, 844], [1293, 844], [1294, 844], [1295, 844], [1296, 844], [1322, 844], [1323, 844], [1324, 844], [1325, 844], [1344, 844], [1345, 844], [1346, 844], [1464, 844], [1465, 844], [1469, 844], [1470, 844], [1471, 844], [1472, 844], [1474, 844], [1475, 844], [1476, 844], [1491, 844], [1492, 844], [1493, 844], [974, 845], [975, 845], [976, 845], [977, 845], [978, 845], [982, 845], [983, 845], [984, 845], [985, 845], [986, 845], [987, 845], [988, 845], [990, 845], [991, 845], [992, 845], [993, 845], [994, 845], [995, 845], [1024, 845], [1025, 845], [1027, 845], [1028, 845], [1029, 845], [1045, 845], [1046, 845], [1048, 845], [1049, 845], [1284, 845], [1285, 845], [1286, 845], [1323, 845], [1324, 845], [1325, 845], [1344, 845], [1345, 845], [1346, 845], [1464, 845], [1465, 845], [1469, 845], [1470, 845], [1471, 845], [1472, 845], [1473, 845], [1475, 845], [1476, 845], [1492, 845], [1493, 845], [1494, 845], [974, 846], [975, 846], [976, 846], [977, 846], [978, 846], [982, 846], [983, 846], [984, 846], [986, 846], [987, 846], [988, 846], [989, 846], [990, 846], [991, 846], [992, 846], [993, 846], [994, 846], [995, 846], [1023, 846], [1024, 846], [1025, 846], [1027, 846], [1028, 846], [1044, 846], [1045, 846], [1046, 846], [1048, 846], [1049, 846], [1284, 846], [1285, 846], [1286, 846], [1287, 846], [1324, 846], [1325, 846], [1345, 846], [1346, 846], [1464, 846], [1465, 846], [1466, 846], [1469, 846], [1470, 846], [1471, 846], [1472, 846], [1473, 846], [1474, 846], [1475, 846], [1476, 846], [1492, 846], [1493, 846], [1494, 846], [975, 847], [976, 847], [977, 847], [978, 847], [983, 847], [984, 847], [985, 847], [986, 847], [987, 847], [989, 847], [990, 847], [991, 847], [994, 847], [995, 847], [996, 847], [1023, 847], [1024, 847], [1025, 847], [1026, 847], [1027, 847], [1028, 847], [1044, 847], [1045, 847], [1046, 847], [1048, 847], [1049, 847], [1285, 847], [1286, 847], [1287, 847], [1288, 847], [1324, 847], [1325, 847], [1326, 847], [1345, 847], [1346, 847], [1464, 847], [1465, 847], [1466, 847], [1467, 847], [1468, 847], [1469, 847], [1470, 847], [1472, 847], [1473, 847], [1474, 847], [1475, 847], [1476, 847], [1493, 847], [1494, 847], [1495, 847], [975, 848], [976, 848], [977, 848], [978, 848], [983, 848], [984, 848], [985, 848], [986, 848], [987, 848], [988, 848], [989, 848], [990, 848], [994, 848], [995, 848], [996, 848], [1023, 848], [1024, 848], [1025, 848], [1026, 848], [1027, 848], [1028, 848], [1044, 848], [1045, 848], [1046, 848], [1048, 848], [1049, 848], [1286, 848], [1287, 848], [1288, 848], [1324, 848], [1325, 848], [1326, 848], [1345, 848], [1346, 848], [1347, 848], [1465, 848], [1466, 848], [1467, 848], [1468, 848], [1469, 848], [1470, 848], [1473, 848], [1474, 848], [1475, 848], [1476, 848], [1493, 848], [1494, 848], [1495, 848], [1496, 848], [976, 849], [977, 849], [978, 849], [984, 849], [985, 849], [986, 849], [987, 849], [988, 849], [989, 849], [994, 849], [995, 849], [996, 849], [1023, 849], [1024, 849], [1025, 849], [1026, 849], [1027, 849], [1045, 849], [1046, 849], [1047, 849], [1048, 849], [1049, 849], [1287, 849], [1288, 849], [1289, 849], [1311, 849], [1312, 849], [1313, 849], [1314, 849], [1315, 849], [1316, 849], [1317, 849], [1318, 849], [1325, 849], [1326, 849], [1327, 849], [1345, 849], [1346, 849], [1347, 849], [1473, 849], [1474, 849], [1475, 849], [1476, 849], [1494, 849], [1495, 849], [1496, 849], [984, 850], [985, 850], [994, 850], [995, 850], [996, 850], [1045, 850], [1046, 850], [1047, 850], [1048, 850], [1049, 850], [1068, 850], [1069, 850], [1070, 850], [1287, 850], [1288, 850], [1289, 850], [1290, 850], [1311, 850], [1312, 850], [1313, 850], [1314, 850], [1315, 850], [1316, 850], [1317, 850], [1318, 850], [1319, 850], [1325, 850], [1326, 850], [1327, 850], [1346, 850], [1347, 850], [1495, 850], [1496, 850], [1497, 850], [984, 851], [985, 851], [986, 851], [987, 851], [988, 851], [989, 851], [990, 851], [993, 851], [994, 851], [995, 851], [1045, 851], [1046, 851], [1047, 851], [1048, 851], [1067, 851], [1068, 851], [1069, 851], [1070, 851], [1288, 851], [1289, 851], [1290, 851], [1311, 851], [1312, 851], [1317, 851], [1318, 851], [1319, 851], [1320, 851], [1326, 851], [1327, 851], [1328, 851], [1346, 851], [1347, 851], [1348, 851], [1495, 851], [1496, 851], [1497, 851], [1498, 851], [984, 852], [985, 852], [986, 852], [987, 852], [988, 852], [989, 852], [990, 852], [991, 852], [992, 852], [993, 852], [994, 852], [995, 852], [1045, 852], [1046, 852], [1047, 852], [1048, 852], [1066, 852], [1067, 852], [1068, 852], [1069, 852], [1070, 852], [1071, 852], [1289, 852], [1290, 852], [1291, 852], [1311, 852], [1312, 852], [1313, 852], [1318, 852], [1319, 852], [1320, 852], [1321, 852], [1326, 852], [1327, 852], [1328, 852], [1329, 852], [1346, 852], [1347, 852], [1348, 852], [1496, 852], [1497, 852], [1498, 852], [1499, 852], [989, 853], [990, 853], [991, 853], [992, 853], [993, 853], [994, 853], [1066, 853], [1067, 853], [1068, 853], [1069, 853], [1070, 853], [1071, 853], [1289, 853], [1290, 853], [1291, 853], [1292, 853], [1311, 853], [1312, 853], [1313, 853], [1319, 853], [1320, 853], [1321, 853], [1327, 853], [1328, 853], [1329, 853], [1347, 853], [1348, 853], [1349, 853], [1497, 853], [1498, 853], [1499, 853], [1066, 854], [1067, 854], [1069, 854], [1070, 854], [1071, 854], [1290, 854], [1291, 854], [1292, 854], [1293, 854], [1295, 854], [1296, 854], [1297, 854], [1312, 854], [1313, 854], [1320, 854], [1321, 854], [1328, 854], [1329, 854], [1330, 854], [1347, 854], [1348, 854], [1349, 854], [1498, 854], [1499, 854], [1500, 854], [1066, 855], [1067, 855], [1068, 855], [1069, 855], [1070, 855], [1071, 855], [1291, 855], [1292, 855], [1293, 855], [1294, 855], [1295, 855], [1296, 855], [1297, 855], [1298, 855], [1312, 855], [1313, 855], [1314, 855], [1320, 855], [1321, 855], [1328, 855], [1329, 855], [1330, 855], [1348, 855], [1349, 855], [1350, 855], [1485, 855], [1486, 855], [1487, 855], [1488, 855], [1498, 855], [1499, 855], [1500, 855], [1501, 855], [1066, 856], [1067, 856], [1068, 856], [1069, 856], [1070, 856], [1292, 856], [1293, 856], [1294, 856], [1295, 856], [1296, 856], [1297, 856], [1298, 856], [1312, 856], [1313, 856], [1314, 856], [1320, 856], [1321, 856], [1322, 856], [1329, 856], [1330, 856], [1331, 856], [1348, 856], [1349, 856], [1350, 856], [1485, 856], [1486, 856], [1487, 856], [1488, 856], [1489, 856], [1490, 856], [1499, 856], [1500, 856], [1501, 856], [1502, 856], [1293, 857], [1294, 857], [1295, 857], [1297, 857], [1298, 857], [1299, 857], [1313, 857], [1314, 857], [1315, 857], [1320, 857], [1321, 857], [1322, 857], [1329, 857], [1330, 857], [1331, 857], [1332, 857], [1349, 857], [1350, 857], [1485, 857], [1486, 857], [1488, 857], [1489, 857], [1490, 857], [1500, 857], [1501, 857], [1502, 857], [1297, 858], [1298, 858], [1299, 858], [1300, 858], [1313, 858], [1314, 858], [1315, 858], [1321, 858], [1322, 858], [1330, 858], [1331, 858], [1332, 858], [1349, 858], [1350, 858], [1351, 858], [1485, 858], [1486, 858], [1487, 858], [1489, 858], [1490, 858], [1501, 858], [1502, 858], [1503, 858], [1298, 859], [1299, 859], [1300, 859], [1301, 859], [1313, 859], [1314, 859], [1315, 859], [1321, 859], [1322, 859], [1323, 859], [1331, 859], [1332, 859], [1349, 859], [1350, 859], [1351, 859], [1486, 859], [1487, 859], [1489, 859], [1490, 859], [1491, 859], [1501, 859], [1502, 859], [1503, 859], [1504, 859], [1299, 860], [1300, 860], [1301, 860], [1302, 860], [1303, 860], [1304, 860], [1305, 860], [1306, 860], [1307, 860], [1308, 860], [1311, 860], [1312, 860], [1313, 860], [1314, 860], [1321, 860], [1322, 860], [1323, 860], [1324, 860], [1331, 860], [1332, 860], [1350, 860], [1351, 860], [1352, 860], [1486, 860], [1487, 860], [1488, 860], [1489, 860], [1490, 860], [1491, 860], [1502, 860], [1503, 860], [1504, 860], [1505, 860], [1300, 861], [1301, 861], [1302, 861], [1303, 861], [1304, 861], [1305, 861], [1306, 861], [1307, 861], [1308, 861], [1309, 861], [1310, 861], [1311, 861], [1312, 861], [1313, 861], [1314, 861], [1322, 861], [1323, 861], [1324, 861], [1325, 861], [1326, 861], [1330, 861], [1331, 861], [1332, 861], [1350, 861], [1351, 861], [1352, 861], [1353, 861], [1473, 861], [1474, 861], [1475, 861], [1476, 861], [1477, 861], [1478, 861], [1486, 861], [1487, 861], [1488, 861], [1490, 861], [1491, 861], [1503, 861], [1504, 861], [1505, 861], [1307, 862], [1308, 862], [1309, 862], [1310, 862], [1311, 862], [1312, 862], [1323, 862], [1324, 862], [1325, 862], [1326, 862], [1327, 862], [1328, 862], [1329, 862], [1330, 862], [1331, 862], [1332, 862], [1351, 862], [1352, 862], [1353, 862], [1354, 862], [1355, 862], [1462, 862], [1463, 862], [1464, 862], [1470, 862], [1471, 862], [1472, 862], [1473, 862], [1474, 862], [1475, 862], [1476, 862], [1477, 862], [1478, 862], [1487, 862], [1488, 862], [1489, 862], [1490, 862], [1491, 862], [1492, 862], [1504, 862], [1505, 862], [1506, 862], [1325, 863], [1326, 863], [1327, 863], [1328, 863], [1329, 863], [1330, 863], [1331, 863], [1352, 863], [1353, 863], [1354, 863], [1355, 863], [1356, 863], [1462, 863], [1463, 863], [1464, 863], [1465, 863], [1466, 863], [1467, 863], [1468, 863], [1469, 863], [1470, 863], [1471, 863], [1472, 863], [1473, 863], [1474, 863], [1475, 863], [1476, 863], [1477, 863], [1478, 863], [1487, 863], [1488, 863], [1489, 863], [1490, 863], [1491, 863], [1492, 863], [1504, 863], [1505, 863], [1506, 863], [1507, 863], [1354, 864], [1355, 864], [1356, 864], [1357, 864], [1395, 864], [1396, 864], [1397, 864], [1462, 864], [1463, 864], [1464, 864], [1465, 864], [1466, 864], [1467, 864], [1468, 864], [1469, 864], [1470, 864], [1471, 864], [1472, 864], [1473, 864], [1474, 864], [1475, 864], [1476, 864], [1477, 864], [1478, 864], [1488, 864], [1489, 864], [1490, 864], [1491, 864], [1492, 864], [1505, 864], [1506, 864], [1507, 864], [1355, 865], [1356, 865], [1357, 865], [1358, 865], [1359, 865], [1360, 865], [1361, 865], [1362, 865], [1363, 865], [1364, 865], [1365, 865], [1394, 865], [1395, 865], [1396, 865], [1397, 865], [1398, 865], [1463, 865], [1464, 865], [1465, 865], [1466, 865], [1467, 865], [1468, 865], [1469, 865], [1470, 865], [1471, 865], [1472, 865], [1473, 865], [1474, 865], [1475, 865], [1476, 865], [1477, 865], [1478, 865], [1488, 865], [1489, 865], [1490, 865], [1506, 865], [1507, 865], [1508, 865], [1356, 866], [1357, 866], [1358, 866], [1359, 866], [1360, 866], [1361, 866], [1362, 866], [1363, 866], [1364, 866], [1365, 866], [1366, 866], [1367, 866], [1368, 866], [1369, 866], [1370, 866], [1371, 866], [1372, 866], [1373, 866], [1385, 866], [1386, 866], [1387, 866], [1388, 866], [1394, 866], [1395, 866], [1396, 866], [1397, 866], [1398, 866], [1399, 866], [1400, 866], [1401, 866], [1402, 866], [1403, 866], [1404, 866], [1464, 866], [1465, 866], [1466, 866], [1467, 866], [1468, 866], [1469, 866], [1470, 866], [1471, 866], [1472, 866], [1473, 866], [1474, 866], [1475, 866], [1476, 866], [1477, 866], [1478, 866], [1506, 866], [1507, 866], [1508, 866], [1509, 866], [1364, 867], [1365, 867], [1366, 867], [1367, 867], [1368, 867], [1369, 867], [1370, 867], [1371, 867], [1372, 867], [1373, 867], [1374, 867], [1375, 867], [1376, 867], [1377, 867], [1378, 867], [1379, 867], [1380, 867], [1381, 867], [1382, 867], [1383, 867], [1384, 867], [1385, 867], [1386, 867], [1387, 867], [1388, 867], [1389, 867], [1390, 867], [1393, 867], [1394, 867], [1395, 867], [1397, 867], [1398, 867], [1399, 867], [1400, 867], [1401, 867], [1402, 867], [1403, 867], [1404, 867], [1405, 867], [1406, 867], [1407, 867], [1427, 867], [1428, 867], [1429, 867], [1430, 867], [1431, 867], [1432, 867], [1433, 867], [1434, 867], [1466, 867], [1467, 867], [1468, 867], [1469, 867], [1507, 867], [1508, 867], [1509, 867], [1372, 868], [1373, 868], [1374, 868], [1375, 868], [1376, 868], [1377, 868], [1378, 868], [1379, 868], [1380, 868], [1381, 868], [1382, 868], [1383, 868], [1384, 868], [1385, 868], [1386, 868], [1387, 868], [1388, 868], [1389, 868], [1390, 868], [1391, 868], [1392, 868], [1393, 868], [1394, 868], [1395, 868], [1403, 868], [1404, 868], [1405, 868], [1406, 868], [1407, 868], [1408, 868], [1410, 868], [1411, 868], [1412, 868], [1413, 868], [1414, 868], [1426, 868], [1427, 868], [1428, 868], [1429, 868], [1430, 868], [1431, 868], [1432, 868], [1433, 868], [1434, 868], [1435, 868], [1436, 868], [1437, 868], [1438, 868], [1508, 868], [1509, 868], [1510, 868], [1380, 869], [1381, 869], [1382, 869], [1383, 869], [1389, 869], [1390, 869], [1391, 869], [1392, 869], [1393, 869], [1394, 869], [1406, 869], [1407, 869], [1408, 869], [1409, 869], [1410, 869], [1411, 869], [1412, 869], [1413, 869], [1414, 869], [1415, 869], [1416, 869], [1417, 869], [1418, 869], [1419, 869], [1420, 869], [1421, 869], [1422, 869], [1423, 869], [1424, 869], [1425, 869], [1426, 869], [1427, 869], [1428, 869], [1433, 869], [1434, 869], [1435, 869], [1436, 869], [1437, 869], [1438, 869], [1439, 869], [1440, 869], [1441, 869], [1508, 869], [1509, 869], [1510, 869], [1407, 870], [1408, 870], [1409, 870], [1410, 870], [1411, 870], [1413, 870], [1414, 870], [1415, 870], [1416, 870], [1417, 870], [1418, 870], [1419, 870], [1420, 870], [1421, 870], [1422, 870], [1423, 870], [1424, 870], [1425, 870], [1426, 870], [1427, 870], [1437, 870], [1438, 870], [1439, 870], [1440, 870], [1441, 870], [1442, 870], [1443, 870], [1445, 870], [1446, 870], [1447, 870], [1448, 870], [1509, 870], [1510, 870], [1511, 870], [1440, 871], [1441, 871], [1442, 871], [1443, 871], [1444, 871], [1445, 871], [1446, 871], [1447, 871], [1448, 871], [1449, 871], [1450, 871], [1451, 871], [1452, 871], [1453, 871], [1454, 871], [1455, 871], [1456, 871], [1457, 871], [1458, 871], [1509, 871], [1510, 871], [1511, 871], [1442, 872], [1443, 872], [1444, 872], [1445, 872], [1446, 872], [1447, 872], [1448, 872], [1449, 872], [1450, 872], [1451, 872], [1452, 872], [1453, 872], [1454, 872], [1455, 872], [1456, 872], [1457, 872], [1458, 872], [1459, 872], [1460, 872], [1461, 872], [1462, 872], [1463, 872], [1464, 872], [1465, 872], [1466, 872], [1467, 872], [1510, 872], [1511, 872], [1457, 873], [1458, 873], [1459, 873], [1460, 873], [1461, 873], [1462, 873], [1463, 873], [1464, 873], [1465, 873], [1466, 873], [1467, 873], [1468, 873], [1469, 873], [1470, 873], [1471, 873], [1472, 873], [1473, 873], [1474, 873], [1475, 873], [1488, 873], [1489, 873], [1490, 873], [1491, 873], [1492, 873], [1493, 873], [1494, 873], [1495, 873], [1496, 873], [1497, 873], [1510, 873], [1511, 873], [1512, 873], [1466, 874], [1467, 874], [1468, 874], [1469, 874], [1470, 874], [1471, 874], [1472, 874], [1473, 874], [1474, 874], [1475, 874], [1476, 874], [1477, 874], [1478, 874], [1479, 874], [1480, 874], [1481, 874], [1482, 874], [1483, 874], [1484, 874], [1485, 874], [1486, 874], [1487, 874], [1488, 874], [1489, 874], [1490, 874], [1491, 874], [1492, 874], [1493, 874], [1494, 874], [1495, 874], [1496, 874], [1497, 874], [1498, 874], [1499, 874], [1500, 874], [1501, 874], [1502, 874], [1503, 874], [1504, 874], [1505, 874], [1506, 874], [1507, 874], [1510, 874], [1511, 874], [1512, 874], [1474, 875], [1475, 875], [1476, 875], [1477, 875], [1478, 875], [1479, 875], [1480, 875], [1481, 875], [1482, 875], [1483, 875], [1484, 875], [1485, 875], [1486, 875], [1487, 875], [1488, 875], [1489, 875], [1496, 875], [1497, 875], [1498, 875], [1499, 875], [1500, 875], [1501, 875], [1502, 875], [1503, 875], [1504, 875], [1505, 875], [1506, 875], [1507, 875], [1508, 875], [1511, 875], [1512, 875], [1500, 876], [1501, 876], [1502, 876], [1503, 876], [1506, 876], [1507, 876], [1508, 876], [1509, 876], [1510, 876], [1511, 876], [1512, 876], [1507, 877], [1508, 877], [1509, 877], [1510, 877], [1511, 877], [1512, 877], [1388, 955], [1389, 955], [1390, 955], [1391, 955], [1392, 955], [1388, 956], [1389, 956], [1390, 956], [1391, 956], [1392, 956], [1393, 956], [1388, 957], [1389, 957], [1391, 957], [1392, 957], [1393, 957], [1388, 958], [1389, 958], [1392, 958], [1393, 958], [1394, 958], [1388, 959], [1389, 959], [1392, 959], [1393, 959], [1394, 959], [1395, 959], [1388, 960], [1389, 960], [1393, 960], [1394, 960], [1395, 960], [1396, 960], [1388, 961], [1389, 961], [1394, 961], [1395, 961], [1396, 961], [1397, 961], [1388, 962], [1389, 962], [1390, 962], [1395, 962], [1396, 962], [1397, 962], [1398, 962], [1388, 963], [1389, 963], [1390, 963], [1396, 963], [1397, 963], [1398, 963], [1389, 964], [1390, 964], [1397, 964], [1398, 964], [1399, 964], [1389, 965], [1390, 965], [1397, 965], [1398, 965], [1399, 965], [1400, 965], [1389, 966], [1390, 966], [1398, 966], [1399, 966], [1400, 966], [1389, 967], [1390, 967], [1391, 967], [1399, 967], [1400, 967], [1401, 967], [1389, 968], [1390, 968], [1391, 968], [1399, 968], [1400, 968], [1401, 968], [1402, 968], [1390, 969], [1391, 969], [1400, 969], [1401, 969], [1402, 969], [1403, 969], [1390, 970], [1391, 970], [1401, 970], [1402, 970], [1403, 970], [1390, 971], [1391, 971], [1402, 971], [1403, 971], [1404, 971], [1390, 972], [1391, 972], [1402, 972], [1403, 972], [1404, 972], [1405, 972], [1390, 973], [1391, 973], [1392, 973], [1403, 973], [1404, 973], [1405, 973], [1406, 973], [1390, 974], [1391, 974], [1392, 974], [1404, 974], [1405, 974], [1406, 974], [1407, 974], [1391, 975], [1392, 975], [1405, 975], [1406, 975], [1407, 975], [1391, 976], [1392, 976], [1406, 976], [1407, 976], [1408, 976], [1391, 977], [1392, 977], [1406, 977], [1407, 977], [1408, 977], [1409, 977], [1391, 978], [1392, 978], [1393, 978], [1407, 978], [1408, 978], [1409, 978], [1410, 978], [1391, 979], [1392, 979], [1393, 979], [1408, 979], [1409, 979], [1410, 979], [1411, 979], [1392, 980], [1393, 980], [1409, 980], [1410, 980], [1411, 980], [1392, 981], [1393, 981], [1394, 981], [1410, 981], [1411, 981], [1412, 981], [1392, 982], [1393, 982], [1394, 982], [1410, 982], [1411, 982], [1412, 982], [1393, 983], [1394, 983], [1411, 983], [1412, 983], [1413, 983], [1393, 984], [1394, 984], [1411, 984], [1412, 984], [1413, 984], [1393, 985], [1394, 985], [1412, 985], [1413, 985], [1414, 985], [1393, 986], [1394, 986], [1412, 986], [1413, 986], [1414, 986], [1393, 987], [1394, 987], [1395, 987], [1413, 987], [1414, 987], [1415, 987], [1393, 988], [1394, 988], [1395, 988], [1396, 988], [1413, 988], [1414, 988], [1415, 988], [1394, 989], [1395, 989], [1396, 989], [1414, 989], [1415, 989], [1416, 989], [1395, 990], [1396, 990], [1414, 990], [1415, 990], [1416, 990], [1395, 991], [1396, 991], [1415, 991], [1416, 991], [1417, 991], [1395, 992], [1396, 992], [1415, 992], [1416, 992], [1417, 992], [1418, 992], [1395, 993], [1396, 993], [1416, 993], [1417, 993], [1418, 993], [1419, 993], [1395, 994], [1396, 994], [1417, 994], [1418, 994], [1419, 994], [1395, 995], [1396, 995], [1397, 995], [1418, 995], [1419, 995], [1420, 995], [1395, 996], [1396, 996], [1397, 996], [1418, 996], [1419, 996], [1420, 996], [1421, 996], [1396, 997], [1397, 997], [1419, 997], [1420, 997], [1421, 997], [1422, 997], [1396, 998], [1397, 998], [1398, 998], [1420, 998], [1421, 998], [1422, 998], [1423, 998], [1396, 999], [1397, 999], [1398, 999], [1421, 999], [1422, 999], [1423, 999], [1397, 1000], [1398, 1000], [1422, 1000], [1423, 1000], [1424, 1000], [1397, 1001], [1398, 1001], [1399, 1001], [1422, 1001], [1423, 1001], [1424, 1001], [1425, 1001], [1397, 1002], [1398, 1002], [1399, 1002], [1423, 1002], [1424, 1002], [1425, 1002], [1398, 1003], [1399, 1003], [1424, 1003], [1425, 1003], [1426, 1003], [1398, 1004], [1399, 1004], [1400, 1004], [1424, 1004], [1425, 1004], [1426, 1004], [1398, 1005], [1399, 1005], [1400, 1005], [1425, 1005], [1426, 1005], [1427, 1005], [1399, 1006], [1400, 1006], [1425, 1006], [1426, 1006], [1427, 1006], [1428, 1006], [1399, 1007], [1400, 1007], [1401, 1007], [1426, 1007], [1427, 1007], [1428, 1007], [1399, 1008], [1400, 1008], [1401, 1008], [1427, 1008], [1428, 1008], [1429, 1008], [1400, 1009], [1401, 1009], [1427, 1009], [1428, 1009], [1429, 1009], [1400, 1010], [1401, 1010], [1428, 1010], [1429, 1010], [1430, 1010], [1400, 1011], [1401, 1011], [1428, 1011], [1429, 1011], [1430, 1011], [1400, 1012], [1401, 1012], [1402, 1012], [1429, 1012], [1430, 1012], [1431, 1012], [1400, 1013], [1401, 1013], [1402, 1013], [1429, 1013], [1430, 1013], [1431, 1013], [1432, 1013], [1401, 1014], [1402, 1014], [1430, 1014], [1431, 1014], [1432, 1014], [1433, 1014], [1401, 1015], [1402, 1015], [1431, 1015], [1432, 1015], [1433, 1015], [1434, 1015], [1401, 1016], [1402, 1016], [1432, 1016], [1433, 1016], [1434, 1016], [1435, 1016], [1401, 1017], [1402, 1017], [1433, 1017], [1434, 1017], [1435, 1017], [1436, 1017], [1401, 1018], [1402, 1018], [1403, 1018], [1434, 1018], [1435, 1018], [1436, 1018], [1437, 1018], [1401, 1019], [1402, 1019], [1403, 1019], [1435, 1019], [1436, 1019], [1437, 1019], [1402, 1020], [1403, 1020], [1436, 1020], [1437, 1020], [1438, 1020], [1402, 1021], [1403, 1021], [1404, 1021], [1436, 1021], [1437, 1021], [1438, 1021], [1402, 1022], [1403, 1022], [1404, 1022], [1437, 1022], [1438, 1022], [1439, 1022], [1403, 1023], [1404, 1023], [1437, 1023], [1438, 1023], [1439, 1023], [1440, 1023], [1403, 1024], [1404, 1024], [1405, 1024], [1438, 1024], [1439, 1024], [1440, 1024], [1441, 1024], [1403, 1025], [1404, 1025], [1405, 1025], [1439, 1025], [1440, 1025], [1441, 1025], [1403, 1026], [1404, 1026], [1405, 1026], [1440, 1026], [1441, 1026], [1442, 1026], [1402, 1027], [1403, 1027], [1404, 1027], [1405, 1027], [1434, 1027], [1435, 1027], [1436, 1027], [1440, 1027], [1441, 1027], [1442, 1027], [1401, 1028], [1402, 1028], [1403, 1028], [1404, 1028], [1432, 1028], [1433, 1028], [1434, 1028], [1435, 1028], [1436, 1028], [1437, 1028], [1441, 1028], [1442, 1028], [1443, 1028], [1444, 1028], [1401, 1029], [1402, 1029], [1403, 1029], [1406, 1029], [1407, 1029], [1408, 1029], [1409, 1029], [1432, 1029], [1433, 1029], [1434, 1029], [1435, 1029], [1436, 1029], [1437, 1029], [1438, 1029], [1441, 1029], [1442, 1029], [1443, 1029], [1444, 1029], [1445, 1029], [1401, 1030], [1402, 1030], [1406, 1030], [1407, 1030], [1408, 1030], [1409, 1030], [1410, 1030], [1432, 1030], [1433, 1030], [1434, 1030], [1435, 1030], [1436, 1030], [1437, 1030], [1438, 1030], [1443, 1030], [1444, 1030], [1445, 1030], [1401, 1031], [1402, 1031], [1403, 1031], [1406, 1031], [1407, 1031], [1409, 1031], [1410, 1031], [1432, 1031], [1433, 1031], [1434, 1031], [1437, 1031], [1438, 1031], [1444, 1031], [1445, 1031], [1446, 1031], [1401, 1032], [1402, 1032], [1403, 1032], [1406, 1032], [1407, 1032], [1408, 1032], [1409, 1032], [1410, 1032], [1433, 1032], [1434, 1032], [1435, 1032], [1436, 1032], [1437, 1032], [1438, 1032], [1439, 1032], [1444, 1032], [1445, 1032], [1446, 1032], [1447, 1032], [1402, 1033], [1403, 1033], [1404, 1033], [1407, 1033], [1408, 1033], [1409, 1033], [1410, 1033], [1433, 1033], [1434, 1033], [1435, 1033], [1436, 1033], [1437, 1033], [1438, 1033], [1439, 1033], [1445, 1033], [1446, 1033], [1447, 1033], [1448, 1033], [1402, 1034], [1403, 1034], [1404, 1034], [1405, 1034], [1407, 1034], [1408, 1034], [1409, 1034], [1410, 1034], [1411, 1034], [1435, 1034], [1436, 1034], [1437, 1034], [1438, 1034], [1439, 1034], [1446, 1034], [1447, 1034], [1448, 1034], [1403, 1035], [1404, 1035], [1405, 1035], [1406, 1035], [1407, 1035], [1408, 1035], [1409, 1035], [1410, 1035], [1411, 1035], [1435, 1035], [1436, 1035], [1437, 1035], [1438, 1035], [1439, 1035], [1447, 1035], [1448, 1035], [1449, 1035], [1404, 1036], [1405, 1036], [1406, 1036], [1408, 1036], [1409, 1036], [1410, 1036], [1411, 1036], [1412, 1036], [1435, 1036], [1436, 1036], [1437, 1036], [1438, 1036], [1439, 1036], [1447, 1036], [1448, 1036], [1449, 1036], [1405, 1037], [1406, 1037], [1408, 1037], [1409, 1037], [1411, 1037], [1412, 1037], [1436, 1037], [1437, 1037], [1438, 1037], [1439, 1037], [1448, 1037], [1449, 1037], [1450, 1037], [1405, 1038], [1406, 1038], [1408, 1038], [1409, 1038], [1410, 1038], [1411, 1038], [1412, 1038], [1413, 1038], [1436, 1038], [1437, 1038], [1438, 1038], [1439, 1038], [1448, 1038], [1449, 1038], [1450, 1038], [1451, 1038], [1405, 1039], [1406, 1039], [1409, 1039], [1410, 1039], [1411, 1039], [1412, 1039], [1413, 1039], [1414, 1039], [1436, 1039], [1437, 1039], [1438, 1039], [1439, 1039], [1442, 1039], [1443, 1039], [1444, 1039], [1449, 1039], [1450, 1039], [1451, 1039], [1405, 1040], [1406, 1040], [1407, 1040], [1409, 1040], [1410, 1040], [1412, 1040], [1413, 1040], [1414, 1040], [1436, 1040], [1437, 1040], [1438, 1040], [1439, 1040], [1442, 1040], [1443, 1040], [1444, 1040], [1445, 1040], [1446, 1040], [1447, 1040], [1450, 1040], [1451, 1040], [1452, 1040], [1405, 1041], [1406, 1041], [1407, 1041], [1409, 1041], [1410, 1041], [1411, 1041], [1413, 1041], [1414, 1041], [1415, 1041], [1437, 1041], [1438, 1041], [1439, 1041], [1442, 1041], [1443, 1041], [1444, 1041], [1445, 1041], [1446, 1041], [1447, 1041], [1450, 1041], [1451, 1041], [1452, 1041], [1405, 1042], [1406, 1042], [1407, 1042], [1409, 1042], [1410, 1042], [1411, 1042], [1413, 1042], [1414, 1042], [1415, 1042], [1442, 1042], [1443, 1042], [1444, 1042], [1445, 1042], [1446, 1042], [1447, 1042], [1451, 1042], [1452, 1042], [1453, 1042], [1404, 1043], [1405, 1043], [1406, 1043], [1407, 1043], [1410, 1043], [1411, 1043], [1414, 1043], [1415, 1043], [1442, 1043], [1443, 1043], [1445, 1043], [1446, 1043], [1451, 1043], [1452, 1043], [1453, 1043], [1404, 1044], [1405, 1044], [1406, 1044], [1410, 1044], [1411, 1044], [1412, 1044], [1414, 1044], [1415, 1044], [1416, 1044], [1442, 1044], [1443, 1044], [1444, 1044], [1445, 1044], [1452, 1044], [1453, 1044], [1454, 1044], [1404, 1045], [1405, 1045], [1410, 1045], [1411, 1045], [1412, 1045], [1413, 1045], [1414, 1045], [1415, 1045], [1416, 1045], [1441, 1045], [1442, 1045], [1443, 1045], [1444, 1045], [1445, 1045], [1452, 1045], [1453, 1045], [1454, 1045], [1455, 1045], [1404, 1046], [1405, 1046], [1406, 1046], [1411, 1046], [1412, 1046], [1413, 1046], [1414, 1046], [1415, 1046], [1416, 1046], [1417, 1046], [1441, 1046], [1442, 1046], [1444, 1046], [1445, 1046], [1453, 1046], [1454, 1046], [1455, 1046], [1456, 1046], [1404, 1047], [1405, 1047], [1406, 1047], [1407, 1047], [1412, 1047], [1413, 1047], [1414, 1047], [1415, 1047], [1416, 1047], [1417, 1047], [1441, 1047], [1442, 1047], [1443, 1047], [1444, 1047], [1445, 1047], [1446, 1047], [1454, 1047], [1455, 1047], [1456, 1047], [1405, 1048], [1406, 1048], [1407, 1048], [1413, 1048], [1414, 1048], [1415, 1048], [1416, 1048], [1417, 1048], [1441, 1048], [1442, 1048], [1443, 1048], [1444, 1048], [1445, 1048], [1446, 1048], [1447, 1048], [1448, 1048], [1449, 1048], [1455, 1048], [1456, 1048], [1457, 1048], [1406, 1049], [1407, 1049], [1413, 1049], [1414, 1049], [1415, 1049], [1416, 1049], [1417, 1049], [1418, 1049], [1441, 1049], [1442, 1049], [1443, 1049], [1444, 1049], [1445, 1049], [1446, 1049], [1447, 1049], [1448, 1049], [1449, 1049], [1450, 1049], [1451, 1049], [1455, 1049], [1456, 1049], [1457, 1049], [1458, 1049], [1406, 1050], [1407, 1050], [1408, 1050], [1414, 1050], [1415, 1050], [1416, 1050], [1417, 1050], [1418, 1050], [1419, 1050], [1444, 1050], [1445, 1050], [1446, 1050], [1447, 1050], [1448, 1050], [1449, 1050], [1450, 1050], [1451, 1050], [1456, 1050], [1457, 1050], [1458, 1050], [1459, 1050], [1406, 1051], [1407, 1051], [1408, 1051], [1415, 1051], [1416, 1051], [1417, 1051], [1418, 1051], [1419, 1051], [1420, 1051], [1445, 1051], [1446, 1051], [1447, 1051], [1450, 1051], [1451, 1051], [1457, 1051], [1458, 1051], [1459, 1051], [1460, 1051], [1407, 1052], [1408, 1052], [1409, 1052], [1415, 1052], [1416, 1052], [1418, 1052], [1419, 1052], [1420, 1052], [1445, 1052], [1446, 1052], [1447, 1052], [1448, 1052], [1449, 1052], [1450, 1052], [1451, 1052], [1458, 1052], [1459, 1052], [1460, 1052], [1407, 1053], [1408, 1053], [1409, 1053], [1410, 1053], [1415, 1053], [1416, 1053], [1417, 1053], [1419, 1053], [1420, 1053], [1446, 1053], [1447, 1053], [1448, 1053], [1449, 1053], [1450, 1053], [1451, 1053], [1459, 1053], [1460, 1053], [1461, 1053], [1408, 1054], [1409, 1054], [1410, 1054], [1415, 1054], [1416, 1054], [1417, 1054], [1419, 1054], [1420, 1054], [1421, 1054], [1446, 1054], [1447, 1054], [1448, 1054], [1449, 1054], [1450, 1054], [1451, 1054], [1452, 1054], [1459, 1054], [1460, 1054], [1461, 1054], [1409, 1055], [1410, 1055], [1411, 1055], [1416, 1055], [1417, 1055], [1418, 1055], [1419, 1055], [1420, 1055], [1421, 1055], [1422, 1055], [1446, 1055], [1447, 1055], [1448, 1055], [1449, 1055], [1450, 1055], [1451, 1055], [1452, 1055], [1460, 1055], [1461, 1055], [1462, 1055], [1409, 1056], [1410, 1056], [1411, 1056], [1412, 1056], [1416, 1056], [1417, 1056], [1418, 1056], [1420, 1056], [1421, 1056], [1422, 1056], [1446, 1056], [1447, 1056], [1448, 1056], [1450, 1056], [1451, 1056], [1452, 1056], [1453, 1056], [1454, 1056], [1460, 1056], [1461, 1056], [1462, 1056], [1410, 1057], [1411, 1057], [1412, 1057], [1417, 1057], [1418, 1057], [1419, 1057], [1421, 1057], [1422, 1057], [1423, 1057], [1446, 1057], [1447, 1057], [1448, 1057], [1450, 1057], [1451, 1057], [1452, 1057], [1454, 1057], [1461, 1057], [1462, 1057], [1463, 1057], [1411, 1058], [1412, 1058], [1413, 1058], [1417, 1058], [1418, 1058], [1419, 1058], [1421, 1058], [1422, 1058], [1423, 1058], [1447, 1058], [1448, 1058], [1449, 1058], [1450, 1058], [1451, 1058], [1452, 1058], [1453, 1058], [1454, 1058], [1455, 1058], [1461, 1058], [1462, 1058], [1463, 1058], [1411, 1059], [1412, 1059], [1413, 1059], [1414, 1059], [1418, 1059], [1419, 1059], [1422, 1059], [1423, 1059], [1424, 1059], [1447, 1059], [1448, 1059], [1449, 1059], [1450, 1059], [1451, 1059], [1452, 1059], [1453, 1059], [1454, 1059], [1455, 1059], [1462, 1059], [1463, 1059], [1464, 1059], [1412, 1060], [1413, 1060], [1414, 1060], [1418, 1060], [1419, 1060], [1420, 1060], [1422, 1060], [1423, 1060], [1424, 1060], [1448, 1060], [1449, 1060], [1454, 1060], [1455, 1060], [1462, 1060], [1463, 1060], [1464, 1060], [1465, 1060], [1413, 1061], [1414, 1061], [1418, 1061], [1419, 1061], [1420, 1061], [1423, 1061], [1424, 1061], [1448, 1061], [1449, 1061], [1450, 1061], [1454, 1061], [1455, 1061], [1463, 1061], [1464, 1061], [1465, 1061], [1466, 1061], [1413, 1062], [1414, 1062], [1419, 1062], [1420, 1062], [1421, 1062], [1423, 1062], [1424, 1062], [1425, 1062], [1448, 1062], [1449, 1062], [1450, 1062], [1454, 1062], [1455, 1062], [1464, 1062], [1465, 1062], [1466, 1062], [1467, 1062], [1413, 1063], [1414, 1063], [1419, 1063], [1420, 1063], [1421, 1063], [1423, 1063], [1424, 1063], [1425, 1063], [1449, 1063], [1450, 1063], [1454, 1063], [1455, 1063], [1465, 1063], [1466, 1063], [1467, 1063], [1413, 1064], [1414, 1064], [1415, 1064], [1420, 1064], [1421, 1064], [1424, 1064], [1425, 1064], [1449, 1064], [1450, 1064], [1454, 1064], [1455, 1064], [1466, 1064], [1467, 1064], [1468, 1064], [1413, 1065], [1414, 1065], [1415, 1065], [1420, 1065], [1421, 1065], [1422, 1065], [1423, 1065], [1424, 1065], [1425, 1065], [1449, 1065], [1450, 1065], [1451, 1065], [1454, 1065], [1455, 1065], [1456, 1065], [1466, 1065], [1467, 1065], [1468, 1065], [1414, 1066], [1415, 1066], [1416, 1066], [1420, 1066], [1421, 1066], [1422, 1066], [1423, 1066], [1424, 1066], [1425, 1066], [1449, 1066], [1450, 1066], [1451, 1066], [1452, 1066], [1454, 1066], [1455, 1066], [1456, 1066], [1457, 1066], [1458, 1066], [1467, 1066], [1468, 1066], [1469, 1066], [1414, 1067], [1415, 1067], [1416, 1067], [1421, 1067], [1422, 1067], [1423, 1067], [1424, 1067], [1425, 1067], [1450, 1067], [1451, 1067], [1452, 1067], [1455, 1067], [1456, 1067], [1457, 1067], [1458, 1067], [1467, 1067], [1468, 1067], [1469, 1067], [1470, 1067], [1415, 1068], [1416, 1068], [1422, 1068], [1423, 1068], [1424, 1068], [1425, 1068], [1426, 1068], [1451, 1068], [1452, 1068], [1457, 1068], [1458, 1068], [1468, 1068], [1469, 1068], [1470, 1068], [1471, 1068], [1408, 1069], [1409, 1069], [1410, 1069], [1411, 1069], [1412, 1069], [1415, 1069], [1416, 1069], [1423, 1069], [1424, 1069], [1425, 1069], [1426, 1069], [1451, 1069], [1452, 1069], [1457, 1069], [1458, 1069], [1469, 1069], [1470, 1069], [1471, 1069], [1472, 1069], [1408, 1070], [1409, 1070], [1410, 1070], [1411, 1070], [1412, 1070], [1413, 1070], [1414, 1070], [1415, 1070], [1416, 1070], [1424, 1070], [1425, 1070], [1426, 1070], [1451, 1070], [1452, 1070], [1453, 1070], [1457, 1070], [1458, 1070], [1470, 1070], [1471, 1070], [1472, 1070], [1473, 1070], [1408, 1071], [1409, 1071], [1411, 1071], [1412, 1071], [1413, 1071], [1414, 1071], [1415, 1071], [1416, 1071], [1451, 1071], [1452, 1071], [1453, 1071], [1454, 1071], [1457, 1071], [1458, 1071], [1459, 1071], [1471, 1071], [1472, 1071], [1473, 1071], [1474, 1071], [1408, 1072], [1409, 1072], [1452, 1072], [1453, 1072], [1454, 1072], [1457, 1072], [1458, 1072], [1459, 1072], [1472, 1072], [1473, 1072], [1474, 1072], [1408, 1073], [1409, 1073], [1410, 1073], [1414, 1073], [1415, 1073], [1416, 1073], [1417, 1073], [1453, 1073], [1454, 1073], [1455, 1073], [1458, 1073], [1459, 1073], [1473, 1073], [1474, 1073], [1475, 1073], [1408, 1074], [1409, 1074], [1410, 1074], [1414, 1074], [1415, 1074], [1416, 1074], [1417, 1074], [1453, 1074], [1454, 1074], [1455, 1074], [1458, 1074], [1459, 1074], [1473, 1074], [1474, 1074], [1475, 1074], [1409, 1075], [1410, 1075], [1414, 1075], [1415, 1075], [1416, 1075], [1417, 1075], [1427, 1075], [1428, 1075], [1429, 1075], [1454, 1075], [1455, 1075], [1456, 1075], [1457, 1075], [1458, 1075], [1459, 1075], [1474, 1075], [1475, 1075], [1476, 1075], [1409, 1076], [1410, 1076], [1427, 1076], [1428, 1076], [1429, 1076], [1454, 1076], [1455, 1076], [1456, 1076], [1457, 1076], [1458, 1076], [1459, 1076], [1460, 1076], [1461, 1076], [1462, 1076], [1474, 1076], [1475, 1076], [1476, 1076], [1477, 1076], [1409, 1077], [1410, 1077], [1411, 1077], [1427, 1077], [1428, 1077], [1429, 1077], [1454, 1077], [1455, 1077], [1456, 1077], [1457, 1077], [1458, 1077], [1459, 1077], [1460, 1077], [1461, 1077], [1462, 1077], [1463, 1077], [1475, 1077], [1476, 1077], [1477, 1077], [1409, 1078], [1410, 1078], [1411, 1078], [1427, 1078], [1428, 1078], [1429, 1078], [1454, 1078], [1455, 1078], [1456, 1078], [1458, 1078], [1459, 1078], [1460, 1078], [1461, 1078], [1462, 1078], [1463, 1078], [1476, 1078], [1477, 1078], [1478, 1078], [1410, 1079], [1411, 1079], [1454, 1079], [1455, 1079], [1456, 1079], [1461, 1079], [1462, 1079], [1463, 1079], [1476, 1079], [1477, 1079], [1478, 1079]


