White line left - 




Yellow line left - [1495, 249], [1496, 249], [1497, 249], [1498, 249], [1499, 249], [1500, 249], [1501, 249], [1502, 249], [1503, 249], [1504, 249], [1505, 249], [1506, 249], [1507, 249], [1508, 249], [1494, 250], [1495, 250], [1496, 250], [1497, 250], [1498, 250], [1499, 250], [1500, 250], [1501, 250], [1502, 250], [1503, 250], [1504, 250], [1505, 250], [1506, 250], [1507, 250], [1508, 250], [1509, 250], [1510, 250], [1511, 250], [1512, 250], [1513, 250], [1514, 250], [1515, 250], [1516, 250], [1517, 250], [1498, 251], [1499, 251], [1500, 251], [1501, 251], [1502, 251], [1503, 251], [1504, 251], [1505, 251], [1506, 251], [1507, 251], [1508, 251], [1509, 251], [1510, 251], [1511, 251], [1512, 251], [1513, 251], [1514, 251], [1515, 251], [1516, 251], [1517, 251], [1518, 251], [1519, 251], [1520, 251], [1521, 251], [1490, 252], [1516, 252], [1517, 252], [1518, 252], [1519, 252], [1520, 252], [1521, 252], [1488, 253], [1489, 253], [1490, 253], [1491, 253], [1519, 253], [1520, 253], [1521, 253], [1487, 254], [1488, 254], [1489, 254], [1490, 254], [1491, 254], [1517, 254], [1518, 254], [1519, 254], [1520, 254], [1521, 254], [1485, 255], [1486, 255], [1487, 255], [1488, 255], [1489, 255], [1490, 255], [1491, 255], [1511, 255], [1512, 255], [1513, 255], [1514, 255], [1515, 255], [1516, 255], [1517, 255], [1518, 255], [1519, 255], [1520, 255], [1483, 256], [1484, 256], [1485, 256], [1486, 256], [1487, 256], [1488, 256], [1510, 256], [1511, 256], [1512, 256], [1513, 256], [1514, 256], [1515, 256], [1516, 256], [1517, 256], [1518, 256], [1482, 257], [1483, 257], [1484, 257], [1485, 257], [1510, 257], [1511, 257], [1512, 257], [1480, 258], [1481, 258], [1482, 258], [1483, 258], [1510, 258], [1511, 258], [1512, 258], [1513, 258], [1514, 258], [1517, 258], [1518, 258], [1519, 258], [1520, 258], [1521, 258], [1522, 258], [1523, 258], [1524, 258], [1525, 258], [1526, 258], [1527, 258], [1528, 258], [1529, 258], [1530, 258], [1531, 258], [1532, 258], [1533, 258], [1534, 258], [1622, 258], [1623, 258], [1624, 258], [1625, 258], [1626, 258], [1627, 258], [1628, 258], [1478, 259], [1479, 259], [1480, 259], [1511, 259], [1512, 259], [1513, 259], [1514, 259], [1515, 259], [1516, 259], [1517, 259], [1518, 259], [1519, 259], [1520, 259], [1521, 259], [1522, 259], [1523, 259], [1524, 259], [1525, 259], [1526, 259], [1527, 259], [1528, 259], [1529, 259], [1530, 259], [1531, 259], [1532, 259], [1533, 259], [1534, 259], [1535, 259], [1536, 259], [1537, 259], [1538, 259], [1539, 259], [1555, 259], [1556, 259], [1557, 259], [1558, 259], [1559, 259], [1560, 259], [1561, 259], [1562, 259], [1563, 259], [1622, 259], [1623, 259], [1624, 259], [1625, 259], [1626, 259], [1627, 259], [1628, 259], [1629, 259], [1630, 259], [1513, 260], [1514, 260], [1515, 260], [1516, 260], [1517, 260], [1518, 260], [1533, 260], [1534, 260], [1535, 260], [1536, 260], [1537, 260], [1538, 260], [1539, 260], [1540, 260], [1541, 260], [1542, 260], [1543, 260], [1544, 260], [1554, 260], [1555, 260], [1556, 260], [1557, 260], [1558, 260], [1559, 260], [1560, 260], [1561, 260], [1562, 260], [1563, 260], [1564, 260], [1565, 260], [1566, 260], [1622, 260], [1623, 260], [1624, 260], [1625, 260], [1626, 260], [1627, 260], [1628, 260], [1629, 260], [1630, 260], [1538, 261], [1539, 261], [1540, 261], [1541, 261], [1542, 261], [1543, 261], [1544, 261], [1545, 261], [1546, 261], [1547, 261], [1548, 261], [1549, 261], [1550, 261], [1551, 261], [1552, 261], [1553, 261], [1554, 261], [1555, 261], [1556, 261], [1562, 261], [1563, 261], [1564, 261], [1565, 261], [1566, 261], [1567, 261], [1568, 261], [1569, 261], [1623, 261], [1624, 261], [1625, 261], [1626, 261], [1627, 261], [1628, 261], [1629, 261], [1630, 261], [1543, 262], [1544, 262], [1545, 262], [1546, 262], [1547, 262], [1548, 262], [1549, 262], [1550, 262], [1551, 262], [1552, 262], [1553, 262], [1554, 262], [1555, 262], [1565, 262], [1566, 262], [1567, 262], [1568, 262], [1569, 262], [1570, 262], [1571, 262], [1625, 262], [1626, 262], [1627, 262], [1628, 262], [1629, 262], [1568, 263], [1569, 263], [1570, 263], [1571, 263], [1572, 263], [1570, 264], [1571, 264], [1572, 264], [1573, 264], [1472, 265], [1473, 265], [1474, 265], [1475, 265], [1571, 265], [1572, 265], [1573, 265], [1574, 265], [1575, 265], [1576, 265], [1577, 265], [1578, 265], [1472, 266], [1473, 266], [1474, 266], [1475, 266], [1476, 266], [1477, 266], [1478, 266], [1572, 266], [1573, 266], [1574, 266], [1575, 266], [1576, 266], [1577, 266], [1578, 266], [1472, 267], [1473, 267], [1474, 267], [1475, 267], [1476, 267], [1477, 267], [1478, 267], [1574, 267], [1575, 267], [1576, 267], [1577, 267], [1578, 267], [1579, 267], [1580, 267], [1581, 267], [1582, 267], [1583, 267], [1584, 267], [1675, 267], [1676, 267], [1677, 267], [1678, 267], [1679, 267], [1680, 267], [1681, 267], [1682, 267], [1468, 268], [1469, 268], [1470, 268], [1471, 268], [1472, 268], [1473, 268], [1474, 268], [1475, 268], [1476, 268], [1477, 268], [1478, 268], [1577, 268], [1578, 268], [1579, 268], [1580, 268], [1581, 268], [1582, 268], [1583, 268], [1584, 268], [1585, 268], [1672, 268], [1673, 268], [1674, 268], [1675, 268], [1676, 268], [1677, 268], [1678, 268], [1679, 268], [1680, 268], [1681, 268], [1682, 268], [1683, 268], [1684, 268], [1467, 269], [1468, 269], [1469, 269], [1470, 269], [1471, 269], [1472, 269], [1474, 269], [1475, 269], [1476, 269], [1477, 269], [1478, 269], [1583, 269], [1584, 269], [1585, 269], [1586, 269], [1591, 269], [1592, 269], [1593, 269], [1594, 269], [1672, 269], [1673, 269], [1674, 269], [1675, 269], [1676, 269], [1681, 269], [1682, 269], [1683, 269], [1684, 269], [1685, 269], [1463, 270], [1464, 270], [1465, 270], [1466, 270], [1467, 270], [1468, 270], [1469, 270], [1470, 270], [1471, 270], [1472, 270], [1473, 270], [1474, 270], [1475, 270], [1476, 270], [1477, 270], [1584, 270], [1585, 270], [1586, 270], [1587, 270], [1588, 270], [1589, 270], [1590, 270], [1591, 270], [1592, 270], [1593, 270], [1594, 270], [1595, 270], [1596, 270], [1597, 270], [1598, 270], [1599, 270], [1600, 270], [1601, 270], [1602, 270], [1603, 270], [1604, 270], [1672, 270], [1673, 270], [1683, 270], [1684, 270], [1685, 270], [1458, 271], [1459, 271], [1460, 271], [1461, 271], [1462, 271], [1463, 271], [1464, 271], [1465, 271], [1466, 271], [1467, 271], [1468, 271], [1469, 271], [1470, 271], [1471, 271], [1472, 271], [1473, 271], [1475, 271], [1476, 271], [1477, 271], [1478, 271], [1479, 271], [1480, 271], [1585, 271], [1586, 271], [1587, 271], [1588, 271], [1589, 271], [1590, 271], [1591, 271], [1592, 271], [1593, 271], [1594, 271], [1595, 271], [1596, 271], [1597, 271], [1598, 271], [1599, 271], [1600, 271], [1601, 271], [1602, 271], [1603, 271], [1604, 271], [1605, 271], [1606, 271], [1607, 271], [1608, 271], [1609, 271], [1610, 271], [1611, 271], [1612, 271], [1613, 271], [1614, 271], [1615, 271], [1616, 271], [1617, 271], [1618, 271], [1619, 271], [1620, 271], [1621, 271], [1622, 271], [1623, 271], [1624, 271], [1625, 271], [1626, 271], [1627, 271], [1628, 271], [1629, 271], [1630, 271], [1631, 271], [1632, 271], [1633, 271], [1634, 271], [1635, 271], [1672, 271], [1673, 271], [1674, 271], [1679, 271], [1680, 271], [1681, 271], [1682, 271], [1683, 271], [1684, 271], [1685, 271], [1456, 272], [1457, 272], [1458, 272], [1459, 272], [1460, 272], [1461, 272], [1462, 272], [1463, 272], [1464, 272], [1465, 272], [1466, 272], [1467, 272], [1472, 272], [1473, 272], [1474, 272], [1475, 272], [1476, 272], [1477, 272], [1478, 272], [1479, 272], [1480, 272], [1603, 272], [1604, 272], [1605, 272], [1606, 272], [1607, 272], [1608, 272], [1609, 272], [1610, 272], [1611, 272], [1612, 272], [1613, 272], [1614, 272], [1615, 272], [1616, 272], [1617, 272], [1618, 272], [1619, 272], [1620, 272], [1621, 272], [1622, 272], [1623, 272], [1624, 272], [1625, 272], [1626, 272], [1627, 272], [1628, 272], [1629, 272], [1630, 272], [1631, 272], [1632, 272], [1633, 272], [1634, 272], [1635, 272], [1636, 272], [1637, 272], [1638, 272], [1671, 272], [1672, 272], [1673, 272], [1674, 272], [1677, 272], [1678, 272], [1679, 272], [1680, 272], [1681, 272], [1682, 272], [1683, 272], [1684, 272], [1457, 273], [1458, 273], [1459, 273], [1460, 273], [1477, 273], [1478, 273], [1479, 273], [1480, 273], [1611, 273], [1612, 273], [1613, 273], [1614, 273], [1615, 273], [1616, 273], [1634, 273], [1635, 273], [1636, 273], [1637, 273], [1638, 273], [1639, 273], [1640, 273], [1641, 273], [1671, 273], [1672, 273], [1673, 273], [1674, 273], [1676, 273], [1677, 273], [1678, 273], [1679, 273], [1680, 273], [1468, 274], [1469, 274], [1470, 274], [1471, 274], [1476, 274], [1477, 274], [1478, 274], [1479, 274], [1480, 274], [1637, 274], [1638, 274], [1639, 274], [1640, 274], [1641, 274], [1642, 274], [1669, 274], [1670, 274], [1671, 274], [1672, 274], [1676, 274], [1677, 274], [1678, 274], [1468, 275], [1469, 275], [1470, 275], [1471, 275], [1475, 275], [1476, 275], [1477, 275], [1478, 275], [1479, 275], [1480, 275], [1640, 275], [1641, 275], [1642, 275], [1643, 275], [1644, 275], [1669, 275], [1670, 275], [1671, 275], [1672, 275], [1676, 275], [1677, 275], [1678, 275], [1679, 275], [1468, 276], [1469, 276], [1470, 276], [1471, 276], [1475, 276], [1476, 276], [1477, 276], [1478, 276], [1641, 276], [1642, 276], [1643, 276], [1644, 276], [1645, 276], [1669, 276], [1670, 276], [1671, 276], [1672, 276], [1676, 276], [1677, 276], [1678, 276], [1679, 276], [1469, 277], [1470, 277], [1471, 277], [1475, 277], [1476, 277], [1477, 277], [1478, 277], [1479, 277], [1500, 277], [1501, 277], [1502, 277], [1503, 277], [1643, 277], [1644, 277], [1645, 277], [1646, 277], [1670, 277], [1671, 277], [1672, 277], [1673, 277], [1674, 277], [1675, 277], [1676, 277], [1677, 277], [1678, 277], [1679, 277], [1477, 278], [1478, 278], [1479, 278], [1480, 278], [1481, 278], [1500, 278], [1501, 278], [1502, 278], [1503, 278], [1644, 278], [1645, 278], [1646, 278], [1671, 278], [1672, 278], [1673, 278], [1674, 278], [1675, 278], [1676, 278], [1677, 278], [1478, 279], [1479, 279], [1480, 279], [1481, 279], [1482, 279], [1483, 279], [1484, 279], [1500, 279], [1501, 279], [1502, 279], [1503, 279], [1645, 279], [1646, 279], [1480, 280], [1481, 280], [1482, 280], [1483, 280], [1484, 280], [1485, 280], [1486, 280], [1487, 280], [1645, 280], [1646, 280], [1483, 281], [1484, 281], [1485, 281], [1486, 281], [1487, 281], [1488, 281], [1489, 281], [1645, 281], [1646, 281], [1486, 282], [1487, 282], [1488, 282], [1489, 282], [1490, 282], [1491, 282], [1492, 282], [1493, 282], [1494, 282], [1495, 282], [1645, 282], [1646, 282], [1647, 282], [1488, 283], [1489, 283], [1490, 283], [1491, 283], [1492, 283], [1493, 283], [1494, 283], [1495, 283], [1496, 283], [1645, 283], [1646, 283], [1647, 283], [1648, 283], [1494, 284], [1495, 284], [1496, 284], [1497, 284], [1498, 284], [1499, 284], [1646, 284], [1647, 284], [1648, 284], [1649, 284], [1650, 284], [1495, 285], [1496, 285], [1497, 285], [1498, 285], [1499, 285], [1500, 285], [1501, 285], [1502, 285], [1647, 285], [1648, 285], [1649, 285], [1650, 285], [1651, 285], [1652, 285], [1498, 286], [1499, 286], [1500, 286], [1501, 286], [1502, 286], [1503, 286], [1649, 286], [1650, 286], [1651, 286], [1652, 286], [1501, 287], [1502, 287], [1503, 287], [1504, 287], [1505, 287], [1506, 287], [1651, 287], [1652, 287], [1653, 287], [1502, 288], [1503, 288], [1504, 288], [1505, 288], [1506, 288], [1507, 288], [1651, 288], [1652, 288], [1653, 288], [1654, 288], [1655, 288], [1666, 288], [1667, 288], [1668, 288], [1669, 288], [1670, 288], [1671, 288], [1672, 288], [1673, 288], [1674, 288], [1505, 289], [1506, 289], [1507, 289], [1652, 289], [1653, 289], [1654, 289], [1655, 289], [1656, 289], [1657, 289], [1658, 289], [1659, 289], [1663, 289], [1664, 289], [1665, 289], [1666, 289], [1667, 289], [1668, 289], [1669, 289], [1670, 289], [1671, 289], [1672, 289], [1673, 289], [1674, 289], [1675, 289], [1676, 289], [1506, 290], [1507, 290], [1508, 290], [1654, 290], [1655, 290], [1656, 290], [1657, 290], [1658, 290], [1659, 290], [1660, 290], [1661, 290], [1662, 290], [1663, 290], [1664, 290], [1665, 290], [1666, 290], [1667, 290], [1673, 290], [1674, 290], [1675, 290], [1676, 290], [1677, 290], [1506, 291], [1507, 291], [1508, 291], [1509, 291], [1510, 291], [1655, 291], [1656, 291], [1657, 291], [1658, 291], [1659, 291], [1660, 291], [1661, 291], [1662, 291], [1663, 291], [1664, 291], [1675, 291], [1676, 291], [1677, 291], [1507, 292], [1508, 292], [1509, 292], [1510, 292], [1511, 292], [1512, 292], [1513, 292], [1514, 292], [1515, 292], [1516, 292], [1659, 292], [1660, 292], [1661, 292], [1674, 292], [1675, 292], [1676, 292], [1677, 292], [1509, 293], [1510, 293], [1511, 293], [1512, 293], [1513, 293], [1514, 293], [1515, 293], [1516, 293], [1517, 293], [1518, 293], [1519, 293], [1673, 293], [1674, 293], [1675, 293], [1676, 293], [1677, 293], [1515, 294], [1516, 294], [1517, 294], [1518, 294], [1519, 294], [1520, 294], [1521, 294], [1522, 294], [1673, 294], [1674, 294], [1675, 294], [1518, 295], [1519, 295], [1520, 295], [1521, 295], [1522, 295], [1523, 295], [1671, 295], [1672, 295], [1673, 295], [1674, 295], [1521, 296], [1522, 296], [1523, 296], [1524, 296], [1525, 296], [1668, 296], [1669, 296], [1670, 296], [1671, 296], [1672, 296], [1673, 296], [1674, 296], [1522, 297], [1523, 297], [1524, 297], [1525, 297], [1526, 297], [1527, 297], [1528, 297], [1668, 297], [1669, 297], [1670, 297], [1671, 297], [1672, 297], [1524, 298], [1525, 298], [1526, 298], [1527, 298], [1528, 298], [1529, 298], [1530, 298], [1531, 298], [1665, 298], [1666, 298], [1667, 298], [1668, 298], [1669, 298], [1527, 299], [1528, 299], [1529, 299], [1530, 299], [1531, 299], [1532, 299], [1533, 299], [1534, 299], [1665, 299], [1666, 299], [1667, 299], [1668, 299], [1669, 299], [1530, 300], [1531, 300], [1532, 300], [1533, 300], [1534, 300], [1535, 300], [1536, 300], [1665, 300], [1666, 300], [1667, 300], [1668, 300], [1669, 300], [1670, 300], [1671, 300], [1672, 300], [1673, 300], [1674, 300], [1675, 300], [1676, 300], [1677, 300], [1678, 300], [1679, 300], [1680, 300], [1681, 300], [1682, 300], [1683, 300], [1684, 300], [1685, 300], [1686, 300], [1687, 300], [1688, 300], [1689, 300], [1690, 300], [1691, 300], [1692, 300], [1693, 300], [1694, 300], [1695, 300], [1696, 300], [1533, 301], [1534, 301], [1535, 301], [1536, 301], [1537, 301], [1666, 301], [1667, 301], [1668, 301], [1669, 301], [1670, 301], [1671, 301], [1672, 301], [1673, 301], [1674, 301], [1675, 301], [1676, 301], [1677, 301], [1678, 301], [1679, 301], [1680, 301], [1681, 301], [1682, 301], [1683, 301], [1684, 301], [1685, 301], [1686, 301], [1687, 301], [1688, 301], [1689, 301], [1690, 301], [1691, 301], [1692, 301], [1693, 301], [1694, 301], [1695, 301], [1696, 301], [1697, 301], [1698, 301], [1699, 301], [1700, 301], [1701, 301], [1702, 301], [1535, 302], [1536, 302], [1537, 302], [1538, 302], [1539, 302], [1540, 302], [1541, 302], [1542, 302], [1695, 302], [1696, 302], [1697, 302], [1698, 302], [1699, 302], [1700, 302], [1701, 302], [1702, 302], [1703, 302], [1715, 302], [1716, 302], [1717, 302], [1718, 302], [1719, 302], [1720, 302], [1721, 302], [1722, 302], [1723, 302], [1536, 303], [1537, 303], [1538, 303], [1539, 303], [1540, 303], [1541, 303], [1542, 303], [1543, 303], [1544, 303], [1701, 303], [1702, 303], [1703, 303], [1704, 303], [1712, 303], [1713, 303], [1714, 303], [1715, 303], [1716, 303], [1717, 303], [1718, 303], [1719, 303], [1720, 303], [1721, 303], [1722, 303], [1723, 303], [1724, 303], [1725, 303], [1726, 303], [1727, 303], [1728, 303], [1541, 304], [1542, 304], [1543, 304], [1544, 304], [1545, 304], [1546, 304], [1702, 304], [1703, 304], [1704, 304], [1705, 304], [1706, 304], [1707, 304], [1708, 304], [1709, 304], [1710, 304], [1711, 304], [1712, 304], [1713, 304], [1714, 304], [1715, 304], [1716, 304], [1722, 304], [1723, 304], [1724, 304], [1725, 304], [1726, 304], [1727, 304], [1728, 304], [1729, 304], [1730, 304], [1731, 304], [1732, 304], [1543, 305], [1544, 305], [1545, 305], [1546, 305], [1547, 305], [1548, 305], [1549, 305], [1550, 305], [1551, 305], [1703, 305], [1704, 305], [1705, 305], [1706, 305], [1707, 305], [1708, 305], [1709, 305], [1710, 305], [1711, 305], [1712, 305], [1713, 305], [1727, 305], [1728, 305], [1729, 305], [1730, 305], [1731, 305], [1732, 305], [1733, 305], [1734, 305], [1545, 306], [1546, 306], [1547, 306], [1548, 306], [1549, 306], [1550, 306], [1551, 306], [1552, 306], [1553, 306], [1554, 306], [1555, 306], [1731, 306], [1732, 306], [1733, 306], [1734, 306], [1735, 306], [1736, 306], [1737, 306], [1550, 307], [1551, 307], [1552, 307], [1553, 307], [1554, 307], [1555, 307], [1556, 307], [1557, 307], [1733, 307], [1734, 307], [1735, 307], [1736, 307], [1737, 307], [1738, 307], [1739, 307], [1740, 307], [1554, 308], [1555, 308], [1556, 308], [1557, 308], [1558, 308], [1559, 308], [1736, 308], [1737, 308], [1738, 308], [1739, 308], [1740, 308], [1741, 308], [1742, 308], [1743, 308], [1744, 308], [1556, 309], [1557, 309], [1558, 309], [1559, 309], [1739, 309], [1740, 309], [1741, 309], [1742, 309], [1743, 309], [1744, 309], [1745, 309], [1746, 309], [1558, 310], [1559, 310], [1560, 310], [1561, 310], [1743, 310], [1744, 310], [1745, 310], [1746, 310], [1747, 310], [1748, 310], [1749, 310], [1558, 311], [1559, 311], [1560, 311], [1561, 311], [1562, 311], [1563, 311], [1564, 311], [1745, 311], [1746, 311], [1747, 311], [1748, 311], [1749, 311], [1750, 311], [1560, 312], [1561, 312], [1562, 312], [1563, 312], [1564, 312], [1565, 312], [1566, 312], [1568, 312], [1569, 312], [1570, 312], [1571, 312], [1748, 312], [1749, 312], [1750, 312], [1751, 312], [1752, 312], [1563, 313], [1564, 313], [1565, 313], [1566, 313], [1567, 313], [1568, 313], [1569, 313], [1570, 313], [1571, 313], [1572, 313], [1573, 313], [1749, 313], [1750, 313], [1751, 313], [1752, 313], [1753, 313], [1754, 313], [1755, 313], [1756, 313], [1757, 313], [1758, 313], [1565, 314], [1566, 314], [1567, 314], [1568, 314], [1569, 314], [1570, 314], [1571, 314], [1572, 314], [1573, 314], [1574, 314], [1751, 314], [1752, 314], [1753, 314], [1754, 314], [1755, 314], [1756, 314], [1757, 314], [1758, 314], [1759, 314], [1760, 314], [1572, 315], [1573, 315], [1574, 315], [1575, 315], [1576, 315], [1757, 315], [1758, 315], [1759, 315], [1760, 315], [1761, 315], [1762, 315], [1763, 315], [1573, 316], [1574, 316], [1575, 316], [1576, 316], [1577, 316], [1759, 316], [1760, 316], [1761, 316], [1762, 316], [1763, 316], [1764, 316], [1765, 316], [1766, 316], [1767, 316], [1768, 316], [1575, 317], [1576, 317], [1577, 317], [1578, 317], [1579, 317], [1580, 317], [1581, 317], [1582, 317], [1583, 317], [1762, 317], [1763, 317], [1764, 317], [1765, 317], [1766, 317], [1767, 317], [1768, 317], [1769, 317], [1770, 317], [1771, 317], [1576, 318], [1577, 318], [1578, 318], [1579, 318], [1580, 318], [1581, 318], [1582, 318], [1583, 318], [1584, 318], [1585, 318], [1767, 318], [1768, 318], [1769, 318], [1770, 318], [1771, 318], [1772, 318], [1775, 318], [1776, 318], [1777, 318], [1778, 318], [1779, 318], [1780, 318], [1781, 318], [1582, 319], [1583, 319], [1584, 319], [1585, 319], [1586, 319], [1587, 319], [1588, 319], [1770, 319], [1771, 319], [1772, 319], [1773, 319], [1774, 319], [1775, 319], [1776, 319], [1777, 319], [1778, 319], [1779, 319], [1780, 319], [1781, 319], [1782, 319], [1783, 319], [1584, 320], [1585, 320], [1586, 320], [1587, 320], [1588, 320], [1589, 320], [1590, 320], [1591, 320], [1592, 320], [1771, 320], [1772, 320], [1773, 320], [1774, 320], [1775, 320], [1776, 320], [1777, 320], [1778, 320], [1779, 320], [1780, 320], [1781, 320], [1782, 320], [1783, 320], [1784, 320], [1785, 320], [1587, 321], [1588, 321], [1589, 321], [1590, 321], [1591, 321], [1592, 321], [1593, 321], [1594, 321], [1772, 321], [1773, 321], [1774, 321], [1775, 321], [1782, 321], [1783, 321], [1784, 321], [1785, 321], [1786, 321], [1787, 321], [1788, 321], [1789, 321], [1591, 322], [1592, 322], [1593, 322], [1594, 322], [1595, 322], [1596, 322], [1784, 322], [1785, 322], [1786, 322], [1787, 322], [1788, 322], [1789, 322], [1790, 322], [1791, 322], [1792, 322], [1793, 322], [1794, 322], [1795, 322], [1796, 322], [1797, 322], [1593, 323], [1594, 323], [1595, 323], [1596, 323], [1597, 323], [1788, 323], [1789, 323], [1790, 323], [1791, 323], [1792, 323], [1793, 323], [1794, 323], [1795, 323], [1796, 323], [1797, 323], [1798, 323], [1799, 323], [1595, 324], [1596, 324], [1597, 324], [1598, 324], [1599, 324], [1600, 324], [1601, 324], [1602, 324], [1603, 324], [1604, 324], [1794, 324], [1795, 324], [1796, 324], [1797, 324], [1798, 324], [1799, 324], [1800, 324], [1596, 325], [1597, 325], [1598, 325], [1599, 325], [1600, 325], [1601, 325], [1602, 325], [1603, 325], [1604, 325], [1605, 325], [1606, 325], [1607, 325], [1608, 325], [1798, 325], [1799, 325], [1800, 325], [1801, 325], [1802, 325], [1603, 326], [1604, 326], [1605, 326], [1606, 326], [1607, 326], [1608, 326], [1609, 326], [1610, 326], [1799, 326], [1800, 326], [1801, 326], [1802, 326], [1607, 327], [1608, 327], [1609, 327], [1610, 327], [1611, 327], [1612, 327], [1801, 327], [1802, 327], [1803, 327], [1609, 328], [1610, 328], [1611, 328], [1612, 328], [1613, 328], [1614, 328], [1801, 328], [1802, 328], [1803, 328], [1611, 329], [1612, 329], [1613, 329], [1614, 329], [1615, 329], [1616, 329], [1617, 329], [1618, 329], [1619, 329], [1620, 329], [1802, 329], [1803, 329], [1804, 329], [1805, 329], [1806, 329], [1613, 330], [1614, 330], [1615, 330], [1616, 330], [1617, 330], [1618, 330], [1619, 330], [1620, 330], [1621, 330], [1622, 330], [1802, 330], [1803, 330], [1804, 330], [1805, 330], [1806, 330], [1807, 330], [1808, 330], [1619, 331], [1620, 331], [1621, 331], [1622, 331], [1623, 331], [1805, 331], [1806, 331], [1807, 331], [1808, 331], [1809, 331], [1810, 331], [1621, 332], [1622, 332], [1623, 332], [1624, 332], [1807, 332], [1808, 332], [1809, 332], [1810, 332], [1811, 332], [1812, 332], [1813, 332], [1814, 332], [1815, 332], [1622, 333], [1623, 333], [1624, 333], [1625, 333], [1626, 333], [1809, 333], [1810, 333], [1811, 333], [1812, 333], [1813, 333], [1814, 333], [1815, 333], [1816, 333], [1817, 333], [1818, 333], [1819, 333], [1820, 333], [1821, 333], [1822, 333], [1823, 333], [1824, 333], [1623, 334], [1624, 334], [1625, 334], [1626, 334], [1627, 334], [1628, 334], [1629, 334], [1630, 334], [1814, 334], [1815, 334], [1816, 334], [1817, 334], [1818, 334], [1819, 334], [1820, 334], [1821, 334], [1822, 334], [1823, 334], [1824, 334], [1625, 335], [1626, 335], [1627, 335], [1628, 335], [1629, 335], [1630, 335], [1631, 335], [1632, 335], [1633, 335], [1824, 335], [1629, 336], [1630, 336], [1631, 336], [1632, 336], [1633, 336], [1634, 336], [1635, 336], [1636, 336], [1632, 337], [1633, 337], [1634, 337], [1635, 337], [1636, 337], [1637, 337], [1638, 337], [1639, 337], [1635, 338], [1636, 338], [1637, 338], [1638, 338], [1639, 338], [1640, 338], [1638, 339], [1639, 339], [1640, 339], [1641, 339], [1642, 339], [1643, 339], [1639, 340], [1640, 340], [1641, 340], [1642, 340], [1643, 340], [1644, 340], [1645, 340], [1642, 341], [1643, 341], [1644, 341], [1645, 341], [1646, 341], [1647, 341], [1648, 341], [1644, 342], [1645, 342], [1646, 342], [1647, 342], [1648, 342], [1649, 342], [1650, 342], [1651, 342], [1652, 342], [1653, 342], [1647, 343], [1648, 343], [1649, 343], [1650, 343], [1651, 343], [1652, 343], [1653, 343], [1654, 343], [1655, 343], [1656, 343], [1657, 343], [1652, 344], [1653, 344], [1654, 344], [1655, 344], [1656, 344], [1657, 344], [1658, 344], [1656, 345], [1657, 345], [1658, 345], [1659, 345], [1660, 345], [1657, 346], [1658, 346], [1659, 346], [1660, 346], [1661, 346], [1662, 346], [1663, 346], [1664, 346], [1665, 346], [1666, 346], [1667, 346], [1668, 346], [1659, 347], [1660, 347], [1661, 347], [1662, 347], [1663, 347], [1664, 347], [1665, 347], [1666, 347], [1667, 347], [1668, 347], [1669, 347], [1667, 348], [1668, 348], [1669, 348], [1670, 348], [1671, 348], [1668, 349], [1669, 349], [1670, 349], [1671, 349], [1672, 349], [1670, 350], [1671, 350], [1672, 350], [1673, 350], [1674, 350], [1675, 350], [1676, 350], [1677, 350], [1671, 351], [1672, 351], [1673, 351], [1674, 351], [1675, 351], [1676, 351], [1677, 351], [1678, 351], [1676, 352], [1677, 352], [1678, 352], [1679, 352], [1680, 352], [1677, 353], [1678, 353], [1679, 353], [1680, 353], [1681, 353], [1682, 353], [1683, 353], [1684, 353], [1685, 353], [1686, 353], [1679, 354], [1680, 354], [1681, 354], [1682, 354], [1683, 354], [1684, 354], [1685, 354], [1686, 354], [1687, 354], [1688, 354], [1689, 354], [1685, 355], [1686, 355], [1687, 355], [1688, 355], [1689, 355], [1690, 355], [1691, 355], [1688, 356], [1689, 356], [1690, 356], [1691, 356], [1692, 356], [1693, 356], [1690, 357], [1691, 357], [1692, 357], [1693, 357], [1694, 357], [1695, 357], [1696, 357], [1692, 358], [1693, 358], [1694, 358], [1695, 358], [1696, 358], [1697, 358], [1698, 358], [1699, 358], [1700, 358], [1701, 358], [1695, 359], [1696, 359], [1697, 359], [1698, 359], [1699, 359], [1700, 359], [1701, 359], [1702, 359], [1703, 359], [1704, 359], [1705, 359], [1706, 359], [1707, 359], [1708, 359], [1709, 359], [1712, 359], [1713, 359], [1714, 359], [1715, 359], [1716, 359], [1717, 359], [1718, 359], [1719, 359], [1720, 359], [1721, 359], [1722, 359], [1700, 360], [1701, 360], [1702, 360], [1703, 360], [1704, 360], [1705, 360], [1706, 360], [1707, 360], [1708, 360], [1709, 360], [1710, 360], [1711, 360], [1712, 360], [1713, 360], [1714, 360], [1715, 360], [1716, 360], [1717, 360], [1718, 360], [1719, 360], [1720, 360], [1721, 360], [1722, 360], [1723, 360], [1724, 360], [1725, 360], [1726, 360], [1708, 361], [1709, 361], [1710, 361], [1711, 361], [1712, 361], [1713, 361], [1715, 361], [1716, 361], [1717, 361], [1721, 361], [1722, 361], [1723, 361], [1724, 361], [1725, 361], [1726, 361], [1727, 361], [1723, 362], [1724, 362], [1725, 362], [1726, 362], [1727, 362], [1728, 362], [1726, 363], [1727, 363], [1728, 363], [1729, 363], [1730, 363], [1731, 363], [1727, 364], [1728, 364], [1729, 364], [1730, 364], [1731, 364], [1732, 364], [1730, 365], [1731, 365], [1732, 365], [1731, 366], [1732, 366], [1731, 367], [1732, 367], [1731, 368], [1732, 368], [1731, 369], [1732, 369], [1733, 369], [1734, 369], [1731, 370], [1732, 370], [1733, 370], [1734, 370], [1735, 370], [1733, 371], [1734, 371], [1735, 371], [1736, 371], [1737, 371], [1738, 371], [1764, 371], [1765, 371], [1766, 371], [1767, 371], [1768, 371], [1769, 371], [1770, 371], [1734, 372], [1735, 372], [1736, 372], [1737, 372], [1738, 372], [1739, 372], [1763, 372], [1764, 372], [1765, 372], [1766, 372], [1767, 372], [1768, 372], [1769, 372], [1770, 372], [1771, 372], [1737, 373], [1738, 373], [1739, 373], [1740, 373], [1741, 373], [1742, 373], [1763, 373], [1764, 373], [1765, 373], [1767, 373], [1768, 373], [1769, 373], [1770, 373], [1771, 373], [1738, 374], [1739, 374], [1740, 374], [1741, 374], [1742, 374], [1743, 374], [1744, 374], [1745, 374], [1763, 374], [1764, 374], [1765, 374], [1766, 374], [1767, 374], [1768, 374], [1769, 374], [1770, 374], [1771, 374], [1741, 375], [1742, 375], [1743, 375], [1744, 375], [1745, 375], [1746, 375], [1747, 375], [1748, 375], [1764, 375], [1765, 375], [1766, 375], [1767, 375], [1768, 375], [1744, 376], [1745, 376], [1746, 376], [1747, 376], [1748, 376], [1749, 376], [1750, 376], [1751, 376], [1747, 377], [1748, 377], [1749, 377], [1750, 377], [1751, 377], [1752, 377], [1753, 377], [1754, 377], [1750, 378], [1751, 378], [1752, 378], [1753, 378], [1754, 378], [1755, 378], [1759, 378], [1760, 378], [1761, 378], [1753, 379], [1754, 379], [1755, 379], [1756, 379], [1757, 379], [1758, 379], [1759, 379], [1760, 379], [1761, 379], [1762, 379], [1754, 380], [1755, 380], [1756, 380], [1757, 380], [1758, 380], [1759, 380], [1760, 380], [1761, 380], [1762, 380], [1763, 380], [1761, 381], [1762, 381], [1763, 381], [1764, 381], [1765, 381], [1766, 381], [1762, 382], [1763, 382], [1764, 382], [1765, 382], [1766, 382], [1767, 382], [1768, 382], [1765, 383], [1766, 383], [1767, 383], [1768, 383], [1769, 383], [1770, 383], [1771, 383], [1772, 383], [1773, 383], [1788, 383], [1789, 383], [1790, 383], [1767, 384], [1768, 384], [1769, 384], [1770, 384], [1771, 384], [1772, 384], [1773, 384], [1774, 384], [1775, 384], [1776, 384], [1777, 384], [1778, 384], [1779, 384], [1780, 384], [1787, 384], [1788, 384], [1789, 384], [1790, 384], [1791, 384], [1792, 384], [1772, 385], [1773, 385], [1774, 385], [1775, 385], [1776, 385], [1777, 385], [1778, 385], [1779, 385], [1780, 385], [1781, 385], [1782, 385], [1783, 385], [1784, 385], [1785, 385], [1786, 385], [1787, 385], [1788, 385], [1789, 385], [1790, 385], [1791, 385], [1792, 385], [1793, 385], [1778, 386], [1779, 386], [1780, 386], [1781, 386], [1782, 386], [1783, 386], [1784, 386], [1785, 386], [1786, 386], [1787, 386], [1788, 386], [1791, 386], [1792, 386], [1793, 386], [1778, 387], [1779, 387], [1780, 387], [1781, 387], [1782, 387], [1783, 387], [1784, 387], [1785, 387], [1786, 387], [1787, 387], [1788, 387], [1792, 387], [1793, 387], [1794, 387], [1792, 388], [1793, 388], [1794, 388], [1795, 388], [1796, 388], [1797, 388], [1793, 389], [1794, 389], [1795, 389], [1796, 389], [1797, 389], [1798, 389], [1799, 389], [1796, 390], [1797, 390], [1798, 390], [1799, 390], [1807, 390], [1808, 390], [1809, 390], [1811, 390], [1812, 390], [1813, 390], [1796, 391], [1797, 391], [1798, 391], [1799, 391], [1800, 391], [1801, 391], [1802, 391], [1803, 391], [1806, 391], [1807, 391], [1808, 391], [1809, 391], [1810, 391], [1811, 391], [1812, 391], [1813, 391], [1798, 392], [1799, 392], [1800, 392], [1801, 392], [1802, 392], [1803, 392], [1804, 392], [1805, 392], [1806, 392], [1807, 392], [1808, 392], [1809, 392], [1810, 392], [1811, 392], [1812, 392], [1813, 392], [1800, 393], [1801, 393], [1802, 393], [1803, 393], [1804, 393], [1805, 393], [1806, 393], [1807, 393], [1811, 393], [1812, 393], [1813, 393], [1814, 393], [1811, 394], [1812, 394], [1813, 394], [1814, 394], [1820, 394], [1821, 394], [1822, 394], [1823, 394], [1824, 394], [1811, 395], [1812, 395], [1813, 395], [1814, 395], [1815, 395], [1816, 395], [1817, 395], [1820, 395], [1821, 395], [1822, 395], [1823, 395], [1824, 395], [1813, 396], [1814, 396], [1815, 396], [1817, 396], [1818, 396], [1819, 396], [1820, 396], [1821, 396], [1822, 396], [1823, 396], [1824, 396], [1814, 397], [1815, 397], [1816, 397], [1817, 397], [1818, 397], [1819, 397], [1820, 397], [1821, 397], [1822, 397], [1823, 397], [1824, 397], [1814, 398], [1815, 398], [1816, 398], [1817, 398], [1818, 398], [1819, 398], [1820, 398], [1821, 398], [1822, 398], [1823, 398], [1824, 398], [1817, 399], [1818, 399], [1819, 399], [1820, 399], [1821, 399], [1822, 399], [1823, 399], [1824, 399], [1818, 400], [1819, 400], [1820, 400], [1821, 400], [1822, 400], [1823, 400], [1824, 400], [1821, 401], [1822, 401], [1823, 401], [1824, 401], [1823, 402], [1824, 402]




Yellow line right - [1683, 182], [1684, 182], [1685, 182], [1686, 182], [1687, 182], [1688, 182], [1689, 182], [1690, 182], [1691, 182], [1692, 182], [1679, 183], [1680, 183], [1681, 183], [1682, 183], [1683, 183], [1684, 183], [1685, 183], [1686, 183], [1687, 183], [1688, 183], [1689, 183], [1690, 183], [1691, 183], [1692, 183], [1693, 183], [1694, 183], [1695, 183], [1679, 184], [1680, 184], [1681, 184], [1682, 184], [1683, 184], [1684, 184], [1691, 184], [1692, 184], [1693, 184], [1694, 184], [1695, 184], [1679, 185], [1680, 185], [1681, 185], [1682, 185], [1683, 185], [1693, 185], [1694, 185], [1695, 185], [1696, 185], [1697, 185], [1680, 186], [1681, 186], [1682, 186], [1683, 186], [1684, 186], [1685, 186], [1686, 186], [1687, 186], [1688, 186], [1689, 186], [1690, 186], [1691, 186], [1692, 186], [1693, 186], [1694, 186], [1695, 186], [1697, 186], [1680, 187], [1681, 187], [1682, 187], [1683, 187], [1684, 187], [1685, 187], [1686, 187], [1687, 187], [1688, 187], [1689, 187], [1690, 187], [1691, 187], [1692, 187], [1693, 187], [1694, 187], [1695, 187], [1696, 187], [1697, 187], [1685, 188], [1686, 188], [1687, 188], [1688, 188]




White line right - [1448, 277], [1446, 278], [1447, 278], [1448, 278], [1449, 278], [1450, 278], [1451, 278], [1447, 279], [1448, 279], [1449, 279], [1450, 279], [1451, 279], [1452, 279], [1453, 279], [1443, 280], [1444, 280], [1445, 280], [1446, 280], [1447, 280], [1450, 280], [1451, 280], [1452, 280], [1453, 280], [1454, 280], [1455, 280], [1456, 280], [1443, 281], [1444, 281], [1445, 281], [1446, 281], [1447, 281], [1448, 281], [1449, 281], [1450, 281], [1452, 281], [1453, 281], [1454, 281], [1455, 281], [1456, 281], [1457, 281], [1458, 281], [1459, 281], [1446, 282], [1447, 282], [1448, 282], [1449, 282], [1450, 282], [1451, 282], [1452, 282], [1453, 282], [1455, 282], [1456, 282], [1457, 282], [1458, 282], [1459, 282], [1460, 282], [1461, 282], [1449, 283], [1450, 283], [1451, 283], [1452, 283], [1453, 283], [1454, 283], [1455, 283], [1456, 283], [1458, 283], [1459, 283], [1460, 283], [1461, 283], [1462, 283], [1463, 283], [1464, 283], [1452, 284], [1453, 284], [1454, 284], [1455, 284], [1456, 284], [1457, 284], [1458, 284], [1459, 284], [1460, 284], [1461, 284], [1462, 284], [1463, 284], [1464, 284], [1465, 284], [1466, 284], [1467, 284], [1468, 284], [1455, 285], [1456, 285], [1457, 285], [1458, 285], [1459, 285], [1460, 285], [1461, 285], [1463, 285], [1464, 285], [1465, 285], [1466, 285], [1467, 285], [1468, 285], [1469, 285], [1470, 285], [1471, 285], [1458, 286], [1459, 286], [1460, 286], [1461, 286], [1462, 286], [1463, 286], [1464, 286], [1467, 286], [1468, 286], [1469, 286], [1470, 286], [1471, 286], [1472, 286], [1473, 286], [1460, 287], [1461, 287], [1462, 287], [1463, 287], [1464, 287], [1465, 287], [1466, 287], [1470, 287], [1471, 287], [1472, 287], [1473, 287], [1474, 287], [1475, 287], [1476, 287], [1463, 288], [1464, 288], [1465, 288], [1466, 288], [1467, 288], [1468, 288], [1469, 288], [1472, 288], [1473, 288], [1474, 288], [1475, 288], [1476, 288], [1477, 288], [1478, 288], [1479, 288], [1465, 289], [1466, 289], [1467, 289], [1468, 289], [1469, 289], [1470, 289], [1471, 289], [1475, 289], [1476, 289], [1477, 289], [1478, 289], [1479, 289], [1480, 289], [1481, 289], [1468, 290], [1469, 290], [1470, 290], [1471, 290], [1472, 290], [1473, 290], [1474, 290], [1478, 290], [1479, 290], [1480, 290], [1481, 290], [1482, 290], [1483, 290], [1484, 290], [1470, 291], [1471, 291], [1472, 291], [1473, 291], [1474, 291], [1475, 291], [1476, 291], [1477, 291], [1480, 291], [1481, 291], [1482, 291], [1483, 291], [1484, 291], [1485, 291], [1486, 291], [1473, 292], [1474, 292], [1475, 292], [1476, 292], [1477, 292], [1478, 292], [1479, 292], [1483, 292], [1484, 292], [1485, 292], [1486, 292], [1487, 292], [1488, 292], [1489, 292], [1476, 293], [1477, 293], [1478, 293], [1479, 293], [1480, 293], [1481, 293], [1482, 293], [1485, 293], [1486, 293], [1487, 293], [1488, 293], [1489, 293], [1490, 293], [1491, 293], [1492, 293], [1478, 294], [1479, 294], [1480, 294], [1481, 294], [1482, 294], [1483, 294], [1484, 294], [1485, 294], [1488, 294], [1489, 294], [1490, 294], [1491, 294], [1492, 294], [1493, 294], [1494, 294], [1481, 295], [1482, 295], [1483, 295], [1484, 295], [1485, 295], [1486, 295], [1487, 295], [1491, 295], [1492, 295], [1493, 295], [1494, 295], [1495, 295], [1496, 295], [1497, 295], [1484, 296], [1485, 296], [1486, 296], [1487, 296], [1488, 296], [1489, 296], [1490, 296], [1493, 296], [1494, 296], [1495, 296], [1496, 296], [1497, 296], [1498, 296], [1499, 296], [1500, 296], [1486, 297], [1487, 297], [1488, 297], [1489, 297], [1490, 297], [1491, 297], [1492, 297], [1496, 297], [1497, 297], [1498, 297], [1499, 297], [1500, 297], [1501, 297], [1502, 297], [1489, 298], [1490, 298], [1491, 298], [1492, 298], [1493, 298], [1494, 298], [1495, 298], [1499, 298], [1500, 298], [1501, 298], [1502, 298], [1503, 298], [1504, 298], [1505, 298], [1491, 299], [1492, 299], [1493, 299], [1494, 299], [1495, 299], [1496, 299], [1497, 299], [1498, 299], [1501, 299], [1502, 299], [1503, 299], [1504, 299], [1505, 299], [1506, 299], [1507, 299], [1508, 299], [1494, 300], [1495, 300], [1496, 300], [1497, 300], [1498, 300], [1499, 300], [1500, 300], [1501, 300], [1504, 300], [1505, 300], [1506, 300], [1507, 300], [1508, 300], [1509, 300], [1510, 300], [1511, 300], [1497, 301], [1498, 301], [1499, 301], [1500, 301], [1501, 301], [1502, 301], [1503, 301], [1507, 301], [1508, 301], [1509, 301], [1510, 301], [1511, 301], [1512, 301], [1513, 301], [1514, 301], [1500, 302], [1501, 302], [1502, 302], [1503, 302], [1504, 302], [1505, 302], [1506, 302], [1510, 302], [1511, 302], [1512, 302], [1513, 302], [1514, 302], [1515, 302], [1516, 302], [1502, 303], [1503, 303], [1504, 303], [1505, 303], [1506, 303], [1507, 303], [1508, 303], [1509, 303], [1513, 303], [1514, 303], [1515, 303], [1516, 303], [1517, 303], [1518, 303], [1519, 303], [1505, 304], [1506, 304], [1507, 304], [1508, 304], [1509, 304], [1510, 304], [1511, 304], [1512, 304], [1515, 304], [1516, 304], [1517, 304], [1518, 304], [1519, 304], [1520, 304], [1521, 304], [1522, 304], [1508, 305], [1509, 305], [1510, 305], [1511, 305], [1512, 305], [1513, 305], [1514, 305], [1518, 305], [1519, 305], [1520, 305], [1521, 305], [1522, 305], [1523, 305], [1524, 305], [1525, 305], [1511, 306], [1512, 306], [1513, 306], [1514, 306], [1515, 306], [1516, 306], [1517, 306], [1520, 306], [1521, 306], [1522, 306], [1523, 306], [1524, 306], [1525, 306], [1526, 306], [1527, 306], [1528, 306], [1513, 307], [1514, 307], [1515, 307], [1516, 307], [1517, 307], [1518, 307], [1519, 307], [1520, 307], [1521, 307], [1523, 307], [1524, 307], [1525, 307], [1526, 307], [1527, 307], [1528, 307], [1529, 307], [1530, 307], [1516, 308], [1517, 308], [1518, 308], [1519, 308], [1520, 308], [1521, 308], [1522, 308], [1523, 308], [1524, 308], [1525, 308], [1526, 308], [1527, 308], [1529, 308], [1530, 308], [1531, 308], [1532, 308], [1533, 308], [1519, 309], [1520, 309], [1521, 309], [1522, 309], [1523, 309], [1525, 309], [1526, 309], [1527, 309], [1528, 309], [1529, 309], [1530, 309], [1532, 309], [1533, 309], [1534, 309], [1535, 309], [1536, 309], [1522, 310], [1523, 310], [1524, 310], [1525, 310], [1526, 310], [1527, 310], [1528, 310], [1529, 310], [1530, 310], [1531, 310], [1532, 310], [1533, 310], [1535, 310], [1536, 310], [1537, 310], [1538, 310], [1539, 310], [1524, 311], [1525, 311], [1526, 311], [1527, 311], [1528, 311], [1530, 311], [1531, 311], [1532, 311], [1533, 311], [1534, 311], [1535, 311], [1536, 311], [1537, 311], [1538, 311], [1539, 311], [1540, 311], [1541, 311], [1527, 312], [1528, 312], [1529, 312], [1530, 312], [1532, 312], [1533, 312], [1534, 312], [1536, 312], [1537, 312], [1538, 312], [1540, 312], [1541, 312], [1542, 312], [1543, 312], [1544, 312], [1529, 313], [1530, 313], [1531, 313], [1532, 313], [1534, 313], [1535, 313], [1536, 313], [1538, 313], [1539, 313], [1540, 313], [1541, 313], [1542, 313], [1543, 313], [1544, 313], [1545, 313], [1546, 313], [1531, 314], [1532, 314], [1533, 314], [1534, 314], [1535, 314], [1536, 314], [1537, 314], [1538, 314], [1539, 314], [1540, 314], [1541, 314], [1542, 314], [1543, 314], [1545, 314], [1546, 314], [1547, 314], [1548, 314], [1549, 314], [1533, 315], [1534, 315], [1535, 315], [1536, 315], [1537, 315], [1538, 315], [1539, 315], [1540, 315], [1541, 315], [1542, 315], [1543, 315], [1544, 315], [1545, 315], [1547, 315], [1548, 315], [1549, 315], [1550, 315], [1551, 315], [1552, 315], [1536, 316], [1537, 316], [1538, 316], [1539, 316], [1540, 316], [1541, 316], [1542, 316], [1543, 316], [1544, 316], [1546, 316], [1547, 316], [1548, 316], [1549, 316], [1550, 316], [1551, 316], [1552, 316], [1553, 316], [1554, 316], [1538, 317], [1539, 317], [1540, 317], [1541, 317], [1542, 317], [1543, 317], [1544, 317], [1545, 317], [1546, 317], [1547, 317], [1548, 317], [1549, 317], [1550, 317], [1551, 317], [1553, 317], [1554, 317], [1555, 317], [1556, 317], [1541, 318], [1542, 318], [1543, 318], [1544, 318], [1545, 318], [1547, 318], [1548, 318], [1549, 318], [1550, 318], [1551, 318], [1552, 318], [1553, 318], [1554, 318], [1555, 318], [1556, 318], [1557, 318], [1558, 318], [1559, 318], [1544, 319], [1545, 319], [1546, 319], [1547, 319], [1548, 319], [1550, 319], [1551, 319], [1552, 319], [1553, 319], [1554, 319], [1555, 319], [1556, 319], [1557, 319], [1558, 319], [1559, 319], [1560, 319], [1561, 319], [1562, 319], [1546, 320], [1547, 320], [1548, 320], [1549, 320], [1550, 320], [1552, 320], [1553, 320], [1554, 320], [1555, 320], [1556, 320], [1557, 320], [1558, 320], [1559, 320], [1560, 320], [1561, 320], [1562, 320], [1563, 320], [1564, 320], [1565, 320], [1549, 321], [1550, 321], [1551, 321], [1552, 321], [1553, 321], [1554, 321], [1555, 321], [1556, 321], [1557, 321], [1558, 321], [1559, 321], [1560, 321], [1561, 321], [1562, 321], [1563, 321], [1564, 321], [1565, 321], [1566, 321], [1567, 321], [1551, 322], [1552, 322], [1553, 322], [1554, 322], [1555, 322], [1556, 322], [1557, 322], [1558, 322], [1559, 322], [1560, 322], [1561, 322], [1562, 322], [1563, 322], [1564, 322], [1566, 322], [1567, 322], [1568, 322], [1569, 322], [1570, 322], [1554, 323], [1555, 323], [1556, 323], [1557, 323], [1558, 323], [1559, 323], [1560, 323], [1561, 323], [1562, 323], [1563, 323], [1564, 323], [1565, 323], [1566, 323], [1567, 323], [1568, 323], [1569, 323], [1570, 323], [1571, 323], [1572, 323], [1573, 323], [1557, 324], [1558, 324], [1559, 324], [1560, 324], [1561, 324], [1562, 324], [1563, 324], [1564, 324], [1565, 324], [1567, 324], [1568, 324], [1569, 324], [1571, 324], [1572, 324], [1573, 324], [1574, 324], [1575, 324], [1576, 324], [1559, 325], [1560, 325], [1561, 325], [1562, 325], [1563, 325], [1564, 325], [1565, 325], [1566, 325], [1567, 325], [1568, 325], [1569, 325], [1570, 325], [1571, 325], [1572, 325], [1573, 325], [1574, 325], [1575, 325], [1576, 325], [1577, 325], [1578, 325], [1562, 326], [1563, 326], [1564, 326], [1565, 326], [1566, 326], [1567, 326], [1568, 326], [1569, 326], [1570, 326], [1571, 326], [1572, 326], [1573, 326], [1574, 326], [1575, 326], [1576, 326], [1577, 326], [1578, 326], [1579, 326], [1580, 326], [1581, 326], [1565, 327], [1566, 327], [1567, 327], [1568, 327], [1569, 327], [1570, 327], [1571, 327], [1572, 327], [1573, 327], [1574, 327], [1575, 327], [1576, 327], [1577, 327], [1578, 327], [1579, 327], [1580, 327], [1581, 327], [1582, 327], [1583, 327], [1584, 327], [1568, 328], [1569, 328], [1570, 328], [1571, 328], [1572, 328], [1574, 328], [1575, 328], [1576, 328], [1577, 328], [1578, 328], [1579, 328], [1580, 328], [1582, 328], [1583, 328], [1584, 328], [1585, 328], [1586, 328], [1587, 328], [1570, 329], [1571, 329], [1572, 329], [1573, 329], [1574, 329], [1575, 329], [1576, 329], [1577, 329], [1578, 329], [1579, 329], [1580, 329], [1581, 329], [1582, 329], [1583, 329], [1584, 329], [1585, 329], [1586, 329], [1587, 329], [1588, 329], [1589, 329], [1590, 329], [1573, 330], [1574, 330], [1575, 330], [1576, 330], [1577, 330], [1578, 330], [1579, 330], [1580, 330], [1581, 330], [1583, 330], [1584, 330], [1585, 330], [1586, 330], [1588, 330], [1589, 330], [1590, 330], [1591, 330], [1592, 330], [1576, 331], [1577, 331], [1578, 331], [1579, 331], [1580, 331], [1581, 331], [1582, 331], [1583, 331], [1584, 331], [1585, 331], [1586, 331], [1587, 331], [1588, 331], [1589, 331], [1591, 331], [1592, 331], [1593, 331], [1594, 331], [1595, 331], [1579, 332], [1580, 332], [1581, 332], [1582, 332], [1583, 332], [1584, 332], [1585, 332], [1586, 332], [1587, 332], [1589, 332], [1590, 332], [1591, 332], [1592, 332], [1593, 332], [1594, 332], [1595, 332], [1596, 332], [1597, 332], [1598, 332], [1581, 333], [1582, 333], [1583, 333], [1584, 333], [1585, 333], [1587, 333], [1588, 333], [1589, 333], [1590, 333], [1591, 333], [1592, 333], [1593, 333], [1594, 333], [1596, 333], [1597, 333], [1598, 333], [1599, 333], [1600, 333], [1601, 333], [1584, 334], [1585, 334], [1586, 334], [1587, 334], [1588, 334], [1590, 334], [1591, 334], [1592, 334], [1594, 334], [1595, 334], [1596, 334], [1597, 334], [1599, 334], [1600, 334], [1601, 334], [1602, 334], [1603, 334], [1604, 334], [1586, 335], [1587, 335], [1588, 335], [1589, 335], [1590, 335], [1592, 335], [1593, 335], [1594, 335], [1595, 335], [1596, 335], [1597, 335], [1598, 335], [1599, 335], [1600, 335], [1602, 335], [1603, 335], [1604, 335], [1605, 335], [1606, 335], [1589, 336], [1590, 336], [1591, 336], [1592, 336], [1593, 336], [1594, 336], [1595, 336], [1596, 336], [1597, 336], [1599, 336], [1600, 336], [1601, 336], [1602, 336], [1603, 336], [1605, 336], [1606, 336], [1607, 336], [1608, 336], [1609, 336], [1591, 337], [1592, 337], [1593, 337], [1594, 337], [1595, 337], [1597, 337], [1598, 337], [1599, 337], [1600, 337], [1602, 337], [1603, 337], [1604, 337], [1605, 337], [1606, 337], [1607, 337], [1608, 337], [1609, 337], [1610, 337], [1611, 337], [1612, 337], [1594, 338], [1595, 338], [1596, 338], [1597, 338], [1598, 338], [1599, 338], [1600, 338], [1601, 338], [1602, 338], [1603, 338], [1604, 338], [1605, 338], [1606, 338], [1607, 338], [1608, 338], [1610, 338], [1611, 338], [1612, 338], [1613, 338], [1614, 338], [1596, 339], [1597, 339], [1598, 339], [1599, 339], [1600, 339], [1601, 339], [1602, 339], [1603, 339], [1604, 339], [1605, 339], [1606, 339], [1607, 339], [1608, 339], [1609, 339], [1610, 339], [1611, 339], [1613, 339], [1614, 339], [1615, 339], [1616, 339], [1617, 339], [1599, 340], [1600, 340], [1601, 340], [1602, 340], [1603, 340], [1604, 340], [1605, 340], [1606, 340], [1607, 340], [1608, 340], [1609, 340], [1610, 340], [1611, 340], [1612, 340], [1613, 340], [1614, 340], [1615, 340], [1616, 340], [1617, 340], [1618, 340], [1619, 340], [1602, 341], [1603, 341], [1604, 341], [1605, 341], [1606, 341], [1607, 341], [1608, 341], [1609, 341], [1610, 341], [1611, 341], [1612, 341], [1613, 341], [1614, 341], [1615, 341], [1616, 341], [1618, 341], [1619, 341], [1620, 341], [1621, 341], [1622, 341], [1604, 342], [1605, 342], [1606, 342], [1607, 342], [1608, 342], [1609, 342], [1610, 342], [1611, 342], [1612, 342], [1613, 342], [1614, 342], [1615, 342], [1616, 342], [1617, 342], [1618, 342], [1620, 342], [1621, 342], [1622, 342], [1623, 342], [1624, 342], [1625, 342], [1607, 343], [1608, 343], [1609, 343], [1610, 343], [1611, 343], [1612, 343], [1613, 343], [1614, 343], [1615, 343], [1616, 343], [1618, 343], [1619, 343], [1620, 343], [1621, 343], [1623, 343], [1624, 343], [1625, 343], [1626, 343], [1627, 343], [1609, 344], [1610, 344], [1611, 344], [1612, 344], [1613, 344], [1614, 344], [1615, 344], [1616, 344], [1617, 344], [1618, 344], [1619, 344], [1620, 344], [1621, 344], [1622, 344], [1623, 344], [1624, 344], [1626, 344], [1627, 344], [1628, 344], [1629, 344], [1630, 344], [1612, 345], [1613, 345], [1614, 345], [1615, 345], [1616, 345], [1617, 345], [1618, 345], [1619, 345], [1620, 345], [1621, 345], [1622, 345], [1623, 345], [1624, 345], [1625, 345], [1626, 345], [1627, 345], [1628, 345], [1629, 345], [1630, 345], [1631, 345], [1632, 345], [1633, 345], [1615, 346], [1616, 346], [1617, 346], [1618, 346], [1619, 346], [1620, 346], [1621, 346], [1622, 346], [1623, 346], [1624, 346], [1625, 346], [1626, 346], [1627, 346], [1628, 346], [1629, 346], [1630, 346], [1631, 346], [1632, 346], [1633, 346], [1634, 346], [1635, 346], [1636, 346], [1618, 347], [1619, 347], [1620, 347], [1621, 347], [1622, 347], [1624, 347], [1625, 347], [1626, 347], [1627, 347], [1629, 347], [1630, 347], [1631, 347], [1632, 347], [1634, 347], [1635, 347], [1636, 347], [1637, 347], [1638, 347], [1621, 348], [1622, 348], [1623, 348], [1624, 348], [1625, 348], [1627, 348], [1628, 348], [1629, 348], [1630, 348], [1631, 348], [1632, 348], [1633, 348], [1634, 348], [1635, 348], [1637, 348], [1638, 348], [1639, 348], [1640, 348], [1641, 348], [1623, 349], [1624, 349], [1625, 349], [1626, 349], [1627, 349], [1629, 349], [1630, 349], [1631, 349], [1632, 349], [1634, 349], [1635, 349], [1636, 349], [1637, 349], [1638, 349], [1639, 349], [1640, 349], [1641, 349], [1642, 349], [1643, 349], [1644, 349], [1626, 350], [1627, 350], [1628, 350], [1629, 350], [1630, 350], [1631, 350], [1632, 350], [1633, 350], [1634, 350], [1635, 350], [1636, 350], [1637, 350], [1638, 350], [1639, 350], [1640, 350], [1641, 350], [1642, 350], [1643, 350], [1644, 350], [1645, 350], [1646, 350], [1647, 350], [1628, 351], [1629, 351], [1630, 351], [1631, 351], [1632, 351], [1634, 351], [1635, 351], [1636, 351], [1637, 351], [1638, 351], [1639, 351], [1640, 351], [1641, 351], [1642, 351], [1643, 351], [1644, 351], [1645, 351], [1646, 351], [1647, 351], [1648, 351], [1649, 351], [1631, 352], [1632, 352], [1633, 352], [1634, 352], [1635, 352], [1636, 352], [1637, 352], [1638, 352], [1639, 352], [1640, 352], [1641, 352], [1642, 352], [1643, 352], [1644, 352], [1645, 352], [1646, 352], [1648, 352], [1649, 352], [1650, 352], [1651, 352], [1652, 352], [1633, 353], [1634, 353], [1635, 353], [1636, 353], [1637, 353], [1638, 353], [1639, 353], [1640, 353], [1641, 353], [1642, 353], [1643, 353], [1645, 353], [1646, 353], [1647, 353], [1648, 353], [1649, 353], [1650, 353], [1651, 353], [1652, 353], [1653, 353], [1654, 353], [1655, 353], [1636, 354], [1637, 354], [1638, 354], [1639, 354], [1640, 354], [1641, 354], [1642, 354], [1643, 354], [1644, 354], [1645, 354], [1646, 354], [1647, 354], [1648, 354], [1649, 354], [1650, 354], [1651, 354], [1652, 354], [1653, 354], [1654, 354], [1655, 354], [1656, 354], [1657, 354], [1658, 354], [1639, 355], [1640, 355], [1641, 355], [1642, 355], [1643, 355], [1644, 355], [1645, 355], [1646, 355], [1647, 355], [1648, 355], [1649, 355], [1650, 355], [1651, 355], [1652, 355], [1653, 355], [1654, 355], [1656, 355], [1657, 355], [1658, 355], [1659, 355], [1660, 355], [1642, 356], [1643, 356], [1644, 356], [1645, 356], [1646, 356], [1647, 356], [1648, 356], [1649, 356], [1650, 356], [1651, 356], [1653, 356], [1654, 356], [1655, 356], [1656, 356], [1657, 356], [1659, 356], [1660, 356], [1661, 356], [1662, 356], [1663, 356], [1644, 357], [1645, 357], [1646, 357], [1647, 357], [1648, 357], [1650, 357], [1651, 357], [1652, 357], [1653, 357], [1654, 357], [1655, 357], [1656, 357], [1657, 357], [1658, 357], [1659, 357], [1661, 357], [1662, 357], [1663, 357], [1664, 357], [1665, 357], [1666, 357], [1647, 358], [1648, 358], [1649, 358], [1650, 358], [1651, 358], [1652, 358], [1653, 358], [1654, 358], [1655, 358], [1656, 358], [1657, 358], [1658, 358], [1659, 358], [1660, 358], [1661, 358], [1662, 358], [1664, 358], [1665, 358], [1666, 358], [1667, 358], [1668, 358], [1669, 358], [1649, 359], [1650, 359], [1651, 359], [1652, 359], [1653, 359], [1654, 359], [1655, 359], [1656, 359], [1657, 359], [1658, 359], [1659, 359], [1660, 359], [1661, 359], [1662, 359], [1663, 359], [1664, 359], [1665, 359], [1667, 359], [1668, 359], [1669, 359], [1670, 359], [1671, 359], [1652, 360], [1653, 360], [1654, 360], [1655, 360], [1656, 360], [1658, 360], [1659, 360], [1660, 360], [1661, 360], [1662, 360], [1663, 360], [1664, 360], [1665, 360], [1666, 360], [1667, 360], [1668, 360], [1670, 360], [1671, 360], [1672, 360], [1673, 360], [1674, 360], [1655, 361], [1656, 361], [1657, 361], [1658, 361], [1659, 361], [1660, 361], [1661, 361], [1662, 361], [1663, 361], [1664, 361], [1665, 361], [1666, 361], [1667, 361], [1668, 361], [1669, 361], [1670, 361], [1671, 361], [1672, 361], [1673, 361], [1674, 361], [1675, 361], [1676, 361], [1677, 361], [1657, 362], [1658, 362], [1659, 362], [1660, 362], [1661, 362], [1662, 362], [1663, 362], [1664, 362], [1665, 362], [1666, 362], [1667, 362], [1669, 362], [1670, 362], [1671, 362], [1672, 362], [1673, 362], [1675, 362], [1676, 362], [1677, 362], [1678, 362], [1679, 362], [1680, 362], [1660, 363], [1661, 363], [1662, 363], [1663, 363], [1664, 363], [1666, 363], [1667, 363], [1668, 363], [1669, 363], [1670, 363], [1672, 363], [1673, 363], [1674, 363], [1675, 363], [1676, 363], [1678, 363], [1679, 363], [1680, 363], [1681, 363], [1682, 363], [1663, 364], [1664, 364], [1665, 364], [1666, 364], [1667, 364], [1668, 364], [1669, 364], [1670, 364], [1671, 364], [1672, 364], [1674, 364], [1675, 364], [1676, 364], [1677, 364], [1678, 364], [1679, 364], [1681, 364], [1682, 364], [1683, 364], [1684, 364], [1685, 364], [1665, 365], [1666, 365], [1667, 365], [1668, 365], [1669, 365], [1671, 365], [1672, 365], [1673, 365], [1674, 365], [1675, 365], [1677, 365], [1678, 365], [1679, 365], [1680, 365], [1681, 365], [1683, 365], [1684, 365], [1685, 365], [1686, 365], [1687, 365], [1688, 365], [1668, 366], [1669, 366], [1670, 366], [1671, 366], [1672, 366], [1673, 366], [1674, 366], [1675, 366], [1676, 366], [1677, 366], [1678, 366], [1680, 366], [1681, 366], [1682, 366], [1683, 366], [1684, 366], [1685, 366], [1686, 366], [1687, 366], [1688, 366], [1689, 366], [1690, 366], [1691, 366], [1670, 367], [1671, 367], [1672, 367], [1673, 367], [1674, 367], [1675, 367], [1676, 367], [1677, 367], [1678, 367], [1679, 367], [1680, 367], [1682, 367], [1683, 367], [1684, 367], [1685, 367], [1686, 367], [1687, 367], [1688, 367], [1689, 367], [1690, 367], [1691, 367], [1692, 367], [1693, 367], [1673, 368], [1674, 368], [1675, 368], [1676, 368], [1677, 368], [1679, 368], [1680, 368], [1681, 368], [1682, 368], [1683, 368], [1684, 368], [1685, 368], [1686, 368], [1687, 368], [1688, 368], [1689, 368], [1690, 368], [1691, 368], [1692, 368], [1693, 368], [1694, 368], [1695, 368], [1696, 368], [1676, 369], [1677, 369], [1678, 369], [1679, 369], [1680, 369], [1681, 369], [1682, 369], [1683, 369], [1684, 369], [1685, 369], [1687, 369], [1688, 369], [1689, 369], [1690, 369], [1691, 369], [1692, 369], [1693, 369], [1694, 369], [1695, 369], [1696, 369], [1697, 369], [1698, 369], [1699, 369], [1678, 370], [1679, 370], [1680, 370], [1681, 370], [1682, 370], [1683, 370], [1684, 370], [1685, 370], [1686, 370], [1687, 370], [1688, 370], [1690, 370], [1691, 370], [1692, 370], [1693, 370], [1694, 370], [1695, 370], [1696, 370], [1697, 370], [1698, 370], [1699, 370], [1700, 370], [1701, 370], [1702, 370], [1681, 371], [1682, 371], [1683, 371], [1684, 371], [1685, 371], [1686, 371], [1687, 371], [1688, 371], [1689, 371], [1690, 371], [1691, 371], [1694, 371], [1695, 371], [1696, 371], [1697, 371], [1699, 371], [1700, 371], [1701, 371], [1702, 371], [1703, 371], [1704, 371], [1684, 372], [1685, 372], [1686, 372], [1687, 372], [1688, 372], [1689, 372], [1690, 372], [1691, 372], [1692, 372], [1693, 372], [1695, 372], [1696, 372], [1697, 372], [1698, 372], [1699, 372], [1700, 372], [1702, 372], [1703, 372], [1704, 372], [1705, 372], [1706, 372], [1707, 372], [1686, 373], [1687, 373], [1688, 373], [1689, 373], [1690, 373], [1692, 373], [1693, 373], [1694, 373], [1695, 373], [1696, 373], [1698, 373], [1699, 373], [1700, 373], [1701, 373], [1702, 373], [1703, 373], [1704, 373], [1705, 373], [1706, 373], [1707, 373], [1708, 373], [1709, 373], [1689, 374], [1690, 374], [1691, 374], [1692, 374], [1693, 374], [1694, 374], [1695, 374], [1696, 374], [1697, 374], [1698, 374], [1699, 374], [1701, 374], [1702, 374], [1703, 374], [1704, 374], [1705, 374], [1706, 374], [1707, 374], [1708, 374], [1709, 374], [1710, 374], [1711, 374], [1712, 374], [1691, 375], [1692, 375], [1693, 375], [1694, 375], [1695, 375], [1696, 375], [1698, 375], [1699, 375], [1700, 375], [1701, 375], [1702, 375], [1704, 375], [1705, 375], [1706, 375], [1707, 375], [1708, 375], [1709, 375], [1710, 375], [1711, 375], [1712, 375], [1713, 375], [1714, 375], [1715, 375], [1694, 376], [1695, 376], [1696, 376], [1697, 376], [1698, 376], [1699, 376], [1701, 376], [1702, 376], [1703, 376], [1704, 376], [1705, 376], [1707, 376], [1708, 376], [1709, 376], [1710, 376], [1711, 376], [1712, 376], [1713, 376], [1714, 376], [1715, 376], [1716, 376], [1717, 376], [1697, 377], [1698, 377], [1699, 377], [1700, 377], [1701, 377], [1702, 377], [1703, 377], [1704, 377], [1705, 377], [1706, 377], [1707, 377], [1708, 377], [1709, 377], [1710, 377], [1711, 377], [1712, 377], [1713, 377], [1714, 377], [1715, 377], [1716, 377], [1717, 377], [1718, 377], [1719, 377], [1720, 377], [1700, 378], [1701, 378], [1702, 378], [1703, 378], [1704, 378], [1705, 378], [1706, 378], [1707, 378], [1708, 378], [1709, 378], [1710, 378], [1712, 378], [1713, 378], [1714, 378], [1715, 378], [1716, 378], [1718, 378], [1719, 378], [1720, 378], [1721, 378], [1722, 378], [1723, 378], [1702, 379], [1703, 379], [1704, 379], [1705, 379], [1706, 379], [1707, 379], [1708, 379], [1709, 379], [1710, 379], [1711, 379], [1712, 379], [1713, 379], [1714, 379], [1715, 379], [1716, 379], [1717, 379], [1718, 379], [1719, 379], [1721, 379], [1722, 379], [1723, 379], [1724, 379], [1725, 379], [1705, 380], [1706, 380], [1707, 380], [1708, 380], [1709, 380], [1710, 380], [1712, 380], [1713, 380], [1714, 380], [1715, 380], [1716, 380], [1717, 380], [1718, 380], [1719, 380], [1720, 380], [1721, 380], [1722, 380], [1723, 380], [1724, 380], [1725, 380], [1726, 380], [1727, 380], [1728, 380], [1708, 381], [1709, 381], [1710, 381], [1711, 381], [1712, 381], [1714, 381], [1715, 381], [1716, 381], [1717, 381], [1718, 381], [1719, 381], [1720, 381], [1721, 381], [1722, 381], [1723, 381], [1724, 381], [1726, 381], [1727, 381], [1728, 381], [1729, 381], [1730, 381], [1731, 381], [1711, 382], [1712, 382], [1713, 382], [1714, 382], [1715, 382], [1717, 382], [1718, 382], [1719, 382], [1720, 382], [1721, 382], [1723, 382], [1724, 382], [1725, 382], [1726, 382], [1727, 382], [1729, 382], [1730, 382], [1731, 382], [1732, 382], [1733, 382], [1734, 382], [1713, 383], [1714, 383], [1715, 383], [1716, 383], [1717, 383], [1718, 383], [1720, 383], [1721, 383], [1722, 383], [1723, 383], [1724, 383], [1726, 383], [1727, 383], [1728, 383], [1729, 383], [1730, 383], [1732, 383], [1733, 383], [1734, 383], [1735, 383], [1736, 383], [1737, 383], [1716, 384], [1717, 384], [1718, 384], [1719, 384], [1720, 384], [1721, 384], [1723, 384], [1724, 384], [1725, 384], [1726, 384], [1727, 384], [1728, 384], [1729, 384], [1730, 384], [1731, 384], [1732, 384], [1733, 384], [1735, 384], [1736, 384], [1737, 384], [1738, 384], [1739, 384], [1719, 385], [1720, 385], [1721, 385], [1722, 385], [1723, 385], [1724, 385], [1725, 385], [1726, 385], [1727, 385], [1728, 385], [1729, 385], [1730, 385], [1731, 385], [1732, 385], [1733, 385], [1734, 385], [1735, 385], [1736, 385], [1738, 385], [1739, 385], [1740, 385], [1741, 385], [1742, 385], [1722, 386], [1723, 386], [1724, 386], [1725, 386], [1726, 386], [1728, 386], [1729, 386], [1730, 386], [1731, 386], [1732, 386], [1734, 386], [1735, 386], [1736, 386], [1737, 386], [1738, 386], [1739, 386], [1740, 386], [1741, 386], [1742, 386], [1743, 386], [1744, 386], [1745, 386], [1724, 387], [1725, 387], [1726, 387], [1727, 387], [1728, 387], [1729, 387], [1731, 387], [1732, 387], [1733, 387], [1734, 387], [1735, 387], [1737, 387], [1738, 387], [1739, 387], [1740, 387], [1741, 387], [1743, 387], [1744, 387], [1745, 387], [1746, 387], [1747, 387], [1748, 387], [1727, 388], [1728, 388], [1729, 388], [1730, 388], [1731, 388], [1732, 388], [1733, 388], [1734, 388], [1735, 388], [1736, 388], [1737, 388], [1738, 388], [1740, 388], [1741, 388], [1742, 388], [1743, 388], [1744, 388], [1745, 388], [1746, 388], [1747, 388], [1748, 388], [1749, 388], [1750, 388], [1751, 388], [1730, 389], [1731, 389], [1732, 389], [1733, 389], [1734, 389], [1736, 389], [1737, 389], [1738, 389], [1739, 389], [1740, 389], [1742, 389], [1743, 389], [1744, 389], [1745, 389], [1746, 389], [1747, 389], [1749, 389], [1750, 389], [1751, 389], [1752, 389], [1753, 389], [1733, 390], [1734, 390], [1735, 390], [1736, 390], [1737, 390], [1739, 390], [1740, 390], [1741, 390], [1742, 390], [1743, 390], [1746, 390], [1747, 390], [1748, 390], [1749, 390], [1750, 390], [1751, 390], [1752, 390], [1753, 390], [1754, 390], [1755, 390], [1756, 390], [1735, 391], [1736, 391], [1737, 391], [1738, 391], [1739, 391], [1740, 391], [1741, 391], [1742, 391], [1743, 391], [1744, 391], [1745, 391], [1746, 391], [1747, 391], [1748, 391], [1749, 391], [1750, 391], [1751, 391], [1752, 391], [1754, 391], [1755, 391], [1756, 391], [1757, 391], [1758, 391], [1759, 391], [1738, 392], [1739, 392], [1740, 392], [1741, 392], [1742, 392], [1744, 392], [1745, 392], [1746, 392], [1747, 392], [1748, 392], [1749, 392], [1750, 392], [1751, 392], [1752, 392], [1753, 392], [1754, 392], [1755, 392], [1756, 392], [1757, 392], [1758, 392], [1759, 392], [1760, 392], [1761, 392], [1762, 392], [1741, 393], [1742, 393], [1743, 393], [1744, 393], [1745, 393], [1746, 393], [1748, 393], [1749, 393], [1750, 393], [1751, 393], [1752, 393], [1753, 393], [1754, 393], [1755, 393], [1756, 393], [1757, 393], [1758, 393], [1760, 393], [1761, 393], [1762, 393], [1763, 393], [1764, 393], [1765, 393], [1743, 394], [1744, 394], [1745, 394], [1746, 394], [1747, 394], [1748, 394], [1750, 394], [1751, 394], [1752, 394], [1753, 394], [1754, 394], [1757, 394], [1758, 394], [1759, 394], [1760, 394], [1761, 394], [1763, 394], [1764, 394], [1765, 394], [1766, 394], [1767, 394], [1768, 394], [1747, 395], [1748, 395], [1749, 395], [1750, 395], [1751, 395], [1753, 395], [1754, 395], [1755, 395], [1756, 395], [1757, 395], [1758, 395], [1759, 395], [1760, 395], [1761, 395], [1762, 395], [1763, 395], [1764, 395], [1765, 395], [1766, 395], [1767, 395], [1768, 395], [1769, 395], [1770, 395], [1771, 395], [1749, 396], [1750, 396], [1751, 396], [1752, 396], [1753, 396], [1754, 396], [1755, 396], [1756, 396], [1757, 396], [1758, 396], [1759, 396], [1760, 396], [1762, 396], [1763, 396], [1764, 396], [1765, 396], [1766, 396], [1768, 396], [1769, 396], [1770, 396], [1771, 396], [1772, 396], [1773, 396], [1752, 397], [1753, 397], [1754, 397], [1755, 397], [1756, 397], [1757, 397], [1758, 397], [1759, 397], [1760, 397], [1761, 397], [1762, 397], [1763, 397], [1765, 397], [1766, 397], [1767, 397], [1768, 397], [1769, 397], [1771, 397], [1772, 397], [1773, 397], [1774, 397], [1775, 397], [1776, 397], [1755, 398], [1756, 398], [1757, 398], [1758, 398], [1759, 398], [1761, 398], [1762, 398], [1763, 398], [1764, 398], [1765, 398], [1767, 398], [1768, 398], [1769, 398], [1770, 398], [1771, 398], [1772, 398], [1773, 398], [1774, 398], [1775, 398], [1776, 398], [1777, 398], [1778, 398], [1779, 398], [1757, 399], [1758, 399], [1759, 399], [1760, 399], [1761, 399], [1762, 399], [1763, 399], [1764, 399], [1765, 399], [1766, 399], [1767, 399], [1768, 399], [1770, 399], [1771, 399], [1772, 399], [1773, 399], [1774, 399], [1775, 399], [1776, 399], [1777, 399], [1778, 399], [1779, 399], [1780, 399], [1781, 399], [1782, 399], [1760, 400], [1761, 400], [1762, 400], [1763, 400], [1764, 400], [1765, 400], [1766, 400], [1767, 400], [1768, 400], [1769, 400], [1770, 400], [1771, 400], [1773, 400], [1774, 400], [1775, 400], [1776, 400], [1777, 400], [1778, 400], [1779, 400], [1780, 400], [1781, 400], [1782, 400], [1783, 400], [1784, 400], [1785, 400], [1763, 401], [1764, 401], [1765, 401], [1766, 401], [1767, 401], [1768, 401], [1769, 401], [1770, 401], [1771, 401], [1772, 401], [1773, 401], [1774, 401], [1775, 401], [1776, 401], [1777, 401], [1778, 401], [1779, 401], [1780, 401], [1782, 401], [1783, 401], [1784, 401], [1785, 401], [1786, 401], [1787, 401], [1788, 401], [1765, 402], [1766, 402], [1767, 402], [1768, 402], [1769, 402], [1770, 402], [1771, 402], [1772, 402], [1773, 402], [1774, 402], [1775, 402], [1776, 402], [1777, 402], [1778, 402], [1779, 402], [1780, 402], [1781, 402], [1782, 402], [1783, 402], [1785, 402], [1786, 402], [1787, 402], [1788, 402], [1789, 402], [1790, 402], [1768, 403], [1769, 403], [1770, 403], [1771, 403], [1772, 403], [1773, 403], [1774, 403], [1775, 403], [1776, 403], [1777, 403], [1778, 403], [1779, 403], [1781, 403], [1782, 403], [1783, 403], [1784, 403], [1785, 403], [1786, 403], [1788, 403], [1789, 403], [1790, 403], [1791, 403], [1792, 403], [1793, 403], [1771, 404], [1772, 404], [1773, 404], [1774, 404], [1775, 404], [1776, 404], [1777, 404], [1778, 404], [1779, 404], [1780, 404], [1781, 404], [1782, 404], [1783, 404], [1784, 404], [1785, 404], [1786, 404], [1787, 404], [1788, 404], [1790, 404], [1791, 404], [1792, 404], [1793, 404], [1794, 404], [1795, 404], [1796, 404], [1773, 405], [1774, 405], [1775, 405], [1776, 405], [1777, 405], [1778, 405], [1779, 405], [1780, 405], [1781, 405], [1782, 405], [1783, 405], [1784, 405], [1785, 405], [1786, 405], [1787, 405], [1788, 405], [1789, 405], [1790, 405], [1791, 405], [1792, 405], [1793, 405], [1794, 405], [1795, 405], [1796, 405], [1797, 405], [1798, 405], [1231, 406], [1776, 406], [1777, 406], [1778, 406], [1779, 406], [1780, 406], [1781, 406], [1783, 406], [1784, 406], [1785, 406], [1786, 406], [1787, 406], [1789, 406], [1790, 406], [1791, 406], [1792, 406], [1793, 406], [1794, 406], [1796, 406], [1797, 406], [1798, 406], [1799, 406], [1800, 406], [1801, 406], [1229, 407], [1230, 407], [1231, 407], [1232, 407], [1779, 407], [1780, 407], [1781, 407], [1782, 407], [1783, 407], [1784, 407], [1785, 407], [1786, 407], [1787, 407], [1788, 407], [1789, 407], [1790, 407], [1792, 407], [1793, 407], [1794, 407], [1795, 407], [1796, 407], [1797, 407], [1798, 407], [1799, 407], [1800, 407], [1801, 407], [1802, 407], [1803, 407], [1804, 407], [1228, 408], [1229, 408], [1230, 408], [1231, 408], [1232, 408], [1782, 408], [1783, 408], [1784, 408], [1785, 408], [1786, 408], [1787, 408], [1788, 408], [1789, 408], [1790, 408], [1791, 408], [1792, 408], [1793, 408], [1794, 408], [1795, 408], [1796, 408], [1797, 408], [1798, 408], [1799, 408], [1800, 408], [1801, 408], [1802, 408], [1803, 408], [1804, 408], [1805, 408], [1806, 408], [1807, 408], [1229, 409], [1230, 409], [1231, 409], [1232, 409], [1233, 409], [1784, 409], [1785, 409], [1786, 409], [1787, 409], [1788, 409], [1789, 409], [1791, 409], [1792, 409], [1793, 409], [1794, 409], [1795, 409], [1796, 409], [1797, 409], [1798, 409], [1799, 409], [1800, 409], [1801, 409], [1802, 409], [1803, 409], [1804, 409], [1805, 409], [1806, 409], [1807, 409], [1808, 409], [1809, 409], [1810, 409], [1229, 410], [1230, 410], [1231, 410], [1232, 410], [1233, 410], [1234, 410], [1787, 410], [1788, 410], [1789, 410], [1790, 410], [1791, 410], [1792, 410], [1793, 410], [1794, 410], [1795, 410], [1796, 410], [1797, 410], [1798, 410], [1799, 410], [1800, 410], [1801, 410], [1802, 410], [1803, 410], [1804, 410], [1805, 410], [1806, 410], [1807, 410], [1808, 410], [1809, 410], [1810, 410], [1811, 410], [1812, 410], [1230, 411], [1231, 411], [1232, 411], [1233, 411], [1234, 411], [1235, 411], [1790, 411], [1791, 411], [1792, 411], [1793, 411], [1794, 411], [1795, 411], [1796, 411], [1797, 411], [1798, 411], [1799, 411], [1800, 411], [1801, 411], [1802, 411], [1803, 411], [1804, 411], [1805, 411], [1806, 411], [1807, 411], [1808, 411], [1810, 411], [1811, 411], [1812, 411], [1813, 411], [1814, 411], [1815, 411], [1231, 412], [1232, 412], [1234, 412], [1235, 412], [1236, 412], [1792, 412], [1793, 412], [1794, 412], [1795, 412], [1796, 412], [1797, 412], [1798, 412], [1799, 412], [1800, 412], [1801, 412], [1802, 412], [1803, 412], [1804, 412], [1806, 412], [1807, 412], [1808, 412], [1809, 412], [1810, 412], [1811, 412], [1812, 412], [1813, 412], [1814, 412], [1815, 412], [1816, 412], [1817, 412], [1231, 413], [1232, 413], [1233, 413], [1235, 413], [1236, 413], [1237, 413], [1795, 413], [1796, 413], [1797, 413], [1798, 413], [1799, 413], [1800, 413], [1802, 413], [1803, 413], [1804, 413], [1805, 413], [1806, 413], [1807, 413], [1808, 413], [1809, 413], [1810, 413], [1811, 413], [1812, 413], [1813, 413], [1814, 413], [1815, 413], [1816, 413], [1817, 413], [1818, 413], [1819, 413], [1820, 413], [1217, 414], [1218, 414], [1232, 414], [1233, 414], [1234, 414], [1236, 414], [1237, 414], [1798, 414], [1799, 414], [1800, 414], [1801, 414], [1802, 414], [1803, 414], [1804, 414], [1805, 414], [1806, 414], [1807, 414], [1808, 414], [1809, 414], [1811, 414], [1812, 414], [1813, 414], [1814, 414], [1815, 414], [1816, 414], [1817, 414], [1818, 414], [1819, 414], [1820, 414], [1821, 414], [1822, 414], [1215, 415], [1216, 415], [1217, 415], [1218, 415], [1219, 415], [1233, 415], [1234, 415], [1235, 415], [1236, 415], [1237, 415], [1238, 415], [1800, 415], [1801, 415], [1802, 415], [1803, 415], [1804, 415], [1805, 415], [1806, 415], [1807, 415], [1808, 415], [1809, 415], [1810, 415], [1811, 415], [1812, 415], [1814, 415], [1815, 415], [1816, 415], [1817, 415], [1818, 415], [1819, 415], [1820, 415], [1821, 415], [1822, 415], [1823, 415], [1824, 415], [1215, 416], [1216, 416], [1217, 416], [1218, 416], [1219, 416], [1234, 416], [1235, 416], [1236, 416], [1237, 416], [1238, 416], [1239, 416], [1803, 416], [1804, 416], [1805, 416], [1806, 416], [1807, 416], [1808, 416], [1809, 416], [1810, 416], [1811, 416], [1812, 416], [1813, 416], [1814, 416], [1815, 416], [1816, 416], [1817, 416], [1818, 416], [1819, 416], [1820, 416], [1821, 416], [1823, 416], [1824, 416], [1216, 417], [1217, 417], [1218, 417], [1219, 417], [1220, 417], [1235, 417], [1236, 417], [1237, 417], [1238, 417], [1239, 417], [1240, 417], [1806, 417], [1807, 417], [1808, 417], [1809, 417], [1810, 417], [1811, 417], [1812, 417], [1813, 417], [1814, 417], [1815, 417], [1816, 417], [1817, 417], [1819, 417], [1820, 417], [1821, 417], [1822, 417], [1823, 417], [1824, 417], [1216, 418], [1217, 418], [1218, 418], [1219, 418], [1220, 418], [1221, 418], [1235, 418], [1236, 418], [1237, 418], [1238, 418], [1239, 418], [1240, 418], [1241, 418], [1808, 418], [1809, 418], [1810, 418], [1811, 418], [1812, 418], [1813, 418], [1815, 418], [1816, 418], [1817, 418], [1818, 418], [1819, 418], [1820, 418], [1822, 418], [1823, 418], [1824, 418], [1217, 419], [1218, 419], [1219, 419], [1220, 419], [1221, 419], [1222, 419], [1237, 419], [1238, 419], [1239, 419], [1240, 419], [1241, 419], [1242, 419], [1811, 419], [1812, 419], [1813, 419], [1814, 419], [1815, 419], [1816, 419], [1817, 419], [1818, 419], [1819, 419], [1820, 419], [1821, 419], [1822, 419], [1218, 420], [1219, 420], [1220, 420], [1221, 420], [1222, 420], [1238, 420], [1239, 420], [1240, 420], [1241, 420], [1242, 420], [1813, 420], [1814, 420], [1815, 420], [1816, 420], [1817, 420], [1818, 420], [1819, 420], [1820, 420], [1821, 420], [1822, 420], [1823, 420], [1824, 420], [1219, 421], [1220, 421], [1221, 421], [1222, 421], [1223, 421], [1239, 421], [1240, 421], [1242, 421], [1243, 421], [1816, 421], [1817, 421], [1818, 421], [1819, 421], [1820, 421], [1821, 421], [1822, 421], [1823, 421], [1824, 421], [1220, 422], [1221, 422], [1223, 422], [1224, 422], [1240, 422], [1241, 422], [1242, 422], [1243, 422], [1244, 422], [1819, 422], [1820, 422], [1821, 422], [1822, 422], [1823, 422], [1824, 422], [1221, 423], [1222, 423], [1223, 423], [1224, 423], [1225, 423], [1240, 423], [1241, 423], [1242, 423], [1243, 423], [1244, 423], [1245, 423], [1821, 423], [1822, 423], [1823, 423], [1824, 423], [1222, 424], [1223, 424], [1224, 424], [1225, 424], [1226, 424], [1241, 424], [1242, 424], [1243, 424], [1244, 424], [1245, 424], [1246, 424], [1824, 424], [1222, 425], [1223, 425], [1224, 425], [1225, 425], [1226, 425], [1227, 425], [1242, 425], [1243, 425], [1244, 425], [1245, 425], [1246, 425], [1247, 425], [1223, 426], [1224, 426], [1225, 426], [1226, 426], [1227, 426], [1228, 426], [1243, 426], [1244, 426], [1245, 426], [1246, 426], [1247, 426], [1224, 427], [1225, 427], [1227, 427], [1228, 427], [1244, 427], [1245, 427], [1246, 427], [1247, 427], [1248, 427], [1224, 428], [1225, 428], [1226, 428], [1227, 428], [1228, 428], [1229, 428], [1244, 428], [1245, 428], [1246, 428], [1247, 428], [1248, 428], [1249, 428], [1225, 429], [1226, 429], [1227, 429], [1228, 429], [1229, 429], [1230, 429], [1245, 429], [1246, 429], [1247, 429], [1248, 429], [1249, 429], [1250, 429], [1226, 430], [1227, 430], [1228, 430], [1229, 430], [1230, 430], [1231, 430], [1246, 430], [1247, 430], [1248, 430], [1249, 430], [1250, 430], [1251, 430], [1227, 431], [1228, 431], [1230, 431], [1231, 431], [1247, 431], [1248, 431], [1249, 431], [1250, 431], [1251, 431], [1227, 432], [1228, 432], [1229, 432], [1230, 432], [1231, 432], [1232, 432], [1248, 432], [1249, 432], [1251, 432], [1252, 432], [1228, 433], [1229, 433], [1230, 433], [1231, 433], [1232, 433], [1233, 433], [1249, 433], [1250, 433], [1251, 433], [1252, 433], [1253, 433], [1229, 434], [1230, 434], [1231, 434], [1232, 434], [1233, 434], [1249, 434], [1250, 434], [1251, 434], [1252, 434], [1253, 434], [1254, 434], [1230, 435], [1231, 435], [1232, 435], [1233, 435], [1234, 435], [1250, 435], [1251, 435], [1252, 435], [1253, 435], [1254, 435], [1255, 435], [1230, 436], [1231, 436], [1232, 436], [1233, 436], [1234, 436], [1251, 436], [1252, 436], [1253, 436], [1254, 436], [1255, 436], [1256, 436], [1231, 437], [1232, 437], [1234, 437], [1235, 437], [1236, 437], [1252, 437], [1253, 437], [1254, 437], [1255, 437], [1256, 437], [1232, 438], [1233, 438], [1235, 438], [1236, 438], [1237, 438], [1238, 438], [1253, 438], [1254, 438], [1255, 438], [1256, 438], [1257, 438], [1232, 439], [1233, 439], [1234, 439], [1235, 439], [1236, 439], [1237, 439], [1238, 439], [1239, 439], [1240, 439], [1241, 439], [1242, 439], [1243, 439], [1244, 439], [1245, 439], [1246, 439], [1247, 439], [1248, 439], [1249, 439], [1250, 439], [1251, 439], [1252, 439], [1253, 439], [1254, 439], [1255, 439], [1256, 439], [1257, 439], [1234, 440], [1235, 440], [1236, 440], [1237, 440], [1238, 440], [1239, 440], [1240, 440], [1241, 440], [1242, 440], [1243, 440], [1244, 440], [1245, 440], [1246, 440], [1247, 440], [1248, 440], [1249, 440], [1250, 440], [1251, 440], [1252, 440], [1253, 440], [1254, 440], [1255, 440], [1256, 440], [1257, 440], [1258, 440], [1235, 441], [1236, 441], [1237, 441], [1238, 441], [1239, 441], [1240, 441], [1243, 441], [1244, 441], [1245, 441], [1246, 441], [1247, 441], [1248, 441], [1249, 441], [1250, 441], [1251, 441], [1256, 441], [1257, 441], [1258, 441], [1237, 442], [1238, 442], [1239, 442], [1240, 442], [1241, 442], [1242, 442], [1243, 442], [1244, 442], [1245, 442], [1246, 442], [1247, 442], [1248, 442], [1249, 442], [1250, 442], [1251, 442], [1252, 442], [1253, 442], [1254, 442], [1255, 442], [1256, 442], [1257, 442], [1258, 442], [1239, 443], [1240, 443], [1241, 443], [1242, 443], [1243, 443], [1244, 443], [1250, 443], [1251, 443], [1252, 443], [1253, 443], [1254, 443], [1255, 443], [1256, 443], [1257, 443], [1258, 443], [1341, 562], [1342, 562], [1343, 562], [1344, 562], [1340, 563], [1341, 563], [1342, 563], [1343, 563], [1344, 563], [1345, 563], [1346, 563], [1347, 563], [1348, 563], [1349, 563], [1350, 563], [1351, 563], [1352, 563], [1353, 563], [1354, 563], [1355, 563], [1356, 563], [1357, 563], [1358, 563], [1359, 563], [1360, 563], [1361, 563], [1340, 564], [1341, 564], [1342, 564], [1343, 564], [1344, 564], [1345, 564], [1346, 564], [1347, 564], [1348, 564], [1349, 564], [1350, 564], [1351, 564], [1352, 564], [1353, 564], [1354, 564], [1355, 564], [1356, 564], [1357, 564], [1358, 564], [1359, 564], [1360, 564], [1361, 564], [1362, 564], [1340, 565], [1341, 565], [1342, 565], [1360, 565], [1361, 565], [1362, 565], [1363, 565], [1340, 566], [1341, 566], [1342, 566], [1361, 566], [1362, 566], [1363, 566], [1364, 566], [1365, 566], [1341, 567], [1342, 567], [1345, 567], [1346, 567], [1347, 567], [1348, 567], [1349, 567], [1350, 567], [1351, 567], [1352, 567], [1353, 567], [1354, 567], [1355, 567], [1356, 567], [1357, 567], [1358, 567], [1359, 567], [1360, 567], [1361, 567], [1362, 567], [1363, 567], [1364, 567], [1365, 567], [1366, 567], [1341, 568], [1342, 568], [1343, 568], [1345, 568], [1346, 568], [1347, 568], [1348, 568], [1349, 568], [1350, 568], [1351, 568], [1352, 568], [1353, 568], [1354, 568], [1355, 568], [1356, 568], [1357, 568], [1358, 568], [1359, 568], [1360, 568], [1361, 568], [1362, 568], [1363, 568], [1365, 568], [1366, 568], [1367, 568], [1341, 569], [1342, 569], [1343, 569], [1344, 569], [1345, 569], [1346, 569], [1362, 569], [1363, 569], [1364, 569], [1366, 569], [1367, 569], [1368, 569], [1342, 570], [1343, 570], [1344, 570], [1345, 570], [1346, 570], [1347, 570], [1363, 570], [1364, 570], [1365, 570], [1367, 570], [1368, 570], [1369, 570], [1343, 571], [1344, 571], [1346, 571], [1347, 571], [1348, 571], [1364, 571], [1365, 571], [1366, 571], [1368, 571], [1369, 571], [1370, 571], [1343, 572], [1344, 572], [1345, 572], [1347, 572], [1348, 572], [1349, 572], [1365, 572], [1366, 572], [1367, 572], [1368, 572], [1369, 572], [1370, 572], [1371, 572], [1344, 573], [1345, 573], [1346, 573], [1348, 573], [1349, 573], [1350, 573], [1351, 573], [1366, 573], [1367, 573], [1369, 573], [1370, 573], [1371, 573], [1345, 574], [1346, 574], [1347, 574], [1349, 574], [1350, 574], [1351, 574], [1352, 574], [1366, 574], [1367, 574], [1370, 574], [1371, 574], [1372, 574], [1346, 575], [1347, 575], [1348, 575], [1349, 575], [1351, 575], [1352, 575], [1353, 575], [1354, 575], [1355, 575], [1356, 575], [1360, 575], [1361, 575], [1362, 575], [1363, 575], [1364, 575], [1365, 575], [1366, 575], [1367, 575], [1370, 575], [1371, 575], [1372, 575], [1347, 576], [1348, 576], [1349, 576], [1350, 576], [1352, 576], [1353, 576], [1354, 576], [1355, 576], [1356, 576], [1357, 576], [1358, 576], [1359, 576], [1360, 576], [1361, 576], [1362, 576], [1363, 576], [1364, 576], [1365, 576], [1366, 576], [1367, 576], [1371, 576], [1372, 576], [1349, 577], [1350, 577], [1351, 577], [1352, 577], [1355, 577], [1356, 577], [1357, 577], [1358, 577], [1359, 577], [1360, 577], [1361, 577], [1371, 577], [1372, 577], [1350, 578], [1351, 578], [1352, 578], [1353, 578], [1354, 578], [1355, 578], [1356, 578], [1371, 578], [1372, 578], [1351, 579], [1352, 579], [1353, 579], [1354, 579], [1355, 579], [1356, 579], [1357, 579], [1358, 579], [1359, 579], [1360, 579], [1361, 579], [1362, 579], [1363, 579], [1364, 579], [1365, 579], [1366, 579], [1367, 579], [1368, 579], [1369, 579], [1370, 579], [1371, 579], [1372, 579], [1355, 580], [1356, 580], [1357, 580], [1358, 580], [1359, 580], [1360, 580], [1361, 580], [1362, 580], [1363, 580], [1364, 580], [1365, 580], [1366, 580], [1367, 580], [1368, 580], [1369, 580], [1370, 580], [1371, 580], [1372, 580], [1541, 821], [1542, 821], [1543, 821], [1544, 821], [1545, 821], [1546, 821], [1547, 821], [1548, 821], [1550, 821], [1551, 821], [1552, 821], [1553, 821], [1554, 821], [1555, 821], [1556, 821], [1557, 821], [1558, 821], [1559, 821], [1560, 821], [1561, 821], [1562, 821], [1563, 821], [1567, 821], [1568, 821], [1569, 821], [1570, 821], [1571, 821], [1572, 821], [1573, 821], [1537, 822], [1538, 822], [1539, 822], [1540, 822], [1541, 822], [1542, 822], [1543, 822], [1544, 822], [1545, 822], [1546, 822], [1547, 822], [1548, 822], [1549, 822], [1550, 822], [1551, 822], [1552, 822], [1553, 822], [1554, 822], [1555, 822], [1556, 822], [1557, 822], [1558, 822], [1559, 822], [1560, 822], [1561, 822], [1562, 822], [1563, 822], [1564, 822], [1565, 822], [1566, 822], [1567, 822], [1568, 822], [1569, 822], [1570, 822], [1571, 822], [1572, 822], [1573, 822], [1574, 822], [1575, 822], [1536, 823], [1537, 823], [1538, 823], [1539, 823], [1540, 823], [1541, 823], [1542, 823], [1547, 823], [1548, 823], [1549, 823], [1550, 823], [1551, 823], [1562, 823], [1563, 823], [1564, 823], [1565, 823], [1566, 823], [1567, 823], [1568, 823], [1572, 823], [1573, 823], [1574, 823], [1575, 823], [1576, 823], [1577, 823], [1536, 824], [1537, 824], [1538, 824], [1574, 824], [1575, 824], [1576, 824], [1577, 824], [1578, 824], [1579, 824], [1536, 825], [1537, 825], [1538, 825], [1576, 825], [1577, 825], [1578, 825], [1579, 825], [1580, 825], [1536, 826], [1537, 826], [1538, 826], [1539, 826], [1578, 826], [1579, 826], [1580, 826], [1581, 826], [1537, 827], [1538, 827], [1539, 827], [1579, 827], [1580, 827], [1581, 827], [1582, 827], [1538, 828], [1539, 828], [1540, 828], [1580, 828], [1581, 828], [1582, 828], [1583, 828], [1538, 829], [1539, 829], [1540, 829], [1541, 829], [1581, 829], [1582, 829], [1583, 829], [1584, 829], [1585, 829], [1539, 830], [1540, 830], [1541, 830], [1582, 830], [1583, 830], [1584, 830], [1585, 830], [1586, 830], [1540, 831], [1541, 831], [1542, 831], [1564, 831], [1565, 831], [1566, 831], [1567, 831], [1568, 831], [1569, 831], [1570, 831], [1571, 831], [1575, 831], [1576, 831], [1577, 831], [1578, 831], [1579, 831], [1580, 831], [1581, 831], [1584, 831], [1585, 831], [1586, 831], [1587, 831], [1540, 832], [1541, 832], [1542, 832], [1543, 832], [1562, 832], [1563, 832], [1564, 832], [1565, 832], [1566, 832], [1567, 832], [1568, 832], [1569, 832], [1570, 832], [1571, 832], [1572, 832], [1573, 832], [1574, 832], [1575, 832], [1576, 832], [1577, 832], [1578, 832], [1579, 832], [1580, 832], [1581, 832], [1582, 832], [1583, 832], [1585, 832], [1586, 832], [1587, 832], [1588, 832], [1541, 833], [1542, 833], [1543, 833], [1544, 833], [1550, 833], [1551, 833], [1552, 833], [1554, 833], [1555, 833], [1556, 833], [1557, 833], [1561, 833], [1562, 833], [1563, 833], [1564, 833], [1565, 833], [1566, 833], [1567, 833], [1568, 833], [1569, 833], [1570, 833], [1571, 833], [1572, 833], [1573, 833], [1574, 833], [1575, 833], [1576, 833], [1577, 833], [1578, 833], [1579, 833], [1580, 833], [1581, 833], [1582, 833], [1583, 833], [1584, 833], [1586, 833], [1587, 833], [1588, 833], [1589, 833], [1542, 834], [1543, 834], [1544, 834], [1545, 834], [1548, 834], [1549, 834], [1550, 834], [1551, 834], [1552, 834], [1553, 834], [1554, 834], [1555, 834], [1556, 834], [1557, 834], [1558, 834], [1559, 834], [1560, 834], [1561, 834], [1562, 834], [1563, 834], [1582, 834], [1583, 834], [1584, 834], [1585, 834], [1586, 834], [1587, 834], [1588, 834], [1589, 834], [1590, 834], [1591, 834], [1543, 835], [1544, 835], [1545, 835], [1547, 835], [1548, 835], [1549, 835], [1550, 835], [1551, 835], [1552, 835], [1553, 835], [1554, 835], [1555, 835], [1556, 835], [1557, 835], [1558, 835], [1559, 835], [1560, 835], [1561, 835], [1562, 835], [1583, 835], [1584, 835], [1585, 835], [1586, 835], [1587, 835], [1588, 835], [1589, 835], [1590, 835], [1591, 835], [1592, 835], [1544, 836], [1545, 836], [1546, 836], [1547, 836], [1548, 836], [1549, 836], [1585, 836], [1586, 836], [1587, 836], [1588, 836], [1590, 836], [1591, 836], [1592, 836], [1593, 836], [1544, 837], [1545, 837], [1546, 837], [1548, 837], [1549, 837], [1586, 837], [1587, 837], [1588, 837], [1589, 837], [1590, 837], [1591, 837], [1592, 837], [1593, 837], [1594, 837], [1545, 838], [1546, 838], [1547, 838], [1548, 838], [1549, 838], [1550, 838], [1587, 838], [1588, 838], [1589, 838], [1590, 838], [1591, 838], [1592, 838], [1593, 838], [1594, 838], [1595, 838], [1546, 839], [1547, 839], [1548, 839], [1549, 839], [1550, 839], [1589, 839], [1590, 839], [1591, 839], [1592, 839], [1594, 839], [1595, 839], [1596, 839], [1547, 840], [1548, 840], [1550, 840], [1551, 840], [1590, 840], [1591, 840], [1592, 840], [1593, 840], [1594, 840], [1595, 840], [1596, 840], [1597, 840], [1548, 841], [1549, 841], [1550, 841], [1551, 841], [1552, 841], [1592, 841], [1593, 841], [1594, 841], [1595, 841], [1596, 841], [1597, 841], [1598, 841], [1548, 842], [1549, 842], [1550, 842], [1551, 842], [1552, 842], [1553, 842], [1592, 842], [1593, 842], [1594, 842], [1595, 842], [1596, 842], [1597, 842], [1598, 842], [1599, 842], [1549, 843], [1550, 843], [1551, 843], [1552, 843], [1553, 843], [1554, 843], [1593, 843], [1594, 843], [1595, 843], [1596, 843], [1597, 843], [1598, 843], [1599, 843], [1600, 843], [1550, 844], [1551, 844], [1552, 844], [1553, 844], [1554, 844], [1555, 844], [1594, 844], [1595, 844], [1596, 844], [1597, 844], [1598, 844], [1599, 844], [1600, 844], [1601, 844], [1551, 845], [1552, 845], [1553, 845], [1554, 845], [1555, 845], [1556, 845], [1595, 845], [1596, 845], [1597, 845], [1598, 845], [1599, 845], [1600, 845], [1601, 845], [1602, 845], [1552, 846], [1553, 846], [1555, 846], [1556, 846], [1557, 846], [1596, 846], [1597, 846], [1598, 846], [1599, 846], [1600, 846], [1601, 846], [1602, 846], [1552, 847], [1553, 847], [1554, 847], [1556, 847], [1557, 847], [1558, 847], [1597, 847], [1598, 847], [1599, 847], [1600, 847], [1601, 847], [1602, 847], [1603, 847], [1553, 848], [1554, 848], [1555, 848], [1557, 848], [1558, 848], [1559, 848], [1598, 848], [1599, 848], [1600, 848], [1602, 848], [1603, 848], [1604, 848], [1554, 849], [1555, 849], [1556, 849], [1558, 849], [1559, 849], [1560, 849], [1599, 849], [1600, 849], [1601, 849], [1603, 849], [1604, 849], [1605, 849], [1555, 850], [1556, 850], [1557, 850], [1559, 850], [1560, 850], [1600, 850], [1601, 850], [1602, 850], [1603, 850], [1604, 850], [1605, 850], [1606, 850], [1556, 851], [1557, 851], [1558, 851], [1559, 851], [1560, 851], [1561, 851], [1601, 851], [1602, 851], [1603, 851], [1604, 851], [1605, 851], [1606, 851], [1607, 851], [1557, 852], [1558, 852], [1560, 852], [1561, 852], [1562, 852], [1563, 852], [1601, 852], [1602, 852], [1603, 852], [1605, 852], [1606, 852], [1607, 852], [1608, 852], [1557, 853], [1558, 853], [1559, 853], [1561, 853], [1562, 853], [1563, 853], [1602, 853], [1603, 853], [1604, 853], [1605, 853], [1606, 853], [1607, 853], [1608, 853], [1609, 853], [1558, 854], [1559, 854], [1560, 854], [1561, 854], [1562, 854], [1563, 854], [1564, 854], [1602, 854], [1603, 854], [1604, 854], [1605, 854], [1606, 854], [1607, 854], [1608, 854], [1609, 854], [1610, 854], [1559, 855], [1560, 855], [1561, 855], [1562, 855], [1563, 855], [1564, 855], [1565, 855], [1604, 855], [1605, 855], [1606, 855], [1607, 855], [1608, 855], [1609, 855], [1610, 855], [1611, 855], [1560, 856], [1561, 856], [1562, 856], [1563, 856], [1564, 856], [1565, 856], [1566, 856], [1605, 856], [1606, 856], [1607, 856], [1608, 856], [1609, 856], [1610, 856], [1611, 856], [1612, 856], [1560, 857], [1561, 857], [1562, 857], [1563, 857], [1564, 857], [1565, 857], [1566, 857], [1567, 857], [1606, 857], [1607, 857], [1608, 857], [1609, 857], [1610, 857], [1611, 857], [1612, 857], [1613, 857], [1561, 858], [1562, 858], [1563, 858], [1564, 858], [1565, 858], [1566, 858], [1567, 858], [1568, 858], [1607, 858], [1608, 858], [1609, 858], [1610, 858], [1611, 858], [1612, 858], [1613, 858], [1562, 859], [1563, 859], [1564, 859], [1565, 859], [1566, 859], [1567, 859], [1568, 859], [1569, 859], [1608, 859], [1609, 859], [1610, 859], [1612, 859], [1613, 859], [1614, 859], [1563, 860], [1564, 860], [1565, 860], [1566, 860], [1567, 860], [1568, 860], [1569, 860], [1570, 860], [1575, 860], [1576, 860], [1577, 860], [1578, 860], [1599, 860], [1600, 860], [1601, 860], [1602, 860], [1609, 860], [1610, 860], [1611, 860], [1612, 860], [1613, 860], [1614, 860], [1615, 860], [1564, 861], [1565, 861], [1566, 861], [1568, 861], [1569, 861], [1570, 861], [1575, 861], [1576, 861], [1577, 861], [1578, 861], [1579, 861], [1599, 861], [1600, 861], [1601, 861], [1602, 861], [1609, 861], [1610, 861], [1611, 861], [1612, 861], [1613, 861], [1614, 861], [1615, 861], [1616, 861], [1565, 862], [1566, 862], [1567, 862], [1569, 862], [1570, 862], [1571, 862], [1575, 862], [1576, 862], [1578, 862], [1579, 862], [1580, 862], [1599, 862], [1600, 862], [1601, 862], [1602, 862], [1610, 862], [1611, 862], [1612, 862], [1613, 862], [1614, 862], [1615, 862], [1616, 862], [1617, 862], [1565, 863], [1566, 863], [1567, 863], [1568, 863], [1569, 863], [1570, 863], [1571, 863], [1572, 863], [1575, 863], [1576, 863], [1577, 863], [1579, 863], [1580, 863], [1581, 863], [1582, 863], [1600, 863], [1601, 863], [1602, 863], [1611, 863], [1612, 863], [1613, 863], [1614, 863], [1615, 863], [1616, 863], [1617, 863], [1566, 864], [1567, 864], [1568, 864], [1569, 864], [1570, 864], [1571, 864], [1572, 864], [1576, 864], [1577, 864], [1578, 864], [1580, 864], [1581, 864], [1582, 864], [1612, 864], [1613, 864], [1614, 864], [1616, 864], [1617, 864], [1618, 864], [1567, 865], [1568, 865], [1569, 865], [1571, 865], [1572, 865], [1573, 865], [1577, 865], [1578, 865], [1579, 865], [1581, 865], [1582, 865], [1583, 865], [1613, 865], [1614, 865], [1615, 865], [1616, 865], [1617, 865], [1618, 865], [1619, 865], [1568, 866], [1569, 866], [1570, 866], [1571, 866], [1572, 866], [1573, 866], [1574, 866], [1578, 866], [1579, 866], [1580, 866], [1582, 866], [1583, 866], [1613, 866], [1614, 866], [1615, 866], [1616, 866], [1617, 866], [1618, 866], [1619, 866], [1620, 866], [1568, 867], [1569, 867], [1570, 867], [1571, 867], [1572, 867], [1573, 867], [1574, 867], [1578, 867], [1579, 867], [1580, 867], [1581, 867], [1582, 867], [1583, 867], [1614, 867], [1615, 867], [1616, 867], [1617, 867], [1618, 867], [1619, 867], [1620, 867], [1621, 867], [1569, 868], [1570, 868], [1571, 868], [1572, 868], [1573, 868], [1574, 868], [1575, 868], [1580, 868], [1581, 868], [1582, 868], [1583, 868], [1615, 868], [1616, 868], [1617, 868], [1618, 868], [1619, 868], [1620, 868], [1621, 868], [1622, 868], [1570, 869], [1571, 869], [1572, 869], [1573, 869], [1574, 869], [1575, 869], [1576, 869], [1580, 869], [1581, 869], [1582, 869], [1583, 869], [1584, 869], [1616, 869], [1617, 869], [1618, 869], [1619, 869], [1620, 869], [1621, 869], [1622, 869], [1623, 869], [1571, 870], [1572, 870], [1573, 870], [1574, 870], [1575, 870], [1576, 870], [1577, 870], [1582, 870], [1583, 870], [1584, 870], [1585, 870], [1586, 870], [1587, 870], [1591, 870], [1592, 870], [1593, 870], [1617, 870], [1618, 870], [1619, 870], [1621, 870], [1622, 870], [1623, 870], [1571, 871], [1572, 871], [1573, 871], [1574, 871], [1575, 871], [1576, 871], [1577, 871], [1582, 871], [1583, 871], [1584, 871], [1586, 871], [1587, 871], [1588, 871], [1589, 871], [1590, 871], [1591, 871], [1592, 871], [1593, 871], [1594, 871], [1595, 871], [1618, 871], [1619, 871], [1620, 871], [1622, 871], [1623, 871], [1624, 871], [1572, 872], [1573, 872], [1574, 872], [1575, 872], [1576, 872], [1577, 872], [1578, 872], [1583, 872], [1584, 872], [1585, 872], [1586, 872], [1588, 872], [1589, 872], [1590, 872], [1591, 872], [1592, 872], [1593, 872], [1594, 872], [1595, 872], [1618, 872], [1619, 872], [1620, 872], [1621, 872], [1622, 872], [1623, 872], [1624, 872], [1625, 872], [1573, 873], [1574, 873], [1575, 873], [1576, 873], [1577, 873], [1578, 873], [1579, 873], [1586, 873], [1587, 873], [1588, 873], [1589, 873], [1590, 873], [1591, 873], [1592, 873], [1593, 873], [1594, 873], [1595, 873], [1619, 873], [1620, 873], [1621, 873], [1622, 873], [1623, 873], [1624, 873], [1625, 873], [1626, 873], [1574, 874], [1575, 874], [1576, 874], [1577, 874], [1578, 874], [1579, 874], [1580, 874], [1587, 874], [1588, 874], [1589, 874], [1590, 874], [1591, 874], [1592, 874], [1593, 874], [1620, 874], [1621, 874], [1622, 874], [1623, 874], [1624, 874], [1625, 874], [1626, 874], [1627, 874], [1574, 875], [1575, 875], [1576, 875], [1577, 875], [1578, 875], [1579, 875], [1580, 875], [1581, 875], [1588, 875], [1589, 875], [1590, 875], [1591, 875], [1592, 875], [1593, 875], [1621, 875], [1622, 875], [1623, 875], [1624, 875], [1625, 875], [1626, 875], [1627, 875], [1575, 876], [1576, 876], [1577, 876], [1578, 876], [1579, 876], [1580, 876], [1581, 876], [1582, 876], [1583, 876], [1588, 876], [1589, 876], [1590, 876], [1591, 876], [1592, 876], [1593, 876], [1594, 876], [1622, 876], [1623, 876], [1624, 876], [1626, 876], [1627, 876], [1628, 876], [1576, 877], [1577, 877], [1578, 877], [1579, 877], [1580, 877], [1581, 877], [1582, 877], [1583, 877], [1584, 877], [1590, 877], [1591, 877], [1592, 877], [1593, 877], [1594, 877], [1595, 877], [1623, 877], [1624, 877], [1625, 877], [1626, 877], [1627, 877], [1628, 877], [1629, 877], [1577, 878], [1578, 878], [1579, 878], [1580, 878], [1582, 878], [1583, 878], [1584, 878], [1589, 878], [1590, 878], [1591, 878], [1592, 878], [1593, 878], [1594, 878], [1595, 878], [1596, 878], [1597, 878], [1623, 878], [1624, 878], [1625, 878], [1626, 878], [1627, 878], [1628, 878], [1629, 878], [1630, 878], [1578, 879], [1579, 879], [1580, 879], [1583, 879], [1584, 879], [1585, 879], [1589, 879], [1590, 879], [1591, 879], [1594, 879], [1595, 879], [1596, 879], [1597, 879], [1598, 879], [1624, 879], [1625, 879], [1626, 879], [1627, 879], [1628, 879], [1629, 879], [1630, 879], [1631, 879], [1579, 880], [1580, 880], [1581, 880], [1583, 880], [1584, 880], [1585, 880], [1586, 880], [1589, 880], [1590, 880], [1596, 880], [1597, 880], [1598, 880], [1599, 880], [1625, 880], [1626, 880], [1627, 880], [1628, 880], [1629, 880], [1630, 880], [1631, 880], [1632, 880], [1579, 881], [1580, 881], [1581, 881], [1582, 881], [1584, 881], [1585, 881], [1586, 881], [1587, 881], [1588, 881], [1589, 881], [1590, 881], [1597, 881], [1598, 881], [1599, 881], [1600, 881], [1613, 881], [1614, 881], [1615, 881], [1626, 881], [1627, 881], [1628, 881], [1629, 881], [1630, 881], [1631, 881], [1632, 881], [1633, 881], [1580, 882], [1581, 882], [1582, 882], [1583, 882], [1585, 882], [1586, 882], [1587, 882], [1588, 882], [1589, 882], [1590, 882], [1591, 882], [1592, 882], [1598, 882], [1599, 882], [1600, 882], [1604, 882], [1605, 882], [1606, 882], [1613, 882], [1614, 882], [1615, 882], [1616, 882], [1627, 882], [1628, 882], [1629, 882], [1631, 882], [1632, 882], [1633, 882], [1581, 883], [1582, 883], [1583, 883], [1584, 883], [1586, 883], [1587, 883], [1589, 883], [1590, 883], [1591, 883], [1592, 883], [1593, 883], [1594, 883], [1599, 883], [1600, 883], [1603, 883], [1604, 883], [1605, 883], [1606, 883], [1607, 883], [1613, 883], [1614, 883], [1615, 883], [1616, 883], [1628, 883], [1629, 883], [1630, 883], [1632, 883], [1633, 883], [1634, 883], [1582, 884], [1583, 884], [1584, 884], [1586, 884], [1587, 884], [1588, 884], [1591, 884], [1592, 884], [1593, 884], [1594, 884], [1595, 884], [1596, 884], [1598, 884], [1599, 884], [1600, 884], [1603, 884], [1604, 884], [1605, 884], [1606, 884], [1607, 884], [1608, 884], [1609, 884], [1610, 884], [1614, 884], [1615, 884], [1616, 884], [1628, 884], [1629, 884], [1630, 884], [1631, 884], [1632, 884], [1633, 884], [1634, 884], [1635, 884], [1583, 885], [1584, 885], [1585, 885], [1587, 885], [1588, 885], [1589, 885], [1591, 885], [1592, 885], [1593, 885], [1594, 885], [1595, 885], [1596, 885], [1597, 885], [1598, 885], [1599, 885], [1601, 885], [1602, 885], [1603, 885], [1604, 885], [1605, 885], [1606, 885], [1607, 885], [1608, 885], [1609, 885], [1610, 885], [1629, 885], [1630, 885], [1631, 885], [1632, 885], [1633, 885], [1634, 885], [1635, 885], [1636, 885], [1583, 886], [1584, 886], [1585, 886], [1586, 886], [1587, 886], [1588, 886], [1589, 886], [1595, 886], [1596, 886], [1597, 886], [1598, 886], [1599, 886], [1600, 886], [1601, 886], [1604, 886], [1605, 886], [1606, 886], [1607, 886], [1608, 886], [1609, 886], [1610, 886], [1630, 886], [1631, 886], [1632, 886], [1633, 886], [1634, 886], [1635, 886], [1636, 886], [1637, 886], [1584, 887], [1585, 887], [1586, 887], [1587, 887], [1588, 887], [1589, 887], [1590, 887], [1597, 887], [1598, 887], [1599, 887], [1600, 887], [1601, 887], [1602, 887], [1603, 887], [1605, 887], [1606, 887], [1607, 887], [1608, 887], [1609, 887], [1610, 887], [1611, 887], [1612, 887], [1613, 887], [1614, 887], [1615, 887], [1631, 887], [1632, 887], [1633, 887], [1634, 887], [1635, 887], [1636, 887], [1637, 887], [1638, 887], [1585, 888], [1586, 888], [1587, 888], [1589, 888], [1590, 888], [1591, 888], [1597, 888], [1598, 888], [1599, 888], [1603, 888], [1605, 888], [1606, 888], [1607, 888], [1608, 888], [1609, 888], [1610, 888], [1611, 888], [1612, 888], [1613, 888], [1615, 888], [1632, 888], [1633, 888], [1634, 888], [1636, 888], [1637, 888], [1638, 888], [1639, 888], [1586, 889], [1587, 889], [1588, 889], [1589, 889], [1590, 889], [1591, 889], [1603, 889], [1604, 889], [1605, 889], [1608, 889], [1609, 889], [1610, 889], [1611, 889], [1612, 889], [1613, 889], [1614, 889], [1615, 889], [1633, 889], [1634, 889], [1635, 889], [1637, 889], [1638, 889], [1639, 889], [1587, 890], [1588, 890], [1589, 890], [1590, 890], [1591, 890], [1592, 890], [1603, 890], [1604, 890], [1605, 890], [1607, 890], [1608, 890], [1609, 890], [1610, 890], [1611, 890], [1612, 890], [1614, 890], [1615, 890], [1633, 890], [1634, 890], [1635, 890], [1636, 890], [1637, 890], [1638, 890], [1639, 890], [1640, 890], [1587, 891], [1588, 891], [1589, 891], [1591, 891], [1592, 891], [1593, 891], [1607, 891], [1608, 891], [1609, 891], [1610, 891], [1611, 891], [1613, 891], [1614, 891], [1615, 891], [1634, 891], [1635, 891], [1636, 891], [1637, 891], [1639, 891], [1640, 891], [1641, 891], [1588, 892], [1589, 892], [1590, 892], [1592, 892], [1593, 892], [1607, 892], [1608, 892], [1609, 892], [1610, 892], [1611, 892], [1612, 892], [1613, 892], [1614, 892], [1615, 892], [1636, 892], [1637, 892], [1638, 892], [1639, 892], [1640, 892], [1641, 892], [1642, 892], [1589, 893], [1590, 893], [1591, 893], [1592, 893], [1593, 893], [1594, 893], [1607, 893], [1608, 893], [1611, 893], [1612, 893], [1613, 893], [1614, 893], [1615, 893], [1637, 893], [1638, 893], [1639, 893], [1640, 893], [1641, 893], [1642, 893], [1643, 893], [1590, 894], [1591, 894], [1592, 894], [1593, 894], [1594, 894], [1595, 894], [1607, 894], [1608, 894], [1610, 894], [1611, 894], [1612, 894], [1637, 894], [1638, 894], [1639, 894], [1640, 894], [1641, 894], [1642, 894], [1643, 894], [1644, 894], [1591, 895], [1592, 895], [1594, 895], [1595, 895], [1596, 895], [1597, 895], [1607, 895], [1608, 895], [1609, 895], [1610, 895], [1611, 895], [1612, 895], [1638, 895], [1639, 895], [1640, 895], [1642, 895], [1643, 895], [1644, 895], [1645, 895], [1591, 896], [1592, 896], [1593, 896], [1595, 896], [1596, 896], [1597, 896], [1598, 896], [1607, 896], [1608, 896], [1609, 896], [1610, 896], [1611, 896], [1628, 896], [1629, 896], [1630, 896], [1631, 896], [1632, 896], [1639, 896], [1640, 896], [1641, 896], [1643, 896], [1644, 896], [1645, 896], [1592, 897], [1593, 897], [1594, 897], [1595, 897], [1596, 897], [1597, 897], [1598, 897], [1607, 897], [1608, 897], [1609, 897], [1628, 897], [1629, 897], [1630, 897], [1631, 897], [1632, 897], [1639, 897], [1640, 897], [1641, 897], [1642, 897], [1644, 897], [1645, 897], [1646, 897], [1593, 898], [1594, 898], [1595, 898], [1596, 898], [1597, 898], [1598, 898], [1599, 898], [1628, 898], [1629, 898], [1630, 898], [1631, 898], [1632, 898], [1640, 898], [1641, 898], [1642, 898], [1643, 898], [1644, 898], [1645, 898], [1646, 898], [1647, 898], [1594, 899], [1595, 899], [1596, 899], [1598, 899], [1599, 899], [1628, 899], [1629, 899], [1630, 899], [1631, 899], [1641, 899], [1642, 899], [1643, 899], [1645, 899], [1646, 899], [1647, 899], [1648, 899], [1595, 900], [1596, 900], [1597, 900], [1598, 900], [1599, 900], [1600, 900], [1642, 900], [1643, 900], [1644, 900], [1645, 900], [1646, 900], [1647, 900], [1648, 900], [1649, 900], [1596, 901], [1597, 901], [1599, 901], [1600, 901], [1601, 901], [1642, 901], [1643, 901], [1644, 901], [1645, 901], [1647, 901], [1648, 901], [1649, 901], [1650, 901], [1596, 902], [1597, 902], [1598, 902], [1600, 902], [1601, 902], [1602, 902], [1644, 902], [1645, 902], [1646, 902], [1648, 902], [1649, 902], [1650, 902], [1597, 903], [1598, 903], [1599, 903], [1601, 903], [1602, 903], [1603, 903], [1644, 903], [1645, 903], [1646, 903], [1647, 903], [1649, 903], [1650, 903], [1651, 903], [1598, 904], [1599, 904], [1600, 904], [1602, 904], [1603, 904], [1604, 904], [1645, 904], [1646, 904], [1647, 904], [1649, 904], [1650, 904], [1651, 904], [1652, 904], [1599, 905], [1600, 905], [1601, 905], [1602, 905], [1603, 905], [1604, 905], [1605, 905], [1646, 905], [1647, 905], [1648, 905], [1650, 905], [1651, 905], [1652, 905], [1653, 905], [1600, 906], [1601, 906], [1602, 906], [1603, 906], [1604, 906], [1605, 906], [1629, 906], [1630, 906], [1631, 906], [1646, 906], [1647, 906], [1648, 906], [1649, 906], [1651, 906], [1652, 906], [1653, 906], [1654, 906], [1600, 907], [1601, 907], [1602, 907], [1603, 907], [1604, 907], [1605, 907], [1606, 907], [1629, 907], [1630, 907], [1631, 907], [1632, 907], [1647, 907], [1648, 907], [1649, 907], [1650, 907], [1652, 907], [1653, 907], [1654, 907], [1655, 907], [1601, 908], [1602, 908], [1603, 908], [1605, 908], [1606, 908], [1629, 908], [1630, 908], [1631, 908], [1632, 908], [1648, 908], [1649, 908], [1650, 908], [1651, 908], [1653, 908], [1654, 908], [1655, 908], [1656, 908], [1602, 909], [1603, 909], [1604, 909], [1605, 909], [1606, 909], [1607, 909], [1630, 909], [1631, 909], [1632, 909], [1649, 909], [1650, 909], [1651, 909], [1652, 909], [1654, 909], [1655, 909], [1656, 909], [1603, 910], [1604, 910], [1605, 910], [1606, 910], [1607, 910], [1608, 910], [1650, 910], [1651, 910], [1652, 910], [1655, 910], [1656, 910], [1657, 910], [1604, 911], [1605, 911], [1606, 911], [1607, 911], [1608, 911], [1609, 911], [1651, 911], [1652, 911], [1653, 911], [1655, 911], [1656, 911], [1657, 911], [1658, 911], [1605, 912], [1606, 912], [1607, 912], [1608, 912], [1609, 912], [1610, 912], [1651, 912], [1652, 912], [1653, 912], [1654, 912], [1656, 912], [1657, 912], [1658, 912], [1659, 912], [1606, 913], [1607, 913], [1609, 913], [1610, 913], [1611, 913], [1652, 913], [1653, 913], [1654, 913], [1655, 913], [1657, 913], [1658, 913], [1659, 913], [1660, 913], [1606, 914], [1607, 914], [1608, 914], [1610, 914], [1611, 914], [1612, 914], [1653, 914], [1654, 914], [1655, 914], [1656, 914], [1658, 914], [1659, 914], [1660, 914], [1607, 915], [1608, 915], [1609, 915], [1611, 915], [1612, 915], [1654, 915], [1655, 915], [1656, 915], [1657, 915], [1659, 915], [1660, 915], [1661, 915], [1608, 916], [1609, 916], [1610, 916], [1611, 916], [1612, 916], [1613, 916], [1655, 916], [1656, 916], [1657, 916], [1658, 916], [1659, 916], [1660, 916], [1661, 916], [1662, 916], [1609, 917], [1610, 917], [1611, 917], [1612, 917], [1613, 917], [1614, 917], [1656, 917], [1657, 917], [1658, 917], [1659, 917], [1660, 917], [1661, 917], [1662, 917], [1663, 917], [1610, 918], [1611, 918], [1612, 918], [1613, 918], [1614, 918], [1615, 918], [1657, 918], [1658, 918], [1659, 918], [1660, 918], [1661, 918], [1662, 918], [1663, 918], [1664, 918], [1611, 919], [1612, 919], [1614, 919], [1615, 919], [1616, 919], [1658, 919], [1659, 919], [1660, 919], [1661, 919], [1662, 919], [1663, 919], [1664, 919], [1665, 919], [1611, 920], [1612, 920], [1613, 920], [1615, 920], [1616, 920], [1617, 920], [1627, 920], [1628, 920], [1629, 920], [1659, 920], [1660, 920], [1661, 920], [1663, 920], [1664, 920], [1665, 920], [1666, 920], [1612, 921], [1613, 921], [1614, 921], [1616, 921], [1617, 921], [1618, 921], [1627, 921], [1628, 921], [1629, 921], [1630, 921], [1631, 921], [1660, 921], [1661, 921], [1664, 921], [1665, 921], [1666, 921], [1667, 921], [1613, 922], [1614, 922], [1615, 922], [1617, 922], [1618, 922], [1619, 922], [1627, 922], [1628, 922], [1629, 922], [1630, 922], [1631, 922], [1660, 922], [1661, 922], [1662, 922], [1665, 922], [1666, 922], [1667, 922], [1614, 923], [1615, 923], [1616, 923], [1618, 923], [1619, 923], [1620, 923], [1627, 923], [1628, 923], [1630, 923], [1631, 923], [1632, 923], [1660, 923], [1661, 923], [1662, 923], [1663, 923], [1666, 923], [1667, 923], [1668, 923], [1615, 924], [1616, 924], [1617, 924], [1619, 924], [1620, 924], [1621, 924], [1622, 924], [1626, 924], [1627, 924], [1628, 924], [1630, 924], [1631, 924], [1632, 924], [1661, 924], [1662, 924], [1663, 924], [1664, 924], [1665, 924], [1666, 924], [1667, 924], [1668, 924], [1669, 924], [1616, 925], [1617, 925], [1618, 925], [1620, 925], [1621, 925], [1622, 925], [1626, 925], [1627, 925], [1628, 925], [1630, 925], [1631, 925], [1632, 925], [1662, 925], [1663, 925], [1664, 925], [1665, 925], [1667, 925], [1668, 925], [1669, 925], [1670, 925], [1617, 926], [1618, 926], [1619, 926], [1621, 926], [1622, 926], [1623, 926], [1626, 926], [1627, 926], [1628, 926], [1630, 926], [1631, 926], [1632, 926], [1633, 926], [1664, 926], [1665, 926], [1666, 926], [1668, 926], [1669, 926], [1670, 926], [1671, 926], [1618, 927], [1619, 927], [1620, 927], [1621, 927], [1622, 927], [1623, 927], [1624, 927], [1626, 927], [1627, 927], [1628, 927], [1631, 927], [1632, 927], [1633, 927], [1634, 927], [1635, 927], [1636, 927], [1638, 927], [1639, 927], [1640, 927], [1664, 927], [1665, 927], [1666, 927], [1667, 927], [1669, 927], [1670, 927], [1671, 927], [1672, 927], [1618, 928], [1619, 928], [1620, 928], [1621, 928], [1622, 928], [1623, 928], [1624, 928], [1625, 928], [1626, 928], [1627, 928], [1628, 928], [1632, 928], [1633, 928], [1634, 928], [1635, 928], [1636, 928], [1637, 928], [1638, 928], [1639, 928], [1640, 928], [1642, 928], [1643, 928], [1644, 928], [1665, 928], [1666, 928], [1667, 928], [1670, 928], [1671, 928], [1672, 928], [1673, 928], [1619, 929], [1620, 929], [1621, 929], [1622, 929], [1623, 929], [1624, 929], [1625, 929], [1626, 929], [1627, 929], [1628, 929], [1629, 929], [1630, 929], [1635, 929], [1636, 929], [1637, 929], [1638, 929], [1639, 929], [1640, 929], [1641, 929], [1642, 929], [1644, 929], [1666, 929], [1667, 929], [1668, 929], [1669, 929], [1671, 929], [1672, 929], [1673, 929], [1620, 930], [1621, 930], [1622, 930], [1623, 930], [1624, 930], [1625, 930], [1626, 930], [1627, 930], [1628, 930], [1629, 930], [1630, 930], [1631, 930], [1632, 930], [1633, 930], [1639, 930], [1640, 930], [1641, 930], [1642, 930], [1643, 930], [1644, 930], [1666, 930], [1667, 930], [1668, 930], [1669, 930], [1670, 930], [1672, 930], [1673, 930], [1674, 930], [1621, 931], [1622, 931], [1623, 931], [1624, 931], [1625, 931], [1626, 931], [1627, 931], [1628, 931], [1629, 931], [1630, 931], [1631, 931], [1632, 931], [1633, 931], [1634, 931], [1635, 931], [1638, 931], [1639, 931], [1640, 931], [1641, 931], [1668, 931], [1669, 931], [1670, 931], [1671, 931], [1672, 931], [1673, 931], [1674, 931], [1675, 931], [1622, 932], [1623, 932], [1624, 932], [1626, 932], [1627, 932], [1628, 932], [1629, 932], [1630, 932], [1631, 932], [1632, 932], [1633, 932], [1634, 932], [1635, 932], [1638, 932], [1639, 932], [1640, 932], [1641, 932], [1669, 932], [1670, 932], [1671, 932], [1672, 932], [1673, 932], [1674, 932], [1675, 932], [1676, 932], [1623, 933], [1624, 933], [1625, 933], [1628, 933], [1629, 933], [1630, 933], [1634, 933], [1635, 933], [1636, 933], [1637, 933], [1638, 933], [1639, 933], [1640, 933], [1641, 933], [1670, 933], [1671, 933], [1672, 933], [1674, 933], [1675, 933], [1676, 933], [1677, 933], [1623, 934], [1624, 934], [1625, 934], [1626, 934], [1628, 934], [1629, 934], [1630, 934], [1631, 934], [1634, 934], [1635, 934], [1636, 934], [1637, 934], [1639, 934], [1640, 934], [1641, 934], [1642, 934], [1643, 934], [1644, 934], [1645, 934], [1671, 934], [1672, 934], [1673, 934], [1674, 934], [1675, 934], [1676, 934], [1677, 934], [1678, 934], [1624, 935], [1625, 935], [1626, 935], [1627, 935], [1629, 935], [1630, 935], [1631, 935], [1632, 935], [1636, 935], [1637, 935], [1638, 935], [1639, 935], [1640, 935], [1645, 935], [1671, 935], [1672, 935], [1673, 935], [1674, 935], [1675, 935], [1676, 935], [1677, 935], [1678, 935], [1625, 936], [1626, 936], [1627, 936], [1630, 936], [1631, 936], [1632, 936], [1633, 936], [1636, 936], [1637, 936], [1638, 936], [1639, 936], [1640, 936], [1641, 936], [1642, 936], [1643, 936], [1644, 936], [1645, 936], [1673, 936], [1674, 936], [1675, 936], [1676, 936], [1677, 936], [1678, 936], [1679, 936], [1626, 937], [1627, 937], [1628, 937], [1631, 937], [1632, 937], [1633, 937], [1634, 937], [1637, 937], [1638, 937], [1639, 937], [1640, 937], [1641, 937], [1642, 937], [1674, 937], [1675, 937], [1676, 937], [1678, 937], [1679, 937], [1680, 937], [1626, 938], [1627, 938], [1628, 938], [1629, 938], [1632, 938], [1633, 938], [1634, 938], [1635, 938], [1637, 938], [1638, 938], [1639, 938], [1641, 938], [1642, 938], [1643, 938], [1644, 938], [1645, 938], [1675, 938], [1676, 938], [1677, 938], [1678, 938], [1679, 938], [1680, 938], [1681, 938], [1627, 939], [1628, 939], [1629, 939], [1630, 939], [1633, 939], [1634, 939], [1635, 939], [1637, 939], [1638, 939], [1639, 939], [1641, 939], [1642, 939], [1643, 939], [1644, 939], [1645, 939], [1646, 939], [1647, 939], [1648, 939], [1649, 939], [1650, 939], [1676, 939], [1677, 939], [1678, 939], [1679, 939], [1680, 939], [1681, 939], [1682, 939], [1628, 940], [1629, 940], [1630, 940], [1631, 940], [1634, 940], [1635, 940], [1636, 940], [1638, 940], [1639, 940], [1642, 940], [1643, 940], [1644, 940], [1645, 940], [1646, 940], [1647, 940], [1648, 940], [1649, 940], [1650, 940], [1651, 940], [1676, 940], [1677, 940], [1678, 940], [1679, 940], [1680, 940], [1681, 940], [1682, 940], [1683, 940], [1629, 941], [1630, 941], [1631, 941], [1632, 941], [1634, 941], [1635, 941], [1636, 941], [1638, 941], [1639, 941], [1644, 941], [1645, 941], [1646, 941], [1649, 941], [1650, 941], [1651, 941], [1652, 941], [1677, 941], [1678, 941], [1679, 941], [1680, 941], [1681, 941], [1682, 941], [1683, 941], [1684, 941], [1630, 942], [1631, 942], [1632, 942], [1635, 942], [1636, 942], [1637, 942], [1638, 942], [1639, 942], [1640, 942], [1641, 942], [1642, 942], [1643, 942], [1650, 942], [1651, 942], [1652, 942], [1653, 942], [1678, 942], [1679, 942], [1680, 942], [1681, 942], [1682, 942], [1683, 942], [1684, 942], [1685, 942], [1631, 943], [1632, 943], [1633, 943], [1635, 943], [1636, 943], [1637, 943], [1638, 943], [1639, 943], [1640, 943], [1641, 943], [1642, 943], [1643, 943], [1644, 943], [1651, 943], [1652, 943], [1653, 943], [1679, 943], [1680, 943], [1681, 943], [1683, 943], [1684, 943], [1685, 943], [1631, 944], [1632, 944], [1633, 944], [1634, 944], [1637, 944], [1638, 944], [1642, 944], [1643, 944], [1644, 944], [1652, 944], [1653, 944], [1680, 944], [1681, 944], [1682, 944], [1684, 944], [1685, 944], [1686, 944], [1632, 945], [1633, 945], [1634, 945], [1635, 945], [1637, 945], [1638, 945], [1639, 945], [1640, 945], [1642, 945], [1643, 945], [1644, 945], [1645, 945], [1652, 945], [1653, 945], [1680, 945], [1681, 945], [1682, 945], [1683, 945], [1684, 945], [1685, 945], [1686, 945], [1687, 945], [1633, 946], [1634, 946], [1635, 946], [1636, 946], [1637, 946], [1638, 946], [1639, 946], [1640, 946], [1641, 946], [1642, 946], [1643, 946], [1644, 946], [1645, 946], [1652, 946], [1653, 946], [1654, 946], [1655, 946], [1681, 946], [1682, 946], [1683, 946], [1684, 946], [1685, 946], [1686, 946], [1687, 946], [1688, 946], [1634, 947], [1635, 947], [1636, 947], [1639, 947], [1640, 947], [1641, 947], [1642, 947], [1643, 947], [1644, 947], [1645, 947], [1652, 947], [1653, 947], [1654, 947], [1655, 947], [1656, 947], [1657, 947], [1682, 947], [1683, 947], [1684, 947], [1685, 947], [1687, 947], [1688, 947], [1689, 947], [1635, 948], [1636, 948], [1637, 948], [1640, 948], [1641, 948], [1642, 948], [1643, 948], [1654, 948], [1655, 948], [1656, 948], [1657, 948], [1658, 948], [1659, 948], [1683, 948], [1684, 948], [1685, 948], [1686, 948], [1687, 948], [1688, 948], [1689, 948], [1690, 948], [1635, 949], [1636, 949], [1637, 949], [1638, 949], [1656, 949], [1657, 949], [1658, 949], [1659, 949], [1685, 949], [1686, 949], [1687, 949], [1689, 949], [1690, 949], [1691, 949], [1636, 950], [1637, 950], [1638, 950], [1639, 950], [1658, 950], [1659, 950], [1660, 950], [1685, 950], [1686, 950], [1687, 950], [1688, 950], [1689, 950], [1690, 950], [1691, 950], [1637, 951], [1638, 951], [1639, 951], [1658, 951], [1659, 951], [1660, 951], [1687, 951], [1688, 951], [1689, 951], [1690, 951], [1691, 951], [1692, 951], [1638, 952], [1639, 952], [1640, 952], [1645, 952], [1646, 952], [1647, 952], [1648, 952], [1649, 952], [1650, 952], [1651, 952], [1652, 952], [1653, 952], [1654, 952], [1659, 952], [1660, 952], [1661, 952], [1687, 952], [1688, 952], [1689, 952], [1691, 952], [1692, 952], [1693, 952], [1638, 953], [1639, 953], [1640, 953], [1641, 953], [1645, 953], [1646, 953], [1647, 953], [1648, 953], [1649, 953], [1650, 953], [1651, 953], [1652, 953], [1653, 953], [1654, 953], [1655, 953], [1659, 953], [1660, 953], [1661, 953], [1688, 953], [1689, 953], [1690, 953], [1692, 953], [1693, 953], [1694, 953], [1639, 954], [1640, 954], [1641, 954], [1642, 954], [1644, 954], [1645, 954], [1646, 954], [1653, 954], [1654, 954], [1655, 954], [1656, 954], [1657, 954], [1660, 954], [1661, 954], [1662, 954], [1663, 954], [1664, 954], [1667, 954], [1668, 954], [1669, 954], [1689, 954], [1690, 954], [1691, 954], [1693, 954], [1694, 954], [1695, 954], [1640, 955], [1641, 955], [1642, 955], [1644, 955], [1645, 955], [1646, 955], [1654, 955], [1655, 955], [1656, 955], [1657, 955], [1660, 955], [1661, 955], [1662, 955], [1663, 955], [1664, 955], [1667, 955], [1668, 955], [1669, 955], [1690, 955], [1691, 955], [1692, 955], [1693, 955], [1694, 955], [1695, 955], [1696, 955], [1641, 956], [1642, 956], [1643, 956], [1644, 956], [1645, 956], [1646, 956], [1647, 956], [1656, 956], [1657, 956], [1662, 956], [1663, 956], [1664, 956], [1667, 956], [1668, 956], [1669, 956], [1691, 956], [1692, 956], [1693, 956], [1694, 956], [1695, 956], [1696, 956], [1697, 956], [1641, 957], [1642, 957], [1643, 957], [1644, 957], [1645, 957], [1646, 957], [1647, 957], [1648, 957], [1656, 957], [1657, 957], [1658, 957], [1659, 957], [1660, 957], [1662, 957], [1663, 957], [1664, 957], [1667, 957], [1668, 957], [1670, 957], [1671, 957], [1672, 957], [1673, 957], [1674, 957], [1675, 957], [1691, 957], [1692, 957], [1693, 957], [1695, 957], [1696, 957], [1697, 957], [1642, 958], [1643, 958], [1644, 958], [1645, 958], [1646, 958], [1647, 958], [1648, 958], [1649, 958], [1656, 958], [1657, 958], [1658, 958], [1659, 958], [1660, 958], [1661, 958], [1663, 958], [1664, 958], [1669, 958], [1670, 958], [1671, 958], [1672, 958], [1673, 958], [1674, 958], [1675, 958], [1676, 958], [1692, 958], [1693, 958], [1694, 958], [1695, 958], [1696, 958], [1697, 958], [1698, 958], [1643, 959], [1644, 959], [1645, 959], [1646, 959], [1647, 959], [1648, 959], [1649, 959], [1650, 959], [1659, 959], [1660, 959], [1661, 959], [1662, 959], [1663, 959], [1664, 959], [1669, 959], [1670, 959], [1674, 959], [1675, 959], [1676, 959], [1677, 959], [1692, 959], [1693, 959], [1694, 959], [1695, 959], [1697, 959], [1698, 959], [1699, 959], [1644, 960], [1645, 960], [1646, 960], [1648, 960], [1649, 960], [1650, 960], [1651, 960], [1660, 960], [1661, 960], [1662, 960], [1663, 960], [1664, 960], [1665, 960], [1666, 960], [1667, 960], [1668, 960], [1669, 960], [1670, 960], [1675, 960], [1676, 960], [1677, 960], [1678, 960], [1694, 960], [1695, 960], [1696, 960], [1698, 960], [1699, 960], [1700, 960], [1645, 961], [1646, 961], [1647, 961], [1649, 961], [1650, 961], [1651, 961], [1662, 961], [1663, 961], [1664, 961], [1665, 961], [1666, 961], [1667, 961], [1668, 961], [1669, 961], [1670, 961], [1676, 961], [1677, 961], [1678, 961], [1679, 961], [1695, 961], [1696, 961], [1697, 961], [1699, 961], [1700, 961], [1701, 961], [1645, 962], [1646, 962], [1647, 962], [1648, 962], [1650, 962], [1651, 962], [1665, 962], [1666, 962], [1667, 962], [1668, 962], [1669, 962], [1670, 962], [1677, 962], [1678, 962], [1679, 962], [1680, 962], [1681, 962], [1696, 962], [1697, 962], [1698, 962], [1700, 962], [1701, 962], [1702, 962], [1646, 963], [1647, 963], [1648, 963], [1649, 963], [1650, 963], [1651, 963], [1652, 963], [1666, 963], [1667, 963], [1668, 963], [1669, 963], [1670, 963], [1678, 963], [1679, 963], [1680, 963], [1681, 963], [1682, 963], [1697, 963], [1698, 963], [1699, 963], [1700, 963], [1701, 963], [1702, 963], [1703, 963], [1647, 964], [1648, 964], [1649, 964], [1651, 964], [1652, 964], [1653, 964], [1669, 964], [1670, 964], [1671, 964], [1672, 964], [1673, 964], [1680, 964], [1681, 964], [1682, 964], [1683, 964], [1698, 964], [1699, 964], [1700, 964], [1701, 964], [1702, 964], [1703, 964], [1648, 965], [1649, 965], [1650, 965], [1651, 965], [1652, 965], [1653, 965], [1654, 965], [1669, 965], [1670, 965], [1671, 965], [1672, 965], [1673, 965], [1681, 965], [1682, 965], [1683, 965], [1698, 965], [1699, 965], [1700, 965], [1701, 965], [1702, 965], [1703, 965], [1704, 965], [1649, 966], [1650, 966], [1651, 966], [1652, 966], [1653, 966], [1654, 966], [1672, 966], [1673, 966], [1682, 966], [1683, 966], [1699, 966], [1700, 966], [1701, 966], [1703, 966], [1704, 966], [1705, 966], [1649, 967], [1650, 967], [1651, 967], [1652, 967], [1653, 967], [1654, 967], [1655, 967], [1672, 967], [1673, 967], [1674, 967], [1675, 967], [1676, 967], [1677, 967], [1682, 967], [1683, 967], [1684, 967], [1700, 967], [1701, 967], [1702, 967], [1704, 967], [1705, 967], [1706, 967], [1650, 968], [1651, 968], [1652, 968], [1654, 968], [1655, 968], [1656, 968], [1672, 968], [1673, 968], [1674, 968], [1675, 968], [1676, 968], [1677, 968], [1682, 968], [1683, 968], [1684, 968], [1685, 968], [1701, 968], [1702, 968], [1703, 968], [1705, 968], [1706, 968], [1707, 968], [1651, 969], [1652, 969], [1653, 969], [1654, 969], [1655, 969], [1656, 969], [1657, 969], [1674, 969], [1675, 969], [1676, 969], [1677, 969], [1678, 969], [1679, 969], [1682, 969], [1683, 969], [1684, 969], [1685, 969], [1702, 969], [1703, 969], [1704, 969], [1706, 969], [1707, 969], [1708, 969], [1652, 970], [1653, 970], [1654, 970], [1655, 970], [1656, 970], [1657, 970], [1658, 970], [1676, 970], [1677, 970], [1678, 970], [1679, 970], [1680, 970], [1681, 970], [1682, 970], [1683, 970], [1684, 970], [1685, 970], [1686, 970], [1703, 970], [1704, 970], [1705, 970], [1707, 970], [1708, 970], [1652, 971], [1653, 971], [1654, 971], [1655, 971], [1656, 971], [1657, 971], [1658, 971], [1659, 971], [1660, 971], [1678, 971], [1679, 971], [1680, 971], [1681, 971], [1682, 971], [1683, 971], [1684, 971], [1685, 971], [1686, 971], [1704, 971], [1705, 971], [1706, 971], [1707, 971], [1708, 971], [1709, 971], [1653, 972], [1654, 972], [1655, 972], [1656, 972], [1657, 972], [1658, 972], [1659, 972], [1660, 972], [1681, 972], [1682, 972], [1683, 972], [1684, 972], [1685, 972], [1686, 972], [1687, 972], [1688, 972], [1705, 972], [1706, 972], [1708, 972], [1709, 972], [1710, 972], [1654, 973], [1655, 973], [1656, 973], [1657, 973], [1659, 973], [1660, 973], [1661, 973], [1685, 973], [1686, 973], [1687, 973], [1688, 973], [1705, 973], [1706, 973], [1707, 973], [1709, 973], [1710, 973], [1711, 973], [1655, 974], [1656, 974], [1657, 974], [1659, 974], [1660, 974], [1661, 974], [1662, 974], [1663, 974], [1679, 974], [1680, 974], [1681, 974], [1682, 974], [1683, 974], [1684, 974], [1685, 974], [1686, 974], [1687, 974], [1688, 974], [1706, 974], [1707, 974], [1708, 974], [1710, 974], [1711, 974], [1712, 974], [1656, 975], [1657, 975], [1658, 975], [1660, 975], [1661, 975], [1662, 975], [1663, 975], [1678, 975], [1679, 975], [1680, 975], [1681, 975], [1682, 975], [1683, 975], [1684, 975], [1685, 975], [1686, 975], [1687, 975], [1707, 975], [1708, 975], [1709, 975], [1711, 975], [1712, 975], [1713, 975], [1656, 976], [1657, 976], [1658, 976], [1659, 976], [1660, 976], [1661, 976], [1662, 976], [1663, 976], [1678, 976], [1679, 976], [1680, 976], [1681, 976], [1682, 976], [1685, 976], [1686, 976], [1687, 976], [1688, 976], [1708, 976], [1709, 976], [1710, 976], [1711, 976], [1712, 976], [1713, 976], [1714, 976], [1657, 977], [1658, 977], [1659, 977], [1660, 977], [1661, 977], [1662, 977], [1663, 977], [1678, 977], [1679, 977], [1680, 977], [1681, 977], [1682, 977], [1683, 977], [1686, 977], [1687, 977], [1688, 977], [1689, 977], [1709, 977], [1710, 977], [1711, 977], [1712, 977], [1713, 977], [1714, 977], [1658, 978], [1659, 978], [1660, 978], [1662, 978], [1663, 978], [1664, 978], [1679, 978], [1680, 978], [1681, 978], [1682, 978], [1683, 978], [1684, 978], [1685, 978], [1686, 978], [1687, 978], [1688, 978], [1689, 978], [1709, 978], [1710, 978], [1711, 978], [1712, 978], [1713, 978], [1714, 978], [1715, 978], [1659, 979], [1660, 979], [1661, 979], [1662, 979], [1663, 979], [1664, 979], [1682, 979], [1683, 979], [1684, 979], [1685, 979], [1686, 979], [1687, 979], [1688, 979], [1689, 979], [1710, 979], [1711, 979], [1712, 979], [1714, 979], [1715, 979], [1716, 979], [1660, 980], [1661, 980], [1662, 980], [1663, 980], [1664, 980], [1665, 980], [1683, 980], [1684, 980], [1685, 980], [1686, 980], [1687, 980], [1688, 980], [1690, 980], [1691, 980], [1711, 980], [1712, 980], [1713, 980], [1715, 980], [1716, 980], [1717, 980], [1660, 981], [1661, 981], [1662, 981], [1664, 981], [1665, 981], [1666, 981], [1688, 981], [1689, 981], [1690, 981], [1691, 981], [1712, 981], [1713, 981], [1714, 981], [1716, 981], [1717, 981], [1718, 981], [1661, 982], [1662, 982], [1663, 982], [1665, 982], [1666, 982], [1667, 982], [1688, 982], [1689, 982], [1690, 982], [1691, 982], [1713, 982], [1714, 982], [1715, 982], [1717, 982], [1718, 982], [1719, 982], [1662, 983], [1663, 983], [1664, 983], [1666, 983], [1667, 983], [1668, 983], [1688, 983], [1689, 983], [1690, 983], [1693, 983], [1694, 983], [1695, 983], [1696, 983], [1714, 983], [1715, 983], [1716, 983], [1718, 983], [1719, 983], [1720, 983], [1663, 984], [1664, 984], [1665, 984], [1667, 984], [1668, 984], [1669, 984], [1692, 984], [1693, 984], [1694, 984], [1695, 984], [1696, 984], [1715, 984], [1716, 984], [1717, 984], [1719, 984], [1720, 984], [1664, 985], [1665, 985], [1666, 985], [1667, 985], [1668, 985], [1669, 985], [1670, 985], [1692, 985], [1693, 985], [1694, 985], [1695, 985], [1696, 985], [1716, 985], [1717, 985], [1718, 985], [1719, 985], [1720, 985], [1721, 985], [1665, 986], [1666, 986], [1667, 986], [1668, 986], [1669, 986], [1670, 986], [1692, 986], [1693, 986], [1694, 986], [1695, 986], [1696, 986], [1717, 986], [1718, 986], [1720, 986], [1721, 986], [1722, 986], [1665, 987], [1666, 987], [1667, 987], [1668, 987], [1669, 987], [1670, 987], [1671, 987], [1692, 987], [1693, 987], [1694, 987], [1695, 987], [1696, 987], [1717, 987], [1718, 987], [1719, 987], [1721, 987], [1722, 987], [1723, 987], [1666, 988], [1667, 988], [1668, 988], [1670, 988], [1671, 988], [1672, 988], [1673, 988], [1674, 988], [1692, 988], [1693, 988], [1694, 988], [1695, 988], [1696, 988], [1697, 988], [1718, 988], [1719, 988], [1720, 988], [1722, 988], [1723, 988], [1724, 988], [1667, 989], [1668, 989], [1669, 989], [1671, 989], [1672, 989], [1673, 989], [1674, 989], [1690, 989], [1691, 989], [1692, 989], [1693, 989], [1695, 989], [1696, 989], [1697, 989], [1719, 989], [1720, 989], [1721, 989], [1723, 989], [1724, 989], [1725, 989], [1668, 990], [1669, 990], [1670, 990], [1673, 990], [1674, 990], [1690, 990], [1691, 990], [1692, 990], [1693, 990], [1695, 990], [1696, 990], [1697, 990], [1698, 990], [1720, 990], [1721, 990], [1722, 990], [1724, 990], [1725, 990], [1726, 990], [1669, 991], [1670, 991], [1671, 991], [1673, 991], [1674, 991], [1690, 991], [1691, 991], [1692, 991], [1693, 991], [1694, 991], [1695, 991], [1696, 991], [1697, 991], [1698, 991], [1699, 991], [1700, 991], [1701, 991], [1721, 991], [1722, 991], [1723, 991], [1724, 991], [1725, 991], [1726, 991], [1669, 992], [1670, 992], [1671, 992], [1672, 992], [1673, 992], [1674, 992], [1675, 992], [1691, 992], [1692, 992], [1693, 992], [1694, 992], [1695, 992], [1696, 992], [1697, 992], [1698, 992], [1699, 992], [1700, 992], [1701, 992], [1722, 992], [1723, 992], [1724, 992], [1725, 992], [1726, 992], [1727, 992], [1670, 993], [1671, 993], [1672, 993], [1674, 993], [1675, 993], [1676, 993], [1689, 993], [1690, 993], [1691, 993], [1692, 993], [1693, 993], [1694, 993], [1695, 993], [1696, 993], [1697, 993], [1698, 993], [1699, 993], [1700, 993], [1701, 993], [1702, 993], [1722, 993], [1723, 993], [1724, 993], [1726, 993], [1727, 993], [1728, 993], [1671, 994], [1672, 994], [1673, 994], [1675, 994], [1676, 994], [1677, 994], [1689, 994], [1691, 994], [1693, 994], [1694, 994], [1695, 994], [1696, 994], [1700, 994], [1701, 994], [1702, 994], [1723, 994], [1724, 994], [1725, 994], [1727, 994], [1728, 994], [1729, 994], [1672, 995], [1673, 995], [1674, 995], [1675, 995], [1676, 995], [1677, 995], [1678, 995], [1679, 995], [1680, 995], [1689, 995], [1690, 995], [1691, 995], [1692, 995], [1693, 995], [1694, 995], [1695, 995], [1696, 995], [1701, 995], [1702, 995], [1703, 995], [1724, 995], [1725, 995], [1726, 995], [1728, 995], [1729, 995], [1730, 995], [1673, 996], [1674, 996], [1675, 996], [1676, 996], [1677, 996], [1678, 996], [1679, 996], [1680, 996], [1692, 996], [1693, 996], [1694, 996], [1701, 996], [1702, 996], [1703, 996], [1704, 996], [1725, 996], [1726, 996], [1727, 996], [1729, 996], [1730, 996], [1731, 996], [1673, 997], [1674, 997], [1675, 997], [1676, 997], [1677, 997], [1678, 997], [1679, 997], [1680, 997], [1681, 997], [1688, 997], [1689, 997], [1690, 997], [1691, 997], [1692, 997], [1693, 997], [1702, 997], [1703, 997], [1704, 997], [1726, 997], [1727, 997], [1728, 997], [1729, 997], [1730, 997], [1731, 997], [1674, 998], [1675, 998], [1676, 998], [1677, 998], [1679, 998], [1680, 998], [1681, 998], [1688, 998], [1689, 998], [1690, 998], [1691, 998], [1692, 998], [1693, 998], [1703, 998], [1704, 998], [1705, 998], [1727, 998], [1728, 998], [1729, 998], [1730, 998], [1731, 998], [1732, 998], [1675, 999], [1676, 999], [1677, 999], [1678, 999], [1680, 999], [1681, 999], [1682, 999], [1688, 999], [1689, 999], [1690, 999], [1691, 999], [1703, 999], [1704, 999], [1705, 999], [1727, 999], [1728, 999], [1729, 999], [1731, 999], [1732, 999], [1733, 999], [1676, 1000], [1677, 1000], [1678, 1000], [1680, 1000], [1681, 1000], [1682, 1000], [1689, 1000], [1690, 1000], [1691, 1000], [1692, 1000], [1704, 1000], [1705, 1000], [1706, 1000], [1728, 1000], [1729, 1000], [1730, 1000], [1732, 1000], [1733, 1000], [1734, 1000], [1677, 1001], [1678, 1001], [1679, 1001], [1680, 1001], [1681, 1001], [1682, 1001], [1683, 1001], [1690, 1001], [1691, 1001], [1692, 1001], [1704, 1001], [1705, 1001], [1706, 1001], [1707, 1001], [1708, 1001], [1729, 1001], [1730, 1001], [1731, 1001], [1732, 1001], [1733, 1001], [1734, 1001], [1735, 1001], [1677, 1002], [1678, 1002], [1679, 1002], [1681, 1002], [1682, 1002], [1683, 1002], [1691, 1002], [1692, 1002], [1693, 1002], [1705, 1002], [1706, 1002], [1707, 1002], [1708, 1002], [1730, 1002], [1731, 1002], [1732, 1002], [1733, 1002], [1734, 1002], [1735, 1002], [1736, 1002], [1678, 1003], [1679, 1003], [1680, 1003], [1681, 1003], [1682, 1003], [1683, 1003], [1684, 1003], [1691, 1003], [1692, 1003], [1693, 1003], [1694, 1003], [1707, 1003], [1708, 1003], [1709, 1003], [1730, 1003], [1731, 1003], [1732, 1003], [1733, 1003], [1735, 1003], [1736, 1003], [1737, 1003], [1679, 1004], [1680, 1004], [1681, 1004], [1683, 1004], [1684, 1004], [1685, 1004], [1692, 1004], [1693, 1004], [1694, 1004], [1695, 1004], [1707, 1004], [1708, 1004], [1709, 1004], [1731, 1004], [1732, 1004], [1733, 1004], [1734, 1004], [1735, 1004], [1736, 1004], [1737, 1004], [1680, 1005], [1681, 1005], [1682, 1005], [1684, 1005], [1685, 1005], [1693, 1005], [1694, 1005], [1695, 1005], [1696, 1005], [1707, 1005], [1708, 1005], [1709, 1005], [1733, 1005], [1734, 1005], [1735, 1005], [1736, 1005], [1737, 1005], [1738, 1005], [1681, 1006], [1682, 1006], [1683, 1006], [1684, 1006], [1685, 1006], [1686, 1006], [1694, 1006], [1695, 1006], [1696, 1006], [1697, 1006], [1707, 1006], [1708, 1006], [1709, 1006], [1733, 1006], [1734, 1006], [1735, 1006], [1737, 1006], [1738, 1006], [1739, 1006], [1682, 1007], [1683, 1007], [1685, 1007], [1686, 1007], [1687, 1007], [1695, 1007], [1696, 1007], [1697, 1007], [1698, 1007], [1707, 1007], [1708, 1007], [1709, 1007], [1734, 1007], [1735, 1007], [1736, 1007], [1738, 1007], [1739, 1007], [1740, 1007], [1682, 1008], [1683, 1008], [1684, 1008], [1686, 1008], [1687, 1008], [1688, 1008], [1696, 1008], [1697, 1008], [1698, 1008], [1699, 1008], [1700, 1008], [1707, 1008], [1708, 1008], [1709, 1008], [1735, 1008], [1736, 1008], [1737, 1008], [1739, 1008], [1740, 1008], [1741, 1008], [1683, 1009], [1684, 1009], [1685, 1009], [1687, 1009], [1688, 1009], [1697, 1009], [1698, 1009], [1699, 1009], [1700, 1009], [1701, 1009], [1708, 1009], [1709, 1009], [1710, 1009], [1736, 1009], [1737, 1009], [1738, 1009], [1740, 1009], [1741, 1009], [1742, 1009], [1684, 1010], [1685, 1010], [1686, 1010], [1687, 1010], [1688, 1010], [1689, 1010], [1699, 1010], [1700, 1010], [1701, 1010], [1702, 1010], [1708, 1010], [1709, 1010], [1710, 1010], [1737, 1010], [1738, 1010], [1739, 1010], [1741, 1010], [1742, 1010], [1685, 1011], [1686, 1011], [1687, 1011], [1688, 1011], [1689, 1011], [1690, 1011], [1700, 1011], [1701, 1011], [1702, 1011], [1703, 1011], [1704, 1011], [1705, 1011], [1709, 1011], [1710, 1011], [1711, 1011], [1738, 1011], [1739, 1011], [1740, 1011], [1741, 1011], [1742, 1011], [1743, 1011], [1686, 1012], [1687, 1012], [1689, 1012], [1690, 1012], [1691, 1012], [1701, 1012], [1702, 1012], [1703, 1012], [1704, 1012], [1705, 1012], [1709, 1012], [1710, 1012], [1711, 1012], [1712, 1012], [1739, 1012], [1740, 1012], [1741, 1012], [1742, 1012], [1743, 1012], [1744, 1012], [1686, 1013], [1687, 1013], [1688, 1013], [1690, 1013], [1691, 1013], [1702, 1013], [1703, 1013], [1704, 1013], [1705, 1013], [1707, 1013], [1708, 1013], [1709, 1013], [1710, 1013], [1711, 1013], [1712, 1013], [1713, 1013], [1740, 1013], [1741, 1013], [1743, 1013], [1744, 1013], [1745, 1013], [1687, 1014], [1688, 1014], [1689, 1014], [1690, 1014], [1691, 1014], [1692, 1014], [1704, 1014], [1705, 1014], [1706, 1014], [1707, 1014], [1708, 1014], [1709, 1014], [1711, 1014], [1712, 1014], [1713, 1014], [1714, 1014], [1740, 1014], [1741, 1014], [1742, 1014], [1744, 1014], [1745, 1014], [1746, 1014], [1688, 1015], [1689, 1015], [1690, 1015], [1691, 1015], [1692, 1015], [1693, 1015], [1704, 1015], [1705, 1015], [1706, 1015], [1707, 1015], [1708, 1015], [1709, 1015], [1710, 1015], [1711, 1015], [1712, 1015], [1713, 1015], [1714, 1015], [1715, 1015], [1716, 1015], [1741, 1015], [1742, 1015], [1743, 1015], [1745, 1015], [1746, 1015], [1747, 1015], [1689, 1016], [1690, 1016], [1691, 1016], [1692, 1016], [1693, 1016], [1694, 1016], [1708, 1016], [1709, 1016], [1710, 1016], [1711, 1016], [1712, 1016], [1713, 1016], [1714, 1016], [1715, 1016], [1716, 1016], [1742, 1016], [1743, 1016], [1744, 1016], [1746, 1016], [1747, 1016], [1690, 1017], [1691, 1017], [1692, 1017], [1693, 1017], [1694, 1017], [1695, 1017], [1708, 1017], [1709, 1017], [1710, 1017], [1711, 1017], [1712, 1017], [1713, 1017], [1714, 1017], [1715, 1017], [1716, 1017], [1717, 1017], [1743, 1017], [1744, 1017], [1745, 1017], [1746, 1017], [1747, 1017], [1748, 1017], [1691, 1018], [1692, 1018], [1694, 1018], [1695, 1018], [1696, 1018], [1697, 1018], [1708, 1018], [1709, 1018], [1710, 1018], [1711, 1018], [1712, 1018], [1713, 1018], [1715, 1018], [1716, 1018], [1717, 1018], [1718, 1018], [1744, 1018], [1745, 1018], [1747, 1018], [1748, 1018], [1749, 1018], [1691, 1019], [1692, 1019], [1693, 1019], [1695, 1019], [1696, 1019], [1697, 1019], [1708, 1019], [1709, 1019], [1710, 1019], [1716, 1019], [1717, 1019], [1718, 1019], [1744, 1019], [1745, 1019], [1746, 1019], [1748, 1019], [1749, 1019], [1750, 1019], [1692, 1020], [1693, 1020], [1694, 1020], [1695, 1020], [1696, 1020], [1697, 1020], [1698, 1020], [1708, 1020], [1709, 1020], [1710, 1020], [1711, 1020], [1716, 1020], [1717, 1020], [1718, 1020], [1719, 1020], [1745, 1020], [1746, 1020], [1747, 1020], [1749, 1020], [1750, 1020], [1751, 1020], [1693, 1021], [1694, 1021], [1695, 1021], [1697, 1021], [1698, 1021], [1699, 1021], [1709, 1021], [1710, 1021], [1711, 1021], [1712, 1021], [1713, 1021], [1714, 1021], [1715, 1021], [1716, 1021], [1717, 1021], [1718, 1021], [1719, 1021], [1720, 1021], [1746, 1021], [1747, 1021], [1748, 1021], [1750, 1021], [1751, 1021], [1752, 1021], [1694, 1022], [1695, 1022], [1696, 1022], [1698, 1022], [1699, 1022], [1700, 1022], [1710, 1022], [1711, 1022], [1712, 1022], [1713, 1022], [1714, 1022], [1715, 1022], [1716, 1022], [1718, 1022], [1719, 1022], [1720, 1022], [1721, 1022], [1722, 1022], [1747, 1022], [1748, 1022], [1749, 1022], [1751, 1022], [1752, 1022], [1753, 1022], [1695, 1023], [1696, 1023], [1697, 1023], [1699, 1023], [1700, 1023], [1713, 1023], [1714, 1023], [1715, 1023], [1716, 1023], [1717, 1023], [1718, 1023], [1719, 1023], [1720, 1023], [1721, 1023], [1722, 1023], [1723, 1023], [1748, 1023], [1749, 1023], [1750, 1023], [1752, 1023], [1753, 1023], [1696, 1024], [1697, 1024], [1698, 1024], [1699, 1024], [1700, 1024], [1701, 1024], [1713, 1024], [1714, 1024], [1715, 1024], [1716, 1024], [1717, 1024], [1721, 1024], [1722, 1024], [1723, 1024], [1724, 1024], [1749, 1024], [1750, 1024], [1751, 1024], [1752, 1024], [1753, 1024], [1754, 1024], [1697, 1025], [1698, 1025], [1700, 1025], [1701, 1025], [1713, 1025], [1714, 1025], [1715, 1025], [1716, 1025], [1717, 1025], [1718, 1025], [1722, 1025], [1723, 1025], [1724, 1025], [1725, 1025], [1750, 1025], [1751, 1025], [1752, 1025], [1753, 1025], [1754, 1025], [1755, 1025], [1697, 1026], [1698, 1026], [1699, 1026], [1700, 1026], [1701, 1026], [1702, 1026], [1716, 1026], [1717, 1026], [1718, 1026], [1723, 1026], [1724, 1026], [1725, 1026], [1726, 1026], [1751, 1026], [1752, 1026], [1754, 1026], [1755, 1026], [1756, 1026], [1698, 1027], [1699, 1027], [1700, 1027], [1701, 1027], [1702, 1027], [1703, 1027], [1716, 1027], [1717, 1027], [1718, 1027], [1724, 1027], [1725, 1027], [1726, 1027], [1727, 1027], [1751, 1027], [1752, 1027], [1753, 1027], [1755, 1027], [1756, 1027], [1757, 1027], [1699, 1028], [1700, 1028], [1701, 1028], [1702, 1028], [1703, 1028], [1704, 1028], [1716, 1028], [1717, 1028], [1718, 1028], [1719, 1028], [1725, 1028], [1726, 1028], [1727, 1028], [1728, 1028], [1729, 1028], [1752, 1028], [1753, 1028], [1754, 1028], [1756, 1028], [1757, 1028], [1758, 1028], [1700, 1029], [1701, 1029], [1703, 1029], [1704, 1029], [1705, 1029], [1717, 1029], [1718, 1029], [1719, 1029], [1720, 1029], [1721, 1029], [1726, 1029], [1727, 1029], [1728, 1029], [1729, 1029], [1753, 1029], [1754, 1029], [1755, 1029], [1757, 1029], [1758, 1029], [1759, 1029], [1700, 1030], [1701, 1030], [1702, 1030], [1704, 1030], [1705, 1030], [1706, 1030], [1718, 1030], [1719, 1030], [1720, 1030], [1721, 1030], [1722, 1030], [1728, 1030], [1729, 1030], [1754, 1030], [1755, 1030], [1756, 1030], [1757, 1030], [1758, 1030], [1759, 1030], [1701, 1031], [1702, 1031], [1703, 1031], [1705, 1031], [1706, 1031], [1720, 1031], [1721, 1031], [1722, 1031], [1726, 1031], [1727, 1031], [1728, 1031], [1729, 1031], [1755, 1031], [1756, 1031], [1757, 1031], [1758, 1031], [1759, 1031], [1760, 1031], [1702, 1032], [1703, 1032], [1704, 1032], [1705, 1032], [1706, 1032], [1707, 1032], [1721, 1032], [1722, 1032], [1723, 1032], [1724, 1032], [1725, 1032], [1726, 1032], [1727, 1032], [1728, 1032], [1729, 1032], [1755, 1032], [1756, 1032], [1757, 1032], [1759, 1032], [1760, 1032], [1761, 1032], [1703, 1033], [1704, 1033], [1705, 1033], [1706, 1033], [1707, 1033], [1708, 1033], [1721, 1033], [1722, 1033], [1723, 1033], [1724, 1033], [1725, 1033], [1726, 1033], [1727, 1033], [1728, 1033], [1729, 1033], [1756, 1033], [1757, 1033], [1758, 1033], [1760, 1033], [1761, 1033], [1762, 1033], [1704, 1034], [1705, 1034], [1707, 1034], [1708, 1034], [1709, 1034], [1727, 1034], [1728, 1034], [1729, 1034], [1757, 1034], [1758, 1034], [1759, 1034], [1761, 1034], [1762, 1034], [1763, 1034], [1704, 1035], [1705, 1035], [1706, 1035], [1708, 1035], [1709, 1035], [1710, 1035], [1758, 1035], [1759, 1035], [1760, 1035], [1762, 1035], [1763, 1035], [1764, 1035], [1705, 1036], [1706, 1036], [1707, 1036], [1709, 1036], [1710, 1036], [1711, 1036], [1759, 1036], [1760, 1036], [1761, 1036], [1763, 1036], [1764, 1036], [1765, 1036], [1706, 1037], [1707, 1037], [1708, 1037], [1710, 1037], [1711, 1037], [1712, 1037], [1733, 1037], [1734, 1037], [1735, 1037], [1760, 1037], [1761, 1037], [1762, 1037], [1763, 1037], [1764, 1037], [1765, 1037], [1707, 1038], [1708, 1038], [1709, 1038], [1711, 1038], [1712, 1038], [1733, 1038], [1735, 1038], [1736, 1038], [1737, 1038], [1761, 1038], [1762, 1038], [1763, 1038], [1764, 1038], [1765, 1038], [1766, 1038], [1708, 1039], [1709, 1039], [1710, 1039], [1711, 1039], [1712, 1039], [1713, 1039], [1733, 1039], [1734, 1039], [1735, 1039], [1736, 1039], [1737, 1039], [1738, 1039], [1739, 1039], [1761, 1039], [1762, 1039], [1763, 1039], [1765, 1039], [1766, 1039], [1767, 1039], [1709, 1040], [1710, 1040], [1712, 1040], [1713, 1040], [1714, 1040], [1734, 1040], [1735, 1040], [1736, 1040], [1737, 1040], [1738, 1040], [1739, 1040], [1762, 1040], [1763, 1040], [1764, 1040], [1766, 1040], [1767, 1040], [1768, 1040], [1709, 1041], [1710, 1041], [1711, 1041], [1713, 1041], [1714, 1041], [1734, 1041], [1735, 1041], [1738, 1041], [1739, 1041], [1740, 1041], [1763, 1041], [1764, 1041], [1765, 1041], [1767, 1041], [1768, 1041], [1769, 1041], [1710, 1042], [1711, 1042], [1712, 1042], [1713, 1042], [1714, 1042], [1715, 1042], [1734, 1042], [1735, 1042], [1738, 1042], [1739, 1042], [1740, 1042], [1764, 1042], [1765, 1042], [1766, 1042], [1768, 1042], [1769, 1042], [1770, 1042], [1711, 1043], [1712, 1043], [1713, 1043], [1714, 1043], [1715, 1043], [1716, 1043], [1734, 1043], [1735, 1043], [1736, 1043], [1737, 1043], [1738, 1043], [1739, 1043], [1740, 1043], [1741, 1043], [1765, 1043], [1766, 1043], [1767, 1043], [1769, 1043], [1770, 1043], [1712, 1044], [1713, 1044], [1715, 1044], [1716, 1044], [1717, 1044], [1734, 1044], [1735, 1044], [1736, 1044], [1737, 1044], [1738, 1044], [1739, 1044], [1740, 1044], [1741, 1044], [1742, 1044], [1766, 1044], [1767, 1044], [1768, 1044], [1769, 1044], [1770, 1044], [1771, 1044], [1712, 1045], [1713, 1045], [1714, 1045], [1716, 1045], [1717, 1045], [1718, 1045], [1735, 1045], [1736, 1045], [1737, 1045], [1738, 1045], [1739, 1045], [1740, 1045], [1741, 1045], [1742, 1045], [1743, 1045], [1767, 1045], [1768, 1045], [1769, 1045], [1770, 1045], [1771, 1045], [1772, 1045], [1713, 1046], [1714, 1046], [1715, 1046], [1717, 1046], [1718, 1046], [1738, 1046], [1739, 1046], [1740, 1046], [1741, 1046], [1742, 1046], [1743, 1046], [1744, 1046], [1745, 1046], [1768, 1046], [1769, 1046], [1770, 1046], [1771, 1046], [1772, 1046], [1773, 1046], [1714, 1047], [1715, 1047], [1716, 1047], [1717, 1047], [1718, 1047], [1719, 1047], [1741, 1047], [1742, 1047], [1743, 1047], [1744, 1047], [1745, 1047], [1746, 1047], [1769, 1047], [1770, 1047], [1772, 1047], [1773, 1047], [1774, 1047], [1715, 1048], [1716, 1048], [1717, 1048], [1718, 1048], [1719, 1048], [1720, 1048], [1741, 1048], [1742, 1048], [1743, 1048], [1744, 1048], [1745, 1048], [1746, 1048], [1747, 1048], [1769, 1048], [1770, 1048], [1771, 1048], [1773, 1048], [1774, 1048], [1775, 1048], [1716, 1049], [1717, 1049], [1719, 1049], [1720, 1049], [1721, 1049], [1743, 1049], [1744, 1049], [1745, 1049], [1746, 1049], [1747, 1049], [1770, 1049], [1771, 1049], [1772, 1049], [1774, 1049], [1775, 1049], [1776, 1049], [1716, 1050], [1717, 1050], [1718, 1050], [1720, 1050], [1721, 1050], [1722, 1050], [1743, 1050], [1744, 1050], [1745, 1050], [1746, 1050], [1747, 1050], [1748, 1050], [1771, 1050], [1772, 1050], [1773, 1050], [1775, 1050], [1776, 1050], [1717, 1051], [1718, 1051], [1719, 1051], [1721, 1051], [1722, 1051], [1723, 1051], [1743, 1051], [1744, 1051], [1745, 1051], [1746, 1051], [1747, 1051], [1748, 1051], [1772, 1051], [1773, 1051], [1774, 1051], [1775, 1051], [1776, 1051], [1777, 1051], [1718, 1052], [1719, 1052], [1720, 1052], [1722, 1052], [1723, 1052], [1744, 1052], [1745, 1052], [1747, 1052], [1748, 1052], [1773, 1052], [1774, 1052], [1775, 1052], [1776, 1052], [1777, 1052], [1778, 1052], [1719, 1053], [1720, 1053], [1721, 1053], [1722, 1053], [1723, 1053], [1724, 1053], [1725, 1053], [1744, 1053], [1745, 1053], [1746, 1053], [1747, 1053], [1748, 1053], [1774, 1053], [1775, 1053], [1776, 1053], [1777, 1053], [1778, 1053], [1779, 1053], [1720, 1054], [1721, 1054], [1723, 1054], [1724, 1054], [1725, 1054], [1744, 1054], [1745, 1054], [1746, 1054], [1747, 1054], [1748, 1054], [1775, 1054], [1776, 1054], [1777, 1054], [1778, 1054], [1779, 1054], [1780, 1054], [1720, 1055], [1721, 1055], [1722, 1055], [1723, 1055], [1724, 1055], [1725, 1055], [1726, 1055], [1776, 1055], [1777, 1055], [1778, 1055], [1779, 1055], [1780, 1055], [1781, 1055], [1721, 1056], [1722, 1056], [1723, 1056], [1725, 1056], [1726, 1056], [1727, 1056], [1777, 1056], [1778, 1056], [1780, 1056], [1781, 1056], [1782, 1056], [1722, 1057], [1723, 1057], [1724, 1057], [1726, 1057], [1727, 1057], [1728, 1057], [1777, 1057], [1778, 1057], [1779, 1057], [1781, 1057], [1782, 1057], [1783, 1057], [1723, 1058], [1724, 1058], [1725, 1058], [1726, 1058], [1727, 1058], [1728, 1058], [1778, 1058], [1779, 1058], [1780, 1058], [1782, 1058], [1783, 1058], [1724, 1059], [1725, 1059], [1726, 1059], [1727, 1059], [1728, 1059], [1729, 1059], [1779, 1059], [1780, 1059], [1781, 1059], [1782, 1059], [1783, 1059], [1784, 1059], [1724, 1060], [1725, 1060], [1726, 1060], [1728, 1060], [1729, 1060], [1730, 1060], [1780, 1060], [1781, 1060], [1782, 1060], [1783, 1060], [1784, 1060], [1785, 1060], [1725, 1061], [1726, 1061], [1727, 1061], [1729, 1061], [1730, 1061], [1731, 1061], [1781, 1061], [1782, 1061], [1784, 1061], [1785, 1061], [1786, 1061], [1726, 1062], [1727, 1062], [1728, 1062], [1729, 1062], [1730, 1062], [1731, 1062], [1781, 1062], [1782, 1062], [1783, 1062], [1785, 1062], [1786, 1062], [1787, 1062], [1727, 1063], [1728, 1063], [1729, 1063], [1730, 1063], [1731, 1063], [1732, 1063], [1782, 1063], [1783, 1063], [1784, 1063], [1786, 1063], [1787, 1063], [1788, 1063], [1727, 1064], [1728, 1064], [1729, 1064], [1731, 1064], [1732, 1064], [1733, 1064], [1783, 1064], [1784, 1064], [1785, 1064], [1787, 1064], [1788, 1064], [1728, 1065], [1729, 1065], [1730, 1065], [1732, 1065], [1733, 1065], [1784, 1065], [1785, 1065], [1786, 1065], [1787, 1065], [1788, 1065], [1789, 1065], [1729, 1066], [1730, 1066], [1731, 1066], [1732, 1066], [1733, 1066], [1734, 1066], [1785, 1066], [1786, 1066], [1788, 1066], [1789, 1066], [1790, 1066], [1730, 1067], [1731, 1067], [1732, 1067], [1733, 1067], [1734, 1067], [1735, 1067], [1785, 1067], [1786, 1067], [1787, 1067], [1789, 1067], [1790, 1067], [1791, 1067], [1731, 1068], [1732, 1068], [1733, 1068], [1734, 1068], [1735, 1068], [1736, 1068], [1786, 1068], [1787, 1068], [1788, 1068], [1790, 1068], [1791, 1068], [1792, 1068], [1732, 1069], [1733, 1069], [1735, 1069], [1736, 1069], [1787, 1069], [1788, 1069], [1789, 1069], [1791, 1069], [1792, 1069], [1793, 1069], [1732, 1070], [1733, 1070], [1734, 1070], [1735, 1070], [1736, 1070], [1737, 1070], [1788, 1070], [1789, 1070], [1790, 1070], [1792, 1070], [1793, 1070], [1794, 1070], [1733, 1071], [1734, 1071], [1735, 1071], [1736, 1071], [1737, 1071], [1738, 1071], [1739, 1071], [1789, 1071], [1790, 1071], [1791, 1071], [1793, 1071], [1794, 1071], [1734, 1072], [1735, 1072], [1736, 1072], [1737, 1072], [1738, 1072], [1739, 1072], [1790, 1072], [1791, 1072], [1792, 1072], [1793, 1072], [1794, 1072], [1795, 1072], [1735, 1073], [1736, 1073], [1737, 1073], [1738, 1073], [1739, 1073], [1740, 1073], [1791, 1073], [1792, 1073], [1793, 1073], [1794, 1073], [1795, 1073], [1796, 1073], [1736, 1074], [1737, 1074], [1739, 1074], [1740, 1074], [1741, 1074], [1792, 1074], [1793, 1074], [1794, 1074], [1795, 1074], [1796, 1074], [1797, 1074], [1736, 1075], [1737, 1075], [1738, 1075], [1740, 1075], [1741, 1075], [1742, 1075], [1793, 1075], [1794, 1075], [1795, 1075], [1796, 1075], [1797, 1075], [1798, 1075], [1737, 1076], [1738, 1076], [1739, 1076], [1741, 1076], [1742, 1076], [1794, 1076], [1795, 1076], [1797, 1076], [1798, 1076], [1799, 1076], [1738, 1077], [1739, 1077], [1740, 1077], [1741, 1077], [1742, 1077], [1743, 1077], [1794, 1077], [1795, 1077], [1796, 1077], [1798, 1077], [1799, 1077], [1739, 1078], [1740, 1078], [1741, 1078], [1742, 1078], [1743, 1078], [1795, 1078], [1796, 1078], [1797, 1078], [1798, 1078], [1799, 1078], [1800, 1078], [1740, 1079], [1741, 1079], [1742, 1079], [1743, 1079], [1796, 1079], [1797, 1079], [1798, 1079], [1799, 1079], [1800, 1079]


