# Inverse Perspective Mapping -- 3-D camera-frame coordinates
# Camera: height=1.70 m, pitch=15.0 deg (down)
# Intrinsics: fx=fy=1080.0 px, cx=960.0, cy=540.0
# Image: 1920 x 1080
# Format: pixel_u  pixel_v  Xc(m)  Yc(m)  Zc(m)
#
  999    261     6.60934   -47.28218   183.02780
 1000    261     6.77881   -47.28218   183.02780
 1001    261     6.94828   -47.28218   183.02780
 1002    261     7.11775   -47.28218   183.02780
 1003    261     7.28722   -47.28218   183.02780
 1004    261     7.45669   -47.28218   183.02780
 1005    261     7.62616   -47.28218   183.02780
 1006    261     7.79563   -47.28218   183.02780
 1011    261     8.64298   -47.28218   183.02780
 1012    261     8.81245   -47.28218   183.02780
 1013    261     8.98192   -47.28218   183.02780
 1014    261     9.15139   -47.28218   183.02780
 1015    261     9.32086   -47.28218   183.02780
 1016    261     9.49033   -47.28218   183.02780
 1017    261     9.65980   -47.28218   183.02780
 1018    261     9.82927   -47.28218   183.02780
 1019    261     9.99874   -47.28218   183.02780
 1020    261    10.16821   -47.28218   183.02780
 1021    261    10.33768   -47.28218   183.02780
 1022    261    10.50715   -47.28218   183.02780
 1049    261    15.08285   -47.28218   183.02780
 1050    261    15.25232   -47.28218   183.02780
 1051    261    15.42179   -47.28218   183.02780
 1052    261    15.59126   -47.28218   183.02780
 1062    261    17.28596   -47.28218   183.02780
 1063    261    17.45543   -47.28218   183.02780
 1064    261    17.62490   -47.28218   183.02780
 1065    261    17.79437   -47.28218   183.02780
 1066    261    17.96384   -47.28218   183.02780
 1067    261    18.13331   -47.28218   183.02780
 1074    261    19.31960   -47.28218   183.02780
 1075    261    19.48907   -47.28218   183.02780
 1076    261    19.65854   -47.28218   183.02780
 1132    261    29.14887   -47.28218   183.02780
 1133    261    29.31834   -47.28218   183.02780
 1135    261    29.65728   -47.28218   183.02780
 1136    261    29.82675   -47.28218   183.02780
 1137    261    29.99622   -47.28218   183.02780
 1240    261    47.45165   -47.28218   183.02780
 1241    261    47.62112   -47.28218   183.02780
 1242    261    47.79059   -47.28218   183.02780
 1243    261    47.96006   -47.28218   183.02780
 1244    261    48.12953   -47.28218   183.02780
 1252    261    49.48529   -47.28218   183.02780
 1253    261    49.65476   -47.28218   183.02780
 1254    261    49.82423   -47.28218   183.02780
 1255    261    49.99370   -47.28218   183.02780
 1256    261    50.16317   -47.28218   183.02780
 1257    261    50.33264   -47.28218   183.02780
 1258    261    50.50211   -47.28218   183.02780
 1259    261    50.67158   -47.28218   183.02780
 1264    261    51.51894   -47.28218   183.02780
 1267    261    52.02735   -47.28218   183.02780
 1268    261    52.19682   -47.28218   183.02780
 1270    261    52.53576   -47.28218   183.02780
 1271    261    52.70523   -47.28218   183.02780
 1272    261    52.87470   -47.28218   183.02780
 1273    261    53.04417   -47.28218   183.02780
 1274    261    53.21364   -47.28218   183.02780
 1275    261    53.38311   -47.28218   183.02780
 1277    261    53.72205   -47.28218   183.02780
 1278    261    53.89152   -47.28218   183.02780
 1279    261    54.06099   -47.28218   183.02780
 1280    261    54.23046   -47.28218   183.02780
 1281    261    54.39993   -47.28218   183.02780
 1282    261    54.56940   -47.28218   183.02780
 1283    261    54.73887   -47.28218   183.02780
 1284    261    54.90834   -47.28218   183.02780
 1285    261    55.07781   -47.28218   183.02780
 1286    261    55.24728   -47.28218   183.02780
 1287    261    55.41675   -47.28218   183.02780
 1288    261    55.58622   -47.28218   183.02780
 1289    261    55.75569   -47.28218   183.02780
 1290    261    55.92516   -47.28218   183.02780
 1291    261    56.09463   -47.28218   183.02780
 1292    261    56.26410   -47.28218   183.02780
 1293    261    56.43357   -47.28218   183.02780
 1294    261    56.60304   -47.28218   183.02780
 1295    261    56.77251   -47.28218   183.02780
 1296    261    56.94198   -47.28218   183.02780
 1297    261    57.11145   -47.28218   183.02780
 1298    261    57.28092   -47.28218   183.02780
 1299    261    57.45039   -47.28218   183.02780
 1300    261    57.61986   -47.28218   183.02780
 1301    261    57.78933   -47.28218   183.02780
 1302    261    57.95880   -47.28218   183.02780
 1303    261    58.12827   -47.28218   183.02780
 1304    261    58.29774   -47.28218   183.02780
 1311    261    59.48403   -47.28218   183.02780
 1312    261    59.65350   -47.28218   183.02780
 1313    261    59.82297   -47.28218   183.02780
 1314    261    59.99244   -47.28218   183.02780
 1315    261    60.16191   -47.28218   183.02780
 1316    261    60.33138   -47.28218   183.02780
 1345    261    65.24602   -47.28218   183.02780
 1346    261    65.41549   -47.28218   183.02780
 1347    261    65.58496   -47.28218   183.02780
 1348    261    65.75443   -47.28218   183.02780
 1349    261    65.92390   -47.28218   183.02780
 1350    261    66.09337   -47.28218   183.02780
 1351    261    66.26284   -47.28218   183.02780
 1352    261    66.43231   -47.28218   183.02780
 1353    261    66.60178   -47.28218   183.02780
 1354    261    66.77125   -47.28218   183.02780
 1355    261    66.94072   -47.28218   183.02780
 1356    261    67.11019   -47.28218   183.02780
 1357    261    67.27966   -47.28218   183.02780
 1738    261   131.84780   -47.28218   183.02780
 1739    261   132.01727   -47.28218   183.02780
 1740    261   132.18674   -47.28218   183.02780
 1741    261   132.35621   -47.28218   183.02780
 1742    261   132.52568   -47.28218   183.02780
 1743    261   132.69515   -47.28218   183.02780
 1744    261   132.86462   -47.28218   183.02780
 1745    261   133.03409   -47.28218   183.02780
 1746    261   133.20356   -47.28218   183.02780
 1747    261   133.37303   -47.28218   183.02780
 1748    261   133.54250   -47.28218   183.02780
 1749    261   133.71197   -47.28218   183.02780
 1750    261   133.88144   -47.28218   183.02780
 1753    261   134.38985   -47.28218   183.02780
 1754    261   134.55932   -47.28218   183.02780
 1755    261   134.72879   -47.28218   183.02780
 1756    261   134.89827   -47.28218   183.02780
 1757    261   135.06774   -47.28218   183.02780
 1758    261   135.23721   -47.28218   183.02780
 1759    261   135.40668   -47.28218   183.02780
 1760    261   135.57615   -47.28218   183.02780
 1761    261   135.74562   -47.28218   183.02780
 1762    261   135.91509   -47.28218   183.02780
 1763    261   136.08456   -47.28218   183.02780
 1764    261   136.25403   -47.28218   183.02780
 1765    261   136.42350   -47.28218   183.02780
 1766    261   136.59297   -47.28218   183.02780
  998    262     5.87423   -42.97462   166.95175
  999    262     6.02881   -42.97462   166.95175
 1000    262     6.18340   -42.97462   166.95175
 1001    262     6.33798   -42.97462   166.95175
 1002    262     6.49257   -42.97462   166.95175
 1003    262     6.64715   -42.97462   166.95175
 1004    262     6.80174   -42.97462   166.95175
 1005    262     6.95632   -42.97462   166.95175
 1009    262     7.57466   -42.97462   166.95175
 1010    262     7.72925   -42.97462   166.95175
 1011    262     7.88383   -42.97462   166.95175
 1012    262     8.03842   -42.97462   166.95175
 1013    262     8.19300   -42.97462   166.95175
 1014    262     8.34759   -42.97462   166.95175
 1015    262     8.50217   -42.97462   166.95175
 1016    262     8.65676   -42.97462   166.95175
 1017    262     8.81134   -42.97462   166.95175
 1018    262     8.96593   -42.97462   166.95175
 1019    262     9.12051   -42.97462   166.95175
 1020    262     9.27510   -42.97462   166.95175
 1063    262    15.92225   -42.97462   166.95175
 1064    262    16.07684   -42.97462   166.95175
 1065    262    16.23142   -42.97462   166.95175
 1066    262    16.38601   -42.97462   166.95175
 1067    262    16.54059   -42.97462   166.95175
 1068    262    16.69518   -42.97462   166.95175
 1069    262    16.84976   -42.97462   166.95175
 1072    262    17.31352   -42.97462   166.95175
 1073    262    17.46810   -42.97462   166.95175
 1074    262    17.62269   -42.97462   166.95175
 1075    262    17.77727   -42.97462   166.95175
 1076    262    17.93186   -42.97462   166.95175
 1077    262    18.08644   -42.97462   166.95175
 1078    262    18.24103   -42.97462   166.95175
 1079    262    18.39561   -42.97462   166.95175
 1133    262    26.74320   -42.97462   166.95175
 1134    262    26.89778   -42.97462   166.95175
 1135    262    27.05237   -42.97462   166.95175
 1136    262    27.20695   -42.97462   166.95175
 1240    262    43.28379   -42.97462   166.95175
 1241    262    43.43837   -42.97462   166.95175
 1242    262    43.59296   -42.97462   166.95175
 1243    262    43.74754   -42.97462   166.95175
 1244    262    43.90213   -42.97462   166.95175
 1245    262    44.05671   -42.97462   166.95175
 1252    262    45.13881   -42.97462   166.95175
 1253    262    45.29339   -42.97462   166.95175
 1254    262    45.44798   -42.97462   166.95175
 1255    262    45.60256   -42.97462   166.95175
 1258    262    46.06632   -42.97462   166.95175
 1259    262    46.22090   -42.97462   166.95175
 1260    262    46.37549   -42.97462   166.95175
 1261    262    46.53007   -42.97462   166.95175
 1262    262    46.68466   -42.97462   166.95175
 1264    262    46.99383   -42.97462   166.95175
 1270    262    47.92134   -42.97462   166.95175
 1271    262    48.07592   -42.97462   166.95175
 1272    262    48.23051   -42.97462   166.95175
 1273    262    48.38509   -42.97462   166.95175
 1274    262    48.53968   -42.97462   166.95175
 1275    262    48.69426   -42.97462   166.95175
 1276    262    48.84885   -42.97462   166.95175
 1277    262    49.00343   -42.97462   166.95175
 1278    262    49.15802   -42.97462   166.95175
 1279    262    49.31260   -42.97462   166.95175
 1280    262    49.46719   -42.97462   166.95175
 1281    262    49.62177   -42.97462   166.95175
 1282    262    49.77636   -42.97462   166.95175
 1283    262    49.93094   -42.97462   166.95175
 1284    262    50.08553   -42.97462   166.95175
 1285    262    50.24011   -42.97462   166.95175
 1289    262    50.85845   -42.97462   166.95175
 1290    262    51.01304   -42.97462   166.95175
 1291    262    51.16762   -42.97462   166.95175
 1292    262    51.32221   -42.97462   166.95175
 1293    262    51.47679   -42.97462   166.95175
 1294    262    51.63138   -42.97462   166.95175
 1295    262    51.78596   -42.97462   166.95175
 1296    262    51.94055   -42.97462   166.95175
 1297    262    52.09513   -42.97462   166.95175
 1298    262    52.24972   -42.97462   166.95175
 1299    262    52.40430   -42.97462   166.95175
 1300    262    52.55889   -42.97462   166.95175
 1301    262    52.71347   -42.97462   166.95175
 1302    262    52.86806   -42.97462   166.95175
 1303    262    53.02264   -42.97462   166.95175
 1304    262    53.17723   -42.97462   166.95175
 1311    262    54.25932   -42.97462   166.95175
 1312    262    54.41391   -42.97462   166.95175
 1313    262    54.56849   -42.97462   166.95175
 1314    262    54.72308   -42.97462   166.95175
 1315    262    54.87766   -42.97462   166.95175
 1316    262    55.03225   -42.97462   166.95175
 1317    262    55.18683   -42.97462   166.95175
 1346    262    59.66979   -42.97462   166.95175
 1347    262    59.82438   -42.97462   166.95175
 1348    262    59.97896   -42.97462   166.95175
 1349    262    60.13355   -42.97462   166.95175
 1350    262    60.28813   -42.97462   166.95175
 1351    262    60.44272   -42.97462   166.95175
 1353    262    60.75189   -42.97462   166.95175
 1354    262    60.90647   -42.97462   166.95175
 1355    262    61.06106   -42.97462   166.95175
 1356    262    61.21564   -42.97462   166.95175
 1357    262    61.37023   -42.97462   166.95175
 1358    262    61.52481   -42.97462   166.95175
 1741    262   120.73085   -42.97462   166.95175
 1742    262   120.88544   -42.97462   166.95175
 1743    262   121.04002   -42.97462   166.95175
 1744    262   121.19461   -42.97462   166.95175
 1745    262   121.34919   -42.97462   166.95175
 1746    262   121.50378   -42.97462   166.95175
 1747    262   121.65836   -42.97462   166.95175
 1748    262   121.81295   -42.97462   166.95175
 1749    262   121.96753   -42.97462   166.95175
 1750    262   122.12212   -42.97462   166.95175
 1751    262   122.27670   -42.97462   166.95175
 1752    262   122.43129   -42.97462   166.95175
 1753    262   122.58587   -42.97462   166.95175
 1755    262   122.89504   -42.97462   166.95175
 1756    262   123.04963   -42.97462   166.95175
 1757    262   123.20421   -42.97462   166.95175
 1758    262   123.35880   -42.97462   166.95175
 1759    262   123.51338   -42.97462   166.95175
 1760    262   123.66797   -42.97462   166.95175
 1761    262   123.82255   -42.97462   166.95175
 1762    262   123.97714   -42.97462   166.95175
 1763    262   124.13172   -42.97462   166.95175
 1764    262   124.28631   -42.97462   166.95175
 1765    262   124.44089   -42.97462   166.95175
 1766    262   124.59548   -42.97462   166.95175
 1767    262   124.75006   -42.97462   166.95175
 1768    262   124.90465   -42.97462   166.95175
  997    263     5.25783   -39.36266   153.47174
  998    263     5.39993   -39.36266   153.47174
  999    263     5.54203   -39.36266   153.47174
 1000    263     5.68414   -39.36266   153.47174
 1001    263     5.82624   -39.36266   153.47174
 1002    263     5.96835   -39.36266   153.47174
 1003    263     6.11045   -39.36266   153.47174
 1004    263     6.25255   -39.36266   153.47174
 1008    263     6.82097   -39.36266   153.47174
 1009    263     6.96307   -39.36266   153.47174
 1010    263     7.10517   -39.36266   153.47174
 1011    263     7.24728   -39.36266   153.47174
 1012    263     7.38938   -39.36266   153.47174
 1013    263     7.53148   -39.36266   153.47174
 1014    263     7.67359   -39.36266   153.47174
 1015    263     7.81569   -39.36266   153.47174
 1016    263     7.95779   -39.36266   153.47174
 1017    263     8.09990   -39.36266   153.47174
 1018    263     8.24200   -39.36266   153.47174
 1053    263    13.21562   -39.36266   153.47174
 1054    263    13.35773   -39.36266   153.47174
 1055    263    13.49983   -39.36266   153.47174
 1056    263    13.64193   -39.36266   153.47174
 1057    263    13.78404   -39.36266   153.47174
 1063    263    14.63666   -39.36266   153.47174
 1064    263    14.77876   -39.36266   153.47174
 1065    263    14.92086   -39.36266   153.47174
 1066    263    15.06297   -39.36266   153.47174
 1067    263    15.20507   -39.36266   153.47174
 1068    263    15.34717   -39.36266   153.47174
 1069    263    15.48928   -39.36266   153.47174
 1070    263    15.63138   -39.36266   153.47174
 1071    263    15.77348   -39.36266   153.47174
 1072    263    15.91559   -39.36266   153.47174
 1073    263    16.05769   -39.36266   153.47174
 1074    263    16.19979   -39.36266   153.47174
 1075    263    16.34190   -39.36266   153.47174
 1076    263    16.48400   -39.36266   153.47174
 1077    263    16.62610   -39.36266   153.47174
 1078    263    16.76821   -39.36266   153.47174
 1079    263    16.91031   -39.36266   153.47174
 1080    263    17.05242   -39.36266   153.47174
 1081    263    17.19452   -39.36266   153.47174
 1082    263    17.33662   -39.36266   153.47174
 1083    263    17.47873   -39.36266   153.47174
 1134    263    24.72600   -39.36266   153.47174
 1135    263    24.86811   -39.36266   153.47174
 1240    263    39.78897   -39.36266   153.47174
 1241    263    39.93107   -39.36266   153.47174
 1242    263    40.07318   -39.36266   153.47174
 1243    263    40.21528   -39.36266   153.47174
 1244    263    40.35738   -39.36266   153.47174
 1245    263    40.49949   -39.36266   153.47174
 1246    263    40.64159   -39.36266   153.47174
 1260    263    42.63104   -39.36266   153.47174
 1261    263    42.77314   -39.36266   153.47174
 1262    263    42.91524   -39.36266   153.47174
 1263    263    43.05735   -39.36266   153.47174
 1264    263    43.19945   -39.36266   153.47174
 1267    263    43.62576   -39.36266   153.47174
 1268    263    43.76787   -39.36266   153.47174
 1269    263    43.90997   -39.36266   153.47174
 1270    263    44.05207   -39.36266   153.47174
 1271    263    44.19418   -39.36266   153.47174
 1272    263    44.33628   -39.36266   153.47174
 1273    263    44.47838   -39.36266   153.47174
 1274    263    44.62049   -39.36266   153.47174
 1275    263    44.76259   -39.36266   153.47174
 1276    263    44.90469   -39.36266   153.47174
 1277    263    45.04680   -39.36266   153.47174
 1278    263    45.18890   -39.36266   153.47174
 1279    263    45.33100   -39.36266   153.47174
 1280    263    45.47311   -39.36266   153.47174
 1295    263    47.60466   -39.36266   153.47174
 1296    263    47.74676   -39.36266   153.47174
 1297    263    47.88887   -39.36266   153.47174
 1298    263    48.03097   -39.36266   153.47174
 1299    263    48.17307   -39.36266   153.47174
 1300    263    48.31518   -39.36266   153.47174
 1301    263    48.45728   -39.36266   153.47174
 1302    263    48.59938   -39.36266   153.47174
 1303    263    48.74149   -39.36266   153.47174
 1304    263    48.88359   -39.36266   153.47174
 1305    263    49.02569   -39.36266   153.47174
 1311    263    49.87831   -39.36266   153.47174
 1312    263    50.02042   -39.36266   153.47174
 1313    263    50.16252   -39.36266   153.47174
 1314    263    50.30462   -39.36266   153.47174
 1315    263    50.44673   -39.36266   153.47174
 1316    263    50.58883   -39.36266   153.47174
 1317    263    50.73093   -39.36266   153.47174
 1347    263    54.99404   -39.36266   153.47174
 1348    263    55.13614   -39.36266   153.47174
 1349    263    55.27825   -39.36266   153.47174
 1352    263    55.70456   -39.36266   153.47174
 1353    263    55.84666   -39.36266   153.47174
 1354    263    55.98876   -39.36266   153.47174
 1355    263    56.13087   -39.36266   153.47174
 1356    263    56.27297   -39.36266   153.47174
 1357    263    56.41507   -39.36266   153.47174
 1358    263    56.55718   -39.36266   153.47174
 1359    263    56.69928   -39.36266   153.47174
 1744    263   111.40911   -39.36266   153.47174
 1745    263   111.55122   -39.36266   153.47174
 1746    263   111.69332   -39.36266   153.47174
 1747    263   111.83542   -39.36266   153.47174
 1748    263   111.97753   -39.36266   153.47174
 1749    263   112.11963   -39.36266   153.47174
 1750    263   112.26173   -39.36266   153.47174
 1751    263   112.40384   -39.36266   153.47174
 1752    263   112.54594   -39.36266   153.47174
 1753    263   112.68804   -39.36266   153.47174
 1754    263   112.83015   -39.36266   153.47174
 1755    263   112.97225   -39.36266   153.47174
 1756    263   113.11435   -39.36266   153.47174
 1758    263   113.39856   -39.36266   153.47174
 1759    263   113.54066   -39.36266   153.47174
 1760    263   113.68277   -39.36266   153.47174
 1761    263   113.82487   -39.36266   153.47174
 1762    263   113.96697   -39.36266   153.47174
 1763    263   114.10908   -39.36266   153.47174
 1764    263   114.25118   -39.36266   153.47174
 1765    263   114.39328   -39.36266   153.47174
 1766    263   114.53539   -39.36266   153.47174
 1767    263   114.67749   -39.36266   153.47174
 1768    263   114.81960   -39.36266   153.47174
 1769    263   114.96170   -39.36266   153.47174
 1770    263   115.10380   -39.36266   153.47174
  996    264     4.73353   -36.29040   142.00590
  997    264     4.86502   -36.29040   142.00590
  998    264     4.99650   -36.29040   142.00590
  999    264     5.12799   -36.29040   142.00590
 1000    264     5.25948   -36.29040   142.00590
 1001    264     5.39096   -36.29040   142.00590
 1002    264     5.52245   -36.29040   142.00590
 1003    264     5.65394   -36.29040   142.00590
 1008    264     6.31137   -36.29040   142.00590
 1009    264     6.44286   -36.29040   142.00590
 1010    264     6.57435   -36.29040   142.00590
 1011    264     6.70583   -36.29040   142.00590
 1012    264     6.83732   -36.29040   142.00590
 1013    264     6.96881   -36.29040   142.00590
 1014    264     7.10029   -36.29040   142.00590
 1015    264     7.23178   -36.29040   142.00590
 1016    264     7.36327   -36.29040   142.00590
 1053    264    12.22829   -36.29040   142.00590
 1054    264    12.35977   -36.29040   142.00590
 1055    264    12.49126   -36.29040   142.00590
 1056    264    12.62275   -36.29040   142.00590
 1057    264    12.75423   -36.29040   142.00590
 1058    264    12.88572   -36.29040   142.00590
 1064    264    13.67464   -36.29040   142.00590
 1065    264    13.80613   -36.29040   142.00590
 1066    264    13.93762   -36.29040   142.00590
 1067    264    14.06910   -36.29040   142.00590
 1068    264    14.20059   -36.29040   142.00590
 1069    264    14.33208   -36.29040   142.00590
 1070    264    14.46356   -36.29040   142.00590
 1071    264    14.59505   -36.29040   142.00590
 1072    264    14.72654   -36.29040   142.00590
 1073    264    14.85802   -36.29040   142.00590
 1074    264    14.98951   -36.29040   142.00590
 1075    264    15.12100   -36.29040   142.00590
 1076    264    15.25249   -36.29040   142.00590
 1077    264    15.38397   -36.29040   142.00590
 1078    264    15.51546   -36.29040   142.00590
 1079    264    15.64695   -36.29040   142.00590
 1080    264    15.77843   -36.29040   142.00590
 1081    264    15.90992   -36.29040   142.00590
 1082    264    16.04141   -36.29040   142.00590
 1083    264    16.17289   -36.29040   142.00590
 1084    264    16.30438   -36.29040   142.00590
 1085    264    16.43587   -36.29040   142.00590
 1179    264    28.79564   -36.29040   142.00590
 1180    264    28.92713   -36.29040   142.00590
 1181    264    29.05861   -36.29040   142.00590
 1182    264    29.19010   -36.29040   142.00590
 1183    264    29.32159   -36.29040   142.00590
 1184    264    29.45307   -36.29040   142.00590
 1238    264    36.55337   -36.29040   142.00590
 1239    264    36.68486   -36.29040   142.00590
 1240    264    36.81634   -36.29040   142.00590
 1241    264    36.94783   -36.29040   142.00590
 1243    264    37.21080   -36.29040   142.00590
 1244    264    37.34229   -36.29040   142.00590
 1245    264    37.47378   -36.29040   142.00590
 1261    264    39.57757   -36.29040   142.00590
 1262    264    39.70906   -36.29040   142.00590
 1263    264    39.84054   -36.29040   142.00590
 1264    264    39.97203   -36.29040   142.00590
 1267    264    40.36649   -36.29040   142.00590
 1268    264    40.49798   -36.29040   142.00590
 1269    264    40.62946   -36.29040   142.00590
 1270    264    40.76095   -36.29040   142.00590
 1273    264    41.15541   -36.29040   142.00590
 1274    264    41.28690   -36.29040   142.00590
 1275    264    41.41839   -36.29040   142.00590
 1276    264    41.54987   -36.29040   142.00590
 1277    264    41.68136   -36.29040   142.00590
 1278    264    41.81285   -36.29040   142.00590
 1279    264    41.94433   -36.29040   142.00590
 1280    264    42.07582   -36.29040   142.00590
 1296    264    44.17961   -36.29040   142.00590
 1297    264    44.31110   -36.29040   142.00590
 1298    264    44.44259   -36.29040   142.00590
 1299    264    44.57407   -36.29040   142.00590
 1300    264    44.70556   -36.29040   142.00590
 1301    264    44.83705   -36.29040   142.00590
 1302    264    44.96853   -36.29040   142.00590
 1303    264    45.10002   -36.29040   142.00590
 1304    264    45.23151   -36.29040   142.00590
 1305    264    45.36299   -36.29040   142.00590
 1311    264    46.15192   -36.29040   142.00590
 1312    264    46.28340   -36.29040   142.00590
 1313    264    46.41489   -36.29040   142.00590
 1314    264    46.54638   -36.29040   142.00590
 1315    264    46.67786   -36.29040   142.00590
 1316    264    46.80935   -36.29040   142.00590
 1317    264    46.94084   -36.29040   142.00590
 1349    264    51.14842   -36.29040   142.00590
 1350    264    51.27991   -36.29040   142.00590
 1351    264    51.41139   -36.29040   142.00590
 1352    264    51.54288   -36.29040   142.00590
 1353    264    51.67437   -36.29040   142.00590
 1354    264    51.80585   -36.29040   142.00590
 1356    264    52.06883   -36.29040   142.00590
 1357    264    52.20032   -36.29040   142.00590
 1358    264    52.33180   -36.29040   142.00590
 1359    264    52.46329   -36.29040   142.00590
 1360    264    52.59478   -36.29040   142.00590
 1747    264   103.48022   -36.29040   142.00590
 1748    264   103.61171   -36.29040   142.00590
 1749    264   103.74320   -36.29040   142.00590
 1750    264   103.87468   -36.29040   142.00590
 1751    264   104.00617   -36.29040   142.00590
 1752    264   104.13766   -36.29040   142.00590
 1753    264   104.26914   -36.29040   142.00590
 1754    264   104.40063   -36.29040   142.00590
 1755    264   104.53212   -36.29040   142.00590
 1756    264   104.66360   -36.29040   142.00590
 1757    264   104.79509   -36.29040   142.00590
 1758    264   104.92658   -36.29040   142.00590
 1759    264   105.05807   -36.29040   142.00590
 1762    264   105.45253   -36.29040   142.00590
 1763    264   105.58401   -36.29040   142.00590
 1764    264   105.71550   -36.29040   142.00590
 1765    264   105.84699   -36.29040   142.00590
 1766    264   105.97847   -36.29040   142.00590
 1767    264   106.10996   -36.29040   142.00590
 1768    264   106.24145   -36.29040   142.00590
 1769    264   106.37293   -36.29040   142.00590
 1770    264   106.50442   -36.29040   142.00590
 1771    264   106.63591   -36.29040   142.00590
 1772    264   106.76740   -36.29040   142.00590
  995    265     4.28213   -33.64528   132.13418
  996    265     4.40447   -33.64528   132.13418
  997    265     4.52682   -33.64528   132.13418
  998    265     4.64917   -33.64528   132.13418
  999    265     4.77151   -33.64528   132.13418
 1000    265     4.89386   -33.64528   132.13418
 1001    265     5.01620   -33.64528   132.13418
 1002    265     5.13855   -33.64528   132.13418
 1007    265     5.75028   -33.64528   132.13418
 1008    265     5.87263   -33.64528   132.13418
 1009    265     5.99498   -33.64528   132.13418
 1010    265     6.11732   -33.64528   132.13418
 1011    265     6.23967   -33.64528   132.13418
 1012    265     6.36202   -33.64528   132.13418
 1013    265     6.48436   -33.64528   132.13418
 1014    265     6.60671   -33.64528   132.13418
 1052    265    11.25587   -33.64528   132.13418
 1053    265    11.37822   -33.64528   132.13418
 1054    265    11.50057   -33.64528   132.13418
 1058    265    11.98995   -33.64528   132.13418
 1059    265    12.11230   -33.64528   132.13418
 1065    265    12.84638   -33.64528   132.13418
 1066    265    12.96873   -33.64528   132.13418
 1067    265    13.09107   -33.64528   132.13418
 1068    265    13.21342   -33.64528   132.13418
 1069    265    13.33576   -33.64528   132.13418
 1070    265    13.45811   -33.64528   132.13418
 1071    265    13.58046   -33.64528   132.13418
 1072    265    13.70280   -33.64528   132.13418
 1073    265    13.82515   -33.64528   132.13418
 1074    265    13.94750   -33.64528   132.13418
 1075    265    14.06984   -33.64528   132.13418
 1076    265    14.19219   -33.64528   132.13418
 1077    265    14.31454   -33.64528   132.13418
 1078    265    14.43688   -33.64528   132.13418
 1083    265    15.04861   -33.64528   132.13418
 1084    265    15.17096   -33.64528   132.13418
 1085    265    15.29331   -33.64528   132.13418
 1086    265    15.41565   -33.64528   132.13418
 1138    265    21.77767   -33.64528   132.13418
 1139    265    21.90002   -33.64528   132.13418
 1140    265    22.02236   -33.64528   132.13418
 1141    265    22.14471   -33.64528   132.13418
 1142    265    22.26706   -33.64528   132.13418
 1143    265    22.38940   -33.64528   132.13418
 1144    265    22.51175   -33.64528   132.13418
 1145    265    22.63410   -33.64528   132.13418
 1146    265    22.75644   -33.64528   132.13418
 1147    265    22.87879   -33.64528   132.13418
 1148    265    23.00114   -33.64528   132.13418
 1149    265    23.12348   -33.64528   132.13418
 1178    265    26.67153   -33.64528   132.13418
 1179    265    26.79388   -33.64528   132.13418
 1180    265    26.91622   -33.64528   132.13418
 1181    265    27.03857   -33.64528   132.13418
 1182    265    27.16091   -33.64528   132.13418
 1183    265    27.28326   -33.64528   132.13418
 1184    265    27.40561   -33.64528   132.13418
 1185    265    27.52795   -33.64528   132.13418
 1239    265    34.13466   -33.64528   132.13418
 1240    265    34.25701   -33.64528   132.13418
 1241    265    34.37936   -33.64528   132.13418
 1242    265    34.50170   -33.64528   132.13418
 1243    265    34.62405   -33.64528   132.13418
 1244    265    34.74640   -33.64528   132.13418
 1268    265    37.68271   -33.64528   132.13418
 1269    265    37.80506   -33.64528   132.13418
 1274    265    38.41679   -33.64528   132.13418
 1275    265    38.53914   -33.64528   132.13418
 1276    265    38.66148   -33.64528   132.13418
 1277    265    38.78383   -33.64528   132.13418
 1278    265    38.90618   -33.64528   132.13418
 1279    265    39.02852   -33.64528   132.13418
 1280    265    39.15087   -33.64528   132.13418
 1297    265    41.23076   -33.64528   132.13418
 1298    265    41.35310   -33.64528   132.13418
 1299    265    41.47545   -33.64528   132.13418
 1300    265    41.59780   -33.64528   132.13418
 1301    265    41.72014   -33.64528   132.13418
 1302    265    41.84249   -33.64528   132.13418
 1303    265    41.96484   -33.64528   132.13418
 1304    265    42.08718   -33.64528   132.13418
 1305    265    42.20953   -33.64528   132.13418
 1311    265    42.94361   -33.64528   132.13418
 1312    265    43.06595   -33.64528   132.13418
 1313    265    43.18830   -33.64528   132.13418
 1314    265    43.31065   -33.64528   132.13418
 1315    265    43.43299   -33.64528   132.13418
 1316    265    43.55534   -33.64528   132.13418
 1317    265    43.67769   -33.64528   132.13418
 1348    265    47.47043   -33.64528   132.13418
 1349    265    47.59277   -33.64528   132.13418
 1350    265    47.71512   -33.64528   132.13418
 1351    265    47.83747   -33.64528   132.13418
 1352    265    47.95981   -33.64528   132.13418
 1353    265    48.08216   -33.64528   132.13418
 1354    265    48.20451   -33.64528   132.13418
 1355    265    48.32685   -33.64528   132.13418
 1357    265    48.57155   -33.64528   132.13418
 1358    265    48.69389   -33.64528   132.13418
 1359    265    48.81624   -33.64528   132.13418
 1360    265    48.93859   -33.64528   132.13418
 1361    265    49.06093   -33.64528   132.13418
 1750    265    96.65371   -33.64528   132.13418
 1751    265    96.77605   -33.64528   132.13418
 1752    265    96.89840   -33.64528   132.13418
 1753    265    97.02075   -33.64528   132.13418
 1754    265    97.14309   -33.64528   132.13418
 1755    265    97.26544   -33.64528   132.13418
 1756    265    97.38778   -33.64528   132.13418
 1757    265    97.51013   -33.64528   132.13418
 1758    265    97.63248   -33.64528   132.13418
 1759    265    97.75482   -33.64528   132.13418
 1760    265    97.87717   -33.64528   132.13418
 1761    265    97.99952   -33.64528   132.13418
 1762    265    98.12186   -33.64528   132.13418
 1763    265    98.24421   -33.64528   132.13418
 1765    265    98.48890   -33.64528   132.13418
 1766    265    98.61125   -33.64528   132.13418
 1767    265    98.73360   -33.64528   132.13418
 1768    265    98.85594   -33.64528   132.13418
 1769    265    98.97829   -33.64528   132.13418
 1770    265    99.10063   -33.64528   132.13418
 1771    265    99.22298   -33.64528   132.13418
 1772    265    99.34533   -33.64528   132.13418
 1773    265    99.46767   -33.64528   132.13418
 1774    265    99.59002   -33.64528   132.13418
 1775    265    99.71237   -33.64528   132.13418
 1776    265    99.83471   -33.64528   132.13418
 1777    265    99.95706   -33.64528   132.13418
  994    266     3.88940   -31.34401   123.54574
  995    266     4.00380   -31.34401   123.54574
  996    266     4.11819   -31.34401   123.54574
  997    266     4.23259   -31.34401   123.54574
  998    266     4.34698   -31.34401   123.54574
  999    266     4.46137   -31.34401   123.54574
 1000    266     4.57577   -31.34401   123.54574
 1001    266     4.69016   -31.34401   123.54574
 1006    266     5.26213   -31.34401   123.54574
 1007    266     5.37653   -31.34401   123.54574
 1008    266     5.49092   -31.34401   123.54574
 1009    266     5.60532   -31.34401   123.54574
 1010    266     5.71971   -31.34401   123.54574
 1011    266     5.83410   -31.34401   123.54574
 1012    266     5.94850   -31.34401   123.54574
 1013    266     6.06289   -31.34401   123.54574
 1053    266    10.63866   -31.34401   123.54574
 1054    266    10.75306   -31.34401   123.54574
 1055    266    10.86745   -31.34401   123.54574
 1058    266    11.21063   -31.34401   123.54574
 1059    266    11.32503   -31.34401   123.54574
 1065    266    12.01139   -31.34401   123.54574
 1066    266    12.12579   -31.34401   123.54574
 1067    266    12.24018   -31.34401   123.54574
 1068    266    12.35457   -31.34401   123.54574
 1069    266    12.46897   -31.34401   123.54574
 1070    266    12.58336   -31.34401   123.54574
 1071    266    12.69776   -31.34401   123.54574
 1075    266    13.15533   -31.34401   123.54574
 1076    266    13.26973   -31.34401   123.54574
 1084    266    14.18488   -31.34401   123.54574
 1085    266    14.29928   -31.34401   123.54574
 1086    266    14.41367   -31.34401   123.54574
 1087    266    14.52806   -31.34401   123.54574
 1088    266    14.64246   -31.34401   123.54574
 1089    266    14.75685   -31.34401   123.54574
 1090    266    14.87125   -31.34401   123.54574
 1117    266    17.95989   -31.34401   123.54574
 1118    266    18.07428   -31.34401   123.54574
 1119    266    18.18868   -31.34401   123.54574
 1120    266    18.30307   -31.34401   123.54574
 1135    266    20.01899   -31.34401   123.54574
 1136    266    20.13338   -31.34401   123.54574
 1137    266    20.24777   -31.34401   123.54574
 1138    266    20.36217   -31.34401   123.54574
 1139    266    20.47656   -31.34401   123.54574
 1140    266    20.59096   -31.34401   123.54574
 1141    266    20.70535   -31.34401   123.54574
 1142    266    20.81975   -31.34401   123.54574
 1143    266    20.93414   -31.34401   123.54574
 1144    266    21.04853   -31.34401   123.54574
 1145    266    21.16293   -31.34401   123.54574
 1146    266    21.27732   -31.34401   123.54574
 1147    266    21.39172   -31.34401   123.54574
 1148    266    21.50611   -31.34401   123.54574
 1149    266    21.62051   -31.34401   123.54574
 1150    266    21.73490   -31.34401   123.54574
 1151    266    21.84929   -31.34401   123.54574
 1152    266    21.96369   -31.34401   123.54574
 1177    266    24.82354   -31.34401   123.54574
 1178    266    24.93794   -31.34401   123.54574
 1179    266    25.05233   -31.34401   123.54574
 1180    266    25.16673   -31.34401   123.54574
 1181    266    25.28112   -31.34401   123.54574
 1182    266    25.39551   -31.34401   123.54574
 1183    266    25.50991   -31.34401   123.54574
 1184    266    25.62430   -31.34401   123.54574
 1185    266    25.73870   -31.34401   123.54574
 1232    266    31.11522   -31.34401   123.54574
 1233    266    31.22962   -31.34401   123.54574
 1234    266    31.34401   -31.34401   123.54574
 1235    266    31.45841   -31.34401   123.54574
 1236    266    31.57280   -31.34401   123.54574
 1237    266    31.68720   -31.34401   123.54574
 1238    266    31.80159   -31.34401   123.54574
 1239    266    31.91598   -31.34401   123.54574
 1240    266    32.03038   -31.34401   123.54574
 1241    266    32.14477   -31.34401   123.54574
 1243    266    32.37356   -31.34401   123.54574
 1244    266    32.48795   -31.34401   123.54574
 1245    266    32.60235   -31.34401   123.54574
 1246    266    32.71674   -31.34401   123.54574
 1247    266    32.83114   -31.34401   123.54574
 1275    266    36.03418   -31.34401   123.54574
 1276    266    36.14857   -31.34401   123.54574
 1277    266    36.26296   -31.34401   123.54574
 1278    266    36.37736   -31.34401   123.54574
 1279    266    36.49175   -31.34401   123.54574
 1280    266    36.60615   -31.34401   123.54574
 1299    266    38.77964   -31.34401   123.54574
 1300    266    38.89403   -31.34401   123.54574
 1301    266    39.00842   -31.34401   123.54574
 1302    266    39.12282   -31.34401   123.54574
 1303    266    39.23721   -31.34401   123.54574
 1304    266    39.35161   -31.34401   123.54574
 1305    266    39.46600   -31.34401   123.54574
 1311    266    40.15237   -31.34401   123.54574
 1312    266    40.26676   -31.34401   123.54574
 1313    266    40.38116   -31.34401   123.54574
 1314    266    40.49555   -31.34401   123.54574
 1315    266    40.60994   -31.34401   123.54574
 1316    266    40.72434   -31.34401   123.54574
 1317    266    40.83873   -31.34401   123.54574
 1348    266    44.38495   -31.34401   123.54574
 1349    266    44.49935   -31.34401   123.54574
 1350    266    44.61374   -31.34401   123.54574
 1351    266    44.72814   -31.34401   123.54574
 1352    266    44.84253   -31.34401   123.54574
 1353    266    44.95692   -31.34401   123.54574
 1354    266    45.07132   -31.34401   123.54574
 1355    266    45.18571   -31.34401   123.54574
 1356    266    45.30011   -31.34401   123.54574
 1357    266    45.41450   -31.34401   123.54574
 1358    266    45.52889   -31.34401   123.54574
 1359    266    45.64329   -31.34401   123.54574
 1360    266    45.75768   -31.34401   123.54574
 1361    266    45.87208   -31.34401   123.54574
 1753    266    90.71461   -31.34401   123.54574
 1754    266    90.82900   -31.34401   123.54574
 1755    266    90.94340   -31.34401   123.54574
 1756    266    91.05779   -31.34401   123.54574
 1757    266    91.17218   -31.34401   123.54574
 1758    266    91.28658   -31.34401   123.54574
 1759    266    91.40097   -31.34401   123.54574
 1760    266    91.51537   -31.34401   123.54574
 1761    266    91.62976   -31.34401   123.54574
 1762    266    91.74415   -31.34401   123.54574
 1763    266    91.85855   -31.34401   123.54574
 1764    266    91.97294   -31.34401   123.54574
 1765    266    92.08734   -31.34401   123.54574
 1767    266    92.31613   -31.34401   123.54574
 1768    266    92.43052   -31.34401   123.54574
 1769    266    92.54491   -31.34401   123.54574
 1770    266    92.65931   -31.34401   123.54574
 1771    266    92.77370   -31.34401   123.54574
 1772    266    92.88810   -31.34401   123.54574
 1773    266    93.00249   -31.34401   123.54574
 1774    266    93.11689   -31.34401   123.54574
 1775    266    93.23128   -31.34401   123.54574
 1776    266    93.34567   -31.34401   123.54574
 1777    266    93.46007   -31.34401   123.54574
 1778    266    93.57446   -31.34401   123.54574
 1779    266    93.68886   -31.34401   123.54574
 1780    266    93.80325   -31.34401   123.54574
  993    267     3.54462   -29.32365   116.00563
  994    267     3.65203   -29.32365   116.00563
  995    267     3.75944   -29.32365   116.00563
  996    267     3.86685   -29.32365   116.00563
  997    267     3.97427   -29.32365   116.00563
  998    267     4.08168   -29.32365   116.00563
  999    267     4.18909   -29.32365   116.00563
 1000    267     4.29650   -29.32365   116.00563
 1005    267     4.83357   -29.32365   116.00563
 1006    267     4.94098   -29.32365   116.00563
 1007    267     5.04839   -29.32365   116.00563
 1008    267     5.15581   -29.32365   116.00563
 1009    267     5.26322   -29.32365   116.00563
 1010    267     5.37063   -29.32365   116.00563
 1011    267     5.47804   -29.32365   116.00563
 1012    267     5.58546   -29.32365   116.00563
 1053    267     9.98937   -29.32365   116.00563
 1054    267    10.09679   -29.32365   116.00563
 1055    267    10.20420   -29.32365   116.00563
 1056    267    10.31161   -29.32365   116.00563
 1058    267    10.52644   -29.32365   116.00563
 1059    267    10.63385   -29.32365   116.00563
 1066    267    11.38574   -29.32365   116.00563
 1067    267    11.49315   -29.32365   116.00563
 1068    267    11.60056   -29.32365   116.00563
 1069    267    11.70798   -29.32365   116.00563
 1070    267    11.81539   -29.32365   116.00563
 1071    267    11.92280   -29.32365   116.00563
 1077    267    12.56728   -29.32365   116.00563
 1078    267    12.67469   -29.32365   116.00563
 1085    267    13.42658   -29.32365   116.00563
 1086    267    13.53399   -29.32365   116.00563
 1087    267    13.64140   -29.32365   116.00563
 1088    267    13.74882   -29.32365   116.00563
 1089    267    13.85623   -29.32365   116.00563
 1090    267    13.96364   -29.32365   116.00563
 1091    267    14.07105   -29.32365   116.00563
 1092    267    14.17847   -29.32365   116.00563
 1116    267    16.75637   -29.32365   116.00563
 1117    267    16.86378   -29.32365   116.00563
 1118    267    16.97119   -29.32365   116.00563
 1119    267    17.07861   -29.32365   116.00563
 1120    267    17.18602   -29.32365   116.00563
 1121    267    17.29343   -29.32365   116.00563
 1134    267    18.68980   -29.32365   116.00563
 1135    267    18.79721   -29.32365   116.00563
 1136    267    18.90462   -29.32365   116.00563
 1137    267    19.01203   -29.32365   116.00563
 1138    267    19.11945   -29.32365   116.00563
 1139    267    19.22686   -29.32365   116.00563
 1140    267    19.33427   -29.32365   116.00563
 1141    267    19.44168   -29.32365   116.00563
 1142    267    19.54910   -29.32365   116.00563
 1143    267    19.65651   -29.32365   116.00563
 1144    267    19.76392   -29.32365   116.00563
 1145    267    19.87133   -29.32365   116.00563
 1146    267    19.97875   -29.32365   116.00563
 1147    267    20.08616   -29.32365   116.00563
 1148    267    20.19357   -29.32365   116.00563
 1149    267    20.30099   -29.32365   116.00563
 1150    267    20.40840   -29.32365   116.00563
 1151    267    20.51581   -29.32365   116.00563
 1152    267    20.62322   -29.32365   116.00563
 1153    267    20.73064   -29.32365   116.00563
 1176    267    23.20113   -29.32365   116.00563
 1177    267    23.30854   -29.32365   116.00563
 1178    267    23.41595   -29.32365   116.00563
 1179    267    23.52336   -29.32365   116.00563
 1180    267    23.63078   -29.32365   116.00563
 1181    267    23.73819   -29.32365   116.00563
 1182    267    23.84560   -29.32365   116.00563
 1183    267    23.95301   -29.32365   116.00563
 1184    267    24.06043   -29.32365   116.00563
 1185    267    24.16784   -29.32365   116.00563
 1230    267    29.00141   -29.32365   116.00563
 1231    267    29.10882   -29.32365   116.00563
 1232    267    29.21623   -29.32365   116.00563
 1233    267    29.32365   -29.32365   116.00563
 1234    267    29.43106   -29.32365   116.00563
 1235    267    29.53847   -29.32365   116.00563
 1236    267    29.64588   -29.32365   116.00563
 1237    267    29.75330   -29.32365   116.00563
 1238    267    29.86071   -29.32365   116.00563
 1239    267    29.96812   -29.32365   116.00563
 1240    267    30.07553   -29.32365   116.00563
 1241    267    30.18295   -29.32365   116.00563
 1242    267    30.29036   -29.32365   116.00563
 1243    267    30.39777   -29.32365   116.00563
 1244    267    30.50518   -29.32365   116.00563
 1245    267    30.61260   -29.32365   116.00563
 1246    267    30.72001   -29.32365   116.00563
 1247    267    30.82742   -29.32365   116.00563
 1248    267    30.93483   -29.32365   116.00563
 1249    267    31.04225   -29.32365   116.00563
 1275    267    33.83498   -29.32365   116.00563
 1276    267    33.94239   -29.32365   116.00563
 1277    267    34.04980   -29.32365   116.00563
 1278    267    34.15721   -29.32365   116.00563
 1279    267    34.26463   -29.32365   116.00563
 1280    267    34.37204   -29.32365   116.00563
 1301    267    36.62770   -29.32365   116.00563
 1302    267    36.73512   -29.32365   116.00563
 1303    267    36.84253   -29.32365   116.00563
 1304    267    36.94994   -29.32365   116.00563
 1312    267    37.80924   -29.32365   116.00563
 1313    267    37.91665   -29.32365   116.00563
 1314    267    38.02407   -29.32365   116.00563
 1315    267    38.13148   -29.32365   116.00563
 1316    267    38.23889   -29.32365   116.00563
 1317    267    38.34631   -29.32365   116.00563
 1318    267    38.45372   -29.32365   116.00563
 1347    267    41.56868   -29.32365   116.00563
 1348    267    41.67610   -29.32365   116.00563
 1349    267    41.78351   -29.32365   116.00563
 1350    267    41.89092   -29.32365   116.00563
 1351    267    41.99833   -29.32365   116.00563
 1352    267    42.10575   -29.32365   116.00563
 1353    267    42.21316   -29.32365   116.00563
 1354    267    42.32057   -29.32365   116.00563
 1355    267    42.42798   -29.32365   116.00563
 1356    267    42.53540   -29.32365   116.00563
 1358    267    42.75022   -29.32365   116.00563
 1359    267    42.85764   -29.32365   116.00563
 1360    267    42.96505   -29.32365   116.00563
 1361    267    43.07246   -29.32365   116.00563
 1362    267    43.17987   -29.32365   116.00563
 1756    267    85.50045   -29.32365   116.00563
 1757    267    85.60786   -29.32365   116.00563
 1758    267    85.71527   -29.32365   116.00563
 1759    267    85.82268   -29.32365   116.00563
 1760    267    85.93010   -29.32365   116.00563
 1761    267    86.03751   -29.32365   116.00563
 1762    267    86.14492   -29.32365   116.00563
 1763    267    86.25233   -29.32365   116.00563
 1764    267    86.35975   -29.32365   116.00563
 1765    267    86.46716   -29.32365   116.00563
 1766    267    86.57457   -29.32365   116.00563
 1767    267    86.68198   -29.32365   116.00563
 1770    267    87.00422   -29.32365   116.00563
 1771    267    87.11163   -29.32365   116.00563
 1772    267    87.21905   -29.32365   116.00563
 1773    267    87.32646   -29.32365   116.00563
 1774    267    87.43387   -29.32365   116.00563
 1775    267    87.54129   -29.32365   116.00563
 1776    267    87.64870   -29.32365   116.00563
 1777    267    87.75611   -29.32365   116.00563
 1778    267    87.86352   -29.32365   116.00563
 1779    267    87.97094   -29.32365   116.00563
 1780    267    88.07835   -29.32365   116.00563
 1781    267    88.18576   -29.32365   116.00563
 1782    267    88.29317   -29.32365   116.00563
 1783    267    88.40059   -29.32365   116.00563
 1784    267    88.50800   -29.32365   116.00563
  993    268     3.34073   -27.53570   109.33294
  994    268     3.44196   -27.53570   109.33294
  995    268     3.54320   -27.53570   109.33294
  996    268     3.64443   -27.53570   109.33294
  997    268     3.74567   -27.53570   109.33294
  998    268     3.84690   -27.53570   109.33294
  999    268     3.94813   -27.53570   109.33294
 1004    268     4.45430   -27.53570   109.33294
 1005    268     4.55554   -27.53570   109.33294
 1006    268     4.65677   -27.53570   109.33294
 1007    268     4.75801   -27.53570   109.33294
 1008    268     4.85924   -27.53570   109.33294
 1009    268     4.96048   -27.53570   109.33294
 1010    268     5.06171   -27.53570   109.33294
 1011    268     5.16294   -27.53570   109.33294
 1012    268     5.26418   -27.53570   109.33294
 1054    268     9.51601   -27.53570   109.33294
 1055    268     9.61725   -27.53570   109.33294
 1056    268     9.71848   -27.53570   109.33294
 1070    268    11.13576   -27.53570   109.33294
 1071    268    11.23700   -27.53570   109.33294
 1073    268    11.43946   -27.53570   109.33294
 1077    268    11.84440   -27.53570   109.33294
 1078    268    11.94564   -27.53570   109.33294
 1079    268    12.04687   -27.53570   109.33294
 1083    268    12.45181   -27.53570   109.33294
 1086    268    12.75551   -27.53570   109.33294
 1088    268    12.95798   -27.53570   109.33294
 1089    268    13.05921   -27.53570   109.33294
 1090    268    13.16045   -27.53570   109.33294
 1091    268    13.26168   -27.53570   109.33294
 1092    268    13.36291   -27.53570   109.33294
 1093    268    13.46415   -27.53570   109.33294
 1116    268    15.79254   -27.53570   109.33294
 1117    268    15.89377   -27.53570   109.33294
 1118    268    15.99500   -27.53570   109.33294
 1119    268    16.09624   -27.53570   109.33294
 1120    268    16.19747   -27.53570   109.33294
 1121    268    16.29871   -27.53570   109.33294
 1134    268    17.61475   -27.53570   109.33294
 1135    268    17.71598   -27.53570   109.33294
 1136    268    17.81722   -27.53570   109.33294
 1137    268    17.91845   -27.53570   109.33294
 1138    268    18.01969   -27.53570   109.33294
 1139    268    18.12092   -27.53570   109.33294
 1140    268    18.22216   -27.53570   109.33294
 1141    268    18.32339   -27.53570   109.33294
 1142    268    18.42462   -27.53570   109.33294
 1143    268    18.52586   -27.53570   109.33294
 1144    268    18.62709   -27.53570   109.33294
 1145    268    18.72833   -27.53570   109.33294
 1146    268    18.82956   -27.53570   109.33294
 1147    268    18.93080   -27.53570   109.33294
 1148    268    19.03203   -27.53570   109.33294
 1149    268    19.13326   -27.53570   109.33294
 1150    268    19.23450   -27.53570   109.33294
 1151    268    19.33573   -27.53570   109.33294
 1152    268    19.43697   -27.53570   109.33294
 1153    268    19.53820   -27.53570   109.33294
 1176    268    21.86659   -27.53570   109.33294
 1177    268    21.96782   -27.53570   109.33294
 1178    268    22.06906   -27.53570   109.33294
 1179    268    22.17029   -27.53570   109.33294
 1180    268    22.27152   -27.53570   109.33294
 1181    268    22.37276   -27.53570   109.33294
 1182    268    22.47399   -27.53570   109.33294
 1183    268    22.57523   -27.53570   109.33294
 1184    268    22.67646   -27.53570   109.33294
 1185    268    22.77769   -27.53570   109.33294
 1186    268    22.87893   -27.53570   109.33294
 1227    268    27.02953   -27.53570   109.33294
 1228    268    27.13077   -27.53570   109.33294
 1229    268    27.23200   -27.53570   109.33294
 1230    268    27.33323   -27.53570   109.33294
 1231    268    27.43447   -27.53570   109.33294
 1232    268    27.53570   -27.53570   109.33294
 1233    268    27.63694   -27.53570   109.33294
 1234    268    27.73817   -27.53570   109.33294
 1235    268    27.83940   -27.53570   109.33294
 1236    268    27.94064   -27.53570   109.33294
 1237    268    28.04187   -27.53570   109.33294
 1238    268    28.14311   -27.53570   109.33294
 1239    268    28.24434   -27.53570   109.33294
 1240    268    28.34558   -27.53570   109.33294
 1241    268    28.44681   -27.53570   109.33294
 1242    268    28.54804   -27.53570   109.33294
 1243    268    28.64928   -27.53570   109.33294
 1244    268    28.75051   -27.53570   109.33294
 1245    268    28.85175   -27.53570   109.33294
 1246    268    28.95298   -27.53570   109.33294
 1247    268    29.05422   -27.53570   109.33294
 1248    268    29.15545   -27.53570   109.33294
 1249    268    29.25668   -27.53570   109.33294
 1275    268    31.88877   -27.53570   109.33294
 1276    268    31.99001   -27.53570   109.33294
 1277    268    32.09124   -27.53570   109.33294
 1278    268    32.19248   -27.53570   109.33294
 1279    268    32.29371   -27.53570   109.33294
 1280    268    32.39494   -27.53570   109.33294
 1313    268    35.73567   -27.53570   109.33294
 1314    268    35.83691   -27.53570   109.33294
 1315    268    35.93814   -27.53570   109.33294
 1316    268    36.03938   -27.53570   109.33294
 1317    268    36.14061   -27.53570   109.33294
 1348    268    39.27887   -27.53570   109.33294
 1349    268    39.38010   -27.53570   109.33294
 1350    268    39.48134   -27.53570   109.33294
 1351    268    39.58257   -27.53570   109.33294
 1352    268    39.68381   -27.53570   109.33294
 1353    268    39.78504   -27.53570   109.33294
 1354    268    39.88627   -27.53570   109.33294
 1355    268    39.98751   -27.53570   109.33294
 1356    268    40.08874   -27.53570   109.33294
 1357    268    40.18998   -27.53570   109.33294
 1358    268    40.29121   -27.53570   109.33294
 1359    268    40.39245   -27.53570   109.33294
 1360    268    40.49368   -27.53570   109.33294
 1361    268    40.59491   -27.53570   109.33294
 1362    268    40.69615   -27.53570   109.33294
 1759    268    80.88613   -27.53570   109.33294
 1760    268    80.98736   -27.53570   109.33294
 1761    268    81.08859   -27.53570   109.33294
 1762    268    81.18983   -27.53570   109.33294
 1763    268    81.29106   -27.53570   109.33294
 1764    268    81.39230   -27.53570   109.33294
 1765    268    81.49353   -27.53570   109.33294
 1766    268    81.59477   -27.53570   109.33294
 1767    268    81.69600   -27.53570   109.33294
 1768    268    81.79723   -27.53570   109.33294
 1769    268    81.89847   -27.53570   109.33294
 1770    268    81.99970   -27.53570   109.33294
 1772    268    82.20217   -27.53570   109.33294
 1773    268    82.30340   -27.53570   109.33294
 1774    268    82.40464   -27.53570   109.33294
 1775    268    82.50587   -27.53570   109.33294
 1776    268    82.60711   -27.53570   109.33294
 1777    268    82.70834   -27.53570   109.33294
 1778    268    82.80958   -27.53570   109.33294
 1779    268    82.91081   -27.53570   109.33294
 1780    268    83.01204   -27.53570   109.33294
 1781    268    83.11328   -27.53570   109.33294
 1782    268    83.21451   -27.53570   109.33294
 1783    268    83.31575   -27.53570   109.33294
 1784    268    83.41698   -27.53570   109.33294
 1785    268    83.51821   -27.53570   109.33294
 1786    268    83.61945   -27.53570   109.33294
 1787    268    83.72068   -27.53570   109.33294
  991    269     2.96756   -25.94226   103.38612
  992    269     3.06329   -25.94226   103.38612
  993    269     3.15902   -25.94226   103.38612
  994    269     3.25475   -25.94226   103.38612
  995    269     3.35048   -25.94226   103.38612
  996    269     3.44620   -25.94226   103.38612
  997    269     3.54193   -25.94226   103.38612
  998    269     3.63766   -25.94226   103.38612
  999    269     3.73339   -25.94226   103.38612
 1003    269     4.11630   -25.94226   103.38612
 1004    269     4.21203   -25.94226   103.38612
 1005    269     4.30776   -25.94226   103.38612
 1006    269     4.40348   -25.94226   103.38612
 1007    269     4.49921   -25.94226   103.38612
 1008    269     4.59494   -25.94226   103.38612
 1009    269     4.69067   -25.94226   103.38612
 1010    269     4.78639   -25.94226   103.38612
 1011    269     4.88212   -25.94226   103.38612
 1055    269     9.09415   -25.94226   103.38612
 1056    269     9.18988   -25.94226   103.38612
 1057    269     9.28561   -25.94226   103.38612
 1059    269     9.47706   -25.94226   103.38612
 1062    269     9.76424   -25.94226   103.38612
 1066    269    10.14716   -25.94226   103.38612
 1067    269    10.24288   -25.94226   103.38612
 1071    269    10.62580   -25.94226   103.38612
 1072    269    10.72152   -25.94226   103.38612
 1073    269    10.81725   -25.94226   103.38612
 1078    269    11.29589   -25.94226   103.38612
 1079    269    11.39162   -25.94226   103.38612
 1088    269    12.25317   -25.94226   103.38612
 1089    269    12.34890   -25.94226   103.38612
 1090    269    12.44463   -25.94226   103.38612
 1091    269    12.54035   -25.94226   103.38612
 1092    269    12.63608   -25.94226   103.38612
 1093    269    12.73181   -25.94226   103.38612
 1116    269    14.93355   -25.94226   103.38612
 1117    269    15.02928   -25.94226   103.38612
 1118    269    15.12501   -25.94226   103.38612
 1119    269    15.22073   -25.94226   103.38612
 1120    269    15.31646   -25.94226   103.38612
 1121    269    15.41219   -25.94226   103.38612
 1134    269    16.65665   -25.94226   103.38612
 1135    269    16.75238   -25.94226   103.38612
 1136    269    16.84811   -25.94226   103.38612
 1137    269    16.94384   -25.94226   103.38612
 1138    269    17.03956   -25.94226   103.38612
 1139    269    17.13529   -25.94226   103.38612
 1140    269    17.23102   -25.94226   103.38612
 1141    269    17.32675   -25.94226   103.38612
 1142    269    17.42248   -25.94226   103.38612
 1143    269    17.51820   -25.94226   103.38612
 1144    269    17.61393   -25.94226   103.38612
 1145    269    17.70966   -25.94226   103.38612
 1146    269    17.80539   -25.94226   103.38612
 1147    269    17.90112   -25.94226   103.38612
 1148    269    17.99684   -25.94226   103.38612
 1149    269    18.09257   -25.94226   103.38612
 1150    269    18.18830   -25.94226   103.38612
 1151    269    18.28403   -25.94226   103.38612
 1152    269    18.37976   -25.94226   103.38612
 1153    269    18.47548   -25.94226   103.38612
 1176    269    20.67722   -25.94226   103.38612
 1177    269    20.77295   -25.94226   103.38612
 1178    269    20.86868   -25.94226   103.38612
 1179    269    20.96441   -25.94226   103.38612
 1180    269    21.06014   -25.94226   103.38612
 1182    269    21.25159   -25.94226   103.38612
 1183    269    21.34732   -25.94226   103.38612
 1184    269    21.44305   -25.94226   103.38612
 1185    269    21.53878   -25.94226   103.38612
 1226    269    25.46362   -25.94226   103.38612
 1227    269    25.55935   -25.94226   103.38612
 1228    269    25.65507   -25.94226   103.38612
 1229    269    25.75080   -25.94226   103.38612
 1230    269    25.84653   -25.94226   103.38612
 1231    269    25.94226   -25.94226   103.38612
 1232    269    26.03799   -25.94226   103.38612
 1233    269    26.13371   -25.94226   103.38612
 1234    269    26.22944   -25.94226   103.38612
 1235    269    26.32517   -25.94226   103.38612
 1236    269    26.42090   -25.94226   103.38612
 1237    269    26.51663   -25.94226   103.38612
 1238    269    26.61235   -25.94226   103.38612
 1239    269    26.70808   -25.94226   103.38612
 1240    269    26.80381   -25.94226   103.38612
 1241    269    26.89954   -25.94226   103.38612
 1242    269    26.99527   -25.94226   103.38612
 1243    269    27.09099   -25.94226   103.38612
 1244    269    27.18672   -25.94226   103.38612
 1245    269    27.28245   -25.94226   103.38612
 1246    269    27.37818   -25.94226   103.38612
 1247    269    27.47390   -25.94226   103.38612
 1248    269    27.56963   -25.94226   103.38612
 1249    269    27.66536   -25.94226   103.38612
 1267    269    29.38846   -25.94226   103.38612
 1268    269    29.48419   -25.94226   103.38612
 1269    269    29.57992   -25.94226   103.38612
 1270    269    29.67565   -25.94226   103.38612
 1271    269    29.77137   -25.94226   103.38612
 1272    269    29.86710   -25.94226   103.38612
 1273    269    29.96283   -25.94226   103.38612
 1274    269    30.05856   -25.94226   103.38612
 1275    269    30.15429   -25.94226   103.38612
 1276    269    30.25001   -25.94226   103.38612
 1277    269    30.34574   -25.94226   103.38612
 1278    269    30.44147   -25.94226   103.38612
 1279    269    30.53720   -25.94226   103.38612
 1280    269    30.63293   -25.94226   103.38612
 1312    269    33.69622   -25.94226   103.38612
 1313    269    33.79195   -25.94226   103.38612
 1314    269    33.88767   -25.94226   103.38612
 1315    269    33.98340   -25.94226   103.38612
 1316    269    34.07913   -25.94226   103.38612
 1317    269    34.17486   -25.94226   103.38612
 1348    269    37.14242   -25.94226   103.38612
 1349    269    37.23815   -25.94226   103.38612
 1350    269    37.33388   -25.94226   103.38612
 1351    269    37.42961   -25.94226   103.38612
 1352    269    37.52533   -25.94226   103.38612
 1353    269    37.62106   -25.94226   103.38612
 1354    269    37.71679   -25.94226   103.38612
 1355    269    37.81252   -25.94226   103.38612
 1356    269    37.90824   -25.94226   103.38612
 1357    269    38.00397   -25.94226   103.38612
 1359    269    38.19543   -25.94226   103.38612
 1360    269    38.29116   -25.94226   103.38612
 1361    269    38.38688   -25.94226   103.38612
 1362    269    38.48261   -25.94226   103.38612
 1762    269    76.77377   -25.94226   103.38612
 1763    269    76.86950   -25.94226   103.38612
 1764    269    76.96522   -25.94226   103.38612
 1765    269    77.06095   -25.94226   103.38612
 1766    269    77.15668   -25.94226   103.38612
 1767    269    77.25241   -25.94226   103.38612
 1768    269    77.34814   -25.94226   103.38612
 1769    269    77.44386   -25.94226   103.38612
 1770    269    77.53959   -25.94226   103.38612
 1771    269    77.63532   -25.94226   103.38612
 1772    269    77.73105   -25.94226   103.38612
 1776    269    78.11396   -25.94226   103.38612
 1777    269    78.20969   -25.94226   103.38612
 1778    269    78.30541   -25.94226   103.38612
 1779    269    78.40114   -25.94226   103.38612
 1780    269    78.49687   -25.94226   103.38612
 1781    269    78.59260   -25.94226   103.38612
 1782    269    78.68833   -25.94226   103.38612
 1783    269    78.78405   -25.94226   103.38612
 1784    269    78.87978   -25.94226   103.38612
 1785    269    78.97551   -25.94226   103.38612
 1786    269    79.07124   -25.94226   103.38612
 1787    269    79.16697   -25.94226   103.38612
 1788    269    79.26269   -25.94226   103.38612
 1789    269    79.35842   -25.94226   103.38612
 1790    269    79.45415   -25.94226   103.38612
  989    270     2.63290   -24.51321    98.05285
  990    270     2.72369   -24.51321    98.05285
  991    270     2.81448   -24.51321    98.05285
  992    270     2.90527   -24.51321    98.05285
  993    270     2.99606   -24.51321    98.05285
  994    270     3.08685   -24.51321    98.05285
  995    270     3.17764   -24.51321    98.05285
  996    270     3.26843   -24.51321    98.05285
  997    270     3.35922   -24.51321    98.05285
  998    270     3.45001   -24.51321    98.05285
 1002    270     3.81317   -24.51321    98.05285
 1003    270     3.90396   -24.51321    98.05285
 1004    270     3.99475   -24.51321    98.05285
 1005    270     4.08554   -24.51321    98.05285
 1006    270     4.17633   -24.51321    98.05285
 1007    270     4.26711   -24.51321    98.05285
 1008    270     4.35790   -24.51321    98.05285
 1009    270     4.44869   -24.51321    98.05285
 1056    270     8.71581   -24.51321    98.05285
 1057    270     8.80660   -24.51321    98.05285
 1058    270     8.89739   -24.51321    98.05285
 1059    270     8.98818   -24.51321    98.05285
 1060    270     9.07897   -24.51321    98.05285
 1065    270     9.53292   -24.51321    98.05285
 1066    270     9.62371   -24.51321    98.05285
 1067    270     9.71450   -24.51321    98.05285
 1070    270     9.98686   -24.51321    98.05285
 1071    270    10.07765   -24.51321    98.05285
 1072    270    10.16844   -24.51321    98.05285
 1078    270    10.71318   -24.51321    98.05285
 1079    270    10.80397   -24.51321    98.05285
 1088    270    11.62108   -24.51321    98.05285
 1089    270    11.71187   -24.51321    98.05285
 1091    270    11.89345   -24.51321    98.05285
 1092    270    11.98424   -24.51321    98.05285
 1093    270    12.07503   -24.51321    98.05285
 1116    270    14.16319   -24.51321    98.05285
 1117    270    14.25398   -24.51321    98.05285
 1118    270    14.34477   -24.51321    98.05285
 1119    270    14.43556   -24.51321    98.05285
 1120    270    14.52635   -24.51321    98.05285
 1121    270    14.61714   -24.51321    98.05285
 1134    270    15.79740   -24.51321    98.05285
 1135    270    15.88819   -24.51321    98.05285
 1136    270    15.97898   -24.51321    98.05285
 1137    270    16.06977   -24.51321    98.05285
 1138    270    16.16056   -24.51321    98.05285
 1139    270    16.25135   -24.51321    98.05285
 1140    270    16.34214   -24.51321    98.05285
 1141    270    16.43293   -24.51321    98.05285
 1142    270    16.52372   -24.51321    98.05285
 1143    270    16.61451   -24.51321    98.05285
 1144    270    16.70530   -24.51321    98.05285
 1145    270    16.79609   -24.51321    98.05285
 1146    270    16.88688   -24.51321    98.05285
 1147    270    16.97767   -24.51321    98.05285
 1148    270    17.06846   -24.51321    98.05285
 1149    270    17.15925   -24.51321    98.05285
 1150    270    17.25004   -24.51321    98.05285
 1151    270    17.34083   -24.51321    98.05285
 1152    270    17.43162   -24.51321    98.05285
 1153    270    17.52241   -24.51321    98.05285
 1176    270    19.61057   -24.51321    98.05285
 1177    270    19.70136   -24.51321    98.05285
 1178    270    19.79215   -24.51321    98.05285
 1179    270    19.88294   -24.51321    98.05285
 1180    270    19.97373   -24.51321    98.05285
 1181    270    20.06452   -24.51321    98.05285
 1182    270    20.15531   -24.51321    98.05285
 1183    270    20.24610   -24.51321    98.05285
 1184    270    20.33689   -24.51321    98.05285
 1185    270    20.42768   -24.51321    98.05285
 1225    270    24.05926   -24.51321    98.05285
 1226    270    24.15005   -24.51321    98.05285
 1227    270    24.24084   -24.51321    98.05285
 1228    270    24.33163   -24.51321    98.05285
 1229    270    24.42242   -24.51321    98.05285
 1230    270    24.51321   -24.51321    98.05285
 1231    270    24.60400   -24.51321    98.05285
 1232    270    24.69479   -24.51321    98.05285
 1233    270    24.78558   -24.51321    98.05285
 1234    270    24.87637   -24.51321    98.05285
 1235    270    24.96716   -24.51321    98.05285
 1236    270    25.05795   -24.51321    98.05285
 1237    270    25.14874   -24.51321    98.05285
 1238    270    25.23953   -24.51321    98.05285
 1239    270    25.33032   -24.51321    98.05285
 1240    270    25.42111   -24.51321    98.05285
 1241    270    25.51190   -24.51321    98.05285
 1242    270    25.60269   -24.51321    98.05285
 1243    270    25.69348   -24.51321    98.05285
 1244    270    25.78427   -24.51321    98.05285
 1245    270    25.87506   -24.51321    98.05285
 1246    270    25.96585   -24.51321    98.05285
 1247    270    26.05664   -24.51321    98.05285
 1248    270    26.14743   -24.51321    98.05285
 1249    270    26.23822   -24.51321    98.05285
 1250    270    26.32901   -24.51321    98.05285
 1265    270    27.69085   -24.51321    98.05285
 1266    270    27.78164   -24.51321    98.05285
 1267    270    27.87243   -24.51321    98.05285
 1268    270    27.96322   -24.51321    98.05285
 1269    270    28.05401   -24.51321    98.05285
 1270    270    28.14480   -24.51321    98.05285
 1271    270    28.23559   -24.51321    98.05285
 1272    270    28.32638   -24.51321    98.05285
 1273    270    28.41717   -24.51321    98.05285
 1274    270    28.50796   -24.51321    98.05285
 1275    270    28.59875   -24.51321    98.05285
 1276    270    28.68954   -24.51321    98.05285
 1277    270    28.78033   -24.51321    98.05285
 1278    270    28.87112   -24.51321    98.05285
 1279    270    28.96191   -24.51321    98.05285
 1280    270    29.05270   -24.51321    98.05285
 1311    270    31.86718   -24.51321    98.05285
 1312    270    31.95797   -24.51321    98.05285
 1313    270    32.04876   -24.51321    98.05285
 1314    270    32.13955   -24.51321    98.05285
 1315    270    32.23034   -24.51321    98.05285
 1316    270    32.32113   -24.51321    98.05285
 1317    270    32.41191   -24.51321    98.05285
 1318    270    32.50270   -24.51321    98.05285
 1349    270    35.31718   -24.51321    98.05285
 1350    270    35.40797   -24.51321    98.05285
 1351    270    35.49876   -24.51321    98.05285
 1352    270    35.58955   -24.51321    98.05285
 1353    270    35.68034   -24.51321    98.05285
 1354    270    35.77113   -24.51321    98.05285
 1356    270    35.95271   -24.51321    98.05285
 1357    270    36.04350   -24.51321    98.05285
 1358    270    36.13429   -24.51321    98.05285
 1359    270    36.22508   -24.51321    98.05285
 1360    270    36.31587   -24.51321    98.05285
 1361    270    36.40666   -24.51321    98.05285
 1362    270    36.49745   -24.51321    98.05285
 1363    270    36.58824   -24.51321    98.05285
 1764    270    72.99490   -24.51321    98.05285
 1765    270    73.08569   -24.51321    98.05285
 1766    270    73.17648   -24.51321    98.05285
 1767    270    73.26727   -24.51321    98.05285
 1768    270    73.35806   -24.51321    98.05285
 1769    270    73.44885   -24.51321    98.05285
 1770    270    73.53964   -24.51321    98.05285
 1771    270    73.63043   -24.51321    98.05285
 1772    270    73.72122   -24.51321    98.05285
 1773    270    73.81201   -24.51321    98.05285
 1774    270    73.90280   -24.51321    98.05285
 1775    270    73.99359   -24.51321    98.05285
 1776    270    74.08438   -24.51321    98.05285
 1777    270    74.17517   -24.51321    98.05285
 1779    270    74.35675   -24.51321    98.05285
 1780    270    74.44754   -24.51321    98.05285
 1781    270    74.53833   -24.51321    98.05285
 1782    270    74.62912   -24.51321    98.05285
 1783    270    74.71990   -24.51321    98.05285
 1784    270    74.81069   -24.51321    98.05285
 1785    270    74.90148   -24.51321    98.05285
 1786    270    74.99227   -24.51321    98.05285
 1787    270    75.08306   -24.51321    98.05285
 1788    270    75.17385   -24.51321    98.05285
 1789    270    75.26464   -24.51321    98.05285
 1790    270    75.35543   -24.51321    98.05285
 1791    270    75.44622   -24.51321    98.05285
 1792    270    75.53701   -24.51321    98.05285
 1793    270    75.62780   -24.51321    98.05285
  988    271     2.41741   -23.22437    93.24283
  989    271     2.50374   -23.22437    93.24283
  990    271     2.59008   -23.22437    93.24283
  991    271     2.67641   -23.22437    93.24283
  992    271     2.76275   -23.22437    93.24283
  993    271     2.84909   -23.22437    93.24283
  994    271     2.93542   -23.22437    93.24283
  995    271     3.02176   -23.22437    93.24283
  996    271     3.10809   -23.22437    93.24283
  997    271     3.19443   -23.22437    93.24283
  998    271     3.28077   -23.22437    93.24283
 1002    271     3.62611   -23.22437    93.24283
 1003    271     3.71245   -23.22437    93.24283
 1004    271     3.79878   -23.22437    93.24283
 1005    271     3.88512   -23.22437    93.24283
 1006    271     3.97145   -23.22437    93.24283
 1007    271     4.05779   -23.22437    93.24283
 1008    271     4.14413   -23.22437    93.24283
 1057    271     8.37459   -23.22437    93.24283
 1058    271     8.46092   -23.22437    93.24283
 1059    271     8.54726   -23.22437    93.24283
 1065    271     9.06528   -23.22437    93.24283
 1066    271     9.15161   -23.22437    93.24283
 1070    271     9.49696   -23.22437    93.24283
 1071    271     9.58329   -23.22437    93.24283
 1072    271     9.66963   -23.22437    93.24283
 1077    271    10.10131   -23.22437    93.24283
 1078    271    10.18764   -23.22437    93.24283
 1079    271    10.27398   -23.22437    93.24283
 1080    271    10.36031   -23.22437    93.24283
 1085    271    10.79199   -23.22437    93.24283
 1088    271    11.05100   -23.22437    93.24283
 1089    271    11.13734   -23.22437    93.24283
 1091    271    11.31001   -23.22437    93.24283
 1092    271    11.39635   -23.22437    93.24283
 1093    271    11.48268   -23.22437    93.24283
 1116    271    13.46841   -23.22437    93.24283
 1117    271    13.55475   -23.22437    93.24283
 1118    271    13.64108   -23.22437    93.24283
 1119    271    13.72742   -23.22437    93.24283
 1120    271    13.81375   -23.22437    93.24283
 1121    271    13.90009   -23.22437    93.24283
 1134    271    15.02246   -23.22437    93.24283
 1135    271    15.10879   -23.22437    93.24283
 1136    271    15.19513   -23.22437    93.24283
 1137    271    15.28146   -23.22437    93.24283
 1138    271    15.36780   -23.22437    93.24283
 1139    271    15.45414   -23.22437    93.24283
 1140    271    15.54047   -23.22437    93.24283
 1141    271    15.62681   -23.22437    93.24283
 1142    271    15.71314   -23.22437    93.24283
 1143    271    15.79948   -23.22437    93.24283
 1144    271    15.88582   -23.22437    93.24283
 1145    271    15.97215   -23.22437    93.24283
 1146    271    16.05849   -23.22437    93.24283
 1147    271    16.14482   -23.22437    93.24283
 1148    271    16.23116   -23.22437    93.24283
 1149    271    16.31750   -23.22437    93.24283
 1150    271    16.40383   -23.22437    93.24283
 1151    271    16.49017   -23.22437    93.24283
 1152    271    16.57650   -23.22437    93.24283
 1153    271    16.66284   -23.22437    93.24283
 1176    271    18.64857   -23.22437    93.24283
 1177    271    18.73490   -23.22437    93.24283
 1178    271    18.82124   -23.22437    93.24283
 1179    271    18.90757   -23.22437    93.24283
 1180    271    18.99391   -23.22437    93.24283
 1181    271    19.08025   -23.22437    93.24283
 1182    271    19.16658   -23.22437    93.24283
 1183    271    19.25292   -23.22437    93.24283
 1184    271    19.33925   -23.22437    93.24283
 1185    271    19.42559   -23.22437    93.24283
 1215    271    22.01567   -23.22437    93.24283
 1216    271    22.10200   -23.22437    93.24283
 1217    271    22.18834   -23.22437    93.24283
 1218    271    22.27468   -23.22437    93.24283
 1224    271    22.79269   -23.22437    93.24283
 1225    271    22.87903   -23.22437    93.24283
 1226    271    22.96536   -23.22437    93.24283
 1227    271    23.05170   -23.22437    93.24283
 1228    271    23.13804   -23.22437    93.24283
 1229    271    23.22437   -23.22437    93.24283
 1230    271    23.31071   -23.22437    93.24283
 1231    271    23.39704   -23.22437    93.24283
 1232    271    23.48338   -23.22437    93.24283
 1245    271    24.60575   -23.22437    93.24283
 1246    271    24.69208   -23.22437    93.24283
 1247    271    24.77842   -23.22437    93.24283
 1248    271    24.86476   -23.22437    93.24283
 1249    271    24.95109   -23.22437    93.24283
 1250    271    25.03743   -23.22437    93.24283
 1264    271    26.24613   -23.22437    93.24283
 1265    271    26.33247   -23.22437    93.24283
 1266    271    26.41880   -23.22437    93.24283
 1267    271    26.50514   -23.22437    93.24283
 1268    271    26.59147   -23.22437    93.24283
 1269    271    26.67781   -23.22437    93.24283
 1270    271    26.76415   -23.22437    93.24283
 1271    271    26.85048   -23.22437    93.24283
 1272    271    26.93682   -23.22437    93.24283
 1273    271    27.02315   -23.22437    93.24283
 1274    271    27.10949   -23.22437    93.24283
 1275    271    27.19583   -23.22437    93.24283
 1276    271    27.28216   -23.22437    93.24283
 1277    271    27.36850   -23.22437    93.24283
 1278    271    27.45483   -23.22437    93.24283
 1279    271    27.54117   -23.22437    93.24283
 1280    271    27.62751   -23.22437    93.24283
 1281    271    27.71384   -23.22437    93.24283
 1311    271    30.30392   -23.22437    93.24283
 1312    271    30.39026   -23.22437    93.24283
 1313    271    30.47659   -23.22437    93.24283
 1314    271    30.56293   -23.22437    93.24283
 1315    271    30.64926   -23.22437    93.24283
 1316    271    30.73560   -23.22437    93.24283
 1317    271    30.82194   -23.22437    93.24283
 1318    271    30.90827   -23.22437    93.24283
 1319    271    30.99461   -23.22437    93.24283
 1350    271    33.67102   -23.22437    93.24283
 1351    271    33.75736   -23.22437    93.24283
 1352    271    33.84369   -23.22437    93.24283
 1353    271    33.93003   -23.22437    93.24283
 1354    271    34.01637   -23.22437    93.24283
 1355    271    34.10270   -23.22437    93.24283
 1357    271    34.27537   -23.22437    93.24283
 1358    271    34.36171   -23.22437    93.24283
 1360    271    34.53438   -23.22437    93.24283
 1361    271    34.62072   -23.22437    93.24283
 1362    271    34.70705   -23.22437    93.24283
 1363    271    34.79339   -23.22437    93.24283
 1767    271    69.67312   -23.22437    93.24283
 1768    271    69.75945   -23.22437    93.24283
 1769    271    69.84579   -23.22437    93.24283
 1770    271    69.93212   -23.22437    93.24283
 1771    271    70.01846   -23.22437    93.24283
 1772    271    70.10480   -23.22437    93.24283
 1773    271    70.19113   -23.22437    93.24283
 1774    271    70.27747   -23.22437    93.24283
 1775    271    70.36380   -23.22437    93.24283
 1776    271    70.45014   -23.22437    93.24283
 1777    271    70.53648   -23.22437    93.24283
 1778    271    70.62281   -23.22437    93.24283
 1779    271    70.70915   -23.22437    93.24283
 1782    271    70.96816   -23.22437    93.24283
 1783    271    71.05449   -23.22437    93.24283
 1784    271    71.14083   -23.22437    93.24283
 1785    271    71.22716   -23.22437    93.24283
 1786    271    71.31350   -23.22437    93.24283
 1787    271    71.39984   -23.22437    93.24283
 1788    271    71.48617   -23.22437    93.24283
 1789    271    71.57251   -23.22437    93.24283
 1790    271    71.65884   -23.22437    93.24283
 1791    271    71.74518   -23.22437    93.24283
 1792    271    71.83152   -23.22437    93.24283
 1793    271    71.91785   -23.22437    93.24283
 1794    271    72.00419   -23.22437    93.24283
 1795    271    72.09052   -23.22437    93.24283
 1796    271    72.17686   -23.22437    93.24283
  987    272     2.22207   -22.05607    88.88266
  988    272     2.30437   -22.05607    88.88266
  989    272     2.38666   -22.05607    88.88266
  990    272     2.46896   -22.05607    88.88266
  991    272     2.55126   -22.05607    88.88266
  992    272     2.63356   -22.05607    88.88266
  993    272     2.71586   -22.05607    88.88266
  994    272     2.79816   -22.05607    88.88266
  995    272     2.88046   -22.05607    88.88266
  996    272     2.96276   -22.05607    88.88266
  997    272     3.04505   -22.05607    88.88266
 1001    272     3.37425   -22.05607    88.88266
 1002    272     3.45655   -22.05607    88.88266
 1003    272     3.53885   -22.05607    88.88266
 1004    272     3.62115   -22.05607    88.88266
 1005    272     3.70344   -22.05607    88.88266
 1006    272     3.78574   -22.05607    88.88266
 1007    272     3.86804   -22.05607    88.88266
 1064    272     8.55907   -22.05607    88.88266
 1065    272     8.64137   -22.05607    88.88266
 1069    272     8.97056   -22.05607    88.88266
 1070    272     9.05286   -22.05607    88.88266
 1071    272     9.13516   -22.05607    88.88266
 1072    272     9.21746   -22.05607    88.88266
 1073    272     9.29976   -22.05607    88.88266
 1074    272     9.38206   -22.05607    88.88266
 1075    272     9.46436   -22.05607    88.88266
 1076    272     9.54666   -22.05607    88.88266
 1077    272     9.62895   -22.05607    88.88266
 1078    272     9.71125   -22.05607    88.88266
 1079    272     9.79355   -22.05607    88.88266
 1080    272     9.87585   -22.05607    88.88266
 1083    272    10.12275   -22.05607    88.88266
 1084    272    10.20505   -22.05607    88.88266
 1085    272    10.28735   -22.05607    88.88266
 1087    272    10.45194   -22.05607    88.88266
 1088    272    10.53424   -22.05607    88.88266
 1089    272    10.61654   -22.05607    88.88266
 1090    272    10.69884   -22.05607    88.88266
 1091    272    10.78114   -22.05607    88.88266
 1092    272    10.86344   -22.05607    88.88266
 1093    272    10.94574   -22.05607    88.88266
 1116    272    12.83861   -22.05607    88.88266
 1117    272    12.92091   -22.05607    88.88266
 1118    272    13.00320   -22.05607    88.88266
 1119    272    13.08550   -22.05607    88.88266
 1120    272    13.16780   -22.05607    88.88266
 1121    272    13.25010   -22.05607    88.88266
 1134    272    14.31998   -22.05607    88.88266
 1135    272    14.40228   -22.05607    88.88266
 1136    272    14.48458   -22.05607    88.88266
 1137    272    14.56688   -22.05607    88.88266
 1138    272    14.64918   -22.05607    88.88266
 1139    272    14.73148   -22.05607    88.88266
 1140    272    14.81378   -22.05607    88.88266
 1141    272    14.89608   -22.05607    88.88266
 1142    272    14.97837   -22.05607    88.88266
 1143    272    15.06067   -22.05607    88.88266
 1144    272    15.14297   -22.05607    88.88266
 1145    272    15.22527   -22.05607    88.88266
 1146    272    15.30757   -22.05607    88.88266
 1147    272    15.38987   -22.05607    88.88266
 1148    272    15.47217   -22.05607    88.88266
 1149    272    15.55447   -22.05607    88.88266
 1150    272    15.63676   -22.05607    88.88266
 1151    272    15.71906   -22.05607    88.88266
 1152    272    15.80136   -22.05607    88.88266
 1153    272    15.88366   -22.05607    88.88266
 1176    272    17.77653   -22.05607    88.88266
 1177    272    17.85883   -22.05607    88.88266
 1178    272    17.94113   -22.05607    88.88266
 1179    272    18.02343   -22.05607    88.88266
 1180    272    18.10573   -22.05607    88.88266
 1181    272    18.18803   -22.05607    88.88266
 1182    272    18.27032   -22.05607    88.88266
 1183    272    18.35262   -22.05607    88.88266
 1184    272    18.43492   -22.05607    88.88266
 1214    272    20.90389   -22.05607    88.88266
 1215    272    20.98618   -22.05607    88.88266
 1216    272    21.06848   -22.05607    88.88266
 1217    272    21.15078   -22.05607    88.88266
 1218    272    21.23308   -22.05607    88.88266
 1219    272    21.31538   -22.05607    88.88266
 1224    272    21.72687   -22.05607    88.88266
 1225    272    21.80917   -22.05607    88.88266
 1226    272    21.89147   -22.05607    88.88266
 1227    272    21.97377   -22.05607    88.88266
 1228    272    22.05607   -22.05607    88.88266
 1229    272    22.13837   -22.05607    88.88266
 1230    272    22.22067   -22.05607    88.88266
 1245    272    23.45515   -22.05607    88.88266
 1246    272    23.53745   -22.05607    88.88266
 1247    272    23.61974   -22.05607    88.88266
 1248    272    23.70204   -22.05607    88.88266
 1249    272    23.78434   -22.05607    88.88266
 1263    272    24.93652   -22.05607    88.88266
 1264    272    25.01882   -22.05607    88.88266
 1265    272    25.10112   -22.05607    88.88266
 1266    272    25.18342   -22.05607    88.88266
 1267    272    25.26572   -22.05607    88.88266
 1268    272    25.34802   -22.05607    88.88266
 1269    272    25.43032   -22.05607    88.88266
 1270    272    25.51262   -22.05607    88.88266
 1271    272    25.59491   -22.05607    88.88266
 1272    272    25.67721   -22.05607    88.88266
 1273    272    25.75951   -22.05607    88.88266
 1274    272    25.84181   -22.05607    88.88266
 1275    272    25.92411   -22.05607    88.88266
 1276    272    26.00641   -22.05607    88.88266
 1277    272    26.08871   -22.05607    88.88266
 1278    272    26.17101   -22.05607    88.88266
 1279    272    26.25330   -22.05607    88.88266
 1280    272    26.33560   -22.05607    88.88266
 1281    272    26.41790   -22.05607    88.88266
 1311    272    28.88686   -22.05607    88.88266
 1312    272    28.96916   -22.05607    88.88266
 1313    272    29.05146   -22.05607    88.88266
 1314    272    29.13376   -22.05607    88.88266
 1316    272    29.29836   -22.05607    88.88266
 1317    272    29.38066   -22.05607    88.88266
 1318    272    29.46296   -22.05607    88.88266
 1319    272    29.54525   -22.05607    88.88266
 1352    272    32.26111   -22.05607    88.88266
 1353    272    32.34341   -22.05607    88.88266
 1354    272    32.42571   -22.05607    88.88266
 1355    272    32.50801   -22.05607    88.88266
 1356    272    32.59031   -22.05607    88.88266
 1357    272    32.67261   -22.05607    88.88266
 1358    272    32.75491   -22.05607    88.88266
 1359    272    32.83721   -22.05607    88.88266
 1360    272    32.91950   -22.05607    88.88266
 1361    272    33.00180   -22.05607    88.88266
 1362    272    33.08410   -22.05607    88.88266
 1363    272    33.16640   -22.05607    88.88266
 1364    272    33.24870   -22.05607    88.88266
 1770    272    66.66200   -22.05607    88.88266
 1771    272    66.74429   -22.05607    88.88266
 1772    272    66.82659   -22.05607    88.88266
 1773    272    66.90889   -22.05607    88.88266
 1774    272    66.99119   -22.05607    88.88266
 1775    272    67.07349   -22.05607    88.88266
 1776    272    67.15579   -22.05607    88.88266
 1777    272    67.23809   -22.05607    88.88266
 1778    272    67.32039   -22.05607    88.88266
 1779    272    67.40268   -22.05607    88.88266
 1780    272    67.48498   -22.05607    88.88266
 1781    272    67.56728   -22.05607    88.88266
 1782    272    67.64958   -22.05607    88.88266
 1783    272    67.73188   -22.05607    88.88266
 1786    272    67.97878   -22.05607    88.88266
 1787    272    68.06107   -22.05607    88.88266
 1788    272    68.14337   -22.05607    88.88266
 1789    272    68.22567   -22.05607    88.88266
 1790    272    68.30797   -22.05607    88.88266
 1791    272    68.39027   -22.05607    88.88266
 1792    272    68.47257   -22.05607    88.88266
 1793    272    68.55487   -22.05607    88.88266
 1794    272    68.63717   -22.05607    88.88266
 1795    272    68.71946   -22.05607    88.88266
 1796    272    68.80176   -22.05607    88.88266
 1797    272    68.88406   -22.05607    88.88266
 1798    272    68.96636   -22.05607    88.88266
  986    273     2.04418   -20.99215    84.91205
  987    273     2.12280   -20.99215    84.91205
  988    273     2.20142   -20.99215    84.91205
  989    273     2.28005   -20.99215    84.91205
  990    273     2.35867   -20.99215    84.91205
  991    273     2.43729   -20.99215    84.91205
  992    273     2.51591   -20.99215    84.91205
  993    273     2.59453   -20.99215    84.91205
  994    273     2.67316   -20.99215    84.91205
  995    273     2.75178   -20.99215    84.91205
 1000    273     3.14489   -20.99215    84.91205
 1001    273     3.22351   -20.99215    84.91205
 1002    273     3.30214   -20.99215    84.91205
 1003    273     3.38076   -20.99215    84.91205
 1004    273     3.45938   -20.99215    84.91205
 1005    273     3.53800   -20.99215    84.91205
 1006    273     3.61662   -20.99215    84.91205
 1065    273     8.25534   -20.99215    84.91205
 1066    273     8.33396   -20.99215    84.91205
 1067    273     8.41258   -20.99215    84.91205
 1068    273     8.49120   -20.99215    84.91205
 1069    273     8.56983   -20.99215    84.91205
 1070    273     8.64845   -20.99215    84.91205
 1071    273     8.72707   -20.99215    84.91205
 1074    273     8.96294   -20.99215    84.91205
 1077    273     9.19881   -20.99215    84.91205
 1088    273    10.06365   -20.99215    84.91205
 1089    273    10.14227   -20.99215    84.91205
 1090    273    10.22089   -20.99215    84.91205
 1091    273    10.29952   -20.99215    84.91205
 1092    273    10.37814   -20.99215    84.91205
 1093    273    10.45676   -20.99215    84.91205
 1117    273    12.34370   -20.99215    84.91205
 1118    273    12.42232   -20.99215    84.91205
 1119    273    12.50094   -20.99215    84.91205
 1120    273    12.57956   -20.99215    84.91205
 1135    273    13.75890   -20.99215    84.91205
 1136    273    13.83752   -20.99215    84.91205
 1137    273    13.91614   -20.99215    84.91205
 1138    273    13.99476   -20.99215    84.91205
 1139    273    14.07339   -20.99215    84.91205
 1140    273    14.15201   -20.99215    84.91205
 1141    273    14.23063   -20.99215    84.91205
 1142    273    14.30925   -20.99215    84.91205
 1143    273    14.38787   -20.99215    84.91205
 1144    273    14.46650   -20.99215    84.91205
 1145    273    14.54512   -20.99215    84.91205
 1146    273    14.62374   -20.99215    84.91205
 1147    273    14.70236   -20.99215    84.91205
 1148    273    14.78099   -20.99215    84.91205
 1149    273    14.85961   -20.99215    84.91205
 1150    273    14.93823   -20.99215    84.91205
 1151    273    15.01685   -20.99215    84.91205
 1152    273    15.09548   -20.99215    84.91205
 1177    273    17.06103   -20.99215    84.91205
 1178    273    17.13965   -20.99215    84.91205
 1179    273    17.21828   -20.99215    84.91205
 1180    273    17.29690   -20.99215    84.91205
 1181    273    17.37552   -20.99215    84.91205
 1182    273    17.45414   -20.99215    84.91205
 1183    273    17.53277   -20.99215    84.91205
 1214    273    19.97006   -20.99215    84.91205
 1215    273    20.04868   -20.99215    84.91205
 1216    273    20.12730   -20.99215    84.91205
 1217    273    20.20592   -20.99215    84.91205
 1218    273    20.28455   -20.99215    84.91205
 1219    273    20.36317   -20.99215    84.91205
 1224    273    20.75628   -20.99215    84.91205
 1225    273    20.83490   -20.99215    84.91205
 1226    273    20.91352   -20.99215    84.91205
 1227    273    20.99215   -20.99215    84.91205
 1228    273    21.07077   -20.99215    84.91205
 1244    273    22.32872   -20.99215    84.91205
 1245    273    22.40735   -20.99215    84.91205
 1246    273    22.48597   -20.99215    84.91205
 1247    273    22.56459   -20.99215    84.91205
 1248    273    22.64321   -20.99215    84.91205
 1249    273    22.72184   -20.99215    84.91205
 1262    273    23.74392   -20.99215    84.91205
 1263    273    23.82255   -20.99215    84.91205
 1264    273    23.90117   -20.99215    84.91205
 1265    273    23.97979   -20.99215    84.91205
 1266    273    24.05841   -20.99215    84.91205
 1267    273    24.13704   -20.99215    84.91205
 1268    273    24.21566   -20.99215    84.91205
 1269    273    24.29428   -20.99215    84.91205
 1270    273    24.37290   -20.99215    84.91205
 1271    273    24.45153   -20.99215    84.91205
 1272    273    24.53015   -20.99215    84.91205
 1273    273    24.60877   -20.99215    84.91205
 1274    273    24.68739   -20.99215    84.91205
 1275    273    24.76601   -20.99215    84.91205
 1276    273    24.84464   -20.99215    84.91205
 1278    273    25.00188   -20.99215    84.91205
 1279    273    25.08050   -20.99215    84.91205
 1280    273    25.15913   -20.99215    84.91205
 1281    273    25.23775   -20.99215    84.91205
 1311    273    27.59642   -20.99215    84.91205
 1312    273    27.67504   -20.99215    84.91205
 1313    273    27.75366   -20.99215    84.91205
 1314    273    27.83228   -20.99215    84.91205
 1315    273    27.91090   -20.99215    84.91205
 1316    273    27.98953   -20.99215    84.91205
 1317    273    28.06815   -20.99215    84.91205
 1318    273    28.14677   -20.99215    84.91205
 1319    273    28.22539   -20.99215    84.91205
 1320    273    28.30402   -20.99215    84.91205
 1353    273    30.89855   -20.99215    84.91205
 1354    273    30.97717   -20.99215    84.91205
 1355    273    31.05580   -20.99215    84.91205
 1356    273    31.13442   -20.99215    84.91205
 1357    273    31.21304   -20.99215    84.91205
 1358    273    31.29166   -20.99215    84.91205
 1360    273    31.44891   -20.99215    84.91205
 1361    273    31.52753   -20.99215    84.91205
 1362    273    31.60615   -20.99215    84.91205
 1363    273    31.68477   -20.99215    84.91205
 1364    273    31.76340   -20.99215    84.91205
 1365    273    31.84202   -20.99215    84.91205
 1772    273    63.84128   -20.99215    84.91205
 1773    273    63.91990   -20.99215    84.91205
 1774    273    63.99853   -20.99215    84.91205
 1775    273    64.07715   -20.99215    84.91205
 1776    273    64.15577   -20.99215    84.91205
 1777    273    64.23439   -20.99215    84.91205
 1778    273    64.31301   -20.99215    84.91205
 1779    273    64.39164   -20.99215    84.91205
 1780    273    64.47026   -20.99215    84.91205
 1781    273    64.54888   -20.99215    84.91205
 1782    273    64.62750   -20.99215    84.91205
 1783    273    64.70613   -20.99215    84.91205
 1784    273    64.78475   -20.99215    84.91205
 1785    273    64.86337   -20.99215    84.91205
 1786    273    64.94199   -20.99215    84.91205
 1788    273    65.09924   -20.99215    84.91205
 1789    273    65.17786   -20.99215    84.91205
 1790    273    65.25648   -20.99215    84.91205
 1791    273    65.33510   -20.99215    84.91205
 1792    273    65.41373   -20.99215    84.91205
 1793    273    65.49235   -20.99215    84.91205
 1794    273    65.57097   -20.99215    84.91205
 1795    273    65.64959   -20.99215    84.91205
 1796    273    65.72822   -20.99215    84.91205
 1797    273    65.80684   -20.99215    84.91205
 1798    273    65.88546   -20.99215    84.91205
 1799    273    65.96408   -20.99215    84.91205
 1800    273    66.04270   -20.99215    84.91205
  985    274     1.88151   -20.01921    81.28102
  986    274     1.95677   -20.01921    81.28102
  987    274     2.03203   -20.01921    81.28102
  988    274     2.10729   -20.01921    81.28102
  989    274     2.18255   -20.01921    81.28102
  990    274     2.25781   -20.01921    81.28102
  991    274     2.33307   -20.01921    81.28102
  992    274     2.40833   -20.01921    81.28102
  999    274     2.93515   -20.01921    81.28102
 1000    274     3.01041   -20.01921    81.28102
 1001    274     3.08567   -20.01921    81.28102
 1002    274     3.16093   -20.01921    81.28102
 1003    274     3.23619   -20.01921    81.28102
 1004    274     3.31145   -20.01921    81.28102
 1005    274     3.38671   -20.01921    81.28102
 1006    274     3.46197   -20.01921    81.28102
 1066    274     7.97758   -20.01921    81.28102
 1067    274     8.05284   -20.01921    81.28102
 1068    274     8.12810   -20.01921    81.28102
 1069    274     8.20336   -20.01921    81.28102
 1070    274     8.27862   -20.01921    81.28102
 1071    274     8.35388   -20.01921    81.28102
 1072    274     8.42914   -20.01921    81.28102
 1073    274     8.50440   -20.01921    81.28102
 1074    274     8.57966   -20.01921    81.28102
 1075    274     8.65492   -20.01921    81.28102
 1076    274     8.73018   -20.01921    81.28102
 1077    274     8.80544   -20.01921    81.28102
 1078    274     8.88070   -20.01921    81.28102
 1079    274     8.95596   -20.01921    81.28102
 1080    274     9.03122   -20.01921    81.28102
 1081    274     9.10648   -20.01921    81.28102
 1082    274     9.18174   -20.01921    81.28102
 1090    274     9.78383   -20.01921    81.28102
 1091    274     9.85909   -20.01921    81.28102
 1138    274    13.39632   -20.01921    81.28102
 1139    274    13.47158   -20.01921    81.28102
 1140    274    13.54684   -20.01921    81.28102
 1141    274    13.62210   -20.01921    81.28102
 1142    274    13.69736   -20.01921    81.28102
 1143    274    13.77262   -20.01921    81.28102
 1144    274    13.84788   -20.01921    81.28102
 1145    274    13.92314   -20.01921    81.28102
 1146    274    13.99840   -20.01921    81.28102
 1147    274    14.07366   -20.01921    81.28102
 1148    274    14.14892   -20.01921    81.28102
 1214    274    19.11609   -20.01921    81.28102
 1215    274    19.19135   -20.01921    81.28102
 1216    274    19.26661   -20.01921    81.28102
 1217    274    19.34187   -20.01921    81.28102
 1218    274    19.41713   -20.01921    81.28102
 1219    274    19.49239   -20.01921    81.28102
 1224    274    19.86869   -20.01921    81.28102
 1225    274    19.94395   -20.01921    81.28102
 1226    274    20.01921   -20.01921    81.28102
 1227    274    20.09447   -20.01921    81.28102
 1228    274    20.16973   -20.01921    81.28102
 1243    274    21.29864   -20.01921    81.28102
 1244    274    21.37390   -20.01921    81.28102
 1245    274    21.44916   -20.01921    81.28102
 1246    274    21.52442   -20.01921    81.28102
 1247    274    21.59968   -20.01921    81.28102
 1248    274    21.67494   -20.01921    81.28102
 1249    274    21.75020   -20.01921    81.28102
 1262    274    22.72858   -20.01921    81.28102
 1263    274    22.80384   -20.01921    81.28102
 1264    274    22.87910   -20.01921    81.28102
 1265    274    22.95436   -20.01921    81.28102
 1267    274    23.10488   -20.01921    81.28102
 1268    274    23.18014   -20.01921    81.28102
 1269    274    23.25540   -20.01921    81.28102
 1270    274    23.33066   -20.01921    81.28102
 1273    274    23.55644   -20.01921    81.28102
 1274    274    23.63170   -20.01921    81.28102
 1275    274    23.70696   -20.01921    81.28102
 1276    274    23.78222   -20.01921    81.28102
 1278    274    23.93275   -20.01921    81.28102
 1279    274    24.00801   -20.01921    81.28102
 1280    274    24.08327   -20.01921    81.28102
 1281    274    24.15853   -20.01921    81.28102
 1311    274    26.41633   -20.01921    81.28102
 1312    274    26.49159   -20.01921    81.28102
 1313    274    26.56685   -20.01921    81.28102
 1314    274    26.64211   -20.01921    81.28102
 1315    274    26.71737   -20.01921    81.28102
 1316    274    26.79263   -20.01921    81.28102
 1317    274    26.86789   -20.01921    81.28102
 1318    274    26.94315   -20.01921    81.28102
 1319    274    27.01841   -20.01921    81.28102
 1320    274    27.09367   -20.01921    81.28102
 1321    274    27.16893   -20.01921    81.28102
 1354    274    29.65252   -20.01921    81.28102
 1355    274    29.72778   -20.01921    81.28102
 1356    274    29.80304   -20.01921    81.28102
 1357    274    29.87830   -20.01921    81.28102
 1358    274    29.95356   -20.01921    81.28102
 1361    274    30.17934   -20.01921    81.28102
 1362    274    30.25460   -20.01921    81.28102
 1363    274    30.32986   -20.01921    81.28102
 1364    274    30.40512   -20.01921    81.28102
 1365    274    30.48038   -20.01921    81.28102
 1366    274    30.55564   -20.01921    81.28102
 1775    274    61.33707   -20.01921    81.28102
 1776    274    61.41233   -20.01921    81.28102
 1777    274    61.48759   -20.01921    81.28102
 1778    274    61.56285   -20.01921    81.28102
 1779    274    61.63811   -20.01921    81.28102
 1780    274    61.71337   -20.01921    81.28102
 1781    274    61.78863   -20.01921    81.28102
 1782    274    61.86389   -20.01921    81.28102
 1783    274    61.93915   -20.01921    81.28102
 1784    274    62.01441   -20.01921    81.28102
 1785    274    62.08967   -20.01921    81.28102
 1786    274    62.16493   -20.01921    81.28102
 1787    274    62.24019   -20.01921    81.28102
 1788    274    62.31545   -20.01921    81.28102
 1791    274    62.54123   -20.01921    81.28102
 1792    274    62.61649   -20.01921    81.28102
 1793    274    62.69175   -20.01921    81.28102
 1794    274    62.76701   -20.01921    81.28102
 1795    274    62.84227   -20.01921    81.28102
 1796    274    62.91753   -20.01921    81.28102
 1797    274    62.99279   -20.01921    81.28102
 1798    274    63.06805   -20.01921    81.28102
 1799    274    63.14331   -20.01921    81.28102
 1800    274    63.21857   -20.01921    81.28102
 1801    274    63.29383   -20.01921    81.28102
 1802    274    63.36909   -20.01921    81.28102
 1803    274    63.44435   -20.01921    81.28102
  984    275     1.73217   -19.12608    77.94780
  985    275     1.80435   -19.12608    77.94780
  986    275     1.87652   -19.12608    77.94780
  987    275     1.94870   -19.12608    77.94780
  988    275     2.02087   -19.12608    77.94780
  989    275     2.09304   -19.12608    77.94780
  990    275     2.16522   -19.12608    77.94780
  991    275     2.23739   -19.12608    77.94780
  997    275     2.67043   -19.12608    77.94780
  998    275     2.74261   -19.12608    77.94780
  999    275     2.81478   -19.12608    77.94780
 1000    275     2.88696   -19.12608    77.94780
 1001    275     2.95913   -19.12608    77.94780
 1002    275     3.03130   -19.12608    77.94780
 1003    275     3.10348   -19.12608    77.94780
 1004    275     3.17565   -19.12608    77.94780
 1005    275     3.24783   -19.12608    77.94780
 1067    275     7.72261   -19.12608    77.94780
 1068    275     7.79478   -19.12608    77.94780
 1069    275     7.86695   -19.12608    77.94780
 1070    275     7.93913   -19.12608    77.94780
 1071    275     8.01130   -19.12608    77.94780
 1072    275     8.08348   -19.12608    77.94780
 1073    275     8.15565   -19.12608    77.94780
 1074    275     8.22782   -19.12608    77.94780
 1075    275     8.30000   -19.12608    77.94780
 1076    275     8.37217   -19.12608    77.94780
 1077    275     8.44435   -19.12608    77.94780
 1078    275     8.51652   -19.12608    77.94780
 1079    275     8.58869   -19.12608    77.94780
 1080    275     8.66087   -19.12608    77.94780
 1081    275     8.73304   -19.12608    77.94780
 1082    275     8.80521   -19.12608    77.94780
 1083    275     8.87739   -19.12608    77.94780
 1214    275    18.33217   -19.12608    77.94780
 1215    275    18.40434   -19.12608    77.94780
 1216    275    18.47652   -19.12608    77.94780
 1217    275    18.54869   -19.12608    77.94780
 1218    275    18.62086   -19.12608    77.94780
 1219    275    18.69304   -19.12608    77.94780
 1224    275    19.05391   -19.12608    77.94780
 1225    275    19.12608   -19.12608    77.94780
 1226    275    19.19825   -19.12608    77.94780
 1227    275    19.27043   -19.12608    77.94780
 1228    275    19.34260   -19.12608    77.94780
 1229    275    19.41478   -19.12608    77.94780
 1242    275    20.35304   -19.12608    77.94780
 1243    275    20.42521   -19.12608    77.94780
 1244    275    20.49738   -19.12608    77.94780
 1245    275    20.56956   -19.12608    77.94780
 1246    275    20.64173   -19.12608    77.94780
 1247    275    20.71391   -19.12608    77.94780
 1248    275    20.78608   -19.12608    77.94780
 1262    275    21.79651   -19.12608    77.94780
 1263    275    21.86869   -19.12608    77.94780
 1264    275    21.94086   -19.12608    77.94780
 1267    275    22.15738   -19.12608    77.94780
 1268    275    22.22956   -19.12608    77.94780
 1269    275    22.30173   -19.12608    77.94780
 1270    275    22.37391   -19.12608    77.94780
 1271    275    22.44608   -19.12608    77.94780
 1272    275    22.51825   -19.12608    77.94780
 1273    275    22.59043   -19.12608    77.94780
 1274    275    22.66260   -19.12608    77.94780
 1275    275    22.73478   -19.12608    77.94780
 1276    275    22.80695   -19.12608    77.94780
 1277    275    22.87912   -19.12608    77.94780
 1278    275    22.95130   -19.12608    77.94780
 1279    275    23.02347   -19.12608    77.94780
 1280    275    23.09564   -19.12608    77.94780
 1311    275    25.33304   -19.12608    77.94780
 1312    275    25.40521   -19.12608    77.94780
 1313    275    25.47738   -19.12608    77.94780
 1314    275    25.54956   -19.12608    77.94780
 1315    275    25.62173   -19.12608    77.94780
 1316    275    25.69390   -19.12608    77.94780
 1317    275    25.76608   -19.12608    77.94780
 1318    275    25.83825   -19.12608    77.94780
 1319    275    25.91043   -19.12608    77.94780
 1320    275    25.98260   -19.12608    77.94780
 1321    275    26.05477   -19.12608    77.94780
 1322    275    26.12695   -19.12608    77.94780
 1347    275    27.93130   -19.12608    77.94780
 1348    275    28.00347   -19.12608    77.94780
 1349    275    28.07564   -19.12608    77.94780
 1350    275    28.14782   -19.12608    77.94780
 1355    275    28.50869   -19.12608    77.94780
 1356    275    28.58086   -19.12608    77.94780
 1357    275    28.65303   -19.12608    77.94780
 1358    275    28.72521   -19.12608    77.94780
 1359    275    28.79738   -19.12608    77.94780
 1360    275    28.86956   -19.12608    77.94780
 1361    275    28.94173   -19.12608    77.94780
 1362    275    29.01390   -19.12608    77.94780
 1363    275    29.08608   -19.12608    77.94780
 1364    275    29.15825   -19.12608    77.94780
 1365    275    29.23043   -19.12608    77.94780
 1366    275    29.30260   -19.12608    77.94780
 1367    275    29.37477   -19.12608    77.94780
 1779    275    59.11042   -19.12608    77.94780
 1780    275    59.18259   -19.12608    77.94780
 1781    275    59.25476   -19.12608    77.94780
 1782    275    59.32694   -19.12608    77.94780
 1783    275    59.39911   -19.12608    77.94780
 1784    275    59.47128   -19.12608    77.94780
 1785    275    59.54346   -19.12608    77.94780
 1786    275    59.61563   -19.12608    77.94780
 1787    275    59.68781   -19.12608    77.94780
 1788    275    59.75998   -19.12608    77.94780
 1789    275    59.83215   -19.12608    77.94780
 1790    275    59.90433   -19.12608    77.94780
 1791    275    59.97650   -19.12608    77.94780
 1795    275    60.26520   -19.12608    77.94780
 1796    275    60.33737   -19.12608    77.94780
 1797    275    60.40955   -19.12608    77.94780
 1798    275    60.48172   -19.12608    77.94780
 1799    275    60.55389   -19.12608    77.94780
 1800    275    60.62607   -19.12608    77.94780
 1801    275    60.69824   -19.12608    77.94780
 1802    275    60.77041   -19.12608    77.94780
 1803    275    60.84259   -19.12608    77.94780
 1804    275    60.91476   -19.12608    77.94780
 1805    275    60.98694   -19.12608    77.94780
 1806    275    61.05911   -19.12608    77.94780
  983    276     1.59461   -18.30331    74.87719
  984    276     1.66394   -18.30331    74.87719
  985    276     1.73327   -18.30331    74.87719
  986    276     1.80260   -18.30331    74.87719
  987    276     1.87193   -18.30331    74.87719
  988    276     1.94126   -18.30331    74.87719
  989    276     2.01059   -18.30331    74.87719
  990    276     2.07992   -18.30331    74.87719
  996    276     2.49591   -18.30331    74.87719
  997    276     2.56524   -18.30331    74.87719
  998    276     2.63457   -18.30331    74.87719
  999    276     2.70390   -18.30331    74.87719
 1000    276     2.77323   -18.30331    74.87719
 1001    276     2.84256   -18.30331    74.87719
 1002    276     2.91189   -18.30331    74.87719
 1003    276     2.98122   -18.30331    74.87719
 1004    276     3.05055   -18.30331    74.87719
 1067    276     7.41839   -18.30331    74.87719
 1068    276     7.48772   -18.30331    74.87719
 1069    276     7.55705   -18.30331    74.87719
 1070    276     7.62638   -18.30331    74.87719
 1071    276     7.69571   -18.30331    74.87719
 1072    276     7.76504   -18.30331    74.87719
 1073    276     7.83437   -18.30331    74.87719
 1074    276     7.90370   -18.30331    74.87719
 1075    276     7.97303   -18.30331    74.87719
 1076    276     8.04236   -18.30331    74.87719
 1077    276     8.11170   -18.30331    74.87719
 1078    276     8.18103   -18.30331    74.87719
 1079    276     8.25036   -18.30331    74.87719
 1080    276     8.31969   -18.30331    74.87719
 1081    276     8.38902   -18.30331    74.87719
 1082    276     8.45835   -18.30331    74.87719
 1083    276     8.52768   -18.30331    74.87719
 1084    276     8.59701   -18.30331    74.87719
 1095    276     9.35965   -18.30331    74.87719
 1096    276     9.42898   -18.30331    74.87719
 1097    276     9.49831   -18.30331    74.87719
 1098    276     9.56764   -18.30331    74.87719
 1099    276     9.63697   -18.30331    74.87719
 1117    276    10.88493   -18.30331    74.87719
 1118    276    10.95426   -18.30331    74.87719
 1119    276    11.02359   -18.30331    74.87719
 1120    276    11.09292   -18.30331    74.87719
 1214    276    17.61001   -18.30331    74.87719
 1215    276    17.67934   -18.30331    74.87719
 1216    276    17.74867   -18.30331    74.87719
 1217    276    17.81800   -18.30331    74.87719
 1218    276    17.88733   -18.30331    74.87719
 1219    276    17.95666   -18.30331    74.87719
 1224    276    18.30331   -18.30331    74.87719
 1225    276    18.37264   -18.30331    74.87719
 1226    276    18.44197   -18.30331    74.87719
 1227    276    18.51131   -18.30331    74.87719
 1228    276    18.58064   -18.30331    74.87719
 1229    276    18.64997   -18.30331    74.87719
 1242    276    19.55127   -18.30331    74.87719
 1243    276    19.62060   -18.30331    74.87719
 1244    276    19.68993   -18.30331    74.87719
 1245    276    19.75926   -18.30331    74.87719
 1246    276    19.82859   -18.30331    74.87719
 1247    276    19.89792   -18.30331    74.87719
 1261    276    20.86855   -18.30331    74.87719
 1262    276    20.93788   -18.30331    74.87719
 1263    276    21.00721   -18.30331    74.87719
 1264    276    21.07654   -18.30331    74.87719
 1266    276    21.21520   -18.30331    74.87719
 1268    276    21.35387   -18.30331    74.87719
 1269    276    21.42320   -18.30331    74.87719
 1270    276    21.49253   -18.30331    74.87719
 1271    276    21.56186   -18.30331    74.87719
 1272    276    21.63119   -18.30331    74.87719
 1273    276    21.70052   -18.30331    74.87719
 1274    276    21.76985   -18.30331    74.87719
 1275    276    21.83918   -18.30331    74.87719
 1276    276    21.90851   -18.30331    74.87719
 1277    276    21.97784   -18.30331    74.87719
 1278    276    22.04717   -18.30331    74.87719
 1279    276    22.11650   -18.30331    74.87719
 1280    276    22.18583   -18.30331    74.87719
 1312    276    24.40442   -18.30331    74.87719
 1313    276    24.47375   -18.30331    74.87719
 1314    276    24.54308   -18.30331    74.87719
 1315    276    24.61241   -18.30331    74.87719
 1316    276    24.68174   -18.30331    74.87719
 1317    276    24.75107   -18.30331    74.87719
 1318    276    24.82040   -18.30331    74.87719
 1319    276    24.88973   -18.30331    74.87719
 1320    276    24.95906   -18.30331    74.87719
 1321    276    25.02839   -18.30331    74.87719
 1322    276    25.09773   -18.30331    74.87719
 1323    276    25.16706   -18.30331    74.87719
 1345    276    26.69233   -18.30331    74.87719
 1346    276    26.76166   -18.30331    74.87719
 1347    276    26.83099   -18.30331    74.87719
 1348    276    26.90032   -18.30331    74.87719
 1349    276    26.96965   -18.30331    74.87719
 1350    276    27.03899   -18.30331    74.87719
 1351    276    27.10832   -18.30331    74.87719
 1356    276    27.45497   -18.30331    74.87719
 1357    276    27.52430   -18.30331    74.87719
 1358    276    27.59363   -18.30331    74.87719
 1359    276    27.66296   -18.30331    74.87719
 1360    276    27.73229   -18.30331    74.87719
 1361    276    27.80162   -18.30331    74.87719
 1362    276    27.87095   -18.30331    74.87719
 1363    276    27.94029   -18.30331    74.87719
 1364    276    28.00962   -18.30331    74.87719
 1365    276    28.07895   -18.30331    74.87719
 1366    276    28.14828   -18.30331    74.87719
 1367    276    28.21761   -18.30331    74.87719
 1781    276    56.92053   -18.30331    74.87719
 1782    276    56.98986   -18.30331    74.87719
 1783    276    57.05919   -18.30331    74.87719
 1784    276    57.12852   -18.30331    74.87719
 1785    276    57.19785   -18.30331    74.87719
 1786    276    57.26719   -18.30331    74.87719
 1787    276    57.33652   -18.30331    74.87719
 1788    276    57.40585   -18.30331    74.87719
 1789    276    57.47518   -18.30331    74.87719
 1790    276    57.54451   -18.30331    74.87719
 1791    276    57.61384   -18.30331    74.87719
 1792    276    57.68317   -18.30331    74.87719
 1793    276    57.75250   -18.30331    74.87719
 1794    276    57.82183   -18.30331    74.87719
 1797    276    58.02982   -18.30331    74.87719
 1798    276    58.09915   -18.30331    74.87719
 1799    276    58.16848   -18.30331    74.87719
 1800    276    58.23782   -18.30331    74.87719
 1801    276    58.30715   -18.30331    74.87719
 1802    276    58.37648   -18.30331    74.87719
 1803    276    58.44581   -18.30331    74.87719
 1804    276    58.51514   -18.30331    74.87719
 1805    276    58.58447   -18.30331    74.87719
 1806    276    58.65380   -18.30331    74.87719
 1807    276    58.72313   -18.30331    74.87719
 1808    276    58.79246   -18.30331    74.87719
 1809    276    58.86179   -18.30331    74.87719
  983    277     1.53417   -17.54291    72.03934
  984    277     1.60087   -17.54291    72.03934
  985    277     1.66758   -17.54291    72.03934
  986    277     1.73428   -17.54291    72.03934
  987    277     1.80098   -17.54291    72.03934
  988    277     1.86769   -17.54291    72.03934
  989    277     1.93439   -17.54291    72.03934
  990    277     2.00109   -17.54291    72.03934
  995    277     2.33461   -17.54291    72.03934
  996    277     2.40131   -17.54291    72.03934
  997    277     2.46801   -17.54291    72.03934
  998    277     2.53472   -17.54291    72.03934
  999    277     2.60142   -17.54291    72.03934
 1000    277     2.66812   -17.54291    72.03934
 1001    277     2.73483   -17.54291    72.03934
 1002    277     2.80153   -17.54291    72.03934
 1003    277     2.86823   -17.54291    72.03934
 1067    277     7.13723   -17.54291    72.03934
 1068    277     7.20393   -17.54291    72.03934
 1071    277     7.40404   -17.54291    72.03934
 1072    277     7.47075   -17.54291    72.03934
 1075    277     7.67086   -17.54291    72.03934
 1076    277     7.73756   -17.54291    72.03934
 1077    277     7.80426   -17.54291    72.03934
 1078    277     7.87096   -17.54291    72.03934
 1079    277     7.93767   -17.54291    72.03934
 1080    277     8.00437   -17.54291    72.03934
 1081    277     8.07107   -17.54291    72.03934
 1082    277     8.13778   -17.54291    72.03934
 1083    277     8.20448   -17.54291    72.03934
 1084    277     8.27118   -17.54291    72.03934
 1085    277     8.33789   -17.54291    72.03934
 1086    277     8.40459   -17.54291    72.03934
 1087    277     8.47129   -17.54291    72.03934
 1088    277     8.53800   -17.54291    72.03934
 1089    277     8.60470   -17.54291    72.03934
 1090    277     8.67140   -17.54291    72.03934
 1091    277     8.73810   -17.54291    72.03934
 1092    277     8.80481   -17.54291    72.03934
 1093    277     8.87151   -17.54291    72.03934
 1094    277     8.93821   -17.54291    72.03934
 1095    277     9.00492   -17.54291    72.03934
 1096    277     9.07162   -17.54291    72.03934
 1097    277     9.13832   -17.54291    72.03934
 1098    277     9.20503   -17.54291    72.03934
 1099    277     9.27173   -17.54291    72.03934
 1100    277     9.33843   -17.54291    72.03934
 1101    277     9.40514   -17.54291    72.03934
 1116    277    10.40568   -17.54291    72.03934
 1117    277    10.47238   -17.54291    72.03934
 1118    277    10.53909   -17.54291    72.03934
 1119    277    10.60579   -17.54291    72.03934
 1120    277    10.67249   -17.54291    72.03934
 1121    277    10.73920   -17.54291    72.03934
 1215    277    17.00929   -17.54291    72.03934
 1216    277    17.07599   -17.54291    72.03934
 1217    277    17.14269   -17.54291    72.03934
 1218    277    17.20940   -17.54291    72.03934
 1225    277    17.67632   -17.54291    72.03934
 1226    277    17.74302   -17.54291    72.03934
 1227    277    17.80972   -17.54291    72.03934
 1228    277    17.87643   -17.54291    72.03934
 1229    277    17.94313   -17.54291    72.03934
 1242    277    18.81027   -17.54291    72.03934
 1243    277    18.87697   -17.54291    72.03934
 1244    277    18.94368   -17.54291    72.03934
 1245    277    19.01038   -17.54291    72.03934
 1246    277    19.07708   -17.54291    72.03934
 1261    277    20.07763   -17.54291    72.03934
 1262    277    20.14433   -17.54291    72.03934
 1263    277    20.21104   -17.54291    72.03934
 1264    277    20.27774   -17.54291    72.03934
 1265    277    20.34444   -17.54291    72.03934
 1266    277    20.41114   -17.54291    72.03934
 1267    277    20.47785   -17.54291    72.03934
 1269    277    20.61125   -17.54291    72.03934
 1270    277    20.67796   -17.54291    72.03934
 1271    277    20.74466   -17.54291    72.03934
 1272    277    20.81136   -17.54291    72.03934
 1273    277    20.87807   -17.54291    72.03934
 1274    277    20.94477   -17.54291    72.03934
 1276    277    21.07818   -17.54291    72.03934
 1277    277    21.14488   -17.54291    72.03934
 1278    277    21.21158   -17.54291    72.03934
 1279    277    21.27829   -17.54291    72.03934
 1313    277    23.54619   -17.54291    72.03934
 1314    277    23.61289   -17.54291    72.03934
 1315    277    23.67960   -17.54291    72.03934
 1316    277    23.74630   -17.54291    72.03934
 1317    277    23.81300   -17.54291    72.03934
 1318    277    23.87971   -17.54291    72.03934
 1319    277    23.94641   -17.54291    72.03934
 1320    277    24.01311   -17.54291    72.03934
 1321    277    24.07981   -17.54291    72.03934
 1322    277    24.14652   -17.54291    72.03934
 1323    277    24.21322   -17.54291    72.03934
 1344    277    25.61399   -17.54291    72.03934
 1345    277    25.68069   -17.54291    72.03934
 1346    277    25.74739   -17.54291    72.03934
 1347    277    25.81410   -17.54291    72.03934
 1348    277    25.88080   -17.54291    72.03934
 1349    277    25.94750   -17.54291    72.03934
 1350    277    26.01420   -17.54291    72.03934
 1351    277    26.08091   -17.54291    72.03934
 1352    277    26.14761   -17.54291    72.03934
 1358    277    26.54783   -17.54291    72.03934
 1359    277    26.61453   -17.54291    72.03934
 1360    277    26.68124   -17.54291    72.03934
 1361    277    26.74794   -17.54291    72.03934
 1362    277    26.81464   -17.54291    72.03934
 1363    277    26.88134   -17.54291    72.03934
 1364    277    26.94805   -17.54291    72.03934
 1365    277    27.01475   -17.54291    72.03934
 1366    277    27.08145   -17.54291    72.03934
 1367    277    27.14816   -17.54291    72.03934
 1784    277    54.96334   -17.54291    72.03934
 1785    277    55.03005   -17.54291    72.03934
 1786    277    55.09675   -17.54291    72.03934
 1787    277    55.16345   -17.54291    72.03934
 1788    277    55.23016   -17.54291    72.03934
 1789    277    55.29686   -17.54291    72.03934
 1790    277    55.36356   -17.54291    72.03934
 1791    277    55.43027   -17.54291    72.03934
 1792    277    55.49697   -17.54291    72.03934
 1793    277    55.56367   -17.54291    72.03934
 1794    277    55.63038   -17.54291    72.03934
 1795    277    55.69708   -17.54291    72.03934
 1796    277    55.76378   -17.54291    72.03934
 1797    277    55.83048   -17.54291    72.03934
 1799    277    55.96389   -17.54291    72.03934
 1800    277    56.03059   -17.54291    72.03934
 1801    277    56.09730   -17.54291    72.03934
 1802    277    56.16400   -17.54291    72.03934
 1803    277    56.23070   -17.54291    72.03934
 1804    277    56.29741   -17.54291    72.03934
 1805    277    56.36411   -17.54291    72.03934
 1806    277    56.43081   -17.54291    72.03934
 1807    277    56.49752   -17.54291    72.03934
 1808    277    56.56422   -17.54291    72.03934
 1809    277    56.63092   -17.54291    72.03934
 1810    277    56.69762   -17.54291    72.03934
 1811    277    56.76433   -17.54291    72.03934
 1812    277    56.83103   -17.54291    72.03934
  981    278     1.34961   -16.83804    69.40873
  982    278     1.41388   -16.83804    69.40873
  983    278     1.47815   -16.83804    69.40873
  984    278     1.54242   -16.83804    69.40873
  985    278     1.60668   -16.83804    69.40873
  986    278     1.67095   -16.83804    69.40873
  987    278     1.73522   -16.83804    69.40873
  988    278     1.79949   -16.83804    69.40873
  995    278     2.24936   -16.83804    69.40873
  996    278     2.31362   -16.83804    69.40873
  997    278     2.37789   -16.83804    69.40873
  998    278     2.44216   -16.83804    69.40873
  999    278     2.50643   -16.83804    69.40873
 1000    278     2.57069   -16.83804    69.40873
 1001    278     2.63496   -16.83804    69.40873
 1002    278     2.69923   -16.83804    69.40873
 1066    278     6.81234   -16.83804    69.40873
 1067    278     6.87661   -16.83804    69.40873
 1068    278     6.94087   -16.83804    69.40873
 1078    278     7.58355   -16.83804    69.40873
 1079    278     7.64781   -16.83804    69.40873
 1080    278     7.71208   -16.83804    69.40873
 1081    278     7.77635   -16.83804    69.40873
 1082    278     7.84062   -16.83804    69.40873
 1083    278     7.90488   -16.83804    69.40873
 1084    278     7.96915   -16.83804    69.40873
 1085    278     8.03342   -16.83804    69.40873
 1086    278     8.09769   -16.83804    69.40873
 1087    278     8.16195   -16.83804    69.40873
 1088    278     8.22622   -16.83804    69.40873
 1089    278     8.29049   -16.83804    69.40873
 1090    278     8.35476   -16.83804    69.40873
 1091    278     8.41902   -16.83804    69.40873
 1092    278     8.48329   -16.83804    69.40873
 1093    278     8.54756   -16.83804    69.40873
 1094    278     8.61182   -16.83804    69.40873
 1095    278     8.67609   -16.83804    69.40873
 1096    278     8.74036   -16.83804    69.40873
 1097    278     8.80463   -16.83804    69.40873
 1098    278     8.86889   -16.83804    69.40873
 1099    278     8.93316   -16.83804    69.40873
 1100    278     8.99743   -16.83804    69.40873
 1101    278     9.06170   -16.83804    69.40873
 1102    278     9.12596   -16.83804    69.40873
 1103    278     9.19023   -16.83804    69.40873
 1104    278     9.25450   -16.83804    69.40873
 1105    278     9.31877   -16.83804    69.40873
 1106    278     9.38303   -16.83804    69.40873
 1116    278    10.02571   -16.83804    69.40873
 1117    278    10.08997   -16.83804    69.40873
 1118    278    10.15424   -16.83804    69.40873
 1119    278    10.21851   -16.83804    69.40873
 1120    278    10.28278   -16.83804    69.40873
 1121    278    10.34704   -16.83804    69.40873
 1147    278    12.01799   -16.83804    69.40873
 1148    278    12.08226   -16.83804    69.40873
 1149    278    12.14653   -16.83804    69.40873
 1150    278    12.21080   -16.83804    69.40873
 1225    278    17.03085   -16.83804    69.40873
 1226    278    17.09511   -16.83804    69.40873
 1227    278    17.15938   -16.83804    69.40873
 1228    278    17.22365   -16.83804    69.40873
 1229    278    17.28792   -16.83804    69.40873
 1230    278    17.35218   -16.83804    69.40873
 1241    278    18.05912   -16.83804    69.40873
 1242    278    18.12339   -16.83804    69.40873
 1243    278    18.18766   -16.83804    69.40873
 1244    278    18.25193   -16.83804    69.40873
 1245    278    18.31619   -16.83804    69.40873
 1246    278    18.38046   -16.83804    69.40873
 1261    278    19.34447   -16.83804    69.40873
 1262    278    19.40874   -16.83804    69.40873
 1263    278    19.47301   -16.83804    69.40873
 1264    278    19.53727   -16.83804    69.40873
 1265    278    19.60154   -16.83804    69.40873
 1266    278    19.66581   -16.83804    69.40873
 1267    278    19.73008   -16.83804    69.40873
 1268    278    19.79434   -16.83804    69.40873
 1269    278    19.85861   -16.83804    69.40873
 1270    278    19.92288   -16.83804    69.40873
 1271    278    19.98714   -16.83804    69.40873
 1272    278    20.05141   -16.83804    69.40873
 1273    278    20.11568   -16.83804    69.40873
 1274    278    20.17995   -16.83804    69.40873
 1275    278    20.24421   -16.83804    69.40873
 1276    278    20.30848   -16.83804    69.40873
 1277    278    20.37275   -16.83804    69.40873
 1278    278    20.43702   -16.83804    69.40873
 1279    278    20.50128   -16.83804    69.40873
 1316    278    22.87918   -16.83804    69.40873
 1317    278    22.94344   -16.83804    69.40873
 1318    278    23.00771   -16.83804    69.40873
 1319    278    23.07198   -16.83804    69.40873
 1320    278    23.13624   -16.83804    69.40873
 1321    278    23.20051   -16.83804    69.40873
 1322    278    23.26478   -16.83804    69.40873
 1323    278    23.32905   -16.83804    69.40873
 1344    278    24.67866   -16.83804    69.40873
 1345    278    24.74293   -16.83804    69.40873
 1346    278    24.80720   -16.83804    69.40873
 1347    278    24.87146   -16.83804    69.40873
 1348    278    24.93573   -16.83804    69.40873
 1349    278    25.00000   -16.83804    69.40873
 1350    278    25.06427   -16.83804    69.40873
 1351    278    25.12853   -16.83804    69.40873
 1352    278    25.19280   -16.83804    69.40873
 1359    278    25.64267   -16.83804    69.40873
 1360    278    25.70694   -16.83804    69.40873
 1361    278    25.77121   -16.83804    69.40873
 1362    278    25.83547   -16.83804    69.40873
 1363    278    25.89974   -16.83804    69.40873
 1364    278    25.96401   -16.83804    69.40873
 1365    278    26.02828   -16.83804    69.40873
 1366    278    26.09254   -16.83804    69.40873
 1367    278    26.15681   -16.83804    69.40873
 1368    278    26.22108   -16.83804    69.40873
 1787    278    53.14910   -16.83804    69.40873
 1788    278    53.21336   -16.83804    69.40873
 1789    278    53.27763   -16.83804    69.40873
 1790    278    53.34190   -16.83804    69.40873
 1791    278    53.40617   -16.83804    69.40873
 1792    278    53.47043   -16.83804    69.40873
 1793    278    53.53470   -16.83804    69.40873
 1794    278    53.59897   -16.83804    69.40873
 1795    278    53.66323   -16.83804    69.40873
 1796    278    53.72750   -16.83804    69.40873
 1797    278    53.79177   -16.83804    69.40873
 1798    278    53.85604   -16.83804    69.40873
 1799    278    53.92030   -16.83804    69.40873
 1802    278    54.11311   -16.83804    69.40873
 1803    278    54.17737   -16.83804    69.40873
 1804    278    54.24164   -16.83804    69.40873
 1805    278    54.30591   -16.83804    69.40873
 1806    278    54.37018   -16.83804    69.40873
 1807    278    54.43444   -16.83804    69.40873
 1808    278    54.49871   -16.83804    69.40873
 1809    278    54.56298   -16.83804    69.40873
 1810    278    54.62724   -16.83804    69.40873
 1811    278    54.69151   -16.83804    69.40873
 1812    278    54.75578   -16.83804    69.40873
 1813    278    54.82005   -16.83804    69.40873
 1814    278    54.88431   -16.83804    69.40873
  980    279     1.24006   -16.18284    66.96348
  981    279     1.30207   -16.18284    66.96348
  982    279     1.36407   -16.18284    66.96348
  983    279     1.42607   -16.18284    66.96348
  984    279     1.48808   -16.18284    66.96348
  985    279     1.55008   -16.18284    66.96348
  986    279     1.61208   -16.18284    66.96348
  987    279     1.67409   -16.18284    66.96348
  994    279     2.10811   -16.18284    66.96348
  995    279     2.17011   -16.18284    66.96348
  996    279     2.23212   -16.18284    66.96348
  997    279     2.29412   -16.18284    66.96348
  998    279     2.35612   -16.18284    66.96348
  999    279     2.41813   -16.18284    66.96348
 1000    279     2.48013   -16.18284    66.96348
 1001    279     2.54213   -16.18284    66.96348
 1066    279     6.57234   -16.18284    66.96348
 1067    279     6.63435   -16.18284    66.96348
 1068    279     6.69635   -16.18284    66.96348
 1078    279     7.31638   -16.18284    66.96348
 1079    279     7.37838   -16.18284    66.96348
 1080    279     7.44039   -16.18284    66.96348
 1081    279     7.50239   -16.18284    66.96348
 1082    279     7.56439   -16.18284    66.96348
 1083    279     7.62640   -16.18284    66.96348
 1084    279     7.68840   -16.18284    66.96348
 1085    279     7.75040   -16.18284    66.96348
 1086    279     7.81241   -16.18284    66.96348
 1087    279     7.87441   -16.18284    66.96348
 1088    279     7.93641   -16.18284    66.96348
 1089    279     7.99842   -16.18284    66.96348
 1090    279     8.06042   -16.18284    66.96348
 1091    279     8.12242   -16.18284    66.96348
 1092    279     8.18443   -16.18284    66.96348
 1093    279     8.24643   -16.18284    66.96348
 1094    279     8.30843   -16.18284    66.96348
 1095    279     8.37044   -16.18284    66.96348
 1096    279     8.43244   -16.18284    66.96348
 1097    279     8.49444   -16.18284    66.96348
 1098    279     8.55645   -16.18284    66.96348
 1099    279     8.61845   -16.18284    66.96348
 1100    279     8.68045   -16.18284    66.96348
 1101    279     8.74245   -16.18284    66.96348
 1102    279     8.80446   -16.18284    66.96348
 1103    279     8.86646   -16.18284    66.96348
 1104    279     8.92846   -16.18284    66.96348
 1105    279     8.99047   -16.18284    66.96348
 1106    279     9.05247   -16.18284    66.96348
 1107    279     9.11447   -16.18284    66.96348
 1116    279     9.67250   -16.18284    66.96348
 1117    279     9.73451   -16.18284    66.96348
 1118    279     9.79651   -16.18284    66.96348
 1119    279     9.85851   -16.18284    66.96348
 1120    279     9.92052   -16.18284    66.96348
 1121    279     9.98252   -16.18284    66.96348
 1146    279    11.53260   -16.18284    66.96348
 1147    279    11.59460   -16.18284    66.96348
 1148    279    11.65661   -16.18284    66.96348
 1149    279    11.71861   -16.18284    66.96348
 1150    279    11.78061   -16.18284    66.96348
 1151    279    11.84262   -16.18284    66.96348
 1225    279    16.43085   -16.18284    66.96348
 1226    279    16.49286   -16.18284    66.96348
 1227    279    16.55486   -16.18284    66.96348
 1228    279    16.61686   -16.18284    66.96348
 1229    279    16.67887   -16.18284    66.96348
 1230    279    16.74087   -16.18284    66.96348
 1241    279    17.42291   -16.18284    66.96348
 1242    279    17.48491   -16.18284    66.96348
 1243    279    17.54691   -16.18284    66.96348
 1244    279    17.60892   -16.18284    66.96348
 1245    279    17.67092   -16.18284    66.96348
 1246    279    17.73292   -16.18284    66.96348
 1249    279    17.91893   -16.18284    66.96348
 1250    279    17.98094   -16.18284    66.96348
 1251    279    18.04294   -16.18284    66.96348
 1252    279    18.10494   -16.18284    66.96348
 1253    279    18.16695   -16.18284    66.96348
 1254    279    18.22895   -16.18284    66.96348
 1255    279    18.29095   -16.18284    66.96348
 1256    279    18.35296   -16.18284    66.96348
 1257    279    18.41496   -16.18284    66.96348
 1258    279    18.47696   -16.18284    66.96348
 1259    279    18.53896   -16.18284    66.96348
 1260    279    18.60097   -16.18284    66.96348
 1261    279    18.66297   -16.18284    66.96348
 1262    279    18.72497   -16.18284    66.96348
 1263    279    18.78698   -16.18284    66.96348
 1264    279    18.84898   -16.18284    66.96348
 1265    279    18.91098   -16.18284    66.96348
 1266    279    18.97299   -16.18284    66.96348
 1267    279    19.03499   -16.18284    66.96348
 1268    279    19.09699   -16.18284    66.96348
 1269    279    19.15900   -16.18284    66.96348
 1270    279    19.22100   -16.18284    66.96348
 1271    279    19.28300   -16.18284    66.96348
 1272    279    19.34501   -16.18284    66.96348
 1273    279    19.40701   -16.18284    66.96348
 1274    279    19.46901   -16.18284    66.96348
 1275    279    19.53102   -16.18284    66.96348
 1276    279    19.59302   -16.18284    66.96348
 1277    279    19.65502   -16.18284    66.96348
 1278    279    19.71703   -16.18284    66.96348
 1317    279    22.13515   -16.18284    66.96348
 1318    279    22.19716   -16.18284    66.96348
 1319    279    22.25916   -16.18284    66.96348
 1320    279    22.32116   -16.18284    66.96348
 1321    279    22.38316   -16.18284    66.96348
 1322    279    22.44517   -16.18284    66.96348
 1323    279    22.50717   -16.18284    66.96348
 1324    279    22.56917   -16.18284    66.96348
 1344    279    23.80924   -16.18284    66.96348
 1345    279    23.87124   -16.18284    66.96348
 1346    279    23.93325   -16.18284    66.96348
 1347    279    23.99525   -16.18284    66.96348
 1349    279    24.11926   -16.18284    66.96348
 1350    279    24.18126   -16.18284    66.96348
 1351    279    24.24326   -16.18284    66.96348
 1352    279    24.30526   -16.18284    66.96348
 1361    279    24.86329   -16.18284    66.96348
 1362    279    24.92530   -16.18284    66.96348
 1363    279    24.98730   -16.18284    66.96348
 1364    279    25.04930   -16.18284    66.96348
 1365    279    25.11131   -16.18284    66.96348
 1366    279    25.17331   -16.18284    66.96348
 1367    279    25.23531   -16.18284    66.96348
 1368    279    25.29732   -16.18284    66.96348
 1369    279    25.35932   -16.18284    66.96348
 1789    279    51.40067   -16.18284    66.96348
 1790    279    51.46268   -16.18284    66.96348
 1791    279    51.52468   -16.18284    66.96348
 1792    279    51.58668   -16.18284    66.96348
 1793    279    51.64869   -16.18284    66.96348
 1794    279    51.71069   -16.18284    66.96348
 1795    279    51.77269   -16.18284    66.96348
 1796    279    51.83470   -16.18284    66.96348
 1797    279    51.89670   -16.18284    66.96348
 1798    279    51.95870   -16.18284    66.96348
 1799    279    52.02071   -16.18284    66.96348
 1800    279    52.08271   -16.18284    66.96348
 1801    279    52.14471   -16.18284    66.96348
 1802    279    52.20672   -16.18284    66.96348
 1805    279    52.39273   -16.18284    66.96348
 1806    279    52.45473   -16.18284    66.96348
 1807    279    52.51673   -16.18284    66.96348
 1808    279    52.57874   -16.18284    66.96348
 1809    279    52.64074   -16.18284    66.96348
 1810    279    52.70274   -16.18284    66.96348
 1811    279    52.76475   -16.18284    66.96348
 1812    279    52.82675   -16.18284    66.96348
 1813    279    52.88875   -16.18284    66.96348
 1814    279    52.95076   -16.18284    66.96348
 1815    279    53.01276   -16.18284    66.96348
 1816    279    53.07476   -16.18284    66.96348
 1817    279    53.13677   -16.18284    66.96348
  979    280     1.13797   -15.57223    64.68466
  980    280     1.19786   -15.57223    64.68466
  981    280     1.25776   -15.57223    64.68466
  982    280     1.31765   -15.57223    64.68466
  983    280     1.37754   -15.57223    64.68466
  984    280     1.43744   -15.57223    64.68466
  985    280     1.49733   -15.57223    64.68466
  986    280     1.55722   -15.57223    64.68466
  987    280     1.61712   -15.57223    64.68466
  993    280     1.97648   -15.57223    64.68466
  994    280     2.03637   -15.57223    64.68466
  995    280     2.09626   -15.57223    64.68466
  996    280     2.15616   -15.57223    64.68466
  997    280     2.21605   -15.57223    64.68466
  998    280     2.27594   -15.57223    64.68466
  999    280     2.33584   -15.57223    64.68466
 1066    280     6.34868   -15.57223    64.68466
 1067    280     6.40857   -15.57223    64.68466
 1068    280     6.46847   -15.57223    64.68466
 1077    280     7.00751   -15.57223    64.68466
 1078    280     7.06740   -15.57223    64.68466
 1079    280     7.12729   -15.57223    64.68466
 1080    280     7.18718   -15.57223    64.68466
 1081    280     7.24708   -15.57223    64.68466
 1082    280     7.30697   -15.57223    64.68466
 1083    280     7.36686   -15.57223    64.68466
 1084    280     7.42676   -15.57223    64.68466
 1085    280     7.48665   -15.57223    64.68466
 1086    280     7.54654   -15.57223    64.68466
 1088    280     7.66633   -15.57223    64.68466
 1090    280     7.78612   -15.57223    64.68466
 1091    280     7.84601   -15.57223    64.68466
 1092    280     7.90590   -15.57223    64.68466
 1093    280     7.96580   -15.57223    64.68466
 1094    280     8.02569   -15.57223    64.68466
 1095    280     8.08558   -15.57223    64.68466
 1096    280     8.14548   -15.57223    64.68466
 1097    280     8.20537   -15.57223    64.68466
 1099    280     8.32516   -15.57223    64.68466
 1100    280     8.38505   -15.57223    64.68466
 1101    280     8.44494   -15.57223    64.68466
 1102    280     8.50484   -15.57223    64.68466
 1103    280     8.56473   -15.57223    64.68466
 1104    280     8.62462   -15.57223    64.68466
 1105    280     8.68451   -15.57223    64.68466
 1106    280     8.74441   -15.57223    64.68466
 1107    280     8.80430   -15.57223    64.68466
 1108    280     8.86419   -15.57223    64.68466
 1109    280     8.92409   -15.57223    64.68466
 1110    280     8.98398   -15.57223    64.68466
 1116    280     9.34334   -15.57223    64.68466
 1117    280     9.40323   -15.57223    64.68466
 1118    280     9.46313   -15.57223    64.68466
 1119    280     9.52302   -15.57223    64.68466
 1120    280     9.58291   -15.57223    64.68466
 1121    280     9.64281   -15.57223    64.68466
 1131    280    10.24174   -15.57223    64.68466
 1132    280    10.30163   -15.57223    64.68466
 1133    280    10.36152   -15.57223    64.68466
 1134    280    10.42142   -15.57223    64.68466
 1135    280    10.48131   -15.57223    64.68466
 1136    280    10.54120   -15.57223    64.68466
 1146    280    11.14014   -15.57223    64.68466
 1147    280    11.20003   -15.57223    64.68466
 1148    280    11.25992   -15.57223    64.68466
 1149    280    11.31982   -15.57223    64.68466
 1150    280    11.37971   -15.57223    64.68466
 1151    280    11.43960   -15.57223    64.68466
 1152    280    11.49950   -15.57223    64.68466
 1226    280    15.93159   -15.57223    64.68466
 1227    280    15.99149   -15.57223    64.68466
 1228    280    16.05138   -15.57223    64.68466
 1229    280    16.11127   -15.57223    64.68466
 1230    280    16.17117   -15.57223    64.68466
 1241    280    16.82999   -15.57223    64.68466
 1242    280    16.88988   -15.57223    64.68466
 1243    280    16.94978   -15.57223    64.68466
 1244    280    17.00967   -15.57223    64.68466
 1245    280    17.06956   -15.57223    64.68466
 1247    280    17.18935   -15.57223    64.68466
 1248    280    17.24924   -15.57223    64.68466
 1249    280    17.30914   -15.57223    64.68466
 1250    280    17.36903   -15.57223    64.68466
 1251    280    17.42892   -15.57223    64.68466
 1252    280    17.48882   -15.57223    64.68466
 1253    280    17.54871   -15.57223    64.68466
 1254    280    17.60860   -15.57223    64.68466
 1255    280    17.66850   -15.57223    64.68466
 1256    280    17.72839   -15.57223    64.68466
 1257    280    17.78828   -15.57223    64.68466
 1258    280    17.84818   -15.57223    64.68466
 1259    280    17.90807   -15.57223    64.68466
 1260    280    17.96796   -15.57223    64.68466
 1261    280    18.02785   -15.57223    64.68466
 1262    280    18.08775   -15.57223    64.68466
 1263    280    18.14764   -15.57223    64.68466
 1264    280    18.20753   -15.57223    64.68466
 1265    280    18.26743   -15.57223    64.68466
 1266    280    18.32732   -15.57223    64.68466
 1267    280    18.38721   -15.57223    64.68466
 1268    280    18.44711   -15.57223    64.68466
 1269    280    18.50700   -15.57223    64.68466
 1270    280    18.56689   -15.57223    64.68466
 1273    280    18.74657   -15.57223    64.68466
 1274    280    18.80647   -15.57223    64.68466
 1275    280    18.86636   -15.57223    64.68466
 1276    280    18.92625   -15.57223    64.68466
 1277    280    18.98615   -15.57223    64.68466
 1278    280    19.04604   -15.57223    64.68466
 1318    280    21.44177   -15.57223    64.68466
 1319    280    21.50166   -15.57223    64.68466
 1320    280    21.56155   -15.57223    64.68466
 1321    280    21.62145   -15.57223    64.68466
 1322    280    21.68134   -15.57223    64.68466
 1323    280    21.74123   -15.57223    64.68466
 1324    280    21.80113   -15.57223    64.68466
 1344    280    22.99899   -15.57223    64.68466
 1345    280    23.05888   -15.57223    64.68466
 1346    280    23.11878   -15.57223    64.68466
 1347    280    23.17867   -15.57223    64.68466
 1350    280    23.35835   -15.57223    64.68466
 1351    280    23.41824   -15.57223    64.68466
 1352    280    23.47814   -15.57223    64.68466
 1353    280    23.53803   -15.57223    64.68466
 1362    280    24.07707   -15.57223    64.68466
 1363    280    24.13696   -15.57223    64.68466
 1364    280    24.19686   -15.57223    64.68466
 1365    280    24.25675   -15.57223    64.68466
 1366    280    24.31664   -15.57223    64.68466
 1367    280    24.37653   -15.57223    64.68466
 1368    280    24.43643   -15.57223    64.68466
 1369    280    24.49632   -15.57223    64.68466
 1370    280    24.55621   -15.57223    64.68466
 1793    280    49.89104   -15.57223    64.68466
 1794    280    49.95093   -15.57223    64.68466
 1795    280    50.01083   -15.57223    64.68466
 1796    280    50.07072   -15.57223    64.68466
 1797    280    50.13061   -15.57223    64.68466
 1798    280    50.19051   -15.57223    64.68466
 1799    280    50.25040   -15.57223    64.68466
 1800    280    50.31029   -15.57223    64.68466
 1801    280    50.37019   -15.57223    64.68466
 1802    280    50.43008   -15.57223    64.68466
 1803    280    50.48997   -15.57223    64.68466
 1804    280    50.54987   -15.57223    64.68466
 1805    280    50.60976   -15.57223    64.68466
 1807    280    50.72955   -15.57223    64.68466
 1808    280    50.78944   -15.57223    64.68466
 1809    280    50.84933   -15.57223    64.68466
 1810    280    50.90922   -15.57223    64.68466
 1811    280    50.96912   -15.57223    64.68466
 1812    280    51.02901   -15.57223    64.68466
 1813    280    51.08890   -15.57223    64.68466
 1814    280    51.14880   -15.57223    64.68466
 1815    280    51.20869   -15.57223    64.68466
 1816    280    51.26858   -15.57223    64.68466
 1817    280    51.32848   -15.57223    64.68466
 1818    280    51.38837   -15.57223    64.68466
 1819    280    51.44826   -15.57223    64.68466
 1820    280    51.50816   -15.57223    64.68466
 1821    280    51.56805   -15.57223    64.68466
 1822    280    51.62794   -15.57223    64.68466
  979    281     1.10052   -15.00182    62.55584
  980    281     1.15844   -15.00182    62.55584
  981    281     1.21636   -15.00182    62.55584
  982    281     1.27429   -15.00182    62.55584
  983    281     1.33221   -15.00182    62.55584
  984    281     1.39013   -15.00182    62.55584
  985    281     1.44805   -15.00182    62.55584
  992    281     1.85351   -15.00182    62.55584
  993    281     1.91143   -15.00182    62.55584
  994    281     1.96935   -15.00182    62.55584
  995    281     2.02727   -15.00182    62.55584
  996    281     2.08519   -15.00182    62.55584
  997    281     2.14312   -15.00182    62.55584
  998    281     2.20104   -15.00182    62.55584
 1067    281     6.19766   -15.00182    62.55584
 1068    281     6.25558   -15.00182    62.55584
 1074    281     6.60312   -15.00182    62.55584
 1075    281     6.66104   -15.00182    62.55584
 1076    281     6.71896   -15.00182    62.55584
 1077    281     6.77688   -15.00182    62.55584
 1078    281     6.83480   -15.00182    62.55584
 1079    281     6.89273   -15.00182    62.55584
 1080    281     6.95065   -15.00182    62.55584
 1081    281     7.00857   -15.00182    62.55584
 1082    281     7.06649   -15.00182    62.55584
 1083    281     7.12441   -15.00182    62.55584
 1084    281     7.18234   -15.00182    62.55584
 1085    281     7.24026   -15.00182    62.55584
 1086    281     7.29818   -15.00182    62.55584
 1088    281     7.41402   -15.00182    62.55584
 1091    281     7.58779   -15.00182    62.55584
 1092    281     7.64571   -15.00182    62.55584
 1093    281     7.70364   -15.00182    62.55584
 1094    281     7.76156   -15.00182    62.55584
 1095    281     7.81948   -15.00182    62.55584
 1100    281     8.10909   -15.00182    62.55584
 1101    281     8.16701   -15.00182    62.55584
 1105    281     8.39870   -15.00182    62.55584
 1106    281     8.45662   -15.00182    62.55584
 1107    281     8.51454   -15.00182    62.55584
 1108    281     8.57247   -15.00182    62.55584
 1109    281     8.63039   -15.00182    62.55584
 1110    281     8.68831   -15.00182    62.55584
 1111    281     8.74623   -15.00182    62.55584
 1116    281     9.03584   -15.00182    62.55584
 1117    281     9.09377   -15.00182    62.55584
 1118    281     9.15169   -15.00182    62.55584
 1119    281     9.20961   -15.00182    62.55584
 1120    281     9.26753   -15.00182    62.55584
 1121    281     9.32545   -15.00182    62.55584
 1130    281     9.84675   -15.00182    62.55584
 1131    281     9.90467   -15.00182    62.55584
 1132    281     9.96260   -15.00182    62.55584
 1133    281    10.02052   -15.00182    62.55584
 1134    281    10.07844   -15.00182    62.55584
 1135    281    10.13636   -15.00182    62.55584
 1136    281    10.19428   -15.00182    62.55584
 1137    281    10.25221   -15.00182    62.55584
 1146    281    10.77351   -15.00182    62.55584
 1147    281    10.83143   -15.00182    62.55584
 1148    281    10.88935   -15.00182    62.55584
 1149    281    10.94727   -15.00182    62.55584
 1150    281    11.00519   -15.00182    62.55584
 1151    281    11.06312   -15.00182    62.55584
 1152    281    11.12104   -15.00182    62.55584
 1153    281    11.17896   -15.00182    62.55584
 1226    281    15.40727   -15.00182    62.55584
 1227    281    15.46519   -15.00182    62.55584
 1228    281    15.52311   -15.00182    62.55584
 1229    281    15.58104   -15.00182    62.55584
 1230    281    15.63896   -15.00182    62.55584
 1231    281    15.69688   -15.00182    62.55584
 1241    281    16.27610   -15.00182    62.55584
 1242    281    16.33402   -15.00182    62.55584
 1243    281    16.39195   -15.00182    62.55584
 1244    281    16.44987   -15.00182    62.55584
 1245    281    16.50779   -15.00182    62.55584
 1246    281    16.56571   -15.00182    62.55584
 1247    281    16.62363   -15.00182    62.55584
 1248    281    16.68156   -15.00182    62.55584
 1249    281    16.73948   -15.00182    62.55584
 1250    281    16.79740   -15.00182    62.55584
 1251    281    16.85532   -15.00182    62.55584
 1252    281    16.91324   -15.00182    62.55584
 1253    281    16.97117   -15.00182    62.55584
 1254    281    17.02909   -15.00182    62.55584
 1255    281    17.08701   -15.00182    62.55584
 1256    281    17.14493   -15.00182    62.55584
 1257    281    17.20285   -15.00182    62.55584
 1258    281    17.26078   -15.00182    62.55584
 1259    281    17.31870   -15.00182    62.55584
 1260    281    17.37662   -15.00182    62.55584
 1261    281    17.43454   -15.00182    62.55584
 1262    281    17.49247   -15.00182    62.55584
 1263    281    17.55039   -15.00182    62.55584
 1264    281    17.60831   -15.00182    62.55584
 1265    281    17.66623   -15.00182    62.55584
 1266    281    17.72415   -15.00182    62.55584
 1267    281    17.78208   -15.00182    62.55584
 1268    281    17.84000   -15.00182    62.55584
 1269    281    17.89792   -15.00182    62.55584
 1270    281    17.95584   -15.00182    62.55584
 1271    281    18.01376   -15.00182    62.55584
 1272    281    18.07169   -15.00182    62.55584
 1273    281    18.12961   -15.00182    62.55584
 1274    281    18.18753   -15.00182    62.55584
 1275    281    18.24545   -15.00182    62.55584
 1276    281    18.30337   -15.00182    62.55584
 1277    281    18.36130   -15.00182    62.55584
 1318    281    20.73610   -15.00182    62.55584
 1319    281    20.79402   -15.00182    62.55584
 1320    281    20.85195   -15.00182    62.55584
 1321    281    20.90987   -15.00182    62.55584
 1322    281    20.96779   -15.00182    62.55584
 1323    281    21.02571   -15.00182    62.55584
 1324    281    21.08363   -15.00182    62.55584
 1325    281    21.14156   -15.00182    62.55584
 1344    281    22.24207   -15.00182    62.55584
 1345    281    22.30000   -15.00182    62.55584
 1346    281    22.35792   -15.00182    62.55584
 1347    281    22.41584   -15.00182    62.55584
 1350    281    22.58961   -15.00182    62.55584
 1351    281    22.64753   -15.00182    62.55584
 1352    281    22.70545   -15.00182    62.55584
 1353    281    22.76337   -15.00182    62.55584
 1363    281    23.34259   -15.00182    62.55584
 1364    281    23.40052   -15.00182    62.55584
 1365    281    23.45844   -15.00182    62.55584
 1366    281    23.51636   -15.00182    62.55584
 1367    281    23.57428   -15.00182    62.55584
 1368    281    23.63220   -15.00182    62.55584
 1369    281    23.69013   -15.00182    62.55584
 1370    281    23.74805   -15.00182    62.55584
 1796    281    48.42285   -15.00182    62.55584
 1797    281    48.48077   -15.00182    62.55584
 1798    281    48.53869   -15.00182    62.55584
 1799    281    48.59662   -15.00182    62.55584
 1800    281    48.65454   -15.00182    62.55584
 1801    281    48.71246   -15.00182    62.55584
 1802    281    48.77038   -15.00182    62.55584
 1803    281    48.82831   -15.00182    62.55584
 1804    281    48.88623   -15.00182    62.55584
 1805    281    48.94415   -15.00182    62.55584
 1806    281    49.00207   -15.00182    62.55584
 1807    281    49.05999   -15.00182    62.55584
 1808    281    49.11792   -15.00182    62.55584
 1811    281    49.29168   -15.00182    62.55584
 1812    281    49.34960   -15.00182    62.55584
 1813    281    49.40753   -15.00182    62.55584
 1814    281    49.46545   -15.00182    62.55584
 1815    281    49.52337   -15.00182    62.55584
 1816    281    49.58129   -15.00182    62.55584
 1817    281    49.63921   -15.00182    62.55584
 1818    281    49.69714   -15.00182    62.55584
 1819    281    49.75506   -15.00182    62.55584
 1820    281    49.81298   -15.00182    62.55584
 1821    281    49.87090   -15.00182    62.55584
 1822    281    49.92882   -15.00182    62.55584
 1823    281    49.98675   -15.00182    62.55584
  978    282     1.00938   -14.46775    60.56267
  979    282     1.06545   -14.46775    60.56267
  980    282     1.12153   -14.46775    60.56267
  981    282     1.17761   -14.46775    60.56267
  982    282     1.23368   -14.46775    60.56267
  983    282     1.28976   -14.46775    60.56267
  984    282     1.34584   -14.46775    60.56267
  990    282     1.68230   -14.46775    60.56267
  991    282     1.73837   -14.46775    60.56267
  992    282     1.79445   -14.46775    60.56267
  993    282     1.85053   -14.46775    60.56267
  994    282     1.90660   -14.46775    60.56267
  995    282     1.96268   -14.46775    60.56267
  996    282     2.01876   -14.46775    60.56267
  997    282     2.07483   -14.46775    60.56267
  998    282     2.13091   -14.46775    60.56267
 1067    282     6.00019   -14.46775    60.56267
 1068    282     6.05627   -14.46775    60.56267
 1069    282     6.11234   -14.46775    60.56267
 1074    282     6.39273   -14.46775    60.56267
 1075    282     6.44880   -14.46775    60.56267
 1083    282     6.89741   -14.46775    60.56267
 1084    282     6.95349   -14.46775    60.56267
 1085    282     7.00957   -14.46775    60.56267
 1086    282     7.06564   -14.46775    60.56267
 1089    282     7.23387   -14.46775    60.56267
 1091    282     7.34603   -14.46775    60.56267
 1092    282     7.40210   -14.46775    60.56267
 1093    282     7.45818   -14.46775    60.56267
 1094    282     7.51426   -14.46775    60.56267
 1095    282     7.57033   -14.46775    60.56267
 1098    282     7.73856   -14.46775    60.56267
 1099    282     7.79464   -14.46775    60.56267
 1105    282     8.13110   -14.46775    60.56267
 1106    282     8.18718   -14.46775    60.56267
 1107    282     8.24325   -14.46775    60.56267
 1108    282     8.29933   -14.46775    60.56267
 1109    282     8.35541   -14.46775    60.56267
 1110    282     8.41148   -14.46775    60.56267
 1111    282     8.46756   -14.46775    60.56267
 1112    282     8.52363   -14.46775    60.56267
 1117    282     8.80402   -14.46775    60.56267
 1118    282     8.86009   -14.46775    60.56267
 1119    282     8.91617   -14.46775    60.56267
 1120    282     8.97225   -14.46775    60.56267
 1121    282     9.02832   -14.46775    60.56267
 1130    282     9.53301   -14.46775    60.56267
 1131    282     9.58909   -14.46775    60.56267
 1132    282     9.64517   -14.46775    60.56267
 1133    282     9.70124   -14.46775    60.56267
 1134    282     9.75732   -14.46775    60.56267
 1135    282     9.81340   -14.46775    60.56267
 1136    282     9.86947   -14.46775    60.56267
 1137    282     9.92555   -14.46775    60.56267
 1145    282    10.37416   -14.46775    60.56267
 1146    282    10.43024   -14.46775    60.56267
 1147    282    10.48631   -14.46775    60.56267
 1148    282    10.54239   -14.46775    60.56267
 1149    282    10.59847   -14.46775    60.56267
 1150    282    10.65454   -14.46775    60.56267
 1151    282    10.71062   -14.46775    60.56267
 1152    282    10.76670   -14.46775    60.56267
 1153    282    10.82277   -14.46775    60.56267
 1226    282    14.91636   -14.46775    60.56267
 1227    282    14.97244   -14.46775    60.56267
 1228    282    15.02851   -14.46775    60.56267
 1229    282    15.08459   -14.46775    60.56267
 1230    282    15.14067   -14.46775    60.56267
 1231    282    15.19674   -14.46775    60.56267
 1242    282    15.81359   -14.46775    60.56267
 1243    282    15.86966   -14.46775    60.56267
 1244    282    15.92574   -14.46775    60.56267
 1245    282    15.98182   -14.46775    60.56267
 1246    282    16.03789   -14.46775    60.56267
 1247    282    16.09397   -14.46775    60.56267
 1248    282    16.15004   -14.46775    60.56267
 1249    282    16.20612   -14.46775    60.56267
 1250    282    16.26220   -14.46775    60.56267
 1251    282    16.31827   -14.46775    60.56267
 1252    282    16.37435   -14.46775    60.56267
 1253    282    16.43043   -14.46775    60.56267
 1254    282    16.48650   -14.46775    60.56267
 1255    282    16.54258   -14.46775    60.56267
 1256    282    16.59866   -14.46775    60.56267
 1257    282    16.65473   -14.46775    60.56267
 1258    282    16.71081   -14.46775    60.56267
 1259    282    16.76689   -14.46775    60.56267
 1260    282    16.82296   -14.46775    60.56267
 1261    282    16.87904   -14.46775    60.56267
 1262    282    16.93512   -14.46775    60.56267
 1263    282    16.99119   -14.46775    60.56267
 1264    282    17.04727   -14.46775    60.56267
 1265    282    17.10335   -14.46775    60.56267
 1266    282    17.15942   -14.46775    60.56267
 1267    282    17.21550   -14.46775    60.56267
 1268    282    17.27158   -14.46775    60.56267
 1269    282    17.32765   -14.46775    60.56267
 1270    282    17.38373   -14.46775    60.56267
 1271    282    17.43981   -14.46775    60.56267
 1272    282    17.49588   -14.46775    60.56267
 1273    282    17.55196   -14.46775    60.56267
 1274    282    17.60803   -14.46775    60.56267
 1275    282    17.66411   -14.46775    60.56267
 1276    282    17.72019   -14.46775    60.56267
 1277    282    17.77626   -14.46775    60.56267
 1319    282    20.13148   -14.46775    60.56267
 1320    282    20.18756   -14.46775    60.56267
 1321    282    20.24363   -14.46775    60.56267
 1322    282    20.29971   -14.46775    60.56267
 1323    282    20.35579   -14.46775    60.56267
 1324    282    20.41186   -14.46775    60.56267
 1325    282    20.46794   -14.46775    60.56267
 1326    282    20.52402   -14.46775    60.56267
 1344    282    21.53339   -14.46775    60.56267
 1345    282    21.58947   -14.46775    60.56267
 1346    282    21.64555   -14.46775    60.56267
 1347    282    21.70162   -14.46775    60.56267
 1348    282    21.75770   -14.46775    60.56267
 1350    282    21.86985   -14.46775    60.56267
 1351    282    21.92593   -14.46775    60.56267
 1352    282    21.98201   -14.46775    60.56267
 1353    282    22.03808   -14.46775    60.56267
 1354    282    22.09416   -14.46775    60.56267
 1364    282    22.65492   -14.46775    60.56267
 1365    282    22.71100   -14.46775    60.56267
 1366    282    22.76708   -14.46775    60.56267
 1367    282    22.82315   -14.46775    60.56267
 1368    282    22.87923   -14.46775    60.56267
 1369    282    22.93531   -14.46775    60.56267
 1370    282    22.99138   -14.46775    60.56267
 1371    282    23.04746   -14.46775    60.56267
 1798    282    46.99214   -14.46775    60.56267
 1799    282    47.04822   -14.46775    60.56267
 1800    282    47.10430   -14.46775    60.56267
 1801    282    47.16037   -14.46775    60.56267
 1802    282    47.21645   -14.46775    60.56267
 1803    282    47.27253   -14.46775    60.56267
 1804    282    47.32860   -14.46775    60.56267
 1805    282    47.38468   -14.46775    60.56267
 1806    282    47.44076   -14.46775    60.56267
 1807    282    47.49683   -14.46775    60.56267
 1808    282    47.55291   -14.46775    60.56267
 1809    282    47.60899   -14.46775    60.56267
 1810    282    47.66506   -14.46775    60.56267
 1811    282    47.72114   -14.46775    60.56267
 1813    282    47.83329   -14.46775    60.56267
 1814    282    47.88937   -14.46775    60.56267
 1815    282    47.94545   -14.46775    60.56267
 1816    282    48.00152   -14.46775    60.56267
 1817    282    48.05760   -14.46775    60.56267
 1818    282    48.11367   -14.46775    60.56267
 1819    282    48.16975   -14.46775    60.56267
 1820    282    48.22583   -14.46775    60.56267
 1821    282    48.28190   -14.46775    60.56267
 1822    282    48.33798   -14.46775    60.56267
 1823    282    48.39406   -14.46775    60.56267
 1824    282    48.45013   -14.46775    60.56267
 1825    282    48.50621   -14.46775    60.56267
  977    283     0.92386   -13.96666    58.69259
  978    283     0.97821   -13.96666    58.69259
  979    283     1.03255   -13.96666    58.69259
  980    283     1.08690   -13.96666    58.69259
  981    283     1.14124   -13.96666    58.69259
  982    283     1.19559   -13.96666    58.69259
  983    283     1.24993   -13.96666    58.69259
  989    283     1.57600   -13.96666    58.69259
  990    283     1.63035   -13.96666    58.69259
  991    283     1.68469   -13.96666    58.69259
  992    283     1.73904   -13.96666    58.69259
  993    283     1.79338   -13.96666    58.69259
  994    283     1.84773   -13.96666    58.69259
  995    283     1.90207   -13.96666    58.69259
  996    283     1.95642   -13.96666    58.69259
  997    283     2.01076   -13.96666    58.69259
 1068    283     5.86926   -13.96666    58.69259
 1069    283     5.92360   -13.96666    58.69259
 1070    283     5.97795   -13.96666    58.69259
 1073    283     6.14098   -13.96666    58.69259
 1074    283     6.19533   -13.96666    58.69259
 1075    283     6.24967   -13.96666    58.69259
 1084    283     6.73878   -13.96666    58.69259
 1085    283     6.79312   -13.96666    58.69259
 1086    283     6.84747   -13.96666    58.69259
 1087    283     6.90181   -13.96666    58.69259
 1089    283     7.01050   -13.96666    58.69259
 1090    283     7.06485   -13.96666    58.69259
 1092    283     7.17354   -13.96666    58.69259
 1093    283     7.22788   -13.96666    58.69259
 1094    283     7.28223   -13.96666    58.69259
 1095    283     7.33657   -13.96666    58.69259
 1101    283     7.66264   -13.96666    58.69259
 1102    283     7.71699   -13.96666    58.69259
 1103    283     7.77133   -13.96666    58.69259
 1104    283     7.82568   -13.96666    58.69259
 1105    283     7.88002   -13.96666    58.69259
 1106    283     7.93437   -13.96666    58.69259
 1107    283     7.98871   -13.96666    58.69259
 1108    283     8.04306   -13.96666    58.69259
 1109    283     8.09740   -13.96666    58.69259
 1110    283     8.15175   -13.96666    58.69259
 1111    283     8.20609   -13.96666    58.69259
 1112    283     8.26044   -13.96666    58.69259
 1113    283     8.31478   -13.96666    58.69259
 1118    283     8.58651   -13.96666    58.69259
 1119    283     8.64085   -13.96666    58.69259
 1120    283     8.69520   -13.96666    58.69259
 1130    283     9.23865   -13.96666    58.69259
 1131    283     9.29299   -13.96666    58.69259
 1132    283     9.34734   -13.96666    58.69259
 1133    283     9.40168   -13.96666    58.69259
 1134    283     9.45603   -13.96666    58.69259
 1135    283     9.51037   -13.96666    58.69259
 1136    283     9.56472   -13.96666    58.69259
 1137    283     9.61906   -13.96666    58.69259
 1145    283    10.05382   -13.96666    58.69259
 1146    283    10.10817   -13.96666    58.69259
 1147    283    10.16251   -13.96666    58.69259
 1148    283    10.21686   -13.96666    58.69259
 1149    283    10.27120   -13.96666    58.69259
 1150    283    10.32555   -13.96666    58.69259
 1151    283    10.37989   -13.96666    58.69259
 1152    283    10.43424   -13.96666    58.69259
 1153    283    10.48858   -13.96666    58.69259
 1227    283    14.51011   -13.96666    58.69259
 1228    283    14.56446   -13.96666    58.69259
 1229    283    14.61880   -13.96666    58.69259
 1230    283    14.67315   -13.96666    58.69259
 1231    283    14.72749   -13.96666    58.69259
 1242    283    15.32529   -13.96666    58.69259
 1243    283    15.37963   -13.96666    58.69259
 1244    283    15.43398   -13.96666    58.69259
 1245    283    15.48832   -13.96666    58.69259
 1246    283    15.54267   -13.96666    58.69259
 1247    283    15.59701   -13.96666    58.69259
 1248    283    15.65136   -13.96666    58.69259
 1249    283    15.70570   -13.96666    58.69259
 1250    283    15.76005   -13.96666    58.69259
 1251    283    15.81439   -13.96666    58.69259
 1252    283    15.86874   -13.96666    58.69259
 1253    283    15.92308   -13.96666    58.69259
 1254    283    15.97743   -13.96666    58.69259
 1255    283    16.03177   -13.96666    58.69259
 1256    283    16.08612   -13.96666    58.69259
 1257    283    16.14046   -13.96666    58.69259
 1258    283    16.19481   -13.96666    58.69259
 1259    283    16.24915   -13.96666    58.69259
 1260    283    16.30350   -13.96666    58.69259
 1261    283    16.35784   -13.96666    58.69259
 1262    283    16.41219   -13.96666    58.69259
 1263    283    16.46653   -13.96666    58.69259
 1264    283    16.52088   -13.96666    58.69259
 1267    283    16.68391   -13.96666    58.69259
 1268    283    16.73826   -13.96666    58.69259
 1269    283    16.79260   -13.96666    58.69259
 1270    283    16.84695   -13.96666    58.69259
 1271    283    16.90129   -13.96666    58.69259
 1272    283    16.95564   -13.96666    58.69259
 1273    283    17.00998   -13.96666    58.69259
 1274    283    17.06433   -13.96666    58.69259
 1275    283    17.11867   -13.96666    58.69259
 1276    283    17.17302   -13.96666    58.69259
 1319    283    19.50985   -13.96666    58.69259
 1320    283    19.56420   -13.96666    58.69259
 1321    283    19.61854   -13.96666    58.69259
 1322    283    19.67289   -13.96666    58.69259
 1323    283    19.72723   -13.96666    58.69259
 1324    283    19.78158   -13.96666    58.69259
 1325    283    19.83592   -13.96666    58.69259
 1326    283    19.89027   -13.96666    58.69259
 1327    283    19.94461   -13.96666    58.69259
 1345    283    20.92282   -13.96666    58.69259
 1346    283    20.97717   -13.96666    58.69259
 1347    283    21.03151   -13.96666    58.69259
 1348    283    21.08586   -13.96666    58.69259
 1349    283    21.14020   -13.96666    58.69259
 1351    283    21.24889   -13.96666    58.69259
 1352    283    21.30324   -13.96666    58.69259
 1353    283    21.35758   -13.96666    58.69259
 1354    283    21.41193   -13.96666    58.69259
 1366    283    22.06407   -13.96666    58.69259
 1367    283    22.11841   -13.96666    58.69259
 1368    283    22.17276   -13.96666    58.69259
 1369    283    22.22710   -13.96666    58.69259
 1370    283    22.28145   -13.96666    58.69259
 1371    283    22.33579   -13.96666    58.69259
 1800    283    45.64979   -13.96666    58.69259
 1801    283    45.70414   -13.96666    58.69259
 1802    283    45.75848   -13.96666    58.69259
 1803    283    45.81283   -13.96666    58.69259
 1804    283    45.86717   -13.96666    58.69259
 1805    283    45.92152   -13.96666    58.69259
 1806    283    45.97586   -13.96666    58.69259
 1807    283    46.03021   -13.96666    58.69259
 1808    283    46.08455   -13.96666    58.69259
 1809    283    46.13890   -13.96666    58.69259
 1810    283    46.19324   -13.96666    58.69259
 1811    283    46.24759   -13.96666    58.69259
 1812    283    46.30193   -13.96666    58.69259
 1813    283    46.35628   -13.96666    58.69259
 1816    283    46.51931   -13.96666    58.69259
 1817    283    46.57366   -13.96666    58.69259
 1818    283    46.62800   -13.96666    58.69259
 1819    283    46.68235   -13.96666    58.69259
 1820    283    46.73669   -13.96666    58.69259
 1821    283    46.79104   -13.96666    58.69259
 1822    283    46.84538   -13.96666    58.69259
 1823    283    46.89973   -13.96666    58.69259
 1824    283    46.95407   -13.96666    58.69259
 1825    283    47.00842   -13.96666    58.69259
 1826    283    47.06276   -13.96666    58.69259
 1827    283    47.11711   -13.96666    58.69259
 1828    283    47.17145   -13.96666    58.69259
 1829    283    47.22580   -13.96666    58.69259
  976    284     0.84347   -13.49560    56.93455
  977    284     0.89619   -13.49560    56.93455
  978    284     0.94891   -13.49560    56.93455
  979    284     1.00163   -13.49560    56.93455
  980    284     1.05434   -13.49560    56.93455
  981    284     1.10706   -13.49560    56.93455
  982    284     1.15978   -13.49560    56.93455
  988    284     1.47608   -13.49560    56.93455
  989    284     1.52880   -13.49560    56.93455
  990    284     1.58152   -13.49560    56.93455
  991    284     1.63423   -13.49560    56.93455
  992    284     1.68695   -13.49560    56.93455
  993    284     1.73967   -13.49560    56.93455
  994    284     1.79238   -13.49560    56.93455
  995    284     1.84510   -13.49560    56.93455
  996    284     1.89782   -13.49560    56.93455
 1068    284     5.69345   -13.49560    56.93455
 1069    284     5.74617   -13.49560    56.93455
 1070    284     5.79889   -13.49560    56.93455
 1071    284     5.85161   -13.49560    56.93455
 1073    284     5.95704   -13.49560    56.93455
 1074    284     6.00976   -13.49560    56.93455
 1084    284     6.53693   -13.49560    56.93455
 1085    284     6.58965   -13.49560    56.93455
 1086    284     6.64236   -13.49560    56.93455
 1087    284     6.69508   -13.49560    56.93455
 1089    284     6.80052   -13.49560    56.93455
 1090    284     6.85323   -13.49560    56.93455
 1091    284     6.90595   -13.49560    56.93455
 1093    284     7.01138   -13.49560    56.93455
 1094    284     7.06410   -13.49560    56.93455
 1095    284     7.11682   -13.49560    56.93455
 1096    284     7.16954   -13.49560    56.93455
 1097    284     7.22225   -13.49560    56.93455
 1099    284     7.32769   -13.49560    56.93455
 1100    284     7.38040   -13.49560    56.93455
 1101    284     7.43312   -13.49560    56.93455
 1102    284     7.48584   -13.49560    56.93455
 1103    284     7.53856   -13.49560    56.93455
 1104    284     7.59127   -13.49560    56.93455
 1105    284     7.64399   -13.49560    56.93455
 1106    284     7.69671   -13.49560    56.93455
 1107    284     7.74942   -13.49560    56.93455
 1108    284     7.80214   -13.49560    56.93455
 1109    284     7.85486   -13.49560    56.93455
 1110    284     7.90758   -13.49560    56.93455
 1111    284     7.96029   -13.49560    56.93455
 1112    284     8.01301   -13.49560    56.93455
 1113    284     8.06573   -13.49560    56.93455
 1114    284     8.11844   -13.49560    56.93455
 1129    284     8.90920   -13.49560    56.93455
 1130    284     8.96192   -13.49560    56.93455
 1131    284     9.01464   -13.49560    56.93455
 1132    284     9.06735   -13.49560    56.93455
 1133    284     9.12007   -13.49560    56.93455
 1134    284     9.17279   -13.49560    56.93455
 1135    284     9.22550   -13.49560    56.93455
 1136    284     9.27822   -13.49560    56.93455
 1137    284     9.33094   -13.49560    56.93455
 1145    284     9.75268   -13.49560    56.93455
 1146    284     9.80539   -13.49560    56.93455
 1147    284     9.85811   -13.49560    56.93455
 1148    284     9.91083   -13.49560    56.93455
 1149    284     9.96355   -13.49560    56.93455
 1150    284    10.01626   -13.49560    56.93455
 1151    284    10.06898   -13.49560    56.93455
 1152    284    10.12170   -13.49560    56.93455
 1153    284    10.17441   -13.49560    56.93455
 1154    284    10.22713   -13.49560    56.93455
 1227    284    14.07548   -13.49560    56.93455
 1228    284    14.12820   -13.49560    56.93455
 1229    284    14.18092   -13.49560    56.93455
 1230    284    14.23364   -13.49560    56.93455
 1231    284    14.28635   -13.49560    56.93455
 1232    284    14.33907   -13.49560    56.93455
 1242    284    14.86624   -13.49560    56.93455
 1243    284    14.91896   -13.49560    56.93455
 1244    284    14.97168   -13.49560    56.93455
 1245    284    15.02439   -13.49560    56.93455
 1246    284    15.07711   -13.49560    56.93455
 1247    284    15.12983   -13.49560    56.93455
 1248    284    15.18255   -13.49560    56.93455
 1249    284    15.23526   -13.49560    56.93455
 1250    284    15.28798   -13.49560    56.93455
 1251    284    15.34070   -13.49560    56.93455
 1252    284    15.39341   -13.49560    56.93455
 1253    284    15.44613   -13.49560    56.93455
 1254    284    15.49885   -13.49560    56.93455
 1267    284    16.18417   -13.49560    56.93455
 1268    284    16.23689   -13.49560    56.93455
 1269    284    16.28961   -13.49560    56.93455
 1270    284    16.34232   -13.49560    56.93455
 1271    284    16.39504   -13.49560    56.93455
 1272    284    16.44776   -13.49560    56.93455
 1273    284    16.50047   -13.49560    56.93455
 1274    284    16.55319   -13.49560    56.93455
 1275    284    16.60591   -13.49560    56.93455
 1276    284    16.65863   -13.49560    56.93455
 1320    284    18.97818   -13.49560    56.93455
 1321    284    19.03090   -13.49560    56.93455
 1322    284    19.08362   -13.49560    56.93455
 1323    284    19.13633   -13.49560    56.93455
 1324    284    19.18905   -13.49560    56.93455
 1325    284    19.24177   -13.49560    56.93455
 1326    284    19.29448   -13.49560    56.93455
 1327    284    19.34720   -13.49560    56.93455
 1345    284    20.29611   -13.49560    56.93455
 1346    284    20.34883   -13.49560    56.93455
 1347    284    20.40155   -13.49560    56.93455
 1348    284    20.45426   -13.49560    56.93455
 1349    284    20.50698   -13.49560    56.93455
 1350    284    20.55970   -13.49560    56.93455
 1352    284    20.66513   -13.49560    56.93455
 1353    284    20.71785   -13.49560    56.93455
 1354    284    20.77057   -13.49560    56.93455
 1355    284    20.82328   -13.49560    56.93455
 1367    284    21.45589   -13.49560    56.93455
 1368    284    21.50861   -13.49560    56.93455
 1369    284    21.56132   -13.49560    56.93455
 1370    284    21.61404   -13.49560    56.93455
 1371    284    21.66676   -13.49560    56.93455
 1372    284    21.71947   -13.49560    56.93455
 1804    284    44.49329   -13.49560    56.93455
 1805    284    44.54601   -13.49560    56.93455
 1806    284    44.59873   -13.49560    56.93455
 1807    284    44.65144   -13.49560    56.93455
 1808    284    44.70416   -13.49560    56.93455
 1809    284    44.75688   -13.49560    56.93455
 1810    284    44.80960   -13.49560    56.93455
 1811    284    44.86231   -13.49560    56.93455
 1812    284    44.91503   -13.49560    56.93455
 1813    284    44.96775   -13.49560    56.93455
 1814    284    45.02046   -13.49560    56.93455
 1815    284    45.07318   -13.49560    56.93455
 1816    284    45.12590   -13.49560    56.93455
 1819    284    45.28405   -13.49560    56.93455
 1820    284    45.33677   -13.49560    56.93455
 1821    284    45.38948   -13.49560    56.93455
 1822    284    45.44220   -13.49560    56.93455
 1823    284    45.49492   -13.49560    56.93455
 1824    284    45.54764   -13.49560    56.93455
 1825    284    45.60035   -13.49560    56.93455
 1826    284    45.65307   -13.49560    56.93455
 1827    284    45.70579   -13.49560    56.93455
 1828    284    45.75850   -13.49560    56.93455
 1829    284    45.81122   -13.49560    56.93455
 1830    284    45.86394   -13.49560    56.93455
 1831    284    45.91666   -13.49560    56.93455
 1832    284    45.96937   -13.49560    56.93455
  975    285     0.76776   -13.05193    55.27876
  976    285     0.81894   -13.05193    55.27876
  977    285     0.87013   -13.05193    55.27876
  978    285     0.92131   -13.05193    55.27876
  979    285     0.97250   -13.05193    55.27876
  980    285     1.02368   -13.05193    55.27876
  981    285     1.07486   -13.05193    55.27876
  987    285     1.38197   -13.05193    55.27876
  988    285     1.43315   -13.05193    55.27876
  989    285     1.48434   -13.05193    55.27876
  990    285     1.53552   -13.05193    55.27876
  991    285     1.58671   -13.05193    55.27876
  992    285     1.63789   -13.05193    55.27876
  993    285     1.68907   -13.05193    55.27876
  994    285     1.74026   -13.05193    55.27876
  995    285     1.79144   -13.05193    55.27876
 1069    285     5.57906   -13.05193    55.27876
 1070    285     5.63024   -13.05193    55.27876
 1071    285     5.68143   -13.05193    55.27876
 1073    285     5.78380   -13.05193    55.27876
 1074    285     5.83498   -13.05193    55.27876
 1085    285     6.39800   -13.05193    55.27876
 1086    285     6.44919   -13.05193    55.27876
 1087    285     6.50037   -13.05193    55.27876
 1088    285     6.55156   -13.05193    55.27876
 1090    285     6.65392   -13.05193    55.27876
 1091    285     6.70511   -13.05193    55.27876
 1094    285     6.85866   -13.05193    55.27876
 1095    285     6.90984   -13.05193    55.27876
 1096    285     6.96103   -13.05193    55.27876
 1097    285     7.01221   -13.05193    55.27876
 1098    285     7.06340   -13.05193    55.27876
 1099    285     7.11458   -13.05193    55.27876
 1100    285     7.16576   -13.05193    55.27876
 1101    285     7.21695   -13.05193    55.27876
 1102    285     7.26813   -13.05193    55.27876
 1103    285     7.31932   -13.05193    55.27876
 1104    285     7.37050   -13.05193    55.27876
 1105    285     7.42168   -13.05193    55.27876
 1106    285     7.47287   -13.05193    55.27876
 1107    285     7.52405   -13.05193    55.27876
 1108    285     7.57524   -13.05193    55.27876
 1109    285     7.62642   -13.05193    55.27876
 1110    285     7.67760   -13.05193    55.27876
 1111    285     7.72879   -13.05193    55.27876
 1112    285     7.77997   -13.05193    55.27876
 1113    285     7.83116   -13.05193    55.27876
 1114    285     7.88234   -13.05193    55.27876
 1129    285     8.65010   -13.05193    55.27876
 1130    285     8.70129   -13.05193    55.27876
 1131    285     8.75247   -13.05193    55.27876
 1132    285     8.80365   -13.05193    55.27876
 1133    285     8.85484   -13.05193    55.27876
 1134    285     8.90602   -13.05193    55.27876
 1135    285     8.95721   -13.05193    55.27876
 1136    285     9.00839   -13.05193    55.27876
 1137    285     9.05957   -13.05193    55.27876
 1145    285     9.46905   -13.05193    55.27876
 1146    285     9.52023   -13.05193    55.27876
 1147    285     9.57141   -13.05193    55.27876
 1148    285     9.62260   -13.05193    55.27876
 1149    285     9.67378   -13.05193    55.27876
 1150    285     9.72497   -13.05193    55.27876
 1151    285     9.77615   -13.05193    55.27876
 1152    285     9.82733   -13.05193    55.27876
 1153    285     9.87852   -13.05193    55.27876
 1154    285     9.92970   -13.05193    55.27876
 1202    285    12.38654   -13.05193    55.27876
 1203    285    12.43772   -13.05193    55.27876
 1204    285    12.48890   -13.05193    55.27876
 1205    285    12.54009   -13.05193    55.27876
 1206    285    12.59127   -13.05193    55.27876
 1207    285    12.64246   -13.05193    55.27876
 1208    285    12.69364   -13.05193    55.27876
 1209    285    12.74482   -13.05193    55.27876
 1210    285    12.79601   -13.05193    55.27876
 1211    285    12.84719   -13.05193    55.27876
 1212    285    12.89838   -13.05193    55.27876
 1213    285    12.94956   -13.05193    55.27876
 1214    285    13.00074   -13.05193    55.27876
 1215    285    13.05193   -13.05193    55.27876
 1216    285    13.10311   -13.05193    55.27876
 1217    285    13.15430   -13.05193    55.27876
 1218    285    13.20548   -13.05193    55.27876
 1219    285    13.25666   -13.05193    55.27876
 1220    285    13.30785   -13.05193    55.27876
 1221    285    13.35903   -13.05193    55.27876
 1222    285    13.41022   -13.05193    55.27876
 1223    285    13.46140   -13.05193    55.27876
 1224    285    13.51258   -13.05193    55.27876
 1225    285    13.56377   -13.05193    55.27876
 1226    285    13.61495   -13.05193    55.27876
 1227    285    13.66614   -13.05193    55.27876
 1228    285    13.71732   -13.05193    55.27876
 1229    285    13.76850   -13.05193    55.27876
 1230    285    13.81969   -13.05193    55.27876
 1231    285    13.87087   -13.05193    55.27876
 1232    285    13.92206   -13.05193    55.27876
 1243    285    14.48508   -13.05193    55.27876
 1244    285    14.53627   -13.05193    55.27876
 1245    285    14.58745   -13.05193    55.27876
 1246    285    14.63863   -13.05193    55.27876
 1247    285    14.68982   -13.05193    55.27876
 1248    285    14.74100   -13.05193    55.27876
 1249    285    14.79219   -13.05193    55.27876
 1268    285    15.76468   -13.05193    55.27876
 1269    285    15.81587   -13.05193    55.27876
 1270    285    15.86705   -13.05193    55.27876
 1271    285    15.91823   -13.05193    55.27876
 1272    285    15.96942   -13.05193    55.27876
 1273    285    16.02060   -13.05193    55.27876
 1274    285    16.07179   -13.05193    55.27876
 1275    285    16.12297   -13.05193    55.27876
 1320    285    18.42625   -13.05193    55.27876
 1321    285    18.47744   -13.05193    55.27876
 1322    285    18.52862   -13.05193    55.27876
 1323    285    18.57980   -13.05193    55.27876
 1324    285    18.63099   -13.05193    55.27876
 1325    285    18.68217   -13.05193    55.27876
 1326    285    18.73336   -13.05193    55.27876
 1327    285    18.78454   -13.05193    55.27876
 1346    285    19.75704   -13.05193    55.27876
 1347    285    19.80822   -13.05193    55.27876
 1348    285    19.85940   -13.05193    55.27876
 1349    285    19.91059   -13.05193    55.27876
 1350    285    19.96177   -13.05193    55.27876
 1352    285    20.06414   -13.05193    55.27876
 1353    285    20.11532   -13.05193    55.27876
 1354    285    20.16651   -13.05193    55.27876
 1355    285    20.21769   -13.05193    55.27876
 1356    285    20.26888   -13.05193    55.27876
 1357    285    20.32006   -13.05193    55.27876
 1367    285    20.83190   -13.05193    55.27876
 1368    285    20.88309   -13.05193    55.27876
 1369    285    20.93427   -13.05193    55.27876
 1370    285    20.98545   -13.05193    55.27876
 1371    285    21.03664   -13.05193    55.27876
 1372    285    21.08782   -13.05193    55.27876
 1807    285    43.35288   -13.05193    55.27876
 1808    285    43.40406   -13.05193    55.27876
 1809    285    43.45524   -13.05193    55.27876
 1810    285    43.50643   -13.05193    55.27876
 1811    285    43.55761   -13.05193    55.27876
 1812    285    43.60880   -13.05193    55.27876
 1813    285    43.65998   -13.05193    55.27876
 1814    285    43.71116   -13.05193    55.27876
 1815    285    43.76235   -13.05193    55.27876
 1816    285    43.81353   -13.05193    55.27876
 1817    285    43.86472   -13.05193    55.27876
 1818    285    43.91590   -13.05193    55.27876
 1819    285    43.96708   -13.05193    55.27876
 1822    285    44.12064   -13.05193    55.27876
 1823    285    44.17182   -13.05193    55.27876
 1824    285    44.22300   -13.05193    55.27876
 1825    285    44.27419   -13.05193    55.27876
 1826    285    44.32537   -13.05193    55.27876
 1827    285    44.37656   -13.05193    55.27876
 1828    285    44.42774   -13.05193    55.27876
 1829    285    44.47892   -13.05193    55.27876
 1830    285    44.53011   -13.05193    55.27876
 1831    285    44.58129   -13.05193    55.27876
 1832    285    44.63248   -13.05193    55.27876
 1833    285    44.68366   -13.05193    55.27876
 1834    285    44.73484   -13.05193    55.27876
 1835    285    44.78603   -13.05193    55.27876
  974    286     0.69633   -12.63334    53.71655
  975    286     0.74606   -12.63334    53.71655
  976    286     0.79580   -12.63334    53.71655
  977    286     0.84554   -12.63334    53.71655
  978    286     0.89528   -12.63334    53.71655
  979    286     0.94501   -12.63334    53.71655
  980    286     0.99475   -12.63334    53.71655
  981    286     1.04449   -12.63334    53.71655
  986    286     1.29318   -12.63334    53.71655
  987    286     1.34291   -12.63334    53.71655
  988    286     1.39265   -12.63334    53.71655
  989    286     1.44239   -12.63334    53.71655
  990    286     1.49213   -12.63334    53.71655
  991    286     1.54186   -12.63334    53.71655
  992    286     1.59160   -12.63334    53.71655
  993    286     1.64134   -12.63334    53.71655
 1070    286     5.47113   -12.63334    53.71655
 1071    286     5.52087   -12.63334    53.71655
 1086    286     6.26693   -12.63334    53.71655
 1087    286     6.31667   -12.63334    53.71655
 1088    286     6.36641   -12.63334    53.71655
 1090    286     6.46588   -12.63334    53.71655
 1091    286     6.51562   -12.63334    53.71655
 1094    286     6.66483   -12.63334    53.71655
 1095    286     6.71457   -12.63334    53.71655
 1096    286     6.76431   -12.63334    53.71655
 1097    286     6.81404   -12.63334    53.71655
 1098    286     6.86378   -12.63334    53.71655
 1099    286     6.91352   -12.63334    53.71655
 1100    286     6.96326   -12.63334    53.71655
 1101    286     7.01299   -12.63334    53.71655
 1102    286     7.06273   -12.63334    53.71655
 1103    286     7.11247   -12.63334    53.71655
 1104    286     7.16221   -12.63334    53.71655
 1105    286     7.21194   -12.63334    53.71655
 1106    286     7.26168   -12.63334    53.71655
 1107    286     7.31142   -12.63334    53.71655
 1108    286     7.36116   -12.63334    53.71655
 1109    286     7.41089   -12.63334    53.71655
 1110    286     7.46063   -12.63334    53.71655
 1111    286     7.51037   -12.63334    53.71655
 1112    286     7.56011   -12.63334    53.71655
 1113    286     7.60984   -12.63334    53.71655
 1114    286     7.65958   -12.63334    53.71655
 1130    286     8.45538   -12.63334    53.71655
 1131    286     8.50512   -12.63334    53.71655
 1132    286     8.55486   -12.63334    53.71655
 1133    286     8.60460   -12.63334    53.71655
 1134    286     8.65433   -12.63334    53.71655
 1135    286     8.70407   -12.63334    53.71655
 1136    286     8.75381   -12.63334    53.71655
 1137    286     8.80355   -12.63334    53.71655
 1146    286     9.25118   -12.63334    53.71655
 1147    286     9.30092   -12.63334    53.71655
 1148    286     9.35066   -12.63334    53.71655
 1149    286     9.40040   -12.63334    53.71655
 1150    286     9.45013   -12.63334    53.71655
 1151    286     9.49987   -12.63334    53.71655
 1152    286     9.54961   -12.63334    53.71655
 1153    286     9.59935   -12.63334    53.71655
 1154    286     9.64908   -12.63334    53.71655
 1155    286     9.69882   -12.63334    53.71655
 1156    286     9.74856   -12.63334    53.71655
 1157    286     9.79830   -12.63334    53.71655
 1199    286    11.88727   -12.63334    53.71655
 1200    286    11.93701   -12.63334    53.71655
 1201    286    11.98675   -12.63334    53.71655
 1202    286    12.03649   -12.63334    53.71655
 1203    286    12.08622   -12.63334    53.71655
 1204    286    12.13596   -12.63334    53.71655
 1205    286    12.18570   -12.63334    53.71655
 1206    286    12.23544   -12.63334    53.71655
 1207    286    12.28517   -12.63334    53.71655
 1208    286    12.33491   -12.63334    53.71655
 1209    286    12.38465   -12.63334    53.71655
 1210    286    12.43439   -12.63334    53.71655
 1211    286    12.48412   -12.63334    53.71655
 1212    286    12.53386   -12.63334    53.71655
 1213    286    12.58360   -12.63334    53.71655
 1214    286    12.63334   -12.63334    53.71655
 1215    286    12.68307   -12.63334    53.71655
 1216    286    12.73281   -12.63334    53.71655
 1217    286    12.78255   -12.63334    53.71655
 1218    286    12.83229   -12.63334    53.71655
 1219    286    12.88203   -12.63334    53.71655
 1220    286    12.93176   -12.63334    53.71655
 1221    286    12.98150   -12.63334    53.71655
 1222    286    13.03124   -12.63334    53.71655
 1223    286    13.08098   -12.63334    53.71655
 1224    286    13.13071   -12.63334    53.71655
 1225    286    13.18045   -12.63334    53.71655
 1226    286    13.23019   -12.63334    53.71655
 1227    286    13.27993   -12.63334    53.71655
 1228    286    13.32966   -12.63334    53.71655
 1229    286    13.37940   -12.63334    53.71655
 1230    286    13.42914   -12.63334    53.71655
 1231    286    13.47888   -12.63334    53.71655
 1244    286    14.12546   -12.63334    53.71655
 1245    286    14.17520   -12.63334    53.71655
 1246    286    14.22494   -12.63334    53.71655
 1247    286    14.27468   -12.63334    53.71655
 1248    286    14.32441   -12.63334    53.71655
 1249    286    14.37415   -12.63334    53.71655
 1253    286    14.57310   -12.63334    53.71655
 1254    286    14.62284   -12.63334    53.71655
 1255    286    14.67258   -12.63334    53.71655
 1256    286    14.72231   -12.63334    53.71655
 1257    286    14.77205   -12.63334    53.71655
 1258    286    14.82179   -12.63334    53.71655
 1259    286    14.87153   -12.63334    53.71655
 1260    286    14.92126   -12.63334    53.71655
 1261    286    14.97100   -12.63334    53.71655
 1262    286    15.02074   -12.63334    53.71655
 1263    286    15.07048   -12.63334    53.71655
 1264    286    15.12021   -12.63334    53.71655
 1268    286    15.31916   -12.63334    53.71655
 1269    286    15.36890   -12.63334    53.71655
 1270    286    15.41864   -12.63334    53.71655
 1271    286    15.46838   -12.63334    53.71655
 1272    286    15.51812   -12.63334    53.71655
 1273    286    15.56785   -12.63334    53.71655
 1274    286    15.61759   -12.63334    53.71655
 1275    286    15.66733   -12.63334    53.71655
 1320    286    17.90552   -12.63334    53.71655
 1321    286    17.95525   -12.63334    53.71655
 1322    286    18.00499   -12.63334    53.71655
 1323    286    18.05473   -12.63334    53.71655
 1324    286    18.10447   -12.63334    53.71655
 1325    286    18.15421   -12.63334    53.71655
 1326    286    18.20394   -12.63334    53.71655
 1327    286    18.25368   -12.63334    53.71655
 1328    286    18.30342   -12.63334    53.71655
 1347    286    19.24843   -12.63334    53.71655
 1348    286    19.29817   -12.63334    53.71655
 1349    286    19.34791   -12.63334    53.71655
 1350    286    19.39764   -12.63334    53.71655
 1351    286    19.44738   -12.63334    53.71655
 1352    286    19.49712   -12.63334    53.71655
 1353    286    19.54686   -12.63334    53.71655
 1354    286    19.59659   -12.63334    53.71655
 1355    286    19.64633   -12.63334    53.71655
 1356    286    19.69607   -12.63334    53.71655
 1357    286    19.74581   -12.63334    53.71655
 1358    286    19.79554   -12.63334    53.71655
 1367    286    20.24318   -12.63334    53.71655
 1368    286    20.29292   -12.63334    53.71655
 1369    286    20.34266   -12.63334    53.71655
 1370    286    20.39239   -12.63334    53.71655
 1371    286    20.44213   -12.63334    53.71655
 1372    286    20.49187   -12.63334    53.71655
 1373    286    20.54161   -12.63334    53.71655
 1810    286    42.27692   -12.63334    53.71655
 1811    286    42.32665   -12.63334    53.71655
 1812    286    42.37639   -12.63334    53.71655
 1813    286    42.42613   -12.63334    53.71655
 1814    286    42.47587   -12.63334    53.71655
 1815    286    42.52560   -12.63334    53.71655
 1816    286    42.57534   -12.63334    53.71655
 1817    286    42.62508   -12.63334    53.71655
 1818    286    42.67482   -12.63334    53.71655
 1819    286    42.72455   -12.63334    53.71655
 1820    286    42.77429   -12.63334    53.71655
 1821    286    42.82403   -12.63334    53.71655
 1823    286    42.92350   -12.63334    53.71655
 1824    286    42.97324   -12.63334    53.71655
 1825    286    43.02298   -12.63334    53.71655
 1826    286    43.07272   -12.63334    53.71655
 1827    286    43.12245   -12.63334    53.71655
 1828    286    43.17219   -12.63334    53.71655
 1829    286    43.22193   -12.63334    53.71655
 1830    286    43.27167   -12.63334    53.71655
 1831    286    43.32140   -12.63334    53.71655
 1832    286    43.37114   -12.63334    53.71655
 1833    286    43.42088   -12.63334    53.71655
 1834    286    43.47062   -12.63334    53.71655
 1835    286    43.52035   -12.63334    53.71655
 1836    286    43.57009   -12.63334    53.71655
  973    287     0.62882   -12.23776    52.24022
  974    287     0.67719   -12.23776    52.24022
  975    287     0.72556   -12.23776    52.24022
  976    287     0.77393   -12.23776    52.24022
  977    287     0.82230   -12.23776    52.24022
  978    287     0.87067   -12.23776    52.24022
  979    287     0.91904   -12.23776    52.24022
  980    287     0.96741   -12.23776    52.24022
  985    287     1.20926   -12.23776    52.24022
  986    287     1.25763   -12.23776    52.24022
  987    287     1.30601   -12.23776    52.24022
  988    287     1.35438   -12.23776    52.24022
  989    287     1.40275   -12.23776    52.24022
  990    287     1.45112   -12.23776    52.24022
  991    287     1.49949   -12.23776    52.24022
  992    287     1.54786   -12.23776    52.24022
 1087    287     6.14306   -12.23776    52.24022
 1090    287     6.28817   -12.23776    52.24022
 1095    287     6.53003   -12.23776    52.24022
 1096    287     6.57840   -12.23776    52.24022
 1097    287     6.62677   -12.23776    52.24022
 1098    287     6.67514   -12.23776    52.24022
 1099    287     6.72351   -12.23776    52.24022
 1100    287     6.77188   -12.23776    52.24022
 1102    287     6.86862   -12.23776    52.24022
 1103    287     6.91699   -12.23776    52.24022
 1104    287     6.96536   -12.23776    52.24022
 1105    287     7.01373   -12.23776    52.24022
 1106    287     7.06210   -12.23776    52.24022
 1107    287     7.11047   -12.23776    52.24022
 1108    287     7.15884   -12.23776    52.24022
 1109    287     7.20722   -12.23776    52.24022
 1110    287     7.25559   -12.23776    52.24022
 1111    287     7.30396   -12.23776    52.24022
 1112    287     7.35233   -12.23776    52.24022
 1113    287     7.40070   -12.23776    52.24022
 1114    287     7.44907   -12.23776    52.24022
 1124    287     7.93277   -12.23776    52.24022
 1125    287     7.98114   -12.23776    52.24022
 1130    287     8.22300   -12.23776    52.24022
 1131    287     8.27137   -12.23776    52.24022
 1132    287     8.31974   -12.23776    52.24022
 1133    287     8.36811   -12.23776    52.24022
 1134    287     8.41648   -12.23776    52.24022
 1135    287     8.46485   -12.23776    52.24022
 1136    287     8.51322   -12.23776    52.24022
 1137    287     8.56159   -12.23776    52.24022
 1139    287     8.65833   -12.23776    52.24022
 1140    287     8.70670   -12.23776    52.24022
 1141    287     8.75507   -12.23776    52.24022
 1142    287     8.80344   -12.23776    52.24022
 1143    287     8.85181   -12.23776    52.24022
 1144    287     8.90019   -12.23776    52.24022
 1146    287     8.99693   -12.23776    52.24022
 1147    287     9.04530   -12.23776    52.24022
 1148    287     9.09367   -12.23776    52.24022
 1149    287     9.14204   -12.23776    52.24022
 1150    287     9.19041   -12.23776    52.24022
 1151    287     9.23878   -12.23776    52.24022
 1152    287     9.28715   -12.23776    52.24022
 1154    287     9.38389   -12.23776    52.24022
 1155    287     9.43226   -12.23776    52.24022
 1156    287     9.48063   -12.23776    52.24022
 1157    287     9.52900   -12.23776    52.24022
 1158    287     9.57737   -12.23776    52.24022
 1159    287     9.62574   -12.23776    52.24022
 1160    287     9.67411   -12.23776    52.24022
 1198    287    11.51220   -12.23776    52.24022
 1199    287    11.56057   -12.23776    52.24022
 1200    287    11.60894   -12.23776    52.24022
 1201    287    11.65731   -12.23776    52.24022
 1202    287    11.70568   -12.23776    52.24022
 1203    287    11.75405   -12.23776    52.24022
 1204    287    11.80242   -12.23776    52.24022
 1205    287    11.85079   -12.23776    52.24022
 1206    287    11.89916   -12.23776    52.24022
 1207    287    11.94753   -12.23776    52.24022
 1208    287    11.99590   -12.23776    52.24022
 1209    287    12.04427   -12.23776    52.24022
 1210    287    12.09264   -12.23776    52.24022
 1211    287    12.14101   -12.23776    52.24022
 1212    287    12.18938   -12.23776    52.24022
 1213    287    12.23776   -12.23776    52.24022
 1214    287    12.28613   -12.23776    52.24022
 1215    287    12.33450   -12.23776    52.24022
 1216    287    12.38287   -12.23776    52.24022
 1217    287    12.43124   -12.23776    52.24022
 1218    287    12.47961   -12.23776    52.24022
 1219    287    12.52798   -12.23776    52.24022
 1220    287    12.57635   -12.23776    52.24022
 1221    287    12.62472   -12.23776    52.24022
 1222    287    12.67309   -12.23776    52.24022
 1223    287    12.72146   -12.23776    52.24022
 1224    287    12.76983   -12.23776    52.24022
 1225    287    12.81820   -12.23776    52.24022
 1226    287    12.86657   -12.23776    52.24022
 1227    287    12.91494   -12.23776    52.24022
 1228    287    12.96331   -12.23776    52.24022
 1229    287    13.01168   -12.23776    52.24022
 1230    287    13.06005   -12.23776    52.24022
 1231    287    13.10843   -12.23776    52.24022
 1245    287    13.78561   -12.23776    52.24022
 1246    287    13.83398   -12.23776    52.24022
 1247    287    13.88235   -12.23776    52.24022
 1248    287    13.93073   -12.23776    52.24022
 1252    287    14.12421   -12.23776    52.24022
 1253    287    14.17258   -12.23776    52.24022
 1254    287    14.22095   -12.23776    52.24022
 1255    287    14.26932   -12.23776    52.24022
 1256    287    14.31769   -12.23776    52.24022
 1257    287    14.36606   -12.23776    52.24022
 1258    287    14.41443   -12.23776    52.24022
 1259    287    14.46280   -12.23776    52.24022
 1260    287    14.51117   -12.23776    52.24022
 1261    287    14.55954   -12.23776    52.24022
 1262    287    14.60791   -12.23776    52.24022
 1263    287    14.65628   -12.23776    52.24022
 1264    287    14.70465   -12.23776    52.24022
 1265    287    14.75302   -12.23776    52.24022
 1269    287    14.94651   -12.23776    52.24022
 1270    287    14.99488   -12.23776    52.24022
 1271    287    15.04325   -12.23776    52.24022
 1272    287    15.09162   -12.23776    52.24022
 1273    287    15.13999   -12.23776    52.24022
 1274    287    15.18836   -12.23776    52.24022
 1321    287    17.46178   -12.23776    52.24022
 1322    287    17.51015   -12.23776    52.24022
 1323    287    17.55852   -12.23776    52.24022
 1324    287    17.60689   -12.23776    52.24022
 1325    287    17.65526   -12.23776    52.24022
 1326    287    17.70363   -12.23776    52.24022
 1327    287    17.75200   -12.23776    52.24022
 1328    287    17.80037   -12.23776    52.24022
 1329    287    17.84874   -12.23776    52.24022
 1348    287    18.76778   -12.23776    52.24022
 1349    287    18.81615   -12.23776    52.24022
 1350    287    18.86452   -12.23776    52.24022
 1351    287    18.91289   -12.23776    52.24022
 1352    287    18.96126   -12.23776    52.24022
 1353    287    19.00964   -12.23776    52.24022
 1354    287    19.05801   -12.23776    52.24022
 1355    287    19.10638   -12.23776    52.24022
 1356    287    19.15475   -12.23776    52.24022
 1357    287    19.20312   -12.23776    52.24022
 1358    287    19.25149   -12.23776    52.24022
 1359    287    19.29986   -12.23776    52.24022
 1368    287    19.73519   -12.23776    52.24022
 1369    287    19.78356   -12.23776    52.24022
 1370    287    19.83194   -12.23776    52.24022
 1371    287    19.88031   -12.23776    52.24022
 1372    287    19.92868   -12.23776    52.24022
 1373    287    19.97705   -12.23776    52.24022
 1374    287    20.02542   -12.23776    52.24022
 1812    287    41.21173   -12.23776    52.24022
 1813    287    41.26010   -12.23776    52.24022
 1814    287    41.30847   -12.23776    52.24022
 1815    287    41.35684   -12.23776    52.24022
 1816    287    41.40521   -12.23776    52.24022
 1817    287    41.45358   -12.23776    52.24022
 1818    287    41.50195   -12.23776    52.24022
 1819    287    41.55032   -12.23776    52.24022
 1820    287    41.59869   -12.23776    52.24022
 1821    287    41.64706   -12.23776    52.24022
 1822    287    41.69543   -12.23776    52.24022
 1823    287    41.74381   -12.23776    52.24022
 1826    287    41.88892   -12.23776    52.24022
 1827    287    41.93729   -12.23776    52.24022
 1828    287    41.98566   -12.23776    52.24022
 1829    287    42.03403   -12.23776    52.24022
 1830    287    42.08240   -12.23776    52.24022
 1831    287    42.13077   -12.23776    52.24022
 1832    287    42.17914   -12.23776    52.24022
 1833    287    42.22751   -12.23776    52.24022
 1834    287    42.27588   -12.23776    52.24022
 1835    287    42.32425   -12.23776    52.24022
 1836    287    42.37262   -12.23776    52.24022
 1837    287    42.42099   -12.23776    52.24022
 1838    287    42.46936   -12.23776    52.24022
  973    288     0.61200   -11.86334    50.84287
  974    288     0.65907   -11.86334    50.84287
  975    288     0.70615   -11.86334    50.84287
  976    288     0.75323   -11.86334    50.84287
  977    288     0.80030   -11.86334    50.84287
  978    288     0.84738   -11.86334    50.84287
  979    288     0.89446   -11.86334    50.84287
  984    288     1.12984   -11.86334    50.84287
  985    288     1.17692   -11.86334    50.84287
  986    288     1.22399   -11.86334    50.84287
  987    288     1.27107   -11.86334    50.84287
  988    288     1.31815   -11.86334    50.84287
  989    288     1.36523   -11.86334    50.84287
  990    288     1.41230   -11.86334    50.84287
  991    288     1.45938   -11.86334    50.84287
 1090    288     6.11997   -11.86334    50.84287
 1098    288     6.49659   -11.86334    50.84287
 1104    288     6.77905   -11.86334    50.84287
 1105    288     6.82613   -11.86334    50.84287
 1109    288     7.01443   -11.86334    50.84287
 1110    288     7.06151   -11.86334    50.84287
 1111    288     7.10859   -11.86334    50.84287
 1112    288     7.15566   -11.86334    50.84287
 1113    288     7.20274   -11.86334    50.84287
 1114    288     7.24982   -11.86334    50.84287
 1115    288     7.29689   -11.86334    50.84287
 1116    288     7.34397   -11.86334    50.84287
 1122    288     7.62643   -11.86334    50.84287
 1123    288     7.67351   -11.86334    50.84287
 1124    288     7.72058   -11.86334    50.84287
 1125    288     7.76766   -11.86334    50.84287
 1126    288     7.81474   -11.86334    50.84287
 1127    288     7.86181   -11.86334    50.84287
 1130    288     8.00304   -11.86334    50.84287
 1131    288     8.05012   -11.86334    50.84287
 1132    288     8.09720   -11.86334    50.84287
 1133    288     8.14427   -11.86334    50.84287
 1134    288     8.19135   -11.86334    50.84287
 1135    288     8.23843   -11.86334    50.84287
 1136    288     8.28550   -11.86334    50.84287
 1139    288     8.42673   -11.86334    50.84287
 1140    288     8.47381   -11.86334    50.84287
 1141    288     8.52089   -11.86334    50.84287
 1142    288     8.56796   -11.86334    50.84287
 1143    288     8.61504   -11.86334    50.84287
 1144    288     8.66212   -11.86334    50.84287
 1147    288     8.80335   -11.86334    50.84287
 1148    288     8.85042   -11.86334    50.84287
 1149    288     8.89750   -11.86334    50.84287
 1150    288     8.94458   -11.86334    50.84287
 1151    288     8.99166   -11.86334    50.84287
 1154    288     9.13289   -11.86334    50.84287
 1155    288     9.17996   -11.86334    50.84287
 1156    288     9.22704   -11.86334    50.84287
 1157    288     9.27412   -11.86334    50.84287
 1158    288     9.32119   -11.86334    50.84287
 1159    288     9.36827   -11.86334    50.84287
 1160    288     9.41535   -11.86334    50.84287
 1161    288     9.46242   -11.86334    50.84287
 1179    288    10.30980   -11.86334    50.84287
 1180    288    10.35688   -11.86334    50.84287
 1181    288    10.40396   -11.86334    50.84287
 1182    288    10.45103   -11.86334    50.84287
 1183    288    10.49811   -11.86334    50.84287
 1184    288    10.54519   -11.86334    50.84287
 1198    288    11.20426   -11.86334    50.84287
 1199    288    11.25134   -11.86334    50.84287
 1200    288    11.29841   -11.86334    50.84287
 1201    288    11.34549   -11.86334    50.84287
 1202    288    11.39257   -11.86334    50.84287
 1203    288    11.43964   -11.86334    50.84287
 1204    288    11.48672   -11.86334    50.84287
 1205    288    11.53380   -11.86334    50.84287
 1206    288    11.58088   -11.86334    50.84287
 1207    288    11.62795   -11.86334    50.84287
 1208    288    11.67503   -11.86334    50.84287
 1209    288    11.72211   -11.86334    50.84287
 1210    288    11.76918   -11.86334    50.84287
 1211    288    11.81626   -11.86334    50.84287
 1212    288    11.86334   -11.86334    50.84287
 1213    288    11.91041   -11.86334    50.84287
 1214    288    11.95749   -11.86334    50.84287
 1215    288    12.00457   -11.86334    50.84287
 1216    288    12.05164   -11.86334    50.84287
 1217    288    12.09872   -11.86334    50.84287
 1218    288    12.14580   -11.86334    50.84287
 1219    288    12.19287   -11.86334    50.84287
 1220    288    12.23995   -11.86334    50.84287
 1221    288    12.28703   -11.86334    50.84287
 1222    288    12.33410   -11.86334    50.84287
 1223    288    12.38118   -11.86334    50.84287
 1224    288    12.42826   -11.86334    50.84287
 1225    288    12.47533   -11.86334    50.84287
 1226    288    12.52241   -11.86334    50.84287
 1227    288    12.56949   -11.86334    50.84287
 1228    288    12.61656   -11.86334    50.84287
 1229    288    12.66364   -11.86334    50.84287
 1230    288    12.71072   -11.86334    50.84287
 1231    288    12.75779   -11.86334    50.84287
 1252    288    13.74640   -11.86334    50.84287
 1253    288    13.79348   -11.86334    50.84287
 1254    288    13.84056   -11.86334    50.84287
 1255    288    13.88763   -11.86334    50.84287
 1256    288    13.93471   -11.86334    50.84287
 1257    288    13.98179   -11.86334    50.84287
 1258    288    14.02887   -11.86334    50.84287
 1259    288    14.07594   -11.86334    50.84287
 1260    288    14.12302   -11.86334    50.84287
 1261    288    14.17010   -11.86334    50.84287
 1262    288    14.21717   -11.86334    50.84287
 1263    288    14.26425   -11.86334    50.84287
 1264    288    14.31133   -11.86334    50.84287
 1265    288    14.35840   -11.86334    50.84287
 1322    288    17.04178   -11.86334    50.84287
 1323    288    17.08885   -11.86334    50.84287
 1324    288    17.13593   -11.86334    50.84287
 1325    288    17.18301   -11.86334    50.84287
 1326    288    17.23008   -11.86334    50.84287
 1327    288    17.27716   -11.86334    50.84287
 1328    288    17.32424   -11.86334    50.84287
 1329    288    17.37131   -11.86334    50.84287
 1348    288    18.26577   -11.86334    50.84287
 1349    288    18.31285   -11.86334    50.84287
 1350    288    18.35992   -11.86334    50.84287
 1351    288    18.40700   -11.86334    50.84287
 1352    288    18.45408   -11.86334    50.84287
 1353    288    18.50115   -11.86334    50.84287
 1354    288    18.54823   -11.86334    50.84287
 1355    288    18.59531   -11.86334    50.84287
 1356    288    18.64238   -11.86334    50.84287
 1357    288    18.68946   -11.86334    50.84287
 1358    288    18.73654   -11.86334    50.84287
 1359    288    18.78361   -11.86334    50.84287
 1368    288    19.20731   -11.86334    50.84287
 1369    288    19.25438   -11.86334    50.84287
 1370    288    19.30146   -11.86334    50.84287
 1371    288    19.34854   -11.86334    50.84287
 1372    288    19.39561   -11.86334    50.84287
 1373    288    19.44269   -11.86334    50.84287
 1374    288    19.48977   -11.86334    50.84287
 1815    288    40.25060   -11.86334    50.84287
 1816    288    40.29768   -11.86334    50.84287
 1817    288    40.34476   -11.86334    50.84287
 1818    288    40.39183   -11.86334    50.84287
 1819    288    40.43891   -11.86334    50.84287
 1820    288    40.48599   -11.86334    50.84287
 1821    288    40.53306   -11.86334    50.84287
 1822    288    40.58014   -11.86334    50.84287
 1823    288    40.62722   -11.86334    50.84287
 1824    288    40.67429   -11.86334    50.84287
 1825    288    40.72137   -11.86334    50.84287
 1826    288    40.76845   -11.86334    50.84287
 1827    288    40.81552   -11.86334    50.84287
 1828    288    40.86260   -11.86334    50.84287
 1831    288    41.00383   -11.86334    50.84287
 1832    288    41.05091   -11.86334    50.84287
 1833    288    41.09798   -11.86334    50.84287
 1834    288    41.14506   -11.86334    50.84287
 1835    288    41.19214   -11.86334    50.84287
 1836    288    41.23921   -11.86334    50.84287
 1837    288    41.28629   -11.86334    50.84287
 1838    288    41.33337   -11.86334    50.84287
 1839    288    41.38044   -11.86334    50.84287
 1840    288    41.42752   -11.86334    50.84287
 1841    288    41.47460   -11.86334    50.84287
  972    289     0.55020   -11.50842    49.51832
  973    289     0.59605   -11.50842    49.51832
  974    289     0.64190   -11.50842    49.51832
  975    289     0.68775   -11.50842    49.51832
  976    289     0.73360   -11.50842    49.51832
  977    289     0.77946   -11.50842    49.51832
  978    289     0.82531   -11.50842    49.51832
  983    289     1.05456   -11.50842    49.51832
  984    289     1.10041   -11.50842    49.51832
  985    289     1.14626   -11.50842    49.51832
  986    289     1.19211   -11.50842    49.51832
  987    289     1.23796   -11.50842    49.51832
  988    289     1.28381   -11.50842    49.51832
  989    289     1.32966   -11.50842    49.51832
  990    289     1.37551   -11.50842    49.51832
 1109    289     6.83169   -11.50842    49.51832
 1110    289     6.87754   -11.50842    49.51832
 1111    289     6.92339   -11.50842    49.51832
 1112    289     6.96925   -11.50842    49.51832
 1113    289     7.01510   -11.50842    49.51832
 1114    289     7.06095   -11.50842    49.51832
 1115    289     7.10680   -11.50842    49.51832
 1116    289     7.15265   -11.50842    49.51832
 1117    289     7.19850   -11.50842    49.51832
 1122    289     7.42775   -11.50842    49.51832
 1123    289     7.47360   -11.50842    49.51832
 1124    289     7.51945   -11.50842    49.51832
 1125    289     7.56530   -11.50842    49.51832
 1126    289     7.61115   -11.50842    49.51832
 1127    289     7.65700   -11.50842    49.51832
 1128    289     7.70285   -11.50842    49.51832
 1131    289     7.84040   -11.50842    49.51832
 1132    289     7.88625   -11.50842    49.51832
 1133    289     7.93210   -11.50842    49.51832
 1134    289     7.97795   -11.50842    49.51832
 1135    289     8.02380   -11.50842    49.51832
 1154    289     8.89496   -11.50842    49.51832
 1160    289     9.17006   -11.50842    49.51832
 1161    289     9.21591   -11.50842    49.51832
 1178    289     9.99536   -11.50842    49.51832
 1179    289    10.04122   -11.50842    49.51832
 1180    289    10.08707   -11.50842    49.51832
 1181    289    10.13292   -11.50842    49.51832
 1182    289    10.17877   -11.50842    49.51832
 1183    289    10.22462   -11.50842    49.51832
 1184    289    10.27047   -11.50842    49.51832
 1185    289    10.31632   -11.50842    49.51832
 1186    289    10.36217   -11.50842    49.51832
 1187    289    10.40802   -11.50842    49.51832
 1188    289    10.45387   -11.50842    49.51832
 1189    289    10.49972   -11.50842    49.51832
 1190    289    10.54557   -11.50842    49.51832
 1191    289    10.59142   -11.50842    49.51832
 1192    289    10.63727   -11.50842    49.51832
 1193    289    10.68312   -11.50842    49.51832
 1194    289    10.72897   -11.50842    49.51832
 1195    289    10.77482   -11.50842    49.51832
 1196    289    10.82067   -11.50842    49.51832
 1197    289    10.86652   -11.50842    49.51832
 1198    289    10.91237   -11.50842    49.51832
 1199    289    10.95822   -11.50842    49.51832
 1200    289    11.00407   -11.50842    49.51832
 1201    289    11.04992   -11.50842    49.51832
 1202    289    11.09577   -11.50842    49.51832
 1203    289    11.14162   -11.50842    49.51832
 1204    289    11.18747   -11.50842    49.51832
 1205    289    11.23332   -11.50842    49.51832
 1206    289    11.27917   -11.50842    49.51832
 1207    289    11.32502   -11.50842    49.51832
 1208    289    11.37087   -11.50842    49.51832
 1209    289    11.41672   -11.50842    49.51832
 1210    289    11.46257   -11.50842    49.51832
 1211    289    11.50842   -11.50842    49.51832
 1212    289    11.55427   -11.50842    49.51832
 1213    289    11.60013   -11.50842    49.51832
 1214    289    11.64598   -11.50842    49.51832
 1215    289    11.69183   -11.50842    49.51832
 1216    289    11.73768   -11.50842    49.51832
 1217    289    11.78353   -11.50842    49.51832
 1218    289    11.82938   -11.50842    49.51832
 1219    289    11.87523   -11.50842    49.51832
 1220    289    11.92108   -11.50842    49.51832
 1221    289    11.96693   -11.50842    49.51832
 1222    289    12.01278   -11.50842    49.51832
 1223    289    12.05863   -11.50842    49.51832
 1224    289    12.10448   -11.50842    49.51832
 1225    289    12.15033   -11.50842    49.51832
 1226    289    12.19618   -11.50842    49.51832
 1227    289    12.24203   -11.50842    49.51832
 1228    289    12.28788   -11.50842    49.51832
 1229    289    12.33373   -11.50842    49.51832
 1230    289    12.37958   -11.50842    49.51832
 1252    289    13.38829   -11.50842    49.51832
 1253    289    13.43414   -11.50842    49.51832
 1254    289    13.47999   -11.50842    49.51832
 1255    289    13.52584   -11.50842    49.51832
 1256    289    13.57169   -11.50842    49.51832
 1257    289    13.61754   -11.50842    49.51832
 1258    289    13.66339   -11.50842    49.51832
 1259    289    13.70924   -11.50842    49.51832
 1260    289    13.75509   -11.50842    49.51832
 1261    289    13.80094   -11.50842    49.51832
 1262    289    13.84679   -11.50842    49.51832
 1263    289    13.89264   -11.50842    49.51832
 1264    289    13.93849   -11.50842    49.51832
 1265    289    13.98434   -11.50842    49.51832
 1323    289    16.64366   -11.50842    49.51832
 1324    289    16.68951   -11.50842    49.51832
 1325    289    16.73536   -11.50842    49.51832
 1326    289    16.78121   -11.50842    49.51832
 1327    289    16.82706   -11.50842    49.51832
 1328    289    16.87291   -11.50842    49.51832
 1329    289    16.91876   -11.50842    49.51832
 1330    289    16.96461   -11.50842    49.51832
 1348    289    17.78992   -11.50842    49.51832
 1349    289    17.83577   -11.50842    49.51832
 1350    289    17.88162   -11.50842    49.51832
 1351    289    17.92747   -11.50842    49.51832
 1352    289    17.97332   -11.50842    49.51832
 1354    289    18.06502   -11.50842    49.51832
 1355    289    18.11087   -11.50842    49.51832
 1356    289    18.15672   -11.50842    49.51832
 1357    289    18.20257   -11.50842    49.51832
 1358    289    18.24842   -11.50842    49.51832
 1359    289    18.29427   -11.50842    49.51832
 1360    289    18.34012   -11.50842    49.51832
 1369    289    18.75277   -11.50842    49.51832
 1370    289    18.79862   -11.50842    49.51832
 1371    289    18.84447   -11.50842    49.51832
 1372    289    18.89032   -11.50842    49.51832
 1373    289    18.93617   -11.50842    49.51832
 1374    289    18.98202   -11.50842    49.51832
 1375    289    19.02787   -11.50842    49.51832
 1818    289    39.33955   -11.50842    49.51832
 1819    289    39.38541   -11.50842    49.51832
 1820    289    39.43126   -11.50842    49.51832
 1821    289    39.47711   -11.50842    49.51832
 1822    289    39.52296   -11.50842    49.51832
 1823    289    39.56881   -11.50842    49.51832
 1824    289    39.61466   -11.50842    49.51832
 1825    289    39.66051   -11.50842    49.51832
 1826    289    39.70636   -11.50842    49.51832
 1827    289    39.75221   -11.50842    49.51832
 1828    289    39.79806   -11.50842    49.51832
 1829    289    39.84391   -11.50842    49.51832
 1830    289    39.88976   -11.50842    49.51832
 1831    289    39.93561   -11.50842    49.51832
 1834    289    40.07316   -11.50842    49.51832
 1835    289    40.11901   -11.50842    49.51832
 1836    289    40.16486   -11.50842    49.51832
 1837    289    40.21071   -11.50842    49.51832
 1838    289    40.25656   -11.50842    49.51832
 1839    289    40.30241   -11.50842    49.51832
 1840    289    40.34826   -11.50842    49.51832
 1841    289    40.39411   -11.50842    49.51832
 1842    289    40.43996   -11.50842    49.51832
 1843    289    40.48581   -11.50842    49.51832
 1844    289    40.53166   -11.50842    49.51832
  970    290     0.44686   -11.17154    48.26104
  971    290     0.49155   -11.17154    48.26104
  972    290     0.53623   -11.17154    48.26104
  973    290     0.58092   -11.17154    48.26104
  974    290     0.62561   -11.17154    48.26104
  975    290     0.67029   -11.17154    48.26104
  976    290     0.71498   -11.17154    48.26104
  977    290     0.75966   -11.17154    48.26104
  982    290     0.98310   -11.17154    48.26104
  983    290     1.02778   -11.17154    48.26104
  984    290     1.07247   -11.17154    48.26104
  985    290     1.11715   -11.17154    48.26104
  986    290     1.16184   -11.17154    48.26104
  987    290     1.20653   -11.17154    48.26104
  988    290     1.25121   -11.17154    48.26104
  989    290     1.29590   -11.17154    48.26104
 1109    290     6.65824   -11.17154    48.26104
 1110    290     6.70292   -11.17154    48.26104
 1111    290     6.74761   -11.17154    48.26104
 1112    290     6.79229   -11.17154    48.26104
 1113    290     6.83698   -11.17154    48.26104
 1114    290     6.88167   -11.17154    48.26104
 1115    290     6.92635   -11.17154    48.26104
 1116    290     6.97104   -11.17154    48.26104
 1122    290     7.23916   -11.17154    48.26104
 1123    290     7.28384   -11.17154    48.26104
 1124    290     7.32853   -11.17154    48.26104
 1125    290     7.37321   -11.17154    48.26104
 1126    290     7.41790   -11.17154    48.26104
 1127    290     7.46259   -11.17154    48.26104
 1128    290     7.50727   -11.17154    48.26104
 1132    290     7.68602   -11.17154    48.26104
 1133    290     7.73070   -11.17154    48.26104
 1134    290     7.77539   -11.17154    48.26104
 1135    290     7.82008   -11.17154    48.26104
 1142    290     8.13288   -11.17154    48.26104
 1143    290     8.17756   -11.17154    48.26104
 1148    290     8.40100   -11.17154    48.26104
 1149    290     8.44568   -11.17154    48.26104
 1150    290     8.49037   -11.17154    48.26104
 1151    290     8.53505   -11.17154    48.26104
 1154    290     8.66911   -11.17154    48.26104
 1155    290     8.71380   -11.17154    48.26104
 1156    290     8.75848   -11.17154    48.26104
 1157    290     8.80317   -11.17154    48.26104
 1158    290     8.84786   -11.17154    48.26104
 1159    290     8.89254   -11.17154    48.26104
 1160    290     8.93723   -11.17154    48.26104
 1161    290     8.98192   -11.17154    48.26104
 1164    290     9.11597   -11.17154    48.26104
 1165    290     9.16066   -11.17154    48.26104
 1166    290     9.20535   -11.17154    48.26104
 1167    290     9.25003   -11.17154    48.26104
 1168    290     9.29472   -11.17154    48.26104
 1178    290     9.74158   -11.17154    48.26104
 1179    290     9.78627   -11.17154    48.26104
 1180    290     9.83095   -11.17154    48.26104
 1181    290     9.87564   -11.17154    48.26104
 1182    290     9.92032   -11.17154    48.26104
 1183    290     9.96501   -11.17154    48.26104
 1184    290    10.00970   -11.17154    48.26104
 1185    290    10.05438   -11.17154    48.26104
 1186    290    10.09907   -11.17154    48.26104
 1187    290    10.14375   -11.17154    48.26104
 1188    290    10.18844   -11.17154    48.26104
 1189    290    10.23313   -11.17154    48.26104
 1190    290    10.27781   -11.17154    48.26104
 1191    290    10.32250   -11.17154    48.26104
 1192    290    10.36719   -11.17154    48.26104
 1193    290    10.41187   -11.17154    48.26104
 1194    290    10.45656   -11.17154    48.26104
 1195    290    10.50124   -11.17154    48.26104
 1196    290    10.54593   -11.17154    48.26104
 1197    290    10.59062   -11.17154    48.26104
 1198    290    10.63530   -11.17154    48.26104
 1199    290    10.67999   -11.17154    48.26104
 1200    290    10.72467   -11.17154    48.26104
 1201    290    10.76936   -11.17154    48.26104
 1202    290    10.81405   -11.17154    48.26104
 1203    290    10.85873   -11.17154    48.26104
 1204    290    10.90342   -11.17154    48.26104
 1205    290    10.94811   -11.17154    48.26104
 1206    290    10.99279   -11.17154    48.26104
 1207    290    11.03748   -11.17154    48.26104
 1208    290    11.08216   -11.17154    48.26104
 1209    290    11.12685   -11.17154    48.26104
 1210    290    11.17154   -11.17154    48.26104
 1211    290    11.21622   -11.17154    48.26104
 1212    290    11.26091   -11.17154    48.26104
 1213    290    11.30559   -11.17154    48.26104
 1214    290    11.35028   -11.17154    48.26104
 1219    290    11.57371   -11.17154    48.26104
 1220    290    11.61840   -11.17154    48.26104
 1221    290    11.66308   -11.17154    48.26104
 1222    290    11.70777   -11.17154    48.26104
 1223    290    11.75246   -11.17154    48.26104
 1224    290    11.79714   -11.17154    48.26104
 1225    290    11.84183   -11.17154    48.26104
 1226    290    11.88651   -11.17154    48.26104
 1227    290    11.93120   -11.17154    48.26104
 1252    290    13.04835   -11.17154    48.26104
 1253    290    13.09304   -11.17154    48.26104
 1254    290    13.13773   -11.17154    48.26104
 1255    290    13.18241   -11.17154    48.26104
 1256    290    13.22710   -11.17154    48.26104
 1257    290    13.27178   -11.17154    48.26104
 1258    290    13.31647   -11.17154    48.26104
 1259    290    13.36116   -11.17154    48.26104
 1260    290    13.40584   -11.17154    48.26104
 1261    290    13.45053   -11.17154    48.26104
 1262    290    13.49522   -11.17154    48.26104
 1263    290    13.53990   -11.17154    48.26104
 1264    290    13.58459   -11.17154    48.26104
 1265    290    13.62927   -11.17154    48.26104
 1325    290    16.31044   -11.17154    48.26104
 1326    290    16.35513   -11.17154    48.26104
 1327    290    16.39981   -11.17154    48.26104
 1328    290    16.44450   -11.17154    48.26104
 1329    290    16.48919   -11.17154    48.26104
 1330    290    16.53387   -11.17154    48.26104
 1331    290    16.57856   -11.17154    48.26104
 1348    290    17.33822   -11.17154    48.26104
 1349    290    17.38291   -11.17154    48.26104
 1350    290    17.42760   -11.17154    48.26104
 1351    290    17.47228   -11.17154    48.26104
 1352    290    17.51697   -11.17154    48.26104
 1353    290    17.56165   -11.17154    48.26104
 1355    290    17.65103   -11.17154    48.26104
 1356    290    17.69571   -11.17154    48.26104
 1357    290    17.74040   -11.17154    48.26104
 1358    290    17.78509   -11.17154    48.26104
 1359    290    17.82977   -11.17154    48.26104
 1360    290    17.87446   -11.17154    48.26104
 1369    290    18.27663   -11.17154    48.26104
 1370    290    18.32132   -11.17154    48.26104
 1371    290    18.36601   -11.17154    48.26104
 1372    290    18.41069   -11.17154    48.26104
 1373    290    18.45538   -11.17154    48.26104
 1374    290    18.50006   -11.17154    48.26104
 1375    290    18.54475   -11.17154    48.26104
 1820    290    38.43008   -11.17154    48.26104
 1821    290    38.47477   -11.17154    48.26104
 1822    290    38.51946   -11.17154    48.26104
 1823    290    38.56414   -11.17154    48.26104
 1824    290    38.60883   -11.17154    48.26104
 1825    290    38.65351   -11.17154    48.26104
 1826    290    38.69820   -11.17154    48.26104
 1827    290    38.74289   -11.17154    48.26104
 1828    290    38.78757   -11.17154    48.26104
 1829    290    38.83226   -11.17154    48.26104
 1830    290    38.87695   -11.17154    48.26104
 1831    290    38.92163   -11.17154    48.26104
 1832    290    38.96632   -11.17154    48.26104
 1833    290    39.01100   -11.17154    48.26104
 1835    290    39.10038   -11.17154    48.26104
 1836    290    39.14506   -11.17154    48.26104
 1837    290    39.18975   -11.17154    48.26104
 1838    290    39.23443   -11.17154    48.26104
 1839    290    39.27912   -11.17154    48.26104
 1840    290    39.32381   -11.17154    48.26104
 1841    290    39.36849   -11.17154    48.26104
 1842    290    39.41318   -11.17154    48.26104
 1843    290    39.45787   -11.17154    48.26104
 1844    290    39.50255   -11.17154    48.26104
 1845    290    39.54724   -11.17154    48.26104
 1846    290    39.59192   -11.17154    48.26104
 1847    290    39.63661   -11.17154    48.26104
  969    291     0.39222   -10.85133    47.06602
  970    291     0.43580   -10.85133    47.06602
  971    291     0.47938   -10.85133    47.06602
  972    291     0.52296   -10.85133    47.06602
  973    291     0.56654   -10.85133    47.06602
  974    291     0.61012   -10.85133    47.06602
  975    291     0.65369   -10.85133    47.06602
  976    291     0.69727   -10.85133    47.06602
  981    291     0.91517   -10.85133    47.06602
  982    291     0.95875   -10.85133    47.06602
  983    291     1.00233   -10.85133    47.06602
  984    291     1.04591   -10.85133    47.06602
  985    291     1.08949   -10.85133    47.06602
  986    291     1.13307   -10.85133    47.06602
  987    291     1.17665   -10.85133    47.06602
  988    291     1.22023   -10.85133    47.06602
 1109    291     6.49337   -10.85133    47.06602
 1110    291     6.53695   -10.85133    47.06602
 1111    291     6.58053   -10.85133    47.06602
 1112    291     6.62411   -10.85133    47.06602
 1113    291     6.66769   -10.85133    47.06602
 1114    291     6.71127   -10.85133    47.06602
 1115    291     6.75484   -10.85133    47.06602
 1122    291     7.05990   -10.85133    47.06602
 1123    291     7.10348   -10.85133    47.06602
 1124    291     7.14706   -10.85133    47.06602
 1126    291     7.23422   -10.85133    47.06602
 1127    291     7.27780   -10.85133    47.06602
 1128    291     7.32138   -10.85133    47.06602
 1140    291     7.84434   -10.85133    47.06602
 1141    291     7.88792   -10.85133    47.06602
 1142    291     7.93150   -10.85133    47.06602
 1143    291     7.97507   -10.85133    47.06602
 1144    291     8.01865   -10.85133    47.06602
 1147    291     8.14939   -10.85133    47.06602
 1148    291     8.19297   -10.85133    47.06602
 1149    291     8.23655   -10.85133    47.06602
 1150    291     8.28013   -10.85133    47.06602
 1151    291     8.32371   -10.85133    47.06602
 1152    291     8.36729   -10.85133    47.06602
 1160    291     8.71593   -10.85133    47.06602
 1163    291     8.84667   -10.85133    47.06602
 1164    291     8.89025   -10.85133    47.06602
 1165    291     8.93383   -10.85133    47.06602
 1166    291     8.97741   -10.85133    47.06602
 1167    291     9.02099   -10.85133    47.06602
 1168    291     9.06457   -10.85133    47.06602
 1169    291     9.10815   -10.85133    47.06602
 1170    291     9.15173   -10.85133    47.06602
 1171    291     9.19530   -10.85133    47.06602
 1172    291     9.23888   -10.85133    47.06602
 1173    291     9.28246   -10.85133    47.06602
 1174    291     9.32604   -10.85133    47.06602
 1175    291     9.36962   -10.85133    47.06602
 1176    291     9.41320   -10.85133    47.06602
 1177    291     9.45678   -10.85133    47.06602
 1178    291     9.50036   -10.85133    47.06602
 1179    291     9.54394   -10.85133    47.06602
 1180    291     9.58752   -10.85133    47.06602
 1181    291     9.63110   -10.85133    47.06602
 1182    291     9.67468   -10.85133    47.06602
 1183    291     9.71826   -10.85133    47.06602
 1184    291     9.76184   -10.85133    47.06602
 1185    291     9.80542   -10.85133    47.06602
 1186    291     9.84900   -10.85133    47.06602
 1187    291     9.89258   -10.85133    47.06602
 1188    291     9.93616   -10.85133    47.06602
 1189    291     9.97974   -10.85133    47.06602
 1190    291    10.02332   -10.85133    47.06602
 1191    291    10.06690   -10.85133    47.06602
 1192    291    10.11048   -10.85133    47.06602
 1193    291    10.15406   -10.85133    47.06602
 1194    291    10.19764   -10.85133    47.06602
 1195    291    10.24122   -10.85133    47.06602
 1196    291    10.28480   -10.85133    47.06602
 1197    291    10.32838   -10.85133    47.06602
 1198    291    10.37196   -10.85133    47.06602
 1199    291    10.41553   -10.85133    47.06602
 1200    291    10.45911   -10.85133    47.06602
 1201    291    10.50269   -10.85133    47.06602
 1202    291    10.54627   -10.85133    47.06602
 1203    291    10.58985   -10.85133    47.06602
 1204    291    10.63343   -10.85133    47.06602
 1205    291    10.67701   -10.85133    47.06602
 1206    291    10.72059   -10.85133    47.06602
 1207    291    10.76417   -10.85133    47.06602
 1208    291    10.80775   -10.85133    47.06602
 1209    291    10.85133   -10.85133    47.06602
 1210    291    10.89491   -10.85133    47.06602
 1211    291    10.93849   -10.85133    47.06602
 1212    291    10.98207   -10.85133    47.06602
 1213    291    11.02565   -10.85133    47.06602
 1214    291    11.06923   -10.85133    47.06602
 1215    291    11.11281   -10.85133    47.06602
 1216    291    11.15639   -10.85133    47.06602
 1217    291    11.19997   -10.85133    47.06602
 1253    291    12.76884   -10.85133    47.06602
 1254    291    12.81242   -10.85133    47.06602
 1255    291    12.85600   -10.85133    47.06602
 1256    291    12.89957   -10.85133    47.06602
 1257    291    12.94315   -10.85133    47.06602
 1258    291    12.98673   -10.85133    47.06602
 1259    291    13.03031   -10.85133    47.06602
 1260    291    13.07389   -10.85133    47.06602
 1261    291    13.11747   -10.85133    47.06602
 1262    291    13.16105   -10.85133    47.06602
 1263    291    13.20463   -10.85133    47.06602
 1264    291    13.24821   -10.85133    47.06602
 1265    291    13.29179   -10.85133    47.06602
 1326    291    15.95015   -10.85133    47.06602
 1327    291    15.99373   -10.85133    47.06602
 1328    291    16.03731   -10.85133    47.06602
 1329    291    16.08089   -10.85133    47.06602
 1330    291    16.12447   -10.85133    47.06602
 1331    291    16.16805   -10.85133    47.06602
 1349    291    16.95248   -10.85133    47.06602
 1350    291    16.99606   -10.85133    47.06602
 1351    291    17.03964   -10.85133    47.06602
 1352    291    17.08322   -10.85133    47.06602
 1353    291    17.12680   -10.85133    47.06602
 1354    291    17.17038   -10.85133    47.06602
 1356    291    17.25754   -10.85133    47.06602
 1357    291    17.30112   -10.85133    47.06602
 1358    291    17.34470   -10.85133    47.06602
 1359    291    17.38828   -10.85133    47.06602
 1360    291    17.43186   -10.85133    47.06602
 1368    291    17.78049   -10.85133    47.06602
 1369    291    17.82407   -10.85133    47.06602
 1370    291    17.86765   -10.85133    47.06602
 1371    291    17.91123   -10.85133    47.06602
 1372    291    17.95481   -10.85133    47.06602
 1373    291    17.99839   -10.85133    47.06602
 1374    291    18.04197   -10.85133    47.06602
 1375    291    18.08555   -10.85133    47.06602
 1823    291    37.60923   -10.85133    47.06602
 1824    291    37.65281   -10.85133    47.06602
 1825    291    37.69639   -10.85133    47.06602
 1826    291    37.73997   -10.85133    47.06602
 1827    291    37.78355   -10.85133    47.06602
 1828    291    37.82713   -10.85133    47.06602
 1829    291    37.87071   -10.85133    47.06602
 1830    291    37.91429   -10.85133    47.06602
 1831    291    37.95787   -10.85133    47.06602
 1832    291    38.00145   -10.85133    47.06602
 1833    291    38.04503   -10.85133    47.06602
 1834    291    38.08861   -10.85133    47.06602
 1835    291    38.13219   -10.85133    47.06602
 1838    291    38.26293   -10.85133    47.06602
 1839    291    38.30651   -10.85133    47.06602
 1840    291    38.35009   -10.85133    47.06602
 1841    291    38.39367   -10.85133    47.06602
 1842    291    38.43725   -10.85133    47.06602
 1843    291    38.48083   -10.85133    47.06602
 1844    291    38.52441   -10.85133    47.06602
 1845    291    38.56799   -10.85133    47.06602
 1846    291    38.61156   -10.85133    47.06602
 1847    291    38.65514   -10.85133    47.06602
 1848    291    38.69872   -10.85133    47.06602
 1849    291    38.74230   -10.85133    47.06602
  968    292     0.34021   -10.54660    45.92875
  969    292     0.38274   -10.54660    45.92875
  970    292     0.42527   -10.54660    45.92875
  971    292     0.46779   -10.54660    45.92875
  972    292     0.51032   -10.54660    45.92875
  973    292     0.55285   -10.54660    45.92875
  974    292     0.59537   -10.54660    45.92875
  975    292     0.63790   -10.54660    45.92875
  980    292     0.85053   -10.54660    45.92875
  981    292     0.89306   -10.54660    45.92875
  982    292     0.93559   -10.54660    45.92875
  983    292     0.97811   -10.54660    45.92875
  984    292     1.02064   -10.54660    45.92875
  985    292     1.06317   -10.54660    45.92875
  986    292     1.10569   -10.54660    45.92875
  987    292     1.14822   -10.54660    45.92875
 1110    292     6.37899   -10.54660    45.92875
 1111    292     6.42152   -10.54660    45.92875
 1112    292     6.46405   -10.54660    45.92875
 1113    292     6.50657   -10.54660    45.92875
 1114    292     6.54910   -10.54660    45.92875
 1115    292     6.59163   -10.54660    45.92875
 1119    292     6.76173   -10.54660    45.92875
 1122    292     6.88931   -10.54660    45.92875
 1123    292     6.93184   -10.54660    45.92875
 1124    292     6.97437   -10.54660    45.92875
 1125    292     7.01689   -10.54660    45.92875
 1126    292     7.05942   -10.54660    45.92875
 1127    292     7.10195   -10.54660    45.92875
 1128    292     7.14447   -10.54660    45.92875
 1132    292     7.31458   -10.54660    45.92875
 1133    292     7.35710   -10.54660    45.92875
 1146    292     7.90995   -10.54660    45.92875
 1147    292     7.95248   -10.54660    45.92875
 1148    292     7.99500   -10.54660    45.92875
 1149    292     8.03753   -10.54660    45.92875
 1150    292     8.08006   -10.54660    45.92875
 1151    292     8.12258   -10.54660    45.92875
 1152    292     8.16511   -10.54660    45.92875
 1153    292     8.20764   -10.54660    45.92875
 1162    292     8.59038   -10.54660    45.92875
 1163    292     8.63290   -10.54660    45.92875
 1164    292     8.67543   -10.54660    45.92875
 1165    292     8.71796   -10.54660    45.92875
 1166    292     8.76048   -10.54660    45.92875
 1167    292     8.80301   -10.54660    45.92875
 1168    292     8.84554   -10.54660    45.92875
 1169    292     8.88806   -10.54660    45.92875
 1170    292     8.93059   -10.54660    45.92875
 1171    292     8.97312   -10.54660    45.92875
 1172    292     9.01564   -10.54660    45.92875
 1173    292     9.05817   -10.54660    45.92875
 1174    292     9.10070   -10.54660    45.92875
 1175    292     9.14322   -10.54660    45.92875
 1176    292     9.18575   -10.54660    45.92875
 1177    292     9.22828   -10.54660    45.92875
 1178    292     9.27080   -10.54660    45.92875
 1179    292     9.31333   -10.54660    45.92875
 1180    292     9.35586   -10.54660    45.92875
 1181    292     9.39838   -10.54660    45.92875
 1182    292     9.44091   -10.54660    45.92875
 1183    292     9.48344   -10.54660    45.92875
 1184    292     9.52596   -10.54660    45.92875
 1185    292     9.56849   -10.54660    45.92875
 1186    292     9.61102   -10.54660    45.92875
 1187    292     9.65354   -10.54660    45.92875
 1188    292     9.69607   -10.54660    45.92875
 1189    292     9.73860   -10.54660    45.92875
 1190    292     9.78112   -10.54660    45.92875
 1191    292     9.82365   -10.54660    45.92875
 1192    292     9.86618   -10.54660    45.92875
 1193    292     9.90870   -10.54660    45.92875
 1194    292     9.95123   -10.54660    45.92875
 1195    292     9.99376   -10.54660    45.92875
 1196    292    10.03628   -10.54660    45.92875
 1197    292    10.07881   -10.54660    45.92875
 1198    292    10.12133   -10.54660    45.92875
 1199    292    10.16386   -10.54660    45.92875
 1200    292    10.20639   -10.54660    45.92875
 1201    292    10.24891   -10.54660    45.92875
 1202    292    10.29144   -10.54660    45.92875
 1203    292    10.33397   -10.54660    45.92875
 1204    292    10.37649   -10.54660    45.92875
 1205    292    10.41902   -10.54660    45.92875
 1206    292    10.46155   -10.54660    45.92875
 1207    292    10.50407   -10.54660    45.92875
 1208    292    10.54660   -10.54660    45.92875
 1209    292    10.58913   -10.54660    45.92875
 1210    292    10.63165   -10.54660    45.92875
 1211    292    10.67418   -10.54660    45.92875
 1212    292    10.71671   -10.54660    45.92875
 1213    292    10.75923   -10.54660    45.92875
 1214    292    10.80176   -10.54660    45.92875
 1215    292    10.84429   -10.54660    45.92875
 1216    292    10.88681   -10.54660    45.92875
 1217    292    10.92934   -10.54660    45.92875
 1254    292    12.50283   -10.54660    45.92875
 1255    292    12.54535   -10.54660    45.92875
 1256    292    12.58788   -10.54660    45.92875
 1257    292    12.63041   -10.54660    45.92875
 1258    292    12.67293   -10.54660    45.92875
 1259    292    12.71546   -10.54660    45.92875
 1260    292    12.75799   -10.54660    45.92875
 1261    292    12.80051   -10.54660    45.92875
 1262    292    12.84304   -10.54660    45.92875
 1263    292    12.88557   -10.54660    45.92875
 1264    292    12.92809   -10.54660    45.92875
 1265    292    12.97062   -10.54660    45.92875
 1326    292    15.56474   -10.54660    45.92875
 1327    292    15.60727   -10.54660    45.92875
 1328    292    15.64980   -10.54660    45.92875
 1329    292    15.69232   -10.54660    45.92875
 1330    292    15.73485   -10.54660    45.92875
 1331    292    15.77738   -10.54660    45.92875
 1332    292    15.81990   -10.54660    45.92875
 1349    292    16.54285   -10.54660    45.92875
 1350    292    16.58538   -10.54660    45.92875
 1351    292    16.62791   -10.54660    45.92875
 1352    292    16.67043   -10.54660    45.92875
 1353    292    16.71296   -10.54660    45.92875
 1354    292    16.75549   -10.54660    45.92875
 1356    292    16.84054   -10.54660    45.92875
 1357    292    16.88307   -10.54660    45.92875
 1358    292    16.92559   -10.54660    45.92875
 1359    292    16.96812   -10.54660    45.92875
 1360    292    17.01065   -10.54660    45.92875
 1361    292    17.05317   -10.54660    45.92875
 1368    292    17.35086   -10.54660    45.92875
 1369    292    17.39339   -10.54660    45.92875
 1370    292    17.43591   -10.54660    45.92875
 1371    292    17.47844   -10.54660    45.92875
 1372    292    17.52097   -10.54660    45.92875
 1373    292    17.56349   -10.54660    45.92875
 1374    292    17.60602   -10.54660    45.92875
 1826    292    36.82805   -10.54660    45.92875
 1827    292    36.87058   -10.54660    45.92875
 1828    292    36.91310   -10.54660    45.92875
 1829    292    36.95563   -10.54660    45.92875
 1830    292    36.99816   -10.54660    45.92875
 1831    292    37.04068   -10.54660    45.92875
 1832    292    37.08321   -10.54660    45.92875
 1833    292    37.12574   -10.54660    45.92875
 1834    292    37.16826   -10.54660    45.92875
 1835    292    37.21079   -10.54660    45.92875
 1836    292    37.25332   -10.54660    45.92875
 1837    292    37.29584   -10.54660    45.92875
 1838    292    37.33837   -10.54660    45.92875
 1840    292    37.42342   -10.54660    45.92875
 1841    292    37.46595   -10.54660    45.92875
 1842    292    37.50848   -10.54660    45.92875
 1843    292    37.55100   -10.54660    45.92875
 1844    292    37.59353   -10.54660    45.92875
 1845    292    37.63606   -10.54660    45.92875
 1846    292    37.67858   -10.54660    45.92875
 1847    292    37.72111   -10.54660    45.92875
 1848    292    37.76364   -10.54660    45.92875
 1849    292    37.80616   -10.54660    45.92875
 1850    292    37.84869   -10.54660    45.92875
 1851    292    37.89122   -10.54660    45.92875
  967    293     0.29066   -10.25625    44.84514
  968    293     0.33219   -10.25625    44.84514
  969    293     0.37371   -10.25625    44.84514
  970    293     0.41523   -10.25625    44.84514
  971    293     0.45676   -10.25625    44.84514
  972    293     0.49828   -10.25625    44.84514
  973    293     0.53980   -10.25625    44.84514
  974    293     0.58133   -10.25625    44.84514
  979    293     0.78894   -10.25625    44.84514
  980    293     0.83047   -10.25625    44.84514
  981    293     0.87199   -10.25625    44.84514
  982    293     0.91351   -10.25625    44.84514
  983    293     0.95504   -10.25625    44.84514
  984    293     0.99656   -10.25625    44.84514
  985    293     1.03808   -10.25625    44.84514
  986    293     1.07961   -10.25625    44.84514
 1111    293     6.27002   -10.25625    44.84514
 1112    293     6.31154   -10.25625    44.84514
 1113    293     6.35306   -10.25625    44.84514
 1114    293     6.39459   -10.25625    44.84514
 1115    293     6.43611   -10.25625    44.84514
 1119    293     6.60220   -10.25625    44.84514
 1120    293     6.64372   -10.25625    44.84514
 1122    293     6.72677   -10.25625    44.84514
 1123    293     6.76829   -10.25625    44.84514
 1124    293     6.80982   -10.25625    44.84514
 1125    293     6.85134   -10.25625    44.84514
 1126    293     6.89286   -10.25625    44.84514
 1127    293     6.93439   -10.25625    44.84514
 1134    293     7.22505   -10.25625    44.84514
 1135    293     7.26657   -10.25625    44.84514
 1145    293     7.68181   -10.25625    44.84514
 1146    293     7.72333   -10.25625    44.84514
 1147    293     7.76485   -10.25625    44.84514
 1148    293     7.80638   -10.25625    44.84514
 1149    293     7.84790   -10.25625    44.84514
 1150    293     7.88942   -10.25625    44.84514
 1151    293     7.93095   -10.25625    44.84514
 1152    293     7.97247   -10.25625    44.84514
 1153    293     8.01399   -10.25625    44.84514
 1154    293     8.05552   -10.25625    44.84514
 1155    293     8.09704   -10.25625    44.84514
 1156    293     8.13856   -10.25625    44.84514
 1157    293     8.18009   -10.25625    44.84514
 1158    293     8.22161   -10.25625    44.84514
 1159    293     8.26313   -10.25625    44.84514
 1160    293     8.30466   -10.25625    44.84514
 1161    293     8.34618   -10.25625    44.84514
 1162    293     8.38770   -10.25625    44.84514
 1163    293     8.42923   -10.25625    44.84514
 1164    293     8.47075   -10.25625    44.84514
 1165    293     8.51227   -10.25625    44.84514
 1166    293     8.55380   -10.25625    44.84514
 1167    293     8.59532   -10.25625    44.84514
 1168    293     8.63684   -10.25625    44.84514
 1169    293     8.67837   -10.25625    44.84514
 1170    293     8.71989   -10.25625    44.84514
 1171    293     8.76141   -10.25625    44.84514
 1172    293     8.80294   -10.25625    44.84514
 1173    293     8.84446   -10.25625    44.84514
 1174    293     8.88598   -10.25625    44.84514
 1175    293     8.92751   -10.25625    44.84514
 1176    293     8.96903   -10.25625    44.84514
 1177    293     9.01055   -10.25625    44.84514
 1178    293     9.05207   -10.25625    44.84514
 1179    293     9.09360   -10.25625    44.84514
 1180    293     9.13512   -10.25625    44.84514
 1181    293     9.17664   -10.25625    44.84514
 1183    293     9.25969   -10.25625    44.84514
 1184    293     9.30121   -10.25625    44.84514
 1185    293     9.34274   -10.25625    44.84514
 1186    293     9.38426   -10.25625    44.84514
 1187    293     9.42578   -10.25625    44.84514
 1188    293     9.46731   -10.25625    44.84514
 1189    293     9.50883   -10.25625    44.84514
 1190    293     9.55035   -10.25625    44.84514
 1191    293     9.59188   -10.25625    44.84514
 1192    293     9.63340   -10.25625    44.84514
 1193    293     9.67492   -10.25625    44.84514
 1194    293     9.71645   -10.25625    44.84514
 1195    293     9.75797   -10.25625    44.84514
 1196    293     9.79949   -10.25625    44.84514
 1197    293     9.84102   -10.25625    44.84514
 1198    293     9.88254   -10.25625    44.84514
 1199    293     9.92406   -10.25625    44.84514
 1200    293     9.96559   -10.25625    44.84514
 1201    293    10.00711   -10.25625    44.84514
 1202    293    10.04863   -10.25625    44.84514
 1203    293    10.09016   -10.25625    44.84514
 1204    293    10.13168   -10.25625    44.84514
 1205    293    10.17320   -10.25625    44.84514
 1206    293    10.21473   -10.25625    44.84514
 1207    293    10.25625   -10.25625    44.84514
 1208    293    10.29777   -10.25625    44.84514
 1209    293    10.33930   -10.25625    44.84514
 1210    293    10.38082   -10.25625    44.84514
 1211    293    10.42234   -10.25625    44.84514
 1212    293    10.46387   -10.25625    44.84514
 1213    293    10.50539   -10.25625    44.84514
 1214    293    10.54691   -10.25625    44.84514
 1215    293    10.58844   -10.25625    44.84514
 1216    293    10.62996   -10.25625    44.84514
 1217    293    10.67148   -10.25625    44.84514
 1255    293    12.24937   -10.25625    44.84514
 1256    293    12.29089   -10.25625    44.84514
 1257    293    12.33241   -10.25625    44.84514
 1258    293    12.37394   -10.25625    44.84514
 1259    293    12.41546   -10.25625    44.84514
 1260    293    12.45698   -10.25625    44.84514
 1261    293    12.49851   -10.25625    44.84514
 1262    293    12.54003   -10.25625    44.84514
 1263    293    12.58155   -10.25625    44.84514
 1264    293    12.62308   -10.25625    44.84514
 1327    293    15.23904   -10.25625    44.84514
 1328    293    15.28057   -10.25625    44.84514
 1329    293    15.32209   -10.25625    44.84514
 1330    293    15.36361   -10.25625    44.84514
 1331    293    15.40514   -10.25625    44.84514
 1332    293    15.44666   -10.25625    44.84514
 1333    293    15.48818   -10.25625    44.84514
 1350    293    16.19408   -10.25625    44.84514
 1351    293    16.23560   -10.25625    44.84514
 1352    293    16.27713   -10.25625    44.84514
 1353    293    16.31865   -10.25625    44.84514
 1354    293    16.36017   -10.25625    44.84514
 1356    293    16.44322   -10.25625    44.84514
 1357    293    16.48474   -10.25625    44.84514
 1358    293    16.52627   -10.25625    44.84514
 1359    293    16.56779   -10.25625    44.84514
 1360    293    16.60931   -10.25625    44.84514
 1361    293    16.65084   -10.25625    44.84514
 1368    293    16.94150   -10.25625    44.84514
 1369    293    16.98302   -10.25625    44.84514
 1370    293    17.02454   -10.25625    44.84514
 1371    293    17.06607   -10.25625    44.84514
 1372    293    17.10759   -10.25625    44.84514
 1373    293    17.14911   -10.25625    44.84514
 1374    293    17.19064   -10.25625    44.84514
 1375    293    17.23216   -10.25625    44.84514
 1376    293    17.27368   -10.25625    44.84514
 1377    293    17.31521   -10.25625    44.84514
 1378    293    17.35673   -10.25625    44.84514
 1830    293    36.12525   -10.25625    44.84514
 1831    293    36.16678   -10.25625    44.84514
 1832    293    36.20830   -10.25625    44.84514
 1833    293    36.24982   -10.25625    44.84514
 1834    293    36.29135   -10.25625    44.84514
 1835    293    36.33287   -10.25625    44.84514
 1836    293    36.37439   -10.25625    44.84514
 1837    293    36.41592   -10.25625    44.84514
 1838    293    36.45744   -10.25625    44.84514
 1839    293    36.49896   -10.25625    44.84514
 1840    293    36.54049   -10.25625    44.84514
 1843    293    36.66506   -10.25625    44.84514
 1844    293    36.70658   -10.25625    44.84514
 1845    293    36.74810   -10.25625    44.84514
 1846    293    36.78963   -10.25625    44.84514
 1847    293    36.83115   -10.25625    44.84514
 1848    293    36.87267   -10.25625    44.84514
 1849    293    36.91420   -10.25625    44.84514
 1850    293    36.95572   -10.25625    44.84514
 1851    293    36.99724   -10.25625    44.84514
 1852    293    37.03877   -10.25625    44.84514
 1853    293    37.08029   -10.25625    44.84514
  966    294     0.24340    -9.97928    43.81149
  967    294     0.28396    -9.97928    43.81149
  968    294     0.32453    -9.97928    43.81149
  969    294     0.36510    -9.97928    43.81149
  970    294     0.40566    -9.97928    43.81149
  971    294     0.44623    -9.97928    43.81149
  972    294     0.48679    -9.97928    43.81149
  973    294     0.52736    -9.97928    43.81149
  978    294     0.73019    -9.97928    43.81149
  979    294     0.77076    -9.97928    43.81149
  980    294     0.81132    -9.97928    43.81149
  981    294     0.85189    -9.97928    43.81149
  982    294     0.89246    -9.97928    43.81149
  983    294     0.93302    -9.97928    43.81149
  984    294     0.97359    -9.97928    43.81149
  985    294     1.01415    -9.97928    43.81149
 1111    294     6.12550    -9.97928    43.81149
 1112    294     6.16606    -9.97928    43.81149
 1113    294     6.20663    -9.97928    43.81149
 1114    294     6.24719    -9.97928    43.81149
 1116    294     6.32833    -9.97928    43.81149
 1117    294     6.36889    -9.97928    43.81149
 1119    294     6.45002    -9.97928    43.81149
 1120    294     6.49059    -9.97928    43.81149
 1122    294     6.57172    -9.97928    43.81149
 1123    294     6.61229    -9.97928    43.81149
 1124    294     6.65286    -9.97928    43.81149
 1125    294     6.69342    -9.97928    43.81149
 1126    294     6.73399    -9.97928    43.81149
 1135    294     7.09908    -9.97928    43.81149
 1141    294     7.34248    -9.97928    43.81149
 1142    294     7.38305    -9.97928    43.81149
 1143    294     7.42361    -9.97928    43.81149
 1144    294     7.46418    -9.97928    43.81149
 1145    294     7.50475    -9.97928    43.81149
 1146    294     7.54531    -9.97928    43.81149
 1147    294     7.58588    -9.97928    43.81149
 1148    294     7.62644    -9.97928    43.81149
 1150    294     7.70758    -9.97928    43.81149
 1151    294     7.74814    -9.97928    43.81149
 1152    294     7.78871    -9.97928    43.81149
 1153    294     7.82928    -9.97928    43.81149
 1154    294     7.86984    -9.97928    43.81149
 1155    294     7.91041    -9.97928    43.81149
 1156    294     7.95097    -9.97928    43.81149
 1159    294     8.07267    -9.97928    43.81149
 1160    294     8.11324    -9.97928    43.81149
 1161    294     8.15380    -9.97928    43.81149
 1162    294     8.19437    -9.97928    43.81149
 1163    294     8.23494    -9.97928    43.81149
 1164    294     8.27550    -9.97928    43.81149
 1165    294     8.31607    -9.97928    43.81149
 1166    294     8.35664    -9.97928    43.81149
 1167    294     8.39720    -9.97928    43.81149
 1168    294     8.43777    -9.97928    43.81149
 1169    294     8.47833    -9.97928    43.81149
 1170    294     8.51890    -9.97928    43.81149
 1171    294     8.55947    -9.97928    43.81149
 1172    294     8.60003    -9.97928    43.81149
 1173    294     8.64060    -9.97928    43.81149
 1174    294     8.68117    -9.97928    43.81149
 1175    294     8.72173    -9.97928    43.81149
 1176    294     8.76230    -9.97928    43.81149
 1177    294     8.80286    -9.97928    43.81149
 1178    294     8.84343    -9.97928    43.81149
 1179    294     8.88400    -9.97928    43.81149
 1180    294     8.92456    -9.97928    43.81149
 1181    294     8.96513    -9.97928    43.81149
 1186    294     9.16796    -9.97928    43.81149
 1187    294     9.20853    -9.97928    43.81149
 1188    294     9.24909    -9.97928    43.81149
 1189    294     9.28966    -9.97928    43.81149
 1190    294     9.33022    -9.97928    43.81149
 1191    294     9.37079    -9.97928    43.81149
 1192    294     9.41136    -9.97928    43.81149
 1193    294     9.45192    -9.97928    43.81149
 1194    294     9.49249    -9.97928    43.81149
 1195    294     9.53306    -9.97928    43.81149
 1196    294     9.57362    -9.97928    43.81149
 1197    294     9.61419    -9.97928    43.81149
 1198    294     9.65475    -9.97928    43.81149
 1199    294     9.69532    -9.97928    43.81149
 1200    294     9.73589    -9.97928    43.81149
 1201    294     9.77645    -9.97928    43.81149
 1202    294     9.81702    -9.97928    43.81149
 1203    294     9.85759    -9.97928    43.81149
 1204    294     9.89815    -9.97928    43.81149
 1205    294     9.93872    -9.97928    43.81149
 1206    294     9.97928    -9.97928    43.81149
 1207    294    10.01985    -9.97928    43.81149
 1208    294    10.06042    -9.97928    43.81149
 1209    294    10.10098    -9.97928    43.81149
 1210    294    10.14155    -9.97928    43.81149
 1211    294    10.18211    -9.97928    43.81149
 1212    294    10.22268    -9.97928    43.81149
 1213    294    10.26325    -9.97928    43.81149
 1214    294    10.30381    -9.97928    43.81149
 1215    294    10.34438    -9.97928    43.81149
 1216    294    10.38495    -9.97928    43.81149
 1217    294    10.42551    -9.97928    43.81149
 1218    294    10.46608    -9.97928    43.81149
 1258    294    12.08873    -9.97928    43.81149
 1259    294    12.12929    -9.97928    43.81149
 1260    294    12.16986    -9.97928    43.81149
 1261    294    12.21042    -9.97928    43.81149
 1328    294    14.92836    -9.97928    43.81149
 1329    294    14.96893    -9.97928    43.81149
 1330    294    15.00949    -9.97928    43.81149
 1331    294    15.05006    -9.97928    43.81149
 1332    294    15.09062    -9.97928    43.81149
 1333    294    15.13119    -9.97928    43.81149
 1350    294    15.82082    -9.97928    43.81149
 1351    294    15.86138    -9.97928    43.81149
 1352    294    15.90195    -9.97928    43.81149
 1353    294    15.94251    -9.97928    43.81149
 1354    294    15.98308    -9.97928    43.81149
 1355    294    16.02365    -9.97928    43.81149
 1356    294    16.06421    -9.97928    43.81149
 1357    294    16.10478    -9.97928    43.81149
 1358    294    16.14535    -9.97928    43.81149
 1359    294    16.18591    -9.97928    43.81149
 1360    294    16.22648    -9.97928    43.81149
 1361    294    16.26704    -9.97928    43.81149
 1369    294    16.59157    -9.97928    43.81149
 1370    294    16.63214    -9.97928    43.81149
 1371    294    16.67271    -9.97928    43.81149
 1372    294    16.71327    -9.97928    43.81149
 1373    294    16.75384    -9.97928    43.81149
 1374    294    16.79440    -9.97928    43.81149
 1375    294    16.83497    -9.97928    43.81149
 1376    294    16.87554    -9.97928    43.81149
 1377    294    16.91610    -9.97928    43.81149
 1378    294    16.95667    -9.97928    43.81149
 1379    294    16.99724    -9.97928    43.81149
 1833    294    35.41429    -9.97928    43.81149
 1834    294    35.45485    -9.97928    43.81149
 1835    294    35.49542    -9.97928    43.81149
 1836    294    35.53599    -9.97928    43.81149
 1837    294    35.57655    -9.97928    43.81149
 1838    294    35.61712    -9.97928    43.81149
 1839    294    35.65768    -9.97928    43.81149
 1840    294    35.69825    -9.97928    43.81149
 1841    294    35.73882    -9.97928    43.81149
 1842    294    35.77938    -9.97928    43.81149
 1843    294    35.81995    -9.97928    43.81149
 1844    294    35.86052    -9.97928    43.81149
 1845    294    35.90108    -9.97928    43.81149
 1846    294    35.94165    -9.97928    43.81149
 1847    294    35.98221    -9.97928    43.81149
 1848    294    36.02278    -9.97928    43.81149
 1849    294    36.06335    -9.97928    43.81149
 1850    294    36.10391    -9.97928    43.81149
 1851    294    36.14448    -9.97928    43.81149
 1852    294    36.18504    -9.97928    43.81149
 1853    294    36.22561    -9.97928    43.81149
 1854    294    36.26618    -9.97928    43.81149
  964    295     0.15861    -9.71480    42.82441
  965    295     0.19826    -9.71480    42.82441
  966    295     0.23791    -9.71480    42.82441
  967    295     0.27757    -9.71480    42.82441
  968    295     0.31722    -9.71480    42.82441
  969    295     0.35687    -9.71480    42.82441
  970    295     0.39652    -9.71480    42.82441
  971    295     0.43617    -9.71480    42.82441
  977    295     0.67409    -9.71480    42.82441
  978    295     0.71374    -9.71480    42.82441
  979    295     0.75339    -9.71480    42.82441
  980    295     0.79304    -9.71480    42.82441
  981    295     0.83270    -9.71480    42.82441
  982    295     0.87235    -9.71480    42.82441
  983    295     0.91200    -9.71480    42.82441
  984    295     0.95165    -9.71480    42.82441
 1111    295     5.98749    -9.71480    42.82441
 1112    295     6.02714    -9.71480    42.82441
 1113    295     6.06679    -9.71480    42.82441
 1114    295     6.10644    -9.71480    42.82441
 1115    295     6.14610    -9.71480    42.82441
 1116    295     6.18575    -9.71480    42.82441
 1117    295     6.22540    -9.71480    42.82441
 1118    295     6.26505    -9.71480    42.82441
 1119    295     6.30471    -9.71480    42.82441
 1120    295     6.34436    -9.71480    42.82441
 1121    295     6.38401    -9.71480    42.82441
 1123    295     6.46331    -9.71480    42.82441
 1124    295     6.50297    -9.71480    42.82441
 1125    295     6.54262    -9.71480    42.82441
 1126    295     6.58227    -9.71480    42.82441
 1127    295     6.62192    -9.71480    42.82441
 1128    295     6.66158    -9.71480    42.82441
 1129    295     6.70123    -9.71480    42.82441
 1130    295     6.74088    -9.71480    42.82441
 1131    295     6.78053    -9.71480    42.82441
 1135    295     6.93914    -9.71480    42.82441
 1136    295     6.97879    -9.71480    42.82441
 1137    295     7.01845    -9.71480    42.82441
 1141    295     7.17705    -9.71480    42.82441
 1142    295     7.21671    -9.71480    42.82441
 1143    295     7.25636    -9.71480    42.82441
 1144    295     7.29601    -9.71480    42.82441
 1145    295     7.33566    -9.71480    42.82441
 1146    295     7.37532    -9.71480    42.82441
 1147    295     7.41497    -9.71480    42.82441
 1148    295     7.45462    -9.71480    42.82441
 1150    295     7.53392    -9.71480    42.82441
 1151    295     7.57358    -9.71480    42.82441
 1152    295     7.61323    -9.71480    42.82441
 1153    295     7.65288    -9.71480    42.82441
 1154    295     7.69253    -9.71480    42.82441
 1155    295     7.73219    -9.71480    42.82441
 1156    295     7.77184    -9.71480    42.82441
 1159    295     7.89079    -9.71480    42.82441
 1160    295     7.93045    -9.71480    42.82441
 1161    295     7.97010    -9.71480    42.82441
 1162    295     8.00975    -9.71480    42.82441
 1163    295     8.04940    -9.71480    42.82441
 1164    295     8.08906    -9.71480    42.82441
 1165    295     8.12871    -9.71480    42.82441
 1166    295     8.16836    -9.71480    42.82441
 1167    295     8.20801    -9.71480    42.82441
 1168    295     8.24766    -9.71480    42.82441
 1169    295     8.28732    -9.71480    42.82441
 1170    295     8.32697    -9.71480    42.82441
 1171    295     8.36662    -9.71480    42.82441
 1172    295     8.40627    -9.71480    42.82441
 1173    295     8.44593    -9.71480    42.82441
 1174    295     8.48558    -9.71480    42.82441
 1175    295     8.52523    -9.71480    42.82441
 1176    295     8.56488    -9.71480    42.82441
 1177    295     8.60453    -9.71480    42.82441
 1178    295     8.64419    -9.71480    42.82441
 1179    295     8.68384    -9.71480    42.82441
 1180    295     8.72349    -9.71480    42.82441
 1197    295     9.39758    -9.71480    42.82441
 1198    295     9.43723    -9.71480    42.82441
 1199    295     9.47688    -9.71480    42.82441
 1200    295     9.51654    -9.71480    42.82441
 1201    295     9.55619    -9.71480    42.82441
 1202    295     9.59584    -9.71480    42.82441
 1213    295    10.03202    -9.71480    42.82441
 1214    295    10.07167    -9.71480    42.82441
 1215    295    10.11132    -9.71480    42.82441
 1216    295    10.15097    -9.71480    42.82441
 1217    295    10.19062    -9.71480    42.82441
 1218    295    10.23028    -9.71480    42.82441
 1329    295    14.63167    -9.71480    42.82441
 1330    295    14.67133    -9.71480    42.82441
 1331    295    14.71098    -9.71480    42.82441
 1332    295    14.75063    -9.71480    42.82441
 1333    295    14.79028    -9.71480    42.82441
 1334    295    14.82994    -9.71480    42.82441
 1350    295    15.46437    -9.71480    42.82441
 1351    295    15.50402    -9.71480    42.82441
 1352    295    15.54368    -9.71480    42.82441
 1353    295    15.58333    -9.71480    42.82441
 1354    295    15.62298    -9.71480    42.82441
 1355    295    15.66263    -9.71480    42.82441
 1356    295    15.70228    -9.71480    42.82441
 1357    295    15.74194    -9.71480    42.82441
 1358    295    15.78159    -9.71480    42.82441
 1359    295    15.82124    -9.71480    42.82441
 1360    295    15.86089    -9.71480    42.82441
 1361    295    15.90055    -9.71480    42.82441
 1369    295    16.21776    -9.71480    42.82441
 1370    295    16.25742    -9.71480    42.82441
 1371    295    16.29707    -9.71480    42.82441
 1372    295    16.33672    -9.71480    42.82441
 1373    295    16.37637    -9.71480    42.82441
 1374    295    16.41603    -9.71480    42.82441
 1375    295    16.45568    -9.71480    42.82441
 1376    295    16.49533    -9.71480    42.82441
 1377    295    16.53498    -9.71480    42.82441
 1378    295    16.57463    -9.71480    42.82441
 1379    295    16.61429    -9.71480    42.82441
 1380    295    16.65394    -9.71480    42.82441
 1381    295    16.69359    -9.71480    42.82441
 1835    295    34.69571    -9.71480    42.82441
 1836    295    34.73536    -9.71480    42.82441
 1837    295    34.77501    -9.71480    42.82441
 1838    295    34.81466    -9.71480    42.82441
 1839    295    34.85431    -9.71480    42.82441
 1840    295    34.89397    -9.71480    42.82441
 1841    295    34.93362    -9.71480    42.82441
 1842    295    34.97327    -9.71480    42.82441
 1843    295    35.01292    -9.71480    42.82441
 1844    295    35.05258    -9.71480    42.82441
 1845    295    35.09223    -9.71480    42.82441
 1846    295    35.13188    -9.71480    42.82441
 1847    295    35.17153    -9.71480    42.82441
 1848    295    35.21118    -9.71480    42.82441
 1849    295    35.25084    -9.71480    42.82441
 1850    295    35.29049    -9.71480    42.82441
 1851    295    35.33014    -9.71480    42.82441
 1852    295    35.36979    -9.71480    42.82441
 1853    295    35.40945    -9.71480    42.82441
 1854    295    35.44910    -9.71480    42.82441
  963    296     0.11634    -9.46197    41.88084
  964    296     0.15511    -9.46197    41.88084
  965    296     0.19389    -9.46197    41.88084
  966    296     0.23267    -9.46197    41.88084
  967    296     0.27145    -9.46197    41.88084
  968    296     0.31023    -9.46197    41.88084
  969    296     0.34901    -9.46197    41.88084
  970    296     0.38779    -9.46197    41.88084
  975    296     0.58168    -9.46197    41.88084
  976    296     0.62046    -9.46197    41.88084
  977    296     0.65924    -9.46197    41.88084
  978    296     0.69801    -9.46197    41.88084
  979    296     0.73679    -9.46197    41.88084
  980    296     0.77557    -9.46197    41.88084
  981    296     0.81435    -9.46197    41.88084
  982    296     0.85313    -9.46197    41.88084
 1111    296     5.85556    -9.46197    41.88084
 1112    296     5.89434    -9.46197    41.88084
 1113    296     5.93312    -9.46197    41.88084
 1114    296     5.97190    -9.46197    41.88084
 1115    296     6.01068    -9.46197    41.88084
 1116    296     6.04945    -9.46197    41.88084
 1117    296     6.08823    -9.46197    41.88084
 1118    296     6.12701    -9.46197    41.88084
 1119    296     6.16579    -9.46197    41.88084
 1120    296     6.20457    -9.46197    41.88084
 1121    296     6.24335    -9.46197    41.88084
 1122    296     6.28213    -9.46197    41.88084
 1127    296     6.47602    -9.46197    41.88084
 1128    296     6.51480    -9.46197    41.88084
 1129    296     6.55358    -9.46197    41.88084
 1130    296     6.59235    -9.46197    41.88084
 1131    296     6.63113    -9.46197    41.88084
 1132    296     6.66991    -9.46197    41.88084
 1133    296     6.70869    -9.46197    41.88084
 1134    296     6.74747    -9.46197    41.88084
 1135    296     6.78625    -9.46197    41.88084
 1136    296     6.82503    -9.46197    41.88084
 1137    296     6.86380    -9.46197    41.88084
 1138    296     6.90258    -9.46197    41.88084
 1140    296     6.98014    -9.46197    41.88084
 1141    296     7.01892    -9.46197    41.88084
 1142    296     7.05770    -9.46197    41.88084
 1143    296     7.09647    -9.46197    41.88084
 1144    296     7.13525    -9.46197    41.88084
 1145    296     7.17403    -9.46197    41.88084
 1146    296     7.21281    -9.46197    41.88084
 1147    296     7.25159    -9.46197    41.88084
 1148    296     7.29037    -9.46197    41.88084
 1149    296     7.32915    -9.46197    41.88084
 1150    296     7.36792    -9.46197    41.88084
 1151    296     7.40670    -9.46197    41.88084
 1152    296     7.44548    -9.46197    41.88084
 1153    296     7.48426    -9.46197    41.88084
 1154    296     7.52304    -9.46197    41.88084
 1155    296     7.56182    -9.46197    41.88084
 1156    296     7.60060    -9.46197    41.88084
 1157    296     7.63937    -9.46197    41.88084
 1158    296     7.67815    -9.46197    41.88084
 1159    296     7.71693    -9.46197    41.88084
 1160    296     7.75571    -9.46197    41.88084
 1161    296     7.79449    -9.46197    41.88084
 1162    296     7.83327    -9.46197    41.88084
 1163    296     7.87205    -9.46197    41.88084
 1164    296     7.91082    -9.46197    41.88084
 1165    296     7.94960    -9.46197    41.88084
 1166    296     7.98838    -9.46197    41.88084
 1167    296     8.02716    -9.46197    41.88084
 1168    296     8.06594    -9.46197    41.88084
 1197    296     9.19052    -9.46197    41.88084
 1198    296     9.22930    -9.46197    41.88084
 1199    296     9.26807    -9.46197    41.88084
 1200    296     9.30685    -9.46197    41.88084
 1201    296     9.34563    -9.46197    41.88084
 1202    296     9.38441    -9.46197    41.88084
 1213    296     9.81097    -9.46197    41.88084
 1214    296     9.84975    -9.46197    41.88084
 1215    296     9.88853    -9.46197    41.88084
 1216    296     9.92731    -9.46197    41.88084
 1217    296     9.96609    -9.46197    41.88084
 1218    296    10.00487    -9.46197    41.88084
 1329    296    14.30929    -9.46197    41.88084
 1330    296    14.34806    -9.46197    41.88084
 1331    296    14.38684    -9.46197    41.88084
 1332    296    14.42562    -9.46197    41.88084
 1333    296    14.46440    -9.46197    41.88084
 1334    296    14.50318    -9.46197    41.88084
 1351    296    15.16241    -9.46197    41.88084
 1352    296    15.20119    -9.46197    41.88084
 1353    296    15.23997    -9.46197    41.88084
 1354    296    15.27875    -9.46197    41.88084
 1355    296    15.31753    -9.46197    41.88084
 1356    296    15.35631    -9.46197    41.88084
 1358    296    15.43386    -9.46197    41.88084
 1359    296    15.47264    -9.46197    41.88084
 1360    296    15.51142    -9.46197    41.88084
 1361    296    15.55020    -9.46197    41.88084
 1362    296    15.58898    -9.46197    41.88084
 1370    296    15.89921    -9.46197    41.88084
 1371    296    15.93798    -9.46197    41.88084
 1372    296    15.97676    -9.46197    41.88084
 1373    296    16.01554    -9.46197    41.88084
 1374    296    16.05432    -9.46197    41.88084
 1375    296    16.09310    -9.46197    41.88084
 1376    296    16.13188    -9.46197    41.88084
 1377    296    16.17066    -9.46197    41.88084
 1378    296    16.20943    -9.46197    41.88084
 1379    296    16.24821    -9.46197    41.88084
 1380    296    16.28699    -9.46197    41.88084
 1381    296    16.32577    -9.46197    41.88084
 1838    296    34.04757    -9.46197    41.88084
 1839    296    34.08635    -9.46197    41.88084
 1840    296    34.12513    -9.46197    41.88084
 1841    296    34.16390    -9.46197    41.88084
 1842    296    34.20268    -9.46197    41.88084
 1843    296    34.24146    -9.46197    41.88084
 1844    296    34.28024    -9.46197    41.88084
 1845    296    34.31902    -9.46197    41.88084
 1846    296    34.35780    -9.46197    41.88084
 1847    296    34.39657    -9.46197    41.88084
 1848    296    34.43535    -9.46197    41.88084
 1849    296    34.47413    -9.46197    41.88084
 1850    296    34.51291    -9.46197    41.88084
 1851    296    34.55169    -9.46197    41.88084
 1852    296    34.59047    -9.46197    41.88084
 1853    296    34.62925    -9.46197    41.88084
 1854    296    34.66802    -9.46197    41.88084
  962    297     0.07589    -9.22004    40.97794
  963    297     0.11383    -9.22004    40.97794
  964    297     0.15177    -9.22004    40.97794
  965    297     0.18971    -9.22004    40.97794
  966    297     0.22766    -9.22004    40.97794
  967    297     0.26560    -9.22004    40.97794
  968    297     0.30354    -9.22004    40.97794
  969    297     0.34148    -9.22004    40.97794
  974    297     0.53120    -9.22004    40.97794
  975    297     0.56914    -9.22004    40.97794
  976    297     0.60708    -9.22004    40.97794
  977    297     0.64502    -9.22004    40.97794
  978    297     0.68297    -9.22004    40.97794
  979    297     0.72091    -9.22004    40.97794
  980    297     0.75885    -9.22004    40.97794
  981    297     0.79679    -9.22004    40.97794
  982    297     0.83474    -9.22004    40.97794
 1111    297     5.72932    -9.22004    40.97794
 1112    297     5.76727    -9.22004    40.97794
 1113    297     5.80521    -9.22004    40.97794
 1114    297     5.84315    -9.22004    40.97794
 1115    297     5.88109    -9.22004    40.97794
 1116    297     5.91904    -9.22004    40.97794
 1117    297     5.95698    -9.22004    40.97794
 1118    297     5.99492    -9.22004    40.97794
 1119    297     6.03286    -9.22004    40.97794
 1120    297     6.07081    -9.22004    40.97794
 1121    297     6.10875    -9.22004    40.97794
 1122    297     6.14669    -9.22004    40.97794
 1126    297     6.29846    -9.22004    40.97794
 1127    297     6.33640    -9.22004    40.97794
 1128    297     6.37435    -9.22004    40.97794
 1129    297     6.41229    -9.22004    40.97794
 1130    297     6.45023    -9.22004    40.97794
 1131    297     6.48817    -9.22004    40.97794
 1132    297     6.52612    -9.22004    40.97794
 1133    297     6.56406    -9.22004    40.97794
 1134    297     6.60200    -9.22004    40.97794
 1135    297     6.63994    -9.22004    40.97794
 1136    297     6.67789    -9.22004    40.97794
 1137    297     6.71583    -9.22004    40.97794
 1138    297     6.75377    -9.22004    40.97794
 1139    297     6.79171    -9.22004    40.97794
 1140    297     6.82966    -9.22004    40.97794
 1141    297     6.86760    -9.22004    40.97794
 1142    297     6.90554    -9.22004    40.97794
 1143    297     6.94348    -9.22004    40.97794
 1144    297     6.98143    -9.22004    40.97794
 1145    297     7.01937    -9.22004    40.97794
 1146    297     7.05731    -9.22004    40.97794
 1147    297     7.09525    -9.22004    40.97794
 1151    297     7.24702    -9.22004    40.97794
 1152    297     7.28497    -9.22004    40.97794
 1153    297     7.32291    -9.22004    40.97794
 1154    297     7.36085    -9.22004    40.97794
 1155    297     7.39880    -9.22004    40.97794
 1156    297     7.43674    -9.22004    40.97794
 1157    297     7.47468    -9.22004    40.97794
 1158    297     7.51262    -9.22004    40.97794
 1159    297     7.55057    -9.22004    40.97794
 1160    297     7.58851    -9.22004    40.97794
 1161    297     7.62645    -9.22004    40.97794
 1162    297     7.66439    -9.22004    40.97794
 1163    297     7.70234    -9.22004    40.97794
 1164    297     7.74028    -9.22004    40.97794
 1165    297     7.77822    -9.22004    40.97794
 1166    297     7.81616    -9.22004    40.97794
 1167    297     7.85411    -9.22004    40.97794
 1197    297     8.99238    -9.22004    40.97794
 1198    297     9.03032    -9.22004    40.97794
 1199    297     9.06827    -9.22004    40.97794
 1200    297     9.10621    -9.22004    40.97794
 1201    297     9.14415    -9.22004    40.97794
 1202    297     9.18209    -9.22004    40.97794
 1203    297     9.22004    -9.22004    40.97794
 1204    297     9.25798    -9.22004    40.97794
 1205    297     9.29592    -9.22004    40.97794
 1206    297     9.33386    -9.22004    40.97794
 1207    297     9.37181    -9.22004    40.97794
 1208    297     9.40975    -9.22004    40.97794
 1209    297     9.44769    -9.22004    40.97794
 1210    297     9.48563    -9.22004    40.97794
 1211    297     9.52358    -9.22004    40.97794
 1212    297     9.56152    -9.22004    40.97794
 1213    297     9.59946    -9.22004    40.97794
 1214    297     9.63740    -9.22004    40.97794
 1215    297     9.67535    -9.22004    40.97794
 1216    297     9.71329    -9.22004    40.97794
 1217    297     9.75123    -9.22004    40.97794
 1218    297     9.78917    -9.22004    40.97794
 1330    297    14.03874    -9.22004    40.97794
 1331    297    14.07668    -9.22004    40.97794
 1332    297    14.11462    -9.22004    40.97794
 1333    297    14.15257    -9.22004    40.97794
 1334    297    14.19051    -9.22004    40.97794
 1335    297    14.22845    -9.22004    40.97794
 1352    297    14.87348    -9.22004    40.97794
 1353    297    14.91142    -9.22004    40.97794
 1354    297    14.94936    -9.22004    40.97794
 1355    297    14.98730    -9.22004    40.97794
 1356    297    15.02525    -9.22004    40.97794
 1358    297    15.10113    -9.22004    40.97794
 1359    297    15.13907    -9.22004    40.97794
 1360    297    15.17702    -9.22004    40.97794
 1361    297    15.21496    -9.22004    40.97794
 1362    297    15.25290    -9.22004    40.97794
 1363    297    15.29084    -9.22004    40.97794
 1371    297    15.59438    -9.22004    40.97794
 1372    297    15.63233    -9.22004    40.97794
 1373    297    15.67027    -9.22004    40.97794
 1374    297    15.70821    -9.22004    40.97794
 1375    297    15.74615    -9.22004    40.97794
 1376    297    15.78410    -9.22004    40.97794
 1377    297    15.82204    -9.22004    40.97794
 1378    297    15.85998    -9.22004    40.97794
 1379    297    15.89792    -9.22004    40.97794
 1380    297    15.93587    -9.22004    40.97794
 1381    297    15.97381    -9.22004    40.97794
 1382    297    16.01175    -9.22004    40.97794
 1840    297    33.38943    -9.22004    40.97794
 1841    297    33.42738    -9.22004    40.97794
 1842    297    33.46532    -9.22004    40.97794
 1843    297    33.50326    -9.22004    40.97794
 1844    297    33.54120    -9.22004    40.97794
 1845    297    33.57915    -9.22004    40.97794
 1846    297    33.61709    -9.22004    40.97794
 1847    297    33.65503    -9.22004    40.97794
 1848    297    33.69297    -9.22004    40.97794
 1849    297    33.73092    -9.22004    40.97794
 1850    297    33.76886    -9.22004    40.97794
 1851    297    33.80680    -9.22004    40.97794
 1852    297    33.84474    -9.22004    40.97794
 1853    297    33.88269    -9.22004    40.97794
  961    298     0.03714    -8.98832    40.11316
  962    298     0.07428    -8.98832    40.11316
  963    298     0.11143    -8.98832    40.11316
  964    298     0.14857    -8.98832    40.11316
  965    298     0.18571    -8.98832    40.11316
  966    298     0.22285    -8.98832    40.11316
  967    298     0.25999    -8.98832    40.11316
  968    298     0.29713    -8.98832    40.11316
  972    298     0.44570    -8.98832    40.11316
  973    298     0.48284    -8.98832    40.11316
  974    298     0.51999    -8.98832    40.11316
  975    298     0.55713    -8.98832    40.11316
  976    298     0.59427    -8.98832    40.11316
  977    298     0.63141    -8.98832    40.11316
  978    298     0.66855    -8.98832    40.11316
  979    298     0.70569    -8.98832    40.11316
  980    298     0.74284    -8.98832    40.11316
  981    298     0.77998    -8.98832    40.11316
 1111    298     5.60841    -8.98832    40.11316
 1112    298     5.64556    -8.98832    40.11316
 1116    298     5.79412    -8.98832    40.11316
 1117    298     5.83126    -8.98832    40.11316
 1118    298     5.86841    -8.98832    40.11316
 1119    298     5.90555    -8.98832    40.11316
 1120    298     5.94269    -8.98832    40.11316
 1121    298     5.97983    -8.98832    40.11316
 1122    298     6.01697    -8.98832    40.11316
 1123    298     6.05412    -8.98832    40.11316
 1124    298     6.09126    -8.98832    40.11316
 1125    298     6.12840    -8.98832    40.11316
 1126    298     6.16554    -8.98832    40.11316
 1127    298     6.20268    -8.98832    40.11316
 1128    298     6.23982    -8.98832    40.11316
 1129    298     6.27697    -8.98832    40.11316
 1130    298     6.31411    -8.98832    40.11316
 1131    298     6.35125    -8.98832    40.11316
 1132    298     6.38839    -8.98832    40.11316
 1133    298     6.42553    -8.98832    40.11316
 1134    298     6.46268    -8.98832    40.11316
 1135    298     6.49982    -8.98832    40.11316
 1136    298     6.53696    -8.98832    40.11316
 1137    298     6.57410    -8.98832    40.11316
 1138    298     6.61124    -8.98832    40.11316
 1139    298     6.64838    -8.98832    40.11316
 1140    298     6.68553    -8.98832    40.11316
 1141    298     6.72267    -8.98832    40.11316
 1142    298     6.75981    -8.98832    40.11316
 1143    298     6.79695    -8.98832    40.11316
 1152    298     7.13123    -8.98832    40.11316
 1153    298     7.16837    -8.98832    40.11316
 1154    298     7.20551    -8.98832    40.11316
 1155    298     7.24265    -8.98832    40.11316
 1156    298     7.27980    -8.98832    40.11316
 1157    298     7.31694    -8.98832    40.11316
 1158    298     7.35408    -8.98832    40.11316
 1159    298     7.39122    -8.98832    40.11316
 1160    298     7.42836    -8.98832    40.11316
 1161    298     7.46550    -8.98832    40.11316
 1174    298     7.94835    -8.98832    40.11316
 1175    298     7.98549    -8.98832    40.11316
 1176    298     8.02263    -8.98832    40.11316
 1177    298     8.05977    -8.98832    40.11316
 1192    298     8.61690    -8.98832    40.11316
 1193    298     8.65404    -8.98832    40.11316
 1198    298     8.83975    -8.98832    40.11316
 1199    298     8.87689    -8.98832    40.11316
 1200    298     8.91403    -8.98832    40.11316
 1201    298     8.95118    -8.98832    40.11316
 1202    298     8.98832    -8.98832    40.11316
 1203    298     9.02546    -8.98832    40.11316
 1204    298     9.06260    -8.98832    40.11316
 1205    298     9.09974    -8.98832    40.11316
 1206    298     9.13689    -8.98832    40.11316
 1207    298     9.17403    -8.98832    40.11316
 1208    298     9.21117    -8.98832    40.11316
 1209    298     9.24831    -8.98832    40.11316
 1210    298     9.28545    -8.98832    40.11316
 1211    298     9.32259    -8.98832    40.11316
 1212    298     9.35974    -8.98832    40.11316
 1213    298     9.39688    -8.98832    40.11316
 1214    298     9.43402    -8.98832    40.11316
 1215    298     9.47116    -8.98832    40.11316
 1216    298     9.50830    -8.98832    40.11316
 1217    298     9.54545    -8.98832    40.11316
 1323    298    13.48248    -8.98832    40.11316
 1324    298    13.51962    -8.98832    40.11316
 1325    298    13.55676    -8.98832    40.11316
 1326    298    13.59390    -8.98832    40.11316
 1327    298    13.63104    -8.98832    40.11316
 1328    298    13.66819    -8.98832    40.11316
 1330    298    13.74247    -8.98832    40.11316
 1331    298    13.77961    -8.98832    40.11316
 1332    298    13.81675    -8.98832    40.11316
 1333    298    13.85390    -8.98832    40.11316
 1334    298    13.89104    -8.98832    40.11316
 1335    298    13.92818    -8.98832    40.11316
 1352    298    14.55959    -8.98832    40.11316
 1353    298    14.59673    -8.98832    40.11316
 1354    298    14.63387    -8.98832    40.11316
 1355    298    14.67102    -8.98832    40.11316
 1356    298    14.70816    -8.98832    40.11316
 1357    298    14.74530    -8.98832    40.11316
 1358    298    14.78244    -8.98832    40.11316
 1359    298    14.81958    -8.98832    40.11316
 1360    298    14.85672    -8.98832    40.11316
 1361    298    14.89387    -8.98832    40.11316
 1362    298    14.93101    -8.98832    40.11316
 1363    298    14.96815    -8.98832    40.11316
 1364    298    15.00529    -8.98832    40.11316
 1376    298    15.45099    -8.98832    40.11316
 1377    298    15.48814    -8.98832    40.11316
 1378    298    15.52528    -8.98832    40.11316
 1379    298    15.56242    -8.98832    40.11316
 1380    298    15.59956    -8.98832    40.11316
 1381    298    15.63670    -8.98832    40.11316
 1382    298    15.67384    -8.98832    40.11316
 1383    298    15.71099    -8.98832    40.11316
 1844    298    32.83336    -8.98832    40.11316
 1845    298    32.87050    -8.98832    40.11316
 1846    298    32.90765    -8.98832    40.11316
 1847    298    32.94479    -8.98832    40.11316
 1848    298    32.98193    -8.98832    40.11316
 1849    298    33.01907    -8.98832    40.11316
 1850    298    33.05621    -8.98832    40.11316
 1851    298    33.09335    -8.98832    40.11316
 1852    298    33.13050    -8.98832    40.11316
  960    299     0.00000    -8.76618    39.28412
  961    299     0.03637    -8.76618    39.28412
  962    299     0.07275    -8.76618    39.28412
  963    299     0.10912    -8.76618    39.28412
  964    299     0.14550    -8.76618    39.28412
  965    299     0.18187    -8.76618    39.28412
  966    299     0.21825    -8.76618    39.28412
  967    299     0.25462    -8.76618    39.28412
  971    299     0.40012    -8.76618    39.28412
  972    299     0.43649    -8.76618    39.28412
  973    299     0.47286    -8.76618    39.28412
  974    299     0.50924    -8.76618    39.28412
  975    299     0.54561    -8.76618    39.28412
  976    299     0.58199    -8.76618    39.28412
  977    299     0.61836    -8.76618    39.28412
  978    299     0.65474    -8.76618    39.28412
  979    299     0.69111    -8.76618    39.28412
  980    299     0.72748    -8.76618    39.28412
 1110    299     5.45613    -8.76618    39.28412
 1111    299     5.49250    -8.76618    39.28412
 1112    299     5.52888    -8.76618    39.28412
 1113    299     5.56525    -8.76618    39.28412
 1114    299     5.60162    -8.76618    39.28412
 1115    299     5.63800    -8.76618    39.28412
 1116    299     5.67437    -8.76618    39.28412
 1118    299     5.74712    -8.76618    39.28412
 1119    299     5.78350    -8.76618    39.28412
 1120    299     5.81987    -8.76618    39.28412
 1121    299     5.85624    -8.76618    39.28412
 1122    299     5.89262    -8.76618    39.28412
 1123    299     5.92899    -8.76618    39.28412
 1124    299     5.96537    -8.76618    39.28412
 1125    299     6.00174    -8.76618    39.28412
 1126    299     6.03811    -8.76618    39.28412
 1127    299     6.07449    -8.76618    39.28412
 1128    299     6.11086    -8.76618    39.28412
 1129    299     6.14724    -8.76618    39.28412
 1130    299     6.18361    -8.76618    39.28412
 1131    299     6.21999    -8.76618    39.28412
 1132    299     6.25636    -8.76618    39.28412
 1133    299     6.29273    -8.76618    39.28412
 1134    299     6.32911    -8.76618    39.28412
 1135    299     6.36548    -8.76618    39.28412
 1136    299     6.40186    -8.76618    39.28412
 1137    299     6.43823    -8.76618    39.28412
 1138    299     6.47460    -8.76618    39.28412
 1140    299     6.54735    -8.76618    39.28412
 1141    299     6.58373    -8.76618    39.28412
 1142    299     6.62010    -8.76618    39.28412
 1154    299     7.05659    -8.76618    39.28412
 1155    299     7.09297    -8.76618    39.28412
 1156    299     7.12934    -8.76618    39.28412
 1157    299     7.16571    -8.76618    39.28412
 1158    299     7.20209    -8.76618    39.28412
 1161    299     7.31121    -8.76618    39.28412
 1162    299     7.34759    -8.76618    39.28412
 1173    299     7.74770    -8.76618    39.28412
 1174    299     7.78408    -8.76618    39.28412
 1175    299     7.82045    -8.76618    39.28412
 1176    299     7.85682    -8.76618    39.28412
 1177    299     7.89320    -8.76618    39.28412
 1178    299     7.92957    -8.76618    39.28412
 1191    299     8.40244    -8.76618    39.28412
 1192    299     8.43881    -8.76618    39.28412
 1193    299     8.47518    -8.76618    39.28412
 1194    299     8.51156    -8.76618    39.28412
 1198    299     8.65706    -8.76618    39.28412
 1199    299     8.69343    -8.76618    39.28412
 1200    299     8.72980    -8.76618    39.28412
 1201    299     8.76618    -8.76618    39.28412
 1202    299     8.80255    -8.76618    39.28412
 1203    299     8.83893    -8.76618    39.28412
 1204    299     8.87530    -8.76618    39.28412
 1205    299     8.91167    -8.76618    39.28412
 1206    299     8.94805    -8.76618    39.28412
 1207    299     8.98442    -8.76618    39.28412
 1208    299     9.02080    -8.76618    39.28412
 1209    299     9.05717    -8.76618    39.28412
 1210    299     9.09355    -8.76618    39.28412
 1211    299     9.12992    -8.76618    39.28412
 1212    299     9.16629    -8.76618    39.28412
 1213    299     9.20267    -8.76618    39.28412
 1214    299     9.23904    -8.76618    39.28412
 1215    299     9.27542    -8.76618    39.28412
 1216    299     9.31179    -8.76618    39.28412
 1217    299     9.34817    -8.76618    39.28412
 1322    299    13.16745    -8.76618    39.28412
 1323    299    13.20383    -8.76618    39.28412
 1324    299    13.24020    -8.76618    39.28412
 1325    299    13.27658    -8.76618    39.28412
 1326    299    13.31295    -8.76618    39.28412
 1327    299    13.34933    -8.76618    39.28412
 1328    299    13.38570    -8.76618    39.28412
 1329    299    13.42207    -8.76618    39.28412
 1331    299    13.49482    -8.76618    39.28412
 1332    299    13.53120    -8.76618    39.28412
 1333    299    13.56757    -8.76618    39.28412
 1334    299    13.60394    -8.76618    39.28412
 1335    299    13.64032    -8.76618    39.28412
 1336    299    13.67669    -8.76618    39.28412
 1353    299    14.29505    -8.76618    39.28412
 1354    299    14.33143    -8.76618    39.28412
 1355    299    14.36780    -8.76618    39.28412
 1356    299    14.40418    -8.76618    39.28412
 1357    299    14.44055    -8.76618    39.28412
 1359    299    14.51330    -8.76618    39.28412
 1360    299    14.54967    -8.76618    39.28412
 1361    299    14.58605    -8.76618    39.28412
 1362    299    14.62242    -8.76618    39.28412
 1363    299    14.65880    -8.76618    39.28412
 1364    299    14.69517    -8.76618    39.28412
 1365    299    14.73154    -8.76618    39.28412
 1378    299    15.20441    -8.76618    39.28412
 1379    299    15.24078    -8.76618    39.28412
 1380    299    15.27716    -8.76618    39.28412
 1381    299    15.31353    -8.76618    39.28412
 1382    299    15.34991    -8.76618    39.28412
 1383    299    15.38628    -8.76618    39.28412
 1384    299    15.42265    -8.76618    39.28412
  960    300     0.00000    -8.55303    38.48865
  961    300     0.03564    -8.55303    38.48865
  962    300     0.07128    -8.55303    38.48865
  963    300     0.10691    -8.55303    38.48865
  964    300     0.14255    -8.55303    38.48865
  965    300     0.17819    -8.55303    38.48865
  966    300     0.21383    -8.55303    38.48865
  970    300     0.35638    -8.55303    38.48865
  971    300     0.39201    -8.55303    38.48865
  972    300     0.42765    -8.55303    38.48865
  973    300     0.46329    -8.55303    38.48865
  974    300     0.49893    -8.55303    38.48865
  975    300     0.53456    -8.55303    38.48865
  976    300     0.57020    -8.55303    38.48865
  977    300     0.60584    -8.55303    38.48865
  978    300     0.64148    -8.55303    38.48865
 1110    300     5.34565    -8.55303    38.48865
 1111    300     5.38128    -8.55303    38.48865
 1112    300     5.41692    -8.55303    38.48865
 1113    300     5.45256    -8.55303    38.48865
 1114    300     5.48820    -8.55303    38.48865
 1115    300     5.52383    -8.55303    38.48865
 1116    300     5.55947    -8.55303    38.48865
 1117    300     5.59511    -8.55303    38.48865
 1119    300     5.66639    -8.55303    38.48865
 1120    300     5.70202    -8.55303    38.48865
 1121    300     5.73766    -8.55303    38.48865
 1122    300     5.77330    -8.55303    38.48865
 1123    300     5.80894    -8.55303    38.48865
 1124    300     5.84457    -8.55303    38.48865
 1125    300     5.88021    -8.55303    38.48865
 1126    300     5.91585    -8.55303    38.48865
 1127    300     5.95149    -8.55303    38.48865
 1128    300     5.98712    -8.55303    38.48865
 1129    300     6.02276    -8.55303    38.48865
 1130    300     6.05840    -8.55303    38.48865
 1131    300     6.09404    -8.55303    38.48865
 1132    300     6.12967    -8.55303    38.48865
 1133    300     6.16531    -8.55303    38.48865
 1134    300     6.20095    -8.55303    38.48865
 1135    300     6.23659    -8.55303    38.48865
 1136    300     6.27222    -8.55303    38.48865
 1137    300     6.30786    -8.55303    38.48865
 1138    300     6.34350    -8.55303    38.48865
 1140    300     6.41478    -8.55303    38.48865
 1141    300     6.45041    -8.55303    38.48865
 1142    300     6.48605    -8.55303    38.48865
 1154    300     6.91370    -8.55303    38.48865
 1155    300     6.94934    -8.55303    38.48865
 1157    300     7.02062    -8.55303    38.48865
 1162    300     7.19880    -8.55303    38.48865
 1163    300     7.23444    -8.55303    38.48865
 1173    300     7.59082    -8.55303    38.48865
 1186    300     8.05411    -8.55303    38.48865
 1187    300     8.08974    -8.55303    38.48865
 1190    300     8.19666    -8.55303    38.48865
 1191    300     8.23230    -8.55303    38.48865
 1192    300     8.26793    -8.55303    38.48865
 1193    300     8.30357    -8.55303    38.48865
 1194    300     8.33921    -8.55303    38.48865
 1195    300     8.37485    -8.55303    38.48865
 1198    300     8.48176    -8.55303    38.48865
 1199    300     8.51740    -8.55303    38.48865
 1200    300     8.55303    -8.55303    38.48865
 1201    300     8.58867    -8.55303    38.48865
 1202    300     8.62431    -8.55303    38.48865
 1203    300     8.65995    -8.55303    38.48865
 1204    300     8.69558    -8.55303    38.48865
 1205    300     8.73122    -8.55303    38.48865
 1206    300     8.76686    -8.55303    38.48865
 1207    300     8.80250    -8.55303    38.48865
 1208    300     8.83814    -8.55303    38.48865
 1209    300     8.87377    -8.55303    38.48865
 1210    300     8.90941    -8.55303    38.48865
 1211    300     8.94505    -8.55303    38.48865
 1212    300     8.98069    -8.55303    38.48865
 1213    300     9.01632    -8.55303    38.48865
 1214    300     9.05196    -8.55303    38.48865
 1215    300     9.08760    -8.55303    38.48865
 1216    300     9.12324    -8.55303    38.48865
 1217    300     9.15887    -8.55303    38.48865
 1322    300    12.90083    -8.55303    38.48865
 1323    300    12.93646    -8.55303    38.48865
 1324    300    12.97210    -8.55303    38.48865
 1325    300    13.00774    -8.55303    38.48865
 1326    300    13.04338    -8.55303    38.48865
 1327    300    13.07901    -8.55303    38.48865
 1328    300    13.11465    -8.55303    38.48865
 1329    300    13.15029    -8.55303    38.48865
 1331    300    13.22157    -8.55303    38.48865
 1332    300    13.25720    -8.55303    38.48865
 1333    300    13.29284    -8.55303    38.48865
 1334    300    13.32848    -8.55303    38.48865
 1335    300    13.36412    -8.55303    38.48865
 1336    300    13.39975    -8.55303    38.48865
 1353    300    14.00559    -8.55303    38.48865
 1354    300    14.04123    -8.55303    38.48865
 1355    300    14.07687    -8.55303    38.48865
 1356    300    14.11251    -8.55303    38.48865
 1357    300    14.14814    -8.55303    38.48865
 1358    300    14.18378    -8.55303    38.48865
 1359    300    14.21942    -8.55303    38.48865
 1360    300    14.25506    -8.55303    38.48865
 1361    300    14.29069    -8.55303    38.48865
 1362    300    14.32633    -8.55303    38.48865
 1363    300    14.36197    -8.55303    38.48865
 1364    300    14.39761    -8.55303    38.48865
 1365    300    14.43325    -8.55303    38.48865
 1366    300    14.46888    -8.55303    38.48865
 1378    300    14.89653    -8.55303    38.48865
 1379    300    14.93217    -8.55303    38.48865
 1380    300    14.96781    -8.55303    38.48865
 1381    300    15.00345    -8.55303    38.48865
 1382    300    15.03908    -8.55303    38.48865
 1383    300    15.07472    -8.55303    38.48865
 1384    300    15.11036    -8.55303    38.48865
  959    301    -0.03493    -8.34835    37.72476
  960    301     0.00000    -8.34835    37.72476
  961    301     0.03493    -8.34835    37.72476
  962    301     0.06986    -8.34835    37.72476
  963    301     0.10479    -8.34835    37.72476
  964    301     0.13972    -8.34835    37.72476
  965    301     0.17465    -8.34835    37.72476
  969    301     0.31437    -8.34835    37.72476
  970    301     0.34930    -8.34835    37.72476
  971    301     0.38423    -8.34835    37.72476
  972    301     0.41916    -8.34835    37.72476
  973    301     0.45409    -8.34835    37.72476
  974    301     0.48902    -8.34835    37.72476
  975    301     0.52396    -8.34835    37.72476
  976    301     0.55889    -8.34835    37.72476
 1110    301     5.23955    -8.34835    37.72476
 1111    301     5.27448    -8.34835    37.72476
 1112    301     5.30941    -8.34835    37.72476
 1113    301     5.34434    -8.34835    37.72476
 1114    301     5.37927    -8.34835    37.72476
 1115    301     5.41420    -8.34835    37.72476
 1116    301     5.44913    -8.34835    37.72476
 1117    301     5.48406    -8.34835    37.72476
 1120    301     5.58885    -8.34835    37.72476
 1121    301     5.62378    -8.34835    37.72476
 1122    301     5.65871    -8.34835    37.72476
 1123    301     5.69364    -8.34835    37.72476
 1124    301     5.72858    -8.34835    37.72476
 1125    301     5.76351    -8.34835    37.72476
 1126    301     5.79844    -8.34835    37.72476
 1127    301     5.83337    -8.34835    37.72476
 1128    301     5.86830    -8.34835    37.72476
 1135    301     6.11281    -8.34835    37.72476
 1136    301     6.14774    -8.34835    37.72476
 1137    301     6.18267    -8.34835    37.72476
 1141    301     6.32239    -8.34835    37.72476
 1142    301     6.35732    -8.34835    37.72476
 1154    301     6.77649    -8.34835    37.72476
 1155    301     6.81142    -8.34835    37.72476
 1156    301     6.84635    -8.34835    37.72476
 1157    301     6.88128    -8.34835    37.72476
 1159    301     6.95114    -8.34835    37.72476
 1162    301     7.05593    -8.34835    37.72476
 1173    301     7.44016    -8.34835    37.72476
 1174    301     7.47509    -8.34835    37.72476
 1175    301     7.51002    -8.34835    37.72476
 1176    301     7.54495    -8.34835    37.72476
 1185    301     7.85933    -8.34835    37.72476
 1186    301     7.89426    -8.34835    37.72476
 1187    301     7.92919    -8.34835    37.72476
 1188    301     7.96412    -8.34835    37.72476
 1190    301     8.03398    -8.34835    37.72476
 1191    301     8.06891    -8.34835    37.72476
 1194    301     8.17370    -8.34835    37.72476
 1195    301     8.20863    -8.34835    37.72476
 1196    301     8.24356    -8.34835    37.72476
 1201    301     8.41821    -8.34835    37.72476
 1202    301     8.45314    -8.34835    37.72476
 1203    301     8.48807    -8.34835    37.72476
 1204    301     8.52300    -8.34835    37.72476
 1205    301     8.55793    -8.34835    37.72476
 1206    301     8.59286    -8.34835    37.72476
 1207    301     8.62779    -8.34835    37.72476
 1208    301     8.66272    -8.34835    37.72476
 1209    301     8.69765    -8.34835    37.72476
 1210    301     8.73258    -8.34835    37.72476
 1211    301     8.76751    -8.34835    37.72476
 1212    301     8.80244    -8.34835    37.72476
 1213    301     8.83738    -8.34835    37.72476
 1214    301     8.87231    -8.34835    37.72476
 1215    301     8.90724    -8.34835    37.72476
 1216    301     8.94217    -8.34835    37.72476
 1322    301    12.64478    -8.34835    37.72476
 1323    301    12.67971    -8.34835    37.72476
 1324    301    12.71464    -8.34835    37.72476
 1325    301    12.74957    -8.34835    37.72476
 1326    301    12.78450    -8.34835    37.72476
 1327    301    12.81943    -8.34835    37.72476
 1328    301    12.85436    -8.34835    37.72476
 1329    301    12.88929    -8.34835    37.72476
 1330    301    12.92422    -8.34835    37.72476
 1331    301    12.95916    -8.34835    37.72476
 1332    301    12.99409    -8.34835    37.72476
 1333    301    13.02902    -8.34835    37.72476
 1334    301    13.06395    -8.34835    37.72476
 1335    301    13.09888    -8.34835    37.72476
 1336    301    13.13381    -8.34835    37.72476
 1354    301    13.76255    -8.34835    37.72476
 1355    301    13.79748    -8.34835    37.72476
 1356    301    13.83241    -8.34835    37.72476
 1357    301    13.86734    -8.34835    37.72476
 1358    301    13.90227    -8.34835    37.72476
 1360    301    13.97213    -8.34835    37.72476
 1361    301    14.00707    -8.34835    37.72476
 1362    301    14.04200    -8.34835    37.72476
 1363    301    14.07693    -8.34835    37.72476
 1364    301    14.11186    -8.34835    37.72476
 1365    301    14.14679    -8.34835    37.72476
 1366    301    14.18172    -8.34835    37.72476
 1379    301    14.63581    -8.34835    37.72476
 1380    301    14.67074    -8.34835    37.72476
 1381    301    14.70567    -8.34835    37.72476
 1382    301    14.74060    -8.34835    37.72476
 1383    301    14.77553    -8.34835    37.72476
 1384    301    14.81046    -8.34835    37.72476
 1385    301    14.84539    -8.34835    37.72476
  958    302    -0.06850    -8.15163    36.99061
  959    302    -0.03425    -8.15163    36.99061
  960    302     0.00000    -8.15163    36.99061
  961    302     0.03425    -8.15163    36.99061
  962    302     0.06850    -8.15163    36.99061
  963    302     0.10275    -8.15163    36.99061
  964    302     0.13700    -8.15163    36.99061
  967    302     0.23975    -8.15163    36.99061
  968    302     0.27400    -8.15163    36.99061
  969    302     0.30826    -8.15163    36.99061
  970    302     0.34251    -8.15163    36.99061
  971    302     0.37676    -8.15163    36.99061
  972    302     0.41101    -8.15163    36.99061
  973    302     0.44526    -8.15163    36.99061
  974    302     0.47951    -8.15163    36.99061
  975    302     0.51376    -8.15163    36.99061
 1109    302     5.10333    -8.15163    36.99061
 1110    302     5.13758    -8.15163    36.99061
 1111    302     5.17183    -8.15163    36.99061
 1112    302     5.20609    -8.15163    36.99061
 1114    302     5.27459    -8.15163    36.99061
 1115    302     5.30884    -8.15163    36.99061
 1116    302     5.34309    -8.15163    36.99061
 1117    302     5.37734    -8.15163    36.99061
 1121    302     5.51434    -8.15163    36.99061
 1122    302     5.54859    -8.15163    36.99061
 1123    302     5.58284    -8.15163    36.99061
 1135    302     5.99385    -8.15163    36.99061
 1136    302     6.02810    -8.15163    36.99061
 1137    302     6.06235    -8.15163    36.99061
 1138    302     6.09660    -8.15163    36.99061
 1139    302     6.13085    -8.15163    36.99061
 1142    302     6.23360    -8.15163    36.99061
 1146    302     6.37060    -8.15163    36.99061
 1155    302     6.67886    -8.15163    36.99061
 1156    302     6.71311    -8.15163    36.99061
 1157    302     6.74736    -8.15163    36.99061
 1159    302     6.81586    -8.15163    36.99061
 1160    302     6.85011    -8.15163    36.99061
 1174    302     7.32962    -8.15163    36.99061
 1175    302     7.36387    -8.15163    36.99061
 1176    302     7.39812    -8.15163    36.99061
 1184    302     7.67213    -8.15163    36.99061
 1185    302     7.70638    -8.15163    36.99061
 1186    302     7.74063    -8.15163    36.99061
 1188    302     7.80913    -8.15163    36.99061
 1189    302     7.84338    -8.15163    36.99061
 1190    302     7.87763    -8.15163    36.99061
 1191    302     7.91188    -8.15163    36.99061
 1192    302     7.94613    -8.15163    36.99061
 1193    302     7.98038    -8.15163    36.99061
 1194    302     8.01463    -8.15163    36.99061
 1195    302     8.04888    -8.15163    36.99061
 1196    302     8.08313    -8.15163    36.99061
 1197    302     8.11738    -8.15163    36.99061
 1198    302     8.15163    -8.15163    36.99061
 1199    302     8.18588    -8.15163    36.99061
 1200    302     8.22013    -8.15163    36.99061
 1201    302     8.25439    -8.15163    36.99061
 1202    302     8.28864    -8.15163    36.99061
 1203    302     8.32289    -8.15163    36.99061
 1204    302     8.35714    -8.15163    36.99061
 1205    302     8.39139    -8.15163    36.99061
 1206    302     8.42564    -8.15163    36.99061
 1211    302     8.59689    -8.15163    36.99061
 1212    302     8.63114    -8.15163    36.99061
 1213    302     8.66539    -8.15163    36.99061
 1322    302    12.39870    -8.15163    36.99061
 1323    302    12.43295    -8.15163    36.99061
 1324    302    12.46720    -8.15163    36.99061
 1325    302    12.50146    -8.15163    36.99061
 1326    302    12.53571    -8.15163    36.99061
 1327    302    12.56996    -8.15163    36.99061
 1328    302    12.60421    -8.15163    36.99061
 1329    302    12.63846    -8.15163    36.99061
 1330    302    12.67271    -8.15163    36.99061
 1331    302    12.70696    -8.15163    36.99061
 1332    302    12.74121    -8.15163    36.99061
 1333    302    12.77546    -8.15163    36.99061
 1334    302    12.80971    -8.15163    36.99061
 1335    302    12.84396    -8.15163    36.99061
 1336    302    12.87821    -8.15163    36.99061
 1354    302    13.49472    -8.15163    36.99061
 1355    302    13.52897    -8.15163    36.99061
 1356    302    13.56322    -8.15163    36.99061
 1357    302    13.59747    -8.15163    36.99061
 1358    302    13.63172    -8.15163    36.99061
 1359    302    13.66597    -8.15163    36.99061
 1362    302    13.76873    -8.15163    36.99061
 1363    302    13.80298    -8.15163    36.99061
 1364    302    13.83723    -8.15163    36.99061
 1365    302    13.87148    -8.15163    36.99061
 1366    302    13.90573    -8.15163    36.99061
 1367    302    13.93998    -8.15163    36.99061
 1380    302    14.38524    -8.15163    36.99061
 1381    302    14.41949    -8.15163    36.99061
 1382    302    14.45374    -8.15163    36.99061
 1383    302    14.48799    -8.15163    36.99061
 1384    302    14.52224    -8.15163    36.99061
 1385    302    14.55649    -8.15163    36.99061
  957    303    -0.10079    -7.96243    36.28448
  958    303    -0.06719    -7.96243    36.28448
  959    303    -0.03360    -7.96243    36.28448
  960    303     0.00000    -7.96243    36.28448
  961    303     0.03360    -7.96243    36.28448
  962    303     0.06719    -7.96243    36.28448
  963    303     0.10079    -7.96243    36.28448
  966    303     0.20158    -7.96243    36.28448
  967    303     0.23518    -7.96243    36.28448
  968    303     0.26877    -7.96243    36.28448
  969    303     0.30237    -7.96243    36.28448
  970    303     0.33597    -7.96243    36.28448
  971    303     0.36956    -7.96243    36.28448
  972    303     0.40316    -7.96243    36.28448
  973    303     0.43676    -7.96243    36.28448
 1109    303     5.00591    -7.96243    36.28448
 1110    303     5.03951    -7.96243    36.28448
 1111    303     5.07311    -7.96243    36.28448
 1112    303     5.10670    -7.96243    36.28448
 1113    303     5.14030    -7.96243    36.28448
 1114    303     5.17390    -7.96243    36.28448
 1115    303     5.20749    -7.96243    36.28448
 1116    303     5.24109    -7.96243    36.28448
 1117    303     5.27469    -7.96243    36.28448
 1119    303     5.34188    -7.96243    36.28448
 1120    303     5.37548    -7.96243    36.28448
 1121    303     5.40908    -7.96243    36.28448
 1122    303     5.44267    -7.96243    36.28448
 1123    303     5.47627    -7.96243    36.28448
 1124    303     5.50987    -7.96243    36.28448
 1125    303     5.54346    -7.96243    36.28448
 1126    303     5.57706    -7.96243    36.28448
 1127    303     5.61066    -7.96243    36.28448
 1128    303     5.64425    -7.96243    36.28448
 1129    303     5.67785    -7.96243    36.28448
 1130    303     5.71145    -7.96243    36.28448
 1131    303     5.74504    -7.96243    36.28448
 1135    303     5.87943    -7.96243    36.28448
 1136    303     5.91303    -7.96243    36.28448
 1137    303     5.94662    -7.96243    36.28448
 1138    303     5.98022    -7.96243    36.28448
 1139    303     6.01382    -7.96243    36.28448
 1140    303     6.04741    -7.96243    36.28448
 1141    303     6.08101    -7.96243    36.28448
 1142    303     6.11461    -7.96243    36.28448
 1143    303     6.14820    -7.96243    36.28448
 1144    303     6.18180    -7.96243    36.28448
 1145    303     6.21540    -7.96243    36.28448
 1146    303     6.24899    -7.96243    36.28448
 1184    303     7.52567    -7.96243    36.28448
 1185    303     7.55927    -7.96243    36.28448
 1186    303     7.59286    -7.96243    36.28448
 1189    303     7.69365    -7.96243    36.28448
 1190    303     7.72725    -7.96243    36.28448
 1191    303     7.76085    -7.96243    36.28448
 1192    303     7.79444    -7.96243    36.28448
 1193    303     7.82804    -7.96243    36.28448
 1194    303     7.86164    -7.96243    36.28448
 1195    303     7.89523    -7.96243    36.28448
 1196    303     7.92883    -7.96243    36.28448
 1197    303     7.96243    -7.96243    36.28448
 1198    303     7.99602    -7.96243    36.28448
 1199    303     8.02962    -7.96243    36.28448
 1200    303     8.06322    -7.96243    36.28448
 1201    303     8.09681    -7.96243    36.28448
 1202    303     8.13041    -7.96243    36.28448
 1203    303     8.16401    -7.96243    36.28448
 1204    303     8.19760    -7.96243    36.28448
 1205    303     8.23120    -7.96243    36.28448
 1206    303     8.26480    -7.96243    36.28448
 1207    303     8.29839    -7.96243    36.28448
 1208    303     8.33199    -7.96243    36.28448
 1322    303    12.16202    -7.96243    36.28448
 1323    303    12.19562    -7.96243    36.28448
 1324    303    12.22921    -7.96243    36.28448
 1325    303    12.26281    -7.96243    36.28448
 1326    303    12.29641    -7.96243    36.28448
 1327    303    12.33000    -7.96243    36.28448
 1328    303    12.36360    -7.96243    36.28448
 1329    303    12.39720    -7.96243    36.28448
 1330    303    12.43079    -7.96243    36.28448
 1331    303    12.46439    -7.96243    36.28448
 1332    303    12.49799    -7.96243    36.28448
 1333    303    12.53158    -7.96243    36.28448
 1334    303    12.56518    -7.96243    36.28448
 1335    303    12.59878    -7.96243    36.28448
 1355    303    13.27071    -7.96243    36.28448
 1356    303    13.30431    -7.96243    36.28448
 1357    303    13.33791    -7.96243    36.28448
 1358    303    13.37150    -7.96243    36.28448
 1359    303    13.40510    -7.96243    36.28448
 1360    303    13.43870    -7.96243    36.28448
 1362    303    13.50589    -7.96243    36.28448
 1363    303    13.53949    -7.96243    36.28448
 1364    303    13.57308    -7.96243    36.28448
 1365    303    13.60668    -7.96243    36.28448
 1366    303    13.64028    -7.96243    36.28448
 1367    303    13.67387    -7.96243    36.28448
 1381    303    14.14423    -7.96243    36.28448
 1382    303    14.17782    -7.96243    36.28448
 1383    303    14.21142    -7.96243    36.28448
 1384    303    14.24502    -7.96243    36.28448
 1385    303    14.27861    -7.96243    36.28448
  956    304    -0.13187    -7.78031    35.60481
  957    304    -0.09890    -7.78031    35.60481
  958    304    -0.06593    -7.78031    35.60481
  959    304    -0.03297    -7.78031    35.60481
  960    304     0.00000    -7.78031    35.60481
  961    304     0.03297    -7.78031    35.60481
  962    304     0.06593    -7.78031    35.60481
  965    304     0.16484    -7.78031    35.60481
  966    304     0.19780    -7.78031    35.60481
  967    304     0.23077    -7.78031    35.60481
  968    304     0.26374    -7.78031    35.60481
  969    304     0.29671    -7.78031    35.60481
  970    304     0.32967    -7.78031    35.60481
  971    304     0.36264    -7.78031    35.60481
  972    304     0.39561    -7.78031    35.60481
 1110    304     4.94511    -7.78031    35.60481
 1111    304     4.97808    -7.78031    35.60481
 1112    304     5.01105    -7.78031    35.60481
 1113    304     5.04401    -7.78031    35.60481
 1114    304     5.07698    -7.78031    35.60481
 1115    304     5.10995    -7.78031    35.60481
 1116    304     5.14292    -7.78031    35.60481
 1119    304     5.24182    -7.78031    35.60481
 1120    304     5.27479    -7.78031    35.60481
 1121    304     5.30775    -7.78031    35.60481
 1122    304     5.34072    -7.78031    35.60481
 1123    304     5.37369    -7.78031    35.60481
 1124    304     5.40666    -7.78031    35.60481
 1125    304     5.43962    -7.78031    35.60481
 1126    304     5.47259    -7.78031    35.60481
 1127    304     5.50556    -7.78031    35.60481
 1128    304     5.53853    -7.78031    35.60481
 1129    304     5.57149    -7.78031    35.60481
 1136    304     5.80226    -7.78031    35.60481
 1137    304     5.83523    -7.78031    35.60481
 1138    304     5.86820    -7.78031    35.60481
 1139    304     5.90117    -7.78031    35.60481
 1140    304     5.93413    -7.78031    35.60481
 1141    304     5.96710    -7.78031    35.60481
 1142    304     6.00007    -7.78031    35.60481
 1143    304     6.03304    -7.78031    35.60481
 1144    304     6.06600    -7.78031    35.60481
 1145    304     6.09897    -7.78031    35.60481
 1185    304     7.41767    -7.78031    35.60481
 1186    304     7.45064    -7.78031    35.60481
 1187    304     7.48360    -7.78031    35.60481
 1189    304     7.54954    -7.78031    35.60481
 1190    304     7.58250    -7.78031    35.60481
 1191    304     7.61547    -7.78031    35.60481
 1192    304     7.64844    -7.78031    35.60481
 1193    304     7.68141    -7.78031    35.60481
 1194    304     7.71437    -7.78031    35.60481
 1195    304     7.74734    -7.78031    35.60481
 1196    304     7.78031    -7.78031    35.60481
 1197    304     7.81328    -7.78031    35.60481
 1198    304     7.84624    -7.78031    35.60481
 1199    304     7.87921    -7.78031    35.60481
 1200    304     7.91218    -7.78031    35.60481
 1201    304     7.94515    -7.78031    35.60481
 1202    304     7.97811    -7.78031    35.60481
 1203    304     8.01108    -7.78031    35.60481
 1204    304     8.04405    -7.78031    35.60481
 1205    304     8.07702    -7.78031    35.60481
 1206    304     8.10998    -7.78031    35.60481
 1207    304     8.14295    -7.78031    35.60481
 1208    304     8.17592    -7.78031    35.60481
 1209    304     8.20889    -7.78031    35.60481
 1322    304    11.93420    -7.78031    35.60481
 1323    304    11.96717    -7.78031    35.60481
 1324    304    12.00014    -7.78031    35.60481
 1325    304    12.03311    -7.78031    35.60481
 1326    304    12.06607    -7.78031    35.60481
 1327    304    12.09904    -7.78031    35.60481
 1328    304    12.13201    -7.78031    35.60481
 1329    304    12.16498    -7.78031    35.60481
 1330    304    12.19794    -7.78031    35.60481
 1331    304    12.23091    -7.78031    35.60481
 1332    304    12.26388    -7.78031    35.60481
 1333    304    12.29684    -7.78031    35.60481
 1334    304    12.32981    -7.78031    35.60481
 1335    304    12.36278    -7.78031    35.60481
 1355    304    13.02213    -7.78031    35.60481
 1356    304    13.05510    -7.78031    35.60481
 1357    304    13.08806    -7.78031    35.60481
 1358    304    13.12103    -7.78031    35.60481
 1359    304    13.15400    -7.78031    35.60481
 1360    304    13.18696    -7.78031    35.60481
 1361    304    13.21993    -7.78031    35.60481
 1362    304    13.25290    -7.78031    35.60481
 1363    304    13.28587    -7.78031    35.60481
 1364    304    13.31883    -7.78031    35.60481
 1365    304    13.35180    -7.78031    35.60481
 1366    304    13.38477    -7.78031    35.60481
 1367    304    13.41774    -7.78031    35.60481
 1381    304    13.87928    -7.78031    35.60481
 1382    304    13.91225    -7.78031    35.60481
 1383    304    13.94522    -7.78031    35.60481
 1384    304    13.97818    -7.78031    35.60481
 1385    304    14.01115    -7.78031    35.60481
 1386    304    14.04412    -7.78031    35.60481
  955    305    -0.16181    -7.60489    34.95013
  956    305    -0.12944    -7.60489    34.95013
  957    305    -0.09708    -7.60489    34.95013
  958    305    -0.06472    -7.60489    34.95013
  959    305    -0.03236    -7.60489    34.95013
  960    305     0.00000    -7.60489    34.95013
  961    305     0.03236    -7.60489    34.95013
  964    305     0.12944    -7.60489    34.95013
  965    305     0.16181    -7.60489    34.95013
  966    305     0.19417    -7.60489    34.95013
  967    305     0.22653    -7.60489    34.95013
  968    305     0.25889    -7.60489    34.95013
  969    305     0.29125    -7.60489    34.95013
  970    305     0.32361    -7.60489    34.95013
  971    305     0.35597    -7.60489    34.95013
 1110    305     4.85418    -7.60489    34.95013
 1111    305     4.88655    -7.60489    34.95013
 1112    305     4.91891    -7.60489    34.95013
 1113    305     4.95127    -7.60489    34.95013
 1114    305     4.98363    -7.60489    34.95013
 1115    305     5.01599    -7.60489    34.95013
 1119    305     5.14544    -7.60489    34.95013
 1120    305     5.17780    -7.60489    34.95013
 1121    305     5.21016    -7.60489    34.95013
 1122    305     5.24252    -7.60489    34.95013
 1123    305     5.27488    -7.60489    34.95013
 1124    305     5.30724    -7.60489    34.95013
 1125    305     5.33960    -7.60489    34.95013
 1129    305     5.46905    -7.60489    34.95013
 1130    305     5.50141    -7.60489    34.95013
 1131    305     5.53377    -7.60489    34.95013
 1137    305     5.72794    -7.60489    34.95013
 1138    305     5.76030    -7.60489    34.95013
 1139    305     5.79266    -7.60489    34.95013
 1140    305     5.82502    -7.60489    34.95013
 1141    305     5.85738    -7.60489    34.95013
 1142    305     5.88974    -7.60489    34.95013
 1143    305     5.92210    -7.60489    34.95013
 1186    305     7.31364    -7.60489    34.95013
 1187    305     7.34600    -7.60489    34.95013
 1188    305     7.37836    -7.60489    34.95013
 1189    305     7.41072    -7.60489    34.95013
 1190    305     7.44308    -7.60489    34.95013
 1191    305     7.47544    -7.60489    34.95013
 1192    305     7.50780    -7.60489    34.95013
 1193    305     7.54017    -7.60489    34.95013
 1194    305     7.57253    -7.60489    34.95013
 1195    305     7.60489    -7.60489    34.95013
 1196    305     7.63725    -7.60489    34.95013
 1197    305     7.66961    -7.60489    34.95013
 1198    305     7.70197    -7.60489    34.95013
 1199    305     7.73433    -7.60489    34.95013
 1200    305     7.76669    -7.60489    34.95013
 1201    305     7.79906    -7.60489    34.95013
 1202    305     7.83142    -7.60489    34.95013
 1203    305     7.86378    -7.60489    34.95013
 1204    305     7.89614    -7.60489    34.95013
 1205    305     7.92850    -7.60489    34.95013
 1206    305     7.96086    -7.60489    34.95013
 1207    305     7.99322    -7.60489    34.95013
 1208    305     8.02558    -7.60489    34.95013
 1209    305     8.05795    -7.60489    34.95013
 1323    305    11.74713    -7.60489    34.95013
 1324    305    11.77949    -7.60489    34.95013
 1325    305    11.81185    -7.60489    34.95013
 1326    305    11.84421    -7.60489    34.95013
 1327    305    11.87657    -7.60489    34.95013
 1328    305    11.90893    -7.60489    34.95013
 1329    305    11.94129    -7.60489    34.95013
 1330    305    11.97365    -7.60489    34.95013
 1331    305    12.00602    -7.60489    34.95013
 1332    305    12.03838    -7.60489    34.95013
 1333    305    12.07074    -7.60489    34.95013
 1334    305    12.10310    -7.60489    34.95013
 1356    305    12.81505    -7.60489    34.95013
 1357    305    12.84741    -7.60489    34.95013
 1358    305    12.87977    -7.60489    34.95013
 1359    305    12.91213    -7.60489    34.95013
 1360    305    12.94449    -7.60489    34.95013
 1361    305    12.97685    -7.60489    34.95013
 1362    305    13.00921    -7.60489    34.95013
 1363    305    13.04157    -7.60489    34.95013
 1364    305    13.07394    -7.60489    34.95013
 1365    305    13.10630    -7.60489    34.95013
 1366    305    13.13866    -7.60489    34.95013
 1367    305    13.17102    -7.60489    34.95013
 1368    305    13.20338    -7.60489    34.95013
 1381    305    13.62408    -7.60489    34.95013
 1382    305    13.65644    -7.60489    34.95013
 1383    305    13.68880    -7.60489    34.95013
 1384    305    13.72116    -7.60489    34.95013
 1385    305    13.75352    -7.60489    34.95013
 1386    305    13.78588    -7.60489    34.95013
 1387    305    13.81824    -7.60489    34.95013
  954    306    -0.19066    -7.43580    34.31909
  955    306    -0.15888    -7.43580    34.31909
  956    306    -0.12711    -7.43580    34.31909
  957    306    -0.09533    -7.43580    34.31909
  958    306    -0.06355    -7.43580    34.31909
  959    306    -0.03178    -7.43580    34.31909
  960    306     0.00000    -7.43580    34.31909
  963    306     0.09533    -7.43580    34.31909
  964    306     0.12711    -7.43580    34.31909
  965    306     0.15888    -7.43580    34.31909
  966    306     0.19066    -7.43580    34.31909
  967    306     0.22244    -7.43580    34.31909
  968    306     0.25422    -7.43580    34.31909
  969    306     0.28599    -7.43580    34.31909
  970    306     0.31777    -7.43580    34.31909
 1110    306     4.76654    -7.43580    34.31909
 1111    306     4.79832    -7.43580    34.31909
 1112    306     4.83009    -7.43580    34.31909
 1113    306     4.86187    -7.43580    34.31909
 1114    306     4.89365    -7.43580    34.31909
 1115    306     4.92542    -7.43580    34.31909
 1119    306     5.05253    -7.43580    34.31909
 1120    306     5.08431    -7.43580    34.31909
 1121    306     5.11609    -7.43580    34.31909
 1122    306     5.14786    -7.43580    34.31909
 1124    306     5.21142    -7.43580    34.31909
 1125    306     5.24319    -7.43580    34.31909
 1126    306     5.27497    -7.43580    34.31909
 1127    306     5.30675    -7.43580    34.31909
 1128    306     5.33852    -7.43580    34.31909
 1129    306     5.37030    -7.43580    34.31909
 1130    306     5.40208    -7.43580    34.31909
 1131    306     5.43386    -7.43580    34.31909
 1187    306     7.21336    -7.43580    34.31909
 1188    306     7.24514    -7.43580    34.31909
 1189    306     7.27692    -7.43580    34.31909
 1190    306     7.30869    -7.43580    34.31909
 1191    306     7.34047    -7.43580    34.31909
 1192    306     7.37225    -7.43580    34.31909
 1197    306     7.53113    -7.43580    34.31909
 1198    306     7.56291    -7.43580    34.31909
 1199    306     7.59469    -7.43580    34.31909
 1200    306     7.62646    -7.43580    34.31909
 1201    306     7.65824    -7.43580    34.31909
 1202    306     7.69002    -7.43580    34.31909
 1203    306     7.72179    -7.43580    34.31909
 1204    306     7.75357    -7.43580    34.31909
 1205    306     7.78535    -7.43580    34.31909
 1206    306     7.81713    -7.43580    34.31909
 1207    306     7.84890    -7.43580    34.31909
 1208    306     7.88068    -7.43580    34.31909
 1209    306     7.91246    -7.43580    34.31909
 1325    306    11.59858    -7.43580    34.31909
 1326    306    11.63036    -7.43580    34.31909
 1327    306    11.66213    -7.43580    34.31909
 1328    306    11.69391    -7.43580    34.31909
 1329    306    11.72569    -7.43580    34.31909
 1330    306    11.75747    -7.43580    34.31909
 1331    306    11.78924    -7.43580    34.31909
 1332    306    11.82102    -7.43580    34.31909
 1356    306    12.58367    -7.43580    34.31909
 1357    306    12.61544    -7.43580    34.31909
 1358    306    12.64722    -7.43580    34.31909
 1359    306    12.67900    -7.43580    34.31909
 1360    306    12.71077    -7.43580    34.31909
 1361    306    12.74255    -7.43580    34.31909
 1362    306    12.77433    -7.43580    34.31909
 1363    306    12.80610    -7.43580    34.31909
 1364    306    12.83788    -7.43580    34.31909
 1365    306    12.86966    -7.43580    34.31909
 1366    306    12.90143    -7.43580    34.31909
 1367    306    12.93321    -7.43580    34.31909
 1381    306    13.37809    -7.43580    34.31909
 1382    306    13.40987    -7.43580    34.31909
 1383    306    13.44164    -7.43580    34.31909
 1384    306    13.47342    -7.43580    34.31909
 1385    306    13.50520    -7.43580    34.31909
 1386    306    13.53697    -7.43580    34.31909
 1387    306    13.56875    -7.43580    34.31909
 1388    306    13.60053    -7.43580    34.31909
  952    307    -0.24971    -7.27271    33.71043
  953    307    -0.21849    -7.27271    33.71043
  954    307    -0.18728    -7.27271    33.71043
  955    307    -0.15607    -7.27271    33.71043
  956    307    -0.12485    -7.27271    33.71043
  957    307    -0.09364    -7.27271    33.71043
  958    307    -0.06243    -7.27271    33.71043
  959    307    -0.03121    -7.27271    33.71043
  962    307     0.06243    -7.27271    33.71043
  963    307     0.09364    -7.27271    33.71043
  964    307     0.12485    -7.27271    33.71043
  965    307     0.15607    -7.27271    33.71043
  966    307     0.18728    -7.27271    33.71043
  967    307     0.21849    -7.27271    33.71043
  968    307     0.24971    -7.27271    33.71043
 1112    307     4.74443    -7.27271    33.71043
 1113    307     4.77564    -7.27271    33.71043
 1119    307     4.96292    -7.27271    33.71043
 1120    307     4.99414    -7.27271    33.71043
 1121    307     5.02535    -7.27271    33.71043
 1122    307     5.05656    -7.27271    33.71043
 1123    307     5.08778    -7.27271    33.71043
 1124    307     5.11899    -7.27271    33.71043
 1125    307     5.15021    -7.27271    33.71043
 1126    307     5.18142    -7.27271    33.71043
 1127    307     5.21263    -7.27271    33.71043
 1128    307     5.24385    -7.27271    33.71043
 1129    307     5.27506    -7.27271    33.71043
 1130    307     5.30627    -7.27271    33.71043
 1162    307     6.30510    -7.27271    33.71043
 1163    307     6.33631    -7.27271    33.71043
 1164    307     6.36753    -7.27271    33.71043
 1165    307     6.39874    -7.27271    33.71043
 1166    307     6.42995    -7.27271    33.71043
 1167    307     6.46117    -7.27271    33.71043
 1168    307     6.49238    -7.27271    33.71043
 1180    307     6.86694    -7.27271    33.71043
 1181    307     6.89815    -7.27271    33.71043
 1182    307     6.92937    -7.27271    33.71043
 1183    307     6.96058    -7.27271    33.71043
 1187    307     7.08543    -7.27271    33.71043
 1188    307     7.11665    -7.27271    33.71043
 1189    307     7.14786    -7.27271    33.71043
 1190    307     7.17907    -7.27271    33.71043
 1191    307     7.21029    -7.27271    33.71043
 1192    307     7.24150    -7.27271    33.71043
 1204    307     7.61606    -7.27271    33.71043
 1205    307     7.64727    -7.27271    33.71043
 1206    307     7.67849    -7.27271    33.71043
 1207    307     7.70970    -7.27271    33.71043
 1208    307     7.74091    -7.27271    33.71043
 1325    307    11.39288    -7.27271    33.71043
 1326    307    11.42409    -7.27271    33.71043
 1327    307    11.45530    -7.27271    33.71043
 1328    307    11.48652    -7.27271    33.71043
 1329    307    11.51773    -7.27271    33.71043
 1330    307    11.54894    -7.27271    33.71043
 1357    307    12.39171    -7.27271    33.71043
 1358    307    12.42292    -7.27271    33.71043
 1359    307    12.45413    -7.27271    33.71043
 1360    307    12.48535    -7.27271    33.71043
 1361    307    12.51656    -7.27271    33.71043
 1362    307    12.54777    -7.27271    33.71043
 1363    307    12.57899    -7.27271    33.71043
 1364    307    12.61020    -7.27271    33.71043
 1365    307    12.64141    -7.27271    33.71043
 1366    307    12.67263    -7.27271    33.71043
 1367    307    12.70384    -7.27271    33.71043
 1381    307    13.14083    -7.27271    33.71043
 1382    307    13.17204    -7.27271    33.71043
 1383    307    13.20325    -7.27271    33.71043
 1384    307    13.23447    -7.27271    33.71043
 1385    307    13.26568    -7.27271    33.71043
 1386    307    13.29689    -7.27271    33.71043
 1387    307    13.32811    -7.27271    33.71043
 1388    307    13.35932    -7.27271    33.71043
 1389    307    13.39053    -7.27271    33.71043
  950    308    -0.30669    -7.11531    33.12299
  951    308    -0.27602    -7.11531    33.12299
  952    308    -0.24536    -7.11531    33.12299
  953    308    -0.21469    -7.11531    33.12299
  954    308    -0.18402    -7.11531    33.12299
  955    308    -0.15335    -7.11531    33.12299
  956    308    -0.12268    -7.11531    33.12299
  957    308    -0.09201    -7.11531    33.12299
  958    308    -0.06134    -7.11531    33.12299
  961    308     0.03067    -7.11531    33.12299
  962    308     0.06134    -7.11531    33.12299
  963    308     0.09201    -7.11531    33.12299
  964    308     0.12268    -7.11531    33.12299
  965    308     0.15335    -7.11531    33.12299
  966    308     0.18402    -7.11531    33.12299
  967    308     0.21469    -7.11531    33.12299
 1118    308     4.84577    -7.11531    33.12299
 1119    308     4.87644    -7.11531    33.12299
 1120    308     4.90711    -7.11531    33.12299
 1121    308     4.93778    -7.11531    33.12299
 1122    308     4.96845    -7.11531    33.12299
 1123    308     4.99912    -7.11531    33.12299
 1124    308     5.02979    -7.11531    33.12299
 1125    308     5.06046    -7.11531    33.12299
 1126    308     5.09113    -7.11531    33.12299
 1127    308     5.12180    -7.11531    33.12299
 1128    308     5.15247    -7.11531    33.12299
 1129    308     5.18313    -7.11531    33.12299
 1165    308     6.28723    -7.11531    33.12299
 1166    308     6.31790    -7.11531    33.12299
 1167    308     6.34857    -7.11531    33.12299
 1168    308     6.37924    -7.11531    33.12299
 1169    308     6.40991    -7.11531    33.12299
 1180    308     6.74728    -7.11531    33.12299
 1183    308     6.83928    -7.11531    33.12299
 1184    308     6.86995    -7.11531    33.12299
 1188    308     6.99263    -7.11531    33.12299
 1189    308     7.02330    -7.11531    33.12299
 1190    308     7.05397    -7.11531    33.12299
 1191    308     7.08464    -7.11531    33.12299
 1192    308     7.11531    -7.11531    33.12299
 1193    308     7.14598    -7.11531    33.12299
 1194    308     7.17665    -7.11531    33.12299
 1195    308     7.20732    -7.11531    33.12299
 1196    308     7.23799    -7.11531    33.12299
 1204    308     7.48334    -7.11531    33.12299
 1205    308     7.51401    -7.11531    33.12299
 1206    308     7.54468    -7.11531    33.12299
 1207    308     7.57535    -7.11531    33.12299
 1208    308     7.60602    -7.11531    33.12299
 1325    308    11.19434    -7.11531    33.12299
 1326    308    11.22501    -7.11531    33.12299
 1327    308    11.25568    -7.11531    33.12299
 1328    308    11.28635    -7.11531    33.12299
 1329    308    11.31702    -7.11531    33.12299
 1330    308    11.34769    -7.11531    33.12299
 1358    308    12.20644    -7.11531    33.12299
 1359    308    12.23710    -7.11531    33.12299
 1360    308    12.26777    -7.11531    33.12299
 1361    308    12.29844    -7.11531    33.12299
 1362    308    12.32911    -7.11531    33.12299
 1363    308    12.35978    -7.11531    33.12299
 1364    308    12.39045    -7.11531    33.12299
 1365    308    12.42112    -7.11531    33.12299
 1366    308    12.45179    -7.11531    33.12299
 1382    308    12.94250    -7.11531    33.12299
 1383    308    12.97317    -7.11531    33.12299
 1384    308    13.00384    -7.11531    33.12299
 1385    308    13.03451    -7.11531    33.12299
 1386    308    13.06518    -7.11531    33.12299
 1387    308    13.09585    -7.11531    33.12299
 1388    308    13.12652    -7.11531    33.12299
 1389    308    13.15719    -7.11531    33.12299
  949    309    -0.33159    -6.96330    32.55567
  950    309    -0.30144    -6.96330    32.55567
  951    309    -0.27130    -6.96330    32.55567
  952    309    -0.24115    -6.96330    32.55567
  953    309    -0.21101    -6.96330    32.55567
  954    309    -0.18086    -6.96330    32.55567
  955    309    -0.15072    -6.96330    32.55567
  956    309    -0.12058    -6.96330    32.55567
  957    309    -0.09043    -6.96330    32.55567
  960    309     0.00000    -6.96330    32.55567
  961    309     0.03014    -6.96330    32.55567
  962    309     0.06029    -6.96330    32.55567
  963    309     0.09043    -6.96330    32.55567
  964    309     0.12058    -6.96330    32.55567
  965    309     0.15072    -6.96330    32.55567
  966    309     0.18086    -6.96330    32.55567
 1119    309     4.79292    -6.96330    32.55567
 1120    309     4.82306    -6.96330    32.55567
 1121    309     4.85321    -6.96330    32.55567
 1122    309     4.88335    -6.96330    32.55567
 1123    309     4.91349    -6.96330    32.55567
 1124    309     4.94364    -6.96330    32.55567
 1125    309     4.97378    -6.96330    32.55567
 1126    309     5.00393    -6.96330    32.55567
 1127    309     5.03407    -6.96330    32.55567
 1128    309     5.06422    -6.96330    32.55567
 1166    309     6.20969    -6.96330    32.55567
 1167    309     6.23984    -6.96330    32.55567
 1168    309     6.26998    -6.96330    32.55567
 1169    309     6.30013    -6.96330    32.55567
 1170    309     6.33027    -6.96330    32.55567
 1180    309     6.63171    -6.96330    32.55567
 1183    309     6.72214    -6.96330    32.55567
 1184    309     6.75229    -6.96330    32.55567
 1188    309     6.87286    -6.96330    32.55567
 1189    309     6.90301    -6.96330    32.55567
 1190    309     6.93315    -6.96330    32.55567
 1191    309     6.96330    -6.96330    32.55567
 1192    309     6.99344    -6.96330    32.55567
 1193    309     7.02358    -6.96330    32.55567
 1194    309     7.05373    -6.96330    32.55567
 1195    309     7.08387    -6.96330    32.55567
 1196    309     7.11402    -6.96330    32.55567
 1197    309     7.14416    -6.96330    32.55567
 1198    309     7.17431    -6.96330    32.55567
 1199    309     7.20445    -6.96330    32.55567
 1200    309     7.23459    -6.96330    32.55567
 1201    309     7.26474    -6.96330    32.55567
 1202    309     7.29488    -6.96330    32.55567
 1203    309     7.32503    -6.96330    32.55567
 1204    309     7.35517    -6.96330    32.55567
 1205    309     7.38531    -6.96330    32.55567
 1206    309     7.41546    -6.96330    32.55567
 1207    309     7.44560    -6.96330    32.55567
 1208    309     7.47575    -6.96330    32.55567
 1325    309    11.00261    -6.96330    32.55567
 1326    309    11.03276    -6.96330    32.55567
 1327    309    11.06290    -6.96330    32.55567
 1328    309    11.09304    -6.96330    32.55567
 1329    309    11.12319    -6.96330    32.55567
 1330    309    11.15333    -6.96330    32.55567
 1359    309    12.02751    -6.96330    32.55567
 1360    309    12.05766    -6.96330    32.55567
 1361    309    12.08780    -6.96330    32.55567
 1383    309    12.75097    -6.96330    32.55567
 1384    309    12.78112    -6.96330    32.55567
 1385    309    12.81126    -6.96330    32.55567
 1386    309    12.84140    -6.96330    32.55567
 1387    309    12.87155    -6.96330    32.55567
 1388    309    12.90169    -6.96330    32.55567
 1389    309    12.93184    -6.96330    32.55567
  948    310    -0.35564    -6.81640    32.00746
  949    310    -0.32600    -6.81640    32.00746
  950    310    -0.29637    -6.81640    32.00746
  951    310    -0.26673    -6.81640    32.00746
  952    310    -0.23709    -6.81640    32.00746
  953    310    -0.20746    -6.81640    32.00746
  954    310    -0.17782    -6.81640    32.00746
  955    310    -0.14818    -6.81640    32.00746
  956    310    -0.11855    -6.81640    32.00746
  959    310    -0.02964    -6.81640    32.00746
  960    310     0.00000    -6.81640    32.00746
  961    310     0.02964    -6.81640    32.00746
  962    310     0.05927    -6.81640    32.00746
  963    310     0.08891    -6.81640    32.00746
  964    310     0.11855    -6.81640    32.00746
  965    310     0.14818    -6.81640    32.00746
 1120    310     4.74185    -6.81640    32.00746
 1121    310     4.77148    -6.81640    32.00746
 1122    310     4.80112    -6.81640    32.00746
 1123    310     4.83076    -6.81640    32.00746
 1124    310     4.86039    -6.81640    32.00746
 1125    310     4.89003    -6.81640    32.00746
 1163    310     6.01622    -6.81640    32.00746
 1164    310     6.04585    -6.81640    32.00746
 1168    310     6.16440    -6.81640    32.00746
 1169    310     6.19404    -6.81640    32.00746
 1170    310     6.22367    -6.81640    32.00746
 1181    310     6.54967    -6.81640    32.00746
 1184    310     6.63858    -6.81640    32.00746
 1188    310     6.75713    -6.81640    32.00746
 1189    310     6.78677    -6.81640    32.00746
 1190    310     6.81640    -6.81640    32.00746
 1191    310     6.84604    -6.81640    32.00746
 1192    310     6.87568    -6.81640    32.00746
 1193    310     6.90531    -6.81640    32.00746
 1194    310     6.93495    -6.81640    32.00746
 1195    310     6.96459    -6.81640    32.00746
 1196    310     6.99422    -6.81640    32.00746
 1197    310     7.02386    -6.81640    32.00746
 1198    310     7.05350    -6.81640    32.00746
 1199    310     7.08313    -6.81640    32.00746
 1200    310     7.11277    -6.81640    32.00746
 1201    310     7.14241    -6.81640    32.00746
 1202    310     7.17204    -6.81640    32.00746
 1203    310     7.20168    -6.81640    32.00746
 1204    310     7.23131    -6.81640    32.00746
 1205    310     7.26095    -6.81640    32.00746
 1206    310     7.29059    -6.81640    32.00746
 1207    310     7.32022    -6.81640    32.00746
 1208    310     7.34986    -6.81640    32.00746
 1325    310    10.81734    -6.81640    32.00746
 1326    310    10.84697    -6.81640    32.00746
 1327    310    10.87661    -6.81640    32.00746
 1328    310    10.90625    -6.81640    32.00746
 1329    310    10.93588    -6.81640    32.00746
 1330    310    10.96552    -6.81640    32.00746
 1359    310    11.82498    -6.81640    32.00746
 1360    310    11.85461    -6.81640    32.00746
 1361    310    11.88425    -6.81640    32.00746
 1362    310    11.91389    -6.81640    32.00746
 1363    310    11.94352    -6.81640    32.00746
 1364    310    11.97316    -6.81640    32.00746
 1365    310    12.00280    -6.81640    32.00746
 1366    310    12.03243    -6.81640    32.00746
 1367    310    12.06207    -6.81640    32.00746
 1368    310    12.09171    -6.81640    32.00746
 1369    310    12.12134    -6.81640    32.00746
 1370    310    12.15098    -6.81640    32.00746
 1382    310    12.50662    -6.81640    32.00746
 1383    310    12.53625    -6.81640    32.00746
 1384    310    12.56589    -6.81640    32.00746
 1385    310    12.59553    -6.81640    32.00746
 1386    310    12.62516    -6.81640    32.00746
 1387    310    12.65480    -6.81640    32.00746
 1388    310    12.68444    -6.81640    32.00746
 1389    310    12.71407    -6.81640    32.00746
  947    311    -0.37889    -6.67438    31.47740
  948    311    -0.34975    -6.67438    31.47740
  949    311    -0.32060    -6.67438    31.47740
  950    311    -0.29146    -6.67438    31.47740
  951    311    -0.26231    -6.67438    31.47740
  952    311    -0.23317    -6.67438    31.47740
  953    311    -0.20402    -6.67438    31.47740
  954    311    -0.17487    -6.67438    31.47740
  958    311    -0.05829    -6.67438    31.47740
  959    311    -0.02915    -6.67438    31.47740
  960    311     0.00000    -6.67438    31.47740
  961    311     0.02915    -6.67438    31.47740
  962    311     0.05829    -6.67438    31.47740
  963    311     0.08744    -6.67438    31.47740
  964    311     0.11658    -6.67438    31.47740
 1121    311     4.69246    -6.67438    31.47740
 1122    311     4.72161    -6.67438    31.47740
 1123    311     4.75076    -6.67438    31.47740
 1163    311     5.91659    -6.67438    31.47740
 1164    311     5.94573    -6.67438    31.47740
 1165    311     5.97488    -6.67438    31.47740
 1166    311     6.00402    -6.67438    31.47740
 1167    311     6.03317    -6.67438    31.47740
 1168    311     6.06231    -6.67438    31.47740
 1169    311     6.09146    -6.67438    31.47740
 1170    311     6.12061    -6.67438    31.47740
 1181    311     6.44121    -6.67438    31.47740
 1184    311     6.52865    -6.67438    31.47740
 1185    311     6.55779    -6.67438    31.47740
 1190    311     6.70352    -6.67438    31.47740
 1191    311     6.73267    -6.67438    31.47740
 1192    311     6.76181    -6.67438    31.47740
 1193    311     6.79096    -6.67438    31.47740
 1194    311     6.82010    -6.67438    31.47740
 1195    311     6.84925    -6.67438    31.47740
 1196    311     6.87840    -6.67438    31.47740
 1197    311     6.90754    -6.67438    31.47740
 1198    311     6.93669    -6.67438    31.47740
 1199    311     6.96583    -6.67438    31.47740
 1200    311     6.99498    -6.67438    31.47740
 1201    311     7.02412    -6.67438    31.47740
 1202    311     7.05327    -6.67438    31.47740
 1203    311     7.08242    -6.67438    31.47740
 1204    311     7.11156    -6.67438    31.47740
 1205    311     7.14071    -6.67438    31.47740
 1206    311     7.16985    -6.67438    31.47740
 1207    311     7.19900    -6.67438    31.47740
 1208    311     7.22814    -6.67438    31.47740
 1325    311    10.63820    -6.67438    31.47740
 1326    311    10.66734    -6.67438    31.47740
 1327    311    10.69649    -6.67438    31.47740
 1328    311    10.72563    -6.67438    31.47740
 1329    311    10.75478    -6.67438    31.47740
 1330    311    10.78393    -6.67438    31.47740
 1359    311    11.62915    -6.67438    31.47740
 1360    311    11.65830    -6.67438    31.47740
 1361    311    11.68744    -6.67438    31.47740
 1362    311    11.71659    -6.67438    31.47740
 1363    311    11.74574    -6.67438    31.47740
 1364    311    11.77488    -6.67438    31.47740
 1365    311    11.80403    -6.67438    31.47740
 1366    311    11.83317    -6.67438    31.47740
 1367    311    11.86232    -6.67438    31.47740
 1368    311    11.89146    -6.67438    31.47740
 1369    311    11.92061    -6.67438    31.47740
 1370    311    11.94976    -6.67438    31.47740
 1371    311    11.97890    -6.67438    31.47740
 1382    311    12.29950    -6.67438    31.47740
 1383    311    12.32865    -6.67438    31.47740
 1384    311    12.35780    -6.67438    31.47740
 1385    311    12.38694    -6.67438    31.47740
 1386    311    12.41609    -6.67438    31.47740
 1387    311    12.44523    -6.67438    31.47740
 1388    311    12.47438    -6.67438    31.47740
 1389    311    12.50352    -6.67438    31.47740
  946    312    -0.40139    -6.53698    30.96462
  947    312    -0.37272    -6.53698    30.96462
  948    312    -0.34405    -6.53698    30.96462
  949    312    -0.31538    -6.53698    30.96462
  950    312    -0.28671    -6.53698    30.96462
  951    312    -0.25804    -6.53698    30.96462
  952    312    -0.22937    -6.53698    30.96462
  953    312    -0.20070    -6.53698    30.96462
  956    312    -0.11468    -6.53698    30.96462
  957    312    -0.08601    -6.53698    30.96462
  958    312    -0.05734    -6.53698    30.96462
  959    312    -0.02867    -6.53698    30.96462
  960    312     0.00000    -6.53698    30.96462
  961    312     0.02867    -6.53698    30.96462
  962    312     0.05734    -6.53698    30.96462
  963    312     0.08601    -6.53698    30.96462
 1163    312     5.82020    -6.53698    30.96462
 1164    312     5.84887    -6.53698    30.96462
 1165    312     5.87754    -6.53698    30.96462
 1166    312     5.90621    -6.53698    30.96462
 1167    312     5.93489    -6.53698    30.96462
 1168    312     5.96356    -6.53698    30.96462
 1169    312     5.99223    -6.53698    30.96462
 1181    312     6.33628    -6.53698    30.96462
 1184    312     6.42229    -6.53698    30.96462
 1185    312     6.45096    -6.53698    30.96462
 1193    312     6.68033    -6.53698    30.96462
 1194    312     6.70900    -6.53698    30.96462
 1195    312     6.73767    -6.53698    30.96462
 1196    312     6.76634    -6.53698    30.96462
 1197    312     6.79501    -6.53698    30.96462
 1198    312     6.82368    -6.53698    30.96462
 1199    312     6.85236    -6.53698    30.96462
 1200    312     6.88103    -6.53698    30.96462
 1201    312     6.90970    -6.53698    30.96462
 1202    312     6.93837    -6.53698    30.96462
 1203    312     6.96704    -6.53698    30.96462
 1204    312     6.99571    -6.53698    30.96462
 1205    312     7.02438    -6.53698    30.96462
 1206    312     7.05305    -6.53698    30.96462
 1209    312     7.13906    -6.53698    30.96462
 1325    312    10.46489    -6.53698    30.96462
 1326    312    10.49357    -6.53698    30.96462
 1327    312    10.52224    -6.53698    30.96462
 1328    312    10.55091    -6.53698    30.96462
 1329    312    10.57958    -6.53698    30.96462
 1330    312    10.60825    -6.53698    30.96462
 1358    312    11.41104    -6.53698    30.96462
 1359    312    11.43971    -6.53698    30.96462
 1360    312    11.46838    -6.53698    30.96462
 1361    312    11.49705    -6.53698    30.96462
 1362    312    11.52572    -6.53698    30.96462
 1363    312    11.55439    -6.53698    30.96462
 1364    312    11.58306    -6.53698    30.96462
 1365    312    11.61173    -6.53698    30.96462
 1366    312    11.64040    -6.53698    30.96462
 1367    312    11.66907    -6.53698    30.96462
 1368    312    11.69774    -6.53698    30.96462
 1369    312    11.72642    -6.53698    30.96462
 1370    312    11.75509    -6.53698    30.96462
 1371    312    11.78376    -6.53698    30.96462
 1372    312    11.81243    -6.53698    30.96462
 1373    312    11.84110    -6.53698    30.96462
 1382    312    12.09914    -6.53698    30.96462
 1383    312    12.12781    -6.53698    30.96462
 1384    312    12.15648    -6.53698    30.96462
 1385    312    12.18515    -6.53698    30.96462
 1386    312    12.21382    -6.53698    30.96462
 1387    312    12.24249    -6.53698    30.96462
 1388    312    12.27116    -6.53698    30.96462
 1389    312    12.29983    -6.53698    30.96462
  945    313    -0.42317    -6.40398    30.46827
  946    313    -0.39496    -6.40398    30.46827
  947    313    -0.36675    -6.40398    30.46827
  948    313    -0.33854    -6.40398    30.46827
  949    313    -0.31032    -6.40398    30.46827
  950    313    -0.28211    -6.40398    30.46827
  951    313    -0.25390    -6.40398    30.46827
  952    313    -0.22569    -6.40398    30.46827
  954    313    -0.16927    -6.40398    30.46827
  955    313    -0.14106    -6.40398    30.46827
  956    313    -0.11285    -6.40398    30.46827
  957    313    -0.08463    -6.40398    30.46827
  958    313    -0.05642    -6.40398    30.46827
  959    313    -0.02821    -6.40398    30.46827
  960    313     0.00000    -6.40398    30.46827
  961    313     0.02821    -6.40398    30.46827
  962    313     0.05642    -6.40398    30.46827
  963    313     0.08463    -6.40398    30.46827
 1164    313     5.75512    -6.40398    30.46827
 1165    313     5.78333    -6.40398    30.46827
 1166    313     5.81154    -6.40398    30.46827
 1167    313     5.83975    -6.40398    30.46827
 1168    313     5.86796    -6.40398    30.46827
 1181    313     6.23471    -6.40398    30.46827
 1184    313     6.31935    -6.40398    30.46827
 1185    313     6.34756    -6.40398    30.46827
 1195    313     6.62967    -6.40398    30.46827
 1196    313     6.65788    -6.40398    30.46827
 1197    313     6.68609    -6.40398    30.46827
 1198    313     6.71430    -6.40398    30.46827
 1199    313     6.74252    -6.40398    30.46827
 1200    313     6.77073    -6.40398    30.46827
 1201    313     6.79894    -6.40398    30.46827
 1202    313     6.82715    -6.40398    30.46827
 1203    313     6.85536    -6.40398    30.46827
 1204    313     6.88357    -6.40398    30.46827
 1205    313     6.91178    -6.40398    30.46827
 1209    313     7.02463    -6.40398    30.46827
 1210    313     7.05284    -6.40398    30.46827
 1325    313    10.29715    -6.40398    30.46827
 1326    313    10.32536    -6.40398    30.46827
 1327    313    10.35357    -6.40398    30.46827
 1328    313    10.38178    -6.40398    30.46827
 1329    313    10.40999    -6.40398    30.46827
 1330    313    10.43820    -6.40398    30.46827
 1358    313    11.22812    -6.40398    30.46827
 1359    313    11.25633    -6.40398    30.46827
 1360    313    11.28455    -6.40398    30.46827
 1361    313    11.31276    -6.40398    30.46827
 1368    313    11.51024    -6.40398    30.46827
 1369    313    11.53845    -6.40398    30.46827
 1370    313    11.56666    -6.40398    30.46827
 1371    313    11.59487    -6.40398    30.46827
 1372    313    11.62308    -6.40398    30.46827
 1373    313    11.65129    -6.40398    30.46827
 1382    313    11.90520    -6.40398    30.46827
 1383    313    11.93341    -6.40398    30.46827
 1384    313    11.96162    -6.40398    30.46827
 1385    313    11.98983    -6.40398    30.46827
 1386    313    12.01804    -6.40398    30.46827
 1387    313    12.04625    -6.40398    30.46827
 1388    313    12.07446    -6.40398    30.46827
 1389    313    12.10267    -6.40398    30.46827
  944    314    -0.44426    -6.27518    29.98759
  945    314    -0.41649    -6.27518    29.98759
  946    314    -0.38873    -6.27518    29.98759
  947    314    -0.36096    -6.27518    29.98759
  948    314    -0.33320    -6.27518    29.98759
  949    314    -0.30543    -6.27518    29.98759
  950    314    -0.27766    -6.27518    29.98759
  951    314    -0.24990    -6.27518    29.98759
  953    314    -0.19436    -6.27518    29.98759
  954    314    -0.16660    -6.27518    29.98759
  955    314    -0.13883    -6.27518    29.98759
  956    314    -0.11107    -6.27518    29.98759
  957    314    -0.08330    -6.27518    29.98759
  958    314    -0.05553    -6.27518    29.98759
  959    314    -0.02777    -6.27518    29.98759
  960    314     0.00000    -6.27518    29.98759
  961    314     0.02777    -6.27518    29.98759
 1181    314     6.13635    -6.27518    29.98759
 1182    314     6.16412    -6.27518    29.98759
 1183    314     6.19188    -6.27518    29.98759
 1184    314     6.21965    -6.27518    29.98759
 1197    314     6.58061    -6.27518    29.98759
 1198    314     6.60838    -6.27518    29.98759
 1199    314     6.63614    -6.27518    29.98759
 1200    314     6.66391    -6.27518    29.98759
 1201    314     6.69167    -6.27518    29.98759
 1204    314     6.77497    -6.27518    29.98759
 1205    314     6.80274    -6.27518    29.98759
 1206    314     6.83051    -6.27518    29.98759
 1207    314     6.85827    -6.27518    29.98759
 1209    314     6.91380    -6.27518    29.98759
 1210    314     6.94157    -6.27518    29.98759
 1211    314     6.96934    -6.27518    29.98759
 1279    314     8.85744    -6.27518    29.98759
 1280    314     8.88521    -6.27518    29.98759
 1281    314     8.91298    -6.27518    29.98759
 1282    314     8.94074    -6.27518    29.98759
 1283    314     8.96851    -6.27518    29.98759
 1284    314     8.99628    -6.27518    29.98759
 1326    314    10.16246    -6.27518    29.98759
 1327    314    10.19023    -6.27518    29.98759
 1328    314    10.21799    -6.27518    29.98759
 1329    314    10.24576    -6.27518    29.98759
 1330    314    10.27353    -6.27518    29.98759
 1331    314    10.30129    -6.27518    29.98759
 1332    314    10.32906    -6.27518    29.98759
 1358    314    11.05098    -6.27518    29.98759
 1359    314    11.07875    -6.27518    29.98759
 1360    314    11.10651    -6.27518    29.98759
 1361    314    11.13428    -6.27518    29.98759
 1362    314    11.16205    -6.27518    29.98759
 1363    314    11.18981    -6.27518    29.98759
 1364    314    11.21758    -6.27518    29.98759
 1365    314    11.24535    -6.27518    29.98759
 1369    314    11.35641    -6.27518    29.98759
 1370    314    11.38418    -6.27518    29.98759
 1371    314    11.41194    -6.27518    29.98759
 1372    314    11.43971    -6.27518    29.98759
 1373    314    11.46748    -6.27518    29.98759
 1374    314    11.49524    -6.27518    29.98759
 1382    314    11.71737    -6.27518    29.98759
 1383    314    11.74514    -6.27518    29.98759
 1384    314    11.77290    -6.27518    29.98759
 1385    314    11.80067    -6.27518    29.98759
 1386    314    11.82844    -6.27518    29.98759
 1387    314    11.85620    -6.27518    29.98759
 1388    314    11.88397    -6.27518    29.98759
 1389    314    11.91174    -6.27518    29.98759
 1390    314    11.93950    -6.27518    29.98759
  943    315    -0.46470    -6.15038    29.52183
  944    315    -0.43736    -6.15038    29.52183
  945    315    -0.41003    -6.15038    29.52183
  946    315    -0.38269    -6.15038    29.52183
  947    315    -0.35536    -6.15038    29.52183
  948    315    -0.32802    -6.15038    29.52183
  949    315    -0.30069    -6.15038    29.52183
  950    315    -0.27335    -6.15038    29.52183
  953    315    -0.19135    -6.15038    29.52183
  954    315    -0.16401    -6.15038    29.52183
  955    315    -0.13668    -6.15038    29.52183
  956    315    -0.10934    -6.15038    29.52183
  957    315    -0.08201    -6.15038    29.52183
  958    315    -0.05467    -6.15038    29.52183
  959    315    -0.02734    -6.15038    29.52183
  960    315     0.00000    -6.15038    29.52183
 1181    315     6.04104    -6.15038    29.52183
 1182    315     6.06838    -6.15038    29.52183
 1183    315     6.09571    -6.15038    29.52183
 1184    315     6.12305    -6.15038    29.52183
 1198    315     6.50574    -6.15038    29.52183
 1199    315     6.53307    -6.15038    29.52183
 1200    315     6.56041    -6.15038    29.52183
 1201    315     6.58774    -6.15038    29.52183
 1202    315     6.61508    -6.15038    29.52183
 1203    315     6.64241    -6.15038    29.52183
 1204    315     6.66975    -6.15038    29.52183
 1205    315     6.69708    -6.15038    29.52183
 1206    315     6.72442    -6.15038    29.52183
 1207    315     6.75175    -6.15038    29.52183
 1209    315     6.80642    -6.15038    29.52183
 1210    315     6.83376    -6.15038    29.52183
 1211    315     6.86109    -6.15038    29.52183
 1278    315     8.69254    -6.15038    29.52183
 1279    315     8.71988    -6.15038    29.52183
 1280    315     8.74721    -6.15038    29.52183
 1281    315     8.77455    -6.15038    29.52183
 1282    315     8.80188    -6.15038    29.52183
 1283    315     8.82922    -6.15038    29.52183
 1284    315     8.85655    -6.15038    29.52183
 1285    315     8.88389    -6.15038    29.52183
 1326    315    10.00462    -6.15038    29.52183
 1327    315    10.03196    -6.15038    29.52183
 1328    315    10.05929    -6.15038    29.52183
 1329    315    10.08663    -6.15038    29.52183
 1330    315    10.11396    -6.15038    29.52183
 1331    315    10.14130    -6.15038    29.52183
 1332    315    10.16863    -6.15038    29.52183
 1333    315    10.19597    -6.15038    29.52183
 1359    315    10.90668    -6.15038    29.52183
 1360    315    10.93401    -6.15038    29.52183
 1361    315    10.96135    -6.15038    29.52183
 1362    315    10.98868    -6.15038    29.52183
 1363    315    11.01602    -6.15038    29.52183
 1364    315    11.04335    -6.15038    29.52183
 1365    315    11.07069    -6.15038    29.52183
 1369    315    11.18003    -6.15038    29.52183
 1370    315    11.20736    -6.15038    29.52183
 1371    315    11.23470    -6.15038    29.52183
 1372    315    11.26203    -6.15038    29.52183
 1373    315    11.28937    -6.15038    29.52183
 1374    315    11.31670    -6.15038    29.52183
 1383    315    11.56272    -6.15038    29.52183
 1384    315    11.59005    -6.15038    29.52183
 1385    315    11.61739    -6.15038    29.52183
 1386    315    11.64472    -6.15038    29.52183
 1387    315    11.67206    -6.15038    29.52183
 1388    315    11.69939    -6.15038    29.52183
 1389    315    11.72673    -6.15038    29.52183
 1390    315    11.75406    -6.15038    29.52183
 1391    315    11.78140    -6.15038    29.52183
 1392    315    11.80873    -6.15038    29.52183
 1393    315    11.83607    -6.15038    29.52183
  942    316    -0.48451    -6.02940    29.07033
  943    316    -0.45759    -6.02940    29.07033
  944    316    -0.43067    -6.02940    29.07033
  945    316    -0.40375    -6.02940    29.07033
  946    316    -0.37684    -6.02940    29.07033
  947    316    -0.34992    -6.02940    29.07033
  948    316    -0.32300    -6.02940    29.07033
  949    316    -0.29609    -6.02940    29.07033
  952    316    -0.21534    -6.02940    29.07033
  953    316    -0.18842    -6.02940    29.07033
  954    316    -0.16150    -6.02940    29.07033
  955    316    -0.13458    -6.02940    29.07033
  956    316    -0.10767    -6.02940    29.07033
  957    316    -0.08075    -6.02940    29.07033
  958    316    -0.05383    -6.02940    29.07033
  959    316    -0.02692    -6.02940    29.07033
 1199    316     6.43316    -6.02940    29.07033
 1200    316     6.46007    -6.02940    29.07033
 1201    316     6.48699    -6.02940    29.07033
 1202    316     6.51391    -6.02940    29.07033
 1203    316     6.54082    -6.02940    29.07033
 1204    316     6.56774    -6.02940    29.07033
 1205    316     6.59466    -6.02940    29.07033
 1206    316     6.62157    -6.02940    29.07033
 1207    316     6.64849    -6.02940    29.07033
 1208    316     6.67541    -6.02940    29.07033
 1209    316     6.70233    -6.02940    29.07033
 1210    316     6.72924    -6.02940    29.07033
 1211    316     6.75616    -6.02940    29.07033
 1278    316     8.55960    -6.02940    29.07033
 1279    316     8.58651    -6.02940    29.07033
 1280    316     8.61343    -6.02940    29.07033
 1281    316     8.64035    -6.02940    29.07033
 1282    316     8.66726    -6.02940    29.07033
 1283    316     8.69418    -6.02940    29.07033
 1284    316     8.72110    -6.02940    29.07033
 1285    316     8.74802    -6.02940    29.07033
 1326    316     9.85161    -6.02940    29.07033
 1327    316     9.87853    -6.02940    29.07033
 1328    316     9.90544    -6.02940    29.07033
 1329    316     9.93236    -6.02940    29.07033
 1330    316     9.95928    -6.02940    29.07033
 1331    316     9.98620    -6.02940    29.07033
 1332    316    10.01311    -6.02940    29.07033
 1333    316    10.04003    -6.02940    29.07033
 1334    316    10.06695    -6.02940    29.07033
 1335    316    10.09386    -6.02940    29.07033
 1336    316    10.12078    -6.02940    29.07033
 1361    316    10.79370    -6.02940    29.07033
 1362    316    10.82062    -6.02940    29.07033
 1363    316    10.84754    -6.02940    29.07033
 1364    316    10.87446    -6.02940    29.07033
 1365    316    10.90137    -6.02940    29.07033
 1366    316    10.92829    -6.02940    29.07033
 1369    316    11.00904    -6.02940    29.07033
 1370    316    11.03596    -6.02940    29.07033
 1371    316    11.06287    -6.02940    29.07033
 1372    316    11.08979    -6.02940    29.07033
 1373    316    11.11671    -6.02940    29.07033
 1374    316    11.14363    -6.02940    29.07033
 1384    316    11.41280    -6.02940    29.07033
 1385    316    11.43971    -6.02940    29.07033
 1386    316    11.46663    -6.02940    29.07033
 1387    316    11.49355    -6.02940    29.07033
 1388    316    11.52046    -6.02940    29.07033
 1389    316    11.54738    -6.02940    29.07033
 1390    316    11.57430    -6.02940    29.07033
 1391    316    11.60121    -6.02940    29.07033
 1392    316    11.62813    -6.02940    29.07033
 1393    316    11.65505    -6.02940    29.07033
 1394    316    11.68196    -6.02940    29.07033
 1395    316    11.70888    -6.02940    29.07033
  942    317    -0.47721    -5.91207    28.63242
  943    317    -0.45070    -5.91207    28.63242
  944    317    -0.42418    -5.91207    28.63242
  945    317    -0.39767    -5.91207    28.63242
  946    317    -0.37116    -5.91207    28.63242
  947    317    -0.34465    -5.91207    28.63242
  948    317    -0.31814    -5.91207    28.63242
  951    317    -0.23860    -5.91207    28.63242
  952    317    -0.21209    -5.91207    28.63242
  953    317    -0.18558    -5.91207    28.63242
  954    317    -0.15907    -5.91207    28.63242
  955    317    -0.13256    -5.91207    28.63242
  956    317    -0.10605    -5.91207    28.63242
  957    317    -0.07953    -5.91207    28.63242
 1200    317     6.36276    -5.91207    28.63242
 1201    317     6.38927    -5.91207    28.63242
 1202    317     6.41578    -5.91207    28.63242
 1203    317     6.44230    -5.91207    28.63242
 1204    317     6.46881    -5.91207    28.63242
 1206    317     6.52183    -5.91207    28.63242
 1207    317     6.54834    -5.91207    28.63242
 1208    317     6.57485    -5.91207    28.63242
 1209    317     6.60136    -5.91207    28.63242
 1210    317     6.62788    -5.91207    28.63242
 1219    317     6.86648    -5.91207    28.63242
 1220    317     6.89299    -5.91207    28.63242
 1278    317     8.43066    -5.91207    28.63242
 1279    317     8.45717    -5.91207    28.63242
 1280    317     8.48368    -5.91207    28.63242
 1282    317     8.53670    -5.91207    28.63242
 1283    317     8.56322    -5.91207    28.63242
 1284    317     8.58973    -5.91207    28.63242
 1285    317     8.61624    -5.91207    28.63242
 1327    317     9.72972    -5.91207    28.63242
 1328    317     9.75623    -5.91207    28.63242
 1329    317     9.78274    -5.91207    28.63242
 1330    317     9.80926    -5.91207    28.63242
 1331    317     9.83577    -5.91207    28.63242
 1332    317     9.86228    -5.91207    28.63242
 1333    317     9.88879    -5.91207    28.63242
 1334    317     9.91530    -5.91207    28.63242
 1335    317     9.94181    -5.91207    28.63242
 1336    317     9.96833    -5.91207    28.63242
 1337    317     9.99484    -5.91207    28.63242
 1362    317    10.65762    -5.91207    28.63242
 1363    317    10.68414    -5.91207    28.63242
 1364    317    10.71065    -5.91207    28.63242
 1365    317    10.73716    -5.91207    28.63242
 1366    317    10.76367    -5.91207    28.63242
 1367    317    10.79018    -5.91207    28.63242
 1368    317    10.81669    -5.91207    28.63242
 1371    317    10.89623    -5.91207    28.63242
 1372    317    10.92274    -5.91207    28.63242
 1373    317    10.94925    -5.91207    28.63242
 1374    317    10.97576    -5.91207    28.63242
 1375    317    11.00227    -5.91207    28.63242
 1385    317    11.26739    -5.91207    28.63242
 1386    317    11.29390    -5.91207    28.63242
 1387    317    11.32041    -5.91207    28.63242
 1388    317    11.34692    -5.91207    28.63242
 1389    317    11.37343    -5.91207    28.63242
 1390    317    11.39995    -5.91207    28.63242
 1391    317    11.42646    -5.91207    28.63242
 1392    317    11.45297    -5.91207    28.63242
 1393    317    11.47948    -5.91207    28.63242
 1394    317    11.50599    -5.91207    28.63242
 1395    317    11.53250    -5.91207    28.63242
 1396    317    11.55902    -5.91207    28.63242
  942    318    -0.47013    -5.79821    28.20752
  943    318    -0.44401    -5.79821    28.20752
  944    318    -0.41789    -5.79821    28.20752
  945    318    -0.39177    -5.79821    28.20752
  946    318    -0.36565    -5.79821    28.20752
  948    318    -0.31342    -5.79821    28.20752
  949    318    -0.28730    -5.79821    28.20752
  950    318    -0.26118    -5.79821    28.20752
  951    318    -0.23506    -5.79821    28.20752
  952    318    -0.20894    -5.79821    28.20752
  953    318    -0.18283    -5.79821    28.20752
  954    318    -0.15671    -5.79821    28.20752
  955    318    -0.13059    -5.79821    28.20752
  956    318    -0.10447    -5.79821    28.20752
  957    318    -0.07835    -5.79821    28.20752
 1201    318     6.29445    -5.79821    28.20752
 1202    318     6.32057    -5.79821    28.20752
 1203    318     6.34669    -5.79821    28.20752
 1204    318     6.37281    -5.79821    28.20752
 1205    318     6.39893    -5.79821    28.20752
 1206    318     6.42505    -5.79821    28.20752
 1207    318     6.45116    -5.79821    28.20752
 1208    318     6.47728    -5.79821    28.20752
 1209    318     6.50340    -5.79821    28.20752
 1210    318     6.52952    -5.79821    28.20752
 1215    318     6.66011    -5.79821    28.20752
 1216    318     6.68623    -5.79821    28.20752
 1217    318     6.71234    -5.79821    28.20752
 1218    318     6.73846    -5.79821    28.20752
 1219    318     6.76458    -5.79821    28.20752
 1220    318     6.79070    -5.79821    28.20752
 1221    318     6.81682    -5.79821    28.20752
 1222    318     6.84293    -5.79821    28.20752
 1223    318     6.86905    -5.79821    28.20752
 1232    318     7.10412    -5.79821    28.20752
 1233    318     7.13023    -5.79821    28.20752
 1278    318     8.30555    -5.79821    28.20752
 1279    318     8.33166    -5.79821    28.20752
 1280    318     8.35778    -5.79821    28.20752
 1281    318     8.38390    -5.79821    28.20752
 1282    318     8.41002    -5.79821    28.20752
 1283    318     8.43614    -5.79821    28.20752
 1284    318     8.46225    -5.79821    28.20752
 1285    318     8.48837    -5.79821    28.20752
 1329    318     9.63757    -5.79821    28.20752
 1330    318     9.66369    -5.79821    28.20752
 1331    318     9.68980    -5.79821    28.20752
 1332    318     9.71592    -5.79821    28.20752
 1333    318     9.74204    -5.79821    28.20752
 1334    318     9.76816    -5.79821    28.20752
 1335    318     9.79428    -5.79821    28.20752
 1336    318     9.82039    -5.79821    28.20752
 1337    318     9.84651    -5.79821    28.20752
 1363    318    10.52558    -5.79821    28.20752
 1364    318    10.55170    -5.79821    28.20752
 1365    318    10.57782    -5.79821    28.20752
 1366    318    10.60394    -5.79821    28.20752
 1367    318    10.63005    -5.79821    28.20752
 1368    318    10.65617    -5.79821    28.20752
 1369    318    10.68229    -5.79821    28.20752
 1370    318    10.70841    -5.79821    28.20752
 1371    318    10.73453    -5.79821    28.20752
 1372    318    10.76064    -5.79821    28.20752
 1373    318    10.78676    -5.79821    28.20752
 1374    318    10.81288    -5.79821    28.20752
 1375    318    10.83900    -5.79821    28.20752
 1382    318    11.02183    -5.79821    28.20752
 1383    318    11.04794    -5.79821    28.20752
 1384    318    11.07406    -5.79821    28.20752
 1387    318    11.15242    -5.79821    28.20752
 1388    318    11.17853    -5.79821    28.20752
 1389    318    11.20465    -5.79821    28.20752
 1390    318    11.23077    -5.79821    28.20752
 1391    318    11.25689    -5.79821    28.20752
 1392    318    11.28301    -5.79821    28.20752
 1393    318    11.30912    -5.79821    28.20752
 1394    318    11.33524    -5.79821    28.20752
 1395    318    11.36136    -5.79821    28.20752
 1396    318    11.38748    -5.79821    28.20752
  942    319    -0.46325    -5.68769    27.79504
  943    319    -0.43751    -5.68769    27.79504
  944    319    -0.41178    -5.68769    27.79504
  945    319    -0.38604    -5.68769    27.79504
  946    319    -0.36031    -5.68769    27.79504
  947    319    -0.33457    -5.68769    27.79504
  948    319    -0.30883    -5.68769    27.79504
  949    319    -0.28310    -5.68769    27.79504
  950    319    -0.25736    -5.68769    27.79504
  951    319    -0.23163    -5.68769    27.79504
  952    319    -0.20589    -5.68769    27.79504
  953    319    -0.18015    -5.68769    27.79504
  954    319    -0.15442    -5.68769    27.79504
  955    319    -0.12868    -5.68769    27.79504
  956    319    -0.10294    -5.68769    27.79504
 1201    319     6.20241    -5.68769    27.79504
 1202    319     6.22815    -5.68769    27.79504
 1203    319     6.25388    -5.68769    27.79504
 1204    319     6.27962    -5.68769    27.79504
 1205    319     6.30536    -5.68769    27.79504
 1206    319     6.33109    -5.68769    27.79504
 1207    319     6.35683    -5.68769    27.79504
 1208    319     6.38256    -5.68769    27.79504
 1209    319     6.40830    -5.68769    27.79504
 1210    319     6.43404    -5.68769    27.79504
 1215    319     6.56272    -5.68769    27.79504
 1216    319     6.58845    -5.68769    27.79504
 1217    319     6.61419    -5.68769    27.79504
 1218    319     6.63993    -5.68769    27.79504
 1219    319     6.66566    -5.68769    27.79504
 1220    319     6.69140    -5.68769    27.79504
 1221    319     6.71713    -5.68769    27.79504
 1222    319     6.74287    -5.68769    27.79504
 1223    319     6.76861    -5.68769    27.79504
 1224    319     6.79434    -5.68769    27.79504
 1231    319     6.97450    -5.68769    27.79504
 1232    319     7.00023    -5.68769    27.79504
 1233    319     7.02597    -5.68769    27.79504
 1234    319     7.05170    -5.68769    27.79504
 1278    319     8.18409    -5.68769    27.79504
 1279    319     8.20983    -5.68769    27.79504
 1280    319     8.23557    -5.68769    27.79504
 1281    319     8.26130    -5.68769    27.79504
 1282    319     8.28704    -5.68769    27.79504
 1283    319     8.31277    -5.68769    27.79504
 1284    319     8.33851    -5.68769    27.79504
 1330    319     9.52237    -5.68769    27.79504
 1331    319     9.54811    -5.68769    27.79504
 1332    319     9.57385    -5.68769    27.79504
 1333    319     9.59958    -5.68769    27.79504
 1334    319     9.62532    -5.68769    27.79504
 1335    319     9.65105    -5.68769    27.79504
 1336    319     9.67679    -5.68769    27.79504
 1337    319     9.70253    -5.68769    27.79504
 1364    319    10.39740    -5.68769    27.79504
 1365    319    10.42314    -5.68769    27.79504
 1366    319    10.44887    -5.68769    27.79504
 1367    319    10.47461    -5.68769    27.79504
 1368    319    10.50035    -5.68769    27.79504
 1369    319    10.52608    -5.68769    27.79504
 1370    319    10.55182    -5.68769    27.79504
 1371    319    10.57756    -5.68769    27.79504
 1372    319    10.60329    -5.68769    27.79504
 1373    319    10.62903    -5.68769    27.79504
 1374    319    10.65476    -5.68769    27.79504
 1375    319    10.68050    -5.68769    27.79504
 1381    319    10.83492    -5.68769    27.79504
 1382    319    10.86065    -5.68769    27.79504
 1383    319    10.88639    -5.68769    27.79504
 1384    319    10.91213    -5.68769    27.79504
 1385    319    10.93786    -5.68769    27.79504
 1389    319    11.04081    -5.68769    27.79504
 1390    319    11.06654    -5.68769    27.79504
 1391    319    11.09228    -5.68769    27.79504
 1392    319    11.11801    -5.68769    27.79504
 1393    319    11.14375    -5.68769    27.79504
 1394    319    11.16949    -5.68769    27.79504
 1395    319    11.19522    -5.68769    27.79504
 1396    319    11.22096    -5.68769    27.79504
 1397    319    11.24669    -5.68769    27.79504
  940    320    -0.50730    -5.58035    27.39444
  941    320    -0.48194    -5.58035    27.39444
  942    320    -0.45657    -5.58035    27.39444
  943    320    -0.43121    -5.58035    27.39444
  944    320    -0.40584    -5.58035    27.39444
  945    320    -0.38048    -5.58035    27.39444
  946    320    -0.35511    -5.58035    27.39444
  947    320    -0.32975    -5.58035    27.39444
  948    320    -0.30438    -5.58035    27.39444
  949    320    -0.27902    -5.58035    27.39444
  950    320    -0.25365    -5.58035    27.39444
  951    320    -0.22829    -5.58035    27.39444
  952    320    -0.20292    -5.58035    27.39444
  953    320    -0.17756    -5.58035    27.39444
  954    320    -0.15219    -5.58035    27.39444
  955    320    -0.12683    -5.58035    27.39444
 1202    320     6.13838    -5.58035    27.39444
 1203    320     6.16375    -5.58035    27.39444
 1204    320     6.18912    -5.58035    27.39444
 1205    320     6.21448    -5.58035    27.39444
 1206    320     6.23985    -5.58035    27.39444
 1207    320     6.26521    -5.58035    27.39444
 1208    320     6.29058    -5.58035    27.39444
 1209    320     6.31594    -5.58035    27.39444
 1210    320     6.34131    -5.58035    27.39444
 1214    320     6.44277    -5.58035    27.39444
 1215    320     6.46813    -5.58035    27.39444
 1216    320     6.49350    -5.58035    27.39444
 1217    320     6.51886    -5.58035    27.39444
 1218    320     6.54423    -5.58035    27.39444
 1219    320     6.56959    -5.58035    27.39444
 1220    320     6.59496    -5.58035    27.39444
 1221    320     6.62032    -5.58035    27.39444
 1222    320     6.64569    -5.58035    27.39444
 1223    320     6.67105    -5.58035    27.39444
 1224    320     6.69642    -5.58035    27.39444
 1225    320     6.72179    -5.58035    27.39444
 1230    320     6.84861    -5.58035    27.39444
 1231    320     6.87398    -5.58035    27.39444
 1234    320     6.95007    -5.58035    27.39444
 1235    320     6.97544    -5.58035    27.39444
 1278    320     8.06614    -5.58035    27.39444
 1279    320     8.09151    -5.58035    27.39444
 1280    320     8.11687    -5.58035    27.39444
 1281    320     8.14224    -5.58035    27.39444
 1282    320     8.16760    -5.58035    27.39444
 1283    320     8.19297    -5.58035    27.39444
 1330    320     9.38513    -5.58035    27.39444
 1331    320     9.41050    -5.58035    27.39444
 1332    320     9.43586    -5.58035    27.39444
 1333    320     9.46123    -5.58035    27.39444
 1334    320     9.48659    -5.58035    27.39444
 1335    320     9.51196    -5.58035    27.39444
 1336    320     9.53733    -5.58035    27.39444
 1337    320     9.56269    -5.58035    27.39444
 1338    320     9.58806    -5.58035    27.39444
 1368    320    10.34901    -5.58035    27.39444
 1369    320    10.37438    -5.58035    27.39444
 1370    320    10.39974    -5.58035    27.39444
 1371    320    10.42511    -5.58035    27.39444
 1372    320    10.45047    -5.58035    27.39444
 1373    320    10.47584    -5.58035    27.39444
 1374    320    10.50120    -5.58035    27.39444
 1375    320    10.52657    -5.58035    27.39444
 1381    320    10.67876    -5.58035    27.39444
 1382    320    10.70413    -5.58035    27.39444
 1384    320    10.75486    -5.58035    27.39444
 1385    320    10.78022    -5.58035    27.39444
 1386    320    10.80559    -5.58035    27.39444
 1391    320    10.93241    -5.58035    27.39444
 1392    320    10.95778    -5.58035    27.39444
 1393    320    10.98314    -5.58035    27.39444
 1394    320    11.00851    -5.58035    27.39444
 1395    320    11.03387    -5.58035    27.39444
 1396    320    11.05924    -5.58035    27.39444
 1397    320    11.08460    -5.58035    27.39444
  938    321    -0.55011    -5.47606    27.00524
  939    321    -0.52510    -5.47606    27.00524
  940    321    -0.50010    -5.47606    27.00524
  941    321    -0.47509    -5.47606    27.00524
  942    321    -0.45009    -5.47606    27.00524
  943    321    -0.42508    -5.47606    27.00524
  944    321    -0.40008    -5.47606    27.00524
  945    321    -0.37507    -5.47606    27.00524
  946    321    -0.35007    -5.47606    27.00524
  947    321    -0.32506    -5.47606    27.00524
  948    321    -0.30006    -5.47606    27.00524
  949    321    -0.27505    -5.47606    27.00524
  950    321    -0.25005    -5.47606    27.00524
  951    321    -0.22504    -5.47606    27.00524
  952    321    -0.20004    -5.47606    27.00524
  953    321    -0.17503    -5.47606    27.00524
  954    321    -0.15003    -5.47606    27.00524
 1206    321     6.15119    -5.47606    27.00524
 1207    321     6.17620    -5.47606    27.00524
 1208    321     6.20120    -5.47606    27.00524
 1214    321     6.35123    -5.47606    27.00524
 1215    321     6.37624    -5.47606    27.00524
 1216    321     6.40124    -5.47606    27.00524
 1217    321     6.42625    -5.47606    27.00524
 1218    321     6.45125    -5.47606    27.00524
 1219    321     6.47626    -5.47606    27.00524
 1220    321     6.50126    -5.47606    27.00524
 1221    321     6.52627    -5.47606    27.00524
 1222    321     6.55127    -5.47606    27.00524
 1223    321     6.57628    -5.47606    27.00524
 1224    321     6.60128    -5.47606    27.00524
 1225    321     6.62629    -5.47606    27.00524
 1230    321     6.75131    -5.47606    27.00524
 1231    321     6.77631    -5.47606    27.00524
 1234    321     6.85133    -5.47606    27.00524
 1235    321     6.87633    -5.47606    27.00524
 1279    321     7.97655    -5.47606    27.00524
 1280    321     8.00155    -5.47606    27.00524
 1281    321     8.02656    -5.47606    27.00524
 1282    321     8.05156    -5.47606    27.00524
 1331    321     9.27680    -5.47606    27.00524
 1332    321     9.30180    -5.47606    27.00524
 1333    321     9.32681    -5.47606    27.00524
 1334    321     9.35181    -5.47606    27.00524
 1335    321     9.37682    -5.47606    27.00524
 1336    321     9.40182    -5.47606    27.00524
 1337    321     9.42683    -5.47606    27.00524
 1338    321     9.45183    -5.47606    27.00524
 1374    321    10.35201    -5.47606    27.00524
 1381    321    10.52704    -5.47606    27.00524
 1382    321    10.55205    -5.47606    27.00524
 1383    321    10.57705    -5.47606    27.00524
 1384    321    10.60206    -5.47606    27.00524
 1385    321    10.62706    -5.47606    27.00524
 1386    321    10.65207    -5.47606    27.00524
 1393    321    10.82710    -5.47606    27.00524
 1394    321    10.85210    -5.47606    27.00524
 1395    321    10.87711    -5.47606    27.00524
 1396    321    10.90211    -5.47606    27.00524
 1397    321    10.92712    -5.47606    27.00524
 1398    321    10.95212    -5.47606    27.00524
  937    322    -0.56706    -5.37470    26.62693
  938    322    -0.54240    -5.37470    26.62693
  939    322    -0.51775    -5.37470    26.62693
  940    322    -0.49309    -5.37470    26.62693
  941    322    -0.46844    -5.37470    26.62693
  942    322    -0.44378    -5.37470    26.62693
  945    322    -0.36982    -5.37470    26.62693
  946    322    -0.34516    -5.37470    26.62693
  947    322    -0.32051    -5.37470    26.62693
  948    322    -0.29585    -5.37470    26.62693
  949    322    -0.27120    -5.37470    26.62693
  950    322    -0.24655    -5.37470    26.62693
  951    322    -0.22189    -5.37470    26.62693
 1214    322     6.26226    -5.37470    26.62693
 1215    322     6.28691    -5.37470    26.62693
 1216    322     6.31157    -5.37470    26.62693
 1217    322     6.33622    -5.37470    26.62693
 1218    322     6.36088    -5.37470    26.62693
 1219    322     6.38553    -5.37470    26.62693
 1221    322     6.43484    -5.37470    26.62693
 1222    322     6.45950    -5.37470    26.62693
 1223    322     6.48415    -5.37470    26.62693
 1224    322     6.50881    -5.37470    26.62693
 1225    322     6.53346    -5.37470    26.62693
 1231    322     6.68139    -5.37470    26.62693
 1232    322     6.70604    -5.37470    26.62693
 1233    322     6.73070    -5.37470    26.62693
 1234    322     6.75535    -5.37470    26.62693
 1333    322     9.19615    -5.37470    26.62693
 1334    322     9.22081    -5.37470    26.62693
 1335    322     9.24546    -5.37470    26.62693
 1336    322     9.27012    -5.37470    26.62693
 1337    322     9.29477    -5.37470    26.62693
 1338    322     9.31943    -5.37470    26.62693
 1368    322    10.05906    -5.37470    26.62693
 1369    322    10.08372    -5.37470    26.62693
 1370    322    10.10837    -5.37470    26.62693
 1371    322    10.13303    -5.37470    26.62693
 1372    322    10.15768    -5.37470    26.62693
 1373    322    10.18234    -5.37470    26.62693
 1374    322    10.20699    -5.37470    26.62693
 1375    322    10.23165    -5.37470    26.62693
 1382    322    10.40423    -5.37470    26.62693
 1383    322    10.42888    -5.37470    26.62693
 1384    322    10.45354    -5.37470    26.62693
 1385    322    10.47819    -5.37470    26.62693
 1393    322    10.67543    -5.37470    26.62693
 1394    322    10.70008    -5.37470    26.62693
 1395    322    10.72474    -5.37470    26.62693
 1396    322    10.74939    -5.37470    26.62693
 1397    322    10.77405    -5.37470    26.62693
 1398    322    10.79870    -5.37470    26.62693
  935    323    -0.60785    -5.27613    26.25908
  936    323    -0.58354    -5.27613    26.25908
  937    323    -0.55922    -5.27613    26.25908
  938    323    -0.53491    -5.27613    26.25908
  939    323    -0.51059    -5.27613    26.25908
  940    323    -0.48628    -5.27613    26.25908
  944    323    -0.38902    -5.27613    26.25908
  945    323    -0.36471    -5.27613    26.25908
  946    323    -0.34040    -5.27613    26.25908
  947    323    -0.31608    -5.27613    26.25908
  948    323    -0.29177    -5.27613    26.25908
 1214    323     6.17575    -5.27613    26.25908
 1215    323     6.20006    -5.27613    26.25908
 1216    323     6.22438    -5.27613    26.25908
 1217    323     6.24869    -5.27613    26.25908
 1218    323     6.27300    -5.27613    26.25908
 1219    323     6.29732    -5.27613    26.25908
 1222    323     6.37026    -5.27613    26.25908
 1223    323     6.39457    -5.27613    26.25908
 1224    323     6.41889    -5.27613    26.25908
 1225    323     6.44320    -5.27613    26.25908
 1226    323     6.46751    -5.27613    26.25908
 1232    323     6.61340    -5.27613    26.25908
 1233    323     6.63771    -5.27613    26.25908
 1333    323     9.06911    -5.27613    26.25908
 1334    323     9.09342    -5.27613    26.25908
 1335    323     9.11774    -5.27613    26.25908
 1336    323     9.14205    -5.27613    26.25908
 1337    323     9.16637    -5.27613    26.25908
 1338    323     9.19068    -5.27613    26.25908
 1366    323     9.87147    -5.27613    26.25908
 1367    323     9.89578    -5.27613    26.25908
 1368    323     9.92010    -5.27613    26.25908
 1369    323     9.94441    -5.27613    26.25908
 1370    323     9.96873    -5.27613    26.25908
 1371    323     9.99304    -5.27613    26.25908
 1372    323    10.01735    -5.27613    26.25908
 1373    323    10.04167    -5.27613    26.25908
 1374    323    10.06598    -5.27613    26.25908
 1375    323    10.09030    -5.27613    26.25908
 1376    323    10.11461    -5.27613    26.25908
 1377    323    10.13892    -5.27613    26.25908
 1393    323    10.52795    -5.27613    26.25908
 1394    323    10.55226    -5.27613    26.25908
 1395    323    10.57658    -5.27613    26.25908
 1396    323    10.60089    -5.27613    26.25908
 1397    323    10.62520    -5.27613    26.25908
 1398    323    10.64952    -5.27613    26.25908
 1399    323    10.67383    -5.27613    26.25908
  934    324    -0.62355    -5.18025    25.90126
  935    324    -0.59957    -5.18025    25.90126
  936    324    -0.57558    -5.18025    25.90126
  937    324    -0.55160    -5.18025    25.90126
  938    324    -0.52762    -5.18025    25.90126
  939    324    -0.50364    -5.18025    25.90126
  941    324    -0.45567    -5.18025    25.90126
  942    324    -0.43169    -5.18025    25.90126
  943    324    -0.40770    -5.18025    25.90126
  944    324    -0.38372    -5.18025    25.90126
  945    324    -0.35974    -5.18025    25.90126
  946    324    -0.33576    -5.18025    25.90126
 1214    324     6.09159    -5.18025    25.90126
 1215    324     6.11557    -5.18025    25.90126
 1216    324     6.13956    -5.18025    25.90126
 1217    324     6.16354    -5.18025    25.90126
 1218    324     6.18752    -5.18025    25.90126
 1219    324     6.21151    -5.18025    25.90126
 1220    324     6.23549    -5.18025    25.90126
 1222    324     6.28345    -5.18025    25.90126
 1223    324     6.30744    -5.18025    25.90126
 1224    324     6.33142    -5.18025    25.90126
 1225    324     6.35540    -5.18025    25.90126
 1226    324     6.37938    -5.18025    25.90126
 1333    324     8.94553    -5.18025    25.90126
 1334    324     8.96951    -5.18025    25.90126
 1335    324     8.99349    -5.18025    25.90126
 1336    324     9.01747    -5.18025    25.90126
 1337    324     9.04146    -5.18025    25.90126
 1338    324     9.06544    -5.18025    25.90126
 1366    324     9.73695    -5.18025    25.90126
 1367    324     9.76094    -5.18025    25.90126
 1368    324     9.78492    -5.18025    25.90126
 1369    324     9.80890    -5.18025    25.90126
 1370    324     9.83288    -5.18025    25.90126
 1371    324     9.85687    -5.18025    25.90126
 1372    324     9.88085    -5.18025    25.90126
 1373    324     9.90483    -5.18025    25.90126
 1374    324     9.92882    -5.18025    25.90126
 1375    324     9.95280    -5.18025    25.90126
 1376    324     9.97678    -5.18025    25.90126
 1377    324    10.00076    -5.18025    25.90126
 1378    324    10.02475    -5.18025    25.90126
 1394    324    10.40847    -5.18025    25.90126
 1395    324    10.43245    -5.18025    25.90126
 1396    324    10.45643    -5.18025    25.90126
 1397    324    10.48042    -5.18025    25.90126
 1398    324    10.50440    -5.18025    25.90126
 1399    324    10.52838    -5.18025    25.90126
  933    325    -0.63883    -5.08695    25.55305
  934    325    -0.61517    -5.08695    25.55305
  935    325    -0.59151    -5.08695    25.55305
  936    325    -0.56785    -5.08695    25.55305
  937    325    -0.54419    -5.08695    25.55305
  940    325    -0.47320    -5.08695    25.55305
  941    325    -0.44954    -5.08695    25.55305
  942    325    -0.42588    -5.08695    25.55305
  943    325    -0.40222    -5.08695    25.55305
  944    325    -0.37856    -5.08695    25.55305
  945    325    -0.35490    -5.08695    25.55305
 1214    325     6.00970    -5.08695    25.55305
 1215    325     6.03336    -5.08695    25.55305
 1216    325     6.05702    -5.08695    25.55305
 1217    325     6.08068    -5.08695    25.55305
 1218    325     6.10434    -5.08695    25.55305
 1219    325     6.12800    -5.08695    25.55305
 1220    325     6.15166    -5.08695    25.55305
 1222    325     6.19898    -5.08695    25.55305
 1223    325     6.22264    -5.08695    25.55305
 1224    325     6.24630    -5.08695    25.55305
 1225    325     6.26996    -5.08695    25.55305
 1226    325     6.29362    -5.08695    25.55305
 1227    325     6.31728    -5.08695    25.55305
 1228    325     6.34094    -5.08695    25.55305
 1333    325     8.82527    -5.08695    25.55305
 1334    325     8.84893    -5.08695    25.55305
 1335    325     8.87259    -5.08695    25.55305
 1336    325     8.89625    -5.08695    25.55305
 1337    325     8.91991    -5.08695    25.55305
 1338    325     8.94357    -5.08695    25.55305
 1366    325     9.60605    -5.08695    25.55305
 1367    325     9.62972    -5.08695    25.55305
 1368    325     9.65338    -5.08695    25.55305
 1369    325     9.67704    -5.08695    25.55305
 1370    325     9.70070    -5.08695    25.55305
 1371    325     9.72436    -5.08695    25.55305
 1372    325     9.74802    -5.08695    25.55305
 1373    325     9.77168    -5.08695    25.55305
 1374    325     9.79534    -5.08695    25.55305
 1375    325     9.81900    -5.08695    25.55305
 1376    325     9.84266    -5.08695    25.55305
 1377    325     9.86632    -5.08695    25.55305
 1378    325     9.88998    -5.08695    25.55305
 1379    325     9.91364    -5.08695    25.55305
 1394    325    10.26854    -5.08695    25.55305
 1395    325    10.29220    -5.08695    25.55305
 1396    325    10.31586    -5.08695    25.55305
 1397    325    10.33952    -5.08695    25.55305
 1398    325    10.36318    -5.08695    25.55305
 1399    325    10.38684    -5.08695    25.55305
 1400    325    10.41050    -5.08695    25.55305
  932    326    -0.65370    -4.99612    25.21409
  933    326    -0.63035    -4.99612    25.21409
  934    326    -0.60701    -4.99612    25.21409
  935    326    -0.58366    -4.99612    25.21409
  936    326    -0.56031    -4.99612    25.21409
  939    326    -0.49027    -4.99612    25.21409
  940    326    -0.46693    -4.99612    25.21409
  941    326    -0.44358    -4.99612    25.21409
  942    326    -0.42023    -4.99612    25.21409
  943    326    -0.39689    -4.99612    25.21409
  944    326    -0.37354    -4.99612    25.21409
 1214    326     5.92998    -4.99612    25.21409
 1215    326     5.95333    -4.99612    25.21409
 1216    326     5.97667    -4.99612    25.21409
 1217    326     6.00002    -4.99612    25.21409
 1218    326     6.02336    -4.99612    25.21409
 1219    326     6.04671    -4.99612    25.21409
 1220    326     6.07006    -4.99612    25.21409
 1221    326     6.09340    -4.99612    25.21409
 1222    326     6.11675    -4.99612    25.21409
 1223    326     6.14010    -4.99612    25.21409
 1224    326     6.16344    -4.99612    25.21409
 1225    326     6.18679    -4.99612    25.21409
 1226    326     6.21014    -4.99612    25.21409
 1227    326     6.23348    -4.99612    25.21409
 1228    326     6.25683    -4.99612    25.21409
 1229    326     6.28018    -4.99612    25.21409
 1230    326     6.30352    -4.99612    25.21409
 1231    326     6.32687    -4.99612    25.21409
 1333    326     8.70820    -4.99612    25.21409
 1334    326     8.73154    -4.99612    25.21409
 1335    326     8.75489    -4.99612    25.21409
 1336    326     8.77824    -4.99612    25.21409
 1337    326     8.80158    -4.99612    25.21409
 1338    326     8.82493    -4.99612    25.21409
 1366    326     9.47863    -4.99612    25.21409
 1367    326     9.50197    -4.99612    25.21409
 1368    326     9.52532    -4.99612    25.21409
 1369    326     9.54867    -4.99612    25.21409
 1370    326     9.57201    -4.99612    25.21409
 1371    326     9.59536    -4.99612    25.21409
 1372    326     9.61871    -4.99612    25.21409
 1373    326     9.64205    -4.99612    25.21409
 1374    326     9.66540    -4.99612    25.21409
 1375    326     9.68875    -4.99612    25.21409
 1376    326     9.71209    -4.99612    25.21409
 1377    326     9.73544    -4.99612    25.21409
 1378    326     9.75878    -4.99612    25.21409
 1379    326     9.78213    -4.99612    25.21409
 1380    326     9.80548    -4.99612    25.21409
 1395    326    10.15567    -4.99612    25.21409
 1396    326    10.17902    -4.99612    25.21409
 1397    326    10.20237    -4.99612    25.21409
 1398    326    10.22571    -4.99612    25.21409
 1399    326    10.24906    -4.99612    25.21409
 1400    326    10.27241    -4.99612    25.21409
  931    327    -0.66818    -4.90768    24.88399
  932    327    -0.64514    -4.90768    24.88399
  933    327    -0.62210    -4.90768    24.88399
  934    327    -0.59906    -4.90768    24.88399
  937    327    -0.52994    -4.90768    24.88399
  938    327    -0.50690    -4.90768    24.88399
  939    327    -0.48386    -4.90768    24.88399
  940    327    -0.46081    -4.90768    24.88399
  941    327    -0.43777    -4.90768    24.88399
 1214    327     5.85235    -4.90768    24.88399
 1215    327     5.87539    -4.90768    24.88399
 1216    327     5.89843    -4.90768    24.88399
 1217    327     5.92147    -4.90768    24.88399
 1218    327     5.94451    -4.90768    24.88399
 1219    327     5.96755    -4.90768    24.88399
 1220    327     5.99059    -4.90768    24.88399
 1221    327     6.01363    -4.90768    24.88399
 1223    327     6.05971    -4.90768    24.88399
 1224    327     6.08275    -4.90768    24.88399
 1225    327     6.10579    -4.90768    24.88399
 1226    327     6.12884    -4.90768    24.88399
 1227    327     6.15188    -4.90768    24.88399
 1228    327     6.17492    -4.90768    24.88399
 1229    327     6.19796    -4.90768    24.88399
 1230    327     6.22100    -4.90768    24.88399
 1231    327     6.24404    -4.90768    24.88399
 1232    327     6.26708    -4.90768    24.88399
 1333    327     8.59419    -4.90768    24.88399
 1334    327     8.61723    -4.90768    24.88399
 1335    327     8.64028    -4.90768    24.88399
 1336    327     8.66332    -4.90768    24.88399
 1337    327     8.68636    -4.90768    24.88399
 1338    327     8.70940    -4.90768    24.88399
 1366    327     9.35454    -4.90768    24.88399
 1367    327     9.37758    -4.90768    24.88399
 1368    327     9.40062    -4.90768    24.88399
 1369    327     9.42366    -4.90768    24.88399
 1370    327     9.44670    -4.90768    24.88399
 1371    327     9.46974    -4.90768    24.88399
 1374    327     9.53886    -4.90768    24.88399
 1375    327     9.56191    -4.90768    24.88399
 1376    327     9.58495    -4.90768    24.88399
 1377    327     9.60799    -4.90768    24.88399
 1378    327     9.63103    -4.90768    24.88399
 1379    327     9.65407    -4.90768    24.88399
 1380    327     9.67711    -4.90768    24.88399
 1381    327     9.70015    -4.90768    24.88399
 1395    327    10.02272    -4.90768    24.88399
 1396    327    10.04576    -4.90768    24.88399
 1397    327    10.06880    -4.90768    24.88399
 1398    327    10.09184    -4.90768    24.88399
 1399    327    10.11488    -4.90768    24.88399
 1400    327    10.13792    -4.90768    24.88399
 1401    327    10.16096    -4.90768    24.88399
  930    328    -0.68229    -4.82151    24.56243
  931    328    -0.65955    -4.82151    24.56243
  932    328    -0.63680    -4.82151    24.56243
  933    328    -0.61406    -4.82151    24.56243
  936    328    -0.54583    -4.82151    24.56243
  937    328    -0.52309    -4.82151    24.56243
  938    328    -0.50035    -4.82151    24.56243
  939    328    -0.47760    -4.82151    24.56243
  940    328    -0.45486    -4.82151    24.56243
 1214    328     5.77672    -4.82151    24.56243
 1215    328     5.79946    -4.82151    24.56243
 1216    328     5.82221    -4.82151    24.56243
 1217    328     5.84495    -4.82151    24.56243
 1219    328     5.89044    -4.82151    24.56243
 1220    328     5.91318    -4.82151    24.56243
 1221    328     5.93592    -4.82151    24.56243
 1222    328     5.95866    -4.82151    24.56243
 1223    328     5.98141    -4.82151    24.56243
 1224    328     6.00415    -4.82151    24.56243
 1225    328     6.02689    -4.82151    24.56243
 1228    328     6.09512    -4.82151    24.56243
 1229    328     6.11787    -4.82151    24.56243
 1230    328     6.14061    -4.82151    24.56243
 1231    328     6.16335    -4.82151    24.56243
 1232    328     6.18609    -4.82151    24.56243
 1233    328     6.20884    -4.82151    24.56243
 1334    328     8.50588    -4.82151    24.56243
 1335    328     8.52862    -4.82151    24.56243
 1336    328     8.55137    -4.82151    24.56243
 1337    328     8.57411    -4.82151    24.56243
 1338    328     8.59685    -4.82151    24.56243
 1367    328     9.25640    -4.82151    24.56243
 1368    328     9.27914    -4.82151    24.56243
 1369    328     9.30188    -4.82151    24.56243
 1370    328     9.32463    -4.82151    24.56243
 1371    328     9.34737    -4.82151    24.56243
 1375    328     9.43834    -4.82151    24.56243
 1376    328     9.46109    -4.82151    24.56243
 1377    328     9.48383    -4.82151    24.56243
 1378    328     9.50657    -4.82151    24.56243
 1379    328     9.52931    -4.82151    24.56243
 1380    328     9.55206    -4.82151    24.56243
 1381    328     9.57480    -4.82151    24.56243
 1382    328     9.59754    -4.82151    24.56243
 1396    328     9.91595    -4.82151    24.56243
 1397    328     9.93869    -4.82151    24.56243
 1398    328     9.96143    -4.82151    24.56243
 1399    328     9.98417    -4.82151    24.56243
 1400    328    10.00692    -4.82151    24.56243
 1401    328    10.02966    -4.82151    24.56243
  929    329    -0.69604    -4.73755    24.24908
  930    329    -0.67359    -4.73755    24.24908
  931    329    -0.65113    -4.73755    24.24908
  932    329    -0.62868    -4.73755    24.24908
  933    329    -0.60623    -4.73755    24.24908
  935    329    -0.56132    -4.73755    24.24908
  936    329    -0.53887    -4.73755    24.24908
  937    329    -0.51642    -4.73755    24.24908
 1214    329     5.70302    -4.73755    24.24908
 1215    329     5.72548    -4.73755    24.24908
 1216    329     5.74793    -4.73755    24.24908
 1217    329     5.77038    -4.73755    24.24908
 1220    329     5.83774    -4.73755    24.24908
 1221    329     5.86019    -4.73755    24.24908
 1222    329     5.88265    -4.73755    24.24908
 1223    329     5.90510    -4.73755    24.24908
 1224    329     5.92755    -4.73755    24.24908
 1225    329     5.95001    -4.73755    24.24908
 1226    329     5.97246    -4.73755    24.24908
 1227    329     5.99491    -4.73755    24.24908
 1228    329     6.01736    -4.73755    24.24908
 1230    329     6.06227    -4.73755    24.24908
 1231    329     6.08472    -4.73755    24.24908
 1232    329     6.10718    -4.73755    24.24908
 1233    329     6.12963    -4.73755    24.24908
 1334    329     8.39737    -4.73755    24.24908
 1335    329     8.41982    -4.73755    24.24908
 1336    329     8.44227    -4.73755    24.24908
 1337    329     8.46472    -4.73755    24.24908
 1338    329     8.48718    -4.73755    24.24908
 1339    329     8.50963    -4.73755    24.24908
 1367    329     9.13831    -4.73755    24.24908
 1368    329     9.16076    -4.73755    24.24908
 1369    329     9.18322    -4.73755    24.24908
 1370    329     9.20567    -4.73755    24.24908
 1371    329     9.22812    -4.73755    24.24908
 1376    329     9.34039    -4.73755    24.24908
 1377    329     9.36284    -4.73755    24.24908
 1378    329     9.38529    -4.73755    24.24908
 1379    329     9.40774    -4.73755    24.24908
 1380    329     9.43020    -4.73755    24.24908
 1381    329     9.45265    -4.73755    24.24908
 1382    329     9.47510    -4.73755    24.24908
 1396    329     9.78944    -4.73755    24.24908
 1397    329     9.81190    -4.73755    24.24908
 1398    329     9.83435    -4.73755    24.24908
 1399    329     9.85680    -4.73755    24.24908
 1400    329     9.87925    -4.73755    24.24908
 1401    329     9.90171    -4.73755    24.24908
 1402    329     9.92416    -4.73755    24.24908
  927    330    -0.73161    -4.65570    23.94362
  928    330    -0.70944    -4.65570    23.94362
  929    330    -0.68727    -4.65570    23.94362
  930    330    -0.66510    -4.65570    23.94362
  931    330    -0.64293    -4.65570    23.94362
  932    330    -0.62076    -4.65570    23.94362
  935    330    -0.55425    -4.65570    23.94362
  936    330    -0.53208    -4.65570    23.94362
  937    330    -0.50991    -4.65570    23.94362
 1214    330     5.63118    -4.65570    23.94362
 1215    330     5.65335    -4.65570    23.94362
 1216    330     5.67552    -4.65570    23.94362
 1218    330     5.71986    -4.65570    23.94362
 1219    330     5.74203    -4.65570    23.94362
 1220    330     5.76420    -4.65570    23.94362
 1221    330     5.78637    -4.65570    23.94362
 1222    330     5.80854    -4.65570    23.94362
 1223    330     5.83071    -4.65570    23.94362
 1224    330     5.85288    -4.65570    23.94362
 1225    330     5.87505    -4.65570    23.94362
 1226    330     5.89722    -4.65570    23.94362
 1227    330     5.91939    -4.65570    23.94362
 1228    330     5.94156    -4.65570    23.94362
 1229    330     5.96373    -4.65570    23.94362
 1230    330     5.98590    -4.65570    23.94362
 1231    330     6.00807    -4.65570    23.94362
 1232    330     6.03024    -4.65570    23.94362
 1233    330     6.05241    -4.65570    23.94362
 1234    330     6.07458    -4.65570    23.94362
 1235    330     6.09675    -4.65570    23.94362
 1236    330     6.11892    -4.65570    23.94362
 1237    330     6.14109    -4.65570    23.94362
 1238    330     6.16326    -4.65570    23.94362
 1334    330     8.29159    -4.65570    23.94362
 1335    330     8.31376    -4.65570    23.94362
 1336    330     8.33593    -4.65570    23.94362
 1337    330     8.35810    -4.65570    23.94362
 1338    330     8.38027    -4.65570    23.94362
 1339    330     8.40244    -4.65570    23.94362
 1340    330     8.42461    -4.65570    23.94362
 1367    330     9.02320    -4.65570    23.94362
 1368    330     9.04537    -4.65570    23.94362
 1369    330     9.06754    -4.65570    23.94362
 1370    330     9.08971    -4.65570    23.94362
 1371    330     9.11188    -4.65570    23.94362
 1372    330     9.13405    -4.65570    23.94362
 1377    330     9.24490    -4.65570    23.94362
 1378    330     9.26707    -4.65570    23.94362
 1379    330     9.28924    -4.65570    23.94362
 1380    330     9.31141    -4.65570    23.94362
 1381    330     9.33358    -4.65570    23.94362
 1382    330     9.35575    -4.65570    23.94362
 1397    330     9.68830    -4.65570    23.94362
 1398    330     9.71047    -4.65570    23.94362
 1399    330     9.73264    -4.65570    23.94362
 1400    330     9.75481    -4.65570    23.94362
 1401    330     9.77698    -4.65570    23.94362
 1402    330     9.79915    -4.65570    23.94362
  927    331    -0.72251    -4.57589    23.64576
  928    331    -0.70061    -4.57589    23.64576
  929    331    -0.67872    -4.57589    23.64576
  930    331    -0.65683    -4.57589    23.64576
  931    331    -0.63493    -4.57589    23.64576
  936    331    -0.52546    -4.57589    23.64576
  937    331    -0.50357    -4.57589    23.64576
 1214    331     5.56113    -4.57589    23.64576
 1215    331     5.58303    -4.57589    23.64576
 1216    331     5.60492    -4.57589    23.64576
 1217    331     5.62681    -4.57589    23.64576
 1218    331     5.64871    -4.57589    23.64576
 1219    331     5.67060    -4.57589    23.64576
 1220    331     5.69250    -4.57589    23.64576
 1221    331     5.71439    -4.57589    23.64576
 1222    331     5.73629    -4.57589    23.64576
 1223    331     5.75818    -4.57589    23.64576
 1224    331     5.78007    -4.57589    23.64576
 1225    331     5.80197    -4.57589    23.64576
 1226    331     5.82386    -4.57589    23.64576
 1227    331     5.84576    -4.57589    23.64576
 1228    331     5.86765    -4.57589    23.64576
 1229    331     5.88954    -4.57589    23.64576
 1230    331     5.91144    -4.57589    23.64576
 1231    331     5.93333    -4.57589    23.64576
 1233    331     5.97712    -4.57589    23.64576
 1234    331     5.99902    -4.57589    23.64576
 1235    331     6.02091    -4.57589    23.64576
 1236    331     6.04280    -4.57589    23.64576
 1237    331     6.06470    -4.57589    23.64576
 1238    331     6.08659    -4.57589    23.64576
 1239    331     6.10849    -4.57589    23.64576
 1335    331     8.21033    -4.57589    23.64576
 1336    331     8.23223    -4.57589    23.64576
 1337    331     8.25412    -4.57589    23.64576
 1338    331     8.27601    -4.57589    23.64576
 1339    331     8.29791    -4.57589    23.64576
 1340    331     8.31980    -4.57589    23.64576
 1341    331     8.34170    -4.57589    23.64576
 1342    331     8.36359    -4.57589    23.64576
 1367    331     8.91095    -4.57589    23.64576
 1368    331     8.93284    -4.57589    23.64576
 1369    331     8.95474    -4.57589    23.64576
 1370    331     8.97663    -4.57589    23.64576
 1371    331     8.99852    -4.57589    23.64576
 1372    331     9.02042    -4.57589    23.64576
 1378    331     9.15178    -4.57589    23.64576
 1379    331     9.17368    -4.57589    23.64576
 1380    331     9.19557    -4.57589    23.64576
 1381    331     9.21747    -4.57589    23.64576
 1382    331     9.23936    -4.57589    23.64576
 1383    331     9.26125    -4.57589    23.64576
 1384    331     9.28315    -4.57589    23.64576
 1398    331     9.58967    -4.57589    23.64576
 1399    331     9.61156    -4.57589    23.64576
 1400    331     9.63346    -4.57589    23.64576
 1401    331     9.65535    -4.57589    23.64576
 1402    331     9.67724    -4.57589    23.64576
 1403    331     9.69914    -4.57589    23.64576
  926    332    -0.73526    -4.49804    23.35521
  927    332    -0.71363    -4.49804    23.35521
  928    332    -0.69201    -4.49804    23.35521
  929    332    -0.67038    -4.49804    23.35521
  934    332    -0.56226    -4.49804    23.35521
  935    332    -0.54063    -4.49804    23.35521
  936    332    -0.51900    -4.49804    23.35521
  937    332    -0.49738    -4.49804    23.35521
  938    332    -0.47575    -4.49804    23.35521
 1214    332     5.49280    -4.49804    23.35521
 1215    332     5.51443    -4.49804    23.35521
 1216    332     5.53605    -4.49804    23.35521
 1217    332     5.55768    -4.49804    23.35521
 1218    332     5.57930    -4.49804    23.35521
 1219    332     5.60093    -4.49804    23.35521
 1220    332     5.62255    -4.49804    23.35521
 1221    332     5.64418    -4.49804    23.35521
 1222    332     5.66580    -4.49804    23.35521
 1223    332     5.68743    -4.49804    23.35521
 1224    332     5.70905    -4.49804    23.35521
 1225    332     5.73068    -4.49804    23.35521
 1226    332     5.75230    -4.49804    23.35521
 1227    332     5.77393    -4.49804    23.35521
 1228    332     5.79555    -4.49804    23.35521
 1229    332     5.81718    -4.49804    23.35521
 1230    332     5.83880    -4.49804    23.35521
 1232    332     5.88205    -4.49804    23.35521
 1233    332     5.90368    -4.49804    23.35521
 1234    332     5.92530    -4.49804    23.35521
 1235    332     5.94693    -4.49804    23.35521
 1236    332     5.96855    -4.49804    23.35521
 1237    332     5.99018    -4.49804    23.35521
 1238    332     6.01181    -4.49804    23.35521
 1239    332     6.03343    -4.49804    23.35521
 1240    332     6.05506    -4.49804    23.35521
 1336    332     8.13107    -4.49804    23.35521
 1337    332     8.15270    -4.49804    23.35521
 1338    332     8.17432    -4.49804    23.35521
 1339    332     8.19595    -4.49804    23.35521
 1340    332     8.21758    -4.49804    23.35521
 1341    332     8.23920    -4.49804    23.35521
 1342    332     8.26083    -4.49804    23.35521
 1343    332     8.28245    -4.49804    23.35521
 1344    332     8.30408    -4.49804    23.35521
 1368    332     8.82308    -4.49804    23.35521
 1369    332     8.84471    -4.49804    23.35521
 1370    332     8.86633    -4.49804    23.35521
 1371    332     8.88796    -4.49804    23.35521
 1372    332     8.90958    -4.49804    23.35521
 1373    332     8.93121    -4.49804    23.35521
 1378    332     9.03933    -4.49804    23.35521
 1379    332     9.06096    -4.49804    23.35521
 1380    332     9.08258    -4.49804    23.35521
 1381    332     9.10421    -4.49804    23.35521
 1382    332     9.12583    -4.49804    23.35521
 1383    332     9.14746    -4.49804    23.35521
 1384    332     9.16908    -4.49804    23.35521
 1385    332     9.19071    -4.49804    23.35521
 1398    332     9.47184    -4.49804    23.35521
 1399    332     9.49346    -4.49804    23.35521
 1400    332     9.51509    -4.49804    23.35521
 1401    332     9.53671    -4.49804    23.35521
 1402    332     9.55834    -4.49804    23.35521
 1403    332     9.57996    -4.49804    23.35521
 1404    332     9.60159    -4.49804    23.35521
  927    333    -0.70497    -4.42208    23.07173
  928    333    -0.68361    -4.42208    23.07173
  929    333    -0.66224    -4.42208    23.07173
  933    333    -0.57679    -4.42208    23.07173
  934    333    -0.55543    -4.42208    23.07173
  935    333    -0.53407    -4.42208    23.07173
  936    333    -0.51271    -4.42208    23.07173
  937    333    -0.49134    -4.42208    23.07173
  938    333    -0.46998    -4.42208    23.07173
 1215    333     5.44749    -4.42208    23.07173
 1216    333     5.46885    -4.42208    23.07173
 1217    333     5.49022    -4.42208    23.07173
 1218    333     5.51158    -4.42208    23.07173
 1219    333     5.53294    -4.42208    23.07173
 1220    333     5.55430    -4.42208    23.07173
 1230    333     5.76793    -4.42208    23.07173
 1231    333     5.78929    -4.42208    23.07173
 1232    333     5.81066    -4.42208    23.07173
 1233    333     5.83202    -4.42208    23.07173
 1234    333     5.85338    -4.42208    23.07173
 1235    333     5.87474    -4.42208    23.07173
 1236    333     5.89611    -4.42208    23.07173
 1237    333     5.91747    -4.42208    23.07173
 1238    333     5.93883    -4.42208    23.07173
 1239    333     5.96020    -4.42208    23.07173
 1240    333     5.98156    -4.42208    23.07173
 1241    333     6.00292    -4.42208    23.07173
 1337    333     8.05374    -4.42208    23.07173
 1338    333     8.07510    -4.42208    23.07173
 1339    333     8.09647    -4.42208    23.07173
 1340    333     8.11783    -4.42208    23.07173
 1341    333     8.13919    -4.42208    23.07173
 1342    333     8.16055    -4.42208    23.07173
 1343    333     8.18192    -4.42208    23.07173
 1344    333     8.20328    -4.42208    23.07173
 1345    333     8.22464    -4.42208    23.07173
 1368    333     8.71599    -4.42208    23.07173
 1369    333     8.73735    -4.42208    23.07173
 1370    333     8.75871    -4.42208    23.07173
 1371    333     8.78007    -4.42208    23.07173
 1372    333     8.80144    -4.42208    23.07173
 1373    333     8.82280    -4.42208    23.07173
 1379    333     8.95098    -4.42208    23.07173
 1380    333     8.97234    -4.42208    23.07173
 1381    333     8.99370    -4.42208    23.07173
 1382    333     9.01506    -4.42208    23.07173
 1383    333     9.03643    -4.42208    23.07173
 1384    333     9.05779    -4.42208    23.07173
 1385    333     9.07915    -4.42208    23.07173
 1386    333     9.10051    -4.42208    23.07173
 1399    333     9.37823    -4.42208    23.07173
 1400    333     9.39959    -4.42208    23.07173
 1401    333     9.42095    -4.42208    23.07173
 1402    333     9.44232    -4.42208    23.07173
 1403    333     9.46368    -4.42208    23.07173
 1404    333     9.48504    -4.42208    23.07173
 1405    333     9.50641    -4.42208    23.07173
  927    334    -0.69652    -4.34794    22.79504
  928    334    -0.67541    -4.34794    22.79504
  929    334    -0.65430    -4.34794    22.79504
  932    334    -0.59098    -4.34794    22.79504
  933    334    -0.56988    -4.34794    22.79504
  934    334    -0.54877    -4.34794    22.79504
  935    334    -0.52766    -4.34794    22.79504
  936    334    -0.50656    -4.34794    22.79504
  937    334    -0.48545    -4.34794    22.79504
 1230    334     5.69876    -4.34794    22.79504
 1231    334     5.71987    -4.34794    22.79504
 1232    334     5.74097    -4.34794    22.79504
 1233    334     5.76208    -4.34794    22.79504
 1234    334     5.78319    -4.34794    22.79504
 1235    334     5.80429    -4.34794    22.79504
 1236    334     5.82540    -4.34794    22.79504
 1237    334     5.84650    -4.34794    22.79504
 1238    334     5.86761    -4.34794    22.79504
 1239    334     5.88872    -4.34794    22.79504
 1240    334     5.90982    -4.34794    22.79504
 1241    334     5.93093    -4.34794    22.79504
 1338    334     7.97826    -4.34794    22.79504
 1339    334     7.99937    -4.34794    22.79504
 1340    334     8.02048    -4.34794    22.79504
 1341    334     8.04158    -4.34794    22.79504
 1342    334     8.06269    -4.34794    22.79504
 1343    334     8.08380    -4.34794    22.79504
 1344    334     8.10490    -4.34794    22.79504
 1345    334     8.12601    -4.34794    22.79504
 1369    334     8.63256    -4.34794    22.79504
 1370    334     8.65367    -4.34794    22.79504
 1371    334     8.67478    -4.34794    22.79504
 1372    334     8.69588    -4.34794    22.79504
 1373    334     8.71699    -4.34794    22.79504
 1374    334     8.73810    -4.34794    22.79504
 1379    334     8.84363    -4.34794    22.79504
 1380    334     8.86474    -4.34794    22.79504
 1381    334     8.88584    -4.34794    22.79504
 1382    334     8.90695    -4.34794    22.79504
 1383    334     8.92806    -4.34794    22.79504
 1384    334     8.94916    -4.34794    22.79504
 1385    334     8.97027    -4.34794    22.79504
 1386    334     8.99138    -4.34794    22.79504
 1399    334     9.26576    -4.34794    22.79504
 1400    334     9.28687    -4.34794    22.79504
 1401    334     9.30797    -4.34794    22.79504
 1402    334     9.32908    -4.34794    22.79504
 1403    334     9.35019    -4.34794    22.79504
 1404    334     9.37129    -4.34794    22.79504
 1405    334     9.39240    -4.34794    22.79504
  928    335    -0.66740    -4.27556    22.52491
  929    335    -0.64655    -4.27556    22.52491
  932    335    -0.58398    -4.27556    22.52491
  933    335    -0.56312    -4.27556    22.52491
  934    335    -0.54227    -4.27556    22.52491
 1230    335     5.63123    -4.27556    22.52491
 1231    335     5.65208    -4.27556    22.52491
 1232    335     5.67294    -4.27556    22.52491
 1233    335     5.69380    -4.27556    22.52491
 1234    335     5.71465    -4.27556    22.52491
 1235    335     5.73551    -4.27556    22.52491
 1236    335     5.75636    -4.27556    22.52491
 1237    335     5.77722    -4.27556    22.52491
 1238    335     5.79808    -4.27556    22.52491
 1239    335     5.81893    -4.27556    22.52491
 1240    335     5.83979    -4.27556    22.52491
 1241    335     5.86065    -4.27556    22.52491
 1281    335     6.69490    -4.27556    22.52491
 1282    335     6.71576    -4.27556    22.52491
 1283    335     6.73662    -4.27556    22.52491
 1284    335     6.75747    -4.27556    22.52491
 1285    335     6.77833    -4.27556    22.52491
 1339    335     7.90457    -4.27556    22.52491
 1340    335     7.92543    -4.27556    22.52491
 1341    335     7.94629    -4.27556    22.52491
 1342    335     7.96714    -4.27556    22.52491
 1343    335     7.98800    -4.27556    22.52491
 1344    335     8.00886    -4.27556    22.52491
 1345    335     8.02971    -4.27556    22.52491
 1369    335     8.53027    -4.27556    22.52491
 1370    335     8.55112    -4.27556    22.52491
 1371    335     8.57198    -4.27556    22.52491
 1372    335     8.59283    -4.27556    22.52491
 1373    335     8.61369    -4.27556    22.52491
 1374    335     8.63455    -4.27556    22.52491
 1381    335     8.78054    -4.27556    22.52491
 1382    335     8.80140    -4.27556    22.52491
 1383    335     8.82225    -4.27556    22.52491
 1384    335     8.84311    -4.27556    22.52491
 1385    335     8.86397    -4.27556    22.52491
 1386    335     8.88482    -4.27556    22.52491
 1387    335     8.90568    -4.27556    22.52491
 1400    335     9.17681    -4.27556    22.52491
 1401    335     9.19767    -4.27556    22.52491
 1402    335     9.21853    -4.27556    22.52491
 1403    335     9.23938    -4.27556    22.52491
 1404    335     9.26024    -4.27556    22.52491
 1405    335     9.28110    -4.27556    22.52491
  928    336    -0.65959    -4.20487    22.26110
  929    336    -0.63898    -4.20487    22.26110
  930    336    -0.61836    -4.20487    22.26110
  932    336    -0.57714    -4.20487    22.26110
  933    336    -0.55653    -4.20487    22.26110
  934    336    -0.53592    -4.20487    22.26110
 1230    336     5.56528    -4.20487    22.26110
 1231    336     5.58589    -4.20487    22.26110
 1232    336     5.60650    -4.20487    22.26110
 1233    336     5.62711    -4.20487    22.26110
 1234    336     5.64772    -4.20487    22.26110
 1235    336     5.66834    -4.20487    22.26110
 1236    336     5.68895    -4.20487    22.26110
 1237    336     5.70956    -4.20487    22.26110
 1238    336     5.73017    -4.20487    22.26110
 1239    336     5.75078    -4.20487    22.26110
 1240    336     5.77140    -4.20487    22.26110
 1241    336     5.79201    -4.20487    22.26110
 1280    336     6.59588    -4.20487    22.26110
 1281    336     6.61649    -4.20487    22.26110
 1282    336     6.63711    -4.20487    22.26110
 1283    336     6.65772    -4.20487    22.26110
 1284    336     6.67833    -4.20487    22.26110
 1285    336     6.69894    -4.20487    22.26110
 1286    336     6.71955    -4.20487    22.26110
 1341    336     7.85322    -4.20487    22.26110
 1342    336     7.87383    -4.20487    22.26110
 1343    336     7.89445    -4.20487    22.26110
 1344    336     7.91506    -4.20487    22.26110
 1345    336     7.93567    -4.20487    22.26110
 1346    336     7.95628    -4.20487    22.26110
 1370    336     8.45097    -4.20487    22.26110
 1371    336     8.47159    -4.20487    22.26110
 1372    336     8.49220    -4.20487    22.26110
 1373    336     8.51281    -4.20487    22.26110
 1374    336     8.53342    -4.20487    22.26110
 1375    336     8.55403    -4.20487    22.26110
 1382    336     8.69832    -4.20487    22.26110
 1383    336     8.71893    -4.20487    22.26110
 1384    336     8.73954    -4.20487    22.26110
 1385    336     8.76016    -4.20487    22.26110
 1386    336     8.78077    -4.20487    22.26110
 1387    336     8.80138    -4.20487    22.26110
 1401    336     9.08995    -4.20487    22.26110
 1402    336     9.11056    -4.20487    22.26110
 1403    336     9.13117    -4.20487    22.26110
 1404    336     9.15179    -4.20487    22.26110
 1405    336     9.17240    -4.20487    22.26110
 1406    336     9.19301    -4.20487    22.26110
  921    337    -0.79457    -4.13583    22.00341
  928    337    -0.65195    -4.13583    22.00341
  929    337    -0.63158    -4.13583    22.00341
  930    337    -0.61121    -4.13583    22.00341
  931    337    -0.59083    -4.13583    22.00341
  932    337    -0.57046    -4.13583    22.00341
  933    337    -0.55009    -4.13583    22.00341
  934    337    -0.52971    -4.13583    22.00341
 1231    337     5.52123    -4.13583    22.00341
 1232    337     5.54160    -4.13583    22.00341
 1233    337     5.56197    -4.13583    22.00341
 1234    337     5.58235    -4.13583    22.00341
 1235    337     5.60272    -4.13583    22.00341
 1236    337     5.62309    -4.13583    22.00341
 1237    337     5.64347    -4.13583    22.00341
 1238    337     5.66384    -4.13583    22.00341
 1239    337     5.68421    -4.13583    22.00341
 1240    337     5.70459    -4.13583    22.00341
 1280    337     6.51953    -4.13583    22.00341
 1281    337     6.53990    -4.13583    22.00341
 1285    337     6.62140    -4.13583    22.00341
 1286    337     6.64177    -4.13583    22.00341
 1341    337     7.76231    -4.13583    22.00341
 1342    337     7.78269    -4.13583    22.00341
 1343    337     7.80306    -4.13583    22.00341
 1344    337     7.82343    -4.13583    22.00341
 1345    337     7.84381    -4.13583    22.00341
 1346    337     7.86418    -4.13583    22.00341
 1370    337     8.35314    -4.13583    22.00341
 1371    337     8.37352    -4.13583    22.00341
 1372    337     8.39389    -4.13583    22.00341
 1373    337     8.41427    -4.13583    22.00341
 1374    337     8.43464    -4.13583    22.00341
 1375    337     8.45501    -4.13583    22.00341
 1382    337     8.59763    -4.13583    22.00341
 1383    337     8.61800    -4.13583    22.00341
 1384    337     8.63837    -4.13583    22.00341
 1385    337     8.65875    -4.13583    22.00341
 1386    337     8.67912    -4.13583    22.00341
 1387    337     8.69949    -4.13583    22.00341
 1401    337     8.98472    -4.13583    22.00341
 1402    337     9.00510    -4.13583    22.00341
 1403    337     9.02547    -4.13583    22.00341
 1404    337     9.04584    -4.13583    22.00341
 1405    337     9.06622    -4.13583    22.00341
 1406    337     9.08659    -4.13583    22.00341
  930    338    -0.60421    -4.06836    21.75161
  931    338    -0.58407    -4.06836    21.75161
  932    338    -0.56393    -4.06836    21.75161
  933    338    -0.54379    -4.06836    21.75161
 1234    338     5.51846    -4.06836    21.75161
 1235    338     5.53860    -4.06836    21.75161
 1236    338     5.55874    -4.06836    21.75161
 1237    338     5.57888    -4.06836    21.75161
 1280    338     6.44492    -4.06836    21.75161
 1281    338     6.46506    -4.06836    21.75161
 1282    338     6.48520    -4.06836    21.75161
 1283    338     6.50534    -4.06836    21.75161
 1284    338     6.52548    -4.06836    21.75161
 1285    338     6.54562    -4.06836    21.75161
 1342    338     7.69362    -4.06836    21.75161
 1343    338     7.71376    -4.06836    21.75161
 1344    338     7.73391    -4.06836    21.75161
 1345    338     7.75405    -4.06836    21.75161
 1346    338     7.77419    -4.06836    21.75161
 1347    338     7.79433    -4.06836    21.75161
 1370    338     8.25755    -4.06836    21.75161
 1371    338     8.27770    -4.06836    21.75161
 1372    338     8.29784    -4.06836    21.75161
 1373    338     8.31798    -4.06836    21.75161
 1374    338     8.33812    -4.06836    21.75161
 1375    338     8.35826    -4.06836    21.75161
 1382    338     8.49924    -4.06836    21.75161
 1383    338     8.51938    -4.06836    21.75161
 1384    338     8.53952    -4.06836    21.75161
 1385    338     8.55966    -4.06836    21.75161
 1386    338     8.57980    -4.06836    21.75161
 1387    338     8.59994    -4.06836    21.75161
 1401    338     8.88191    -4.06836    21.75161
 1402    338     8.90205    -4.06836    21.75161
 1403    338     8.92219    -4.06836    21.75161
 1404    338     8.94233    -4.06836    21.75161
 1405    338     8.96247    -4.06836    21.75161
 1406    338     8.98261    -4.06836    21.75161
 1407    338     9.00275    -4.06836    21.75161
  931    339    -0.57746    -4.00241    21.50551
  932    339    -0.55755    -4.00241    21.50551
 1281    339     6.39191    -4.00241    21.50551
 1282    339     6.41183    -4.00241    21.50551
 1283    339     6.43174    -4.00241    21.50551
 1284    339     6.45165    -4.00241    21.50551
 1338    339     7.52693    -4.00241    21.50551
 1339    339     7.54684    -4.00241    21.50551
 1340    339     7.56675    -4.00241    21.50551
 1341    339     7.58667    -4.00241    21.50551
 1342    339     7.60658    -4.00241    21.50551
 1343    339     7.62649    -4.00241    21.50551
 1344    339     7.64640    -4.00241    21.50551
 1345    339     7.66632    -4.00241    21.50551
 1346    339     7.68623    -4.00241    21.50551
 1347    339     7.70614    -4.00241    21.50551
 1348    339     7.72605    -4.00241    21.50551
 1349    339     7.74597    -4.00241    21.50551
 1370    339     8.16413    -4.00241    21.50551
 1371    339     8.18404    -4.00241    21.50551
 1372    339     8.20395    -4.00241    21.50551
 1373    339     8.22387    -4.00241    21.50551
 1374    339     8.24378    -4.00241    21.50551
 1375    339     8.26369    -4.00241    21.50551
 1383    339     8.42299    -4.00241    21.50551
 1384    339     8.44290    -4.00241    21.50551
 1385    339     8.46282    -4.00241    21.50551
 1386    339     8.48273    -4.00241    21.50551
 1387    339     8.50264    -4.00241    21.50551
 1402    339     8.80133    -4.00241    21.50551
 1403    339     8.82124    -4.00241    21.50551
 1404    339     8.84115    -4.00241    21.50551
 1405    339     8.86107    -4.00241    21.50551
 1406    339     8.88098    -4.00241    21.50551
 1407    339     8.90089    -4.00241    21.50551
 1286    340     6.41885    -3.93795    21.26491
 1287    340     6.43854    -3.93795    21.26491
 1288    340     6.45823    -3.93795    21.26491
 1289    340     6.47792    -3.93795    21.26491
 1290    340     6.49761    -3.93795    21.26491
 1291    340     6.51730    -3.93795    21.26491
 1292    340     6.53699    -3.93795    21.26491
 1335    340     7.38365    -3.93795    21.26491
 1336    340     7.40334    -3.93795    21.26491
 1337    340     7.42303    -3.93795    21.26491
 1338    340     7.44272    -3.93795    21.26491
 1339    340     7.46241    -3.93795    21.26491
 1340    340     7.48210    -3.93795    21.26491
 1341    340     7.50179    -3.93795    21.26491
 1342    340     7.52148    -3.93795    21.26491
 1344    340     7.56086    -3.93795    21.26491
 1345    340     7.58055    -3.93795    21.26491
 1346    340     7.60024    -3.93795    21.26491
 1347    340     7.61993    -3.93795    21.26491
 1348    340     7.63962    -3.93795    21.26491
 1349    340     7.65931    -3.93795    21.26491
 1350    340     7.67900    -3.93795    21.26491
 1370    340     8.07279    -3.93795    21.26491
 1371    340     8.09248    -3.93795    21.26491
 1372    340     8.11217    -3.93795    21.26491
 1373    340     8.13186    -3.93795    21.26491
 1374    340     8.15155    -3.93795    21.26491
 1375    340     8.17124    -3.93795    21.26491
 1383    340     8.32876    -3.93795    21.26491
 1384    340     8.34845    -3.93795    21.26491
 1385    340     8.36814    -3.93795    21.26491
 1386    340     8.38783    -3.93795    21.26491
 1387    340     8.40752    -3.93795    21.26491
 1388    340     8.42721    -3.93795    21.26491
 1402    340     8.70286    -3.93795    21.26491
 1403    340     8.72255    -3.93795    21.26491
 1404    340     8.74224    -3.93795    21.26491
 1405    340     8.76193    -3.93795    21.26491
 1406    340     8.78162    -3.93795    21.26491
 1407    340     8.80131    -3.93795    21.26491
 1408    340     8.82100    -3.93795    21.26491
  928    341    -0.62310    -3.87491    21.02964
  929    341    -0.60363    -3.87491    21.02964
 1285    341     6.32837    -3.87491    21.02964
 1286    341     6.34784    -3.87491    21.02964
 1287    341     6.36731    -3.87491    21.02964
 1288    341     6.38678    -3.87491    21.02964
 1289    341     6.40625    -3.87491    21.02964
 1290    341     6.42572    -3.87491    21.02964
 1291    341     6.44520    -3.87491    21.02964
 1292    341     6.46467    -3.87491    21.02964
 1293    341     6.48414    -3.87491    21.02964
 1294    341     6.50361    -3.87491    21.02964
 1335    341     7.30196    -3.87491    21.02964
 1336    341     7.32143    -3.87491    21.02964
 1337    341     7.34090    -3.87491    21.02964
 1338    341     7.36038    -3.87491    21.02964
 1339    341     7.37985    -3.87491    21.02964
 1340    341     7.39932    -3.87491    21.02964
 1341    341     7.41879    -3.87491    21.02964
 1342    341     7.43826    -3.87491    21.02964
 1343    341     7.45773    -3.87491    21.02964
 1345    341     7.49668    -3.87491    21.02964
 1346    341     7.51615    -3.87491    21.02964
 1347    341     7.53562    -3.87491    21.02964
 1348    341     7.55509    -3.87491    21.02964
 1349    341     7.57457    -3.87491    21.02964
 1350    341     7.59404    -3.87491    21.02964
 1351    341     7.61351    -3.87491    21.02964
 1370    341     7.98348    -3.87491    21.02964
 1371    341     8.00295    -3.87491    21.02964
 1372    341     8.02242    -3.87491    21.02964
 1373    341     8.04189    -3.87491    21.02964
 1374    341     8.06136    -3.87491    21.02964
 1375    341     8.08084    -3.87491    21.02964
 1376    341     8.10031    -3.87491    21.02964
 1383    341     8.23661    -3.87491    21.02964
 1384    341     8.25608    -3.87491    21.02964
 1385    341     8.27555    -3.87491    21.02964
 1386    341     8.29503    -3.87491    21.02964
 1387    341     8.31450    -3.87491    21.02964
 1388    341     8.33397    -3.87491    21.02964
 1403    341     8.62605    -3.87491    21.02964
 1404    341     8.64552    -3.87491    21.02964
 1405    341     8.66499    -3.87491    21.02964
 1406    341     8.68446    -3.87491    21.02964
 1407    341     8.70394    -3.87491    21.02964
 1408    341     8.72341    -3.87491    21.02964
 1409    341     8.74288    -3.87491    21.02964
  926    342    -0.65480    -3.81325    20.79952
  927    342    -0.63554    -3.81325    20.79952
  928    342    -0.61628    -3.81325    20.79952
 1284    342     6.23986    -3.81325    20.79952
 1285    342     6.25912    -3.81325    20.79952
 1286    342     6.27837    -3.81325    20.79952
 1287    342     6.29763    -3.81325    20.79952
 1288    342     6.31689    -3.81325    20.79952
 1289    342     6.33615    -3.81325    20.79952
 1290    342     6.35541    -3.81325    20.79952
 1291    342     6.37467    -3.81325    20.79952
 1292    342     6.39393    -3.81325    20.79952
 1293    342     6.41319    -3.81325    20.79952
 1294    342     6.43245    -3.81325    20.79952
 1295    342     6.45170    -3.81325    20.79952
 1334    342     7.20280    -3.81325    20.79952
 1335    342     7.22206    -3.81325    20.79952
 1336    342     7.24132    -3.81325    20.79952
 1337    342     7.26057    -3.81325    20.79952
 1338    342     7.27983    -3.81325    20.79952
 1339    342     7.29909    -3.81325    20.79952
 1340    342     7.31835    -3.81325    20.79952
 1341    342     7.33761    -3.81325    20.79952
 1342    342     7.35687    -3.81325    20.79952
 1343    342     7.37613    -3.81325    20.79952
 1344    342     7.39539    -3.81325    20.79952
 1345    342     7.41464    -3.81325    20.79952
 1346    342     7.43390    -3.81325    20.79952
 1347    342     7.45316    -3.81325    20.79952
 1348    342     7.47242    -3.81325    20.79952
 1349    342     7.49168    -3.81325    20.79952
 1350    342     7.51094    -3.81325    20.79952
 1351    342     7.53020    -3.81325    20.79952
 1352    342     7.54946    -3.81325    20.79952
 1353    342     7.56872    -3.81325    20.79952
 1371    342     7.91537    -3.81325    20.79952
 1372    342     7.93463    -3.81325    20.79952
 1373    342     7.95389    -3.81325    20.79952
 1374    342     7.97315    -3.81325    20.79952
 1375    342     7.99241    -3.81325    20.79952
 1376    342     8.01167    -3.81325    20.79952
 1383    342     8.14648    -3.81325    20.79952
 1384    342     8.16574    -3.81325    20.79952
 1385    342     8.18500    -3.81325    20.79952
 1386    342     8.20426    -3.81325    20.79952
 1387    342     8.22352    -3.81325    20.79952
 1388    342     8.24277    -3.81325    20.79952
 1389    342     8.26203    -3.81325    20.79952
 1404    342     8.55092    -3.81325    20.79952
 1405    342     8.57017    -3.81325    20.79952
 1406    342     8.58943    -3.81325    20.79952
 1407    342     8.60869    -3.81325    20.79952
 1408    342     8.62795    -3.81325    20.79952
 1409    342     8.64721    -3.81325    20.79952
  914    343    -0.87632    -3.75292    20.57438
  915    343    -0.85727    -3.75292    20.57438
  916    343    -0.83822    -3.75292    20.57438
  917    343    -0.81917    -3.75292    20.57438
  918    343    -0.80011    -3.75292    20.57438
  919    343    -0.78106    -3.75292    20.57438
  920    343    -0.76201    -3.75292    20.57438
  921    343    -0.74296    -3.75292    20.57438
  922    343    -0.72391    -3.75292    20.57438
 1284    343     6.17232    -3.75292    20.57438
 1285    343     6.19137    -3.75292    20.57438
 1286    343     6.21042    -3.75292    20.57438
 1287    343     6.22947    -3.75292    20.57438
 1289    343     6.26757    -3.75292    20.57438
 1292    343     6.32472    -3.75292    20.57438
 1293    343     6.34377    -3.75292    20.57438
 1294    343     6.36282    -3.75292    20.57438
 1295    343     6.38187    -3.75292    20.57438
 1296    343     6.40092    -3.75292    20.57438
 1334    343     7.12483    -3.75292    20.57438
 1335    343     7.14388    -3.75292    20.57438
 1336    343     7.16293    -3.75292    20.57438
 1337    343     7.18198    -3.75292    20.57438
 1338    343     7.20103    -3.75292    20.57438
 1339    343     7.22008    -3.75292    20.57438
 1340    343     7.23914    -3.75292    20.57438
 1343    343     7.29629    -3.75292    20.57438
 1344    343     7.31534    -3.75292    20.57438
 1345    343     7.33439    -3.75292    20.57438
 1347    343     7.37249    -3.75292    20.57438
 1348    343     7.39154    -3.75292    20.57438
 1349    343     7.41059    -3.75292    20.57438
 1350    343     7.42964    -3.75292    20.57438
 1351    343     7.44869    -3.75292    20.57438
 1352    343     7.46774    -3.75292    20.57438
 1353    343     7.48679    -3.75292    20.57438
 1371    343     7.82970    -3.75292    20.57438
 1372    343     7.84875    -3.75292    20.57438
 1373    343     7.86780    -3.75292    20.57438
 1374    343     7.88685    -3.75292    20.57438
 1375    343     7.90590    -3.75292    20.57438
 1376    343     7.92495    -3.75292    20.57438
 1377    343     7.94400    -3.75292    20.57438
 1384    343     8.07735    -3.75292    20.57438
 1385    343     8.09640    -3.75292    20.57438
 1386    343     8.11545    -3.75292    20.57438
 1387    343     8.13450    -3.75292    20.57438
 1388    343     8.15355    -3.75292    20.57438
 1389    343     8.17260    -3.75292    20.57438
 1390    343     8.19165    -3.75292    20.57438
 1404    343     8.45836    -3.75292    20.57438
 1405    343     8.47741    -3.75292    20.57438
 1406    343     8.49646    -3.75292    20.57438
 1407    343     8.51551    -3.75292    20.57438
 1408    343     8.53456    -3.75292    20.57438
 1409    343     8.55361    -3.75292    20.57438
 1410    343     8.57266    -3.75292    20.57438
  911    344    -0.92347    -3.69389    20.35407
  912    344    -0.90463    -3.69389    20.35407
  913    344    -0.88578    -3.69389    20.35407
  914    344    -0.86693    -3.69389    20.35407
  915    344    -0.84809    -3.69389    20.35407
  916    344    -0.82924    -3.69389    20.35407
  917    344    -0.81039    -3.69389    20.35407
  918    344    -0.79155    -3.69389    20.35407
  919    344    -0.77270    -3.69389    20.35407
  920    344    -0.75385    -3.69389    20.35407
  921    344    -0.73501    -3.69389    20.35407
  922    344    -0.71616    -3.69389    20.35407
  923    344    -0.69732    -3.69389    20.35407
 1284    344     6.10622    -3.69389    20.35407
 1285    344     6.12507    -3.69389    20.35407
 1286    344     6.14391    -3.69389    20.35407
 1287    344     6.16276    -3.69389    20.35407
 1288    344     6.18161    -3.69389    20.35407
 1289    344     6.20045    -3.69389    20.35407
 1290    344     6.21930    -3.69389    20.35407
 1291    344     6.23814    -3.69389    20.35407
 1294    344     6.29468    -3.69389    20.35407
 1295    344     6.31353    -3.69389    20.35407
 1296    344     6.33238    -3.69389    20.35407
 1335    344     7.06738    -3.69389    20.35407
 1336    344     7.08623    -3.69389    20.35407
 1337    344     7.10508    -3.69389    20.35407
 1338    344     7.12392    -3.69389    20.35407
 1339    344     7.14277    -3.69389    20.35407
 1340    344     7.16162    -3.69389    20.35407
 1341    344     7.18046    -3.69389    20.35407
 1342    344     7.19931    -3.69389    20.35407
 1343    344     7.21815    -3.69389    20.35407
 1344    344     7.23700    -3.69389    20.35407
 1345    344     7.25585    -3.69389    20.35407
 1348    344     7.31239    -3.69389    20.35407
 1349    344     7.33123    -3.69389    20.35407
 1350    344     7.35008    -3.69389    20.35407
 1351    344     7.36893    -3.69389    20.35407
 1352    344     7.38777    -3.69389    20.35407
 1353    344     7.40662    -3.69389    20.35407
 1354    344     7.42546    -3.69389    20.35407
 1372    344     7.76470    -3.69389    20.35407
 1373    344     7.78355    -3.69389    20.35407
 1374    344     7.80239    -3.69389    20.35407
 1375    344     7.82124    -3.69389    20.35407
 1376    344     7.84008    -3.69389    20.35407
 1377    344     7.85893    -3.69389    20.35407
 1378    344     7.87778    -3.69389    20.35407
 1384    344     7.99086    -3.69389    20.35407
 1385    344     8.00970    -3.69389    20.35407
 1386    344     8.02855    -3.69389    20.35407
 1387    344     8.04739    -3.69389    20.35407
 1388    344     8.06624    -3.69389    20.35407
 1389    344     8.08509    -3.69389    20.35407
 1390    344     8.10393    -3.69389    20.35407
 1391    344     8.12278    -3.69389    20.35407
 1405    344     8.38663    -3.69389    20.35407
 1406    344     8.40548    -3.69389    20.35407
 1407    344     8.42432    -3.69389    20.35407
 1408    344     8.44317    -3.69389    20.35407
 1409    344     8.46201    -3.69389    20.35407
 1410    344     8.48086    -3.69389    20.35407
  909    345    -0.95098    -3.63610    20.13842
  910    345    -0.93233    -3.63610    20.13842
  911    345    -0.91369    -3.63610    20.13842
  912    345    -0.89504    -3.63610    20.13842
  913    345    -0.87639    -3.63610    20.13842
  914    345    -0.85775    -3.63610    20.13842
  915    345    -0.83910    -3.63610    20.13842
  916    345    -0.82045    -3.63610    20.13842
  917    345    -0.80181    -3.63610    20.13842
  918    345    -0.78316    -3.63610    20.13842
  919    345    -0.76451    -3.63610    20.13842
  920    345    -0.74587    -3.63610    20.13842
  921    345    -0.72722    -3.63610    20.13842
  922    345    -0.70857    -3.63610    20.13842
  923    345    -0.68993    -3.63610    20.13842
 1284    345     6.04153    -3.63610    20.13842
 1285    345     6.06017    -3.63610    20.13842
 1286    345     6.07882    -3.63610    20.13842
 1287    345     6.09747    -3.63610    20.13842
 1288    345     6.11611    -3.63610    20.13842
 1289    345     6.13476    -3.63610    20.13842
 1290    345     6.15341    -3.63610    20.13842
 1291    345     6.17205    -3.63610    20.13842
 1292    345     6.19070    -3.63610    20.13842
 1293    345     6.20935    -3.63610    20.13842
 1294    345     6.22799    -3.63610    20.13842
 1295    345     6.24664    -3.63610    20.13842
 1296    345     6.26529    -3.63610    20.13842
 1335    345     6.99251    -3.63610    20.13842
 1336    345     7.01115    -3.63610    20.13842
 1337    345     7.02980    -3.63610    20.13842
 1338    345     7.04845    -3.63610    20.13842
 1339    345     7.06709    -3.63610    20.13842
 1340    345     7.08574    -3.63610    20.13842
 1341    345     7.10439    -3.63610    20.13842
 1342    345     7.12303    -3.63610    20.13842
 1343    345     7.14168    -3.63610    20.13842
 1344    345     7.16033    -3.63610    20.13842
 1345    345     7.17897    -3.63610    20.13842
 1346    345     7.19762    -3.63610    20.13842
 1347    345     7.21627    -3.63610    20.13842
 1348    345     7.23491    -3.63610    20.13842
 1349    345     7.25356    -3.63610    20.13842
 1350    345     7.27221    -3.63610    20.13842
 1351    345     7.29085    -3.63610    20.13842
 1352    345     7.30950    -3.63610    20.13842
 1353    345     7.32815    -3.63610    20.13842
 1354    345     7.34679    -3.63610    20.13842
 1372    345     7.68243    -3.63610    20.13842
 1373    345     7.70108    -3.63610    20.13842
 1374    345     7.71973    -3.63610    20.13842
 1375    345     7.73837    -3.63610    20.13842
 1376    345     7.75702    -3.63610    20.13842
 1377    345     7.77567    -3.63610    20.13842
 1378    345     7.79431    -3.63610    20.13842
 1379    345     7.81296    -3.63610    20.13842
 1384    345     7.90619    -3.63610    20.13842
 1385    345     7.92484    -3.63610    20.13842
 1386    345     7.94349    -3.63610    20.13842
 1387    345     7.96213    -3.63610    20.13842
 1388    345     7.98078    -3.63610    20.13842
 1389    345     7.99943    -3.63610    20.13842
 1390    345     8.01807    -3.63610    20.13842
 1391    345     8.03672    -3.63610    20.13842
 1406    345     8.31642    -3.63610    20.13842
 1407    345     8.33507    -3.63610    20.13842
 1408    345     8.35371    -3.63610    20.13842
 1409    345     8.37236    -3.63610    20.13842
 1410    345     8.39101    -3.63610    20.13842
 1411    345     8.40965    -3.63610    20.13842
  908    346    -0.95946    -3.57953    19.92729
  909    346    -0.94101    -3.57953    19.92729
  910    346    -0.92256    -3.57953    19.92729
  911    346    -0.90411    -3.57953    19.92729
  912    346    -0.88566    -3.57953    19.92729
  913    346    -0.86721    -3.57953    19.92729
  914    346    -0.84875    -3.57953    19.92729
  915    346    -0.83030    -3.57953    19.92729
  916    346    -0.81185    -3.57953    19.92729
  917    346    -0.79340    -3.57953    19.92729
  918    346    -0.77495    -3.57953    19.92729
  919    346    -0.75650    -3.57953    19.92729
  920    346    -0.73805    -3.57953    19.92729
  921    346    -0.71960    -3.57953    19.92729
  922    346    -0.70115    -3.57953    19.92729
  923    346    -0.68269    -3.57953    19.92729
 1285    346     5.99664    -3.57953    19.92729
 1286    346     6.01509    -3.57953    19.92729
 1287    346     6.03354    -3.57953    19.92729
 1288    346     6.05199    -3.57953    19.92729
 1289    346     6.07044    -3.57953    19.92729
 1290    346     6.08889    -3.57953    19.92729
 1291    346     6.10735    -3.57953    19.92729
 1292    346     6.12580    -3.57953    19.92729
 1293    346     6.14425    -3.57953    19.92729
 1294    346     6.16270    -3.57953    19.92729
 1295    346     6.18115    -3.57953    19.92729
 1296    346     6.19960    -3.57953    19.92729
 1338    346     6.97455    -3.57953    19.92729
 1339    346     6.99300    -3.57953    19.92729
 1340    346     7.01145    -3.57953    19.92729
 1341    346     7.02990    -3.57953    19.92729
 1342    346     7.04836    -3.57953    19.92729
 1343    346     7.06681    -3.57953    19.92729
 1345    346     7.10371    -3.57953    19.92729
 1346    346     7.12216    -3.57953    19.92729
 1347    346     7.14061    -3.57953    19.92729
 1348    346     7.15906    -3.57953    19.92729
 1349    346     7.17751    -3.57953    19.92729
 1350    346     7.19597    -3.57953    19.92729
 1351    346     7.21442    -3.57953    19.92729
 1352    346     7.23287    -3.57953    19.92729
 1353    346     7.25132    -3.57953    19.92729
 1354    346     7.26977    -3.57953    19.92729
 1355    346     7.28822    -3.57953    19.92729
 1373    346     7.62034    -3.57953    19.92729
 1374    346     7.63879    -3.57953    19.92729
 1375    346     7.65725    -3.57953    19.92729
 1376    346     7.67570    -3.57953    19.92729
 1377    346     7.69415    -3.57953    19.92729
 1378    346     7.71260    -3.57953    19.92729
 1379    346     7.73105    -3.57953    19.92729
 1385    346     7.84176    -3.57953    19.92729
 1386    346     7.86021    -3.57953    19.92729
 1387    346     7.87866    -3.57953    19.92729
 1388    346     7.89711    -3.57953    19.92729
 1389    346     7.91556    -3.57953    19.92729
 1390    346     7.93401    -3.57953    19.92729
 1391    346     7.95246    -3.57953    19.92729
 1392    346     7.97092    -3.57953    19.92729
 1406    346     8.22923    -3.57953    19.92729
 1407    346     8.24768    -3.57953    19.92729
 1408    346     8.26613    -3.57953    19.92729
 1409    346     8.28459    -3.57953    19.92729
 1410    346     8.30304    -3.57953    19.92729
 1411    346     8.32149    -3.57953    19.92729
  906    347    -0.98603    -3.52413    19.72054
  907    347    -0.96777    -3.52413    19.72054
  908    347    -0.94951    -3.52413    19.72054
  909    347    -0.93125    -3.52413    19.72054
  910    347    -0.91299    -3.52413    19.72054
  911    347    -0.89473    -3.52413    19.72054
  912    347    -0.87647    -3.52413    19.72054
  913    347    -0.85821    -3.52413    19.72054
  914    347    -0.83995    -3.52413    19.72054
  915    347    -0.82169    -3.52413    19.72054
  916    347    -0.80343    -3.52413    19.72054
  917    347    -0.78517    -3.52413    19.72054
  918    347    -0.76691    -3.52413    19.72054
  919    347    -0.74865    -3.52413    19.72054
  920    347    -0.73039    -3.52413    19.72054
  921    347    -0.71213    -3.52413    19.72054
  922    347    -0.69387    -3.52413    19.72054
  923    347    -0.67561    -3.52413    19.72054
 1286    347     5.95268    -3.52413    19.72054
 1287    347     5.97094    -3.52413    19.72054
 1288    347     5.98920    -3.52413    19.72054
 1289    347     6.00746    -3.52413    19.72054
 1290    347     6.02572    -3.52413    19.72054
 1291    347     6.04398    -3.52413    19.72054
 1292    347     6.06224    -3.52413    19.72054
 1293    347     6.08050    -3.52413    19.72054
 1294    347     6.09876    -3.52413    19.72054
 1295    347     6.11702    -3.52413    19.72054
 1341    347     6.95697    -3.52413    19.72054
 1342    347     6.97523    -3.52413    19.72054
 1343    347     6.99349    -3.52413    19.72054
 1344    347     7.01175    -3.52413    19.72054
 1345    347     7.03001    -3.52413    19.72054
 1346    347     7.04827    -3.52413    19.72054
 1347    347     7.06653    -3.52413    19.72054
 1348    347     7.08479    -3.52413    19.72054
 1349    347     7.10305    -3.52413    19.72054
 1350    347     7.12131    -3.52413    19.72054
 1351    347     7.13957    -3.52413    19.72054
 1352    347     7.15783    -3.52413    19.72054
 1353    347     7.17609    -3.52413    19.72054
 1354    347     7.19435    -3.52413    19.72054
 1355    347     7.21261    -3.52413    19.72054
 1374    347     7.55954    -3.52413    19.72054
 1375    347     7.57780    -3.52413    19.72054
 1376    347     7.59606    -3.52413    19.72054
 1377    347     7.61432    -3.52413    19.72054
 1378    347     7.63258    -3.52413    19.72054
 1379    347     7.65084    -3.52413    19.72054
 1380    347     7.66910    -3.52413    19.72054
 1385    347     7.76040    -3.52413    19.72054
 1386    347     7.77866    -3.52413    19.72054
 1387    347     7.79692    -3.52413    19.72054
 1388    347     7.81518    -3.52413    19.72054
 1389    347     7.83344    -3.52413    19.72054
 1390    347     7.85170    -3.52413    19.72054
 1391    347     7.86996    -3.52413    19.72054
 1392    347     7.88822    -3.52413    19.72054
 1407    347     8.16211    -3.52413    19.72054
 1408    347     8.18037    -3.52413    19.72054
 1409    347     8.19863    -3.52413    19.72054
 1410    347     8.21689    -3.52413    19.72054
 1411    347     8.23515    -3.52413    19.72054
 1412    347     8.25341    -3.52413    19.72054
  905    348    -0.99397    -3.46987    19.51804
  906    348    -0.97590    -3.46987    19.51804
  907    348    -0.95783    -3.46987    19.51804
  908    348    -0.93976    -3.46987    19.51804
  909    348    -0.92169    -3.46987    19.51804
  910    348    -0.90361    -3.46987    19.51804
  911    348    -0.88554    -3.46987    19.51804
  912    348    -0.86747    -3.46987    19.51804
  913    348    -0.84940    -3.46987    19.51804
  914    348    -0.83132    -3.46987    19.51804
  915    348    -0.81325    -3.46987    19.51804
  918    348    -0.75903    -3.46987    19.51804
  919    348    -0.74096    -3.46987    19.51804
  920    348    -0.72289    -3.46987    19.51804
  921    348    -0.70482    -3.46987    19.51804
  922    348    -0.68675    -3.46987    19.51804
  923    348    -0.66867    -3.46987    19.51804
 1342    348     6.90360    -3.46987    19.51804
 1343    348     6.92168    -3.46987    19.51804
 1344    348     6.93975    -3.46987    19.51804
 1345    348     6.95782    -3.46987    19.51804
 1346    348     6.97589    -3.46987    19.51804
 1347    348     6.99397    -3.46987    19.51804
 1348    348     7.01204    -3.46987    19.51804
 1349    348     7.03011    -3.46987    19.51804
 1350    348     7.04818    -3.46987    19.51804
 1351    348     7.06625    -3.46987    19.51804
 1352    348     7.08433    -3.46987    19.51804
 1353    348     7.10240    -3.46987    19.51804
 1354    348     7.12047    -3.46987    19.51804
 1375    348     7.49999    -3.46987    19.51804
 1376    348     7.51806    -3.46987    19.51804
 1377    348     7.53613    -3.46987    19.51804
 1378    348     7.55421    -3.46987    19.51804
 1379    348     7.57228    -3.46987    19.51804
 1380    348     7.59035    -3.46987    19.51804
 1386    348     7.69878    -3.46987    19.51804
 1387    348     7.71686    -3.46987    19.51804
 1388    348     7.73493    -3.46987    19.51804
 1389    348     7.75300    -3.46987    19.51804
 1390    348     7.77107    -3.46987    19.51804
 1391    348     7.78914    -3.46987    19.51804
 1392    348     7.80722    -3.46987    19.51804
 1407    348     8.07830    -3.46987    19.51804
 1408    348     8.09637    -3.46987    19.51804
 1409    348     8.11445    -3.46987    19.51804
 1410    348     8.13252    -3.46987    19.51804
 1411    348     8.15059    -3.46987    19.51804
 1412    348     8.16866    -3.46987    19.51804
 1413    348     8.18673    -3.46987    19.51804
  904    349    -1.00176    -3.41672    19.31966
  905    349    -0.98387    -3.41672    19.31966
  906    349    -0.96598    -3.41672    19.31966
  907    349    -0.94809    -3.41672    19.31966
  908    349    -0.93021    -3.41672    19.31966
  909    349    -0.91232    -3.41672    19.31966
  910    349    -0.89443    -3.41672    19.31966
  911    349    -0.87654    -3.41672    19.31966
  912    349    -0.85865    -3.41672    19.31966
  917    349    -0.76921    -3.41672    19.31966
  918    349    -0.75132    -3.41672    19.31966
  919    349    -0.73343    -3.41672    19.31966
  920    349    -0.71554    -3.41672    19.31966
  921    349    -0.69765    -3.41672    19.31966
  922    349    -0.67977    -3.41672    19.31966
 1342    349     6.83343    -3.41672    19.31966
 1343    349     6.85132    -3.41672    19.31966
 1344    349     6.86921    -3.41672    19.31966
 1345    349     6.88710    -3.41672    19.31966
 1346    349     6.90499    -3.41672    19.31966
 1347    349     6.92288    -3.41672    19.31966
 1348    349     6.94077    -3.41672    19.31966
 1349    349     6.95865    -3.41672    19.31966
 1350    349     6.97654    -3.41672    19.31966
 1351    349     6.99443    -3.41672    19.31966
 1352    349     7.01232    -3.41672    19.31966
 1353    349     7.03021    -3.41672    19.31966
 1354    349     7.04810    -3.41672    19.31966
 1375    349     7.42376    -3.41672    19.31966
 1376    349     7.44165    -3.41672    19.31966
 1377    349     7.45953    -3.41672    19.31966
 1378    349     7.47742    -3.41672    19.31966
 1379    349     7.49531    -3.41672    19.31966
 1380    349     7.51320    -3.41672    19.31966
 1381    349     7.53109    -3.41672    19.31966
 1386    349     7.62053    -3.41672    19.31966
 1387    349     7.63842    -3.41672    19.31966
 1388    349     7.65631    -3.41672    19.31966
 1389    349     7.67420    -3.41672    19.31966
 1390    349     7.69209    -3.41672    19.31966
 1391    349     7.70997    -3.41672    19.31966
 1392    349     7.72786    -3.41672    19.31966
 1408    349     8.01408    -3.41672    19.31966
 1409    349     8.03197    -3.41672    19.31966
 1410    349     8.04986    -3.41672    19.31966
 1411    349     8.06775    -3.41672    19.31966
 1412    349     8.08563    -3.41672    19.31966
 1413    349     8.10352    -3.41672    19.31966
  903    350    -1.00939    -3.36463    19.12527
  904    350    -0.99168    -3.36463    19.12527
  905    350    -0.97397    -3.36463    19.12527
  906    350    -0.95626    -3.36463    19.12527
  907    350    -0.93855    -3.36463    19.12527
  908    350    -0.92085    -3.36463    19.12527
  909    350    -0.90314    -3.36463    19.12527
  910    350    -0.88543    -3.36463    19.12527
  911    350    -0.86772    -3.36463    19.12527
  912    350    -0.85001    -3.36463    19.12527
  915    350    -0.79689    -3.36463    19.12527
  916    350    -0.77918    -3.36463    19.12527
  917    350    -0.76147    -3.36463    19.12527
  918    350    -0.74376    -3.36463    19.12527
  919    350    -0.72605    -3.36463    19.12527
  920    350    -0.70834    -3.36463    19.12527
  921    350    -0.69063    -3.36463    19.12527
  922    350    -0.67293    -3.36463    19.12527
 1342    350     6.76468    -3.36463    19.12527
 1343    350     6.78239    -3.36463    19.12527
 1344    350     6.80009    -3.36463    19.12527
 1345    350     6.81780    -3.36463    19.12527
 1346    350     6.83551    -3.36463    19.12527
 1347    350     6.85322    -3.36463    19.12527
 1350    350     6.90635    -3.36463    19.12527
 1351    350     6.92405    -3.36463    19.12527
 1352    350     6.94176    -3.36463    19.12527
 1376    350     7.36677    -3.36463    19.12527
 1377    350     7.38448    -3.36463    19.12527
 1378    350     7.40219    -3.36463    19.12527
 1379    350     7.41990    -3.36463    19.12527
 1380    350     7.43760    -3.36463    19.12527
 1381    350     7.45531    -3.36463    19.12527
 1387    350     7.56156    -3.36463    19.12527
 1388    350     7.57927    -3.36463    19.12527
 1389    350     7.59698    -3.36463    19.12527
 1390    350     7.61469    -3.36463    19.12527
 1391    350     7.63240    -3.36463    19.12527
 1392    350     7.65011    -3.36463    19.12527
 1393    350     7.66782    -3.36463    19.12527
 1408    350     7.93344    -3.36463    19.12527
 1409    350     7.95115    -3.36463    19.12527
 1410    350     7.96886    -3.36463    19.12527
 1411    350     7.98657    -3.36463    19.12527
 1412    350     8.00428    -3.36463    19.12527
 1413    350     8.02199    -3.36463    19.12527
 1414    350     8.03970    -3.36463    19.12527
  903    351    -0.99933    -3.31358    18.93475
  904    351    -0.98180    -3.31358    18.93475
  905    351    -0.96427    -3.31358    18.93475
  906    351    -0.94674    -3.31358    18.93475
  907    351    -0.92921    -3.31358    18.93475
  908    351    -0.91167    -3.31358    18.93475
  909    351    -0.89414    -3.31358    18.93475
  910    351    -0.87661    -3.31358    18.93475
  911    351    -0.85908    -3.31358    18.93475
  912    351    -0.84154    -3.31358    18.93475
  913    351    -0.82401    -3.31358    18.93475
  914    351    -0.80648    -3.31358    18.93475
  915    351    -0.78895    -3.31358    18.93475
  916    351    -0.77142    -3.31358    18.93475
  917    351    -0.75388    -3.31358    18.93475
  918    351    -0.73635    -3.31358    18.93475
  919    351    -0.71882    -3.31358    18.93475
  920    351    -0.70129    -3.31358    18.93475
  921    351    -0.68375    -3.31358    18.93475
 1342    351     6.69729    -3.31358    18.93475
 1343    351     6.71482    -3.31358    18.93475
 1344    351     6.73235    -3.31358    18.93475
 1345    351     6.74989    -3.31358    18.93475
 1346    351     6.76742    -3.31358    18.93475
 1347    351     6.78495    -3.31358    18.93475
 1348    351     6.80248    -3.31358    18.93475
 1376    351     7.29338    -3.31358    18.93475
 1377    351     7.31092    -3.31358    18.93475
 1378    351     7.32845    -3.31358    18.93475
 1379    351     7.34598    -3.31358    18.93475
 1380    351     7.36351    -3.31358    18.93475
 1381    351     7.38105    -3.31358    18.93475
 1388    351     7.50377    -3.31358    18.93475
 1389    351     7.52130    -3.31358    18.93475
 1390    351     7.53883    -3.31358    18.93475
 1391    351     7.55637    -3.31358    18.93475
 1392    351     7.57390    -3.31358    18.93475
 1393    351     7.59143    -3.31358    18.93475
 1409    351     7.87195    -3.31358    18.93475
 1410    351     7.88948    -3.31358    18.93475
 1411    351     7.90701    -3.31358    18.93475
 1412    351     7.92454    -3.31358    18.93475
 1413    351     7.94207    -3.31358    18.93475
 1414    351     7.95961    -3.31358    18.93475
  902    352    -1.00684    -3.26354    18.74799
  903    352    -0.98948    -3.26354    18.74799
  904    352    -0.97212    -3.26354    18.74799
  905    352    -0.95476    -3.26354    18.74799
  907    352    -0.92004    -3.26354    18.74799
  908    352    -0.90268    -3.26354    18.74799
  909    352    -0.88532    -3.26354    18.74799
  910    352    -0.86796    -3.26354    18.74799
  911    352    -0.85060    -3.26354    18.74799
  912    352    -0.83324    -3.26354    18.74799
  913    352    -0.81588    -3.26354    18.74799
  914    352    -0.79853    -3.26354    18.74799
  915    352    -0.78117    -3.26354    18.74799
  916    352    -0.76381    -3.26354    18.74799
  917    352    -0.74645    -3.26354    18.74799
  918    352    -0.72909    -3.26354    18.74799
  919    352    -0.71173    -3.26354    18.74799
  920    352    -0.69437    -3.26354    18.74799
 1343    352     6.64859    -3.26354    18.74799
 1344    352     6.66595    -3.26354    18.74799
 1345    352     6.68331    -3.26354    18.74799
 1346    352     6.70067    -3.26354    18.74799
 1347    352     6.71803    -3.26354    18.74799
 1348    352     6.73539    -3.26354    18.74799
 1349    352     6.75275    -3.26354    18.74799
 1376    352     7.22145    -3.26354    18.74799
 1377    352     7.23881    -3.26354    18.74799
 1378    352     7.25617    -3.26354    18.74799
 1379    352     7.27352    -3.26354    18.74799
 1380    352     7.29088    -3.26354    18.74799
 1381    352     7.30824    -3.26354    18.74799
 1382    352     7.32560    -3.26354    18.74799
 1389    352     7.44712    -3.26354    18.74799
 1390    352     7.46448    -3.26354    18.74799
 1391    352     7.48184    -3.26354    18.74799
 1392    352     7.49919    -3.26354    18.74799
 1393    352     7.51655    -3.26354    18.74799
 1394    352     7.53391    -3.26354    18.74799
 1409    352     7.79430    -3.26354    18.74799
 1410    352     7.81166    -3.26354    18.74799
 1411    352     7.82902    -3.26354    18.74799
 1412    352     7.84638    -3.26354    18.74799
 1413    352     7.86374    -3.26354    18.74799
 1414    352     7.88110    -3.26354    18.74799
 1415    352     7.89846    -3.26354    18.74799
  901    353    -1.01419    -3.21447    18.56487
  902    353    -0.99700    -3.21447    18.56487
  903    353    -0.97981    -3.21447    18.56487
  904    353    -0.96262    -3.21447    18.56487
  905    353    -0.94543    -3.21447    18.56487
  910    353    -0.85948    -3.21447    18.56487
  911    353    -0.84230    -3.21447    18.56487
  912    353    -0.82511    -3.21447    18.56487
  913    353    -0.80792    -3.21447    18.56487
  914    353    -0.79073    -3.21447    18.56487
  915    353    -0.77354    -3.21447    18.56487
  916    353    -0.75635    -3.21447    18.56487
  917    353    -0.73916    -3.21447    18.56487
  918    353    -0.72197    -3.21447    18.56487
  919    353    -0.70478    -3.21447    18.56487
 1344    353     6.60084    -3.21447    18.56487
 1345    353     6.61803    -3.21447    18.56487
 1346    353     6.63522    -3.21447    18.56487
 1347    353     6.65241    -3.21447    18.56487
 1348    353     6.66960    -3.21447    18.56487
 1349    353     6.68679    -3.21447    18.56487
 1376    353     7.15091    -3.21447    18.56487
 1377    353     7.16810    -3.21447    18.56487
 1378    353     7.18529    -3.21447    18.56487
 1379    353     7.20248    -3.21447    18.56487
 1380    353     7.21967    -3.21447    18.56487
 1381    353     7.23686    -3.21447    18.56487
 1382    353     7.25405    -3.21447    18.56487
 1389    353     7.37438    -3.21447    18.56487
 1390    353     7.39157    -3.21447    18.56487
 1391    353     7.40876    -3.21447    18.56487
 1392    353     7.42595    -3.21447    18.56487
 1393    353     7.44314    -3.21447    18.56487
 1394    353     7.46033    -3.21447    18.56487
 1395    353     7.47752    -3.21447    18.56487
 1410    353     7.73536    -3.21447    18.56487
 1411    353     7.75255    -3.21447    18.56487
 1412    353     7.76974    -3.21447    18.56487
 1413    353     7.78693    -3.21447    18.56487
 1414    353     7.80412    -3.21447    18.56487
 1415    353     7.82131    -3.21447    18.56487
  901    354    -1.00438    -3.16636    18.38530
  902    354    -0.98736    -3.16636    18.38530
  903    354    -0.97034    -3.16636    18.38530
  904    354    -0.95331    -3.16636    18.38530
  905    354    -0.93629    -3.16636    18.38530
  907    354    -0.90224    -3.16636    18.38530
  908    354    -0.88522    -3.16636    18.38530
  910    354    -0.85117    -3.16636    18.38530
  911    354    -0.83415    -3.16636    18.38530
  912    354    -0.81712    -3.16636    18.38530
  913    354    -0.80010    -3.16636    18.38530
  914    354    -0.78308    -3.16636    18.38530
  915    354    -0.76605    -3.16636    18.38530
  916    354    -0.74903    -3.16636    18.38530
  917    354    -0.73201    -3.16636    18.38530
  918    354    -0.71498    -3.16636    18.38530
 1345    354     6.55402    -3.16636    18.38530
 1346    354     6.57104    -3.16636    18.38530
 1347    354     6.58807    -3.16636    18.38530
 1348    354     6.60509    -3.16636    18.38530
 1349    354     6.62211    -3.16636    18.38530
 1350    354     6.63914    -3.16636    18.38530
 1377    354     7.09877    -3.16636    18.38530
 1378    354     7.11579    -3.16636    18.38530
 1379    354     7.13282    -3.16636    18.38530
 1380    354     7.14984    -3.16636    18.38530
 1381    354     7.16686    -3.16636    18.38530
 1382    354     7.18389    -3.16636    18.38530
 1390    354     7.32007    -3.16636    18.38530
 1391    354     7.33710    -3.16636    18.38530
 1392    354     7.35412    -3.16636    18.38530
 1393    354     7.37115    -3.16636    18.38530
 1394    354     7.38817    -3.16636    18.38530
 1395    354     7.40519    -3.16636    18.38530
 1396    354     7.42222    -3.16636    18.38530
 1411    354     7.67757    -3.16636    18.38530
 1412    354     7.69459    -3.16636    18.38530
 1413    354     7.71161    -3.16636    18.38530
 1414    354     7.72864    -3.16636    18.38530
 1415    354     7.74566    -3.16636    18.38530
 1416    354     7.76268    -3.16636    18.38530
  900    355    -1.01162    -3.11916    18.20918
  901    355    -0.99476    -3.11916    18.20918
  902    355    -0.97790    -3.11916    18.20918
  903    355    -0.96104    -3.11916    18.20918
  904    355    -0.94418    -3.11916    18.20918
  909    355    -0.85988    -3.11916    18.20918
  910    355    -0.84302    -3.11916    18.20918
  911    355    -0.82616    -3.11916    18.20918
  912    355    -0.80930    -3.11916    18.20918
  913    355    -0.79244    -3.11916    18.20918
  914    355    -0.77558    -3.11916    18.20918
  915    355    -0.75872    -3.11916    18.20918
  916    355    -0.74186    -3.11916    18.20918
  917    355    -0.72499    -3.11916    18.20918
 1345    355     6.49123    -3.11916    18.20918
 1346    355     6.50809    -3.11916    18.20918
 1347    355     6.52495    -3.11916    18.20918
 1348    355     6.54181    -3.11916    18.20918
 1349    355     6.55868    -3.11916    18.20918
 1350    355     6.57554    -3.11916    18.20918
 1377    355     7.03076    -3.11916    18.20918
 1378    355     7.04763    -3.11916    18.20918
 1379    355     7.06449    -3.11916    18.20918
 1380    355     7.08135    -3.11916    18.20918
 1381    355     7.09821    -3.11916    18.20918
 1382    355     7.11507    -3.11916    18.20918
 1384    355     7.14879    -3.11916    18.20918
 1385    355     7.16565    -3.11916    18.20918
 1386    355     7.18251    -3.11916    18.20918
 1387    355     7.19937    -3.11916    18.20918
 1388    355     7.21623    -3.11916    18.20918
 1389    355     7.23309    -3.11916    18.20918
 1390    355     7.24995    -3.11916    18.20918
 1391    355     7.26681    -3.11916    18.20918
 1392    355     7.28367    -3.11916    18.20918
 1393    355     7.30053    -3.11916    18.20918
 1394    355     7.31739    -3.11916    18.20918
 1395    355     7.33425    -3.11916    18.20918
 1396    355     7.35111    -3.11916    18.20918
 1411    355     7.60402    -3.11916    18.20918
 1412    355     7.62088    -3.11916    18.20918
 1413    355     7.63774    -3.11916    18.20918
 1414    355     7.65460    -3.11916    18.20918
 1415    355     7.67146    -3.11916    18.20918
 1416    355     7.68832    -3.11916    18.20918
  900    356    -1.00202    -3.07287    18.03639
  901    356    -0.98532    -3.07287    18.03639
  902    356    -0.96862    -3.07287    18.03639
  903    356    -0.95192    -3.07287    18.03639
  904    356    -0.93522    -3.07287    18.03639
  905    356    -0.91852    -3.07287    18.03639
  906    356    -0.90182    -3.07287    18.03639
  907    356    -0.88512    -3.07287    18.03639
  908    356    -0.86842    -3.07287    18.03639
  909    356    -0.85172    -3.07287    18.03639
  910    356    -0.83502    -3.07287    18.03639
  911    356    -0.81832    -3.07287    18.03639
  912    356    -0.80162    -3.07287    18.03639
  913    356    -0.78492    -3.07287    18.03639
  914    356    -0.76822    -3.07287    18.03639
  915    356    -0.75152    -3.07287    18.03639
 1345    356     6.42964    -3.07287    18.03639
 1346    356     6.44634    -3.07287    18.03639
 1347    356     6.46304    -3.07287    18.03639
 1348    356     6.47974    -3.07287    18.03639
 1349    356     6.49644    -3.07287    18.03639
 1350    356     6.51314    -3.07287    18.03639
 1378    356     6.98075    -3.07287    18.03639
 1379    356     6.99745    -3.07287    18.03639
 1380    356     7.01415    -3.07287    18.03639
 1381    356     7.03085    -3.07287    18.03639
 1382    356     7.04755    -3.07287    18.03639
 1384    356     7.08095    -3.07287    18.03639
 1385    356     7.09765    -3.07287    18.03639
 1386    356     7.11435    -3.07287    18.03639
 1387    356     7.13105    -3.07287    18.03639
 1388    356     7.14775    -3.07287    18.03639
 1389    356     7.16445    -3.07287    18.03639
 1392    356     7.21456    -3.07287    18.03639
 1393    356     7.23126    -3.07287    18.03639
 1394    356     7.24796    -3.07287    18.03639
 1395    356     7.26466    -3.07287    18.03639
 1396    356     7.28136    -3.07287    18.03639
 1397    356     7.29806    -3.07287    18.03639
 1412    356     7.54856    -3.07287    18.03639
 1413    356     7.56526    -3.07287    18.03639
 1414    356     7.58196    -3.07287    18.03639
 1415    356     7.59866    -3.07287    18.03639
 1416    356     7.61536    -3.07287    18.03639
  899    357    -1.00915    -3.02744    17.86685
  900    357    -0.99260    -3.02744    17.86685
  901    357    -0.97606    -3.02744    17.86685
  903    357    -0.94297    -3.02744    17.86685
  904    357    -0.92643    -3.02744    17.86685
  905    357    -0.90989    -3.02744    17.86685
  906    357    -0.89334    -3.02744    17.86685
  907    357    -0.87680    -3.02744    17.86685
  908    357    -0.86026    -3.02744    17.86685
  909    357    -0.84371    -3.02744    17.86685
  910    357    -0.82717    -3.02744    17.86685
  911    357    -0.81063    -3.02744    17.86685
 1345    357     6.36920    -3.02744    17.86685
 1346    357     6.38574    -3.02744    17.86685
 1347    357     6.40229    -3.02744    17.86685
 1348    357     6.41883    -3.02744    17.86685
 1349    357     6.43537    -3.02744    17.86685
 1350    357     6.45192    -3.02744    17.86685
 1378    357     6.91513    -3.02744    17.86685
 1379    357     6.93168    -3.02744    17.86685
 1380    357     6.94822    -3.02744    17.86685
 1381    357     6.96476    -3.02744    17.86685
 1382    357     6.98131    -3.02744    17.86685
 1383    357     6.99785    -3.02744    17.86685
 1384    357     7.01439    -3.02744    17.86685
 1385    357     7.03094    -3.02744    17.86685
 1386    357     7.04748    -3.02744    17.86685
 1387    357     7.06402    -3.02744    17.86685
 1388    357     7.08057    -3.02744    17.86685
 1392    357     7.14674    -3.02744    17.86685
 1393    357     7.16328    -3.02744    17.86685
 1394    357     7.17983    -3.02744    17.86685
 1395    357     7.19637    -3.02744    17.86685
 1396    357     7.21291    -3.02744    17.86685
 1397    357     7.22946    -3.02744    17.86685
 1412    357     7.47761    -3.02744    17.86685
 1413    357     7.49415    -3.02744    17.86685
 1414    357     7.51069    -3.02744    17.86685
 1415    357     7.52724    -3.02744    17.86685
 1416    357     7.54378    -3.02744    17.86685
 1417    357     7.56032    -3.02744    17.86685
  896    358    -1.04892    -2.98286    17.70047
  897    358    -1.03253    -2.98286    17.70047
  900    358    -0.98336    -2.98286    17.70047
  903    358    -0.93419    -2.98286    17.70047
  904    358    -0.91780    -2.98286    17.70047
  905    358    -0.90141    -2.98286    17.70047
  906    358    -0.88502    -2.98286    17.70047
  907    358    -0.86863    -2.98286    17.70047
  908    358    -0.85224    -2.98286    17.70047
  909    358    -0.83586    -2.98286    17.70047
  910    358    -0.81947    -2.98286    17.70047
 1345    358     6.30989    -2.98286    17.70047
 1346    358     6.32628    -2.98286    17.70047
 1347    358     6.34267    -2.98286    17.70047
 1348    358     6.35906    -2.98286    17.70047
 1349    358     6.37545    -2.98286    17.70047
 1378    358     6.85074    -2.98286    17.70047
 1379    358     6.86713    -2.98286    17.70047
 1380    358     6.88352    -2.98286    17.70047
 1381    358     6.89990    -2.98286    17.70047
 1382    358     6.91629    -2.98286    17.70047
 1383    358     6.93268    -2.98286    17.70047
 1385    358     6.96546    -2.98286    17.70047
 1388    358     7.01463    -2.98286    17.70047
 1389    358     7.03102    -2.98286    17.70047
 1390    358     7.04741    -2.98286    17.70047
 1391    358     7.06380    -2.98286    17.70047
 1392    358     7.08019    -2.98286    17.70047
 1393    358     7.09658    -2.98286    17.70047
 1394    358     7.11297    -2.98286    17.70047
 1395    358     7.12936    -2.98286    17.70047
 1396    358     7.14574    -2.98286    17.70047
 1397    358     7.16213    -2.98286    17.70047
 1398    358     7.17852    -2.98286    17.70047
 1412    358     7.40797    -2.98286    17.70047
 1413    358     7.42436    -2.98286    17.70047
 1414    358     7.44075    -2.98286    17.70047
 1415    358     7.45714    -2.98286    17.70047
 1416    358     7.47353    -2.98286    17.70047
 1417    358     7.48992    -2.98286    17.70047
  895    359    -1.05548    -2.93910    17.53716
  896    359    -1.03924    -2.93910    17.53716
  897    359    -1.02300    -2.93910    17.53716
  901    359    -0.95805    -2.93910    17.53716
  902    359    -0.94181    -2.93910    17.53716
  903    359    -0.92557    -2.93910    17.53716
  904    359    -0.90933    -2.93910    17.53716
  905    359    -0.89310    -2.93910    17.53716
  906    359    -0.87686    -2.93910    17.53716
  907    359    -0.86062    -2.93910    17.53716
  908    359    -0.84438    -2.93910    17.53716
  909    359    -0.82814    -2.93910    17.53716
 1343    359     6.21920    -2.93910    17.53716
 1344    359     6.23543    -2.93910    17.53716
 1345    359     6.25167    -2.93910    17.53716
 1346    359     6.26791    -2.93910    17.53716
 1347    359     6.28415    -2.93910    17.53716
 1348    359     6.30039    -2.93910    17.53716
 1349    359     6.31662    -2.93910    17.53716
 1379    359     6.80377    -2.93910    17.53716
 1380    359     6.82001    -2.93910    17.53716
 1381    359     6.83624    -2.93910    17.53716
 1382    359     6.85248    -2.93910    17.53716
 1383    359     6.86872    -2.93910    17.53716
 1386    359     6.91743    -2.93910    17.53716
 1387    359     6.93367    -2.93910    17.53716
 1388    359     6.94991    -2.93910    17.53716
 1389    359     6.96615    -2.93910    17.53716
 1390    359     6.98239    -2.93910    17.53716
 1393    359     7.03110    -2.93910    17.53716
 1394    359     7.04734    -2.93910    17.53716
 1395    359     7.06358    -2.93910    17.53716
 1396    359     7.07982    -2.93910    17.53716
 1397    359     7.09605    -2.93910    17.53716
 1398    359     7.11229    -2.93910    17.53716
 1413    359     7.35586    -2.93910    17.53716
 1414    359     7.37210    -2.93910    17.53716
 1415    359     7.38834    -2.93910    17.53716
 1416    359     7.40458    -2.93910    17.53716
 1417    359     7.42082    -2.93910    17.53716
 1418    359     7.43705    -2.93910    17.53716
  895    360    -1.04583    -2.89614    17.37683
  896    360    -1.02974    -2.89614    17.37683
  901    360    -0.94929    -2.89614    17.37683
  902    360    -0.93320    -2.89614    17.37683
 1343    360     6.16234    -2.89614    17.37683
 1344    360     6.17843    -2.89614    17.37683
 1345    360     6.19452    -2.89614    17.37683
 1346    360     6.21061    -2.89614    17.37683
 1347    360     6.22670    -2.89614    17.37683
 1348    360     6.24279    -2.89614    17.37683
 1349    360     6.25888    -2.89614    17.37683
 1379    360     6.74157    -2.89614    17.37683
 1380    360     6.75766    -2.89614    17.37683
 1381    360     6.77375    -2.89614    17.37683
 1382    360     6.78984    -2.89614    17.37683
 1383    360     6.80593    -2.89614    17.37683
 1386    360     6.85420    -2.89614    17.37683
 1387    360     6.87028    -2.89614    17.37683
 1388    360     6.88637    -2.89614    17.37683
 1389    360     6.90246    -2.89614    17.37683
 1393    360     6.96682    -2.89614    17.37683
 1394    360     6.98291    -2.89614    17.37683
 1395    360     6.99900    -2.89614    17.37683
 1396    360     7.01509    -2.89614    17.37683
 1397    360     7.03118    -2.89614    17.37683
 1398    360     7.04727    -2.89614    17.37683
 1413    360     7.28862    -2.89614    17.37683
 1414    360     7.30471    -2.89614    17.37683
 1415    360     7.32080    -2.89614    17.37683
 1416    360     7.33688    -2.89614    17.37683
 1417    360     7.35297    -2.89614    17.37683
 1418    360     7.36906    -2.89614    17.37683
  895    361    -1.03635    -2.85396    17.21941
  896    361    -1.02041    -2.85396    17.21941
  898    361    -0.98852    -2.85396    17.21941
  899    361    -0.97258    -2.85396    17.21941
 1342    361     6.09057    -2.85396    17.21941
 1343    361     6.10651    -2.85396    17.21941
 1344    361     6.12246    -2.85396    17.21941
 1345    361     6.13840    -2.85396    17.21941
 1346    361     6.15435    -2.85396    17.21941
 1347    361     6.17029    -2.85396    17.21941
 1348    361     6.18623    -2.85396    17.21941
 1380    361     6.69644    -2.85396    17.21941
 1381    361     6.71238    -2.85396    17.21941
 1382    361     6.72833    -2.85396    17.21941
 1383    361     6.74427    -2.85396    17.21941
 1384    361     6.76021    -2.85396    17.21941
 1385    361     6.77616    -2.85396    17.21941
 1386    361     6.79210    -2.85396    17.21941
 1387    361     6.80805    -2.85396    17.21941
 1388    361     6.82399    -2.85396    17.21941
 1394    361     6.91965    -2.85396    17.21941
 1395    361     6.93560    -2.85396    17.21941
 1396    361     6.95154    -2.85396    17.21941
 1397    361     6.96748    -2.85396    17.21941
 1398    361     6.98343    -2.85396    17.21941
 1414    361     7.23853    -2.85396    17.21941
 1415    361     7.25447    -2.85396    17.21941
 1416    361     7.27042    -2.85396    17.21941
 1417    361     7.28636    -2.85396    17.21941
 1418    361     7.30231    -2.85396    17.21941
 1419    361     7.31825    -2.85396    17.21941
  896    362    -1.01125    -2.81254    17.06482
  897    362    -0.99545    -2.81254    17.06482
  898    362    -0.97965    -2.81254    17.06482
 1342    362     6.03589    -2.81254    17.06482
 1343    362     6.05169    -2.81254    17.06482
 1344    362     6.06749    -2.81254    17.06482
 1345    362     6.08329    -2.81254    17.06482
 1346    362     6.09909    -2.81254    17.06482
 1347    362     6.11489    -2.81254    17.06482
 1380    362     6.63632    -2.81254    17.06482
 1381    362     6.65212    -2.81254    17.06482
 1382    362     6.66792    -2.81254    17.06482
 1383    362     6.68372    -2.81254    17.06482
 1384    362     6.69952    -2.81254    17.06482
 1385    362     6.71532    -2.81254    17.06482
 1386    362     6.73112    -2.81254    17.06482
 1387    362     6.74692    -2.81254    17.06482
 1394    362     6.85753    -2.81254    17.06482
 1395    362     6.87333    -2.81254    17.06482
 1396    362     6.88913    -2.81254    17.06482
 1397    362     6.90493    -2.81254    17.06482
 1398    362     6.92073    -2.81254    17.06482
 1399    362     6.93653    -2.81254    17.06482
 1414    362     7.17354    -2.81254    17.06482
 1415    362     7.18935    -2.81254    17.06482
 1416    362     7.20515    -2.81254    17.06482
 1417    362     7.22095    -2.81254    17.06482
 1418    362     7.23675    -2.81254    17.06482
 1419    362     7.25255    -2.81254    17.06482
 1420    362     7.26835    -2.81254    17.06482
 1342    363     5.98218    -2.77185    16.91298
 1343    363     5.99784    -2.77185    16.91298
 1344    363     6.01350    -2.77185    16.91298
 1345    363     6.02916    -2.77185    16.91298
 1346    363     6.04482    -2.77185    16.91298
 1380    363     6.57727    -2.77185    16.91298
 1381    363     6.59293    -2.77185    16.91298
 1382    363     6.60859    -2.77185    16.91298
 1383    363     6.62425    -2.77185    16.91298
 1384    363     6.63991    -2.77185    16.91298
 1385    363     6.65557    -2.77185    16.91298
 1386    363     6.67123    -2.77185    16.91298
 1387    363     6.68689    -2.77185    16.91298
 1394    363     6.79651    -2.77185    16.91298
 1395    363     6.81217    -2.77185    16.91298
 1396    363     6.82783    -2.77185    16.91298
 1397    363     6.84349    -2.77185    16.91298
 1398    363     6.85915    -2.77185    16.91298
 1399    363     6.87481    -2.77185    16.91298
 1400    363     6.89047    -2.77185    16.91298
 1414    363     7.10971    -2.77185    16.91298
 1415    363     7.12537    -2.77185    16.91298
 1416    363     7.14103    -2.77185    16.91298
 1417    363     7.15669    -2.77185    16.91298
 1418    363     7.17236    -2.77185    16.91298
 1419    363     7.18802    -2.77185    16.91298
 1420    363     7.20368    -2.77185    16.91298
 1421    363     7.21934    -2.77185    16.91298
 1341    364     5.91390    -2.73188    16.76381
 1342    364     5.92942    -2.73188    16.76381
 1343    364     5.94494    -2.73188    16.76381
 1344    364     5.96047    -2.73188    16.76381
 1345    364     5.97599    -2.73188    16.76381
 1346    364     5.99151    -2.73188    16.76381
 1381    364     6.53478    -2.73188    16.76381
 1382    364     6.55030    -2.73188    16.76381
 1383    364     6.56583    -2.73188    16.76381
 1384    364     6.58135    -2.73188    16.76381
 1385    364     6.59687    -2.73188    16.76381
 1386    364     6.61239    -2.73188    16.76381
 1387    364     6.62791    -2.73188    16.76381
 1394    364     6.73657    -2.73188    16.76381
 1395    364     6.75209    -2.73188    16.76381
 1396    364     6.76761    -2.73188    16.76381
 1397    364     6.78314    -2.73188    16.76381
 1398    364     6.79866    -2.73188    16.76381
 1399    364     6.81418    -2.73188    16.76381
 1400    364     6.82970    -2.73188    16.76381
 1401    364     6.84522    -2.73188    16.76381
 1414    364     7.04701    -2.73188    16.76381
 1415    364     7.06253    -2.73188    16.76381
 1416    364     7.07805    -2.73188    16.76381
 1417    364     7.09358    -2.73188    16.76381
 1418    364     7.10910    -2.73188    16.76381
 1419    364     7.12462    -2.73188    16.76381
 1420    364     7.14014    -2.73188    16.76381
 1421    364     7.15566    -2.73188    16.76381
 1422    364     7.17119    -2.73188    16.76381
 1341    365     5.86220    -2.69261    16.61726
 1342    365     5.87759    -2.69261    16.61726
 1343    365     5.89297    -2.69261    16.61726
 1344    365     5.90836    -2.69261    16.61726
 1345    365     5.92374    -2.69261    16.61726
 1346    365     5.93913    -2.69261    16.61726
 1382    365     6.49304    -2.69261    16.61726
 1383    365     6.50843    -2.69261    16.61726
 1384    365     6.52381    -2.69261    16.61726
 1385    365     6.53920    -2.69261    16.61726
 1386    365     6.55458    -2.69261    16.61726
 1387    365     6.56997    -2.69261    16.61726
 1395    365     6.69306    -2.69261    16.61726
 1396    365     6.70845    -2.69261    16.61726
 1397    365     6.72383    -2.69261    16.61726
 1398    365     6.73922    -2.69261    16.61726
 1399    365     6.75461    -2.69261    16.61726
 1400    365     6.76999    -2.69261    16.61726
 1401    365     6.78538    -2.69261    16.61726
 1402    365     6.80077    -2.69261    16.61726
 1415    365     7.00079    -2.69261    16.61726
 1416    365     7.01618    -2.69261    16.61726
 1417    365     7.03156    -2.69261    16.61726
 1418    365     7.04695    -2.69261    16.61726
 1419    365     7.06233    -2.69261    16.61726
 1420    365     7.07772    -2.69261    16.61726
 1421    365     7.09311    -2.69261    16.61726
 1422    365     7.10849    -2.69261    16.61726
  894    366    -1.00670    -2.65402    16.47324
  895    366    -0.99145    -2.65402    16.47324
  896    366    -0.97619    -2.65402    16.47324
 1342    366     5.82665    -2.65402    16.47324
 1343    366     5.84190    -2.65402    16.47324
 1344    366     5.85715    -2.65402    16.47324
 1345    366     5.87241    -2.65402    16.47324
 1346    366     5.88766    -2.65402    16.47324
 1347    366     5.90291    -2.65402    16.47324
 1382    366     6.43677    -2.65402    16.47324
 1383    366     6.45202    -2.65402    16.47324
 1384    366     6.46727    -2.65402    16.47324
 1385    366     6.48253    -2.65402    16.47324
 1386    366     6.49778    -2.65402    16.47324
 1387    366     6.51303    -2.65402    16.47324
 1388    366     6.52828    -2.65402    16.47324
 1395    366     6.63506    -2.65402    16.47324
 1396    366     6.65031    -2.65402    16.47324
 1397    366     6.66556    -2.65402    16.47324
 1398    366     6.68081    -2.65402    16.47324
 1399    366     6.69607    -2.65402    16.47324
 1400    366     6.71132    -2.65402    16.47324
 1401    366     6.72657    -2.65402    16.47324
 1402    366     6.74183    -2.65402    16.47324
 1417    366     6.97062    -2.65402    16.47324
 1418    366     6.98587    -2.65402    16.47324
 1419    366     7.00113    -2.65402    16.47324
 1420    366     7.01638    -2.65402    16.47324
 1421    366     7.03163    -2.65402    16.47324
 1422    366     7.04689    -2.65402    16.47324
 1423    366     7.06214    -2.65402    16.47324
  893    367    -1.01317    -2.61610    16.33170
  894    367    -0.99805    -2.61610    16.33170
  896    367    -0.96780    -2.61610    16.33170
  897    367    -0.95268    -2.61610    16.33170
 1342    367     5.77658    -2.61610    16.33170
 1343    367     5.79170    -2.61610    16.33170
 1344    367     5.80683    -2.61610    16.33170
 1345    367     5.82195    -2.61610    16.33170
 1346    367     5.83707    -2.61610    16.33170
 1347    367     5.85219    -2.61610    16.33170
 1348    367     5.86731    -2.61610    16.33170
 1349    367     5.88244    -2.61610    16.33170
 1382    367     6.38146    -2.61610    16.33170
 1383    367     6.39658    -2.61610    16.33170
 1384    367     6.41170    -2.61610    16.33170
 1385    367     6.42683    -2.61610    16.33170
 1386    367     6.44195    -2.61610    16.33170
 1387    367     6.45707    -2.61610    16.33170
 1388    367     6.47219    -2.61610    16.33170
 1389    367     6.48731    -2.61610    16.33170
 1396    367     6.59317    -2.61610    16.33170
 1397    367     6.60829    -2.61610    16.33170
 1398    367     6.62341    -2.61610    16.33170
 1399    367     6.63853    -2.61610    16.33170
 1400    367     6.65366    -2.61610    16.33170
 1401    367     6.66878    -2.61610    16.33170
 1402    367     6.68390    -2.61610    16.33170
 1403    367     6.69902    -2.61610    16.33170
 1418    367     6.92585    -2.61610    16.33170
 1419    367     6.94097    -2.61610    16.33170
 1420    367     6.95609    -2.61610    16.33170
 1421    367     6.97122    -2.61610    16.33170
 1422    367     6.98634    -2.61610    16.33170
 1423    367     7.00146    -2.61610    16.33170
  893    368    -1.00454    -2.57882    16.19257
  894    368    -0.98955    -2.57882    16.19257
  896    368    -0.95956    -2.57882    16.19257
  897    368    -0.94457    -2.57882    16.19257
 1342    368     5.72737    -2.57882    16.19257
 1343    368     5.74237    -2.57882    16.19257
 1344    368     5.75736    -2.57882    16.19257
 1345    368     5.77235    -2.57882    16.19257
 1346    368     5.78734    -2.57882    16.19257
 1347    368     5.80234    -2.57882    16.19257
 1348    368     5.81733    -2.57882    16.19257
 1349    368     5.83232    -2.57882    16.19257
 1350    368     5.84732    -2.57882    16.19257
 1383    368     6.34209    -2.57882    16.19257
 1384    368     6.35708    -2.57882    16.19257
 1385    368     6.37208    -2.57882    16.19257
 1386    368     6.38707    -2.57882    16.19257
 1387    368     6.40206    -2.57882    16.19257
 1388    368     6.41706    -2.57882    16.19257
 1389    368     6.43205    -2.57882    16.19257
 1397    368     6.55199    -2.57882    16.19257
 1398    368     6.56699    -2.57882    16.19257
 1399    368     6.58198    -2.57882    16.19257
 1400    368     6.59697    -2.57882    16.19257
 1401    368     6.61197    -2.57882    16.19257
 1402    368     6.62696    -2.57882    16.19257
 1403    368     6.64195    -2.57882    16.19257
 1419    368     6.88184    -2.57882    16.19257
 1420    368     6.89684    -2.57882    16.19257
 1421    368     6.91183    -2.57882    16.19257
 1422    368     6.92682    -2.57882    16.19257
 1423    368     6.94182    -2.57882    16.19257
  893    369    -0.99605    -2.54217    16.05579
  894    369    -0.98119    -2.54217    16.05579
  895    369    -0.96632    -2.54217    16.05579
  896    369    -0.95145    -2.54217    16.05579
  897    369    -0.93659    -2.54217    16.05579
 1343    369     5.69386    -2.54217    16.05579
 1344    369     5.70873    -2.54217    16.05579
 1345    369     5.72359    -2.54217    16.05579
 1346    369     5.73846    -2.54217    16.05579
 1347    369     5.75333    -2.54217    16.05579
 1348    369     5.76819    -2.54217    16.05579
 1349    369     5.78306    -2.54217    16.05579
 1350    369     5.79793    -2.54217    16.05579
 1351    369     5.81279    -2.54217    16.05579
 1383    369     6.28852    -2.54217    16.05579
 1384    369     6.30339    -2.54217    16.05579
 1385    369     6.31825    -2.54217    16.05579
 1386    369     6.33312    -2.54217    16.05579
 1387    369     6.34798    -2.54217    16.05579
 1388    369     6.36285    -2.54217    16.05579
 1389    369     6.37772    -2.54217    16.05579
 1398    369     6.51152    -2.54217    16.05579
 1399    369     6.52638    -2.54217    16.05579
 1400    369     6.54125    -2.54217    16.05579
 1401    369     6.55612    -2.54217    16.05579
 1402    369     6.57098    -2.54217    16.05579
 1403    369     6.58585    -2.54217    16.05579
 1404    369     6.60071    -2.54217    16.05579
 1419    369     6.82371    -2.54217    16.05579
 1420    369     6.83858    -2.54217    16.05579
 1421    369     6.85344    -2.54217    16.05579
 1422    369     6.86831    -2.54217    16.05579
 1423    369     6.88318    -2.54217    16.05579
 1424    369     6.89804    -2.54217    16.05579
  894    370    -0.97297    -2.50613    15.92131
  895    370    -0.95823    -2.50613    15.92131
  896    370    -0.94348    -2.50613    15.92131
 1345    370     5.67565    -2.50613    15.92131
 1346    370     5.69039    -2.50613    15.92131
 1347    370     5.70513    -2.50613    15.92131
 1348    370     5.71988    -2.50613    15.92131
 1349    370     5.73462    -2.50613    15.92131
 1350    370     5.74936    -2.50613    15.92131
 1351    370     5.76410    -2.50613    15.92131
 1385    370     6.26533    -2.50613    15.92131
 1386    370     6.28007    -2.50613    15.92131
 1387    370     6.29481    -2.50613    15.92131
 1388    370     6.30955    -2.50613    15.92131
 1389    370     6.32430    -2.50613    15.92131
 1399    370     6.47172    -2.50613    15.92131
 1400    370     6.48646    -2.50613    15.92131
 1401    370     6.50120    -2.50613    15.92131
 1402    370     6.51594    -2.50613    15.92131
 1403    370     6.53068    -2.50613    15.92131
 1404    370     6.54543    -2.50613    15.92131
 1419    370     6.76655    -2.50613    15.92131
 1420    370     6.78130    -2.50613    15.92131
 1421    370     6.79604    -2.50613    15.92131
 1422    370     6.81078    -2.50613    15.92131
 1423    370     6.82552    -2.50613    15.92131
 1424    370     6.84026    -2.50613    15.92131
 1346    371     5.64312    -2.47069    15.78905
 1347    371     5.65774    -2.47069    15.78905
 1348    371     5.67236    -2.47069    15.78905
 1349    371     5.68698    -2.47069    15.78905
 1350    371     5.70160    -2.47069    15.78905
 1351    371     5.71622    -2.47069    15.78905
 1352    371     5.73084    -2.47069    15.78905
 1385    371     6.21328    -2.47069    15.78905
 1386    371     6.22790    -2.47069    15.78905
 1387    371     6.24252    -2.47069    15.78905
 1388    371     6.25714    -2.47069    15.78905
 1389    371     6.27176    -2.47069    15.78905
 1399    371     6.41796    -2.47069    15.78905
 1400    371     6.43258    -2.47069    15.78905
 1401    371     6.44720    -2.47069    15.78905
 1402    371     6.46182    -2.47069    15.78905
 1403    371     6.47644    -2.47069    15.78905
 1404    371     6.49105    -2.47069    15.78905
 1405    371     6.50567    -2.47069    15.78905
 1420    371     6.72497    -2.47069    15.78905
 1421    371     6.73959    -2.47069    15.78905
 1422    371     6.75421    -2.47069    15.78905
 1423    371     6.76883    -2.47069    15.78905
 1424    371     6.78344    -2.47069    15.78905
 1425    371     6.79806    -2.47069    15.78905
 1347    372     5.61113    -2.43584    15.65898
 1348    372     5.62563    -2.43584    15.65898
 1349    372     5.64013    -2.43584    15.65898
 1350    372     5.65463    -2.43584    15.65898
 1351    372     5.66913    -2.43584    15.65898
 1352    372     5.68363    -2.43584    15.65898
 1353    372     5.69813    -2.43584    15.65898
 1385    372     6.16210    -2.43584    15.65898
 1386    372     6.17660    -2.43584    15.65898
 1387    372     6.19110    -2.43584    15.65898
 1388    372     6.20560    -2.43584    15.65898
 1389    372     6.22009    -2.43584    15.65898
 1400    372     6.37958    -2.43584    15.65898
 1401    372     6.39408    -2.43584    15.65898
 1402    372     6.40858    -2.43584    15.65898
 1403    372     6.42308    -2.43584    15.65898
 1404    372     6.43758    -2.43584    15.65898
 1405    372     6.45208    -2.43584    15.65898
 1420    372     6.66956    -2.43584    15.65898
 1421    372     6.68406    -2.43584    15.65898
 1422    372     6.69856    -2.43584    15.65898
 1423    372     6.71306    -2.43584    15.65898
 1424    372     6.72756    -2.43584    15.65898
 1425    372     6.74206    -2.43584    15.65898
 1348    373     5.57967    -2.40156    15.53103
 1349    373     5.59405    -2.40156    15.53103
 1350    373     5.60843    -2.40156    15.53103
 1351    373     5.62281    -2.40156    15.53103
 1352    373     5.63719    -2.40156    15.53103
 1353    373     5.65157    -2.40156    15.53103
 1361    373     5.76661    -2.40156    15.53103
 1384    373     6.09737    -2.40156    15.53103
 1385    373     6.11175    -2.40156    15.53103
 1386    373     6.12613    -2.40156    15.53103
 1387    373     6.14051    -2.40156    15.53103
 1388    373     6.15489    -2.40156    15.53103
 1389    373     6.16927    -2.40156    15.53103
 1400    373     6.32746    -2.40156    15.53103
 1401    373     6.34184    -2.40156    15.53103
 1402    373     6.35622    -2.40156    15.53103
 1403    373     6.37060    -2.40156    15.53103
 1404    373     6.38498    -2.40156    15.53103
 1405    373     6.39936    -2.40156    15.53103
 1406    373     6.41374    -2.40156    15.53103
 1420    373     6.61507    -2.40156    15.53103
 1421    373     6.62945    -2.40156    15.53103
 1422    373     6.64383    -2.40156    15.53103
 1423    373     6.65821    -2.40156    15.53103
 1424    373     6.67259    -2.40156    15.53103
 1425    373     6.68697    -2.40156    15.53103
 1349    374     5.54871    -2.36783    15.40516
 1350    374     5.56297    -2.36783    15.40516
 1351    374     5.57724    -2.36783    15.40516
 1352    374     5.59150    -2.36783    15.40516
 1353    374     5.60576    -2.36783    15.40516
 1354    374     5.62003    -2.36783    15.40516
 1360    374     5.70561    -2.36783    15.40516
 1361    374     5.71988    -2.36783    15.40516
 1362    374     5.73414    -2.36783    15.40516
 1363    374     5.74841    -2.36783    15.40516
 1384    374     6.04795    -2.36783    15.40516
 1385    374     6.06221    -2.36783    15.40516
 1386    374     6.07648    -2.36783    15.40516
 1387    374     6.09074    -2.36783    15.40516
 1388    374     6.10501    -2.36783    15.40516
 1389    374     6.11927    -2.36783    15.40516
 1400    374     6.27617    -2.36783    15.40516
 1401    374     6.29044    -2.36783    15.40516
 1402    374     6.30470    -2.36783    15.40516
 1403    374     6.31897    -2.36783    15.40516
 1404    374     6.33323    -2.36783    15.40516
 1405    374     6.34749    -2.36783    15.40516
 1406    374     6.36176    -2.36783    15.40516
 1420    374     6.56146    -2.36783    15.40516
 1421    374     6.57572    -2.36783    15.40516
 1422    374     6.58998    -2.36783    15.40516
 1423    374     6.60425    -2.36783    15.40516
 1424    374     6.61851    -2.36783    15.40516
 1425    374     6.63278    -2.36783    15.40516
 1426    374     6.64704    -2.36783    15.40516
 1349    375     5.50410    -2.33464    15.28130
 1350    375     5.51825    -2.33464    15.28130
 1351    375     5.53240    -2.33464    15.28130
 1352    375     5.54655    -2.33464    15.28130
 1353    375     5.56070    -2.33464    15.28130
 1354    375     5.57485    -2.33464    15.28130
 1360    375     5.65974    -2.33464    15.28130
 1361    375     5.67389    -2.33464    15.28130
 1362    375     5.68804    -2.33464    15.28130
 1363    375     5.70219    -2.33464    15.28130
 1364    375     5.71634    -2.33464    15.28130
 1385    375     6.01348    -2.33464    15.28130
 1386    375     6.02763    -2.33464    15.28130
 1387    375     6.04178    -2.33464    15.28130
 1388    375     6.05592    -2.33464    15.28130
 1389    375     6.07007    -2.33464    15.28130
 1390    375     6.08422    -2.33464    15.28130
 1401    375     6.23987    -2.33464    15.28130
 1402    375     6.25402    -2.33464    15.28130
 1403    375     6.26816    -2.33464    15.28130
 1404    375     6.28231    -2.33464    15.28130
 1405    375     6.29646    -2.33464    15.28130
 1406    375     6.31061    -2.33464    15.28130
 1421    375     6.52285    -2.33464    15.28130
 1422    375     6.53700    -2.33464    15.28130
 1423    375     6.55115    -2.33464    15.28130
 1424    375     6.56530    -2.33464    15.28130
 1425    375     6.57945    -2.33464    15.28130
 1426    375     6.59360    -2.33464    15.28130
 1427    375     6.60775    -2.33464    15.28130
 1348    376     5.44617    -2.30199    15.15943
 1349    376     5.46020    -2.30199    15.15943
 1350    376     5.47424    -2.30199    15.15943
 1351    376     5.48828    -2.30199    15.15943
 1352    376     5.50231    -2.30199    15.15943
 1353    376     5.51635    -2.30199    15.15943
 1354    376     5.53038    -2.30199    15.15943
 1355    376     5.54442    -2.30199    15.15943
 1356    376     5.55846    -2.30199    15.15943
 1357    376     5.57249    -2.30199    15.15943
 1358    376     5.58653    -2.30199    15.15943
 1362    376     5.64268    -2.30199    15.15943
 1363    376     5.65671    -2.30199    15.15943
 1364    376     5.67075    -2.30199    15.15943
 1385    376     5.96552    -2.30199    15.15943
 1386    376     5.97955    -2.30199    15.15943
 1387    376     5.99359    -2.30199    15.15943
 1388    376     6.00763    -2.30199    15.15943
 1389    376     6.02166    -2.30199    15.15943
 1390    376     6.03570    -2.30199    15.15943
 1401    376     6.19010    -2.30199    15.15943
 1402    376     6.20414    -2.30199    15.15943
 1403    376     6.21817    -2.30199    15.15943
 1404    376     6.23221    -2.30199    15.15943
 1405    376     6.24625    -2.30199    15.15943
 1406    376     6.26028    -2.30199    15.15943
 1422    376     6.48487    -2.30199    15.15943
 1423    376     6.49890    -2.30199    15.15943
 1424    376     6.51294    -2.30199    15.15943
 1425    376     6.52698    -2.30199    15.15943
 1426    376     6.54101    -2.30199    15.15943
 1427    376     6.55505    -2.30199    15.15943
 1348    377     5.40307    -2.26985    15.03948
 1349    377     5.41700    -2.26985    15.03948
 1350    377     5.43092    -2.26985    15.03948
 1351    377     5.44485    -2.26985    15.03948
 1352    377     5.45878    -2.26985    15.03948
 1353    377     5.47270    -2.26985    15.03948
 1354    377     5.48663    -2.26985    15.03948
 1355    377     5.50055    -2.26985    15.03948
 1356    377     5.51448    -2.26985    15.03948
 1357    377     5.52840    -2.26985    15.03948
 1358    377     5.54233    -2.26985    15.03948
 1359    377     5.55625    -2.26985    15.03948
 1364    377     5.62588    -2.26985    15.03948
 1365    377     5.63981    -2.26985    15.03948
 1385    377     5.91832    -2.26985    15.03948
 1386    377     5.93224    -2.26985    15.03948
 1387    377     5.94617    -2.26985    15.03948
 1388    377     5.96009    -2.26985    15.03948
 1389    377     5.97402    -2.26985    15.03948
 1390    377     5.98794    -2.26985    15.03948
 1391    377     6.00187    -2.26985    15.03948
 1401    377     6.14112    -2.26985    15.03948
 1402    377     6.15505    -2.26985    15.03948
 1403    377     6.16897    -2.26985    15.03948
 1404    377     6.18290    -2.26985    15.03948
 1405    377     6.19682    -2.26985    15.03948
 1406    377     6.21075    -2.26985    15.03948
 1407    377     6.22468    -2.26985    15.03948
 1422    377     6.43356    -2.26985    15.03948
 1423    377     6.44748    -2.26985    15.03948
 1424    377     6.46141    -2.26985    15.03948
 1425    377     6.47533    -2.26985    15.03948
 1426    377     6.48926    -2.26985    15.03948
 1427    377     6.50318    -2.26985    15.03948
 1347    378     5.34684    -2.23821    14.92142
 1348    378     5.36066    -2.23821    14.92142
 1349    378     5.37447    -2.23821    14.92142
 1350    378     5.38829    -2.23821    14.92142
 1351    378     5.40211    -2.23821    14.92142
 1352    378     5.41592    -2.23821    14.92142
 1353    378     5.42974    -2.23821    14.92142
 1354    378     5.44356    -2.23821    14.92142
 1355    378     5.45737    -2.23821    14.92142
 1356    378     5.47119    -2.23821    14.92142
 1357    378     5.48500    -2.23821    14.92142
 1358    378     5.49882    -2.23821    14.92142
 1359    378     5.51264    -2.23821    14.92142
 1364    378     5.58172    -2.23821    14.92142
 1365    378     5.59553    -2.23821    14.92142
 1366    378     5.60935    -2.23821    14.92142
 1386    378     5.88567    -2.23821    14.92142
 1387    378     5.89949    -2.23821    14.92142
 1388    378     5.91330    -2.23821    14.92142
 1389    378     5.92712    -2.23821    14.92142
 1390    378     5.94094    -2.23821    14.92142
 1391    378     5.95475    -2.23821    14.92142
 1392    378     5.96857    -2.23821    14.92142
 1402    378     6.10673    -2.23821    14.92142
 1403    378     6.12055    -2.23821    14.92142
 1404    378     6.13436    -2.23821    14.92142
 1405    378     6.14818    -2.23821    14.92142
 1406    378     6.16199    -2.23821    14.92142
 1407    378     6.17581    -2.23821    14.92142
 1408    378     6.18963    -2.23821    14.92142
 1423    378     6.39687    -2.23821    14.92142
 1424    378     6.41068    -2.23821    14.92142
 1425    378     6.42450    -2.23821    14.92142
 1426    378     6.43832    -2.23821    14.92142
 1427    378     6.45213    -2.23821    14.92142
 1348    379     5.31890    -2.20707    14.80520
 1349    379     5.33261    -2.20707    14.80520
 1350    379     5.34632    -2.20707    14.80520
 1351    379     5.36003    -2.20707    14.80520
 1352    379     5.37374    -2.20707    14.80520
 1353    379     5.38745    -2.20707    14.80520
 1354    379     5.40116    -2.20707    14.80520
 1355    379     5.41486    -2.20707    14.80520
 1356    379     5.42857    -2.20707    14.80520
 1357    379     5.44228    -2.20707    14.80520
 1358    379     5.45599    -2.20707    14.80520
 1359    379     5.46970    -2.20707    14.80520
 1360    379     5.48341    -2.20707    14.80520
 1361    379     5.49711    -2.20707    14.80520
 1362    379     5.51082    -2.20707    14.80520
 1363    379     5.52453    -2.20707    14.80520
 1364    379     5.53824    -2.20707    14.80520
 1365    379     5.55195    -2.20707    14.80520
 1366    379     5.56566    -2.20707    14.80520
 1367    379     5.57937    -2.20707    14.80520
 1387    379     5.85354    -2.20707    14.80520
 1388    379     5.86724    -2.20707    14.80520
 1389    379     5.88095    -2.20707    14.80520
 1390    379     5.89466    -2.20707    14.80520
 1391    379     5.90837    -2.20707    14.80520
 1392    379     5.92208    -2.20707    14.80520
 1402    379     6.05916    -2.20707    14.80520
 1403    379     6.07287    -2.20707    14.80520
 1404    379     6.08658    -2.20707    14.80520
 1405    379     6.10029    -2.20707    14.80520
 1406    379     6.11400    -2.20707    14.80520
 1407    379     6.12771    -2.20707    14.80520
 1408    379     6.14141    -2.20707    14.80520
 1409    379     6.15512    -2.20707    14.80520
 1423    379     6.34704    -2.20707    14.80520
 1424    379     6.36075    -2.20707    14.80520
 1425    379     6.37446    -2.20707    14.80520
 1426    379     6.38817    -2.20707    14.80520
 1427    379     6.40188    -2.20707    14.80520
 1428    379     6.41559    -2.20707    14.80520
 1349    380     5.29140    -2.17641    14.69077
 1350    380     5.30500    -2.17641    14.69077
 1351    380     5.31860    -2.17641    14.69077
 1352    380     5.33221    -2.17641    14.69077
 1353    380     5.34581    -2.17641    14.69077
 1354    380     5.35941    -2.17641    14.69077
 1355    380     5.37301    -2.17641    14.69077
 1356    380     5.38662    -2.17641    14.69077
 1357    380     5.40022    -2.17641    14.69077
 1358    380     5.41382    -2.17641    14.69077
 1359    380     5.42742    -2.17641    14.69077
 1360    380     5.44103    -2.17641    14.69077
 1361    380     5.45463    -2.17641    14.69077
 1362    380     5.46823    -2.17641    14.69077
 1363    380     5.48183    -2.17641    14.69077
 1364    380     5.49544    -2.17641    14.69077
 1365    380     5.50904    -2.17641    14.69077
 1366    380     5.52264    -2.17641    14.69077
 1367    380     5.53624    -2.17641    14.69077
 1368    380     5.54985    -2.17641    14.69077
 1387    380     5.80829    -2.17641    14.69077
 1388    380     5.82190    -2.17641    14.69077
 1389    380     5.83550    -2.17641    14.69077
 1390    380     5.84910    -2.17641    14.69077
 1391    380     5.86271    -2.17641    14.69077
 1392    380     5.87631    -2.17641    14.69077
 1403    380     6.02594    -2.17641    14.69077
 1404    380     6.03954    -2.17641    14.69077
 1405    380     6.05314    -2.17641    14.69077
 1406    380     6.06674    -2.17641    14.69077
 1407    380     6.08035    -2.17641    14.69077
 1408    380     6.09395    -2.17641    14.69077
 1409    380     6.10755    -2.17641    14.69077
 1410    380     6.12115    -2.17641    14.69077
 1423    380     6.29799    -2.17641    14.69077
 1424    380     6.31159    -2.17641    14.69077
 1425    380     6.32519    -2.17641    14.69077
 1426    380     6.33879    -2.17641    14.69077
 1427    380     6.35240    -2.17641    14.69077
 1428    380     6.36600    -2.17641    14.69077
 1350    381     5.26431    -2.14622    14.57810
 1351    381     5.27781    -2.14622    14.57810
 1352    381     5.29131    -2.14622    14.57810
 1353    381     5.30481    -2.14622    14.57810
 1354    381     5.31831    -2.14622    14.57810
 1357    381     5.35880    -2.14622    14.57810
 1358    381     5.37230    -2.14622    14.57810
 1359    381     5.38580    -2.14622    14.57810
 1360    381     5.39930    -2.14622    14.57810
 1361    381     5.41279    -2.14622    14.57810
 1362    381     5.42629    -2.14622    14.57810
 1363    381     5.43979    -2.14622    14.57810
 1364    381     5.45329    -2.14622    14.57810
 1365    381     5.46679    -2.14622    14.57810
 1366    381     5.48028    -2.14622    14.57810
 1367    381     5.49378    -2.14622    14.57810
 1368    381     5.50728    -2.14622    14.57810
 1369    381     5.52078    -2.14622    14.57810
 1388    381     5.77725    -2.14622    14.57810
 1389    381     5.79074    -2.14622    14.57810
 1390    381     5.80424    -2.14622    14.57810
 1391    381     5.81774    -2.14622    14.57810
 1392    381     5.83124    -2.14622    14.57810
 1393    381     5.84474    -2.14622    14.57810
 1404    381     5.99322    -2.14622    14.57810
 1405    381     6.00672    -2.14622    14.57810
 1406    381     6.02021    -2.14622    14.57810
 1407    381     6.03371    -2.14622    14.57810
 1408    381     6.04721    -2.14622    14.57810
 1409    381     6.06071    -2.14622    14.57810
 1410    381     6.07421    -2.14622    14.57810
 1411    381     6.08771    -2.14622    14.57810
 1423    381     6.24968    -2.14622    14.57810
 1424    381     6.26318    -2.14622    14.57810
 1425    381     6.27668    -2.14622    14.57810
 1426    381     6.29018    -2.14622    14.57810
 1427    381     6.30368    -2.14622    14.57810
 1428    381     6.31718    -2.14622    14.57810
 1429    381     6.33067    -2.14622    14.57810
 1358    382     5.33141    -2.11649    14.46714
 1359    382     5.34480    -2.11649    14.46714
 1360    382     5.35820    -2.11649    14.46714
 1361    382     5.37160    -2.11649    14.46714
 1362    382     5.38499    -2.11649    14.46714
 1363    382     5.39839    -2.11649    14.46714
 1364    382     5.41178    -2.11649    14.46714
 1365    382     5.42518    -2.11649    14.46714
 1366    382     5.43857    -2.11649    14.46714
 1367    382     5.45197    -2.11649    14.46714
 1368    382     5.46536    -2.11649    14.46714
 1369    382     5.47876    -2.11649    14.46714
 1370    382     5.49216    -2.11649    14.46714
 1388    382     5.73327    -2.11649    14.46714
 1389    382     5.74667    -2.11649    14.46714
 1390    382     5.76007    -2.11649    14.46714
 1391    382     5.77346    -2.11649    14.46714
 1392    382     5.78686    -2.11649    14.46714
 1393    382     5.80025    -2.11649    14.46714
 1404    382     5.94760    -2.11649    14.46714
 1405    382     5.96100    -2.11649    14.46714
 1406    382     5.97439    -2.11649    14.46714
 1407    382     5.98779    -2.11649    14.46714
 1408    382     6.00118    -2.11649    14.46714
 1409    382     6.01458    -2.11649    14.46714
 1410    382     6.02798    -2.11649    14.46714
 1411    382     6.04137    -2.11649    14.46714
 1424    382     6.21551    -2.11649    14.46714
 1425    382     6.22891    -2.11649    14.46714
 1426    382     6.24230    -2.11649    14.46714
 1427    382     6.25570    -2.11649    14.46714
 1428    382     6.26909    -2.11649    14.46714
 1429    382     6.28249    -2.11649    14.46714
 1430    382     6.29589    -2.11649    14.46714
 1359    383     5.30443    -2.08721    14.35786
 1360    383     5.31773    -2.08721    14.35786
 1361    383     5.33102    -2.08721    14.35786
 1362    383     5.34431    -2.08721    14.35786
 1363    383     5.35761    -2.08721    14.35786
 1364    383     5.37090    -2.08721    14.35786
 1365    383     5.38420    -2.08721    14.35786
 1366    383     5.39749    -2.08721    14.35786
 1367    383     5.41079    -2.08721    14.35786
 1368    383     5.42408    -2.08721    14.35786
 1369    383     5.43737    -2.08721    14.35786
 1370    383     5.45067    -2.08721    14.35786
 1389    383     5.70326    -2.08721    14.35786
 1390    383     5.71656    -2.08721    14.35786
 1391    383     5.72985    -2.08721    14.35786
 1392    383     5.74314    -2.08721    14.35786
 1393    383     5.75644    -2.08721    14.35786
 1394    383     5.76973    -2.08721    14.35786
 1404    383     5.90268    -2.08721    14.35786
 1405    383     5.91597    -2.08721    14.35786
 1406    383     5.92926    -2.08721    14.35786
 1407    383     5.94256    -2.08721    14.35786
 1408    383     5.95585    -2.08721    14.35786
 1409    383     5.96915    -2.08721    14.35786
 1410    383     5.98244    -2.08721    14.35786
 1411    383     5.99574    -2.08721    14.35786
 1412    383     6.00903    -2.08721    14.35786
 1425    383     6.18186    -2.08721    14.35786
 1426    383     6.19515    -2.08721    14.35786
 1427    383     6.20844    -2.08721    14.35786
 1428    383     6.22174    -2.08721    14.35786
 1429    383     6.23503    -2.08721    14.35786
 1430    383     6.24833    -2.08721    14.35786
 1364    384     5.33064    -2.05836    14.25022
 1365    384     5.34383    -2.05836    14.25022
 1366    384     5.35703    -2.05836    14.25022
 1367    384     5.37022    -2.05836    14.25022
 1368    384     5.38342    -2.05836    14.25022
 1369    384     5.39661    -2.05836    14.25022
 1370    384     5.40980    -2.05836    14.25022
 1371    384     5.42300    -2.05836    14.25022
 1389    384     5.66050    -2.05836    14.25022
 1390    384     5.67370    -2.05836    14.25022
 1391    384     5.68689    -2.05836    14.25022
 1392    384     5.70009    -2.05836    14.25022
 1393    384     5.71328    -2.05836    14.25022
 1394    384     5.72648    -2.05836    14.25022
 1395    384     5.73967    -2.05836    14.25022
 1404    384     5.85842    -2.05836    14.25022
 1405    384     5.87162    -2.05836    14.25022
 1406    384     5.88481    -2.05836    14.25022
 1407    384     5.89801    -2.05836    14.25022
 1408    384     5.91120    -2.05836    14.25022
 1409    384     5.92440    -2.05836    14.25022
 1410    384     5.93759    -2.05836    14.25022
 1411    384     5.95079    -2.05836    14.25022
 1412    384     5.96398    -2.05836    14.25022
 1425    384     6.13551    -2.05836    14.25022
 1426    384     6.14870    -2.05836    14.25022
 1427    384     6.16190    -2.05836    14.25022
 1428    384     6.17509    -2.05836    14.25022
 1429    384     6.18829    -2.05836    14.25022
 1430    384     6.20148    -2.05836    14.25022
 1366    385     5.31716    -2.02995    14.14418
 1367    385     5.33026    -2.02995    14.14418
 1368    385     5.34336    -2.02995    14.14418
 1369    385     5.35645    -2.02995    14.14418
 1370    385     5.36955    -2.02995    14.14418
 1371    385     5.38265    -2.02995    14.14418
 1389    385     5.61838    -2.02995    14.14418
 1390    385     5.63148    -2.02995    14.14418
 1391    385     5.64457    -2.02995    14.14418
 1392    385     5.65767    -2.02995    14.14418
 1393    385     5.67077    -2.02995    14.14418
 1394    385     5.68386    -2.02995    14.14418
 1395    385     5.69696    -2.02995    14.14418
 1405    385     5.82792    -2.02995    14.14418
 1406    385     5.84102    -2.02995    14.14418
 1407    385     5.85412    -2.02995    14.14418
 1408    385     5.86721    -2.02995    14.14418
 1409    385     5.88031    -2.02995    14.14418
 1410    385     5.89341    -2.02995    14.14418
 1411    385     5.90650    -2.02995    14.14418
 1412    385     5.91960    -2.02995    14.14418
 1425    385     6.08985    -2.02995    14.14418
 1426    385     6.10295    -2.02995    14.14418
 1427    385     6.11605    -2.02995    14.14418
 1428    385     6.12914    -2.02995    14.14418
 1429    385     6.14224    -2.02995    14.14418
 1430    385     6.15534    -2.02995    14.14418
 1366    386     5.27789    -2.00196    14.03970
 1367    386     5.29089    -2.00196    14.03970
 1368    386     5.30389    -2.00196    14.03970
 1369    386     5.31689    -2.00196    14.03970
 1370    386     5.32989    -2.00196    14.03970
 1371    386     5.34289    -2.00196    14.03970
 1390    386     5.58988    -2.00196    14.03970
 1391    386     5.60288    -2.00196    14.03970
 1392    386     5.61588    -2.00196    14.03970
 1393    386     5.62888    -2.00196    14.03970
 1394    386     5.64188    -2.00196    14.03970
 1395    386     5.65488    -2.00196    14.03970
 1406    386     5.79788    -2.00196    14.03970
 1407    386     5.81088    -2.00196    14.03970
 1408    386     5.82388    -2.00196    14.03970
 1409    386     5.83688    -2.00196    14.03970
 1410    386     5.84988    -2.00196    14.03970
 1411    386     5.86288    -2.00196    14.03970
 1412    386     5.87588    -2.00196    14.03970
 1413    386     5.88888    -2.00196    14.03970
 1426    386     6.05787    -2.00196    14.03970
 1427    386     6.07087    -2.00196    14.03970
 1428    386     6.08387    -2.00196    14.03970
 1429    386     6.09687    -2.00196    14.03970
 1430    386     6.10987    -2.00196    14.03970
 1431    386     6.12287    -2.00196    14.03970
 1367    387     5.25209    -1.97437    13.93676
 1368    387     5.26500    -1.97437    13.93676
 1369    387     5.27790    -1.97437    13.93676
 1370    387     5.29081    -1.97437    13.93676
 1371    387     5.30371    -1.97437    13.93676
 1390    387     5.54890    -1.97437    13.93676
 1391    387     5.56180    -1.97437    13.93676
 1392    387     5.57470    -1.97437    13.93676
 1393    387     5.58761    -1.97437    13.93676
 1394    387     5.60051    -1.97437    13.93676
 1395    387     5.61342    -1.97437    13.93676
 1406    387     5.75537    -1.97437    13.93676
 1407    387     5.76827    -1.97437    13.93676
 1408    387     5.78118    -1.97437    13.93676
 1409    387     5.79408    -1.97437    13.93676
 1410    387     5.80698    -1.97437    13.93676
 1411    387     5.81989    -1.97437    13.93676
 1412    387     5.83279    -1.97437    13.93676
 1413    387     5.84570    -1.97437    13.93676
 1426    387     6.01345    -1.97437    13.93676
 1427    387     6.02636    -1.97437    13.93676
 1428    387     6.03926    -1.97437    13.93676
 1429    387     6.05217    -1.97437    13.93676
 1430    387     6.06507    -1.97437    13.93676
 1431    387     6.07798    -1.97437    13.93676
 1432    387     6.09088    -1.97437    13.93676
 1367    388     5.21387    -1.94719    13.83532
 1368    388     5.22668    -1.94719    13.83532
 1369    388     5.23949    -1.94719    13.83532
 1370    388     5.25230    -1.94719    13.83532
 1371    388     5.26511    -1.94719    13.83532
 1372    388     5.27792    -1.94719    13.83532
 1390    388     5.50851    -1.94719    13.83532
 1391    388     5.52132    -1.94719    13.83532
 1392    388     5.53413    -1.94719    13.83532
 1393    388     5.54694    -1.94719    13.83532
 1394    388     5.55975    -1.94719    13.83532
 1395    388     5.57256    -1.94719    13.83532
 1396    388     5.58537    -1.94719    13.83532
 1407    388     5.72628    -1.94719    13.83532
 1408    388     5.73910    -1.94719    13.83532
 1409    388     5.75191    -1.94719    13.83532
 1410    388     5.76472    -1.94719    13.83532
 1411    388     5.77753    -1.94719    13.83532
 1412    388     5.79034    -1.94719    13.83532
 1413    388     5.80315    -1.94719    13.83532
 1426    388     5.96968    -1.94719    13.83532
 1427    388     5.98249    -1.94719    13.83532
 1428    388     5.99530    -1.94719    13.83532
 1429    388     6.00812    -1.94719    13.83532
 1430    388     6.02093    -1.94719    13.83532
 1431    388     6.03374    -1.94719    13.83532
 1432    388     6.04655    -1.94719    13.83532
 1433    388     6.05936    -1.94719    13.83532
 1367    389     5.17619    -1.92040    13.73534
 1368    389     5.18891    -1.92040    13.73534
 1369    389     5.20162    -1.92040    13.73534
 1370    389     5.21434    -1.92040    13.73534
 1371    389     5.22706    -1.92040    13.73534
 1372    389     5.23978    -1.92040    13.73534
 1391    389     5.48142    -1.92040    13.73534
 1392    389     5.49414    -1.92040    13.73534
 1393    389     5.50685    -1.92040    13.73534
 1394    389     5.51957    -1.92040    13.73534
 1395    389     5.53229    -1.92040    13.73534
 1396    389     5.54501    -1.92040    13.73534
 1408    389     5.69762    -1.92040    13.73534
 1409    389     5.71034    -1.92040    13.73534
 1410    389     5.72306    -1.92040    13.73534
 1411    389     5.73578    -1.92040    13.73534
 1412    389     5.74850    -1.92040    13.73534
 1413    389     5.76121    -1.92040    13.73534
 1414    389     5.77393    -1.92040    13.73534
 1427    389     5.93926    -1.92040    13.73534
 1428    389     5.95198    -1.92040    13.73534
 1429    389     5.96470    -1.92040    13.73534
 1430    389     5.97742    -1.92040    13.73534
 1431    389     5.99014    -1.92040    13.73534
 1432    389     6.00285    -1.92040    13.73534
 1433    389     6.01557    -1.92040    13.73534
 1434    389     6.02829    -1.92040    13.73534
 1368    390     5.15168    -1.89400    13.63680
 1369    390     5.16431    -1.89400    13.63680
 1370    390     5.17693    -1.89400    13.63680
 1371    390     5.18956    -1.89400    13.63680
 1372    390     5.20219    -1.89400    13.63680
 1391    390     5.44209    -1.89400    13.63680
 1392    390     5.45472    -1.89400    13.63680
 1393    390     5.46735    -1.89400    13.63680
 1394    390     5.47997    -1.89400    13.63680
 1395    390     5.49260    -1.89400    13.63680
 1396    390     5.50523    -1.89400    13.63680
 1397    390     5.51785    -1.89400    13.63680
 1408    390     5.65675    -1.89400    13.63680
 1409    390     5.66937    -1.89400    13.63680
 1410    390     5.68200    -1.89400    13.63680
 1411    390     5.69463    -1.89400    13.63680
 1412    390     5.70725    -1.89400    13.63680
 1413    390     5.71988    -1.89400    13.63680
 1414    390     5.73251    -1.89400    13.63680
 1428    390     5.90928    -1.89400    13.63680
 1429    390     5.92191    -1.89400    13.63680
 1430    390     5.93453    -1.89400    13.63680
 1431    390     5.94716    -1.89400    13.63680
 1432    390     5.95979    -1.89400    13.63680
 1433    390     5.97241    -1.89400    13.63680
 1434    390     5.98504    -1.89400    13.63680
 1435    390     5.99767    -1.89400    13.63680
 1368    391     5.11498    -1.86797    13.53966
 1369    391     5.12752    -1.86797    13.53966
 1370    391     5.14006    -1.86797    13.53966
 1371    391     5.15259    -1.86797    13.53966
 1372    391     5.16513    -1.86797    13.53966
 1373    391     5.17767    -1.86797    13.53966
 1392    391     5.41586    -1.86797    13.53966
 1393    391     5.42840    -1.86797    13.53966
 1394    391     5.44094    -1.86797    13.53966
 1395    391     5.45347    -1.86797    13.53966
 1396    391     5.46601    -1.86797    13.53966
 1397    391     5.47855    -1.86797    13.53966
 1409    391     5.62899    -1.86797    13.53966
 1410    391     5.64153    -1.86797    13.53966
 1411    391     5.65406    -1.86797    13.53966
 1412    391     5.66660    -1.86797    13.53966
 1413    391     5.67914    -1.86797    13.53966
 1414    391     5.69167    -1.86797    13.53966
 1415    391     5.70421    -1.86797    13.53966
 1429    391     5.87972    -1.86797    13.53966
 1430    391     5.89226    -1.86797    13.53966
 1431    391     5.90480    -1.86797    13.53966
 1432    391     5.91733    -1.86797    13.53966
 1433    391     5.92987    -1.86797    13.53966
 1434    391     5.94241    -1.86797    13.53966
 1435    391     5.95494    -1.86797    13.53966
 1436    391     5.96748    -1.86797    13.53966
 1368    392     5.07881    -1.84231    13.44390
 1369    392     5.09125    -1.84231    13.44390
 1370    392     5.10370    -1.84231    13.44390
 1371    392     5.11615    -1.84231    13.44390
 1372    392     5.12860    -1.84231    13.44390
 1373    392     5.14105    -1.84231    13.44390
 1392    392     5.37756    -1.84231    13.44390
 1393    392     5.39001    -1.84231    13.44390
 1394    392     5.40245    -1.84231    13.44390
 1395    392     5.41490    -1.84231    13.44390
 1396    392     5.42735    -1.84231    13.44390
 1397    392     5.43980    -1.84231    13.44390
 1409    392     5.58918    -1.84231    13.44390
 1410    392     5.60162    -1.84231    13.44390
 1411    392     5.61407    -1.84231    13.44390
 1412    392     5.62652    -1.84231    13.44390
 1413    392     5.63897    -1.84231    13.44390
 1414    392     5.65142    -1.84231    13.44390
 1415    392     5.66386    -1.84231    13.44390
 1430    392     5.85058    -1.84231    13.44390
 1431    392     5.86303    -1.84231    13.44390
 1432    392     5.87548    -1.84231    13.44390
 1433    392     5.88793    -1.84231    13.44390
 1434    392     5.90038    -1.84231    13.44390
 1435    392     5.91282    -1.84231    13.44390
 1436    392     5.92527    -1.84231    13.44390
 1369    393     5.05550    -1.81701    13.34948
 1370    393     5.06786    -1.81701    13.34948
 1371    393     5.08022    -1.81701    13.34948
 1372    393     5.09258    -1.81701    13.34948
 1373    393     5.10494    -1.81701    13.34948
 1374    393     5.11730    -1.81701    13.34948
 1393    393     5.35215    -1.81701    13.34948
 1394    393     5.36451    -1.81701    13.34948
 1395    393     5.37687    -1.81701    13.34948
 1396    393     5.38923    -1.81701    13.34948
 1397    393     5.40159    -1.81701    13.34948
 1398    393     5.41395    -1.81701    13.34948
 1410    393     5.56228    -1.81701    13.34948
 1411    393     5.57464    -1.81701    13.34948
 1412    393     5.58700    -1.81701    13.34948
 1413    393     5.59936    -1.81701    13.34948
 1414    393     5.61172    -1.81701    13.34948
 1415    393     5.62409    -1.81701    13.34948
 1416    393     5.63645    -1.81701    13.34948
 1431    393     5.82186    -1.81701    13.34948
 1432    393     5.83422    -1.81701    13.34948
 1433    393     5.84658    -1.81701    13.34948
 1434    393     5.85894    -1.81701    13.34948
 1435    393     5.87130    -1.81701    13.34948
 1436    393     5.88366    -1.81701    13.34948
 1437    393     5.89602    -1.81701    13.34948
 1369    394     5.02024    -1.79207    13.25638
 1370    394     5.03251    -1.79207    13.25638
 1371    394     5.04479    -1.79207    13.25638
 1372    394     5.05706    -1.79207    13.25638
 1373    394     5.06934    -1.79207    13.25638
 1374    394     5.08161    -1.79207    13.25638
 1393    394     5.31482    -1.79207    13.25638
 1394    394     5.32710    -1.79207    13.25638
 1395    394     5.33937    -1.79207    13.25638
 1396    394     5.35165    -1.79207    13.25638
 1397    394     5.36392    -1.79207    13.25638
 1398    394     5.37620    -1.79207    13.25638
 1399    394     5.38847    -1.79207    13.25638
 1411    394     5.53576    -1.79207    13.25638
 1412    394     5.54804    -1.79207    13.25638
 1413    394     5.56031    -1.79207    13.25638
 1414    394     5.57259    -1.79207    13.25638
 1415    394     5.58486    -1.79207    13.25638
 1416    394     5.59714    -1.79207    13.25638
 1417    394     5.60941    -1.79207    13.25638
 1431    394     5.78125    -1.79207    13.25638
 1432    394     5.79353    -1.79207    13.25638
 1433    394     5.80580    -1.79207    13.25638
 1434    394     5.81808    -1.79207    13.25638
 1435    394     5.83035    -1.79207    13.25638
 1436    394     5.84262    -1.79207    13.25638
 1370    395     4.99766    -1.76746    13.16456
 1371    395     5.00985    -1.76746    13.16456
 1372    395     5.02204    -1.76746    13.16456
 1373    395     5.03423    -1.76746    13.16456
 1374    395     5.04642    -1.76746    13.16456
 1375    395     5.05861    -1.76746    13.16456
 1393    395     5.27801    -1.76746    13.16456
 1394    395     5.29020    -1.76746    13.16456
 1395    395     5.30239    -1.76746    13.16456
 1396    395     5.31458    -1.76746    13.16456
 1397    395     5.32677    -1.76746    13.16456
 1398    395     5.33896    -1.76746    13.16456
 1399    395     5.35115    -1.76746    13.16456
 1400    395     5.36334    -1.76746    13.16456
 1411    395     5.49742    -1.76746    13.16456
 1412    395     5.50961    -1.76746    13.16456
 1413    395     5.52180    -1.76746    13.16456
 1414    395     5.53399    -1.76746    13.16456
 1415    395     5.54618    -1.76746    13.16456
 1416    395     5.55837    -1.76746    13.16456
 1417    395     5.57056    -1.76746    13.16456
 1432    395     5.75340    -1.76746    13.16456
 1433    395     5.76559    -1.76746    13.16456
 1434    395     5.77778    -1.76746    13.16456
 1435    395     5.78997    -1.76746    13.16456
 1436    395     5.80216    -1.76746    13.16456
 1437    395     5.81435    -1.76746    13.16456
 1370    396     4.96328    -1.74320    13.07401
 1371    396     4.97539    -1.74320    13.07401
 1372    396     4.98749    -1.74320    13.07401
 1373    396     4.99960    -1.74320    13.07401
 1374    396     5.01171    -1.74320    13.07401
 1375    396     5.02381    -1.74320    13.07401
 1394    396     5.25382    -1.74320    13.07401
 1395    396     5.26592    -1.74320    13.07401
 1396    396     5.27803    -1.74320    13.07401
 1397    396     5.29013    -1.74320    13.07401
 1398    396     5.30224    -1.74320    13.07401
 1399    396     5.31434    -1.74320    13.07401
 1400    396     5.32645    -1.74320    13.07401
 1412    396     5.47172    -1.74320    13.07401
 1413    396     5.48382    -1.74320    13.07401
 1414    396     5.49593    -1.74320    13.07401
 1415    396     5.50803    -1.74320    13.07401
 1416    396     5.52014    -1.74320    13.07401
 1417    396     5.53224    -1.74320    13.07401
 1418    396     5.54435    -1.74320    13.07401
 1432    396     5.71383    -1.74320    13.07401
 1433    396     5.72593    -1.74320    13.07401
 1434    396     5.73804    -1.74320    13.07401
 1435    396     5.75014    -1.74320    13.07401
 1436    396     5.76225    -1.74320    13.07401
 1437    396     5.77436    -1.74320    13.07401
 1371    397     4.94140    -1.71927    12.98470
 1372    397     4.95342    -1.71927    12.98470
 1373    397     4.96545    -1.71927    12.98470
 1374    397     4.97747    -1.71927    12.98470
 1375    397     4.98949    -1.71927    12.98470
 1376    397     5.00151    -1.71927    12.98470
 1394    397     5.21793    -1.71927    12.98470
 1395    397     5.22995    -1.71927    12.98470
 1396    397     5.24197    -1.71927    12.98470
 1397    397     5.25399    -1.71927    12.98470
 1398    397     5.26602    -1.71927    12.98470
 1399    397     5.27804    -1.71927    12.98470
 1400    397     5.29006    -1.71927    12.98470
 1412    397     5.43434    -1.71927    12.98470
 1413    397     5.44636    -1.71927    12.98470
 1414    397     5.45838    -1.71927    12.98470
 1415    397     5.47041    -1.71927    12.98470
 1416    397     5.48243    -1.71927    12.98470
 1417    397     5.49445    -1.71927    12.98470
 1418    397     5.50647    -1.71927    12.98470
 1432    397     5.67480    -1.71927    12.98470
 1433    397     5.68682    -1.71927    12.98470
 1434    397     5.69884    -1.71927    12.98470
 1435    397     5.71086    -1.71927    12.98470
 1436    397     5.72289    -1.71927    12.98470
 1437    397     5.73491    -1.71927    12.98470
 1371    398     4.90787    -1.69566    12.89660
 1372    398     4.91981    -1.69566    12.89660
 1373    398     4.93176    -1.69566    12.89660
 1374    398     4.94370    -1.69566    12.89660
 1375    398     4.95564    -1.69566    12.89660
 1376    398     4.96758    -1.69566    12.89660
 1377    398     4.97952    -1.69566    12.89660
 1394    398     5.18252    -1.69566    12.89660
 1395    398     5.19446    -1.69566    12.89660
 1396    398     5.20641    -1.69566    12.89660
 1397    398     5.21835    -1.69566    12.89660
 1398    398     5.23029    -1.69566    12.89660
 1399    398     5.24223    -1.69566    12.89660
 1400    398     5.25417    -1.69566    12.89660
 1413    398     5.40941    -1.69566    12.89660
 1414    398     5.42135    -1.69566    12.89660
 1415    398     5.43329    -1.69566    12.89660
 1416    398     5.44523    -1.69566    12.89660
 1417    398     5.45717    -1.69566    12.89660
 1418    398     5.46911    -1.69566    12.89660
 1419    398     5.48106    -1.69566    12.89660
 1433    398     5.64823    -1.69566    12.89660
 1434    398     5.66017    -1.69566    12.89660
 1435    398     5.67212    -1.69566    12.89660
 1436    398     5.68406    -1.69566    12.89660
 1437    398     5.69600    -1.69566    12.89660
 1438    398     5.70794    -1.69566    12.89660
 1372    399     4.88666    -1.67238    12.80969
 1373    399     4.89852    -1.67238    12.80969
 1374    399     4.91038    -1.67238    12.80969
 1375    399     4.92224    -1.67238    12.80969
 1376    399     4.93410    -1.67238    12.80969
 1377    399     4.94596    -1.67238    12.80969
 1394    399     5.14760    -1.67238    12.80969
 1395    399     5.15946    -1.67238    12.80969
 1396    399     5.17132    -1.67238    12.80969
 1397    399     5.18318    -1.67238    12.80969
 1398    399     5.19504    -1.67238    12.80969
 1399    399     5.20690    -1.67238    12.80969
 1400    399     5.21876    -1.67238    12.80969
 1413    399     5.37295    -1.67238    12.80969
 1414    399     5.38481    -1.67238    12.80969
 1415    399     5.39667    -1.67238    12.80969
 1416    399     5.40853    -1.67238    12.80969
 1417    399     5.42040    -1.67238    12.80969
 1418    399     5.43226    -1.67238    12.80969
 1419    399     5.44412    -1.67238    12.80969
 1433    399     5.61017    -1.67238    12.80969
 1434    399     5.62203    -1.67238    12.80969
 1435    399     5.63389    -1.67238    12.80969
 1436    399     5.64575    -1.67238    12.80969
 1437    399     5.65761    -1.67238    12.80969
 1438    399     5.66947    -1.67238    12.80969
 1372    400     4.85395    -1.64940    12.72394
 1373    400     4.86573    -1.64940    12.72394
 1374    400     4.87751    -1.64940    12.72394
 1375    400     4.88929    -1.64940    12.72394
 1376    400     4.90107    -1.64940    12.72394
 1377    400     4.91285    -1.64940    12.72394
 1378    400     4.92464    -1.64940    12.72394
 1395    400     5.12492    -1.64940    12.72394
 1396    400     5.13670    -1.64940    12.72394
 1397    400     5.14848    -1.64940    12.72394
 1398    400     5.16026    -1.64940    12.72394
 1399    400     5.17205    -1.64940    12.72394
 1400    400     5.18383    -1.64940    12.72394
 1401    400     5.19561    -1.64940    12.72394
 1414    400     5.34877    -1.64940    12.72394
 1415    400     5.36055    -1.64940    12.72394
 1416    400     5.37233    -1.64940    12.72394
 1417    400     5.38411    -1.64940    12.72394
 1418    400     5.39589    -1.64940    12.72394
 1419    400     5.40767    -1.64940    12.72394
 1420    400     5.41945    -1.64940    12.72394
 1434    400     5.58439    -1.64940    12.72394
 1435    400     5.59618    -1.64940    12.72394
 1436    400     5.60796    -1.64940    12.72394
 1437    400     5.61974    -1.64940    12.72394
 1438    400     5.63152    -1.64940    12.72394
 1372    401     4.82167    -1.62673    12.63933
 1373    401     4.83337    -1.62673    12.63933
 1374    401     4.84508    -1.62673    12.63933
 1375    401     4.85678    -1.62673    12.63933
 1376    401     4.86848    -1.62673    12.63933
 1377    401     4.88019    -1.62673    12.63933
 1378    401     4.89189    -1.62673    12.63933
 1379    401     4.90359    -1.62673    12.63933
 1396    401     5.10254    -1.62673    12.63933
 1397    401     5.11425    -1.62673    12.63933
 1398    401     5.12595    -1.62673    12.63933
 1399    401     5.13765    -1.62673    12.63933
 1400    401     5.14936    -1.62673    12.63933
 1401    401     5.16106    -1.62673    12.63933
 1414    401     5.31320    -1.62673    12.63933
 1415    401     5.32490    -1.62673    12.63933
 1416    401     5.33661    -1.62673    12.63933
 1417    401     5.34831    -1.62673    12.63933
 1418    401     5.36001    -1.62673    12.63933
 1419    401     5.37171    -1.62673    12.63933
 1420    401     5.38342    -1.62673    12.63933
 1421    401     5.39512    -1.62673    12.63933
 1434    401     5.54726    -1.62673    12.63933
 1435    401     5.55896    -1.62673    12.63933
 1436    401     5.57067    -1.62673    12.63933
 1437    401     5.58237    -1.62673    12.63933
 1438    401     5.59407    -1.62673    12.63933
 1439    401     5.60578    -1.62673    12.63933
 1373    402     4.80145    -1.60436    12.55584
 1374    402     4.81307    -1.60436    12.55584
 1375    402     4.82470    -1.60436    12.55584
 1376    402     4.83632    -1.60436    12.55584
 1377    402     4.84795    -1.60436    12.55584
 1378    402     4.85957    -1.60436    12.55584
 1379    402     4.87120    -1.60436    12.55584
 1380    402     4.88283    -1.60436    12.55584
 1396    402     5.06884    -1.60436    12.55584
 1397    402     5.08046    -1.60436    12.55584
 1398    402     5.09209    -1.60436    12.55584
 1399    402     5.10372    -1.60436    12.55584
 1400    402     5.11534    -1.60436    12.55584
 1401    402     5.12697    -1.60436    12.55584
 1410    402     5.23160    -1.60436    12.55584
 1411    402     5.24322    -1.60436    12.55584
 1412    402     5.25485    -1.60436    12.55584
 1413    402     5.26648    -1.60436    12.55584
 1414    402     5.27810    -1.60436    12.55584
 1415    402     5.28973    -1.60436    12.55584
 1416    402     5.30135    -1.60436    12.55584
 1418    402     5.32461    -1.60436    12.55584
 1419    402     5.33623    -1.60436    12.55584
 1420    402     5.34786    -1.60436    12.55584
 1421    402     5.35948    -1.60436    12.55584
 1434    402     5.51062    -1.60436    12.55584
 1435    402     5.52224    -1.60436    12.55584
 1436    402     5.53387    -1.60436    12.55584
 1437    402     5.54549    -1.60436    12.55584
 1438    402     5.55712    -1.60436    12.55584
 1439    402     5.56875    -1.60436    12.55584
 1440    402     5.58037    -1.60436    12.55584
 1373    403     4.76994    -1.58228    12.47344
 1374    403     4.78149    -1.58228    12.47344
 1375    403     4.79304    -1.58228    12.47344
 1376    403     4.80459    -1.58228    12.47344
 1377    403     4.81613    -1.58228    12.47344
 1378    403     4.82768    -1.58228    12.47344
 1379    403     4.83923    -1.58228    12.47344
 1380    403     4.85078    -1.58228    12.47344
 1396    403     5.03557    -1.58228    12.47344
 1397    403     5.04712    -1.58228    12.47344
 1398    403     5.05867    -1.58228    12.47344
 1399    403     5.07022    -1.58228    12.47344
 1400    403     5.08177    -1.58228    12.47344
 1401    403     5.09332    -1.58228    12.47344
 1408    403     5.17417    -1.58228    12.47344
 1409    403     5.18572    -1.58228    12.47344
 1410    403     5.19727    -1.58228    12.47344
 1411    403     5.20882    -1.58228    12.47344
 1412    403     5.22037    -1.58228    12.47344
 1413    403     5.23192    -1.58228    12.47344
 1414    403     5.24347    -1.58228    12.47344
 1415    403     5.25501    -1.58228    12.47344
 1416    403     5.26656    -1.58228    12.47344
 1419    403     5.30121    -1.58228    12.47344
 1420    403     5.31276    -1.58228    12.47344
 1421    403     5.32431    -1.58228    12.47344
 1422    403     5.33586    -1.58228    12.47344
 1435    403     5.48600    -1.58228    12.47344
 1436    403     5.49755    -1.58228    12.47344
 1437    403     5.50910    -1.58228    12.47344
 1438    403     5.52065    -1.58228    12.47344
 1439    403     5.53220    -1.58228    12.47344
 1440    403     5.54375    -1.58228    12.47344
 1375    404     4.76179    -1.56049    12.39212
 1376    404     4.77326    -1.56049    12.39212
 1377    404     4.78474    -1.56049    12.39212
 1378    404     4.79621    -1.56049    12.39212
 1379    404     4.80768    -1.56049    12.39212
 1380    404     4.81916    -1.56049    12.39212
 1381    404     4.83063    -1.56049    12.39212
 1396    404     5.00275    -1.56049    12.39212
 1397    404     5.01422    -1.56049    12.39212
 1398    404     5.02569    -1.56049    12.39212
 1399    404     5.03717    -1.56049    12.39212
 1400    404     5.04864    -1.56049    12.39212
 1401    404     5.06012    -1.56049    12.39212
 1407    404     5.12896    -1.56049    12.39212
 1408    404     5.14044    -1.56049    12.39212
 1409    404     5.15191    -1.56049    12.39212
 1410    404     5.16338    -1.56049    12.39212
 1411    404     5.17486    -1.56049    12.39212
 1412    404     5.18633    -1.56049    12.39212
 1413    404     5.19781    -1.56049    12.39212
 1414    404     5.20928    -1.56049    12.39212
 1415    404     5.22075    -1.56049    12.39212
 1417    404     5.24370    -1.56049    12.39212
 1419    404     5.26665    -1.56049    12.39212
 1420    404     5.27813    -1.56049    12.39212
 1421    404     5.28960    -1.56049    12.39212
 1422    404     5.30107    -1.56049    12.39212
 1436    404     5.46171    -1.56049    12.39212
 1437    404     5.47319    -1.56049    12.39212
 1438    404     5.48466    -1.56049    12.39212
 1439    404     5.49614    -1.56049    12.39212
 1440    404     5.50761    -1.56049    12.39212
 1441    404     5.51908    -1.56049    12.39212
 1376    405     4.74234    -1.53898    12.31185
 1377    405     4.75374    -1.53898    12.31185
 1378    405     4.76514    -1.53898    12.31185
 1379    405     4.77654    -1.53898    12.31185
 1380    405     4.78794    -1.53898    12.31185
 1381    405     4.79934    -1.53898    12.31185
 1396    405     4.97034    -1.53898    12.31185
 1397    405     4.98174    -1.53898    12.31185
 1398    405     4.99314    -1.53898    12.31185
 1399    405     5.00454    -1.53898    12.31185
 1400    405     5.01594    -1.53898    12.31185
 1401    405     5.02734    -1.53898    12.31185
 1407    405     5.09574    -1.53898    12.31185
 1408    405     5.10714    -1.53898    12.31185
 1409    405     5.11854    -1.53898    12.31185
 1410    405     5.12994    -1.53898    12.31185
 1411    405     5.14134    -1.53898    12.31185
 1412    405     5.15274    -1.53898    12.31185
 1413    405     5.16414    -1.53898    12.31185
 1415    405     5.18694    -1.53898    12.31185
 1416    405     5.19834    -1.53898    12.31185
 1417    405     5.20974    -1.53898    12.31185
 1419    405     5.23254    -1.53898    12.31185
 1420    405     5.24394    -1.53898    12.31185
 1421    405     5.25534    -1.53898    12.31185
 1422    405     5.26674    -1.53898    12.31185
 1436    405     5.42634    -1.53898    12.31185
 1437    405     5.43774    -1.53898    12.31185
 1438    405     5.44914    -1.53898    12.31185
 1439    405     5.46053    -1.53898    12.31185
 1440    405     5.47193    -1.53898    12.31185
 1441    405     5.48333    -1.53898    12.31185
 1376    406     4.71182    -1.51775    12.23262
 1377    406     4.72315    -1.51775    12.23262
 1378    406     4.73448    -1.51775    12.23262
 1379    406     4.74580    -1.51775    12.23262
 1380    406     4.75713    -1.51775    12.23262
 1381    406     4.76846    -1.51775    12.23262
 1382    406     4.77978    -1.51775    12.23262
 1396    406     4.93835    -1.51775    12.23262
 1397    406     4.94968    -1.51775    12.23262
 1398    406     4.96101    -1.51775    12.23262
 1399    406     4.97233    -1.51775    12.23262
 1400    406     4.98366    -1.51775    12.23262
 1401    406     4.99499    -1.51775    12.23262
 1402    406     5.00631    -1.51775    12.23262
 1407    406     5.06295    -1.51775    12.23262
 1408    406     5.07427    -1.51775    12.23262
 1409    406     5.08560    -1.51775    12.23262
 1410    406     5.09692    -1.51775    12.23262
 1413    406     5.13090    -1.51775    12.23262
 1414    406     5.14223    -1.51775    12.23262
 1415    406     5.15356    -1.51775    12.23262
 1416    406     5.16488    -1.51775    12.23262
 1417    406     5.17621    -1.51775    12.23262
 1418    406     5.18754    -1.51775    12.23262
 1419    406     5.19886    -1.51775    12.23262
 1420    406     5.21019    -1.51775    12.23262
 1421    406     5.22152    -1.51775    12.23262
 1422    406     5.23284    -1.51775    12.23262
 1436    406     5.39141    -1.51775    12.23262
 1437    406     5.40274    -1.51775    12.23262
 1438    406     5.41407    -1.51775    12.23262
 1439    406     5.42539    -1.51775    12.23262
 1440    406     5.43672    -1.51775    12.23262
 1441    406     5.44805    -1.51775    12.23262
 1376    407     4.68169    -1.49679    12.15440
 1377    407     4.69295    -1.49679    12.15440
 1378    407     4.70420    -1.49679    12.15440
 1379    407     4.71546    -1.49679    12.15440
 1380    407     4.72671    -1.49679    12.15440
 1381    407     4.73796    -1.49679    12.15440
 1382    407     4.74922    -1.49679    12.15440
 1397    407     4.91803    -1.49679    12.15440
 1398    407     4.92928    -1.49679    12.15440
 1399    407     4.94054    -1.49679    12.15440
 1400    407     4.95179    -1.49679    12.15440
 1401    407     4.96305    -1.49679    12.15440
 1402    407     4.97430    -1.49679    12.15440
 1403    407     4.98555    -1.49679    12.15440
 1404    407     4.99681    -1.49679    12.15440
 1407    407     5.03057    -1.49679    12.15440
 1408    407     5.04182    -1.49679    12.15440
 1409    407     5.05308    -1.49679    12.15440
 1410    407     5.06433    -1.49679    12.15440
 1411    407     5.07559    -1.49679    12.15440
 1412    407     5.08684    -1.49679    12.15440
 1413    407     5.09809    -1.49679    12.15440
 1414    407     5.10935    -1.49679    12.15440
 1415    407     5.12060    -1.49679    12.15440
 1416    407     5.13186    -1.49679    12.15440
 1417    407     5.14311    -1.49679    12.15440
 1418    407     5.15437    -1.49679    12.15440
 1419    407     5.16562    -1.49679    12.15440
 1420    407     5.17687    -1.49679    12.15440
 1421    407     5.18813    -1.49679    12.15440
 1422    407     5.19938    -1.49679    12.15440
 1436    407     5.35694    -1.49679    12.15440
 1437    407     5.36819    -1.49679    12.15440
 1438    407     5.37945    -1.49679    12.15440
 1439    407     5.39070    -1.49679    12.15440
 1440    407     5.40195    -1.49679    12.15440
 1441    407     5.41321    -1.49679    12.15440
 1442    407     5.42446    -1.49679    12.15440
 1376    408     4.65195    -1.47610    12.07717
 1377    408     4.66313    -1.47610    12.07717
 1378    408     4.67431    -1.47610    12.07717
 1379    408     4.68549    -1.47610    12.07717
 1380    408     4.69668    -1.47610    12.07717
 1381    408     4.70786    -1.47610    12.07717
 1397    408     4.88678    -1.47610    12.07717
 1398    408     4.89796    -1.47610    12.07717
 1399    408     4.90915    -1.47610    12.07717
 1400    408     4.92033    -1.47610    12.07717
 1401    408     4.93151    -1.47610    12.07717
 1402    408     4.94269    -1.47610    12.07717
 1403    408     4.95388    -1.47610    12.07717
 1404    408     4.96506    -1.47610    12.07717
 1405    408     4.97624    -1.47610    12.07717
 1408    408     5.00979    -1.47610    12.07717
 1409    408     5.02097    -1.47610    12.07717
 1410    408     5.03215    -1.47610    12.07717
 1411    408     5.04334    -1.47610    12.07717
 1412    408     5.05452    -1.47610    12.07717
 1413    408     5.06570    -1.47610    12.07717
 1414    408     5.07688    -1.47610    12.07717
 1415    408     5.08807    -1.47610    12.07717
 1416    408     5.09925    -1.47610    12.07717
 1417    408     5.11043    -1.47610    12.07717
 1418    408     5.12162    -1.47610    12.07717
 1419    408     5.13280    -1.47610    12.07717
 1420    408     5.14398    -1.47610    12.07717
 1421    408     5.15516    -1.47610    12.07717
 1422    408     5.16635    -1.47610    12.07717
 1423    408     5.17753    -1.47610    12.07717
 1436    408     5.32290    -1.47610    12.07717
 1437    408     5.33408    -1.47610    12.07717
 1438    408     5.34527    -1.47610    12.07717
 1439    408     5.35645    -1.47610    12.07717
 1440    408     5.36763    -1.47610    12.07717
 1441    408     5.37881    -1.47610    12.07717
 1442    408     5.39000    -1.47610    12.07717
 1376    409     4.62258    -1.45567    12.00092
 1377    409     4.63369    -1.45567    12.00092
 1378    409     4.64480    -1.45567    12.00092
 1379    409     4.65591    -1.45567    12.00092
 1380    409     4.66702    -1.45567    12.00092
 1381    409     4.67814    -1.45567    12.00092
 1398    409     4.86704    -1.45567    12.00092
 1399    409     4.87815    -1.45567    12.00092
 1400    409     4.88926    -1.45567    12.00092
 1401    409     4.90038    -1.45567    12.00092
 1402    409     4.91149    -1.45567    12.00092
 1403    409     4.92260    -1.45567    12.00092
 1404    409     4.93371    -1.45567    12.00092
 1405    409     4.94482    -1.45567    12.00092
 1406    409     4.95594    -1.45567    12.00092
 1408    409     4.97816    -1.45567    12.00092
 1409    409     4.98927    -1.45567    12.00092
 1410    409     5.00038    -1.45567    12.00092
 1411    409     5.01149    -1.45567    12.00092
 1412    409     5.02261    -1.45567    12.00092
 1413    409     5.03372    -1.45567    12.00092
 1419    409     5.10039    -1.45567    12.00092
 1420    409     5.11150    -1.45567    12.00092
 1421    409     5.12261    -1.45567    12.00092
 1422    409     5.13373    -1.45567    12.00092
 1423    409     5.14484    -1.45567    12.00092
 1436    409     5.28929    -1.45567    12.00092
 1437    409     5.30041    -1.45567    12.00092
 1438    409     5.31152    -1.45567    12.00092
 1439    409     5.32263    -1.45567    12.00092
 1440    409     5.33374    -1.45567    12.00092
 1441    409     5.34485    -1.45567    12.00092
 1442    409     5.35597    -1.45567    12.00092
 1376    410     4.59357    -1.43549    11.92562
 1377    410     4.60462    -1.43549    11.92562
 1378    410     4.61566    -1.43549    11.92562
 1379    410     4.62670    -1.43549    11.92562
 1380    410     4.63774    -1.43549    11.92562
 1381    410     4.64878    -1.43549    11.92562
 1399    410     4.84755    -1.43549    11.92562
 1400    410     4.85859    -1.43549    11.92562
 1401    410     4.86963    -1.43549    11.92562
 1402    410     4.88067    -1.43549    11.92562
 1403    410     4.89171    -1.43549    11.92562
 1404    410     4.90276    -1.43549    11.92562
 1405    410     4.91380    -1.43549    11.92562
 1406    410     4.92484    -1.43549    11.92562
 1409    410     4.95797    -1.43549    11.92562
 1410    410     4.96901    -1.43549    11.92562
 1411    410     4.98005    -1.43549    11.92562
 1412    410     4.99109    -1.43549    11.92562
 1414    410     5.01318    -1.43549    11.92562
 1415    410     5.02422    -1.43549    11.92562
 1416    410     5.03526    -1.43549    11.92562
 1417    410     5.04631    -1.43549    11.92562
 1420    410     5.07943    -1.43549    11.92562
 1421    410     5.09047    -1.43549    11.92562
 1422    410     5.10152    -1.43549    11.92562
 1423    410     5.11256    -1.43549    11.92562
 1424    410     5.12360    -1.43549    11.92562
 1437    410     5.26715    -1.43549    11.92562
 1438    410     5.27819    -1.43549    11.92562
 1439    410     5.28923    -1.43549    11.92562
 1440    410     5.30028    -1.43549    11.92562
 1441    410     5.31132    -1.43549    11.92562
 1442    410     5.32236    -1.43549    11.92562
 1377    411     4.57591    -1.41557    11.85127
 1378    411     4.58688    -1.41557    11.85127
 1379    411     4.59785    -1.41557    11.85127
 1380    411     4.60883    -1.41557    11.85127
 1381    411     4.61980    -1.41557    11.85127
 1399    411     4.81732    -1.41557    11.85127
 1400    411     4.82829    -1.41557    11.85127
 1401    411     4.83927    -1.41557    11.85127
 1402    411     4.85024    -1.41557    11.85127
 1403    411     4.86121    -1.41557    11.85127
 1404    411     4.87219    -1.41557    11.85127
 1405    411     4.88316    -1.41557    11.85127
 1406    411     4.89413    -1.41557    11.85127
 1410    411     4.93803    -1.41557    11.85127
 1411    411     4.94900    -1.41557    11.85127
 1412    411     4.95997    -1.41557    11.85127
 1413    411     4.97095    -1.41557    11.85127
 1414    411     4.98192    -1.41557    11.85127
 1415    411     4.99290    -1.41557    11.85127
 1416    411     5.00387    -1.41557    11.85127
 1417    411     5.01484    -1.41557    11.85127
 1418    411     5.02582    -1.41557    11.85127
 1419    411     5.03679    -1.41557    11.85127
 1420    411     5.04776    -1.41557    11.85127
 1421    411     5.05874    -1.41557    11.85127
 1422    411     5.06971    -1.41557    11.85127
 1423    411     5.08068    -1.41557    11.85127
 1424    411     5.09166    -1.41557    11.85127
 1438    411     5.24528    -1.41557    11.85127
 1439    411     5.25626    -1.41557    11.85127
 1440    411     5.26723    -1.41557    11.85127
 1441    411     5.27820    -1.41557    11.85127
 1442    411     5.28918    -1.41557    11.85127
 1443    411     5.30015    -1.41557    11.85127
 1377    412     4.54755    -1.39589    11.77783
 1378    412     4.55846    -1.39589    11.77783
 1379    412     4.56936    -1.39589    11.77783
 1380    412     4.58027    -1.39589    11.77783
 1381    412     4.59117    -1.39589    11.77783
 1382    412     4.60208    -1.39589    11.77783
 1400    412     4.79838    -1.39589    11.77783
 1401    412     4.80928    -1.39589    11.77783
 1402    412     4.82019    -1.39589    11.77783
 1403    412     4.83109    -1.39589    11.77783
 1404    412     4.84200    -1.39589    11.77783
 1405    412     4.85290    -1.39589    11.77783
 1406    412     4.86381    -1.39589    11.77783
 1412    412     4.92924    -1.39589    11.77783
 1413    412     4.94015    -1.39589    11.77783
 1414    412     4.95105    -1.39589    11.77783
 1415    412     4.96196    -1.39589    11.77783
 1416    412     4.97286    -1.39589    11.77783
 1417    412     4.98377    -1.39589    11.77783
 1418    412     4.99467    -1.39589    11.77783
 1419    412     5.00558    -1.39589    11.77783
 1420    412     5.01648    -1.39589    11.77783
 1421    412     5.02739    -1.39589    11.77783
 1422    412     5.03830    -1.39589    11.77783
 1423    412     5.04920    -1.39589    11.77783
 1424    412     5.06011    -1.39589    11.77783
 1438    412     5.21278    -1.39589    11.77783
 1439    412     5.22369    -1.39589    11.77783
 1440    412     5.23459    -1.39589    11.77783
 1441    412     5.24550    -1.39589    11.77783
 1442    412     5.25640    -1.39589    11.77783
 1443    412     5.26731    -1.39589    11.77783
 1377    413     4.51955    -1.37646    11.70530
 1378    413     4.53039    -1.37646    11.70530
 1379    413     4.54122    -1.37646    11.70530
 1380    413     4.55206    -1.37646    11.70530
 1381    413     4.56290    -1.37646    11.70530
 1382    413     4.57374    -1.37646    11.70530
 1400    413     4.76883    -1.37646    11.70530
 1401    413     4.77967    -1.37646    11.70530
 1402    413     4.79050    -1.37646    11.70530
 1403    413     4.80134    -1.37646    11.70530
 1404    413     4.81218    -1.37646    11.70530
 1405    413     4.82302    -1.37646    11.70530
 1406    413     4.83386    -1.37646    11.70530
 1412    413     4.89889    -1.37646    11.70530
 1413    413     4.90972    -1.37646    11.70530
 1414    413     4.92056    -1.37646    11.70530
 1415    413     4.93140    -1.37646    11.70530
 1418    413     4.96392    -1.37646    11.70530
 1419    413     4.97475    -1.37646    11.70530
 1420    413     4.98559    -1.37646    11.70530
 1421    413     4.99643    -1.37646    11.70530
 1422    413     5.00727    -1.37646    11.70530
 1423    413     5.01811    -1.37646    11.70530
 1424    413     5.02894    -1.37646    11.70530
 1439    413     5.19152    -1.37646    11.70530
 1440    413     5.20236    -1.37646    11.70530
 1441    413     5.21319    -1.37646    11.70530
 1442    413     5.22403    -1.37646    11.70530
 1443    413     5.23487    -1.37646    11.70530
 1444    413     5.24571    -1.37646    11.70530
 1378    414     4.50266    -1.35726    11.63366
 1379    414     4.51343    -1.35726    11.63366
 1380    414     4.52420    -1.35726    11.63366
 1381    414     4.53497    -1.35726    11.63366
 1382    414     4.54575    -1.35726    11.63366
 1383    414     4.55652    -1.35726    11.63366
 1400    414     4.73964    -1.35726    11.63366
 1401    414     4.75041    -1.35726    11.63366
 1402    414     4.76118    -1.35726    11.63366
 1403    414     4.77196    -1.35726    11.63366
 1404    414     4.78273    -1.35726    11.63366
 1405    414     4.79350    -1.35726    11.63366
 1406    414     4.80427    -1.35726    11.63366
 1407    414     4.81504    -1.35726    11.63366
 1408    414     4.82581    -1.35726    11.63366
 1412    414     4.86890    -1.35726    11.63366
 1413    414     4.87967    -1.35726    11.63366
 1414    414     4.89045    -1.35726    11.63366
 1415    414     4.90122    -1.35726    11.63366
 1416    414     4.91199    -1.35726    11.63366
 1421    414     4.96585    -1.35726    11.63366
 1422    414     4.97662    -1.35726    11.63366
 1423    414     4.98739    -1.35726    11.63366
 1424    414     4.99817    -1.35726    11.63366
 1425    414     5.00894    -1.35726    11.63366
 1439    414     5.15974    -1.35726    11.63366
 1440    414     5.17052    -1.35726    11.63366
 1441    414     5.18129    -1.35726    11.63366
 1442    414     5.19206    -1.35726    11.63366
 1443    414     5.20283    -1.35726    11.63366
 1444    414     5.21360    -1.35726    11.63366
 1445    414     5.22438    -1.35726    11.63366
 1378    415     4.47527    -1.33830    11.56289
 1379    415     4.48597    -1.33830    11.56289
 1380    415     4.49668    -1.33830    11.56289
 1381    415     4.50739    -1.33830    11.56289
 1382    415     4.51809    -1.33830    11.56289
 1383    415     4.52880    -1.33830    11.56289
 1400    415     4.71081    -1.33830    11.56289
 1401    415     4.72151    -1.33830    11.56289
 1402    415     4.73222    -1.33830    11.56289
 1403    415     4.74293    -1.33830    11.56289
 1404    415     4.75363    -1.33830    11.56289
 1405    415     4.76434    -1.33830    11.56289
 1406    415     4.77505    -1.33830    11.56289
 1407    415     4.78575    -1.33830    11.56289
 1408    415     4.79646    -1.33830    11.56289
 1409    415     4.80716    -1.33830    11.56289
 1413    415     4.84999    -1.33830    11.56289
 1414    415     4.86070    -1.33830    11.56289
 1415    415     4.87140    -1.33830    11.56289
 1416    415     4.88211    -1.33830    11.56289
 1417    415     4.89282    -1.33830    11.56289
 1418    415     4.90352    -1.33830    11.56289
 1419    415     4.91423    -1.33830    11.56289
 1420    415     4.92493    -1.33830    11.56289
 1421    415     4.93564    -1.33830    11.56289
 1422    415     4.94635    -1.33830    11.56289
 1423    415     4.95705    -1.33830    11.56289
 1424    415     4.96776    -1.33830    11.56289
 1425    415     4.97847    -1.33830    11.56289
 1426    415     4.98917    -1.33830    11.56289
 1439    415     5.12836    -1.33830    11.56289
 1440    415     5.13906    -1.33830    11.56289
 1441    415     5.14977    -1.33830    11.56289
 1442    415     5.16047    -1.33830    11.56289
 1443    415     5.17118    -1.33830    11.56289
 1444    415     5.18189    -1.33830    11.56289
 1445    415     5.19259    -1.33830    11.56289
 1446    415     5.20330    -1.33830    11.56289
 1379    416     4.45885    -1.31956    11.49297
 1380    416     4.46949    -1.31956    11.49297
 1381    416     4.48013    -1.31956    11.49297
 1382    416     4.49077    -1.31956    11.49297
 1383    416     4.50142    -1.31956    11.49297
 1400    416     4.68232    -1.31956    11.49297
 1401    416     4.69296    -1.31956    11.49297
 1402    416     4.70361    -1.31956    11.49297
 1403    416     4.71425    -1.31956    11.49297
 1404    416     4.72489    -1.31956    11.49297
 1405    416     4.73553    -1.31956    11.49297
 1406    416     4.74617    -1.31956    11.49297
 1407    416     4.75681    -1.31956    11.49297
 1408    416     4.76746    -1.31956    11.49297
 1409    416     4.77810    -1.31956    11.49297
 1410    416     4.78874    -1.31956    11.49297
 1414    416     4.83131    -1.31956    11.49297
 1415    416     4.84195    -1.31956    11.49297
 1416    416     4.85259    -1.31956    11.49297
 1417    416     4.86323    -1.31956    11.49297
 1418    416     4.87387    -1.31956    11.49297
 1419    416     4.88451    -1.31956    11.49297
 1420    416     4.89516    -1.31956    11.49297
 1421    416     4.90580    -1.31956    11.49297
 1422    416     4.91644    -1.31956    11.49297
 1423    416     4.92708    -1.31956    11.49297
 1424    416     4.93772    -1.31956    11.49297
 1425    416     4.94836    -1.31956    11.49297
 1426    416     4.95901    -1.31956    11.49297
 1427    416     4.96965    -1.31956    11.49297
 1440    416     5.10799    -1.31956    11.49297
 1441    416     5.11863    -1.31956    11.49297
 1442    416     5.12927    -1.31956    11.49297
 1443    416     5.13991    -1.31956    11.49297
 1444    416     5.15056    -1.31956    11.49297
 1445    416     5.16120    -1.31956    11.49297
 1446    416     5.17184    -1.31956    11.49297
 1379    417     4.43205    -1.30106    11.42390
 1380    417     4.44263    -1.30106    11.42390
 1381    417     4.45321    -1.30106    11.42390
 1382    417     4.46378    -1.30106    11.42390
 1383    417     4.47436    -1.30106    11.42390
 1384    417     4.48494    -1.30106    11.42390
 1400    417     4.65418    -1.30106    11.42390
 1401    417     4.66476    -1.30106    11.42390
 1402    417     4.67534    -1.30106    11.42390
 1403    417     4.68591    -1.30106    11.42390
 1404    417     4.69649    -1.30106    11.42390
 1405    417     4.70707    -1.30106    11.42390
 1406    417     4.71765    -1.30106    11.42390
 1407    417     4.72823    -1.30106    11.42390
 1408    417     4.73880    -1.30106    11.42390
 1409    417     4.74938    -1.30106    11.42390
 1410    417     4.75996    -1.30106    11.42390
 1415    417     4.81285    -1.30106    11.42390
 1416    417     4.82342    -1.30106    11.42390
 1417    417     4.83400    -1.30106    11.42390
 1418    417     4.84458    -1.30106    11.42390
 1419    417     4.85516    -1.30106    11.42390
 1420    417     4.86574    -1.30106    11.42390
 1421    417     4.87631    -1.30106    11.42390
 1422    417     4.88689    -1.30106    11.42390
 1423    417     4.89747    -1.30106    11.42390
 1424    417     4.90805    -1.30106    11.42390
 1425    417     4.91862    -1.30106    11.42390
 1426    417     4.92920    -1.30106    11.42390
 1427    417     4.93978    -1.30106    11.42390
 1428    417     4.95036    -1.30106    11.42390
 1441    417     5.08787    -1.30106    11.42390
 1442    417     5.09844    -1.30106    11.42390
 1443    417     5.10902    -1.30106    11.42390
 1444    417     5.11960    -1.30106    11.42390
 1445    417     5.13018    -1.30106    11.42390
 1446    417     5.14076    -1.30106    11.42390
 1379    418     4.40557    -1.28277    11.35565
 1380    418     4.41609    -1.28277    11.35565
 1381    418     4.42660    -1.28277    11.35565
 1382    418     4.43712    -1.28277    11.35565
 1383    418     4.44763    -1.28277    11.35565
 1384    418     4.45814    -1.28277    11.35565
 1403    418     4.65792    -1.28277    11.35565
 1404    418     4.66843    -1.28277    11.35565
 1405    418     4.67895    -1.28277    11.35565
 1406    418     4.68946    -1.28277    11.35565
 1407    418     4.69998    -1.28277    11.35565
 1408    418     4.71049    -1.28277    11.35565
 1409    418     4.72101    -1.28277    11.35565
 1410    418     4.73152    -1.28277    11.35565
 1411    418     4.74204    -1.28277    11.35565
 1421    418     4.84718    -1.28277    11.35565
 1422    418     4.85770    -1.28277    11.35565
 1423    418     4.86821    -1.28277    11.35565
 1424    418     4.87872    -1.28277    11.35565
 1425    418     4.88924    -1.28277    11.35565
 1426    418     4.89975    -1.28277    11.35565
 1427    418     4.91027    -1.28277    11.35565
 1428    418     4.92078    -1.28277    11.35565
 1442    418     5.06798    -1.28277    11.35565
 1443    418     5.07850    -1.28277    11.35565
 1444    418     5.08901    -1.28277    11.35565
 1445    418     5.09953    -1.28277    11.35565
 1446    418     5.11004    -1.28277    11.35565
 1447    418     5.12056    -1.28277    11.35565
 1380    419     4.38986    -1.26470    11.28821
 1381    419     4.40031    -1.26470    11.28821
 1382    419     4.41076    -1.26470    11.28821
 1383    419     4.42122    -1.26470    11.28821
 1384    419     4.43167    -1.26470    11.28821
 1385    419     4.44212    -1.26470    11.28821
 1404    419     4.64071    -1.26470    11.28821
 1405    419     4.65116    -1.26470    11.28821
 1406    419     4.66161    -1.26470    11.28821
 1407    419     4.67207    -1.26470    11.28821
 1408    419     4.68252    -1.26470    11.28821
 1409    419     4.69297    -1.26470    11.28821
 1410    419     4.70342    -1.26470    11.28821
 1411    419     4.71387    -1.26470    11.28821
 1412    419     4.72433    -1.26470    11.28821
 1423    419     4.83930    -1.26470    11.28821
 1424    419     4.84975    -1.26470    11.28821
 1425    419     4.86020    -1.26470    11.28821
 1426    419     4.87065    -1.26470    11.28821
 1427    419     4.88111    -1.26470    11.28821
 1428    419     4.89156    -1.26470    11.28821
 1429    419     4.90201    -1.26470    11.28821
 1442    419     5.03789    -1.26470    11.28821
 1443    419     5.04834    -1.26470    11.28821
 1444    419     5.05879    -1.26470    11.28821
 1445    419     5.06924    -1.26470    11.28821
 1446    419     5.07970    -1.26470    11.28821
 1447    419     5.09015    -1.26470    11.28821
 1380    420     4.36394    -1.24684    11.22157
 1381    420     4.37433    -1.24684    11.22157
 1382    420     4.38472    -1.24684    11.22157
 1383    420     4.39511    -1.24684    11.22157
 1384    420     4.40551    -1.24684    11.22157
 1385    420     4.41590    -1.24684    11.22157
 1386    420     4.42629    -1.24684    11.22157
 1404    420     4.61331    -1.24684    11.22157
 1405    420     4.62370    -1.24684    11.22157
 1406    420     4.63409    -1.24684    11.22157
 1407    420     4.64448    -1.24684    11.22157
 1410    420     4.67565    -1.24684    11.22157
 1411    420     4.68604    -1.24684    11.22157
 1412    420     4.69643    -1.24684    11.22157
 1413    420     4.70683    -1.24684    11.22157
 1424    420     4.82112    -1.24684    11.22157
 1425    420     4.83151    -1.24684    11.22157
 1426    420     4.84190    -1.24684    11.22157
 1427    420     4.85229    -1.24684    11.22157
 1428    420     4.86268    -1.24684    11.22157
 1429    420     4.87307    -1.24684    11.22157
 1443    420     5.01854    -1.24684    11.22157
 1444    420     5.02893    -1.24684    11.22157
 1445    420     5.03932    -1.24684    11.22157
 1446    420     5.04971    -1.24684    11.22157
 1447    420     5.06010    -1.24684    11.22157
 1448    420     5.07049    -1.24684    11.22157
 1381    421     4.34866    -1.22919    11.15571
 1382    421     4.35899    -1.22919    11.15571
 1383    421     4.36932    -1.22919    11.15571
 1384    421     4.37965    -1.22919    11.15571
 1385    421     4.38998    -1.22919    11.15571
 1386    421     4.40031    -1.22919    11.15571
 1404    421     4.58624    -1.22919    11.15571
 1405    421     4.59657    -1.22919    11.15571
 1406    421     4.60690    -1.22919    11.15571
 1407    421     4.61722    -1.22919    11.15571
 1408    421     4.62755    -1.22919    11.15571
 1411    421     4.65854    -1.22919    11.15571
 1412    421     4.66887    -1.22919    11.15571
 1413    421     4.67920    -1.22919    11.15571
 1414    421     4.68953    -1.22919    11.15571
 1425    421     4.80315    -1.22919    11.15571
 1426    421     4.81348    -1.22919    11.15571
 1427    421     4.82381    -1.22919    11.15571
 1428    421     4.83414    -1.22919    11.15571
 1429    421     4.84447    -1.22919    11.15571
 1430    421     4.85480    -1.22919    11.15571
 1443    421     4.98908    -1.22919    11.15571
 1444    421     4.99941    -1.22919    11.15571
 1445    421     5.00974    -1.22919    11.15571
 1446    421     5.02007    -1.22919    11.15571
 1447    421     5.03040    -1.22919    11.15571
 1448    421     5.04073    -1.22919    11.15571
 1449    421     5.05106    -1.22919    11.15571
 1381    422     4.32329    -1.21175    11.09062
 1382    422     4.33356    -1.21175    11.09062
 1383    422     4.34383    -1.21175    11.09062
 1384    422     4.35409    -1.21175    11.09062
 1385    422     4.36436    -1.21175    11.09062
 1386    422     4.37463    -1.21175    11.09062
 1404    422     4.55948    -1.21175    11.09062
 1405    422     4.56975    -1.21175    11.09062
 1406    422     4.58001    -1.21175    11.09062
 1407    422     4.59028    -1.21175    11.09062
 1408    422     4.60055    -1.21175    11.09062
 1409    422     4.61082    -1.21175    11.09062
 1410    422     4.62109    -1.21175    11.09062
 1411    422     4.63136    -1.21175    11.09062
 1414    422     4.66217    -1.21175    11.09062
 1415    422     4.67244    -1.21175    11.09062
 1425    422     4.77513    -1.21175    11.09062
 1426    422     4.78540    -1.21175    11.09062
 1427    422     4.79567    -1.21175    11.09062
 1428    422     4.80593    -1.21175    11.09062
 1429    422     4.81620    -1.21175    11.09062
 1430    422     4.82647    -1.21175    11.09062
 1431    422     4.83674    -1.21175    11.09062
 1444    422     4.97024    -1.21175    11.09062
 1445    422     4.98051    -1.21175    11.09062
 1446    422     4.99078    -1.21175    11.09062
 1447    422     5.00105    -1.21175    11.09062
 1448    422     5.01132    -1.21175    11.09062
 1449    422     5.02159    -1.21175    11.09062
 1381    423     4.29821    -1.19451    11.02628
 1382    423     4.30842    -1.19451    11.02628
 1383    423     4.31863    -1.19451    11.02628
 1384    423     4.32884    -1.19451    11.02628
 1385    423     4.33905    -1.19451    11.02628
 1386    423     4.34926    -1.19451    11.02628
 1404    423     4.53303    -1.19451    11.02628
 1405    423     4.54324    -1.19451    11.02628
 1406    423     4.55345    -1.19451    11.02628
 1407    423     4.56366    -1.19451    11.02628
 1408    423     4.57387    -1.19451    11.02628
 1409    423     4.58407    -1.19451    11.02628
 1410    423     4.59428    -1.19451    11.02628
 1411    423     4.60449    -1.19451    11.02628
 1426    423     4.75764    -1.19451    11.02628
 1427    423     4.76785    -1.19451    11.02628
 1428    423     4.77806    -1.19451    11.02628
 1429    423     4.78827    -1.19451    11.02628
 1430    423     4.79847    -1.19451    11.02628
 1431    423     4.80868    -1.19451    11.02628
 1432    423     4.81889    -1.19451    11.02628
 1445    423     4.95162    -1.19451    11.02628
 1446    423     4.96183    -1.19451    11.02628
 1447    423     4.97204    -1.19451    11.02628
 1448    423     4.98225    -1.19451    11.02628
 1449    423     4.99246    -1.19451    11.02628
 1450    423     5.00267    -1.19451    11.02628
 1381    424     4.27342    -1.17747    10.96269
 1382    424     4.28357    -1.17747    10.96269
 1383    424     4.29372    -1.17747    10.96269
 1384    424     4.30387    -1.17747    10.96269
 1385    424     4.31402    -1.17747    10.96269
 1386    424     4.32417    -1.17747    10.96269
 1404    424     4.50688    -1.17747    10.96269
 1405    424     4.51703    -1.17747    10.96269
 1406    424     4.52718    -1.17747    10.96269
 1407    424     4.53733    -1.17747    10.96269
 1408    424     4.54749    -1.17747    10.96269
 1409    424     4.55764    -1.17747    10.96269
 1410    424     4.56779    -1.17747    10.96269
 1411    424     4.57794    -1.17747    10.96269
 1427    424     4.74035    -1.17747    10.96269
 1428    424     4.75050    -1.17747    10.96269
 1429    424     4.76065    -1.17747    10.96269
 1430    424     4.77080    -1.17747    10.96269
 1431    424     4.78095    -1.17747    10.96269
 1432    424     4.79110    -1.17747    10.96269
 1445    424     4.92306    -1.17747    10.96269
 1446    424     4.93321    -1.17747    10.96269
 1447    424     4.94336    -1.17747    10.96269
 1448    424     4.95351    -1.17747    10.96269
 1449    424     4.96366    -1.17747    10.96269
 1450    424     4.97381    -1.17747    10.96269
 1381    425     4.24891    -1.16063    10.89982
 1382    425     4.25901    -1.16063    10.89982
 1383    425     4.26910    -1.16063    10.89982
 1384    425     4.27919    -1.16063    10.89982
 1385    425     4.28928    -1.16063    10.89982
 1386    425     4.29937    -1.16063    10.89982
 1405    425     4.49113    -1.16063    10.89982
 1406    425     4.50122    -1.16063    10.89982
 1407    425     4.51132    -1.16063    10.89982
 1408    425     4.52141    -1.16063    10.89982
 1409    425     4.53150    -1.16063    10.89982
 1410    425     4.54159    -1.16063    10.89982
 1411    425     4.55169    -1.16063    10.89982
 1412    425     4.56178    -1.16063    10.89982
 1427    425     4.71316    -1.16063    10.89982
 1428    425     4.72326    -1.16063    10.89982
 1429    425     4.73335    -1.16063    10.89982
 1430    425     4.74344    -1.16063    10.89982
 1431    425     4.75353    -1.16063    10.89982
 1432    425     4.76363    -1.16063    10.89982
 1445    425     4.89483    -1.16063    10.89982
 1446    425     4.90492    -1.16063    10.89982
 1447    425     4.91501    -1.16063    10.89982
 1448    425     4.92511    -1.16063    10.89982
 1449    425     4.93520    -1.16063    10.89982
 1450    425     4.94529    -1.16063    10.89982
 1451    425     4.95538    -1.16063    10.89982
 1381    426     4.22469    -1.14398    10.83768
 1382    426     4.23472    -1.14398    10.83768
 1383    426     4.24476    -1.14398    10.83768
 1384    426     4.25479    -1.14398    10.83768
 1385    426     4.26483    -1.14398    10.83768
 1386    426     4.27486    -1.14398    10.83768
 1406    426     4.47556    -1.14398    10.83768
 1407    426     4.48559    -1.14398    10.83768
 1408    426     4.49563    -1.14398    10.83768
 1409    426     4.50566    -1.14398    10.83768
 1410    426     4.51570    -1.14398    10.83768
 1411    426     4.52573    -1.14398    10.83768
 1428    426     4.69633    -1.14398    10.83768
 1429    426     4.70636    -1.14398    10.83768
 1430    426     4.71640    -1.14398    10.83768
 1431    426     4.72643    -1.14398    10.83768
 1432    426     4.73647    -1.14398    10.83768
 1446    426     4.87695    -1.14398    10.83768
 1447    426     4.88699    -1.14398    10.83768
 1448    426     4.89702    -1.14398    10.83768
 1449    426     4.90706    -1.14398    10.83768
 1450    426     4.91709    -1.14398    10.83768
 1451    426     4.92713    -1.14398    10.83768
 1452    426     4.93716    -1.14398    10.83768
 1381    427     4.20073    -1.12751    10.77623
 1382    427     4.21071    -1.12751    10.77623
 1383    427     4.22069    -1.12751    10.77623
 1384    427     4.23067    -1.12751    10.77623
 1385    427     4.24065    -1.12751    10.77623
 1386    427     4.25062    -1.12751    10.77623
 1406    427     4.45018    -1.12751    10.77623
 1407    427     4.46016    -1.12751    10.77623
 1408    427     4.47014    -1.12751    10.77623
 1409    427     4.48012    -1.12751    10.77623
 1410    427     4.49010    -1.12751    10.77623
 1411    427     4.50007    -1.12751    10.77623
 1412    427     4.51005    -1.12751    10.77623
 1428    427     4.66970    -1.12751    10.77623
 1429    427     4.67968    -1.12751    10.77623
 1430    427     4.68966    -1.12751    10.77623
 1431    427     4.69963    -1.12751    10.77623
 1432    427     4.70961    -1.12751    10.77623
 1433    427     4.71959    -1.12751    10.77623
 1446    427     4.84930    -1.12751    10.77623
 1447    427     4.85928    -1.12751    10.77623
 1448    427     4.86926    -1.12751    10.77623
 1449    427     4.87924    -1.12751    10.77623
 1450    427     4.88922    -1.12751    10.77623
 1451    427     4.89919    -1.12751    10.77623
 1452    427     4.90917    -1.12751    10.77623
 1381    428     4.17705    -1.11124    10.71548
 1382    428     4.18698    -1.11124    10.71548
 1383    428     4.19690    -1.11124    10.71548
 1384    428     4.20682    -1.11124    10.71548
 1385    428     4.21674    -1.11124    10.71548
 1386    428     4.22666    -1.11124    10.71548
 1387    428     4.23658    -1.11124    10.71548
 1406    428     4.42510    -1.11124    10.71548
 1407    428     4.43502    -1.11124    10.71548
 1408    428     4.44494    -1.11124    10.71548
 1409    428     4.45486    -1.11124    10.71548
 1410    428     4.46478    -1.11124    10.71548
 1411    428     4.47471    -1.11124    10.71548
 1412    428     4.48463    -1.11124    10.71548
 1428    428     4.64338    -1.11124    10.71548
 1429    428     4.65330    -1.11124    10.71548
 1430    428     4.66322    -1.11124    10.71548
 1431    428     4.67314    -1.11124    10.71548
 1432    428     4.68306    -1.11124    10.71548
 1433    428     4.69298    -1.11124    10.71548
 1447    428     4.83189    -1.11124    10.71548
 1448    428     4.84181    -1.11124    10.71548
 1449    428     4.85173    -1.11124    10.71548
 1450    428     4.86165    -1.11124    10.71548
 1451    428     4.87158    -1.11124    10.71548
 1452    428     4.88150    -1.11124    10.71548
 1382    429     4.16350    -1.09514    10.65541
 1383    429     4.17337    -1.09514    10.65541
 1384    429     4.18324    -1.09514    10.65541
 1385    429     4.19310    -1.09514    10.65541
 1386    429     4.20297    -1.09514    10.65541
 1387    429     4.21283    -1.09514    10.65541
 1388    429     4.22270    -1.09514    10.65541
 1389    429     4.23257    -1.09514    10.65541
 1407    429     4.41016    -1.09514    10.65541
 1408    429     4.42002    -1.09514    10.65541
 1409    429     4.42989    -1.09514    10.65541
 1410    429     4.43976    -1.09514    10.65541
 1411    429     4.44962    -1.09514    10.65541
 1412    429     4.45949    -1.09514    10.65541
 1413    429     4.46935    -1.09514    10.65541
 1429    429     4.62721    -1.09514    10.65541
 1430    429     4.63708    -1.09514    10.65541
 1431    429     4.64694    -1.09514    10.65541
 1432    429     4.65681    -1.09514    10.65541
 1433    429     4.66668    -1.09514    10.65541
 1447    429     4.80480    -1.09514    10.65541
 1448    429     4.81467    -1.09514    10.65541
 1449    429     4.82453    -1.09514    10.65541
 1450    429     4.83440    -1.09514    10.65541
 1451    429     4.84427    -1.09514    10.65541
 1452    429     4.85413    -1.09514    10.65541
 1382    430     4.14029    -1.07922    10.59601
 1383    430     4.15010    -1.07922    10.59601
 1384    430     4.15992    -1.07922    10.59601
 1385    430     4.16973    -1.07922    10.59601
 1386    430     4.17954    -1.07922    10.59601
 1387    430     4.18935    -1.07922    10.59601
 1388    430     4.19916    -1.07922    10.59601
 1389    430     4.20897    -1.07922    10.59601
 1408    430     4.39538    -1.07922    10.59601
 1409    430     4.40519    -1.07922    10.59601
 1410    430     4.41501    -1.07922    10.59601
 1411    430     4.42482    -1.07922    10.59601
 1412    430     4.43463    -1.07922    10.59601
 1413    430     4.44444    -1.07922    10.59601
 1429    430     4.60142    -1.07922    10.59601
 1430    430     4.61123    -1.07922    10.59601
 1431    430     4.62104    -1.07922    10.59601
 1432    430     4.63085    -1.07922    10.59601
 1433    430     4.64066    -1.07922    10.59601
 1434    430     4.65047    -1.07922    10.59601
 1447    430     4.77802    -1.07922    10.59601
 1448    430     4.78783    -1.07922    10.59601
 1449    430     4.79764    -1.07922    10.59601
 1450    430     4.80745    -1.07922    10.59601
 1451    430     4.81726    -1.07922    10.59601
 1452    430     4.82707    -1.07922    10.59601
 1453    430     4.83688    -1.07922    10.59601
 1382    431     4.11734    -1.06348    10.53727
 1383    431     4.12710    -1.06348    10.53727
 1384    431     4.13685    -1.06348    10.53727
 1385    431     4.14661    -1.06348    10.53727
 1386    431     4.15637    -1.06348    10.53727
 1387    431     4.16612    -1.06348    10.53727
 1388    431     4.17588    -1.06348    10.53727
 1389    431     4.18564    -1.06348    10.53727
 1390    431     4.19540    -1.06348    10.53727
 1391    431     4.20515    -1.06348    10.53727
 1409    431     4.38077    -1.06348    10.53727
 1410    431     4.39053    -1.06348    10.53727
 1411    431     4.40029    -1.06348    10.53727
 1412    431     4.41004    -1.06348    10.53727
 1413    431     4.41980    -1.06348    10.53727
 1430    431     4.58566    -1.06348    10.53727
 1431    431     4.59542    -1.06348    10.53727
 1432    431     4.60518    -1.06348    10.53727
 1433    431     4.61493    -1.06348    10.53727
 1434    431     4.62469    -1.06348    10.53727
 1447    431     4.75153    -1.06348    10.53727
 1448    431     4.76129    -1.06348    10.53727
 1449    431     4.77104    -1.06348    10.53727
 1450    431     4.78080    -1.06348    10.53727
 1451    431     4.79056    -1.06348    10.53727
 1452    431     4.80031    -1.06348    10.53727
 1453    431     4.81007    -1.06348    10.53727
 1382    432     4.09464    -1.04792    10.47918
 1383    432     4.10434    -1.04792    10.47918
 1384    432     4.11405    -1.04792    10.47918
 1385    432     4.12375    -1.04792    10.47918
 1386    432     4.13345    -1.04792    10.47918
 1387    432     4.14316    -1.04792    10.47918
 1388    432     4.15286    -1.04792    10.47918
 1389    432     4.16256    -1.04792    10.47918
 1390    432     4.17227    -1.04792    10.47918
 1391    432     4.18197    -1.04792    10.47918
 1392    432     4.19167    -1.04792    10.47918
 1409    432     4.35662    -1.04792    10.47918
 1410    432     4.36632    -1.04792    10.47918
 1411    432     4.37603    -1.04792    10.47918
 1412    432     4.38573    -1.04792    10.47918
 1413    432     4.39543    -1.04792    10.47918
 1414    432     4.40514    -1.04792    10.47918
 1430    432     4.56038    -1.04792    10.47918
 1431    432     4.57009    -1.04792    10.47918
 1432    432     4.57979    -1.04792    10.47918
 1433    432     4.58949    -1.04792    10.47918
 1434    432     4.59919    -1.04792    10.47918
 1435    432     4.60890    -1.04792    10.47918
 1448    432     4.73504    -1.04792    10.47918
 1449    432     4.74474    -1.04792    10.47918
 1450    432     4.75444    -1.04792    10.47918
 1451    432     4.76414    -1.04792    10.47918
 1452    432     4.77385    -1.04792    10.47918
 1453    432     4.78355    -1.04792    10.47918
 1454    432     4.79325    -1.04792    10.47918
 1383    433     4.08184    -1.03252    10.42172
 1384    433     4.09149    -1.03252    10.42172
 1385    433     4.10114    -1.03252    10.42172
 1386    433     4.11079    -1.03252    10.42172
 1387    433     4.12044    -1.03252    10.42172
 1388    433     4.13009    -1.03252    10.42172
 1389    433     4.13974    -1.03252    10.42172
 1390    433     4.14939    -1.03252    10.42172
 1391    433     4.15904    -1.03252    10.42172
 1392    433     4.16869    -1.03252    10.42172
 1409    433     4.33273    -1.03252    10.42172
 1410    433     4.34238    -1.03252    10.42172
 1411    433     4.35203    -1.03252    10.42172
 1412    433     4.36168    -1.03252    10.42172
 1413    433     4.37133    -1.03252    10.42172
 1414    433     4.38098    -1.03252    10.42172
 1415    433     4.39063    -1.03252    10.42172
 1430    433     4.53538    -1.03252    10.42172
 1431    433     4.54503    -1.03252    10.42172
 1432    433     4.55468    -1.03252    10.42172
 1433    433     4.56433    -1.03252    10.42172
 1434    433     4.57398    -1.03252    10.42172
 1435    433     4.58363    -1.03252    10.42172
 1449    433     4.71872    -1.03252    10.42172
 1450    433     4.72837    -1.03252    10.42172
 1451    433     4.73802    -1.03252    10.42172
 1452    433     4.74767    -1.03252    10.42172
 1453    433     4.75732    -1.03252    10.42172
 1454    433     4.76697    -1.03252    10.42172
 1383    434     4.05958    -1.01729    10.36489
 1384    434     4.06918    -1.01729    10.36489
 1385    434     4.07878    -1.01729    10.36489
 1386    434     4.08837    -1.01729    10.36489
 1387    434     4.09797    -1.01729    10.36489
 1388    434     4.10757    -1.01729    10.36489
 1389    434     4.11717    -1.01729    10.36489
 1390    434     4.12676    -1.01729    10.36489
 1391    434     4.13636    -1.01729    10.36489
 1392    434     4.14596    -1.01729    10.36489
 1393    434     4.15555    -1.01729    10.36489
 1409    434     4.30911    -1.01729    10.36489
 1410    434     4.31871    -1.01729    10.36489
 1411    434     4.32830    -1.01729    10.36489
 1412    434     4.33790    -1.01729    10.36489
 1413    434     4.34750    -1.01729    10.36489
 1414    434     4.35709    -1.01729    10.36489
 1415    434     4.36669    -1.01729    10.36489
 1416    434     4.37629    -1.01729    10.36489
 1431    434     4.52024    -1.01729    10.36489
 1432    434     4.52984    -1.01729    10.36489
 1433    434     4.53944    -1.01729    10.36489
 1434    434     4.54904    -1.01729    10.36489
 1435    434     4.55863    -1.01729    10.36489
 1436    434     4.56823    -1.01729    10.36489
 1450    434     4.70259    -1.01729    10.36489
 1451    434     4.71219    -1.01729    10.36489
 1452    434     4.72178    -1.01729    10.36489
 1453    434     4.73138    -1.01729    10.36489
 1454    434     4.74098    -1.01729    10.36489
 1455    434     4.75058    -1.01729    10.36489
 1384    435     4.04711    -1.00223    10.30868
 1389    435     4.09484    -1.00223    10.30868
 1390    435     4.10438    -1.00223    10.30868
 1391    435     4.11393    -1.00223    10.30868
 1392    435     4.12347    -1.00223    10.30868
 1393    435     4.13302    -1.00223    10.30868
 1409    435     4.28574    -1.00223    10.30868
 1410    435     4.29528    -1.00223    10.30868
 1411    435     4.30483    -1.00223    10.30868
 1412    435     4.31437    -1.00223    10.30868
 1413    435     4.32392    -1.00223    10.30868
 1414    435     4.33346    -1.00223    10.30868
 1415    435     4.34301    -1.00223    10.30868
 1416    435     4.35255    -1.00223    10.30868
 1417    435     4.36210    -1.00223    10.30868
 1431    435     4.49573    -1.00223    10.30868
 1432    435     4.50527    -1.00223    10.30868
 1433    435     4.51482    -1.00223    10.30868
 1434    435     4.52436    -1.00223    10.30868
 1435    435     4.53391    -1.00223    10.30868
 1436    435     4.54345    -1.00223    10.30868
 1450    435     4.67709    -1.00223    10.30868
 1451    435     4.68663    -1.00223    10.30868
 1452    435     4.69618    -1.00223    10.30868
 1453    435     4.70572    -1.00223    10.30868
 1454    435     4.71527    -1.00223    10.30868
 1455    435     4.72481    -1.00223    10.30868
 1387    436     4.05376    -0.98733    10.25307
 1389    436     4.07275    -0.98733    10.25307
 1390    436     4.08224    -0.98733    10.25307
 1391    436     4.09174    -0.98733    10.25307
 1392    436     4.10123    -0.98733    10.25307
 1393    436     4.11072    -0.98733    10.25307
 1409    436     4.26262    -0.98733    10.25307
 1410    436     4.27211    -0.98733    10.25307
 1411    436     4.28161    -0.98733    10.25307
 1412    436     4.29110    -0.98733    10.25307
 1413    436     4.30059    -0.98733    10.25307
 1414    436     4.31009    -0.98733    10.25307
 1415    436     4.31958    -0.98733    10.25307
 1416    436     4.32907    -0.98733    10.25307
 1417    436     4.33857    -0.98733    10.25307
 1432    436     4.48097    -0.98733    10.25307
 1433    436     4.49047    -0.98733    10.25307
 1434    436     4.49996    -0.98733    10.25307
 1435    436     4.50945    -0.98733    10.25307
 1436    436     4.51895    -0.98733    10.25307
 1437    436     4.52844    -0.98733    10.25307
 1451    436     4.66135    -0.98733    10.25307
 1452    436     4.67084    -0.98733    10.25307
 1453    436     4.68034    -0.98733    10.25307
 1454    436     4.68983    -0.98733    10.25307
 1455    436     4.69932    -0.98733    10.25307
 1384    437     4.00368    -0.97259    10.19806
 1385    437     4.01313    -0.97259    10.19806
 1386    437     4.02257    -0.97259    10.19806
 1387    437     4.03201    -0.97259    10.19806
 1388    437     4.04145    -0.97259    10.19806
 1389    437     4.05090    -0.97259    10.19806
 1390    437     4.06034    -0.97259    10.19806
 1391    437     4.06978    -0.97259    10.19806
 1392    437     4.07922    -0.97259    10.19806
 1393    437     4.08867    -0.97259    10.19806
 1410    437     4.24919    -0.97259    10.19806
 1411    437     4.25864    -0.97259    10.19806
 1412    437     4.26808    -0.97259    10.19806
 1413    437     4.27752    -0.97259    10.19806
 1414    437     4.28696    -0.97259    10.19806
 1415    437     4.29641    -0.97259    10.19806
 1416    437     4.30585    -0.97259    10.19806
 1417    437     4.31529    -0.97259    10.19806
 1432    437     4.45693    -0.97259    10.19806
 1433    437     4.46637    -0.97259    10.19806
 1434    437     4.47582    -0.97259    10.19806
 1435    437     4.48526    -0.97259    10.19806
 1436    437     4.49470    -0.97259    10.19806
 1437    437     4.50414    -0.97259    10.19806
 1451    437     4.63634    -0.97259    10.19806
 1452    437     4.64578    -0.97259    10.19806
 1453    437     4.65523    -0.97259    10.19806
 1454    437     4.66467    -0.97259    10.19806
 1455    437     4.67411    -0.97259    10.19806
 1456    437     4.68355    -0.97259    10.19806
 1384    438     3.98232    -0.95801    10.14364
 1385    438     3.99171    -0.95801    10.14364
 1386    438     4.00110    -0.95801    10.14364
 1387    438     4.01049    -0.95801    10.14364
 1388    438     4.01989    -0.95801    10.14364
 1390    438     4.03867    -0.95801    10.14364
 1391    438     4.04806    -0.95801    10.14364
 1392    438     4.05746    -0.95801    10.14364
 1393    438     4.06685    -0.95801    10.14364
 1394    438     4.07624    -0.95801    10.14364
 1410    438     4.22652    -0.95801    10.14364
 1411    438     4.23591    -0.95801    10.14364
 1412    438     4.24530    -0.95801    10.14364
 1413    438     4.25469    -0.95801    10.14364
 1414    438     4.26409    -0.95801    10.14364
 1415    438     4.27348    -0.95801    10.14364
 1416    438     4.28287    -0.95801    10.14364
 1417    438     4.29226    -0.95801    10.14364
 1432    438     4.43315    -0.95801    10.14364
 1433    438     4.44254    -0.95801    10.14364
 1434    438     4.45193    -0.95801    10.14364
 1435    438     4.46132    -0.95801    10.14364
 1436    438     4.47071    -0.95801    10.14364
 1437    438     4.48011    -0.95801    10.14364
 1438    438     4.48950    -0.95801    10.14364
 1451    438     4.61160    -0.95801    10.14364
 1452    438     4.62099    -0.95801    10.14364
 1453    438     4.63038    -0.95801    10.14364
 1454    438     4.63978    -0.95801    10.14364
 1455    438     4.64917    -0.95801    10.14364
 1456    438     4.65856    -0.95801    10.14364
 1457    438     4.66795    -0.95801    10.14364
 1458    438     4.67734    -0.95801    10.14364
 1459    438     4.68674    -0.95801    10.14364
 1384    439     3.96118    -0.94358    10.08979
 1385    439     3.97052    -0.94358    10.08979
 1386    439     3.97986    -0.94358    10.08979
 1388    439     3.99855    -0.94358    10.08979
 1390    439     4.01723    -0.94358    10.08979
 1391    439     4.02658    -0.94358    10.08979
 1392    439     4.03592    -0.94358    10.08979
 1393    439     4.04526    -0.94358    10.08979
 1394    439     4.05460    -0.94358    10.08979
 1395    439     4.06394    -0.94358    10.08979
 1411    439     4.21342    -0.94358    10.08979
 1412    439     4.22277    -0.94358    10.08979
 1413    439     4.23211    -0.94358    10.08979
 1414    439     4.24145    -0.94358    10.08979
 1415    439     4.25079    -0.94358    10.08979
 1416    439     4.26014    -0.94358    10.08979
 1417    439     4.26948    -0.94358    10.08979
 1433    439     4.41896    -0.94358    10.08979
 1434    439     4.42830    -0.94358    10.08979
 1435    439     4.43764    -0.94358    10.08979
 1436    439     4.44698    -0.94358    10.08979
 1437    439     4.45633    -0.94358    10.08979
 1438    439     4.46567    -0.94358    10.08979
 1439    439     4.47501    -0.94358    10.08979
 1452    439     4.59646    -0.94358    10.08979
 1453    439     4.60580    -0.94358    10.08979
 1454    439     4.61515    -0.94358    10.08979
 1455    439     4.62449    -0.94358    10.08979
 1456    439     4.63383    -0.94358    10.08979
 1457    439     4.64317    -0.94358    10.08979
 1458    439     4.65252    -0.94358    10.08979
 1459    439     4.66186    -0.94358    10.08979
 1460    439     4.67120    -0.94358    10.08979
 1384    440     3.94026    -0.92931    10.03652
 1385    440     3.94956    -0.92931    10.03652
 1386    440     3.95885    -0.92931    10.03652
 1388    440     3.97743    -0.92931    10.03652
 1390    440     3.99602    -0.92931    10.03652
 1391    440     4.00531    -0.92931    10.03652
 1392    440     4.01461    -0.92931    10.03652
 1393    440     4.02390    -0.92931    10.03652
 1394    440     4.03319    -0.92931    10.03652
 1395    440     4.04249    -0.92931    10.03652
 1396    440     4.05178    -0.92931    10.03652
 1411    440     4.19118    -0.92931    10.03652
 1412    440     4.20047    -0.92931    10.03652
 1413    440     4.20976    -0.92931    10.03652
 1414    440     4.21905    -0.92931    10.03652
 1415    440     4.22835    -0.92931    10.03652
 1416    440     4.23764    -0.92931    10.03652
 1434    440     4.40492    -0.92931    10.03652
 1435    440     4.41421    -0.92931    10.03652
 1436    440     4.42350    -0.92931    10.03652
 1437    440     4.43280    -0.92931    10.03652
 1438    440     4.44209    -0.92931    10.03652
 1439    440     4.45138    -0.92931    10.03652
 1440    440     4.46067    -0.92931    10.03652
 1452    440     4.57219    -0.92931    10.03652
 1453    440     4.58148    -0.92931    10.03652
 1454    440     4.59078    -0.92931    10.03652
 1455    440     4.60007    -0.92931    10.03652
 1456    440     4.60936    -0.92931    10.03652
 1457    440     4.61866    -0.92931    10.03652
 1458    440     4.62795    -0.92931    10.03652
 1459    440     4.63724    -0.92931    10.03652
 1460    440     4.64654    -0.92931    10.03652
 1384    441     3.91957    -0.91518     9.98380
 1385    441     3.92881    -0.91518     9.98380
 1386    441     3.93805    -0.91518     9.98380
 1389    441     3.96579    -0.91518     9.98380
 1391    441     3.98428    -0.91518     9.98380
 1392    441     3.99352    -0.91518     9.98380
 1393    441     4.00276    -0.91518     9.98380
 1394    441     4.01201    -0.91518     9.98380
 1395    441     4.02125    -0.91518     9.98380
 1396    441     4.03050    -0.91518     9.98380
 1411    441     4.16916    -0.91518     9.98380
 1412    441     4.17841    -0.91518     9.98380
 1413    441     4.18765    -0.91518     9.98380
 1414    441     4.19689    -0.91518     9.98380
 1415    441     4.20614    -0.91518     9.98380
 1416    441     4.21538    -0.91518     9.98380
 1417    441     4.22463    -0.91518     9.98380
 1435    441     4.39102    -0.91518     9.98380
 1436    441     4.40027    -0.91518     9.98380
 1437    441     4.40951    -0.91518     9.98380
 1438    441     4.41876    -0.91518     9.98380
 1439    441     4.42800    -0.91518     9.98380
 1440    441     4.43724    -0.91518     9.98380
 1452    441     4.54818    -0.91518     9.98380
 1453    441     4.55742    -0.91518     9.98380
 1454    441     4.56666    -0.91518     9.98380
 1455    441     4.57591    -0.91518     9.98380
 1456    441     4.58515    -0.91518     9.98380
 1457    441     4.59440    -0.91518     9.98380
 1458    441     4.60364    -0.91518     9.98380
 1459    441     4.61289    -0.91518     9.98380
 1460    441     4.62213    -0.91518     9.98380
 1461    441     4.63137    -0.91518     9.98380
 1385    442     3.90828    -0.90120     9.93163
 1386    442     3.91748    -0.90120     9.93163
 1387    442     3.92667    -0.90120     9.93163
 1389    442     3.94507    -0.90120     9.93163
 1390    442     3.95426    -0.90120     9.93163
 1391    442     3.96346    -0.90120     9.93163
 1392    442     3.97265    -0.90120     9.93163
 1393    442     3.98185    -0.90120     9.93163
 1394    442     3.99105    -0.90120     9.93163
 1395    442     4.00024    -0.90120     9.93163
 1412    442     4.15657    -0.90120     9.93163
 1413    442     4.16577    -0.90120     9.93163
 1414    442     4.17496    -0.90120     9.93163
 1415    442     4.18416    -0.90120     9.93163
 1416    442     4.19336    -0.90120     9.93163
 1417    442     4.20255    -0.90120     9.93163
 1418    442     4.21175    -0.90120     9.93163
 1419    442     4.22094    -0.90120     9.93163
 1435    442     4.36808    -0.90120     9.93163
 1436    442     4.37728    -0.90120     9.93163
 1437    442     4.38647    -0.90120     9.93163
 1438    442     4.39567    -0.90120     9.93163
 1439    442     4.40486    -0.90120     9.93163
 1440    442     4.41406    -0.90120     9.93163
 1453    442     4.53361    -0.90120     9.93163
 1454    442     4.54280    -0.90120     9.93163
 1455    442     4.55200    -0.90120     9.93163
 1456    442     4.56119    -0.90120     9.93163
 1457    442     4.57039    -0.90120     9.93163
 1458    442     4.57959    -0.90120     9.93163
 1459    442     4.58878    -0.90120     9.93163
 1460    442     4.59798    -0.90120     9.93163
 1461    442     4.60717    -0.90120     9.93163
 1385    443     3.88797    -0.88737     9.88001
 1386    443     3.89712    -0.88737     9.88001
 1387    443     3.90626    -0.88737     9.88001
 1388    443     3.91541    -0.88737     9.88001
 1391    443     3.94286    -0.88737     9.88001
 1392    443     3.95200    -0.88737     9.88001
 1393    443     3.96115    -0.88737     9.88001
 1394    443     3.97030    -0.88737     9.88001
 1395    443     3.97945    -0.88737     9.88001
 1413    443     4.14412    -0.88737     9.88001
 1414    443     4.15326    -0.88737     9.88001
 1415    443     4.16241    -0.88737     9.88001
 1416    443     4.17156    -0.88737     9.88001
 1417    443     4.18071    -0.88737     9.88001
 1418    443     4.18986    -0.88737     9.88001
 1419    443     4.19900    -0.88737     9.88001
 1420    443     4.20815    -0.88737     9.88001
 1436    443     4.35452    -0.88737     9.88001
 1437    443     4.36367    -0.88737     9.88001
 1438    443     4.37282    -0.88737     9.88001
 1439    443     4.38197    -0.88737     9.88001
 1440    443     4.39112    -0.88737     9.88001
 1441    443     4.40026    -0.88737     9.88001
 1454    443     4.51919    -0.88737     9.88001
 1455    443     4.52834    -0.88737     9.88001
 1456    443     4.53749    -0.88737     9.88001
 1457    443     4.54663    -0.88737     9.88001
 1458    443     4.55578    -0.88737     9.88001
 1459    443     4.56493    -0.88737     9.88001
 1460    443     4.57408    -0.88737     9.88001
 1461    443     4.58323    -0.88737     9.88001
 1386    444     3.87696    -0.87368     9.82892
 1387    444     3.88606    -0.87368     9.82892
 1388    444     3.89516    -0.87368     9.82892
 1389    444     3.90427    -0.87368     9.82892
 1392    444     3.93157    -0.87368     9.82892
 1393    444     3.94067    -0.87368     9.82892
 1394    444     3.94977    -0.87368     9.82892
 1395    444     3.95887    -0.87368     9.82892
 1396    444     3.96797    -0.87368     9.82892
 1413    444     4.12269    -0.87368     9.82892
 1414    444     4.13179    -0.87368     9.82892
 1415    444     4.14089    -0.87368     9.82892
 1416    444     4.14999    -0.87368     9.82892
 1417    444     4.15909    -0.87368     9.82892
 1418    444     4.16819    -0.87368     9.82892
 1419    444     4.17729    -0.87368     9.82892
 1420    444     4.18639    -0.87368     9.82892
 1421    444     4.19549    -0.87368     9.82892
 1436    444     4.33201    -0.87368     9.82892
 1437    444     4.34111    -0.87368     9.82892
 1438    444     4.35021    -0.87368     9.82892
 1439    444     4.35931    -0.87368     9.82892
 1440    444     4.36841    -0.87368     9.82892
 1441    444     4.37751    -0.87368     9.82892
 1457    444     4.52312    -0.87368     9.82892
 1458    444     4.53222    -0.87368     9.82892
 1459    444     4.54133    -0.87368     9.82892
 1460    444     4.55043    -0.87368     9.82892
 1461    444     4.55953    -0.87368     9.82892
 1386    445     3.85702    -0.86013     9.77836
 1387    445     3.86607    -0.86013     9.77836
 1388    445     3.87513    -0.86013     9.77836
 1389    445     3.88418    -0.86013     9.77836
 1390    445     3.89323    -0.86013     9.77836
 1391    445     3.90229    -0.86013     9.77836
 1392    445     3.91134    -0.86013     9.77836
 1393    445     3.92040    -0.86013     9.77836
 1394    445     3.92945    -0.86013     9.77836
 1395    445     3.93850    -0.86013     9.77836
 1396    445     3.94756    -0.86013     9.77836
 1397    445     3.95661    -0.86013     9.77836
 1398    445     3.96567    -0.86013     9.77836
 1413    445     4.10148    -0.86013     9.77836
 1414    445     4.11053    -0.86013     9.77836
 1415    445     4.11959    -0.86013     9.77836
 1416    445     4.12864    -0.86013     9.77836
 1417    445     4.13769    -0.86013     9.77836
 1418    445     4.14675    -0.86013     9.77836
 1419    445     4.15580    -0.86013     9.77836
 1420    445     4.16486    -0.86013     9.77836
 1421    445     4.17391    -0.86013     9.77836
 1436    445     4.30972    -0.86013     9.77836
 1437    445     4.31877    -0.86013     9.77836
 1438    445     4.32783    -0.86013     9.77836
 1439    445     4.33688    -0.86013     9.77836
 1440    445     4.34594    -0.86013     9.77836
 1441    445     4.35499    -0.86013     9.77836
 1457    445     4.49985    -0.86013     9.77836
 1458    445     4.50891    -0.86013     9.77836
 1459    445     4.51796    -0.86013     9.77836
 1460    445     4.52702    -0.86013     9.77836
 1461    445     4.53607    -0.86013     9.77836
 1339    446     3.41392    -0.84672     9.72831
 1340    446     3.42292    -0.84672     9.72831
 1341    446     3.43193    -0.84672     9.72831
 1342    446     3.44094    -0.84672     9.72831
 1343    446     3.44995    -0.84672     9.72831
 1344    446     3.45895    -0.84672     9.72831
 1387    446     3.84629    -0.84672     9.72831
 1388    446     3.85529    -0.84672     9.72831
 1389    446     3.86430    -0.84672     9.72831
 1390    446     3.87331    -0.84672     9.72831
 1391    446     3.88232    -0.84672     9.72831
 1393    446     3.90033    -0.84672     9.72831
 1394    446     3.90934    -0.84672     9.72831
 1395    446     3.91835    -0.84672     9.72831
 1396    446     3.92735    -0.84672     9.72831
 1397    446     3.93636    -0.84672     9.72831
 1398    446     3.94537    -0.84672     9.72831
 1399    446     3.95438    -0.84672     9.72831
 1414    446     4.08949    -0.84672     9.72831
 1415    446     4.09850    -0.84672     9.72831
 1416    446     4.10751    -0.84672     9.72831
 1417    446     4.11652    -0.84672     9.72831
 1418    446     4.12552    -0.84672     9.72831
 1419    446     4.13453    -0.84672     9.72831
 1420    446     4.14354    -0.84672     9.72831
 1421    446     4.15255    -0.84672     9.72831
 1436    446     4.28766    -0.84672     9.72831
 1437    446     4.29667    -0.84672     9.72831
 1438    446     4.30568    -0.84672     9.72831
 1439    446     4.31469    -0.84672     9.72831
 1440    446     4.32369    -0.84672     9.72831
 1441    446     4.33270    -0.84672     9.72831
 1442    446     4.34171    -0.84672     9.72831
 1456    446     4.46782    -0.84672     9.72831
 1457    446     4.47682    -0.84672     9.72831
 1458    446     4.48583    -0.84672     9.72831
 1459    446     4.49484    -0.84672     9.72831
 1460    446     4.50385    -0.84672     9.72831
 1461    446     4.51285    -0.84672     9.72831
 1338    447     3.38757    -0.83345     9.67877
 1339    447     3.39653    -0.83345     9.67877
 1340    447     3.40549    -0.83345     9.67877
 1341    447     3.41446    -0.83345     9.67877
 1342    447     3.42342    -0.83345     9.67877
 1343    447     3.43238    -0.83345     9.67877
 1344    447     3.44134    -0.83345     9.67877
 1345    447     3.45030    -0.83345     9.67877
 1346    447     3.45927    -0.83345     9.67877
 1388    447     3.83566    -0.83345     9.67877
 1389    447     3.84462    -0.83345     9.67877
 1390    447     3.85359    -0.83345     9.67877
 1391    447     3.86255    -0.83345     9.67877
 1392    447     3.87151    -0.83345     9.67877
 1395    447     3.89839    -0.83345     9.67877
 1396    447     3.90736    -0.83345     9.67877
 1397    447     3.91632    -0.83345     9.67877
 1398    447     3.92528    -0.83345     9.67877
 1399    447     3.93424    -0.83345     9.67877
 1414    447     4.06867    -0.83345     9.67877
 1415    447     4.07763    -0.83345     9.67877
 1416    447     4.08659    -0.83345     9.67877
 1417    447     4.09555    -0.83345     9.67877
 1418    447     4.10452    -0.83345     9.67877
 1419    447     4.11348    -0.83345     9.67877
 1420    447     4.12244    -0.83345     9.67877
 1421    447     4.13140    -0.83345     9.67877
 1436    447     4.26583    -0.83345     9.67877
 1437    447     4.27479    -0.83345     9.67877
 1438    447     4.28375    -0.83345     9.67877
 1439    447     4.29272    -0.83345     9.67877
 1440    447     4.30168    -0.83345     9.67877
 1441    447     4.31064    -0.83345     9.67877
 1442    447     4.31960    -0.83345     9.67877
 1443    447     4.32856    -0.83345     9.67877
 1456    447     4.44507    -0.83345     9.67877
 1457    447     4.45403    -0.83345     9.67877
 1458    447     4.46299    -0.83345     9.67877
 1459    447     4.47195    -0.83345     9.67877
 1460    447     4.48091    -0.83345     9.67877
 1461    447     4.48988    -0.83345     9.67877
 1338    448     3.37041    -0.82031     9.62974
 1339    448     3.37932    -0.82031     9.62974
 1340    448     3.38824    -0.82031     9.62974
 1341    448     3.39716    -0.82031     9.62974
 1342    448     3.40607    -0.82031     9.62974
 1343    448     3.41499    -0.82031     9.62974
 1344    448     3.42391    -0.82031     9.62974
 1345    448     3.43282    -0.82031     9.62974
 1346    448     3.44174    -0.82031     9.62974
 1347    448     3.45066    -0.82031     9.62974
 1348    448     3.45957    -0.82031     9.62974
 1388    448     3.81623    -0.82031     9.62974
 1389    448     3.82515    -0.82031     9.62974
 1390    448     3.83406    -0.82031     9.62974
 1391    448     3.84298    -0.82031     9.62974
 1392    448     3.85190    -0.82031     9.62974
 1393    448     3.86081    -0.82031     9.62974
 1395    448     3.87864    -0.82031     9.62974
 1396    448     3.88756    -0.82031     9.62974
 1397    448     3.89648    -0.82031     9.62974
 1398    448     3.90539    -0.82031     9.62974
 1399    448     3.91431    -0.82031     9.62974
 1414    448     4.04806    -0.82031     9.62974
 1415    448     4.05697    -0.82031     9.62974
 1416    448     4.06589    -0.82031     9.62974
 1417    448     4.07481    -0.82031     9.62974
 1418    448     4.08372    -0.82031     9.62974
 1419    448     4.09264    -0.82031     9.62974
 1420    448     4.10156    -0.82031     9.62974
 1421    448     4.11047    -0.82031     9.62974
 1437    448     4.25313    -0.82031     9.62974
 1438    448     4.26205    -0.82031     9.62974
 1439    448     4.27097    -0.82031     9.62974
 1440    448     4.27988    -0.82031     9.62974
 1441    448     4.28880    -0.82031     9.62974
 1442    448     4.29772    -0.82031     9.62974
 1443    448     4.30663    -0.82031     9.62974
 1444    448     4.31555    -0.82031     9.62974
 1456    448     4.42255    -0.82031     9.62974
 1457    448     4.43146    -0.82031     9.62974
 1458    448     4.44038    -0.82031     9.62974
 1459    448     4.44930    -0.82031     9.62974
 1460    448     4.45821    -0.82031     9.62974
 1461    448     4.46713    -0.82031     9.62974
 1338    449     3.35342    -0.80730     9.58120
 1339    449     3.36229    -0.80730     9.58120
 1340    449     3.37116    -0.80730     9.58120
 1341    449     3.38003    -0.80730     9.58120
 1342    449     3.38890    -0.80730     9.58120
 1343    449     3.39778    -0.80730     9.58120
 1344    449     3.40665    -0.80730     9.58120
 1345    449     3.41552    -0.80730     9.58120
 1346    449     3.42439    -0.80730     9.58120
 1347    449     3.43326    -0.80730     9.58120
 1348    449     3.44213    -0.80730     9.58120
 1349    449     3.45101    -0.80730     9.58120
 1350    449     3.45988    -0.80730     9.58120
 1388    449     3.79699    -0.80730     9.58120
 1389    449     3.80586    -0.80730     9.58120
 1390    449     3.81474    -0.80730     9.58120
 1391    449     3.82361    -0.80730     9.58120
 1393    449     3.84135    -0.80730     9.58120
 1394    449     3.85022    -0.80730     9.58120
 1395    449     3.85909    -0.80730     9.58120
 1396    449     3.86796    -0.80730     9.58120
 1397    449     3.87684    -0.80730     9.58120
 1398    449     3.88571    -0.80730     9.58120
 1399    449     3.89458    -0.80730     9.58120
 1414    449     4.02765    -0.80730     9.58120
 1415    449     4.03652    -0.80730     9.58120
 1416    449     4.04539    -0.80730     9.58120
 1417    449     4.05427    -0.80730     9.58120
 1418    449     4.06314    -0.80730     9.58120
 1419    449     4.07201    -0.80730     9.58120
 1420    449     4.08088    -0.80730     9.58120
 1421    449     4.08975    -0.80730     9.58120
 1438    449     4.24057    -0.80730     9.58120
 1439    449     4.24944    -0.80730     9.58120
 1440    449     4.25831    -0.80730     9.58120
 1441    449     4.26718    -0.80730     9.58120
 1442    449     4.27605    -0.80730     9.58120
 1443    449     4.28492    -0.80730     9.58120
 1444    449     4.29380    -0.80730     9.58120
 1445    449     4.30267    -0.80730     9.58120
 1456    449     4.40025    -0.80730     9.58120
 1457    449     4.40913    -0.80730     9.58120
 1458    449     4.41800    -0.80730     9.58120
 1459    449     4.42687    -0.80730     9.58120
 1460    449     4.43574    -0.80730     9.58120
 1461    449     4.44461    -0.80730     9.58120
 1338    450     3.33660    -0.79443     9.53314
 1339    450     3.34543    -0.79443     9.53314
 1340    450     3.35425    -0.79443     9.53314
 1341    450     3.36308    -0.79443     9.53314
 1342    450     3.37191    -0.79443     9.53314
 1344    450     3.38956    -0.79443     9.53314
 1345    450     3.39839    -0.79443     9.53314
 1346    450     3.40722    -0.79443     9.53314
 1347    450     3.41604    -0.79443     9.53314
 1348    450     3.42487    -0.79443     9.53314
 1349    450     3.43370    -0.79443     9.53314
 1350    450     3.44252    -0.79443     9.53314
 1351    450     3.45135    -0.79443     9.53314
 1388    450     3.77795    -0.79443     9.53314
 1389    450     3.78678    -0.79443     9.53314
 1390    450     3.79560    -0.79443     9.53314
 1391    450     3.80443    -0.79443     9.53314
 1393    450     3.82208    -0.79443     9.53314
 1394    450     3.83091    -0.79443     9.53314
 1395    450     3.83974    -0.79443     9.53314
 1396    450     3.84857    -0.79443     9.53314
 1397    450     3.85739    -0.79443     9.53314
 1398    450     3.86622    -0.79443     9.53314
 1399    450     3.87505    -0.79443     9.53314
 1400    450     3.88387    -0.79443     9.53314
 1415    450     4.01628    -0.79443     9.53314
 1416    450     4.02511    -0.79443     9.53314
 1417    450     4.03393    -0.79443     9.53314
 1418    450     4.04276    -0.79443     9.53314
 1419    450     4.05159    -0.79443     9.53314
 1420    450     4.06041    -0.79443     9.53314
 1421    450     4.06924    -0.79443     9.53314
 1439    450     4.22813    -0.79443     9.53314
 1440    450     4.23695    -0.79443     9.53314
 1441    450     4.24578    -0.79443     9.53314
 1442    450     4.25461    -0.79443     9.53314
 1443    450     4.26343    -0.79443     9.53314
 1444    450     4.27226    -0.79443     9.53314
 1445    450     4.28109    -0.79443     9.53314
 1457    450     4.38701    -0.79443     9.53314
 1458    450     4.39584    -0.79443     9.53314
 1459    450     4.40467    -0.79443     9.53314
 1460    450     4.41349    -0.79443     9.53314
 1461    450     4.42232    -0.79443     9.53314
 1338    451     3.31995    -0.78168     9.48557
 1339    451     3.32873    -0.78168     9.48557
 1340    451     3.33752    -0.78168     9.48557
 1341    451     3.34630    -0.78168     9.48557
 1342    451     3.35508    -0.78168     9.48557
 1343    451     3.36386    -0.78168     9.48557
 1344    451     3.37265    -0.78168     9.48557
 1346    451     3.39021    -0.78168     9.48557
 1347    451     3.39900    -0.78168     9.48557
 1348    451     3.40778    -0.78168     9.48557
 1349    451     3.41656    -0.78168     9.48557
 1350    451     3.42534    -0.78168     9.48557
 1351    451     3.43413    -0.78168     9.48557
 1352    451     3.44291    -0.78168     9.48557
 1388    451     3.75910    -0.78168     9.48557
 1389    451     3.76788    -0.78168     9.48557
 1390    451     3.77666    -0.78168     9.48557
 1391    451     3.78544    -0.78168     9.48557
 1392    451     3.79423    -0.78168     9.48557
 1393    451     3.80301    -0.78168     9.48557
 1394    451     3.81179    -0.78168     9.48557
 1395    451     3.82058    -0.78168     9.48557
 1396    451     3.82936    -0.78168     9.48557
 1397    451     3.83814    -0.78168     9.48557
 1398    451     3.84693    -0.78168     9.48557
 1399    451     3.85571    -0.78168     9.48557
 1400    451     3.86449    -0.78168     9.48557
 1405    451     3.90841    -0.78168     9.48557
 1406    451     3.91719    -0.78168     9.48557
 1407    451     3.92597    -0.78168     9.48557
 1408    451     3.93475    -0.78168     9.48557
 1415    451     3.99624    -0.78168     9.48557
 1416    451     4.00502    -0.78168     9.48557
 1417    451     4.01380    -0.78168     9.48557
 1418    451     4.02258    -0.78168     9.48557
 1419    451     4.03137    -0.78168     9.48557
 1420    451     4.04015    -0.78168     9.48557
 1441    451     4.22459    -0.78168     9.48557
 1442    451     4.23337    -0.78168     9.48557
 1443    451     4.24216    -0.78168     9.48557
 1444    451     4.25094    -0.78168     9.48557
 1445    451     4.25972    -0.78168     9.48557
 1457    451     4.36512    -0.78168     9.48557
 1458    451     4.37390    -0.78168     9.48557
 1459    451     4.38268    -0.78168     9.48557
 1460    451     4.39147    -0.78168     9.48557
 1461    451     4.40025    -0.78168     9.48557
 1462    451     4.40903    -0.78168     9.48557
 1339    452     3.31220    -0.76906     9.43847
 1340    452     3.32094    -0.76906     9.43847
 1341    452     3.32968    -0.76906     9.43847
 1342    452     3.33842    -0.76906     9.43847
 1343    452     3.34716    -0.76906     9.43847
 1344    452     3.35590    -0.76906     9.43847
 1345    452     3.36464    -0.76906     9.43847
 1346    452     3.37338    -0.76906     9.43847
 1348    452     3.39086    -0.76906     9.43847
 1349    452     3.39960    -0.76906     9.43847
 1350    452     3.40834    -0.76906     9.43847
 1351    452     3.41707    -0.76906     9.43847
 1352    452     3.42581    -0.76906     9.43847
 1388    452     3.74043    -0.76906     9.43847
 1389    452     3.74917    -0.76906     9.43847
 1390    452     3.75791    -0.76906     9.43847
 1391    452     3.76665    -0.76906     9.43847
 1392    452     3.77539    -0.76906     9.43847
 1393    452     3.78413    -0.76906     9.43847
 1394    452     3.79287    -0.76906     9.43847
 1395    452     3.80161    -0.76906     9.43847
 1396    452     3.81034    -0.76906     9.43847
 1397    452     3.81908    -0.76906     9.43847
 1398    452     3.82782    -0.76906     9.43847
 1399    452     3.83656    -0.76906     9.43847
 1400    452     3.84530    -0.76906     9.43847
 1404    452     3.88026    -0.76906     9.43847
 1405    452     3.88900    -0.76906     9.43847
 1406    452     3.89774    -0.76906     9.43847
 1407    452     3.90648    -0.76906     9.43847
 1408    452     3.91522    -0.76906     9.43847
 1409    452     3.92396    -0.76906     9.43847
 1416    452     3.98513    -0.76906     9.43847
 1417    452     3.99387    -0.76906     9.43847
 1418    452     4.00261    -0.76906     9.43847
 1419    452     4.01135    -0.76906     9.43847
 1420    452     4.02009    -0.76906     9.43847
 1441    452     4.20361    -0.76906     9.43847
 1442    452     4.21235    -0.76906     9.43847
 1443    452     4.22109    -0.76906     9.43847
 1444    452     4.22983    -0.76906     9.43847
 1445    452     4.23857    -0.76906     9.43847
 1458    452     4.35218    -0.76906     9.43847
 1459    452     4.36092    -0.76906     9.43847
 1460    452     4.36966    -0.76906     9.43847
 1461    452     4.37840    -0.76906     9.43847
 1462    452     4.38714    -0.76906     9.43847
 1463    452     4.39588    -0.76906     9.43847
 1340    453     3.30453    -0.75656     9.39183
 1341    453     3.31323    -0.75656     9.39183
 1342    453     3.32193    -0.75656     9.39183
 1343    453     3.33062    -0.75656     9.39183
 1344    453     3.33932    -0.75656     9.39183
 1345    453     3.34801    -0.75656     9.39183
 1346    453     3.35671    -0.75656     9.39183
 1347    453     3.36541    -0.75656     9.39183
 1348    453     3.37410    -0.75656     9.39183
 1349    453     3.38280    -0.75656     9.39183
 1350    453     3.39149    -0.75656     9.39183
 1351    453     3.40019    -0.75656     9.39183
 1352    453     3.40889    -0.75656     9.39183
 1389    453     3.73064    -0.75656     9.39183
 1390    453     3.73934    -0.75656     9.39183
 1391    453     3.74804    -0.75656     9.39183
 1392    453     3.75673    -0.75656     9.39183
 1393    453     3.76543    -0.75656     9.39183
 1394    453     3.77412    -0.75656     9.39183
 1395    453     3.78282    -0.75656     9.39183
 1396    453     3.79152    -0.75656     9.39183
 1397    453     3.80021    -0.75656     9.39183
 1398    453     3.80891    -0.75656     9.39183
 1399    453     3.81761    -0.75656     9.39183
 1400    453     3.82630    -0.75656     9.39183
 1401    453     3.83500    -0.75656     9.39183
 1404    453     3.86109    -0.75656     9.39183
 1405    453     3.86978    -0.75656     9.39183
 1406    453     3.87848    -0.75656     9.39183
 1407    453     3.88717    -0.75656     9.39183
 1408    453     3.89587    -0.75656     9.39183
 1409    453     3.90457    -0.75656     9.39183
 1410    453     3.91326    -0.75656     9.39183
 1416    453     3.96544    -0.75656     9.39183
 1417    453     3.97414    -0.75656     9.39183
 1418    453     3.98283    -0.75656     9.39183
 1419    453     3.99153    -0.75656     9.39183
 1420    453     4.00022    -0.75656     9.39183
 1421    453     4.00892    -0.75656     9.39183
 1441    453     4.18284    -0.75656     9.39183
 1442    453     4.19154    -0.75656     9.39183
 1443    453     4.20024    -0.75656     9.39183
 1444    453     4.20893    -0.75656     9.39183
 1445    453     4.21763    -0.75656     9.39183
 1446    453     4.22632    -0.75656     9.39183
 1458    453     4.33068    -0.75656     9.39183
 1459    453     4.33937    -0.75656     9.39183
 1460    453     4.34807    -0.75656     9.39183
 1461    453     4.35677    -0.75656     9.39183
 1462    453     4.36546    -0.75656     9.39183
 1463    453     4.37416    -0.75656     9.39183
 1464    453     4.38285    -0.75656     9.39183
 1341    454     3.29694    -0.74419     9.34565
 1342    454     3.30559    -0.74419     9.34565
 1343    454     3.31425    -0.74419     9.34565
 1344    454     3.32290    -0.74419     9.34565
 1345    454     3.33155    -0.74419     9.34565
 1346    454     3.34021    -0.74419     9.34565
 1347    454     3.34886    -0.74419     9.34565
 1348    454     3.35751    -0.74419     9.34565
 1349    454     3.36617    -0.74419     9.34565
 1350    454     3.37482    -0.74419     9.34565
 1351    454     3.38347    -0.74419     9.34565
 1352    454     3.39213    -0.74419     9.34565
 1390    454     3.72095    -0.74419     9.34565
 1391    454     3.72961    -0.74419     9.34565
 1392    454     3.73826    -0.74419     9.34565
 1393    454     3.74692    -0.74419     9.34565
 1394    454     3.75557    -0.74419     9.34565
 1395    454     3.76422    -0.74419     9.34565
 1397    454     3.78153    -0.74419     9.34565
 1398    454     3.79018    -0.74419     9.34565
 1399    454     3.79884    -0.74419     9.34565
 1400    454     3.80749    -0.74419     9.34565
 1401    454     3.81614    -0.74419     9.34565
 1404    454     3.84210    -0.74419     9.34565
 1405    454     3.85076    -0.74419     9.34565
 1406    454     3.85941    -0.74419     9.34565
 1407    454     3.86806    -0.74419     9.34565
 1408    454     3.87672    -0.74419     9.34565
 1409    454     3.88537    -0.74419     9.34565
 1410    454     3.89402    -0.74419     9.34565
 1416    454     3.94594    -0.74419     9.34565
 1417    454     3.95460    -0.74419     9.34565
 1418    454     3.96325    -0.74419     9.34565
 1419    454     3.97190    -0.74419     9.34565
 1420    454     3.98056    -0.74419     9.34565
 1421    454     3.98921    -0.74419     9.34565
 1441    454     4.16228    -0.74419     9.34565
 1442    454     4.17093    -0.74419     9.34565
 1443    454     4.17958    -0.74419     9.34565
 1444    454     4.18824    -0.74419     9.34565
 1445    454     4.19689    -0.74419     9.34565
 1446    454     4.20554    -0.74419     9.34565
 1447    454     4.21420    -0.74419     9.34565
 1458    454     4.30938    -0.74419     9.34565
 1459    454     4.31804    -0.74419     9.34565
 1460    454     4.32669    -0.74419     9.34565
 1461    454     4.33535    -0.74419     9.34565
 1462    454     4.34400    -0.74419     9.34565
 1463    454     4.35265    -0.74419     9.34565
 1464    454     4.36131    -0.74419     9.34565
 1465    454     4.36996    -0.74419     9.34565
 1344    455     3.30664    -0.73194     9.29993
 1345    455     3.31525    -0.73194     9.29993
 1346    455     3.32386    -0.73194     9.29993
 1347    455     3.33247    -0.73194     9.29993
 1348    455     3.34109    -0.73194     9.29993
 1349    455     3.34970    -0.73194     9.29993
 1350    455     3.35831    -0.73194     9.29993
 1351    455     3.36692    -0.73194     9.29993
 1352    455     3.37553    -0.73194     9.29993
 1390    455     3.70275    -0.73194     9.29993
 1391    455     3.71136    -0.73194     9.29993
 1394    455     3.73719    -0.73194     9.29993
 1397    455     3.76303    -0.73194     9.29993
 1398    455     3.77164    -0.73194     9.29993
 1399    455     3.78025    -0.73194     9.29993
 1400    455     3.78886    -0.73194     9.29993
 1401    455     3.79747    -0.73194     9.29993
 1404    455     3.82330    -0.73194     9.29993
 1405    455     3.83191    -0.73194     9.29993
 1406    455     3.84053    -0.73194     9.29993
 1407    455     3.84914    -0.73194     9.29993
 1408    455     3.85775    -0.73194     9.29993
 1409    455     3.86636    -0.73194     9.29993
 1410    455     3.87497    -0.73194     9.29993
 1411    455     3.88358    -0.73194     9.29993
 1416    455     3.92664    -0.73194     9.29993
 1417    455     3.93525    -0.73194     9.29993
 1418    455     3.94386    -0.73194     9.29993
 1419    455     3.95247    -0.73194     9.29993
 1420    455     3.96108    -0.73194     9.29993
 1421    455     3.96969    -0.73194     9.29993
 1441    455     4.14191    -0.73194     9.29993
 1442    455     4.15052    -0.73194     9.29993
 1443    455     4.15913    -0.73194     9.29993
 1444    455     4.16775    -0.73194     9.29993
 1445    455     4.17636    -0.73194     9.29993
 1446    455     4.18497    -0.73194     9.29993
 1447    455     4.19358    -0.73194     9.29993
 1448    455     4.20219    -0.73194     9.29993
 1459    455     4.29691    -0.73194     9.29993
 1460    455     4.30552    -0.73194     9.29993
 1461    455     4.31413    -0.73194     9.29993
 1462    455     4.32274    -0.73194     9.29993
 1463    455     4.33136    -0.73194     9.29993
 1464    455     4.33997    -0.73194     9.29993
 1465    455     4.34858    -0.73194     9.29993
 1346    456     3.30768    -0.71981     9.25465
 1347    456     3.31625    -0.71981     9.25465
 1348    456     3.32482    -0.71981     9.25465
 1349    456     3.33339    -0.71981     9.25465
 1350    456     3.34196    -0.71981     9.25465
 1351    456     3.35053    -0.71981     9.25465
 1390    456     3.68472    -0.71981     9.25465
 1391    456     3.69329    -0.71981     9.25465
 1392    456     3.70186    -0.71981     9.25465
 1394    456     3.71900    -0.71981     9.25465
 1395    456     3.72757    -0.71981     9.25465
 1397    456     3.74470    -0.71981     9.25465
 1398    456     3.75327    -0.71981     9.25465
 1399    456     3.76184    -0.71981     9.25465
 1400    456     3.77041    -0.71981     9.25465
 1401    456     3.77898    -0.71981     9.25465
 1402    456     3.78755    -0.71981     9.25465
 1404    456     3.80469    -0.71981     9.25465
 1405    456     3.81326    -0.71981     9.25465
 1406    456     3.82183    -0.71981     9.25465
 1407    456     3.83040    -0.71981     9.25465
 1408    456     3.83897    -0.71981     9.25465
 1409    456     3.84753    -0.71981     9.25465
 1410    456     3.85610    -0.71981     9.25465
 1411    456     3.86467    -0.71981     9.25465
 1417    456     3.91609    -0.71981     9.25465
 1418    456     3.92466    -0.71981     9.25465
 1419    456     3.93323    -0.71981     9.25465
 1420    456     3.94179    -0.71981     9.25465
 1421    456     3.95036    -0.71981     9.25465
 1422    456     3.95893    -0.71981     9.25465
 1442    456     4.13032    -0.71981     9.25465
 1443    456     4.13888    -0.71981     9.25465
 1444    456     4.14745    -0.71981     9.25465
 1445    456     4.15602    -0.71981     9.25465
 1446    456     4.16459    -0.71981     9.25465
 1447    456     4.17316    -0.71981     9.25465
 1448    456     4.18173    -0.71981     9.25465
 1460    456     4.28456    -0.71981     9.25465
 1461    456     4.29313    -0.71981     9.25465
 1462    456     4.30170    -0.71981     9.25465
 1463    456     4.31027    -0.71981     9.25465
 1464    456     4.31884    -0.71981     9.25465
 1465    456     4.32740    -0.71981     9.25465
 1466    456     4.33597    -0.71981     9.25465
 1348    457     3.30871    -0.70779     9.20981
 1349    457     3.31724    -0.70779     9.20981
 1350    457     3.32576    -0.70779     9.20981
 1390    457     3.66687    -0.70779     9.20981
 1391    457     3.67539    -0.70779     9.20981
 1392    457     3.68392    -0.70779     9.20981
 1394    457     3.70098    -0.70779     9.20981
 1395    457     3.70951    -0.70779     9.20981
 1397    457     3.72656    -0.70779     9.20981
 1398    457     3.73509    -0.70779     9.20981
 1399    457     3.74362    -0.70779     9.20981
 1400    457     3.75214    -0.70779     9.20981
 1401    457     3.76067    -0.70779     9.20981
 1402    457     3.76920    -0.70779     9.20981
 1403    457     3.77773    -0.70779     9.20981
 1405    457     3.79478    -0.70779     9.20981
 1406    457     3.80331    -0.70779     9.20981
 1407    457     3.81184    -0.70779     9.20981
 1409    457     3.82889    -0.70779     9.20981
 1410    457     3.83742    -0.70779     9.20981
 1411    457     3.84595    -0.70779     9.20981
 1417    457     3.89711    -0.70779     9.20981
 1418    457     3.90564    -0.70779     9.20981
 1419    457     3.91417    -0.70779     9.20981
 1420    457     3.92270    -0.70779     9.20981
 1421    457     3.93122    -0.70779     9.20981
 1422    457     3.93975    -0.70779     9.20981
 1444    457     4.12736    -0.70779     9.20981
 1445    457     4.13589    -0.70779     9.20981
 1446    457     4.14441    -0.70779     9.20981
 1447    457     4.15294    -0.70779     9.20981
 1448    457     4.16147    -0.70779     9.20981
 1460    457     4.26380    -0.70779     9.20981
 1461    457     4.27233    -0.70779     9.20981
 1462    457     4.28085    -0.70779     9.20981
 1463    457     4.28938    -0.70779     9.20981
 1464    457     4.29791    -0.70779     9.20981
 1465    457     4.30644    -0.70779     9.20981
 1390    458     3.64919    -0.69589     9.16540
 1391    458     3.65767    -0.69589     9.16540
 1392    458     3.66616    -0.69589     9.16540
 1394    458     3.68313    -0.69589     9.16540
 1395    458     3.69162    -0.69589     9.16540
 1398    458     3.71708    -0.69589     9.16540
 1399    458     3.72556    -0.69589     9.16540
 1400    458     3.73405    -0.69589     9.16540
 1401    458     3.74254    -0.69589     9.16540
 1402    458     3.75102    -0.69589     9.16540
 1403    458     3.75951    -0.69589     9.16540
 1405    458     3.77648    -0.69589     9.16540
 1406    458     3.78497    -0.69589     9.16540
 1407    458     3.79346    -0.69589     9.16540
 1409    458     3.81043    -0.69589     9.16540
 1410    458     3.81892    -0.69589     9.16540
 1411    458     3.82740    -0.69589     9.16540
 1412    458     3.83589    -0.69589     9.16540
 1417    458     3.87832    -0.69589     9.16540
 1418    458     3.88681    -0.69589     9.16540
 1419    458     3.89529    -0.69589     9.16540
 1420    458     3.90378    -0.69589     9.16540
 1421    458     3.91227    -0.69589     9.16540
 1422    458     3.92075    -0.69589     9.16540
 1423    458     3.92924    -0.69589     9.16540
 1444    458     4.10746    -0.69589     9.16540
 1445    458     4.11594    -0.69589     9.16540
 1446    458     4.12443    -0.69589     9.16540
 1447    458     4.13292    -0.69589     9.16540
 1448    458     4.14140    -0.69589     9.16540
 1449    458     4.14989    -0.69589     9.16540
 1460    458     4.24324    -0.69589     9.16540
 1461    458     4.25173    -0.69589     9.16540
 1462    458     4.26021    -0.69589     9.16540
 1463    458     4.26870    -0.69589     9.16540
 1464    458     4.27719    -0.69589     9.16540
 1465    458     4.28567    -0.69589     9.16540
 1391    459     3.64012    -0.68411     9.12141
 1392    459     3.64857    -0.68411     9.12141
 1393    459     3.65701    -0.68411     9.12141
 1394    459     3.66546    -0.68411     9.12141
 1395    459     3.67390    -0.68411     9.12141
 1396    459     3.68235    -0.68411     9.12141
 1398    459     3.69924    -0.68411     9.12141
 1399    459     3.70769    -0.68411     9.12141
 1400    459     3.71613    -0.68411     9.12141
 1401    459     3.72458    -0.68411     9.12141
 1402    459     3.73302    -0.68411     9.12141
 1403    459     3.74147    -0.68411     9.12141
 1404    459     3.74991    -0.68411     9.12141
 1406    459     3.76681    -0.68411     9.12141
 1407    459     3.77525    -0.68411     9.12141
 1408    459     3.78370    -0.68411     9.12141
 1409    459     3.79214    -0.68411     9.12141
 1410    459     3.80059    -0.68411     9.12141
 1411    459     3.80904    -0.68411     9.12141
 1412    459     3.81748    -0.68411     9.12141
 1417    459     3.85971    -0.68411     9.12141
 1418    459     3.86816    -0.68411     9.12141
 1419    459     3.87660    -0.68411     9.12141
 1420    459     3.88505    -0.68411     9.12141
 1421    459     3.89349    -0.68411     9.12141
 1422    459     3.90194    -0.68411     9.12141
 1423    459     3.91038    -0.68411     9.12141
 1424    459     3.91883    -0.68411     9.12141
 1444    459     4.08774    -0.68411     9.12141
 1445    459     4.09619    -0.68411     9.12141
 1446    459     4.10464    -0.68411     9.12141
 1447    459     4.11308    -0.68411     9.12141
 1448    459     4.12153    -0.68411     9.12141
 1449    459     4.12997    -0.68411     9.12141
 1460    459     4.22288    -0.68411     9.12141
 1461    459     4.23132    -0.68411     9.12141
 1462    459     4.23977    -0.68411     9.12141
 1463    459     4.24821    -0.68411     9.12141
 1464    459     4.25666    -0.68411     9.12141
 1465    459     4.26511    -0.68411     9.12141
 1391    460     3.62274    -0.67243     9.07785
 1392    460     3.63114    -0.67243     9.07785
 1393    460     3.63955    -0.67243     9.07785
 1395    460     3.65636    -0.67243     9.07785
 1396    460     3.66476    -0.67243     9.07785
 1400    460     3.69838    -0.67243     9.07785
 1401    460     3.70679    -0.67243     9.07785
 1402    460     3.71519    -0.67243     9.07785
 1403    460     3.72360    -0.67243     9.07785
 1404    460     3.73201    -0.67243     9.07785
 1406    460     3.74882    -0.67243     9.07785
 1407    460     3.75722    -0.67243     9.07785
 1408    460     3.76563    -0.67243     9.07785
 1409    460     3.77403    -0.67243     9.07785
 1410    460     3.78244    -0.67243     9.07785
 1411    460     3.79084    -0.67243     9.07785
 1418    460     3.84968    -0.67243     9.07785
 1419    460     3.85809    -0.67243     9.07785
 1420    460     3.86649    -0.67243     9.07785
 1421    460     3.87490    -0.67243     9.07785
 1422    460     3.88330    -0.67243     9.07785
 1423    460     3.89171    -0.67243     9.07785
 1424    460     3.90011    -0.67243     9.07785
 1443    460     4.05982    -0.67243     9.07785
 1444    460     4.06822    -0.67243     9.07785
 1445    460     4.07663    -0.67243     9.07785
 1446    460     4.08503    -0.67243     9.07785
 1447    460     4.09344    -0.67243     9.07785
 1448    460     4.10184    -0.67243     9.07785
 1449    460     4.11025    -0.67243     9.07785
 1460    460     4.20271    -0.67243     9.07785
 1461    460     4.21111    -0.67243     9.07785
 1462    460     4.21952    -0.67243     9.07785
 1463    460     4.22793    -0.67243     9.07785
 1464    460     4.23633    -0.67243     9.07785
 1465    460     4.24474    -0.67243     9.07785
 1466    460     4.25314    -0.67243     9.07785
 1392    461     3.61388    -0.66087     9.03470
 1393    461     3.62225    -0.66087     9.03470
 1395    461     3.63898    -0.66087     9.03470
 1396    461     3.64734    -0.66087     9.03470
 1397    461     3.65571    -0.66087     9.03470
 1400    461     3.68080    -0.66087     9.03470
 1401    461     3.68917    -0.66087     9.03470
 1402    461     3.69754    -0.66087     9.03470
 1403    461     3.70590    -0.66087     9.03470
 1404    461     3.71427    -0.66087     9.03470
 1406    461     3.73100    -0.66087     9.03470
 1407    461     3.73936    -0.66087     9.03470
 1408    461     3.74773    -0.66087     9.03470
 1409    461     3.75609    -0.66087     9.03470
 1410    461     3.76446    -0.66087     9.03470
 1411    461     3.77282    -0.66087     9.03470
 1419    461     3.83975    -0.66087     9.03470
 1420    461     3.84811    -0.66087     9.03470
 1421    461     3.85648    -0.66087     9.03470
 1422    461     3.86485    -0.66087     9.03470
 1423    461     3.87321    -0.66087     9.03470
 1424    461     3.88158    -0.66087     9.03470
 1443    461     4.04052    -0.66087     9.03470
 1444    461     4.04889    -0.66087     9.03470
 1445    461     4.05725    -0.66087     9.03470
 1446    461     4.06562    -0.66087     9.03470
 1447    461     4.07398    -0.66087     9.03470
 1448    461     4.08235    -0.66087     9.03470
 1449    461     4.09071    -0.66087     9.03470
 1460    461     4.18273    -0.66087     9.03470
 1461    461     4.19110    -0.66087     9.03470
 1462    461     4.19946    -0.66087     9.03470
 1463    461     4.20783    -0.66087     9.03470
 1464    461     4.21619    -0.66087     9.03470
 1465    461     4.22456    -0.66087     9.03470
 1466    461     4.23293    -0.66087     9.03470
 1392    462     3.59678    -0.64942     8.99196
 1393    462     3.60511    -0.64942     8.99196
 1396    462     3.63009    -0.64942     8.99196
 1397    462     3.63841    -0.64942     8.99196
 1398    462     3.64674    -0.64942     8.99196
 1401    462     3.67172    -0.64942     8.99196
 1402    462     3.68004    -0.64942     8.99196
 1403    462     3.68837    -0.64942     8.99196
 1404    462     3.69670    -0.64942     8.99196
 1406    462     3.71335    -0.64942     8.99196
 1407    462     3.72167    -0.64942     8.99196
 1408    462     3.73000    -0.64942     8.99196
 1409    462     3.73833    -0.64942     8.99196
 1410    462     3.74665    -0.64942     8.99196
 1411    462     3.75498    -0.64942     8.99196
 1420    462     3.82991    -0.64942     8.99196
 1421    462     3.83824    -0.64942     8.99196
 1422    462     3.84656    -0.64942     8.99196
 1423    462     3.85489    -0.64942     8.99196
 1424    462     3.86321    -0.64942     8.99196
 1443    462     4.02141    -0.64942     8.99196
 1444    462     4.02973    -0.64942     8.99196
 1445    462     4.03806    -0.64942     8.99196
 1446    462     4.04638    -0.64942     8.99196
 1447    462     4.05471    -0.64942     8.99196
 1448    462     4.06303    -0.64942     8.99196
 1449    462     4.07136    -0.64942     8.99196
 1460    462     4.16295    -0.64942     8.99196
 1461    462     4.17127    -0.64942     8.99196
 1462    462     4.17960    -0.64942     8.99196
 1463    462     4.18792    -0.64942     8.99196
 1464    462     4.19625    -0.64942     8.99196
 1465    462     4.20457    -0.64942     8.99196
 1466    462     4.21290    -0.64942     8.99196
 1392    463     3.57985    -0.63808     8.94962
 1393    463     3.58814    -0.63808     8.94962
 1394    463     3.59642    -0.63808     8.94962
 1397    463     3.62128    -0.63808     8.94962
 1398    463     3.62957    -0.63808     8.94962
 1399    463     3.63786    -0.63808     8.94962
 1401    463     3.65443    -0.63808     8.94962
 1402    463     3.66272    -0.63808     8.94962
 1403    463     3.67100    -0.63808     8.94962
 1404    463     3.67929    -0.63808     8.94962
 1406    463     3.69586    -0.63808     8.94962
 1407    463     3.70415    -0.63808     8.94962
 1408    463     3.71244    -0.63808     8.94962
 1409    463     3.72072    -0.63808     8.94962
 1410    463     3.72901    -0.63808     8.94962
 1420    463     3.81188    -0.63808     8.94962
 1421    463     3.82016    -0.63808     8.94962
 1422    463     3.82845    -0.63808     8.94962
 1423    463     3.83674    -0.63808     8.94962
 1424    463     3.84502    -0.63808     8.94962
 1443    463     4.00247    -0.63808     8.94962
 1444    463     4.01076    -0.63808     8.94962
 1445    463     4.01904    -0.63808     8.94962
 1446    463     4.02733    -0.63808     8.94962
 1447    463     4.03562    -0.63808     8.94962
 1448    463     4.04390    -0.63808     8.94962
 1449    463     4.05219    -0.63808     8.94962
 1461    463     4.15163    -0.63808     8.94962
 1462    463     4.15992    -0.63808     8.94962
 1463    463     4.16820    -0.63808     8.94962
 1464    463     4.17649    -0.63808     8.94962
 1465    463     4.18478    -0.63808     8.94962
 1466    463     4.19306    -0.63808     8.94962
 1467    463     4.20135    -0.63808     8.94962
 1393    464     3.57132    -0.62684     8.90768
 1394    464     3.57957    -0.62684     8.90768
 1395    464     3.58782    -0.62684     8.90768
 1401    464     3.63730    -0.62684     8.90768
 1402    464     3.64555    -0.62684     8.90768
 1403    464     3.65380    -0.62684     8.90768
 1404    464     3.66205    -0.62684     8.90768
 1405    464     3.67030    -0.62684     8.90768
 1406    464     3.67854    -0.62684     8.90768
 1407    464     3.68679    -0.62684     8.90768
 1408    464     3.69504    -0.62684     8.90768
 1409    464     3.70329    -0.62684     8.90768
 1420    464     3.79401    -0.62684     8.90768
 1421    464     3.80226    -0.62684     8.90768
 1422    464     3.81051    -0.62684     8.90768
 1423    464     3.81876    -0.62684     8.90768
 1424    464     3.82700    -0.62684     8.90768
 1443    464     3.98371    -0.62684     8.90768
 1444    464     3.99196    -0.62684     8.90768
 1445    464     4.00021    -0.62684     8.90768
 1446    464     4.00846    -0.62684     8.90768
 1447    464     4.01671    -0.62684     8.90768
 1448    464     4.02495    -0.62684     8.90768
 1449    464     4.03320    -0.62684     8.90768
 1462    464     4.14042    -0.62684     8.90768
 1463    464     4.14867    -0.62684     8.90768
 1464    464     4.15692    -0.62684     8.90768
 1465    464     4.16517    -0.62684     8.90768
 1466    464     4.17341    -0.62684     8.90768
 1467    464     4.18166    -0.62684     8.90768
 1393    465     3.55466    -0.61570     8.86613
 1394    465     3.56287    -0.61570     8.86613
 1395    465     3.57108    -0.61570     8.86613
 1396    465     3.57929    -0.61570     8.86613
 1401    465     3.62034    -0.61570     8.86613
 1402    465     3.62855    -0.61570     8.86613
 1403    465     3.63676    -0.61570     8.86613
 1404    465     3.64497    -0.61570     8.86613
 1405    465     3.65318    -0.61570     8.86613
 1420    465     3.77632    -0.61570     8.86613
 1421    465     3.78453    -0.61570     8.86613
 1422    465     3.79273    -0.61570     8.86613
 1423    465     3.80094    -0.61570     8.86613
 1424    465     3.80915    -0.61570     8.86613
 1444    465     3.97334    -0.61570     8.86613
 1445    465     3.98155    -0.61570     8.86613
 1446    465     3.98976    -0.61570     8.86613
 1447    465     3.99797    -0.61570     8.86613
 1448    465     4.00618    -0.61570     8.86613
 1449    465     4.01439    -0.61570     8.86613
 1463    465     4.12932    -0.61570     8.86613
 1464    465     4.13753    -0.61570     8.86613
 1465    465     4.14574    -0.61570     8.86613
 1466    465     4.15395    -0.61570     8.86613
 1467    465     4.16216    -0.61570     8.86613
 1468    465     4.17037    -0.61570     8.86613
 1395    466     3.55450    -0.60467     8.82497
 1396    466     3.56267    -0.60467     8.82497
 1397    466     3.57084    -0.60467     8.82497
 1398    466     3.57902    -0.60467     8.82497
 1401    466     3.60353    -0.60467     8.82497
 1402    466     3.61170    -0.60467     8.82497
 1403    466     3.61987    -0.60467     8.82497
 1404    466     3.62804    -0.60467     8.82497
 1405    466     3.63621    -0.60467     8.82497
 1420    466     3.75878    -0.60467     8.82497
 1421    466     3.76695    -0.60467     8.82497
 1422    466     3.77513    -0.60467     8.82497
 1423    466     3.78330    -0.60467     8.82497
 1424    466     3.79147    -0.60467     8.82497
 1444    466     3.95489    -0.60467     8.82497
 1445    466     3.96306    -0.60467     8.82497
 1446    466     3.97124    -0.60467     8.82497
 1447    466     3.97941    -0.60467     8.82497
 1448    466     3.98758    -0.60467     8.82497
 1449    466     3.99575    -0.60467     8.82497
 1450    466     4.00392    -0.60467     8.82497
 1463    466     4.11015    -0.60467     8.82497
 1464    466     4.11832    -0.60467     8.82497
 1465    466     4.12649    -0.60467     8.82497
 1466    466     4.13466    -0.60467     8.82497
 1467    466     4.14283    -0.60467     8.82497
 1468    466     4.15100    -0.60467     8.82497
 1469    466     4.15918    -0.60467     8.82497
 1397    467     3.55434    -0.59375     8.78419
 1400    467     3.57874    -0.59375     8.78419
 1401    467     3.58688    -0.59375     8.78419
 1402    467     3.59501    -0.59375     8.78419
 1403    467     3.60314    -0.59375     8.78419
 1404    467     3.61128    -0.59375     8.78419
 1405    467     3.61941    -0.59375     8.78419
 1406    467     3.62754    -0.59375     8.78419
 1420    467     3.74141    -0.59375     8.78419
 1421    467     3.74955    -0.59375     8.78419
 1422    467     3.75768    -0.59375     8.78419
 1423    467     3.76581    -0.59375     8.78419
 1424    467     3.77395    -0.59375     8.78419
 1445    467     3.94475    -0.59375     8.78419
 1446    467     3.95288    -0.59375     8.78419
 1447    467     3.96102    -0.59375     8.78419
 1448    467     3.96915    -0.59375     8.78419
 1449    467     3.97728    -0.59375     8.78419
 1450    467     3.98542    -0.59375     8.78419
 1464    467     4.09929    -0.59375     8.78419
 1465    467     4.10742    -0.59375     8.78419
 1466    467     4.11555    -0.59375     8.78419
 1467    467     4.12369    -0.59375     8.78419
 1468    467     4.13182    -0.59375     8.78419
 1469    467     4.13995    -0.59375     8.78419
 1470    467     4.14809    -0.59375     8.78419
 1400    468     3.56228    -0.58292     8.74378
 1401    468     3.57038    -0.58292     8.74378
 1402    468     3.57847    -0.58292     8.74378
 1403    468     3.58657    -0.58292     8.74378
 1404    468     3.59466    -0.58292     8.74378
 1405    468     3.60276    -0.58292     8.74378
 1406    468     3.61086    -0.58292     8.74378
 1407    468     3.61895    -0.58292     8.74378
 1419    468     3.71611    -0.58292     8.74378
 1420    468     3.72420    -0.58292     8.74378
 1421    468     3.73230    -0.58292     8.74378
 1422    468     3.74039    -0.58292     8.74378
 1423    468     3.74849    -0.58292     8.74378
 1424    468     3.75659    -0.58292     8.74378
 1425    468     3.76468    -0.58292     8.74378
 1446    468     3.93470    -0.58292     8.74378
 1447    468     3.94280    -0.58292     8.74378
 1448    468     3.95089    -0.58292     8.74378
 1449    468     3.95899    -0.58292     8.74378
 1450    468     3.96708    -0.58292     8.74378
 1465    468     4.08853    -0.58292     8.74378
 1466    468     4.09662    -0.58292     8.74378
 1467    468     4.10472    -0.58292     8.74378
 1468    468     4.11281    -0.58292     8.74378
 1469    468     4.12091    -0.58292     8.74378
 1470    468     4.12901    -0.58292     8.74378
 1471    468     4.13710    -0.58292     8.74378
 1401    469     3.55403    -0.57219     8.70374
 1402    469     3.56209    -0.57219     8.70374
 1403    469     3.57014    -0.57219     8.70374
 1404    469     3.57820    -0.57219     8.70374
 1405    469     3.58626    -0.57219     8.70374
 1406    469     3.59432    -0.57219     8.70374
 1407    469     3.60238    -0.57219     8.70374
 1419    469     3.69909    -0.57219     8.70374
 1420    469     3.70715    -0.57219     8.70374
 1421    469     3.71521    -0.57219     8.70374
 1422    469     3.72327    -0.57219     8.70374
 1423    469     3.73132    -0.57219     8.70374
 1424    469     3.73938    -0.57219     8.70374
 1425    469     3.74744    -0.57219     8.70374
 1446    469     3.91668    -0.57219     8.70374
 1447    469     3.92474    -0.57219     8.70374
 1448    469     3.93280    -0.57219     8.70374
 1449    469     3.94086    -0.57219     8.70374
 1450    469     3.94892    -0.57219     8.70374
 1451    469     3.95698    -0.57219     8.70374
 1466    469     4.07786    -0.57219     8.70374
 1467    469     4.08592    -0.57219     8.70374
 1468    469     4.09398    -0.57219     8.70374
 1469    469     4.10204    -0.57219     8.70374
 1470    469     4.11010    -0.57219     8.70374
 1471    469     4.11816    -0.57219     8.70374
 1402    470     3.54585    -0.56156     8.66407
 1403    470     3.55387    -0.56156     8.66407
 1404    470     3.56189    -0.56156     8.66407
 1405    470     3.56992    -0.56156     8.66407
 1406    470     3.57794    -0.56156     8.66407
 1407    470     3.58596    -0.56156     8.66407
 1419    470     3.68223    -0.56156     8.66407
 1420    470     3.69025    -0.56156     8.66407
 1421    470     3.69827    -0.56156     8.66407
 1422    470     3.70629    -0.56156     8.66407
 1423    470     3.71432    -0.56156     8.66407
 1424    470     3.72234    -0.56156     8.66407
 1425    470     3.73036    -0.56156     8.66407
 1426    470     3.73838    -0.56156     8.66407
 1446    470     3.89883    -0.56156     8.66407
 1447    470     3.90685    -0.56156     8.66407
 1448    470     3.91487    -0.56156     8.66407
 1449    470     3.92290    -0.56156     8.66407
 1450    470     3.93092    -0.56156     8.66407
 1451    470     3.93894    -0.56156     8.66407
 1452    470     3.94696    -0.56156     8.66407
 1466    470     4.05928    -0.56156     8.66407
 1467    470     4.06730    -0.56156     8.66407
 1468    470     4.07532    -0.56156     8.66407
 1469    470     4.08334    -0.56156     8.66407
 1470    470     4.09136    -0.56156     8.66407
 1471    470     4.09939    -0.56156     8.66407
 1402    471     3.52976    -0.55103     8.62475
 1403    471     3.53775    -0.55103     8.62475
 1404    471     3.54573    -0.55103     8.62475
 1405    471     3.55372    -0.55103     8.62475
 1406    471     3.56170    -0.55103     8.62475
 1407    471     3.56969    -0.55103     8.62475
 1408    471     3.57767    -0.55103     8.62475
 1419    471     3.66552    -0.55103     8.62475
 1420    471     3.67351    -0.55103     8.62475
 1421    471     3.68149    -0.55103     8.62475
 1422    471     3.68948    -0.55103     8.62475
 1423    471     3.69746    -0.55103     8.62475
 1424    471     3.70545    -0.55103     8.62475
 1425    471     3.71343    -0.55103     8.62475
 1426    471     3.72142    -0.55103     8.62475
 1447    471     3.88912    -0.55103     8.62475
 1448    471     3.89711    -0.55103     8.62475
 1449    471     3.90510    -0.55103     8.62475
 1450    471     3.91308    -0.55103     8.62475
 1451    471     3.92107    -0.55103     8.62475
 1452    471     3.92905    -0.55103     8.62475
 1453    471     3.93704    -0.55103     8.62475
 1467    471     4.04884    -0.55103     8.62475
 1468    471     4.05683    -0.55103     8.62475
 1469    471     4.06481    -0.55103     8.62475
 1470    471     4.07280    -0.55103     8.62475
 1471    471     4.08079    -0.55103     8.62475
 1402    472     3.51382    -0.54059     8.58579
 1403    472     3.52177    -0.54059     8.58579
 1404    472     3.52972    -0.54059     8.58579
 1405    472     3.53767    -0.54059     8.58579
 1406    472     3.54561    -0.54059     8.58579
 1407    472     3.55356    -0.54059     8.58579
 1408    472     3.56151    -0.54059     8.58579
 1420    472     3.65691    -0.54059     8.58579
 1421    472     3.66486    -0.54059     8.58579
 1422    472     3.67281    -0.54059     8.58579
 1423    472     3.68076    -0.54059     8.58579
 1424    472     3.68871    -0.54059     8.58579
 1425    472     3.69666    -0.54059     8.58579
 1426    472     3.70461    -0.54059     8.58579
 1427    472     3.71256    -0.54059     8.58579
 1447    472     3.87156    -0.54059     8.58579
 1448    472     3.87951    -0.54059     8.58579
 1449    472     3.88746    -0.54059     8.58579
 1450    472     3.89541    -0.54059     8.58579
 1451    472     3.90336    -0.54059     8.58579
 1452    472     3.91131    -0.54059     8.58579
 1453    472     3.91926    -0.54059     8.58579
 1454    472     3.92721    -0.54059     8.58579
 1467    472     4.03055    -0.54059     8.58579
 1468    472     4.03850    -0.54059     8.58579
 1469    472     4.04645    -0.54059     8.58579
 1470    472     4.05440    -0.54059     8.58579
 1471    472     4.06235    -0.54059     8.58579
 1472    472     4.07030    -0.54059     8.58579
 1402    473     3.49802    -0.53024     8.54719
 1403    473     3.50593    -0.53024     8.54719
 1404    473     3.51384    -0.53024     8.54719
 1405    473     3.52176    -0.53024     8.54719
 1406    473     3.52967    -0.53024     8.54719
 1407    473     3.53759    -0.53024     8.54719
 1408    473     3.54550    -0.53024     8.54719
 1421    473     3.64838    -0.53024     8.54719
 1422    473     3.65630    -0.53024     8.54719
 1423    473     3.66421    -0.53024     8.54719
 1424    473     3.67212    -0.53024     8.54719
 1425    473     3.68004    -0.53024     8.54719
 1426    473     3.68795    -0.53024     8.54719
 1427    473     3.69587    -0.53024     8.54719
 1448    473     3.86206    -0.53024     8.54719
 1449    473     3.86998    -0.53024     8.54719
 1450    473     3.87789    -0.53024     8.54719
 1451    473     3.88580    -0.53024     8.54719
 1452    473     3.89372    -0.53024     8.54719
 1453    473     3.90163    -0.53024     8.54719
 1454    473     3.90955    -0.53024     8.54719
 1467    473     4.01243    -0.53024     8.54719
 1468    473     4.02034    -0.53024     8.54719
 1469    473     4.02826    -0.53024     8.54719
 1470    473     4.03617    -0.53024     8.54719
 1471    473     4.04409    -0.53024     8.54719
 1472    473     4.05200    -0.53024     8.54719
 1403    474     3.49023    -0.51999     8.50892
 1404    474     3.49811    -0.51999     8.50892
 1405    474     3.50599    -0.51999     8.50892
 1406    474     3.51387    -0.51999     8.50892
 1407    474     3.52175    -0.51999     8.50892
 1408    474     3.52963    -0.51999     8.50892
 1409    474     3.53751    -0.51999     8.50892
 1422    474     3.63993    -0.51999     8.50892
 1423    474     3.64781    -0.51999     8.50892
 1424    474     3.65569    -0.51999     8.50892
 1425    474     3.66356    -0.51999     8.50892
 1426    474     3.67144    -0.51999     8.50892
 1427    474     3.67932    -0.51999     8.50892
 1428    474     3.68720    -0.51999     8.50892
 1449    474     3.85265    -0.51999     8.50892
 1450    474     3.86053    -0.51999     8.50892
 1451    474     3.86841    -0.51999     8.50892
 1452    474     3.87629    -0.51999     8.50892
 1453    474     3.88417    -0.51999     8.50892
 1454    474     3.89204    -0.51999     8.50892
 1455    474     3.89992    -0.51999     8.50892
 1468    474     4.00235    -0.51999     8.50892
 1469    474     4.01022    -0.51999     8.50892
 1470    474     4.01810    -0.51999     8.50892
 1471    474     4.02598    -0.51999     8.50892
 1472    474     4.03386    -0.51999     8.50892
 1473    474     4.04174    -0.51999     8.50892
 1404    475     3.48252    -0.50983     8.47100
 1405    475     3.49037    -0.50983     8.47100
 1406    475     3.49821    -0.50983     8.47100
 1407    475     3.50605    -0.50983     8.47100
 1408    475     3.51390    -0.50983     8.47100
 1409    475     3.52174    -0.50983     8.47100
 1410    475     3.52958    -0.50983     8.47100
 1423    475     3.63155    -0.50983     8.47100
 1424    475     3.63939    -0.50983     8.47100
 1425    475     3.64724    -0.50983     8.47100
 1426    475     3.65508    -0.50983     8.47100
 1427    475     3.66292    -0.50983     8.47100
 1428    475     3.67077    -0.50983     8.47100
 1429    475     3.67861    -0.50983     8.47100
 1450    475     3.84333    -0.50983     8.47100
 1451    475     3.85117    -0.50983     8.47100
 1452    475     3.85901    -0.50983     8.47100
 1453    475     3.86686    -0.50983     8.47100
 1454    475     3.87470    -0.50983     8.47100
 1455    475     3.88254    -0.50983     8.47100
 1456    475     3.89039    -0.50983     8.47100
 1468    475     3.98451    -0.50983     8.47100
 1469    475     3.99235    -0.50983     8.47100
 1470    475     4.00020    -0.50983     8.47100
 1471    475     4.00804    -0.50983     8.47100
 1472    475     4.01588    -0.50983     8.47100
 1473    475     4.02373    -0.50983     8.47100
 1404    476     3.46707    -0.49976     8.43342
 1405    476     3.47488    -0.49976     8.43342
 1406    476     3.48269    -0.49976     8.43342
 1407    476     3.49050    -0.49976     8.43342
 1408    476     3.49831    -0.49976     8.43342
 1409    476     3.50612    -0.49976     8.43342
 1410    476     3.51392    -0.49976     8.43342
 1424    476     3.62325    -0.49976     8.43342
 1425    476     3.63106    -0.49976     8.43342
 1426    476     3.63886    -0.49976     8.43342
 1427    476     3.64667    -0.49976     8.43342
 1428    476     3.65448    -0.49976     8.43342
 1429    476     3.66229    -0.49976     8.43342
 1450    476     3.82627    -0.49976     8.43342
 1451    476     3.83408    -0.49976     8.43342
 1452    476     3.84189    -0.49976     8.43342
 1453    476     3.84970    -0.49976     8.43342
 1454    476     3.85751    -0.49976     8.43342
 1455    476     3.86532    -0.49976     8.43342
 1456    476     3.87313    -0.49976     8.43342
 1469    476     3.97464    -0.49976     8.43342
 1470    476     3.98245    -0.49976     8.43342
 1471    476     3.99026    -0.49976     8.43342
 1472    476     3.99806    -0.49976     8.43342
 1473    476     4.00587    -0.49976     8.43342
 1405    477     3.45953    -0.48978     8.39617
 1406    477     3.46731    -0.48978     8.39617
 1407    477     3.47508    -0.48978     8.39617
 1408    477     3.48285    -0.48978     8.39617
 1409    477     3.49063    -0.48978     8.39617
 1410    477     3.49840    -0.48978     8.39617
 1411    477     3.50618    -0.48978     8.39617
 1425    477     3.61502    -0.48978     8.39617
 1426    477     3.62279    -0.48978     8.39617
 1427    477     3.63056    -0.48978     8.39617
 1428    477     3.63834    -0.48978     8.39617
 1429    477     3.64611    -0.48978     8.39617
 1430    477     3.65389    -0.48978     8.39617
 1451    477     3.81715    -0.48978     8.39617
 1452    477     3.82492    -0.48978     8.39617
 1453    477     3.83269    -0.48978     8.39617
 1454    477     3.84047    -0.48978     8.39617
 1455    477     3.84824    -0.48978     8.39617
 1456    477     3.85602    -0.48978     8.39617
 1469    477     3.95708    -0.48978     8.39617
 1470    477     3.96486    -0.48978     8.39617
 1471    477     3.97263    -0.48978     8.39617
 1472    477     3.98040    -0.48978     8.39617
 1473    477     3.98818    -0.48978     8.39617
 1474    477     3.99595    -0.48978     8.39617
 1406    478     3.45206    -0.47988     8.35924
 1407    478     3.45980    -0.47988     8.35924
 1408    478     3.46754    -0.47988     8.35924
 1409    478     3.47528    -0.47988     8.35924
 1410    478     3.48302    -0.47988     8.35924
 1411    478     3.49076    -0.47988     8.35924
 1412    478     3.49850    -0.47988     8.35924
 1425    478     3.59912    -0.47988     8.35924
 1426    478     3.60686    -0.47988     8.35924
 1427    478     3.61460    -0.47988     8.35924
 1428    478     3.62234    -0.47988     8.35924
 1429    478     3.63008    -0.47988     8.35924
 1430    478     3.63782    -0.47988     8.35924
 1452    478     3.80810    -0.47988     8.35924
 1453    478     3.81584    -0.47988     8.35924
 1454    478     3.82358    -0.47988     8.35924
 1455    478     3.83132    -0.47988     8.35924
 1456    478     3.83906    -0.47988     8.35924
 1457    478     3.84680    -0.47988     8.35924
 1470    478     3.94742    -0.47988     8.35924
 1471    478     3.95516    -0.47988     8.35924
 1472    478     3.96290    -0.47988     8.35924
 1473    478     3.97064    -0.47988     8.35924
 1474    478     3.97838    -0.47988     8.35924
 1407    479     3.44465    -0.47008     8.32264
 1408    479     3.45235    -0.47008     8.32264
 1409    479     3.46006    -0.47008     8.32264
 1410    479     3.46777    -0.47008     8.32264
 1411    479     3.47547    -0.47008     8.32264
 1412    479     3.48318    -0.47008     8.32264
 1425    479     3.58336    -0.47008     8.32264
 1426    479     3.59106    -0.47008     8.32264
 1427    479     3.59877    -0.47008     8.32264
 1428    479     3.60648    -0.47008     8.32264
 1429    479     3.61418    -0.47008     8.32264
 1430    479     3.62189    -0.47008     8.32264
 1452    479     3.79142    -0.47008     8.32264
 1453    479     3.79913    -0.47008     8.32264
 1454    479     3.80684    -0.47008     8.32264
 1455    479     3.81454    -0.47008     8.32264
 1456    479     3.82225    -0.47008     8.32264
 1457    479     3.82996    -0.47008     8.32264
 1470    479     3.93014    -0.47008     8.32264
 1471    479     3.93784    -0.47008     8.32264
 1472    479     3.94555    -0.47008     8.32264
 1473    479     3.95325    -0.47008     8.32264
 1474    479     3.96096    -0.47008     8.32264
 1475    479     3.96867    -0.47008     8.32264
 1408    480     3.43730    -0.46035     8.28636
 1409    480     3.44498    -0.46035     8.28636
 1410    480     3.45265    -0.46035     8.28636
 1411    480     3.46032    -0.46035     8.28636
 1412    480     3.46799    -0.46035     8.28636
 1426    480     3.57541    -0.46035     8.28636
 1427    480     3.58308    -0.46035     8.28636
 1428    480     3.59075    -0.46035     8.28636
 1429    480     3.59843    -0.46035     8.28636
 1430    480     3.60610    -0.46035     8.28636
 1431    480     3.61377    -0.46035     8.28636
 1452    480     3.77490    -0.46035     8.28636
 1453    480     3.78257    -0.46035     8.28636
 1454    480     3.79024    -0.46035     8.28636
 1455    480     3.79791    -0.46035     8.28636
 1456    480     3.80559    -0.46035     8.28636
 1457    480     3.81326    -0.46035     8.28636
 1470    480     3.91300    -0.46035     8.28636
 1471    480     3.92067    -0.46035     8.28636
 1472    480     3.92835    -0.46035     8.28636
 1473    480     3.93602    -0.46035     8.28636
 1474    480     3.94369    -0.46035     8.28636
 1475    480     3.95136    -0.46035     8.28636
 1476    480     3.95904    -0.46035     8.28636
 1408    481     3.42238    -0.45072     8.25039
 1409    481     3.43002    -0.45072     8.25039
 1410    481     3.43766    -0.45072     8.25039
 1411    481     3.44530    -0.45072     8.25039
 1412    481     3.45294    -0.45072     8.25039
 1413    481     3.46058    -0.45072     8.25039
 1426    481     3.55989    -0.45072     8.25039
 1427    481     3.56753    -0.45072     8.25039
 1428    481     3.57517    -0.45072     8.25039
 1429    481     3.58281    -0.45072     8.25039
 1430    481     3.59045    -0.45072     8.25039
 1431    481     3.59809    -0.45072     8.25039
 1453    481     3.76615    -0.45072     8.25039
 1454    481     3.77379    -0.45072     8.25039
 1455    481     3.78143    -0.45072     8.25039
 1456    481     3.78907    -0.45072     8.25039
 1457    481     3.79671    -0.45072     8.25039
 1470    481     3.89602    -0.45072     8.25039
 1471    481     3.90366    -0.45072     8.25039
 1472    481     3.91130    -0.45072     8.25039
 1473    481     3.91894    -0.45072     8.25039
 1474    481     3.92657    -0.45072     8.25039
 1475    481     3.93421    -0.45072     8.25039
 1476    481     3.94185    -0.45072     8.25039
 1477    481     3.94949    -0.45072     8.25039
 1408    482     3.40759    -0.44116     8.21473
 1409    482     3.41520    -0.44116     8.21473
 1410    482     3.42281    -0.44116     8.21473
 1411    482     3.43041    -0.44116     8.21473
 1412    482     3.43802    -0.44116     8.21473
 1413    482     3.44562    -0.44116     8.21473
 1427    482     3.55211    -0.44116     8.21473
 1428    482     3.55972    -0.44116     8.21473
 1429    482     3.56732    -0.44116     8.21473
 1430    482     3.57493    -0.44116     8.21473
 1431    482     3.58254    -0.44116     8.21473
 1432    482     3.59014    -0.44116     8.21473
 1453    482     3.74987    -0.44116     8.21473
 1454    482     3.75748    -0.44116     8.21473
 1455    482     3.76509    -0.44116     8.21473
 1456    482     3.77269    -0.44116     8.21473
 1457    482     3.78030    -0.44116     8.21473
 1471    482     3.88679    -0.44116     8.21473
 1472    482     3.89439    -0.44116     8.21473
 1473    482     3.90200    -0.44116     8.21473
 1474    482     3.90960    -0.44116     8.21473
 1475    482     3.91721    -0.44116     8.21473
 1476    482     3.92482    -0.44116     8.21473
 1477    482     3.93242    -0.44116     8.21473
 1408    483     3.39293    -0.43169     8.17938
 1409    483     3.40050    -0.43169     8.17938
 1410    483     3.40808    -0.43169     8.17938
 1411    483     3.41565    -0.43169     8.17938
 1412    483     3.42322    -0.43169     8.17938
 1413    483     3.43080    -0.43169     8.17938
 1427    483     3.53683    -0.43169     8.17938
 1428    483     3.54440    -0.43169     8.17938
 1429    483     3.55197    -0.43169     8.17938
 1430    483     3.55955    -0.43169     8.17938
 1431    483     3.56712    -0.43169     8.17938
 1432    483     3.57469    -0.43169     8.17938
 1453    483     3.73374    -0.43169     8.17938
 1454    483     3.74131    -0.43169     8.17938
 1455    483     3.74888    -0.43169     8.17938
 1456    483     3.75646    -0.43169     8.17938
 1457    483     3.76403    -0.43169     8.17938
 1472    483     3.87763    -0.43169     8.17938
 1473    483     3.88521    -0.43169     8.17938
 1474    483     3.89278    -0.43169     8.17938
 1475    483     3.90035    -0.43169     8.17938
 1476    483     3.90793    -0.43169     8.17938
 1477    483     3.91550    -0.43169     8.17938
 1409    484     3.38593    -0.42230     8.14434
 1410    484     3.39347    -0.42230     8.14434
 1411    484     3.40101    -0.42230     8.14434
 1412    484     3.40856    -0.42230     8.14434
 1413    484     3.41610    -0.42230     8.14434
 1414    484     3.42364    -0.42230     8.14434
 1427    484     3.52167    -0.42230     8.14434
 1428    484     3.52921    -0.42230     8.14434
 1429    484     3.53675    -0.42230     8.14434
 1430    484     3.54429    -0.42230     8.14434
 1431    484     3.55184    -0.42230     8.14434
 1432    484     3.55938    -0.42230     8.14434
 1453    484     3.71774    -0.42230     8.14434
 1454    484     3.72528    -0.42230     8.14434
 1455    484     3.73282    -0.42230     8.14434
 1456    484     3.74036    -0.42230     8.14434
 1457    484     3.74790    -0.42230     8.14434
 1458    484     3.75544    -0.42230     8.14434
 1473    484     3.86856    -0.42230     8.14434
 1474    484     3.87610    -0.42230     8.14434
 1475    484     3.88364    -0.42230     8.14434
 1476    484     3.89118    -0.42230     8.14434
 1477    484     3.89872    -0.42230     8.14434
 1409    485     3.37149    -0.41299     8.10959
 1410    485     3.37900    -0.41299     8.10959
 1411    485     3.38650    -0.41299     8.10959
 1412    485     3.39401    -0.41299     8.10959
 1413    485     3.40152    -0.41299     8.10959
 1414    485     3.40903    -0.41299     8.10959
 1427    485     3.50665    -0.41299     8.10959
 1428    485     3.51416    -0.41299     8.10959
 1429    485     3.52166    -0.41299     8.10959
 1430    485     3.52917    -0.41299     8.10959
 1431    485     3.53668    -0.41299     8.10959
 1432    485     3.54419    -0.41299     8.10959
 1433    485     3.55170    -0.41299     8.10959
 1453    485     3.70188    -0.41299     8.10959
 1454    485     3.70939    -0.41299     8.10959
 1455    485     3.71689    -0.41299     8.10959
 1456    485     3.72440    -0.41299     8.10959
 1457    485     3.73191    -0.41299     8.10959
 1458    485     3.73942    -0.41299     8.10959
 1459    485     3.74693    -0.41299     8.10959
 1473    485     3.85205    -0.41299     8.10959
 1474    485     3.85956    -0.41299     8.10959
 1475    485     3.86707    -0.41299     8.10959
 1476    485     3.87458    -0.41299     8.10959
 1477    485     3.88209    -0.41299     8.10959
 1409    486     3.35716    -0.40376     8.07514
 1410    486     3.36464    -0.40376     8.07514
 1411    486     3.37212    -0.40376     8.07514
 1412    486     3.37959    -0.40376     8.07514
 1413    486     3.38707    -0.40376     8.07514
 1414    486     3.39455    -0.40376     8.07514
 1427    486     3.49175    -0.40376     8.07514
 1428    486     3.49923    -0.40376     8.07514
 1429    486     3.50670    -0.40376     8.07514
 1430    486     3.51418    -0.40376     8.07514
 1431    486     3.52166    -0.40376     8.07514
 1432    486     3.52913    -0.40376     8.07514
 1433    486     3.53661    -0.40376     8.07514
 1454    486     3.69363    -0.40376     8.07514
 1455    486     3.70110    -0.40376     8.07514
 1456    486     3.70858    -0.40376     8.07514
 1457    486     3.71606    -0.40376     8.07514
 1458    486     3.72354    -0.40376     8.07514
 1459    486     3.73101    -0.40376     8.07514
 1460    486     3.73849    -0.40376     8.07514
 1473    486     3.83569    -0.40376     8.07514
 1474    486     3.84317    -0.40376     8.07514
 1475    486     3.85064    -0.40376     8.07514
 1476    486     3.85812    -0.40376     8.07514
 1477    486     3.86560    -0.40376     8.07514
  941    487    -0.14146    -0.39460     8.04098
  942    487    -0.13402    -0.39460     8.04098
  943    487    -0.12657    -0.39460     8.04098
  944    487    -0.11913    -0.39460     8.04098
  945    487    -0.11168    -0.39460     8.04098
 1409    487     3.34296    -0.39460     8.04098
 1410    487     3.35041    -0.39460     8.04098
 1411    487     3.35785    -0.39460     8.04098
 1412    487     3.36530    -0.39460     8.04098
 1413    487     3.37274    -0.39460     8.04098
 1414    487     3.38019    -0.39460     8.04098
 1415    487     3.38763    -0.39460     8.04098
 1428    487     3.48442    -0.39460     8.04098
 1429    487     3.49187    -0.39460     8.04098
 1430    487     3.49931    -0.39460     8.04098
 1431    487     3.50676    -0.39460     8.04098
 1432    487     3.51420    -0.39460     8.04098
 1433    487     3.52165    -0.39460     8.04098
 1455    487     3.68545    -0.39460     8.04098
 1456    487     3.69289    -0.39460     8.04098
 1457    487     3.70034    -0.39460     8.04098
 1458    487     3.70778    -0.39460     8.04098
 1459    487     3.71523    -0.39460     8.04098
 1460    487     3.72267    -0.39460     8.04098
 1473    487     3.81946    -0.39460     8.04098
 1474    487     3.82691    -0.39460     8.04098
 1475    487     3.83435    -0.39460     8.04098
 1476    487     3.84180    -0.39460     8.04098
 1477    487     3.84924    -0.39460     8.04098
 1478    487     3.85669    -0.39460     8.04098
  940    488    -0.14828    -0.38553     8.00710
  941    488    -0.14087    -0.38553     8.00710
  942    488    -0.13345    -0.38553     8.00710
  943    488    -0.12604    -0.38553     8.00710
  944    488    -0.11862    -0.38553     8.00710
  945    488    -0.11121    -0.38553     8.00710
  946    488    -0.10380    -0.38553     8.00710
 1409    488     3.32888    -0.38553     8.00710
 1410    488     3.33629    -0.38553     8.00710
 1411    488     3.34371    -0.38553     8.00710
 1412    488     3.35112    -0.38553     8.00710
 1413    488     3.35853    -0.38553     8.00710
 1414    488     3.36595    -0.38553     8.00710
 1415    488     3.37336    -0.38553     8.00710
 1419    488     3.40302    -0.38553     8.00710
 1420    488     3.41043    -0.38553     8.00710
 1421    488     3.41785    -0.38553     8.00710
 1422    488     3.42526    -0.38553     8.00710
 1423    488     3.43267    -0.38553     8.00710
 1424    488     3.44009    -0.38553     8.00710
 1428    488     3.46974    -0.38553     8.00710
 1429    488     3.47716    -0.38553     8.00710
 1430    488     3.48457    -0.38553     8.00710
 1431    488     3.49199    -0.38553     8.00710
 1432    488     3.49940    -0.38553     8.00710
 1433    488     3.50681    -0.38553     8.00710
 1456    488     3.67734    -0.38553     8.00710
 1457    488     3.68475    -0.38553     8.00710
 1458    488     3.69216    -0.38553     8.00710
 1459    488     3.69958    -0.38553     8.00710
 1460    488     3.70699    -0.38553     8.00710
 1461    488     3.71441    -0.38553     8.00710
 1474    488     3.81079    -0.38553     8.00710
 1475    488     3.81820    -0.38553     8.00710
 1476    488     3.82562    -0.38553     8.00710
 1477    488     3.83303    -0.38553     8.00710
 1478    488     3.84044    -0.38553     8.00710
 1479    488     3.84786    -0.38553     8.00710
  940    489    -0.14766    -0.37653     7.97351
  941    489    -0.14027    -0.37653     7.97351
  942    489    -0.13289    -0.37653     7.97351
  943    489    -0.12551    -0.37653     7.97351
  944    489    -0.11813    -0.37653     7.97351
  945    489    -0.11074    -0.37653     7.97351
  946    489    -0.10336    -0.37653     7.97351
  947    489    -0.09598    -0.37653     7.97351
 1410    489     3.32230    -0.37653     7.97351
 1411    489     3.32968    -0.37653     7.97351
 1412    489     3.33706    -0.37653     7.97351
 1413    489     3.34445    -0.37653     7.97351
 1414    489     3.35183    -0.37653     7.97351
 1415    489     3.35921    -0.37653     7.97351
 1416    489     3.36659    -0.37653     7.97351
 1418    489     3.38136    -0.37653     7.97351
 1419    489     3.38874    -0.37653     7.97351
 1420    489     3.39613    -0.37653     7.97351
 1421    489     3.40351    -0.37653     7.97351
 1422    489     3.41089    -0.37653     7.97351
 1423    489     3.41827    -0.37653     7.97351
 1424    489     3.42566    -0.37653     7.97351
 1425    489     3.43304    -0.37653     7.97351
 1428    489     3.45519    -0.37653     7.97351
 1429    489     3.46257    -0.37653     7.97351
 1430    489     3.46996    -0.37653     7.97351
 1431    489     3.47734    -0.37653     7.97351
 1432    489     3.48472    -0.37653     7.97351
 1433    489     3.49210    -0.37653     7.97351
 1456    489     3.66191    -0.37653     7.97351
 1457    489     3.66929    -0.37653     7.97351
 1458    489     3.67668    -0.37653     7.97351
 1459    489     3.68406    -0.37653     7.97351
 1460    489     3.69144    -0.37653     7.97351
 1461    489     3.69882    -0.37653     7.97351
 1462    489     3.70621    -0.37653     7.97351
 1474    489     3.79480    -0.37653     7.97351
 1475    489     3.80218    -0.37653     7.97351
 1476    489     3.80957    -0.37653     7.97351
 1477    489     3.81695    -0.37653     7.97351
 1478    489     3.82433    -0.37653     7.97351
 1479    489     3.83172    -0.37653     7.97351
 1480    489     3.83910    -0.37653     7.97351
  940    490    -0.14704    -0.36760     7.94021
  941    490    -0.13969    -0.36760     7.94021
  942    490    -0.13234    -0.36760     7.94021
  943    490    -0.12498    -0.36760     7.94021
  944    490    -0.11763    -0.36760     7.94021
  945    490    -0.11028    -0.36760     7.94021
  946    490    -0.10293    -0.36760     7.94021
  947    490    -0.09558    -0.36760     7.94021
  948    490    -0.08822    -0.36760     7.94021
 1410    490     3.30842    -0.36760     7.94021
 1411    490     3.31577    -0.36760     7.94021
 1412    490     3.32312    -0.36760     7.94021
 1413    490     3.33048    -0.36760     7.94021
 1414    490     3.33783    -0.36760     7.94021
 1415    490     3.34518    -0.36760     7.94021
 1416    490     3.35253    -0.36760     7.94021
 1418    490     3.36724    -0.36760     7.94021
 1419    490     3.37459    -0.36760     7.94021
 1420    490     3.38194    -0.36760     7.94021
 1421    490     3.38929    -0.36760     7.94021
 1422    490     3.39664    -0.36760     7.94021
 1423    490     3.40400    -0.36760     7.94021
 1424    490     3.41135    -0.36760     7.94021
 1425    490     3.41870    -0.36760     7.94021
 1426    490     3.42605    -0.36760     7.94021
 1427    490     3.43340    -0.36760     7.94021
 1429    490     3.44811    -0.36760     7.94021
 1430    490     3.45546    -0.36760     7.94021
 1431    490     3.46281    -0.36760     7.94021
 1432    490     3.47016    -0.36760     7.94021
 1433    490     3.47752    -0.36760     7.94021
 1457    490     3.65396    -0.36760     7.94021
 1458    490     3.66132    -0.36760     7.94021
 1459    490     3.66867    -0.36760     7.94021
 1460    490     3.67602    -0.36760     7.94021
 1461    490     3.68337    -0.36760     7.94021
 1462    490     3.69073    -0.36760     7.94021
 1475    490     3.78630    -0.36760     7.94021
 1476    490     3.79365    -0.36760     7.94021
 1477    490     3.80101    -0.36760     7.94021
 1478    490     3.80836    -0.36760     7.94021
 1479    490     3.81571    -0.36760     7.94021
 1480    490     3.82306    -0.36760     7.94021
 1481    490     3.83041    -0.36760     7.94021
  940    491    -0.14643    -0.35875     7.90717
  941    491    -0.13911    -0.35875     7.90717
  942    491    -0.13179    -0.35875     7.90717
  943    491    -0.12446    -0.35875     7.90717
  944    491    -0.11714    -0.35875     7.90717
  945    491    -0.10982    -0.35875     7.90717
  946    491    -0.10250    -0.35875     7.90717
  947    491    -0.09518    -0.35875     7.90717
  948    491    -0.08786    -0.35875     7.90717
 1410    491     3.29466    -0.35875     7.90717
 1411    491     3.30198    -0.35875     7.90717
 1412    491     3.30930    -0.35875     7.90717
 1413    491     3.31662    -0.35875     7.90717
 1414    491     3.32394    -0.35875     7.90717
 1415    491     3.33126    -0.35875     7.90717
 1416    491     3.33858    -0.35875     7.90717
 1418    491     3.35323    -0.35875     7.90717
 1419    491     3.36055    -0.35875     7.90717
 1420    491     3.36787    -0.35875     7.90717
 1421    491     3.37519    -0.35875     7.90717
 1422    491     3.38251    -0.35875     7.90717
 1423    491     3.38983    -0.35875     7.90717
 1424    491     3.39716    -0.35875     7.90717
 1425    491     3.40448    -0.35875     7.90717
 1426    491     3.41180    -0.35875     7.90717
 1427    491     3.41912    -0.35875     7.90717
 1428    491     3.42644    -0.35875     7.90717
 1429    491     3.43376    -0.35875     7.90717
 1430    491     3.44109    -0.35875     7.90717
 1431    491     3.44841    -0.35875     7.90717
 1432    491     3.45573    -0.35875     7.90717
 1433    491     3.46305    -0.35875     7.90717
 1457    491     3.63876    -0.35875     7.90717
 1458    491     3.64609    -0.35875     7.90717
 1459    491     3.65341    -0.35875     7.90717
 1460    491     3.66073    -0.35875     7.90717
 1461    491     3.66805    -0.35875     7.90717
 1462    491     3.67537    -0.35875     7.90717
 1463    491     3.68269    -0.35875     7.90717
 1470    491     3.73394    -0.35875     7.90717
 1471    491     3.74126    -0.35875     7.90717
 1472    491     3.74859    -0.35875     7.90717
 1473    491     3.75591    -0.35875     7.90717
 1474    491     3.76323    -0.35875     7.90717
 1476    491     3.77787    -0.35875     7.90717
 1477    491     3.78519    -0.35875     7.90717
 1478    491     3.79252    -0.35875     7.90717
 1479    491     3.79984    -0.35875     7.90717
 1480    491     3.80716    -0.35875     7.90717
 1481    491     3.81448    -0.35875     7.90717
  940    492    -0.14582    -0.34997     7.87442
  941    492    -0.13853    -0.34997     7.87442
  942    492    -0.13124    -0.34997     7.87442
  943    492    -0.12395    -0.34997     7.87442
  945    492    -0.10937    -0.34997     7.87442
  946    492    -0.10208    -0.34997     7.87442
  947    492    -0.09478    -0.34997     7.87442
  948    492    -0.08749    -0.34997     7.87442
 1411    492     3.28830    -0.34997     7.87442
 1412    492     3.29559    -0.34997     7.87442
 1413    492     3.30288    -0.34997     7.87442
 1414    492     3.31017    -0.34997     7.87442
 1415    492     3.31746    -0.34997     7.87442
 1416    492     3.32475    -0.34997     7.87442
 1418    492     3.33934    -0.34997     7.87442
 1419    492     3.34663    -0.34997     7.87442
 1420    492     3.35392    -0.34997     7.87442
 1421    492     3.36121    -0.34997     7.87442
 1422    492     3.36850    -0.34997     7.87442
 1423    492     3.37579    -0.34997     7.87442
 1424    492     3.38308    -0.34997     7.87442
 1425    492     3.39037    -0.34997     7.87442
 1426    492     3.39766    -0.34997     7.87442
 1427    492     3.40496    -0.34997     7.87442
 1428    492     3.41225    -0.34997     7.87442
 1429    492     3.41954    -0.34997     7.87442
 1430    492     3.42683    -0.34997     7.87442
 1431    492     3.43412    -0.34997     7.87442
 1432    492     3.44141    -0.34997     7.87442
 1433    492     3.44870    -0.34997     7.87442
 1458    492     3.63098    -0.34997     7.87442
 1459    492     3.63827    -0.34997     7.87442
 1460    492     3.64556    -0.34997     7.87442
 1461    492     3.65285    -0.34997     7.87442
 1462    492     3.66015    -0.34997     7.87442
 1463    492     3.66744    -0.34997     7.87442
 1470    492     3.71847    -0.34997     7.87442
 1471    492     3.72577    -0.34997     7.87442
 1472    492     3.73306    -0.34997     7.87442
 1473    492     3.74035    -0.34997     7.87442
 1474    492     3.74764    -0.34997     7.87442
 1475    492     3.75493    -0.34997     7.87442
 1477    492     3.76951    -0.34997     7.87442
 1478    492     3.77680    -0.34997     7.87442
 1479    492     3.78409    -0.34997     7.87442
 1480    492     3.79139    -0.34997     7.87442
 1481    492     3.79868    -0.34997     7.87442
 1482    492     3.80597    -0.34997     7.87442
  940    493    -0.14522    -0.34127     7.84193
  941    493    -0.13796    -0.34127     7.84193
  942    493    -0.13070    -0.34127     7.84193
  943    493    -0.12344    -0.34127     7.84193
  945    493    -0.10892    -0.34127     7.84193
  946    493    -0.10165    -0.34127     7.84193
  947    493    -0.09439    -0.34127     7.84193
  948    493    -0.08713    -0.34127     7.84193
  949    493    -0.07987    -0.34127     7.84193
 1411    493     3.27473    -0.34127     7.84193
 1412    493     3.28199    -0.34127     7.84193
 1413    493     3.28925    -0.34127     7.84193
 1414    493     3.29651    -0.34127     7.84193
 1415    493     3.30378    -0.34127     7.84193
 1416    493     3.31104    -0.34127     7.84193
 1418    493     3.32556    -0.34127     7.84193
 1419    493     3.33282    -0.34127     7.84193
 1420    493     3.34008    -0.34127     7.84193
 1421    493     3.34734    -0.34127     7.84193
 1423    493     3.36186    -0.34127     7.84193
 1424    493     3.36913    -0.34127     7.84193
 1425    493     3.37639    -0.34127     7.84193
 1426    493     3.38365    -0.34127     7.84193
 1427    493     3.39091    -0.34127     7.84193
 1428    493     3.39817    -0.34127     7.84193
 1429    493     3.40543    -0.34127     7.84193
 1430    493     3.41269    -0.34127     7.84193
 1431    493     3.41995    -0.34127     7.84193
 1432    493     3.42721    -0.34127     7.84193
 1433    493     3.43447    -0.34127     7.84193
 1458    493     3.61600    -0.34127     7.84193
 1459    493     3.62326    -0.34127     7.84193
 1460    493     3.63052    -0.34127     7.84193
 1461    493     3.63778    -0.34127     7.84193
 1462    493     3.64504    -0.34127     7.84193
 1463    493     3.65231    -0.34127     7.84193
 1469    493     3.69587    -0.34127     7.84193
 1470    493     3.70313    -0.34127     7.84193
 1471    493     3.71039    -0.34127     7.84193
 1472    493     3.71766    -0.34127     7.84193
 1473    493     3.72492    -0.34127     7.84193
 1474    493     3.73218    -0.34127     7.84193
 1475    493     3.73944    -0.34127     7.84193
 1476    493     3.74670    -0.34127     7.84193
 1478    493     3.76122    -0.34127     7.84193
 1479    493     3.76848    -0.34127     7.84193
 1480    493     3.77574    -0.34127     7.84193
 1481    493     3.78300    -0.34127     7.84193
 1482    493     3.79027    -0.34127     7.84193
 1483    493     3.79753    -0.34127     7.84193
  940    494    -0.14462    -0.33264     7.80971
  941    494    -0.13739    -0.33264     7.80971
  942    494    -0.13016    -0.33264     7.80971
  943    494    -0.12293    -0.33264     7.80971
  944    494    -0.11570    -0.33264     7.80971
  945    494    -0.10847    -0.33264     7.80971
  946    494    -0.10124    -0.33264     7.80971
  947    494    -0.09401    -0.33264     7.80971
  948    494    -0.08677    -0.33264     7.80971
  949    494    -0.07954    -0.33264     7.80971
 1411    494     3.26128    -0.33264     7.80971
 1412    494     3.26851    -0.33264     7.80971
 1413    494     3.27574    -0.33264     7.80971
 1414    494     3.28297    -0.33264     7.80971
 1415    494     3.29020    -0.33264     7.80971
 1416    494     3.29743    -0.33264     7.80971
 1417    494     3.30466    -0.33264     7.80971
 1418    494     3.31190    -0.33264     7.80971
 1419    494     3.31913    -0.33264     7.80971
 1420    494     3.32636    -0.33264     7.80971
 1421    494     3.33359    -0.33264     7.80971
 1425    494     3.36251    -0.33264     7.80971
 1426    494     3.36974    -0.33264     7.80971
 1427    494     3.37698    -0.33264     7.80971
 1428    494     3.38421    -0.33264     7.80971
 1430    494     3.39867    -0.33264     7.80971
 1431    494     3.40590    -0.33264     7.80971
 1432    494     3.41313    -0.33264     7.80971
 1433    494     3.42036    -0.33264     7.80971
 1434    494     3.42759    -0.33264     7.80971
 1459    494     3.60837    -0.33264     7.80971
 1460    494     3.61561    -0.33264     7.80971
 1461    494     3.62284    -0.33264     7.80971
 1462    494     3.63007    -0.33264     7.80971
 1463    494     3.63730    -0.33264     7.80971
 1464    494     3.64453    -0.33264     7.80971
 1465    494     3.65176    -0.33264     7.80971
 1469    494     3.68069    -0.33264     7.80971
 1470    494     3.68792    -0.33264     7.80971
 1471    494     3.69515    -0.33264     7.80971
 1472    494     3.70238    -0.33264     7.80971
 1474    494     3.71684    -0.33264     7.80971
 1475    494     3.72407    -0.33264     7.80971
 1476    494     3.73131    -0.33264     7.80971
 1478    494     3.74577    -0.33264     7.80971
 1479    494     3.75300    -0.33264     7.80971
 1480    494     3.76023    -0.33264     7.80971
 1481    494     3.76746    -0.33264     7.80971
 1482    494     3.77469    -0.33264     7.80971
 1483    494     3.78192    -0.33264     7.80971
 1484    494     3.78916    -0.33264     7.80971
  941    495    -0.13683    -0.32407     7.77775
  942    495    -0.12963    -0.32407     7.77775
  943    495    -0.12243    -0.32407     7.77775
  944    495    -0.11523    -0.32407     7.77775
  945    495    -0.10802    -0.32407     7.77775
  946    495    -0.10082    -0.32407     7.77775
  947    495    -0.09362    -0.32407     7.77775
  948    495    -0.08642    -0.32407     7.77775
  949    495    -0.07922    -0.32407     7.77775
 1411    495     3.24793    -0.32407     7.77775
 1412    495     3.25513    -0.32407     7.77775
 1413    495     3.26234    -0.32407     7.77775
 1414    495     3.26954    -0.32407     7.77775
 1415    495     3.27674    -0.32407     7.77775
 1416    495     3.28394    -0.32407     7.77775
 1417    495     3.29114    -0.32407     7.77775
 1418    495     3.29834    -0.32407     7.77775
 1419    495     3.30554    -0.32407     7.77775
 1420    495     3.31275    -0.32407     7.77775
 1421    495     3.31995    -0.32407     7.77775
 1425    495     3.34875    -0.32407     7.77775
 1426    495     3.35596    -0.32407     7.77775
 1427    495     3.36316    -0.32407     7.77775
 1428    495     3.37036    -0.32407     7.77775
 1429    495     3.37756    -0.32407     7.77775
 1430    495     3.38476    -0.32407     7.77775
 1431    495     3.39196    -0.32407     7.77775
 1432    495     3.39917    -0.32407     7.77775
 1433    495     3.40637    -0.32407     7.77775
 1434    495     3.41357    -0.32407     7.77775
 1459    495     3.59361    -0.32407     7.77775
 1460    495     3.60081    -0.32407     7.77775
 1461    495     3.60801    -0.32407     7.77775
 1462    495     3.61521    -0.32407     7.77775
 1463    495     3.62242    -0.32407     7.77775
 1464    495     3.62962    -0.32407     7.77775
 1465    495     3.63682    -0.32407     7.77775
 1466    495     3.64402    -0.32407     7.77775
 1468    495     3.65842    -0.32407     7.77775
 1469    495     3.66563    -0.32407     7.77775
 1470    495     3.67283    -0.32407     7.77775
 1471    495     3.68003    -0.32407     7.77775
 1472    495     3.68723    -0.32407     7.77775
 1473    495     3.69443    -0.32407     7.77775
 1474    495     3.70163    -0.32407     7.77775
 1475    495     3.70884    -0.32407     7.77775
 1476    495     3.71604    -0.32407     7.77775
 1478    495     3.73044    -0.32407     7.77775
 1479    495     3.73764    -0.32407     7.77775
 1480    495     3.74484    -0.32407     7.77775
 1481    495     3.75205    -0.32407     7.77775
 1482    495     3.75925    -0.32407     7.77775
 1483    495     3.76645    -0.32407     7.77775
 1484    495     3.77365    -0.32407     7.77775
  941    496    -0.13627    -0.31558     7.74606
  942    496    -0.12910    -0.31558     7.74606
  943    496    -0.12193    -0.31558     7.74606
  944    496    -0.11476    -0.31558     7.74606
  945    496    -0.10758    -0.31558     7.74606
  946    496    -0.10041    -0.31558     7.74606
  947    496    -0.09324    -0.31558     7.74606
  948    496    -0.08607    -0.31558     7.74606
  949    496    -0.07890    -0.31558     7.74606
 1412    496     3.24187    -0.31558     7.74606
 1413    496     3.24904    -0.31558     7.74606
 1414    496     3.25621    -0.31558     7.74606
 1415    496     3.26338    -0.31558     7.74606
 1416    496     3.27056    -0.31558     7.74606
 1417    496     3.27773    -0.31558     7.74606
 1418    496     3.28490    -0.31558     7.74606
 1419    496     3.29207    -0.31558     7.74606
 1420    496     3.29925    -0.31558     7.74606
 1421    496     3.30642    -0.31558     7.74606
 1426    496     3.34228    -0.31558     7.74606
 1427    496     3.34945    -0.31558     7.74606
 1428    496     3.35662    -0.31558     7.74606
 1429    496     3.36380    -0.31558     7.74606
 1431    496     3.37814    -0.31558     7.74606
 1432    496     3.38531    -0.31558     7.74606
 1433    496     3.39249    -0.31558     7.74606
 1434    496     3.39966    -0.31558     7.74606
 1435    496     3.40683    -0.31558     7.74606
 1459    496     3.57896    -0.31558     7.74606
 1460    496     3.58614    -0.31558     7.74606
 1461    496     3.59331    -0.31558     7.74606
 1462    496     3.60048    -0.31558     7.74606
 1463    496     3.60765    -0.31558     7.74606
 1464    496     3.61483    -0.31558     7.74606
 1465    496     3.62200    -0.31558     7.74606
 1466    496     3.62917    -0.31558     7.74606
 1468    496     3.64352    -0.31558     7.74606
 1469    496     3.65069    -0.31558     7.74606
 1470    496     3.65786    -0.31558     7.74606
 1472    496     3.67220    -0.31558     7.74606
 1473    496     3.67938    -0.31558     7.74606
 1474    496     3.68655    -0.31558     7.74606
 1475    496     3.69372    -0.31558     7.74606
 1476    496     3.70089    -0.31558     7.74606
 1478    496     3.71524    -0.31558     7.74606
 1479    496     3.72241    -0.31558     7.74606
 1480    496     3.72958    -0.31558     7.74606
 1481    496     3.73676    -0.31558     7.74606
 1482    496     3.74393    -0.31558     7.74606
 1483    496     3.75110    -0.31558     7.74606
 1484    496     3.75827    -0.31558     7.74606
 1485    496     3.76544    -0.31558     7.74606
  941    497    -0.13572    -0.30716     7.71462
  942    497    -0.12858    -0.30716     7.71462
  943    497    -0.12143    -0.30716     7.71462
  944    497    -0.11429    -0.30716     7.71462
  945    497    -0.10715    -0.30716     7.71462
  946    497    -0.10000    -0.30716     7.71462
  947    497    -0.09286    -0.30716     7.71462
  948    497    -0.08572    -0.30716     7.71462
  949    497    -0.07857    -0.30716     7.71462
  950    497    -0.07143    -0.30716     7.71462
 1412    497     3.22871    -0.30716     7.71462
 1413    497     3.23585    -0.30716     7.71462
 1414    497     3.24300    -0.30716     7.71462
 1415    497     3.25014    -0.30716     7.71462
 1416    497     3.25728    -0.30716     7.71462
 1418    497     3.27157    -0.30716     7.71462
 1419    497     3.27871    -0.30716     7.71462
 1420    497     3.28586    -0.30716     7.71462
 1421    497     3.29300    -0.30716     7.71462
 1426    497     3.32871    -0.30716     7.71462
 1427    497     3.33586    -0.30716     7.71462
 1428    497     3.34300    -0.30716     7.71462
 1429    497     3.35014    -0.30716     7.71462
 1430    497     3.35729    -0.30716     7.71462
 1431    497     3.36443    -0.30716     7.71462
 1432    497     3.37157    -0.30716     7.71462
 1433    497     3.37872    -0.30716     7.71462
 1434    497     3.38586    -0.30716     7.71462
 1435    497     3.39300    -0.30716     7.71462
 1436    497     3.40015    -0.30716     7.71462
 1460    497     3.57158    -0.30716     7.71462
 1461    497     3.57873    -0.30716     7.71462
 1462    497     3.58587    -0.30716     7.71462
 1463    497     3.59301    -0.30716     7.71462
 1464    497     3.60015    -0.30716     7.71462
 1465    497     3.60730    -0.30716     7.71462
 1466    497     3.61444    -0.30716     7.71462
 1468    497     3.62873    -0.30716     7.71462
 1469    497     3.63587    -0.30716     7.71462
 1470    497     3.64301    -0.30716     7.71462
 1472    497     3.65730    -0.30716     7.71462
 1473    497     3.66444    -0.30716     7.71462
 1474    497     3.67159    -0.30716     7.71462
 1475    497     3.67873    -0.30716     7.71462
 1476    497     3.68587    -0.30716     7.71462
 1478    497     3.70016    -0.30716     7.71462
 1479    497     3.70730    -0.30716     7.71462
 1480    497     3.71445    -0.30716     7.71462
 1481    497     3.72159    -0.30716     7.71462
 1482    497     3.72873    -0.30716     7.71462
 1483    497     3.73588    -0.30716     7.71462
 1484    497     3.74302    -0.30716     7.71462
 1485    497     3.75016    -0.30716     7.71462
  942    498    -0.12806    -0.29880     7.68343
  943    498    -0.12094    -0.29880     7.68343
  944    498    -0.11383    -0.29880     7.68343
  945    498    -0.10671    -0.29880     7.68343
  946    498    -0.09960    -0.29880     7.68343
  948    498    -0.08537    -0.29880     7.68343
  949    498    -0.07826    -0.29880     7.68343
  950    498    -0.07114    -0.29880     7.68343
 1413    498     3.22277    -0.29880     7.68343
 1414    498     3.22989    -0.29880     7.68343
 1415    498     3.23700    -0.29880     7.68343
 1416    498     3.24412    -0.29880     7.68343
 1418    498     3.25834    -0.29880     7.68343
 1419    498     3.26546    -0.29880     7.68343
 1420    498     3.27257    -0.29880     7.68343
 1421    498     3.27969    -0.29880     7.68343
 1426    498     3.31526    -0.29880     7.68343
 1427    498     3.32237    -0.29880     7.68343
 1428    498     3.32949    -0.29880     7.68343
 1429    498     3.33660    -0.29880     7.68343
 1430    498     3.34372    -0.29880     7.68343
 1432    498     3.35794    -0.29880     7.68343
 1433    498     3.36506    -0.29880     7.68343
 1434    498     3.37217    -0.29880     7.68343
 1435    498     3.37929    -0.29880     7.68343
 1436    498     3.38640    -0.29880     7.68343
 1461    498     3.56426    -0.29880     7.68343
 1462    498     3.57137    -0.29880     7.68343
 1463    498     3.57849    -0.29880     7.68343
 1464    498     3.58560    -0.29880     7.68343
 1465    498     3.59272    -0.29880     7.68343
 1466    498     3.59983    -0.29880     7.68343
 1468    498     3.61406    -0.29880     7.68343
 1469    498     3.62117    -0.29880     7.68343
 1470    498     3.62829    -0.29880     7.68343
 1471    498     3.63540    -0.29880     7.68343
 1472    498     3.64252    -0.29880     7.68343
 1473    498     3.64963    -0.29880     7.68343
 1474    498     3.65674    -0.29880     7.68343
 1478    498     3.68520    -0.29880     7.68343
 1479    498     3.69232    -0.29880     7.68343
 1480    498     3.69943    -0.29880     7.68343
 1481    498     3.70655    -0.29880     7.68343
 1482    498     3.71366    -0.29880     7.68343
 1483    498     3.72077    -0.29880     7.68343
 1484    498     3.72789    -0.29880     7.68343
 1485    498     3.73500    -0.29880     7.68343
  944    499    -0.11337    -0.29051     7.65250
  945    499    -0.10628    -0.29051     7.65250
  946    499    -0.09920    -0.29051     7.65250
  947    499    -0.09211    -0.29051     7.65250
  948    499    -0.08503    -0.29051     7.65250
  949    499    -0.07794    -0.29051     7.65250
  950    499    -0.07086    -0.29051     7.65250
 1413    499     3.20980    -0.29051     7.65250
 1414    499     3.21688    -0.29051     7.65250
 1415    499     3.22397    -0.29051     7.65250
 1416    499     3.23106    -0.29051     7.65250
 1418    499     3.24523    -0.29051     7.65250
 1419    499     3.25231    -0.29051     7.65250
 1420    499     3.25940    -0.29051     7.65250
 1421    499     3.26648    -0.29051     7.65250
 1427    499     3.30900    -0.29051     7.65250
 1428    499     3.31608    -0.29051     7.65250
 1429    499     3.32317    -0.29051     7.65250
 1430    499     3.33025    -0.29051     7.65250
 1433    499     3.35151    -0.29051     7.65250
 1434    499     3.35860    -0.29051     7.65250
 1435    499     3.36568    -0.29051     7.65250
 1436    499     3.37277    -0.29051     7.65250
 1437    499     3.37985    -0.29051     7.65250
 1463    499     3.56408    -0.29051     7.65250
 1464    499     3.57117    -0.29051     7.65250
 1465    499     3.57825    -0.29051     7.65250
 1466    499     3.58534    -0.29051     7.65250
 1467    499     3.59242    -0.29051     7.65250
 1469    499     3.60659    -0.29051     7.65250
 1470    499     3.61368    -0.29051     7.65250
 1471    499     3.62077    -0.29051     7.65250
 1472    499     3.62785    -0.29051     7.65250
 1473    499     3.63494    -0.29051     7.65250
 1479    499     3.67745    -0.29051     7.65250
 1480    499     3.68454    -0.29051     7.65250
 1481    499     3.69162    -0.29051     7.65250
 1482    499     3.69871    -0.29051     7.65250
 1483    499     3.70579    -0.29051     7.65250
 1484    499     3.71288    -0.29051     7.65250
 1485    499     3.71997    -0.29051     7.65250
 1486    499     3.72705    -0.29051     7.65250
  944    500    -0.11292    -0.28229     7.62181
  945    500    -0.10586    -0.28229     7.62181
  946    500    -0.09880    -0.28229     7.62181
  947    500    -0.09174    -0.28229     7.62181
  948    500    -0.08469    -0.28229     7.62181
  949    500    -0.07763    -0.28229     7.62181
  950    500    -0.07057    -0.28229     7.62181
 1413    500     3.19693    -0.28229     7.62181
 1414    500     3.20398    -0.28229     7.62181
 1415    500     3.21104    -0.28229     7.62181
 1416    500     3.21810    -0.28229     7.62181
 1418    500     3.23221    -0.28229     7.62181
 1419    500     3.23927    -0.28229     7.62181
 1420    500     3.24633    -0.28229     7.62181
 1421    500     3.25339    -0.28229     7.62181
 1423    500     3.26750    -0.28229     7.62181
 1424    500     3.27456    -0.28229     7.62181
 1425    500     3.28161    -0.28229     7.62181
 1426    500     3.28867    -0.28229     7.62181
 1427    500     3.29573    -0.28229     7.62181
 1428    500     3.30279    -0.28229     7.62181
 1429    500     3.30984    -0.28229     7.62181
 1430    500     3.31690    -0.28229     7.62181
 1431    500     3.32396    -0.28229     7.62181
 1433    500     3.33807    -0.28229     7.62181
 1434    500     3.34513    -0.28229     7.62181
 1435    500     3.35219    -0.28229     7.62181
 1436    500     3.35924    -0.28229     7.62181
 1437    500     3.36630    -0.28229     7.62181
 1463    500     3.54979    -0.28229     7.62181
 1464    500     3.55685    -0.28229     7.62181
 1465    500     3.56390    -0.28229     7.62181
 1466    500     3.57096    -0.28229     7.62181
 1467    500     3.57802    -0.28229     7.62181
 1469    500     3.59213    -0.28229     7.62181
 1470    500     3.59919    -0.28229     7.62181
 1471    500     3.60625    -0.28229     7.62181
 1472    500     3.61330    -0.28229     7.62181
 1473    500     3.62036    -0.28229     7.62181
 1480    500     3.66976    -0.28229     7.62181
 1481    500     3.67682    -0.28229     7.62181
 1482    500     3.68388    -0.28229     7.62181
 1483    500     3.69093    -0.28229     7.62181
 1484    500     3.69799    -0.28229     7.62181
 1485    500     3.70505    -0.28229     7.62181
 1486    500     3.71211    -0.28229     7.62181
 1487    500     3.71916    -0.28229     7.62181
  945    501    -0.10544    -0.27413     7.59137
  946    501    -0.09841    -0.27413     7.59137
  947    501    -0.09138    -0.27413     7.59137
  948    501    -0.08435    -0.27413     7.59137
  949    501    -0.07732    -0.27413     7.59137
 1413    501     3.18416    -0.27413     7.59137
 1414    501     3.19119    -0.27413     7.59137
 1415    501     3.19822    -0.27413     7.59137
 1416    501     3.20525    -0.27413     7.59137
 1418    501     3.21930    -0.27413     7.59137
 1419    501     3.22633    -0.27413     7.59137
 1420    501     3.23336    -0.27413     7.59137
 1421    501     3.24039    -0.27413     7.59137
 1423    501     3.25445    -0.27413     7.59137
 1424    501     3.26148    -0.27413     7.59137
 1425    501     3.26851    -0.27413     7.59137
 1426    501     3.27554    -0.27413     7.59137
 1427    501     3.28257    -0.27413     7.59137
 1428    501     3.28960    -0.27413     7.59137
 1429    501     3.29662    -0.27413     7.59137
 1430    501     3.30365    -0.27413     7.59137
 1431    501     3.31068    -0.27413     7.59137
 1432    501     3.31771    -0.27413     7.59137
 1434    501     3.33177    -0.27413     7.59137
 1435    501     3.33880    -0.27413     7.59137
 1436    501     3.34583    -0.27413     7.59137
 1437    501     3.35286    -0.27413     7.59137
 1463    501     3.53561    -0.27413     7.59137
 1464    501     3.54264    -0.27413     7.59137
 1465    501     3.54967    -0.27413     7.59137
 1466    501     3.55670    -0.27413     7.59137
 1467    501     3.56373    -0.27413     7.59137
 1470    501     3.58482    -0.27413     7.59137
 1471    501     3.59184    -0.27413     7.59137
 1481    501     3.66213    -0.27413     7.59137
 1482    501     3.66916    -0.27413     7.59137
 1483    501     3.67619    -0.27413     7.59137
 1484    501     3.68322    -0.27413     7.59137
 1485    501     3.69025    -0.27413     7.59137
 1486    501     3.69728    -0.27413     7.59137
 1487    501     3.70431    -0.27413     7.59137
 1413    502     3.17149    -0.26604     7.56118
 1414    502     3.17849    -0.26604     7.56118
 1415    502     3.18550    -0.26604     7.56118
 1416    502     3.19250    -0.26604     7.56118
 1417    502     3.19950    -0.26604     7.56118
 1418    502     3.20650    -0.26604     7.56118
 1419    502     3.21350    -0.26604     7.56118
 1420    502     3.22050    -0.26604     7.56118
 1421    502     3.22750    -0.26604     7.56118
 1423    502     3.24150    -0.26604     7.56118
 1424    502     3.24851    -0.26604     7.56118
 1425    502     3.25551    -0.26604     7.56118
 1426    502     3.26251    -0.26604     7.56118
 1427    502     3.26951    -0.26604     7.56118
 1428    502     3.27651    -0.26604     7.56118
 1430    502     3.29051    -0.26604     7.56118
 1431    502     3.29751    -0.26604     7.56118
 1432    502     3.30451    -0.26604     7.56118
 1434    502     3.31852    -0.26604     7.56118
 1435    502     3.32552    -0.26604     7.56118
 1436    502     3.33252    -0.26604     7.56118
 1437    502     3.33952    -0.26604     7.56118
 1438    502     3.34652    -0.26604     7.56118
 1464    502     3.52855    -0.26604     7.56118
 1465    502     3.53555    -0.26604     7.56118
 1466    502     3.54255    -0.26604     7.56118
 1467    502     3.54955    -0.26604     7.56118
 1468    502     3.55655    -0.26604     7.56118
 1483    502     3.66157    -0.26604     7.56118
 1484    502     3.66857    -0.26604     7.56118
 1485    502     3.67557    -0.26604     7.56118
 1486    502     3.68257    -0.26604     7.56118
 1487    502     3.68957    -0.26604     7.56118
 1413    503     3.15893    -0.25801     7.53122
 1414    503     3.16590    -0.25801     7.53122
 1415    503     3.17287    -0.25801     7.53122
 1416    503     3.17985    -0.25801     7.53122
 1417    503     3.18682    -0.25801     7.53122
 1418    503     3.19379    -0.25801     7.53122
 1419    503     3.20077    -0.25801     7.53122
 1420    503     3.20774    -0.25801     7.53122
 1421    503     3.21471    -0.25801     7.53122
 1423    503     3.22866    -0.25801     7.53122
 1424    503     3.23563    -0.25801     7.53122
 1425    503     3.24261    -0.25801     7.53122
 1427    503     3.25655    -0.25801     7.53122
 1428    503     3.26353    -0.25801     7.53122
 1430    503     3.27747    -0.25801     7.53122
 1431    503     3.28445    -0.25801     7.53122
 1432    503     3.29142    -0.25801     7.53122
 1433    503     3.29839    -0.25801     7.53122
 1434    503     3.30537    -0.25801     7.53122
 1435    503     3.31234    -0.25801     7.53122
 1436    503     3.31931    -0.25801     7.53122
 1437    503     3.32629    -0.25801     7.53122
 1438    503     3.33326    -0.25801     7.53122
 1439    503     3.34023    -0.25801     7.53122
 1464    503     3.51457    -0.25801     7.53122
 1465    503     3.52154    -0.25801     7.53122
 1466    503     3.52851    -0.25801     7.53122
 1467    503     3.53549    -0.25801     7.53122
 1468    503     3.54246    -0.25801     7.53122
 1469    503     3.54943    -0.25801     7.53122
 1483    503     3.64706    -0.25801     7.53122
 1484    503     3.65403    -0.25801     7.53122
 1485    503     3.66101    -0.25801     7.53122
 1486    503     3.66798    -0.25801     7.53122
 1487    503     3.67495    -0.25801     7.53122
 1414    504     3.15341    -0.25005     7.50149
 1415    504     3.16035    -0.25005     7.50149
 1416    504     3.16730    -0.25005     7.50149
 1417    504     3.17424    -0.25005     7.50149
 1418    504     3.18119    -0.25005     7.50149
 1419    504     3.18814    -0.25005     7.50149
 1420    504     3.19508    -0.25005     7.50149
 1421    504     3.20203    -0.25005     7.50149
 1423    504     3.21592    -0.25005     7.50149
 1424    504     3.22286    -0.25005     7.50149
 1425    504     3.22981    -0.25005     7.50149
 1426    504     3.23676    -0.25005     7.50149
 1427    504     3.24370    -0.25005     7.50149
 1430    504     3.26454    -0.25005     7.50149
 1431    504     3.27148    -0.25005     7.50149
 1432    504     3.27843    -0.25005     7.50149
 1433    504     3.28538    -0.25005     7.50149
 1435    504     3.29927    -0.25005     7.50149
 1436    504     3.30621    -0.25005     7.50149
 1437    504     3.31316    -0.25005     7.50149
 1438    504     3.32011    -0.25005     7.50149
 1439    504     3.32705    -0.25005     7.50149
 1464    504     3.50070    -0.25005     7.50149
 1465    504     3.50764    -0.25005     7.50149
 1466    504     3.51459    -0.25005     7.50149
 1467    504     3.52153    -0.25005     7.50149
 1468    504     3.52848    -0.25005     7.50149
 1469    504     3.53543    -0.25005     7.50149
 1482    504     3.62572    -0.25005     7.50149
 1483    504     3.63267    -0.25005     7.50149
 1484    504     3.63961    -0.25005     7.50149
 1485    504     3.64656    -0.25005     7.50149
 1486    504     3.65351    -0.25005     7.50149
 1487    504     3.66045    -0.25005     7.50149
 1415    505     3.14793    -0.24215     7.47201
 1416    505     3.15485    -0.24215     7.47201
 1417    505     3.16177    -0.24215     7.47201
 1418    505     3.16868    -0.24215     7.47201
 1421    505     3.18944    -0.24215     7.47201
 1422    505     3.19636    -0.24215     7.47201
 1424    505     3.21019    -0.24215     7.47201
 1425    505     3.21711    -0.24215     7.47201
 1426    505     3.22403    -0.24215     7.47201
 1427    505     3.23095    -0.24215     7.47201
 1428    505     3.23787    -0.24215     7.47201
 1429    505     3.24479    -0.24215     7.47201
 1430    505     3.25171    -0.24215     7.47201
 1431    505     3.25862    -0.24215     7.47201
 1432    505     3.26554    -0.24215     7.47201
 1433    505     3.27246    -0.24215     7.47201
 1435    505     3.28630    -0.24215     7.47201
 1436    505     3.29322    -0.24215     7.47201
 1437    505     3.30014    -0.24215     7.47201
 1438    505     3.30705    -0.24215     7.47201
 1439    505     3.31397    -0.24215     7.47201
 1440    505     3.32089    -0.24215     7.47201
 1465    505     3.49385    -0.24215     7.47201
 1466    505     3.50077    -0.24215     7.47201
 1467    505     3.50769    -0.24215     7.47201
 1468    505     3.51461    -0.24215     7.47201
 1469    505     3.52153    -0.24215     7.47201
 1482    505     3.61147    -0.24215     7.47201
 1483    505     3.61839    -0.24215     7.47201
 1484    505     3.62531    -0.24215     7.47201
 1485    505     3.63222    -0.24215     7.47201
 1486    505     3.63914    -0.24215     7.47201
 1487    505     3.64606    -0.24215     7.47201
 1416    506     3.14249    -0.23431     7.44275
 1417    506     3.14938    -0.23431     7.44275
 1418    506     3.15628    -0.23431     7.44275
 1419    506     3.16317    -0.23431     7.44275
 1421    506     3.17695    -0.23431     7.44275
 1422    506     3.18384    -0.23431     7.44275
 1423    506     3.19073    -0.23431     7.44275
 1425    506     3.20452    -0.23431     7.44275
 1426    506     3.21141    -0.23431     7.44275
 1427    506     3.21830    -0.23431     7.44275
 1428    506     3.22519    -0.23431     7.44275
 1429    506     3.23208    -0.23431     7.44275
 1430    506     3.23897    -0.23431     7.44275
 1431    506     3.24586    -0.23431     7.44275
 1432    506     3.25276    -0.23431     7.44275
 1433    506     3.25965    -0.23431     7.44275
 1435    506     3.27343    -0.23431     7.44275
 1436    506     3.28032    -0.23431     7.44275
 1437    506     3.28721    -0.23431     7.44275
 1438    506     3.29410    -0.23431     7.44275
 1439    506     3.30100    -0.23431     7.44275
 1440    506     3.30789    -0.23431     7.44275
 1465    506     3.48017    -0.23431     7.44275
 1466    506     3.48707    -0.23431     7.44275
 1467    506     3.49396    -0.23431     7.44275
 1468    506     3.50085    -0.23431     7.44275
 1469    506     3.50774    -0.23431     7.44275
 1470    506     3.51463    -0.23431     7.44275
 1482    506     3.59733    -0.23431     7.44275
 1483    506     3.60422    -0.23431     7.44275
 1484    506     3.61111    -0.23431     7.44275
 1485    506     3.61800    -0.23431     7.44275
 1486    506     3.62489    -0.23431     7.44275
 1487    506     3.63179    -0.23431     7.44275
 1488    506     3.63868    -0.23431     7.44275
 1417    507     3.13710    -0.22653     7.41372
 1418    507     3.14397    -0.22653     7.41372
 1419    507     3.15083    -0.22653     7.41372
 1420    507     3.15769    -0.22653     7.41372
 1421    507     3.16456    -0.22653     7.41372
 1422    507     3.17142    -0.22653     7.41372
 1423    507     3.17829    -0.22653     7.41372
 1424    507     3.18515    -0.22653     7.41372
 1426    507     3.19888    -0.22653     7.41372
 1427    507     3.20575    -0.22653     7.41372
 1428    507     3.21261    -0.22653     7.41372
 1429    507     3.21948    -0.22653     7.41372
 1430    507     3.22634    -0.22653     7.41372
 1431    507     3.23320    -0.22653     7.41372
 1432    507     3.24007    -0.22653     7.41372
 1433    507     3.24693    -0.22653     7.41372
 1435    507     3.26066    -0.22653     7.41372
 1436    507     3.26753    -0.22653     7.41372
 1437    507     3.27439    -0.22653     7.41372
 1438    507     3.28126    -0.22653     7.41372
 1439    507     3.28812    -0.22653     7.41372
 1440    507     3.29499    -0.22653     7.41372
 1465    507     3.46660    -0.22653     7.41372
 1466    507     3.47346    -0.22653     7.41372
 1467    507     3.48033    -0.22653     7.41372
 1468    507     3.48719    -0.22653     7.41372
 1469    507     3.49406    -0.22653     7.41372
 1470    507     3.50092    -0.22653     7.41372
 1471    507     3.50779    -0.22653     7.41372
 1482    507     3.58330    -0.22653     7.41372
 1483    507     3.59016    -0.22653     7.41372
 1484    507     3.59703    -0.22653     7.41372
 1485    507     3.60389    -0.22653     7.41372
 1486    507     3.61076    -0.22653     7.41372
 1487    507     3.61762    -0.22653     7.41372
 1488    507     3.62448    -0.22653     7.41372
 1417    508     3.12491    -0.21881     7.38491
 1418    508     3.13175    -0.21881     7.38491
 1419    508     3.13859    -0.21881     7.38491
 1420    508     3.14543    -0.21881     7.38491
 1421    508     3.15226    -0.21881     7.38491
 1422    508     3.15910    -0.21881     7.38491
 1423    508     3.16594    -0.21881     7.38491
 1424    508     3.17278    -0.21881     7.38491
 1425    508     3.17962    -0.21881     7.38491
 1429    508     3.20697    -0.21881     7.38491
 1430    508     3.21381    -0.21881     7.38491
 1431    508     3.22064    -0.21881     7.38491
 1432    508     3.22748    -0.21881     7.38491
 1433    508     3.23432    -0.21881     7.38491
 1435    508     3.24799    -0.21881     7.38491
 1436    508     3.25483    -0.21881     7.38491
 1437    508     3.26167    -0.21881     7.38491
 1438    508     3.26851    -0.21881     7.38491
 1439    508     3.27535    -0.21881     7.38491
 1465    508     3.45313    -0.21881     7.38491
 1466    508     3.45997    -0.21881     7.38491
 1467    508     3.46681    -0.21881     7.38491
 1468    508     3.47364    -0.21881     7.38491
 1469    508     3.48048    -0.21881     7.38491
 1470    508     3.48732    -0.21881     7.38491
 1471    508     3.49416    -0.21881     7.38491
 1472    508     3.50100    -0.21881     7.38491
 1483    508     3.57621    -0.21881     7.38491
 1484    508     3.58305    -0.21881     7.38491
 1485    508     3.58989    -0.21881     7.38491
 1486    508     3.59673    -0.21881     7.38491
 1487    508     3.60356    -0.21881     7.38491
 1488    508     3.61040    -0.21881     7.38491
 1489    508     3.61724    -0.21881     7.38491
 1417    509     3.11282    -0.21115     7.35633
 1418    509     3.11963    -0.21115     7.35633
 1419    509     3.12644    -0.21115     7.35633
 1420    509     3.13325    -0.21115     7.35633
 1421    509     3.14006    -0.21115     7.35633
 1422    509     3.14688    -0.21115     7.35633
 1423    509     3.15369    -0.21115     7.35633
 1424    509     3.16050    -0.21115     7.35633
 1425    509     3.16731    -0.21115     7.35633
 1429    509     3.19456    -0.21115     7.35633
 1430    509     3.20137    -0.21115     7.35633
 1431    509     3.20818    -0.21115     7.35633
 1432    509     3.21499    -0.21115     7.35633
 1433    509     3.22180    -0.21115     7.35633
 1434    509     3.22861    -0.21115     7.35633
 1435    509     3.23542    -0.21115     7.35633
 1436    509     3.24224    -0.21115     7.35633
 1437    509     3.24905    -0.21115     7.35633
 1438    509     3.25586    -0.21115     7.35633
 1439    509     3.26267    -0.21115     7.35633
 1465    509     3.43977    -0.21115     7.35633
 1466    509     3.44658    -0.21115     7.35633
 1467    509     3.45339    -0.21115     7.35633
 1468    509     3.46020    -0.21115     7.35633
 1469    509     3.46701    -0.21115     7.35633
 1470    509     3.47382    -0.21115     7.35633
 1471    509     3.48064    -0.21115     7.35633
 1472    509     3.48745    -0.21115     7.35633
 1484    509     3.56918    -0.21115     7.35633
 1485    509     3.57600    -0.21115     7.35633
 1486    509     3.58281    -0.21115     7.35633
 1487    509     3.58962    -0.21115     7.35633
 1488    509     3.59643    -0.21115     7.35633
 1489    509     3.60324    -0.21115     7.35633
 1417    510     3.10082    -0.20355     7.32797
 1418    510     3.10760    -0.20355     7.32797
 1419    510     3.11439    -0.20355     7.32797
 1420    510     3.12117    -0.20355     7.32797
 1421    510     3.12796    -0.20355     7.32797
 1423    510     3.14153    -0.20355     7.32797
 1424    510     3.14831    -0.20355     7.32797
 1425    510     3.15510    -0.20355     7.32797
 1426    510     3.16188    -0.20355     7.32797
 1427    510     3.16867    -0.20355     7.32797
 1428    510     3.17545    -0.20355     7.32797
 1429    510     3.18224    -0.20355     7.32797
 1430    510     3.18903    -0.20355     7.32797
 1431    510     3.19581    -0.20355     7.32797
 1432    510     3.20260    -0.20355     7.32797
 1433    510     3.20938    -0.20355     7.32797
 1434    510     3.21617    -0.20355     7.32797
 1435    510     3.22295    -0.20355     7.32797
 1436    510     3.22974    -0.20355     7.32797
 1437    510     3.23652    -0.20355     7.32797
 1438    510     3.24331    -0.20355     7.32797
 1466    510     3.43329    -0.20355     7.32797
 1467    510     3.44008    -0.20355     7.32797
 1468    510     3.44686    -0.20355     7.32797
 1469    510     3.45365    -0.20355     7.32797
 1470    510     3.46043    -0.20355     7.32797
 1471    510     3.46722    -0.20355     7.32797
 1472    510     3.47400    -0.20355     7.32797
 1473    510     3.48079    -0.20355     7.32797
 1485    510     3.56221    -0.20355     7.32797
 1486    510     3.56899    -0.20355     7.32797
 1487    510     3.57578    -0.20355     7.32797
 1488    510     3.58256    -0.20355     7.32797
 1489    510     3.58935    -0.20355     7.32797
 1490    510     3.59613    -0.20355     7.32797
 1418    511     3.09567    -0.19601     7.29983
 1419    511     3.10243    -0.19601     7.29983
 1420    511     3.10919    -0.19601     7.29983
 1421    511     3.11595    -0.19601     7.29983
 1423    511     3.12946    -0.19601     7.29983
 1424    511     3.13622    -0.19601     7.29983
 1425    511     3.14298    -0.19601     7.29983
 1426    511     3.14974    -0.19601     7.29983
 1427    511     3.15650    -0.19601     7.29983
 1428    511     3.16326    -0.19601     7.29983
 1429    511     3.17002    -0.19601     7.29983
 1430    511     3.17678    -0.19601     7.29983
 1431    511     3.18354    -0.19601     7.29983
 1432    511     3.19030    -0.19601     7.29983
 1434    511     3.20381    -0.19601     7.29983
 1435    511     3.21057    -0.19601     7.29983
 1436    511     3.21733    -0.19601     7.29983
 1437    511     3.22409    -0.19601     7.29983
 1438    511     3.23085    -0.19601     7.29983
 1466    511     3.42011    -0.19601     7.29983
 1467    511     3.42686    -0.19601     7.29983
 1468    511     3.43362    -0.19601     7.29983
 1469    511     3.44038    -0.19601     7.29983
 1470    511     3.44714    -0.19601     7.29983
 1471    511     3.45390    -0.19601     7.29983
 1472    511     3.46066    -0.19601     7.29983
 1473    511     3.46742    -0.19601     7.29983
 1485    511     3.54853    -0.19601     7.29983
 1486    511     3.55529    -0.19601     7.29983
 1487    511     3.56205    -0.19601     7.29983
 1488    511     3.56881    -0.19601     7.29983
 1489    511     3.57556    -0.19601     7.29983
 1490    511     3.58232    -0.19601     7.29983
 1491    511     3.58908    -0.19601     7.29983
 1418    512     3.08383    -0.18853     7.27190
 1419    512     3.09056    -0.18853     7.27190
 1420    512     3.09729    -0.18853     7.27190
 1421    512     3.10402    -0.18853     7.27190
 1423    512     3.11749    -0.18853     7.27190
 1424    512     3.12422    -0.18853     7.27190
 1425    512     3.13096    -0.18853     7.27190
 1426    512     3.13769    -0.18853     7.27190
 1427    512     3.14442    -0.18853     7.27190
 1428    512     3.15116    -0.18853     7.27190
 1429    512     3.15789    -0.18853     7.27190
 1430    512     3.16462    -0.18853     7.27190
 1431    512     3.17136    -0.18853     7.27190
 1432    512     3.17809    -0.18853     7.27190
 1434    512     3.19156    -0.18853     7.27190
 1435    512     3.19829    -0.18853     7.27190
 1436    512     3.20502    -0.18853     7.27190
 1437    512     3.21176    -0.18853     7.27190
 1438    512     3.21849    -0.18853     7.27190
 1439    512     3.22522    -0.18853     7.27190
 1468    512     3.42049    -0.18853     7.27190
 1469    512     3.42722    -0.18853     7.27190
 1470    512     3.43395    -0.18853     7.27190
 1471    512     3.44069    -0.18853     7.27190
 1472    512     3.44742    -0.18853     7.27190
 1473    512     3.45415    -0.18853     7.27190
 1482    512     3.51475    -0.18853     7.27190
 1483    512     3.52149    -0.18853     7.27190
 1484    512     3.52822    -0.18853     7.27190
 1485    512     3.53495    -0.18853     7.27190
 1486    512     3.54169    -0.18853     7.27190
 1487    512     3.54842    -0.18853     7.27190
 1488    512     3.55515    -0.18853     7.27190
 1489    512     3.56189    -0.18853     7.27190
 1490    512     3.56862    -0.18853     7.27190
 1491    512     3.57535    -0.18853     7.27190
 1492    512     3.58209    -0.18853     7.27190
 1419    513     3.07878    -0.18110     7.24419
 1420    513     3.08549    -0.18110     7.24419
 1421    513     3.09219    -0.18110     7.24419
 1422    513     3.09890    -0.18110     7.24419
 1424    513     3.11232    -0.18110     7.24419
 1425    513     3.11903    -0.18110     7.24419
 1426    513     3.12573    -0.18110     7.24419
 1427    513     3.13244    -0.18110     7.24419
 1428    513     3.13915    -0.18110     7.24419
 1429    513     3.14586    -0.18110     7.24419
 1430    513     3.15256    -0.18110     7.24419
 1431    513     3.15927    -0.18110     7.24419
 1432    513     3.16598    -0.18110     7.24419
 1434    513     3.17939    -0.18110     7.24419
 1435    513     3.18610    -0.18110     7.24419
 1436    513     3.19281    -0.18110     7.24419
 1437    513     3.19952    -0.18110     7.24419
 1438    513     3.20622    -0.18110     7.24419
 1439    513     3.21293    -0.18110     7.24419
 1440    513     3.21964    -0.18110     7.24419
 1469    513     3.41416    -0.18110     7.24419
 1470    513     3.42087    -0.18110     7.24419
 1471    513     3.42757    -0.18110     7.24419
 1472    513     3.43428    -0.18110     7.24419
 1473    513     3.44099    -0.18110     7.24419
 1474    513     3.44770    -0.18110     7.24419
 1480    513     3.48794    -0.18110     7.24419
 1481    513     3.49465    -0.18110     7.24419
 1482    513     3.50136    -0.18110     7.24419
 1483    513     3.50806    -0.18110     7.24419
 1484    513     3.51477    -0.18110     7.24419
 1485    513     3.52148    -0.18110     7.24419
 1486    513     3.52819    -0.18110     7.24419
 1487    513     3.53490    -0.18110     7.24419
 1489    513     3.54831    -0.18110     7.24419
 1490    513     3.55502    -0.18110     7.24419
 1491    513     3.56173    -0.18110     7.24419
 1492    513     3.56843    -0.18110     7.24419
 1419    514     3.06709    -0.17373     7.21668
 1420    514     3.07377    -0.17373     7.21668
 1421    514     3.08045    -0.17373     7.21668
 1422    514     3.08714    -0.17373     7.21668
 1424    514     3.10050    -0.17373     7.21668
 1425    514     3.10718    -0.17373     7.21668
 1426    514     3.11387    -0.17373     7.21668
 1427    514     3.12055    -0.17373     7.21668
 1428    514     3.12723    -0.17373     7.21668
 1429    514     3.13391    -0.17373     7.21668
 1434    514     3.16732    -0.17373     7.21668
 1435    514     3.17400    -0.17373     7.21668
 1436    514     3.18069    -0.17373     7.21668
 1437    514     3.18737    -0.17373     7.21668
 1438    514     3.19405    -0.17373     7.21668
 1439    514     3.20073    -0.17373     7.21668
 1440    514     3.20741    -0.17373     7.21668
 1469    514     3.40120    -0.17373     7.21668
 1470    514     3.40788    -0.17373     7.21668
 1471    514     3.41456    -0.17373     7.21668
 1472    514     3.42124    -0.17373     7.21668
 1473    514     3.42792    -0.17373     7.21668
 1474    514     3.43461    -0.17373     7.21668
 1480    514     3.47470    -0.17373     7.21668
 1481    514     3.48138    -0.17373     7.21668
 1482    514     3.48806    -0.17373     7.21668
 1483    514     3.49475    -0.17373     7.21668
 1484    514     3.50143    -0.17373     7.21668
 1485    514     3.50811    -0.17373     7.21668
 1486    514     3.51479    -0.17373     7.21668
 1487    514     3.52147    -0.17373     7.21668
 1488    514     3.52816    -0.17373     7.21668
 1490    514     3.54152    -0.17373     7.21668
 1491    514     3.54820    -0.17373     7.21668
 1492    514     3.55488    -0.17373     7.21668
 1419    515     3.05549    -0.16642     7.18939
 1420    515     3.06215    -0.16642     7.18939
 1421    515     3.06880    -0.16642     7.18939
 1422    515     3.07546    -0.16642     7.18939
 1423    515     3.08212    -0.16642     7.18939
 1424    515     3.08877    -0.16642     7.18939
 1425    515     3.09543    -0.16642     7.18939
 1426    515     3.10209    -0.16642     7.18939
 1427    515     3.10874    -0.16642     7.18939
 1435    515     3.16200    -0.16642     7.18939
 1436    515     3.16866    -0.16642     7.18939
 1437    515     3.17531    -0.16642     7.18939
 1438    515     3.18197    -0.16642     7.18939
 1439    515     3.18863    -0.16642     7.18939
 1440    515     3.19528    -0.16642     7.18939
 1441    515     3.20194    -0.16642     7.18939
 1470    515     3.39499    -0.16642     7.18939
 1471    515     3.40165    -0.16642     7.18939
 1472    515     3.40830    -0.16642     7.18939
 1473    515     3.41496    -0.16642     7.18939
 1474    515     3.42162    -0.16642     7.18939
 1479    515     3.45490    -0.16642     7.18939
 1480    515     3.46156    -0.16642     7.18939
 1481    515     3.46821    -0.16642     7.18939
 1482    515     3.47487    -0.16642     7.18939
 1483    515     3.48153    -0.16642     7.18939
 1487    515     3.50815    -0.16642     7.18939
 1488    515     3.51481    -0.16642     7.18939
 1490    515     3.52813    -0.16642     7.18939
 1491    515     3.53478    -0.16642     7.18939
 1492    515     3.54144    -0.16642     7.18939
 1420    516     3.05061    -0.15916     7.16230
 1421    516     3.05724    -0.15916     7.16230
 1422    516     3.06387    -0.15916     7.16230
 1423    516     3.07050    -0.15916     7.16230
 1424    516     3.07713    -0.15916     7.16230
 1425    516     3.08377    -0.15916     7.16230
 1436    516     3.15672    -0.15916     7.16230
 1437    516     3.16335    -0.15916     7.16230
 1438    516     3.16998    -0.15916     7.16230
 1439    516     3.17661    -0.15916     7.16230
 1440    516     3.18324    -0.15916     7.16230
 1441    516     3.18987    -0.15916     7.16230
 1470    516     3.38220    -0.15916     7.16230
 1471    516     3.38883    -0.15916     7.16230
 1472    516     3.39546    -0.15916     7.16230
 1473    516     3.40209    -0.15916     7.16230
 1474    516     3.40872    -0.15916     7.16230
 1475    516     3.41535    -0.15916     7.16230
 1479    516     3.44188    -0.15916     7.16230
 1480    516     3.44851    -0.15916     7.16230
 1481    516     3.45515    -0.15916     7.16230
 1482    516     3.46178    -0.15916     7.16230
 1483    516     3.46841    -0.15916     7.16230
 1484    516     3.47504    -0.15916     7.16230
 1485    516     3.48167    -0.15916     7.16230
 1486    516     3.48830    -0.15916     7.16230
 1487    516     3.49494    -0.15916     7.16230
 1488    516     3.50157    -0.15916     7.16230
 1489    516     3.50820    -0.15916     7.16230
 1490    516     3.51483    -0.15916     7.16230
 1491    516     3.52146    -0.15916     7.16230
 1492    516     3.52809    -0.15916     7.16230
 1420    517     3.03916    -0.15196     7.13541
 1421    517     3.04576    -0.15196     7.13541
 1422    517     3.05237    -0.15196     7.13541
 1423    517     3.05898    -0.15196     7.13541
 1424    517     3.06558    -0.15196     7.13541
 1425    517     3.07219    -0.15196     7.13541
 1429    517     3.09862    -0.15196     7.13541
 1430    517     3.10522    -0.15196     7.13541
 1431    517     3.11183    -0.15196     7.13541
 1434    517     3.13165    -0.15196     7.13541
 1435    517     3.13826    -0.15196     7.13541
 1436    517     3.14487    -0.15196     7.13541
 1437    517     3.15147    -0.15196     7.13541
 1438    517     3.15808    -0.15196     7.13541
 1439    517     3.16469    -0.15196     7.13541
 1440    517     3.17129    -0.15196     7.13541
 1441    517     3.17790    -0.15196     7.13541
 1471    517     3.37611    -0.15196     7.13541
 1472    517     3.38271    -0.15196     7.13541
 1473    517     3.38932    -0.15196     7.13541
 1474    517     3.39593    -0.15196     7.13541
 1475    517     3.40253    -0.15196     7.13541
 1479    517     3.42896    -0.15196     7.13541
 1480    517     3.43557    -0.15196     7.13541
 1481    517     3.44217    -0.15196     7.13541
 1482    517     3.44878    -0.15196     7.13541
 1483    517     3.45539    -0.15196     7.13541
 1484    517     3.46200    -0.15196     7.13541
 1485    517     3.46860    -0.15196     7.13541
 1486    517     3.47521    -0.15196     7.13541
 1487    517     3.48182    -0.15196     7.13541
 1489    517     3.49503    -0.15196     7.13541
 1490    517     3.50164    -0.15196     7.13541
 1491    517     3.50824    -0.15196     7.13541
 1492    517     3.51485    -0.15196     7.13541
 1493    517     3.52146    -0.15196     7.13541
 1421    518     3.03437    -0.14481     7.10872
 1422    518     3.04095    -0.14481     7.10872
 1423    518     3.04754    -0.14481     7.10872
 1424    518     3.05412    -0.14481     7.10872
 1425    518     3.06070    -0.14481     7.10872
 1426    518     3.06728    -0.14481     7.10872
 1428    518     3.08045    -0.14481     7.10872
 1429    518     3.08703    -0.14481     7.10872
 1430    518     3.09361    -0.14481     7.10872
 1431    518     3.10019    -0.14481     7.10872
 1434    518     3.11994    -0.14481     7.10872
 1435    518     3.12652    -0.14481     7.10872
 1438    518     3.14627    -0.14481     7.10872
 1439    518     3.15285    -0.14481     7.10872
 1440    518     3.15943    -0.14481     7.10872
 1441    518     3.16602    -0.14481     7.10872
 1471    518     3.36348    -0.14481     7.10872
 1472    518     3.37006    -0.14481     7.10872
 1473    518     3.37664    -0.14481     7.10872
 1474    518     3.38323    -0.14481     7.10872
 1475    518     3.38981    -0.14481     7.10872
 1476    518     3.39639    -0.14481     7.10872
 1480    518     3.42272    -0.14481     7.10872
 1481    518     3.42930    -0.14481     7.10872
 1482    518     3.43588    -0.14481     7.10872
 1483    518     3.44247    -0.14481     7.10872
 1484    518     3.44905    -0.14481     7.10872
 1485    518     3.45563    -0.14481     7.10872
 1486    518     3.46221    -0.14481     7.10872
 1487    518     3.46879    -0.14481     7.10872
 1488    518     3.47538    -0.14481     7.10872
 1489    518     3.48196    -0.14481     7.10872
 1490    518     3.48854    -0.14481     7.10872
 1491    518     3.49512    -0.14481     7.10872
 1492    518     3.50170    -0.14481     7.10872
 1493    518     3.50829    -0.14481     7.10872
 1494    518     3.51487    -0.14481     7.10872
 1495    518     3.52145    -0.14481     7.10872
 1422    519     3.02962    -0.13771     7.08224
 1423    519     3.03618    -0.13771     7.08224
 1424    519     3.04274    -0.13771     7.08224
 1425    519     3.04930    -0.13771     7.08224
 1426    519     3.05585    -0.13771     7.08224
 1428    519     3.06897    -0.13771     7.08224
 1429    519     3.07553    -0.13771     7.08224
 1434    519     3.10832    -0.13771     7.08224
 1438    519     3.13455    -0.13771     7.08224
 1439    519     3.14110    -0.13771     7.08224
 1440    519     3.14766    -0.13771     7.08224
 1441    519     3.15422    -0.13771     7.08224
 1471    519     3.35095    -0.13771     7.08224
 1472    519     3.35750    -0.13771     7.08224
 1473    519     3.36406    -0.13771     7.08224
 1474    519     3.37062    -0.13771     7.08224
 1475    519     3.37718    -0.13771     7.08224
 1476    519     3.38374    -0.13771     7.08224
 1477    519     3.39029    -0.13771     7.08224
 1485    519     3.44275    -0.13771     7.08224
 1486    519     3.44931    -0.13771     7.08224
 1487    519     3.45587    -0.13771     7.08224
 1488    519     3.46243    -0.13771     7.08224
 1489    519     3.46898    -0.13771     7.08224
 1490    519     3.47554    -0.13771     7.08224
 1492    519     3.48866    -0.13771     7.08224
 1493    519     3.49522    -0.13771     7.08224
 1494    519     3.50177    -0.13771     7.08224
 1495    519     3.50833    -0.13771     7.08224
 1422    520     3.01838    -0.13067     7.05595
 1423    520     3.02491    -0.13067     7.05595
 1424    520     3.03144    -0.13067     7.05595
 1425    520     3.03798    -0.13067     7.05595
 1426    520     3.04451    -0.13067     7.05595
 1429    520     3.06411    -0.13067     7.05595
 1433    520     3.09024    -0.13067     7.05595
 1434    520     3.09678    -0.13067     7.05595
 1435    520     3.10331    -0.13067     7.05595
 1438    520     3.12291    -0.13067     7.05595
 1439    520     3.12944    -0.13067     7.05595
 1440    520     3.13598    -0.13067     7.05595
 1441    520     3.14251    -0.13067     7.05595
 1471    520     3.33851    -0.13067     7.05595
 1472    520     3.34504    -0.13067     7.05595
 1473    520     3.35157    -0.13067     7.05595
 1474    520     3.35811    -0.13067     7.05595
 1475    520     3.36464    -0.13067     7.05595
 1476    520     3.37117    -0.13067     7.05595
 1477    520     3.37771    -0.13067     7.05595
 1479    520     3.39077    -0.13067     7.05595
 1480    520     3.39731    -0.13067     7.05595
 1481    520     3.40384    -0.13067     7.05595
 1482    520     3.41037    -0.13067     7.05595
 1483    520     3.41691    -0.13067     7.05595
 1484    520     3.42344    -0.13067     7.05595
 1485    520     3.42997    -0.13067     7.05595
 1486    520     3.43651    -0.13067     7.05595
 1487    520     3.44304    -0.13067     7.05595
 1488    520     3.44957    -0.13067     7.05595
 1489    520     3.45611    -0.13067     7.05595
 1490    520     3.46264    -0.13067     7.05595
 1491    520     3.46917    -0.13067     7.05595
 1494    520     3.48877    -0.13067     7.05595
 1495    520     3.49531    -0.13067     7.05595
 1422    521     3.00721    -0.12367     7.02985
 1423    521     3.01372    -0.12367     7.02985
 1424    521     3.02023    -0.12367     7.02985
 1425    521     3.02674    -0.12367     7.02985
 1426    521     3.03325    -0.12367     7.02985
 1427    521     3.03976    -0.12367     7.02985
 1429    521     3.05278    -0.12367     7.02985
 1432    521     3.07231    -0.12367     7.02985
 1433    521     3.07881    -0.12367     7.02985
 1434    521     3.08532    -0.12367     7.02985
 1435    521     3.09183    -0.12367     7.02985
 1436    521     3.09834    -0.12367     7.02985
 1438    521     3.11136    -0.12367     7.02985
 1439    521     3.11787    -0.12367     7.02985
 1440    521     3.12438    -0.12367     7.02985
 1441    521     3.13089    -0.12367     7.02985
 1472    521     3.33267    -0.12367     7.02985
 1473    521     3.33918    -0.12367     7.02985
 1474    521     3.34569    -0.12367     7.02985
 1475    521     3.35220    -0.12367     7.02985
 1476    521     3.35871    -0.12367     7.02985
 1477    521     3.36522    -0.12367     7.02985
 1478    521     3.37172    -0.12367     7.02985
 1479    521     3.37823    -0.12367     7.02985
 1480    521     3.38474    -0.12367     7.02985
 1481    521     3.39125    -0.12367     7.02985
 1482    521     3.39776    -0.12367     7.02985
 1483    521     3.40427    -0.12367     7.02985
 1484    521     3.41078    -0.12367     7.02985
 1485    521     3.41729    -0.12367     7.02985
 1486    521     3.42380    -0.12367     7.02985
 1487    521     3.43031    -0.12367     7.02985
 1488    521     3.43682    -0.12367     7.02985
 1489    521     3.44332    -0.12367     7.02985
 1490    521     3.44983    -0.12367     7.02985
 1491    521     3.45634    -0.12367     7.02985
 1492    521     3.46285    -0.12367     7.02985
 1493    521     3.46936    -0.12367     7.02985
 1494    521     3.47587    -0.12367     7.02985
 1495    521     3.48238    -0.12367     7.02985
 1422    522     2.99613    -0.11673     7.00395
 1423    522     3.00262    -0.11673     7.00395
 1424    522     3.00910    -0.11673     7.00395
 1425    522     3.01559    -0.11673     7.00395
 1426    522     3.02207    -0.11673     7.00395
 1427    522     3.02856    -0.11673     7.00395
 1430    522     3.04801    -0.11673     7.00395
 1431    522     3.05450    -0.11673     7.00395
 1432    522     3.06098    -0.11673     7.00395
 1433    522     3.06747    -0.11673     7.00395
 1434    522     3.07395    -0.11673     7.00395
 1435    522     3.08044    -0.11673     7.00395
 1436    522     3.08692    -0.11673     7.00395
 1437    522     3.09341    -0.11673     7.00395
 1439    522     3.10638    -0.11673     7.00395
 1440    522     3.11287    -0.11673     7.00395
 1441    522     3.11935    -0.11673     7.00395
 1442    522     3.12584    -0.11673     7.00395
 1473    522     3.32687    -0.11673     7.00395
 1474    522     3.33336    -0.11673     7.00395
 1475    522     3.33985    -0.11673     7.00395
 1476    522     3.34633    -0.11673     7.00395
 1477    522     3.35282    -0.11673     7.00395
 1478    522     3.35930    -0.11673     7.00395
 1479    522     3.36579    -0.11673     7.00395
 1480    522     3.37227    -0.11673     7.00395
 1481    522     3.37876    -0.11673     7.00395
 1482    522     3.38524    -0.11673     7.00395
 1483    522     3.39173    -0.11673     7.00395
 1484    522     3.39821    -0.11673     7.00395
 1485    522     3.40470    -0.11673     7.00395
 1486    522     3.41118    -0.11673     7.00395
 1487    522     3.41767    -0.11673     7.00395
 1488    522     3.42415    -0.11673     7.00395
 1489    522     3.43064    -0.11673     7.00395
 1490    522     3.43712    -0.11673     7.00395
 1491    522     3.44361    -0.11673     7.00395
 1492    522     3.45009    -0.11673     7.00395
 1493    522     3.45658    -0.11673     7.00395
 1494    522     3.46306    -0.11673     7.00395
 1495    522     3.46955    -0.11673     7.00395
 1423    523     2.99159    -0.10984     6.97823
 1424    523     2.99806    -0.10984     6.97823
 1425    523     3.00452    -0.10984     6.97823
 1426    523     3.01098    -0.10984     6.97823
 1427    523     3.01744    -0.10984     6.97823
 1428    523     3.02390    -0.10984     6.97823
 1429    523     3.03036    -0.10984     6.97823
 1430    523     3.03682    -0.10984     6.97823
 1431    523     3.04329    -0.10984     6.97823
 1432    523     3.04975    -0.10984     6.97823
 1433    523     3.05621    -0.10984     6.97823
 1434    523     3.06267    -0.10984     6.97823
 1435    523     3.06913    -0.10984     6.97823
 1436    523     3.07559    -0.10984     6.97823
 1437    523     3.08205    -0.10984     6.97823
 1439    523     3.09498    -0.10984     6.97823
 1440    523     3.10144    -0.10984     6.97823
 1441    523     3.10790    -0.10984     6.97823
 1442    523     3.11436    -0.10984     6.97823
 1473    523     3.31466    -0.10984     6.97823
 1474    523     3.32112    -0.10984     6.97823
 1475    523     3.32758    -0.10984     6.97823
 1476    523     3.33404    -0.10984     6.97823
 1477    523     3.34051    -0.10984     6.97823
 1478    523     3.34697    -0.10984     6.97823
 1479    523     3.35343    -0.10984     6.97823
 1480    523     3.35989    -0.10984     6.97823
 1481    523     3.36635    -0.10984     6.97823
 1482    523     3.37281    -0.10984     6.97823
 1483    523     3.37927    -0.10984     6.97823
 1484    523     3.38574    -0.10984     6.97823
 1485    523     3.39220    -0.10984     6.97823
 1486    523     3.39866    -0.10984     6.97823
 1487    523     3.40512    -0.10984     6.97823
 1491    523     3.43096    -0.10984     6.97823
 1492    523     3.43743    -0.10984     6.97823
 1493    523     3.44389    -0.10984     6.97823
 1494    523     3.45035    -0.10984     6.97823
 1424    524     2.98709    -0.10300     6.95271
 1425    524     2.99353    -0.10300     6.95271
 1426    524     2.99996    -0.10300     6.95271
 1427    524     3.00640    -0.10300     6.95271
 1428    524     3.01284    -0.10300     6.95271
 1429    524     3.01928    -0.10300     6.95271
 1430    524     3.02572    -0.10300     6.95271
 1431    524     3.03215    -0.10300     6.95271
 1432    524     3.03859    -0.10300     6.95271
 1435    524     3.05790    -0.10300     6.95271
 1436    524     3.06434    -0.10300     6.95271
 1437    524     3.07078    -0.10300     6.95271
 1439    524     3.08365    -0.10300     6.95271
 1440    524     3.09009    -0.10300     6.95271
 1441    524     3.09653    -0.10300     6.95271
 1442    524     3.10297    -0.10300     6.95271
 1443    524     3.10941    -0.10300     6.95271
 1473    524     3.30254    -0.10300     6.95271
 1474    524     3.30897    -0.10300     6.95271
 1475    524     3.31541    -0.10300     6.95271
 1476    524     3.32185    -0.10300     6.95271
 1477    524     3.32829    -0.10300     6.95271
 1478    524     3.33472    -0.10300     6.95271
 1479    524     3.34116    -0.10300     6.95271
 1480    524     3.34760    -0.10300     6.95271
 1481    524     3.35404    -0.10300     6.95271
 1482    524     3.36048    -0.10300     6.95271
 1425    525     2.98262    -0.09621     6.92737
 1426    525     2.98903    -0.09621     6.92737
 1427    525     2.99545    -0.09621     6.92737
 1428    525     3.00186    -0.09621     6.92737
 1429    525     3.00827    -0.09621     6.92737
 1430    525     3.01469    -0.09621     6.92737
 1431    525     3.02110    -0.09621     6.92737
 1434    525     3.04035    -0.09621     6.92737
 1435    525     3.04676    -0.09621     6.92737
 1436    525     3.05317    -0.09621     6.92737
 1437    525     3.05959    -0.09621     6.92737
 1439    525     3.07242    -0.09621     6.92737
 1440    525     3.07883    -0.09621     6.92737
 1441    525     3.08524    -0.09621     6.92737
 1442    525     3.09166    -0.09621     6.92737
 1443    525     3.09807    -0.09621     6.92737
 1474    525     3.29691    -0.09621     6.92737
 1475    525     3.30333    -0.09621     6.92737
 1476    525     3.30974    -0.09621     6.92737
 1477    525     3.31616    -0.09621     6.92737
 1478    525     3.32257    -0.09621     6.92737
 1479    525     3.32899    -0.09621     6.92737
 1480    525     3.33540    -0.09621     6.92737
 1481    525     3.34181    -0.09621     6.92737
 1426    526     2.97818    -0.08947     6.90221
 1427    526     2.98457    -0.08947     6.90221
 1428    526     2.99096    -0.08947     6.90221
 1429    526     2.99735    -0.08947     6.90221
 1430    526     3.00374    -0.08947     6.90221
 1433    526     3.02291    -0.08947     6.90221
 1434    526     3.02931    -0.08947     6.90221
 1435    526     3.03570    -0.08947     6.90221
 1439    526     3.06126    -0.08947     6.90221
 1440    526     3.06765    -0.08947     6.90221
 1441    526     3.07404    -0.08947     6.90221
 1442    526     3.08043    -0.08947     6.90221
 1474    526     3.28494    -0.08947     6.90221
 1475    526     3.29133    -0.08947     6.90221
 1476    526     3.29772    -0.08947     6.90221
 1477    526     3.30412    -0.08947     6.90221
 1478    526     3.31051    -0.08947     6.90221
 1479    526     3.31690    -0.08947     6.90221
 1480    526     3.32329    -0.08947     6.90221
 1481    526     3.32968    -0.08947     6.90221
 1482    526     3.33607    -0.08947     6.90221
 1426    527     2.96740    -0.08278     6.87724
 1427    527     2.97377    -0.08278     6.87724
 1428    527     2.98014    -0.08278     6.87724
 1437    527     3.03745    -0.08278     6.87724
 1439    527     3.05018    -0.08278     6.87724
 1440    527     3.05655    -0.08278     6.87724
 1441    527     3.06292    -0.08278     6.87724
 1442    527     3.06929    -0.08278     6.87724
 1475    527     3.27942    -0.08278     6.87724
 1476    527     3.28579    -0.08278     6.87724
 1477    527     3.29216    -0.08278     6.87724
 1480    527     3.31126    -0.08278     6.87724
 1481    527     3.31763    -0.08278     6.87724
 1482    527     3.32400    -0.08278     6.87724
 1426    528     2.95670    -0.07614     6.85245
 1427    528     2.96305    -0.07614     6.85245
 1428    528     2.96939    -0.07614     6.85245
 1433    528     3.00112    -0.07614     6.85245
 1434    528     3.00746    -0.07614     6.85245
 1435    528     3.01381    -0.07614     6.85245
 1436    528     3.02015    -0.07614     6.85245
 1437    528     3.02650    -0.07614     6.85245
 1439    528     3.03919    -0.07614     6.85245
 1440    528     3.04553    -0.07614     6.85245
 1441    528     3.05188    -0.07614     6.85245
 1476    528     3.27395    -0.07614     6.85245
 1477    528     3.28029    -0.07614     6.85245
 1478    528     3.28664    -0.07614     6.85245
 1481    528     3.30567    -0.07614     6.85245
 1482    528     3.31202    -0.07614     6.85245
 1483    528     3.31836    -0.07614     6.85245
 1426    529     2.94608    -0.06954     6.82783
 1427    529     2.95241    -0.06954     6.82783
 1428    529     2.95873    -0.06954     6.82783
 1431    529     2.97769    -0.06954     6.82783
 1433    529     2.99034    -0.06954     6.82783
 1434    529     2.99666    -0.06954     6.82783
 1435    529     3.00298    -0.06954     6.82783
 1436    529     3.00930    -0.06954     6.82783
 1437    529     3.01563    -0.06954     6.82783
 1438    529     3.02195    -0.06954     6.82783
 1440    529     3.03459    -0.06954     6.82783
 1441    529     3.04091    -0.06954     6.82783
 1476    529     3.26219    -0.06954     6.82783
 1477    529     3.26851    -0.06954     6.82783
 1478    529     3.27483    -0.06954     6.82783
 1479    529     3.28115    -0.06954     6.82783
 1481    529     3.29380    -0.06954     6.82783
 1482    529     3.30012    -0.06954     6.82783
 1483    529     3.30644    -0.06954     6.82783
 1425    530     2.92924    -0.06299     6.80339
 1426    530     2.93554    -0.06299     6.80339
 1427    530     2.94184    -0.06299     6.80339
 1428    530     2.94814    -0.06299     6.80339
 1429    530     2.95444    -0.06299     6.80339
 1430    530     2.96074    -0.06299     6.80339
 1431    530     2.96704    -0.06299     6.80339
 1432    530     2.97334    -0.06299     6.80339
 1433    530     2.97963    -0.06299     6.80339
 1434    530     2.98593    -0.06299     6.80339
 1435    530     2.99223    -0.06299     6.80339
 1436    530     2.99853    -0.06299     6.80339
 1437    530     3.00483    -0.06299     6.80339
 1438    530     3.01113    -0.06299     6.80339
 1439    530     3.01743    -0.06299     6.80339
 1440    530     3.02373    -0.06299     6.80339
 1441    530     3.03003    -0.06299     6.80339
 1477    530     3.25681    -0.06299     6.80339
 1478    530     3.26311    -0.06299     6.80339
 1479    530     3.26941    -0.06299     6.80339
 1482    530     3.28831    -0.06299     6.80339
 1483    530     3.29461    -0.06299     6.80339
 1425    531     2.91879    -0.05649     6.77913
 1426    531     2.92507    -0.05649     6.77913
 1427    531     2.93135    -0.05649     6.77913
 1428    531     2.93762    -0.05649     6.77913
 1429    531     2.94390    -0.05649     6.77913
 1431    531     2.95645    -0.05649     6.77913
 1432    531     2.96273    -0.05649     6.77913
 1433    531     2.96901    -0.05649     6.77913
 1434    531     2.97528    -0.05649     6.77913
 1437    531     2.99412    -0.05649     6.77913
 1438    531     3.00039    -0.05649     6.77913
 1439    531     3.00667    -0.05649     6.77913
 1440    531     3.01295    -0.05649     6.77913
 1441    531     3.01922    -0.05649     6.77913
 1478    531     3.25147    -0.05649     6.77913
 1479    531     3.25775    -0.05649     6.77913
 1480    531     3.26403    -0.05649     6.77913
 1482    531     3.27658    -0.05649     6.77913
 1483    531     3.28286    -0.05649     6.77913
 1425    532     2.90842    -0.05004     6.75504
 1426    532     2.91467    -0.05004     6.75504
 1427    532     2.92093    -0.05004     6.75504
 1428    532     2.92718    -0.05004     6.75504
 1429    532     2.93344    -0.05004     6.75504
 1432    532     2.95220    -0.05004     6.75504
 1433    532     2.95846    -0.05004     6.75504
 1434    532     2.96471    -0.05004     6.75504
 1437    532     2.98347    -0.05004     6.75504
 1438    532     2.98973    -0.05004     6.75504
 1439    532     2.99598    -0.05004     6.75504
 1440    532     3.00224    -0.05004     6.75504
 1478    532     3.23992    -0.05004     6.75504
 1479    532     3.24617    -0.05004     6.75504
 1480    532     3.25243    -0.05004     6.75504
 1482    532     3.26493    -0.05004     6.75504
 1483    532     3.27119    -0.05004     6.75504
 1487    532     3.29621    -0.05004     6.75504
 1488    532     3.30246    -0.05004     6.75504
 1489    532     3.30872    -0.05004     6.75504
 1490    532     3.31497    -0.05004     6.75504
 1426    533     2.90435    -0.04363     6.73112
 1427    533     2.91058    -0.04363     6.73112
 1428    533     2.91682    -0.04363     6.73112
 1429    533     2.92305    -0.04363     6.73112
 1430    533     2.92928    -0.04363     6.73112
 1431    533     2.93551    -0.04363     6.73112
 1432    533     2.94175    -0.04363     6.73112
 1433    533     2.94798    -0.04363     6.73112
 1434    533     2.95421    -0.04363     6.73112
 1478    533     3.22844    -0.04363     6.73112
 1479    533     3.23468    -0.04363     6.73112
 1480    533     3.24091    -0.04363     6.73112
 1481    533     3.24714    -0.04363     6.73112
 1482    533     3.25337    -0.04363     6.73112
 1483    533     3.25961    -0.04363     6.73112
 1486    533     3.27830    -0.04363     6.73112
 1487    533     3.28454    -0.04363     6.73112
 1488    533     3.29077    -0.04363     6.73112
 1489    533     3.29700    -0.04363     6.73112
 1490    533     3.30323    -0.04363     6.73112
 1491    533     3.30947    -0.04363     6.73112
 1426    534     2.89410    -0.03726     6.70736
 1427    534     2.90031    -0.03726     6.70736
 1428    534     2.90652    -0.03726     6.70736
 1429    534     2.91273    -0.03726     6.70736
 1430    534     2.91895    -0.03726     6.70736
 1431    534     2.92516    -0.03726     6.70736
 1432    534     2.93137    -0.03726     6.70736
 1433    534     2.93758    -0.03726     6.70736
 1434    534     2.94379    -0.03726     6.70736
 1479    534     3.22326    -0.03726     6.70736
 1480    534     3.22947    -0.03726     6.70736
 1481    534     3.23568    -0.03726     6.70736
 1486    534     3.26673    -0.03726     6.70736
 1487    534     3.27294    -0.03726     6.70736
 1488    534     3.27916    -0.03726     6.70736
 1489    534     3.28537    -0.03726     6.70736
 1490    534     3.29158    -0.03726     6.70736
 1491    534     3.29779    -0.03726     6.70736
 1492    534     3.30400    -0.03726     6.70736
 1427    535     2.89012    -0.03094     6.68378
 1428    535     2.89630    -0.03094     6.68378
 1429    535     2.90249    -0.03094     6.68378
 1430    535     2.90868    -0.03094     6.68378
 1431    535     2.91487    -0.03094     6.68378
 1434    535     2.93344    -0.03094     6.68378
 1486    535     3.25525    -0.03094     6.68378
 1487    535     3.26144    -0.03094     6.68378
 1488    535     3.26762    -0.03094     6.68378
 1489    535     3.27381    -0.03094     6.68378
 1490    535     3.28000    -0.03094     6.68378
 1491    535     3.28619    -0.03094     6.68378
 1492    535     3.29238    -0.03094     6.68378
 1493    535     3.29857    -0.03094     6.68378
 1428    536     2.88616    -0.02467     6.66036
 1429    536     2.89232    -0.02467     6.66036
 1430    536     2.89849    -0.02467     6.66036
 1431    536     2.90466    -0.02467     6.66036
 1437    536     2.94166    -0.02467     6.66036
 1438    536     2.94783    -0.02467     6.66036
 1439    536     2.95399    -0.02467     6.66036
 1440    536     2.96016    -0.02467     6.66036
 1441    536     2.96633    -0.02467     6.66036
 1442    536     2.97249    -0.02467     6.66036
 1486    536     3.24384    -0.02467     6.66036
 1487    536     3.25001    -0.02467     6.66036
 1488    536     3.25617    -0.02467     6.66036
 1489    536     3.26234    -0.02467     6.66036
 1490    536     3.26851    -0.02467     6.66036
 1491    536     3.27468    -0.02467     6.66036
 1492    536     3.28084    -0.02467     6.66036
 1493    536     3.28701    -0.02467     6.66036
 1494    536     3.29318    -0.02467     6.66036
 1431    537     2.89451    -0.01844     6.63710
 1437    537     2.93139    -0.01844     6.63710
 1438    537     2.93753    -0.01844     6.63710
 1439    537     2.94368    -0.01844     6.63710
 1440    537     2.94982    -0.01844     6.63710
 1441    537     2.95597    -0.01844     6.63710
 1442    537     2.96211    -0.01844     6.63710
 1443    537     2.96826    -0.01844     6.63710
 1481    537     3.20179    -0.01844     6.63710
 1486    537     3.23251    -0.01844     6.63710
 1487    537     3.23866    -0.01844     6.63710
 1488    537     3.24481    -0.01844     6.63710
 1489    537     3.25095    -0.01844     6.63710
 1490    537     3.25710    -0.01844     6.63710
 1491    537     3.26324    -0.01844     6.63710
 1492    537     3.26939    -0.01844     6.63710
 1493    537     3.27553    -0.01844     6.63710
 1494    537     3.28168    -0.01844     6.63710
 1495    537     3.28782    -0.01844     6.63710
 1436    538     2.91506    -0.01225     6.61401
 1437    538     2.92119    -0.01225     6.61401
 1438    538     2.92731    -0.01225     6.61401
 1439    538     2.93343    -0.01225     6.61401
 1440    538     2.93956    -0.01225     6.61401
 1441    538     2.94568    -0.01225     6.61401
 1442    538     2.95181    -0.01225     6.61401
 1443    538     2.95793    -0.01225     6.61401
 1482    538     3.19677    -0.01225     6.61401
 1486    538     3.22127    -0.01225     6.61401
 1487    538     3.22739    -0.01225     6.61401
 1488    538     3.23351    -0.01225     6.61401
 1489    538     3.23964    -0.01225     6.61401
 1490    538     3.24576    -0.01225     6.61401
 1491    538     3.25189    -0.01225     6.61401
 1492    538     3.25801    -0.01225     6.61401
 1493    538     3.26413    -0.01225     6.61401
 1494    538     3.27026    -0.01225     6.61401
 1495    538     3.27638    -0.01225     6.61401
 1496    538     3.28251    -0.01225     6.61401
 1436    539     2.90495    -0.00610     6.59107
 1437    539     2.91106    -0.00610     6.59107
 1438    539     2.91716    -0.00610     6.59107
 1440    539     2.92937    -0.00610     6.59107
 1441    539     2.93547    -0.00610     6.59107
 1442    539     2.94157    -0.00610     6.59107
 1443    539     2.94767    -0.00610     6.59107
 1486    539     3.21010    -0.00610     6.59107
 1487    539     3.21620    -0.00610     6.59107
 1488    539     3.22230    -0.00610     6.59107
 1489    539     3.22840    -0.00610     6.59107
 1490    539     3.23451    -0.00610     6.59107
 1491    539     3.24061    -0.00610     6.59107
 1492    539     3.24671    -0.00610     6.59107
 1493    539     3.25282    -0.00610     6.59107
 1494    539     3.25892    -0.00610     6.59107
 1495    539     3.26502    -0.00610     6.59107
 1496    539     3.27112    -0.00610     6.59107
 1497    539     3.27723    -0.00610     6.59107
 1436    540     2.89492     0.00000     6.56830
 1437    540     2.90100     0.00000     6.56830
 1438    540     2.90708     0.00000     6.56830
 1440    540     2.91924     0.00000     6.56830
 1441    540     2.92532     0.00000     6.56830
 1442    540     2.93141     0.00000     6.56830
 1443    540     2.93749     0.00000     6.56830
 1486    540     3.19900     0.00000     6.56830
 1487    540     3.20508     0.00000     6.56830
 1488    540     3.21117     0.00000     6.56830
 1489    540     3.21725     0.00000     6.56830
 1490    540     3.22333     0.00000     6.56830
 1492    540     3.23549     0.00000     6.56830
 1493    540     3.24158     0.00000     6.56830
 1494    540     3.24766     0.00000     6.56830
 1495    540     3.25374     0.00000     6.56830
 1496    540     3.25982     0.00000     6.56830
 1497    540     3.26590     0.00000     6.56830
 1436    541     2.88495     0.00606     6.54568
 1437    541     2.89101     0.00606     6.54568
 1438    541     2.89707     0.00606     6.54568
 1440    541     2.90919     0.00606     6.54568
 1441    541     2.91525     0.00606     6.54568
 1442    541     2.92131     0.00606     6.54568
 1443    541     2.92737     0.00606     6.54568
 1486    541     3.18799     0.00606     6.54568
 1487    541     3.19405     0.00606     6.54568
 1488    541     3.20011     0.00606     6.54568
 1489    541     3.20617     0.00606     6.54568
 1490    541     3.21223     0.00606     6.54568
 1493    541     3.23041     0.00606     6.54568
 1494    541     3.23647     0.00606     6.54568
 1495    541     3.24253     0.00606     6.54568
 1496    541     3.24859     0.00606     6.54568
 1497    541     3.25466     0.00606     6.54568
 1436    542     2.87505     0.01208     6.52321
 1437    542     2.88109     0.01208     6.52321
 1438    542     2.88713     0.01208     6.52321
 1440    542     2.89921     0.01208     6.52321
 1441    542     2.90525     0.01208     6.52321
 1442    542     2.91129     0.01208     6.52321
 1486    542     3.17705     0.01208     6.52321
 1487    542     3.18309     0.01208     6.52321
 1488    542     3.18913     0.01208     6.52321
 1489    542     3.19517     0.01208     6.52321
 1490    542     3.20121     0.01208     6.52321
 1494    542     3.22537     0.01208     6.52321
 1495    542     3.23141     0.01208     6.52321
 1496    542     3.23745     0.01208     6.52321
 1497    542     3.24349     0.01208     6.52321
 1498    542     3.24953     0.01208     6.52321
 1436    543     2.86521     0.01806     6.50090
 1437    543     2.87123     0.01806     6.50090
 1438    543     2.87725     0.01806     6.50090
 1440    543     2.88929     0.01806     6.50090
 1441    543     2.89531     0.01806     6.50090
 1442    543     2.90133     0.01806     6.50090
 1486    543     3.16618     0.01806     6.50090
 1487    543     3.17220     0.01806     6.50090
 1488    543     3.17822     0.01806     6.50090
 1489    543     3.18424     0.01806     6.50090
 1490    543     3.19026     0.01806     6.50090
 1494    543     3.21433     0.01806     6.50090
 1495    543     3.22035     0.01806     6.50090
 1496    543     3.22637     0.01806     6.50090
 1497    543     3.23239     0.01806     6.50090
 1498    543     3.23841     0.01806     6.50090
 1499    543     3.24443     0.01806     6.50090
 1436    544     2.85545     0.02400     6.47874
 1437    544     2.86145     0.02400     6.47874
 1438    544     2.86744     0.02400     6.47874
 1439    544     2.87344     0.02400     6.47874
 1440    544     2.87944     0.02400     6.47874
 1441    544     2.88544     0.02400     6.47874
 1442    544     2.89144     0.02400     6.47874
 1443    544     2.89744     0.02400     6.47874
 1486    544     3.15539     0.02400     6.47874
 1487    544     3.16139     0.02400     6.47874
 1488    544     3.16739     0.02400     6.47874
 1489    544     3.17338     0.02400     6.47874
 1490    544     3.17938     0.02400     6.47874
 1495    544     3.20938     0.02400     6.47874
 1496    544     3.21538     0.02400     6.47874
 1497    544     3.22138     0.02400     6.47874
 1498    544     3.22737     0.02400     6.47874
 1499    544     3.23337     0.02400     6.47874
 1436    545     2.84575     0.02989     6.45674
 1437    545     2.85173     0.02989     6.45674
 1438    545     2.85770     0.02989     6.45674
 1439    545     2.86368     0.02989     6.45674
 1440    545     2.86966     0.02989     6.45674
 1441    545     2.87564     0.02989     6.45674
 1486    545     3.14467     0.02989     6.45674
 1487    545     3.15065     0.02989     6.45674
 1488    545     3.15663     0.02989     6.45674
 1489    545     3.16260     0.02989     6.45674
 1490    545     3.16858     0.02989     6.45674
 1491    545     3.17456     0.02989     6.45674
 1492    545     3.18054     0.02989     6.45674
 1495    545     3.19848     0.02989     6.45674
 1496    545     3.20445     0.02989     6.45674
 1497    545     3.21043     0.02989     6.45674
 1498    545     3.21641     0.02989     6.45674
 1499    545     3.22239     0.02989     6.45674
 1437    546     2.84207     0.03575     6.43488
 1438    546     2.84803     0.03575     6.43488
 1439    546     2.85399     0.03575     6.43488
 1440    546     2.85995     0.03575     6.43488
 1441    546     2.86590     0.03575     6.43488
 1486    546     3.13402     0.03575     6.43488
 1487    546     3.13998     0.03575     6.43488
 1488    546     3.14594     0.03575     6.43488
 1489    546     3.15190     0.03575     6.43488
 1490    546     3.15786     0.03575     6.43488
 1491    546     3.16381     0.03575     6.43488
 1492    546     3.16977     0.03575     6.43488
 1493    546     3.17573     0.03575     6.43488
 1495    546     3.18765     0.03575     6.43488
 1496    546     3.19361     0.03575     6.43488
 1497    546     3.19956     0.03575     6.43488
 1498    546     3.20552     0.03575     6.43488
 1499    546     3.21148     0.03575     6.43488
 1500    546     3.21744     0.03575     6.43488
  870    547    -0.53443     0.04157     6.41317
  871    547    -0.52849     0.04157     6.41317
 1439    547     2.84436     0.04157     6.41317
 1440    547     2.85030     0.04157     6.41317
 1441    547     2.85623     0.04157     6.41317
 1486    547     3.12345     0.04157     6.41317
 1487    547     3.12939     0.04157     6.41317
 1488    547     3.13533     0.04157     6.41317
 1489    547     3.14126     0.04157     6.41317
 1490    547     3.14720     0.04157     6.41317
 1491    547     3.15314     0.04157     6.41317
 1492    547     3.15908     0.04157     6.41317
 1493    547     3.16502     0.04157     6.41317
 1494    547     3.17095     0.04157     6.41317
 1496    547     3.18283     0.04157     6.41317
 1497    547     3.18877     0.04157     6.41317
 1498    547     3.19471     0.04157     6.41317
 1499    547     3.20064     0.04157     6.41317
 1500    547     3.20658     0.04157     6.41317
  868    548    -0.54447     0.04735     6.39160
  869    548    -0.53855     0.04735     6.39160
  870    548    -0.53263     0.04735     6.39160
  871    548    -0.52672     0.04735     6.39160
  872    548    -0.52080     0.04735     6.39160
  873    548    -0.51488     0.04735     6.39160
 1487    548     3.11886     0.04735     6.39160
 1488    548     3.12478     0.04735     6.39160
 1489    548     3.13070     0.04735     6.39160
 1490    548     3.13662     0.04735     6.39160
 1491    548     3.14254     0.04735     6.39160
 1492    548     3.14846     0.04735     6.39160
 1493    548     3.15437     0.04735     6.39160
 1494    548     3.16029     0.04735     6.39160
 1495    548     3.16621     0.04735     6.39160
 1496    548     3.17213     0.04735     6.39160
 1497    548     3.17805     0.04735     6.39160
 1498    548     3.18396     0.04735     6.39160
 1499    548     3.18988     0.04735     6.39160
 1500    548     3.19580     0.04735     6.39160
  867    549    -0.54854     0.05308     6.37018
  868    549    -0.54264     0.05308     6.37018
  869    549    -0.53675     0.05308     6.37018
  870    549    -0.53085     0.05308     6.37018
  871    549    -0.52495     0.05308     6.37018
  872    549    -0.51905     0.05308     6.37018
  873    549    -0.51315     0.05308     6.37018
  874    549    -0.50726     0.05308     6.37018
 1488    549     3.11431     0.05308     6.37018
 1489    549     3.12021     0.05308     6.37018
 1490    549     3.12611     0.05308     6.37018
 1491    549     3.13201     0.05308     6.37018
 1492    549     3.13790     0.05308     6.37018
 1493    549     3.14380     0.05308     6.37018
 1494    549     3.14970     0.05308     6.37018
 1495    549     3.15560     0.05308     6.37018
 1497    549     3.16740     0.05308     6.37018
 1498    549     3.17329     0.05308     6.37018
 1499    549     3.17919     0.05308     6.37018
 1500    549     3.18509     0.05308     6.37018
 1501    549     3.19099     0.05308     6.37018
  867    550    -0.54671     0.05879     6.34890
  868    550    -0.54083     0.05879     6.34890
  869    550    -0.53495     0.05879     6.34890
  870    550    -0.52908     0.05879     6.34890
  871    550    -0.52320     0.05879     6.34890
  872    550    -0.51732     0.05879     6.34890
  873    550    -0.51144     0.05879     6.34890
  874    550    -0.50556     0.05879     6.34890
  875    550    -0.49968     0.05879     6.34890
 1490    550     3.11567     0.05879     6.34890
 1491    550     3.12154     0.05879     6.34890
 1492    550     3.12742     0.05879     6.34890
 1493    550     3.13330     0.05879     6.34890
 1494    550     3.13918     0.05879     6.34890
 1495    550     3.14506     0.05879     6.34890
 1496    550     3.15094     0.05879     6.34890
 1498    550     3.16269     0.05879     6.34890
 1499    550     3.16857     0.05879     6.34890
 1500    550     3.17445     0.05879     6.34890
 1501    550     3.18033     0.05879     6.34890
 1502    550     3.18621     0.05879     6.34890
  866    551    -0.55075     0.06445     6.32777
  867    551    -0.54489     0.06445     6.32777
  868    551    -0.53903     0.06445     6.32777
  869    551    -0.53317     0.06445     6.32777
  870    551    -0.52731     0.06445     6.32777
  871    551    -0.52145     0.06445     6.32777
  872    551    -0.51560     0.06445     6.32777
  873    551    -0.50974     0.06445     6.32777
  874    551    -0.50388     0.06445     6.32777
  875    551    -0.49802     0.06445     6.32777
 1491    551     3.11115     0.06445     6.32777
 1492    551     3.11701     0.06445     6.32777
 1493    551     3.12287     0.06445     6.32777
 1494    551     3.12873     0.06445     6.32777
 1495    551     3.13459     0.06445     6.32777
 1496    551     3.14045     0.06445     6.32777
 1497    551     3.14631     0.06445     6.32777
 1498    551     3.15217     0.06445     6.32777
 1499    551     3.15802     0.06445     6.32777
 1500    551     3.16388     0.06445     6.32777
 1501    551     3.16974     0.06445     6.32777
 1502    551     3.17560     0.06445     6.32777
 1503    551     3.18146     0.06445     6.32777
 1504    551     3.18732     0.06445     6.32777
  867    552    -0.54308     0.07008     6.30677
  868    552    -0.53724     0.07008     6.30677
  869    552    -0.53140     0.07008     6.30677
  870    552    -0.52556     0.07008     6.30677
  871    552    -0.51972     0.07008     6.30677
  872    552    -0.51389     0.07008     6.30677
  873    552    -0.50805     0.07008     6.30677
  874    552    -0.50221     0.07008     6.30677
  875    552    -0.49637     0.07008     6.30677
 1493    552     3.11251     0.07008     6.30677
 1494    552     3.11835     0.07008     6.30677
 1495    552     3.12419     0.07008     6.30677
 1496    552     3.13003     0.07008     6.30677
 1497    552     3.13587     0.07008     6.30677
 1498    552     3.14171     0.07008     6.30677
 1499    552     3.14755     0.07008     6.30677
 1500    552     3.15339     0.07008     6.30677
 1501    552     3.15923     0.07008     6.30677
 1502    552     3.16506     0.07008     6.30677
 1503    552     3.17090     0.07008     6.30677
 1504    552     3.17674     0.07008     6.30677
 1505    552     3.18258     0.07008     6.30677
  867    553    -0.54129     0.07566     6.28591
  868    553    -0.53547     0.07566     6.28591
  869    553    -0.52965     0.07566     6.28591
  870    553    -0.52383     0.07566     6.28591
  871    553    -0.51801     0.07566     6.28591
  872    553    -0.51219     0.07566     6.28591
  873    553    -0.50637     0.07566     6.28591
  874    553    -0.50055     0.07566     6.28591
  875    553    -0.49472     0.07566     6.28591
 1492    553     3.09639     0.07566     6.28591
 1493    553     3.10222     0.07566     6.28591
 1494    553     3.10804     0.07566     6.28591
 1495    553     3.11386     0.07566     6.28591
 1496    553     3.11968     0.07566     6.28591
 1497    553     3.12550     0.07566     6.28591
 1499    553     3.13714     0.07566     6.28591
 1500    553     3.14296     0.07566     6.28591
 1501    553     3.14878     0.07566     6.28591
 1502    553     3.15460     0.07566     6.28591
 1503    553     3.16042     0.07566     6.28591
 1504    553     3.16624     0.07566     6.28591
 1505    553     3.17206     0.07566     6.28591
 1506    553     3.17788     0.07566     6.28591
  868    554    -0.53370     0.08122     6.26520
  869    554    -0.52790     0.08122     6.26520
  870    554    -0.52210     0.08122     6.26520
  871    554    -0.51630     0.08122     6.26520
  872    554    -0.51050     0.08122     6.26520
  873    554    -0.50470     0.08122     6.26520
  874    554    -0.49890     0.08122     6.26520
  875    554    -0.49309     0.08122     6.26520
 1492    554     3.08619     0.08122     6.26520
 1493    554     3.09199     0.08122     6.26520
 1494    554     3.09779     0.08122     6.26520
 1495    554     3.10359     0.08122     6.26520
 1496    554     3.10939     0.08122     6.26520
 1497    554     3.11519     0.08122     6.26520
 1500    554     3.13260     0.08122     6.26520
 1501    554     3.13840     0.08122     6.26520
 1502    554     3.14420     0.08122     6.26520
 1503    554     3.15000     0.08122     6.26520
 1504    554     3.15580     0.08122     6.26520
 1505    554     3.16160     0.08122     6.26520
 1506    554     3.16740     0.08122     6.26520
 1507    554     3.17321     0.08122     6.26520
  869    555    -0.52617     0.08673     6.24461
  870    555    -0.52038     0.08673     6.24461
  871    555    -0.51460     0.08673     6.24461
  872    555    -0.50882     0.08673     6.24461
  873    555    -0.50304     0.08673     6.24461
  874    555    -0.49726     0.08673     6.24461
  875    555    -0.49147     0.08673     6.24461
 1492    555     3.07605     0.08673     6.24461
 1493    555     3.08183     0.08673     6.24461
 1494    555     3.08761     0.08673     6.24461
 1495    555     3.09340     0.08673     6.24461
 1496    555     3.09918     0.08673     6.24461
 1501    555     3.12809     0.08673     6.24461
 1502    555     3.13387     0.08673     6.24461
 1503    555     3.13965     0.08673     6.24461
 1504    555     3.14543     0.08673     6.24461
 1505    555     3.15122     0.08673     6.24461
 1506    555     3.15700     0.08673     6.24461
 1507    555     3.16278     0.08673     6.24461
  871    556    -0.51292     0.09221     6.22416
  872    556    -0.50715     0.09221     6.22416
  873    556    -0.50139     0.09221     6.22416
 1491    556     3.06021     0.09221     6.22416
 1492    556     3.06598     0.09221     6.22416
 1493    556     3.07174     0.09221     6.22416
 1494    556     3.07750     0.09221     6.22416
 1495    556     3.08327     0.09221     6.22416
 1496    556     3.08903     0.09221     6.22416
 1502    556     3.12361     0.09221     6.22416
 1503    556     3.12937     0.09221     6.22416
 1504    556     3.13513     0.09221     6.22416
 1505    556     3.14090     0.09221     6.22416
 1506    556     3.14666     0.09221     6.22416
 1507    556     3.15242     0.09221     6.22416
 1491    557     3.05023     0.09765     6.20385
 1492    557     3.05597     0.09765     6.20385
 1493    557     3.06171     0.09765     6.20385
 1494    557     3.06746     0.09765     6.20385
 1495    557     3.07320     0.09765     6.20385
 1496    557     3.07895     0.09765     6.20385
 1497    557     3.08469     0.09765     6.20385
 1498    557     3.09044     0.09765     6.20385
 1502    557     3.11341     0.09765     6.20385
 1503    557     3.11916     0.09765     6.20385
 1504    557     3.12490     0.09765     6.20385
 1505    557     3.13065     0.09765     6.20385
 1506    557     3.13639     0.09765     6.20385
 1507    557     3.14213     0.09765     6.20385
 1508    557     3.14788     0.09765     6.20385
 1491    558     3.04030     0.10306     6.18367
 1492    558     3.04603     0.10306     6.18367
 1493    558     3.05175     0.10306     6.18367
 1494    558     3.05748     0.10306     6.18367
 1495    558     3.06321     0.10306     6.18367
 1496    558     3.06893     0.10306     6.18367
 1497    558     3.07466     0.10306     6.18367
 1498    558     3.08038     0.10306     6.18367
 1499    558     3.08611     0.10306     6.18367
 1500    558     3.09183     0.10306     6.18367
 1501    558     3.09756     0.10306     6.18367
 1502    558     3.10328     0.10306     6.18367
 1503    558     3.10901     0.10306     6.18367
 1504    558     3.11474     0.10306     6.18367
 1505    558     3.12046     0.10306     6.18367
 1506    558     3.12619     0.10306     6.18367
 1507    558     3.13191     0.10306     6.18367
 1508    558     3.13764     0.10306     6.18367
 1509    558     3.14336     0.10306     6.18367
 1510    558     3.14909     0.10306     6.18367
 1491    559     3.03044     0.10843     6.16361
 1492    559     3.03615     0.10843     6.16361
 1493    559     3.04186     0.10843     6.16361
 1494    559     3.04756     0.10843     6.16361
 1495    559     3.05327     0.10843     6.16361
 1496    559     3.05898     0.10843     6.16361
 1497    559     3.06469     0.10843     6.16361
 1498    559     3.07039     0.10843     6.16361
 1499    559     3.07610     0.10843     6.16361
 1500    559     3.08181     0.10843     6.16361
 1501    559     3.08751     0.10843     6.16361
 1502    559     3.09322     0.10843     6.16361
 1503    559     3.09893     0.10843     6.16361
 1505    559     3.11034     0.10843     6.16361
 1506    559     3.11605     0.10843     6.16361
 1507    559     3.12176     0.10843     6.16361
 1508    559     3.12746     0.10843     6.16361
 1509    559     3.13317     0.10843     6.16361
 1510    559     3.13888     0.10843     6.16361
 1511    559     3.14458     0.10843     6.16361
 1492    560     3.02634     0.11377     6.14369
 1493    560     3.03203     0.11377     6.14369
 1494    560     3.03771     0.11377     6.14369
 1495    560     3.04340     0.11377     6.14369
 1496    560     3.04909     0.11377     6.14369
 1497    560     3.05478     0.11377     6.14369
 1498    560     3.06047     0.11377     6.14369
 1499    560     3.06616     0.11377     6.14369
 1500    560     3.07185     0.11377     6.14369
 1501    560     3.07753     0.11377     6.14369
 1502    560     3.08322     0.11377     6.14369
 1503    560     3.08891     0.11377     6.14369
 1505    560     3.10029     0.11377     6.14369
 1506    560     3.10598     0.11377     6.14369
 1507    560     3.11167     0.11377     6.14369
 1508    560     3.11736     0.11377     6.14369
 1509    560     3.12304     0.11377     6.14369
 1510    560     3.12873     0.11377     6.14369
 1511    560     3.13442     0.11377     6.14369
 1493    561     3.02226     0.11908     6.12390
 1494    561     3.02793     0.11908     6.12390
 1495    561     3.03360     0.11908     6.12390
 1496    561     3.03927     0.11908     6.12390
 1497    561     3.04494     0.11908     6.12390
 1498    561     3.05061     0.11908     6.12390
 1500    561     3.06195     0.11908     6.12390
 1501    561     3.06762     0.11908     6.12390
 1503    561     3.07896     0.11908     6.12390
 1504    561     3.08463     0.11908     6.12390
 1505    561     3.09030     0.11908     6.12390
 1506    561     3.09597     0.11908     6.12390
 1507    561     3.10164     0.11908     6.12390
 1508    561     3.10731     0.11908     6.12390
 1509    561     3.11298     0.11908     6.12390
 1510    561     3.11865     0.11908     6.12390
 1511    561     3.12432     0.11908     6.12390
 1495    562     3.02386     0.12435     6.10423
 1496    562     3.02951     0.12435     6.10423
 1497    562     3.03516     0.12435     6.10423
 1498    562     3.04081     0.12435     6.10423
 1499    562     3.04646     0.12435     6.10423
 1500    562     3.05212     0.12435     6.10423
 1501    562     3.05777     0.12435     6.10423
 1502    562     3.06342     0.12435     6.10423
 1503    562     3.06907     0.12435     6.10423
 1504    562     3.07472     0.12435     6.10423
 1505    562     3.08038     0.12435     6.10423
 1508    562     3.09733     0.12435     6.10423
 1509    562     3.10298     0.12435     6.10423
 1510    562     3.10864     0.12435     6.10423
 1511    562     3.11429     0.12435     6.10423
 1496    563     3.01981     0.12958     6.08469
 1497    563     3.02544     0.12958     6.08469
 1498    563     3.03108     0.12958     6.08469
 1499    563     3.03671     0.12958     6.08469
 1500    563     3.04235     0.12958     6.08469
 1501    563     3.04798     0.12958     6.08469
 1502    563     3.05361     0.12958     6.08469
 1503    563     3.05925     0.12958     6.08469
 1504    563     3.06488     0.12958     6.08469
 1505    563     3.07052     0.12958     6.08469
 1508    563     3.08742     0.12958     6.08469
 1509    563     3.09305     0.12958     6.08469
 1510    563     3.09869     0.12958     6.08469
 1511    563     3.10432     0.12958     6.08469
 1496    564     3.01017     0.13478     6.06528
 1497    564     3.01579     0.13478     6.06528
 1498    564     3.02141     0.13478     6.06528
 1499    564     3.02702     0.13478     6.06528
 1501    564     3.03825     0.13478     6.06528
 1502    564     3.04387     0.13478     6.06528
 1503    564     3.04949     0.13478     6.06528
 1504    564     3.05510     0.13478     6.06528
 1505    564     3.06072     0.13478     6.06528
 1507    564     3.07195     0.13478     6.06528
 1508    564     3.07757     0.13478     6.06528
 1509    564     3.08318     0.13478     6.06528
 1510    564     3.08880     0.13478     6.06528
 1511    564     3.09441     0.13478     6.06528
 1496    565     3.00060     0.13995     6.04598
 1497    565     3.00620     0.13995     6.04598
 1498    565     3.01180     0.13995     6.04598
 1499    565     3.01739     0.13995     6.04598
 1500    565     3.02299     0.13995     6.04598
 1503    565     3.03979     0.13995     6.04598
 1504    565     3.04538     0.13995     6.04598
 1505    565     3.05098     0.13995     6.04598
 1507    565     3.06218     0.13995     6.04598
 1508    565     3.06778     0.13995     6.04598
 1509    565     3.07337     0.13995     6.04598
 1510    565     3.07897     0.13995     6.04598
 1511    565     3.08457     0.13995     6.04598
 1512    565     3.09017     0.13995     6.04598
 1496    566     2.99108     0.14509     6.02681
 1497    566     2.99667     0.14509     6.02681
 1498    566     3.00225     0.14509     6.02681
 1499    566     3.00783     0.14509     6.02681
 1500    566     3.01341     0.14509     6.02681
 1501    566     3.01899     0.14509     6.02681
 1502    566     3.02457     0.14509     6.02681
 1503    566     3.03015     0.14509     6.02681
 1504    566     3.03573     0.14509     6.02681
 1507    566     3.05247     0.14509     6.02681
 1508    566     3.05805     0.14509     6.02681
 1509    566     3.06363     0.14509     6.02681
 1510    566     3.06921     0.14509     6.02681
 1511    566     3.07479     0.14509     6.02681
 1512    566     3.08037     0.14509     6.02681
 1513    566     3.08595     0.14509     6.02681
 1497    567     2.98719     0.15019     6.00776
 1498    567     2.99276     0.15019     6.00776
 1499    567     2.99832     0.15019     6.00776
 1500    567     3.00388     0.15019     6.00776
 1501    567     3.00944     0.15019     6.00776
 1502    567     3.01501     0.15019     6.00776
 1503    567     3.02057     0.15019     6.00776
 1507    567     3.04282     0.15019     6.00776
 1508    567     3.04838     0.15019     6.00776
 1509    567     3.05395     0.15019     6.00776
 1510    567     3.05951     0.15019     6.00776
 1511    567     3.06507     0.15019     6.00776
 1512    567     3.07063     0.15019     6.00776
 1513    567     3.07620     0.15019     6.00776
 1514    567     3.08176     0.15019     6.00776
 1498    568     2.98333     0.15527     5.98883
 1499    568     2.98887     0.15527     5.98883
 1500    568     2.99442     0.15527     5.98883
 1501    568     2.99996     0.15527     5.98883
 1502    568     3.00551     0.15527     5.98883
 1503    568     3.01105     0.15527     5.98883
 1506    568     3.02769     0.15527     5.98883
 1507    568     3.03323     0.15527     5.98883
 1508    568     3.03878     0.15527     5.98883
 1509    568     3.04432     0.15527     5.98883
 1510    568     3.04987     0.15527     5.98883
 1511    568     3.05541     0.15527     5.98883
 1512    568     3.06096     0.15527     5.98883
 1513    568     3.06651     0.15527     5.98883
 1514    568     3.07205     0.15527     5.98883
 1515    568     3.07760     0.15527     5.98883
 1498    569     2.97396     0.16031     5.97002
 1499    569     2.97948     0.16031     5.97002
 1500    569     2.98501     0.16031     5.97002
 1501    569     2.99054     0.16031     5.97002
 1502    569     2.99607     0.16031     5.97002
 1504    569     3.00712     0.16031     5.97002
 1505    569     3.01265     0.16031     5.97002
 1506    569     3.01818     0.16031     5.97002
 1507    569     3.02371     0.16031     5.97002
 1511    569     3.04582     0.16031     5.97002
 1512    569     3.05135     0.16031     5.97002
 1513    569     3.05687     0.16031     5.97002
 1514    569     3.06240     0.16031     5.97002
 1515    569     3.06793     0.16031     5.97002
 1516    569     3.07346     0.16031     5.97002
 1498    570     2.96465     0.16531     5.95133
 1499    570     2.97016     0.16531     5.95133
 1500    570     2.97567     0.16531     5.95133
 1501    570     2.98118     0.16531     5.95133
 1504    570     2.99771     0.16531     5.95133
 1512    570     3.04179     0.16531     5.95133
 1513    570     3.04730     0.16531     5.95133
 1514    570     3.05281     0.16531     5.95133
 1515    570     3.05832     0.16531     5.95133
 1516    570     3.06383     0.16531     5.95133
 1498    571     2.95539     0.17029     5.93276
 1499    571     2.96089     0.17029     5.93276
 1500    571     2.96638     0.17029     5.93276
 1501    571     2.97187     0.17029     5.93276
 1506    571     2.99934     0.17029     5.93276
 1507    571     3.00483     0.17029     5.93276
 1510    571     3.02131     0.17029     5.93276
 1511    571     3.02680     0.17029     5.93276
 1512    571     3.03230     0.17029     5.93276
 1513    571     3.03779     0.17029     5.93276
 1514    571     3.04328     0.17029     5.93276
 1515    571     3.04878     0.17029     5.93276
 1516    571     3.05427     0.17029     5.93276
 1498    572     2.94620     0.17524     5.91430
 1499    572     2.95167     0.17524     5.91430
 1500    572     2.95715     0.17524     5.91430
 1501    572     2.96262     0.17524     5.91430
 1504    572     2.97905     0.17524     5.91430
 1505    572     2.98453     0.17524     5.91430
 1506    572     2.99001     0.17524     5.91430
 1507    572     2.99548     0.17524     5.91430
 1508    572     3.00096     0.17524     5.91430
 1509    572     3.00643     0.17524     5.91430
 1510    572     3.01191     0.17524     5.91430
 1511    572     3.01739     0.17524     5.91430
 1512    572     3.02286     0.17524     5.91430
 1513    572     3.02834     0.17524     5.91430
 1514    572     3.03382     0.17524     5.91430
 1516    572     3.04477     0.17524     5.91430
 1517    572     3.05024     0.17524     5.91430
 1518    572     3.05572     0.17524     5.91430
 1498    573     2.93706     0.18015     5.89595
 1499    573     2.94252     0.18015     5.89595
 1500    573     2.94798     0.18015     5.89595
 1501    573     2.95343     0.18015     5.89595
 1508    573     2.99165     0.18015     5.89595
 1509    573     2.99711     0.18015     5.89595
 1510    573     3.00257     0.18015     5.89595
 1511    573     3.00803     0.18015     5.89595
 1512    573     3.01349     0.18015     5.89595
 1515    573     3.02986     0.18015     5.89595
 1516    573     3.03532     0.18015     5.89595
 1517    573     3.04078     0.18015     5.89595
 1518    573     3.04624     0.18015     5.89595
 1519    573     3.05170     0.18015     5.89595
 1498    574     2.92798     0.18504     5.87772
 1499    574     2.93342     0.18504     5.87772
 1500    574     2.93886     0.18504     5.87772
 1501    574     2.94430     0.18504     5.87772
 1502    574     2.94974     0.18504     5.87772
 1503    574     2.95519     0.18504     5.87772
 1504    574     2.96063     0.18504     5.87772
 1505    574     2.96607     0.18504     5.87772
 1506    574     2.97151     0.18504     5.87772
 1508    574     2.98240     0.18504     5.87772
 1509    574     2.98784     0.18504     5.87772
 1510    574     2.99328     0.18504     5.87772
 1511    574     2.99873     0.18504     5.87772
 1514    574     3.01505     0.18504     5.87772
 1515    574     3.02049     0.18504     5.87772
 1516    574     3.02594     0.18504     5.87772
 1517    574     3.03138     0.18504     5.87772
 1518    574     3.03682     0.18504     5.87772
 1519    574     3.04226     0.18504     5.87772
 1498    575     2.91895     0.18989     5.85960
 1499    575     2.92437     0.18989     5.85960
 1500    575     2.92980     0.18989     5.85960
 1501    575     2.93523     0.18989     5.85960
 1502    575     2.94065     0.18989     5.85960
 1503    575     2.94608     0.18989     5.85960
 1504    575     2.95150     0.18989     5.85960
 1505    575     2.95693     0.18989     5.85960
 1506    575     2.96235     0.18989     5.85960
 1507    575     2.96778     0.18989     5.85960
 1508    575     2.97320     0.18989     5.85960
 1509    575     2.97863     0.18989     5.85960
 1510    575     2.98406     0.18989     5.85960
 1511    575     2.98948     0.18989     5.85960
 1513    575     3.00033     0.18989     5.85960
 1514    575     3.00576     0.18989     5.85960
 1515    575     3.01118     0.18989     5.85960
 1517    575     3.02203     0.18989     5.85960
 1518    575     3.02746     0.18989     5.85960
 1519    575     3.03289     0.18989     5.85960
 1520    575     3.03831     0.18989     5.85960
 1499    576     2.91539     0.19472     5.84159
 1500    576     2.92080     0.19472     5.84159
 1501    576     2.92620     0.19472     5.84159
 1502    576     2.93161     0.19472     5.84159
 1503    576     2.93702     0.19472     5.84159
 1504    576     2.94243     0.19472     5.84159
 1505    576     2.94784     0.19472     5.84159
 1506    576     2.95325     0.19472     5.84159
 1507    576     2.95866     0.19472     5.84159
 1508    576     2.96407     0.19472     5.84159
 1509    576     2.96948     0.19472     5.84159
 1510    576     2.97488     0.19472     5.84159
 1511    576     2.98029     0.19472     5.84159
 1512    576     2.98570     0.19472     5.84159
 1513    576     2.99111     0.19472     5.84159
 1514    576     2.99652     0.19472     5.84159
 1515    576     3.00193     0.19472     5.84159
 1517    576     3.01275     0.19472     5.84159
 1518    576     3.01816     0.19472     5.84159
 1519    576     3.02356     0.19472     5.84159
 1520    576     3.02897     0.19472     5.84159
 1500    577     2.91185     0.19952     5.82369
 1501    577     2.91724     0.19952     5.82369
 1502    577     2.92263     0.19952     5.82369
 1503    577     2.92802     0.19952     5.82369
 1504    577     2.93342     0.19952     5.82369
 1505    577     2.93881     0.19952     5.82369
 1506    577     2.94420     0.19952     5.82369
 1507    577     2.94959     0.19952     5.82369
 1508    577     2.95499     0.19952     5.82369
 1509    577     2.96038     0.19952     5.82369
 1510    577     2.96577     0.19952     5.82369
 1517    577     3.00352     0.19952     5.82369
 1518    577     3.00891     0.19952     5.82369
 1519    577     3.01430     0.19952     5.82369
 1520    577     3.01969     0.19952     5.82369
 1504    578     2.92446     0.20428     5.80591
 1505    578     2.92983     0.20428     5.80591
 1506    578     2.93521     0.20428     5.80591
 1507    578     2.94058     0.20428     5.80591
 1508    578     2.94596     0.20428     5.80591
 1509    578     2.95134     0.20428     5.80591
 1510    578     2.95671     0.20428     5.80591
 1511    578     2.96209     0.20428     5.80591
 1512    578     2.96746     0.20428     5.80591
 1513    578     2.97284     0.20428     5.80591
 1514    578     2.97821     0.20428     5.80591
 1515    578     2.98359     0.20428     5.80591
 1517    578     2.99434     0.20428     5.80591
 1518    578     2.99972     0.20428     5.80591
 1519    578     3.00509     0.20428     5.80591
 1520    578     3.01047     0.20428     5.80591
 1506    579     2.92627     0.20902     5.78823
 1507    579     2.93163     0.20902     5.78823
 1508    579     2.93699     0.20902     5.78823
 1509    579     2.94235     0.20902     5.78823
 1510    579     2.94771     0.20902     5.78823
 1511    579     2.95307     0.20902     5.78823
 1512    579     2.95843     0.20902     5.78823
 1513    579     2.96379     0.20902     5.78823
 1514    579     2.96915     0.20902     5.78823
 1515    579     2.97450     0.20902     5.78823
 1518    579     2.99058     0.20902     5.78823
 1519    579     2.99594     0.20902     5.78823
 1520    579     3.00130     0.20902     5.78823
 1509    580     2.93341     0.21373     5.77065
 1510    580     2.93876     0.21373     5.77065
 1511    580     2.94410     0.21373     5.77065
 1512    580     2.94944     0.21373     5.77065
 1513    580     2.95479     0.21373     5.77065
 1514    580     2.96013     0.21373     5.77065
 1515    580     2.96547     0.21373     5.77065
 1516    580     2.97082     0.21373     5.77065
 1518    580     2.98150     0.21373     5.77065
 1519    580     2.98685     0.21373     5.77065
 1520    580     2.99219     0.21373     5.77065
 1514    581     2.95117     0.21841     5.75319
 1515    581     2.95650     0.21841     5.75319
 1516    581     2.96183     0.21841     5.75319
 1518    581     2.97248     0.21841     5.75319
 1519    581     2.97781     0.21841     5.75319
 1520    581     2.98313     0.21841     5.75319
 1505    582     2.89447     0.22306     5.73582
 1506    582     2.89978     0.22306     5.73582
 1511    582     2.92633     0.22306     5.73582
 1512    582     2.93164     0.22306     5.73582
 1513    582     2.93695     0.22306     5.73582
 1514    582     2.94227     0.22306     5.73582
 1515    582     2.94758     0.22306     5.73582
 1516    582     2.95289     0.22306     5.73582
 1517    582     2.95820     0.22306     5.73582
 1518    582     2.96351     0.22306     5.73582
 1519    582     2.96882     0.22306     5.73582
 1520    582     2.97413     0.22306     5.73582
 1521    582     2.97944     0.22306     5.73582
 1505    583     2.88576     0.22768     5.71857
 1510    583     2.91223     0.22768     5.71857
 1511    583     2.91753     0.22768     5.71857
 1512    583     2.92282     0.22768     5.71857
 1513    583     2.92812     0.22768     5.71857
 1514    583     2.93341     0.22768     5.71857
 1515    583     2.93871     0.22768     5.71857
 1516    583     2.94400     0.22768     5.71857
 1517    583     2.94930     0.22768     5.71857
 1518    583     2.95459     0.22768     5.71857
 1519    583     2.95989     0.22768     5.71857
 1520    583     2.96518     0.22768     5.71857
 1521    583     2.97048     0.22768     5.71857
 1522    583     2.97577     0.22768     5.71857
 1509    584     2.89822     0.23228     5.70142
 1510    584     2.90350     0.23228     5.70142
 1511    584     2.90878     0.23228     5.70142
 1512    584     2.91406     0.23228     5.70142
 1513    584     2.91934     0.23228     5.70142
 1514    584     2.92461     0.23228     5.70142
 1515    584     2.92989     0.23228     5.70142
 1516    584     2.93517     0.23228     5.70142
 1517    584     2.94045     0.23228     5.70142
 1518    584     2.94573     0.23228     5.70142
 1519    584     2.95101     0.23228     5.70142
 1520    584     2.95629     0.23228     5.70142
 1521    584     2.96157     0.23228     5.70142
 1522    584     2.96685     0.23228     5.70142
 1523    584     2.97213     0.23228     5.70142
 1524    584     2.97741     0.23228     5.70142
 1525    584     2.98268     0.23228     5.70142
 1526    584     2.98796     0.23228     5.70142
 1527    584     2.99324     0.23228     5.70142
 1509    585     2.88955     0.23685     5.68436
 1510    585     2.89482     0.23685     5.68436
 1511    585     2.90008     0.23685     5.68436
 1512    585     2.90534     0.23685     5.68436
 1513    585     2.91061     0.23685     5.68436
 1514    585     2.91587     0.23685     5.68436
 1515    585     2.92113     0.23685     5.68436
 1516    585     2.92640     0.23685     5.68436
 1517    585     2.93166     0.23685     5.68436
 1518    585     2.93692     0.23685     5.68436
 1519    585     2.94219     0.23685     5.68436
 1520    585     2.94745     0.23685     5.68436
 1521    585     2.95271     0.23685     5.68436
 1522    585     2.95798     0.23685     5.68436
 1523    585     2.96324     0.23685     5.68436
 1524    585     2.96850     0.23685     5.68436
 1525    585     2.97376     0.23685     5.68436
 1526    585     2.97903     0.23685     5.68436
 1527    585     2.98429     0.23685     5.68436
 1528    585     2.98955     0.23685     5.68436
 1507    586     2.87044     0.24139     5.66742
 1508    586     2.87569     0.24139     5.66742
 1509    586     2.88094     0.24139     5.66742
 1510    586     2.88618     0.24139     5.66742
 1511    586     2.89143     0.24139     5.66742
 1512    586     2.89668     0.24139     5.66742
 1513    586     2.90193     0.24139     5.66742
 1514    586     2.90717     0.24139     5.66742
 1519    586     2.93341     0.24139     5.66742
 1520    586     2.93866     0.24139     5.66742
 1521    586     2.94391     0.24139     5.66742
 1522    586     2.94916     0.24139     5.66742
 1523    586     2.95440     0.24139     5.66742
 1524    586     2.95965     0.24139     5.66742
 1525    586     2.96490     0.24139     5.66742
 1526    586     2.97015     0.24139     5.66742
 1527    586     2.97539     0.24139     5.66742
 1528    586     2.98064     0.24139     5.66742
 1507    587     2.86191     0.24590     5.65057
 1508    587     2.86714     0.24590     5.65057
 1509    587     2.87237     0.24590     5.65057
 1510    587     2.87760     0.24590     5.65057
 1511    587     2.88284     0.24590     5.65057
 1512    587     2.88807     0.24590     5.65057
 1520    587     2.92992     0.24590     5.65057
 1521    587     2.93516     0.24590     5.65057
 1522    587     2.94039     0.24590     5.65057
 1523    587     2.94562     0.24590     5.65057
 1524    587     2.95085     0.24590     5.65057
 1525    587     2.95608     0.24590     5.65057
 1526    587     2.96132     0.24590     5.65057
 1527    587     2.96655     0.24590     5.65057
 1528    587     2.97178     0.24590     5.65057
 1529    587     2.97701     0.24590     5.65057
 1507    588     2.85343     0.25039     5.63382
 1508    588     2.85864     0.25039     5.63382
 1509    588     2.86386     0.25039     5.63382
 1510    588     2.86907     0.25039     5.63382
 1511    588     2.87429     0.25039     5.63382
 1512    588     2.87951     0.25039     5.63382
 1520    588     2.92124     0.25039     5.63382
 1521    588     2.92646     0.25039     5.63382
 1522    588     2.93167     0.25039     5.63382
 1523    588     2.93689     0.25039     5.63382
 1524    588     2.94211     0.25039     5.63382
 1525    588     2.94732     0.25039     5.63382
 1526    588     2.95254     0.25039     5.63382
 1527    588     2.95776     0.25039     5.63382
 1528    588     2.96297     0.25039     5.63382
 1529    588     2.96819     0.25039     5.63382
 1507    589     2.84499     0.25485     5.61717
 1508    589     2.85019     0.25485     5.61717
 1509    589     2.85540     0.25485     5.61717
 1510    589     2.86060     0.25485     5.61717
 1511    589     2.86580     0.25485     5.61717
 1512    589     2.87100     0.25485     5.61717
 1513    589     2.87620     0.25485     5.61717
 1520    589     2.91261     0.25485     5.61717
 1521    589     2.91781     0.25485     5.61717
 1522    589     2.92301     0.25485     5.61717
 1523    589     2.92821     0.25485     5.61717
 1526    589     2.94381     0.25485     5.61717
 1527    589     2.94901     0.25485     5.61717
 1528    589     2.95422     0.25485     5.61717
 1529    589     2.95942     0.25485     5.61717
 1508    590     2.84180     0.25929     5.60062
 1509    590     2.84698     0.25929     5.60062
 1510    590     2.85217     0.25929     5.60062
 1511    590     2.85735     0.25929     5.60062
 1512    590     2.86254     0.25929     5.60062
 1513    590     2.86772     0.25929     5.60062
 1519    590     2.89884     0.25929     5.60062
 1520    590     2.90403     0.25929     5.60062
 1521    590     2.90921     0.25929     5.60062
 1522    590     2.91440     0.25929     5.60062
 1525    590     2.92995     0.25929     5.60062
 1526    590     2.93514     0.25929     5.60062
 1527    590     2.94033     0.25929     5.60062
 1528    590     2.94551     0.25929     5.60062
 1529    590     2.95070     0.25929     5.60062
 1508    591     2.83345     0.26370     5.58417
 1509    591     2.83862     0.26370     5.58417
 1510    591     2.84379     0.26370     5.58417
 1511    591     2.84896     0.26370     5.58417
 1512    591     2.85413     0.26370     5.58417
 1513    591     2.85930     0.26370     5.58417
 1514    591     2.86447     0.26370     5.58417
 1519    591     2.89032     0.26370     5.58417
 1520    591     2.89549     0.26370     5.58417
 1521    591     2.90066     0.26370     5.58417
 1522    591     2.90583     0.26370     5.58417
 1523    591     2.91101     0.26370     5.58417
 1524    591     2.91618     0.26370     5.58417
 1525    591     2.92135     0.26370     5.58417
 1526    591     2.92652     0.26370     5.58417
 1527    591     2.93169     0.26370     5.58417
 1528    591     2.93686     0.26370     5.58417
 1529    591     2.94203     0.26370     5.58417
 1530    591     2.94720     0.26370     5.58417
 1508    592     2.82515     0.26808     5.56781
 1509    592     2.83030     0.26808     5.56781
 1510    592     2.83546     0.26808     5.56781
 1511    592     2.84061     0.26808     5.56781
 1512    592     2.84577     0.26808     5.56781
 1513    592     2.85092     0.26808     5.56781
 1514    592     2.85608     0.26808     5.56781
 1520    592     2.88701     0.26808     5.56781
 1521    592     2.89217     0.26808     5.56781
 1522    592     2.89732     0.26808     5.56781
 1523    592     2.90248     0.26808     5.56781
 1524    592     2.90763     0.26808     5.56781
 1525    592     2.91279     0.26808     5.56781
 1526    592     2.91794     0.26808     5.56781
 1527    592     2.92310     0.26808     5.56781
 1528    592     2.92825     0.26808     5.56781
 1529    592     2.93341     0.26808     5.56781
 1530    592     2.93857     0.26808     5.56781
 1531    592     2.94372     0.26808     5.56781
 1508    593     2.81690     0.27244     5.55155
 1509    593     2.82204     0.27244     5.55155
 1510    593     2.82718     0.27244     5.55155
 1511    593     2.83232     0.27244     5.55155
 1512    593     2.83746     0.27244     5.55155
 1513    593     2.84260     0.27244     5.55155
 1514    593     2.84774     0.27244     5.55155
 1520    593     2.87858     0.27244     5.55155
 1521    593     2.88372     0.27244     5.55155
 1522    593     2.88886     0.27244     5.55155
 1523    593     2.89400     0.27244     5.55155
 1524    593     2.89914     0.27244     5.55155
 1525    593     2.90428     0.27244     5.55155
 1526    593     2.90942     0.27244     5.55155
 1527    593     2.91456     0.27244     5.55155
 1528    593     2.91970     0.27244     5.55155
 1529    593     2.92484     0.27244     5.55155
 1530    593     2.92998     0.27244     5.55155
 1531    593     2.93512     0.27244     5.55155
 1508    594     2.80869     0.27677     5.53538
 1509    594     2.81382     0.27677     5.53538
 1510    594     2.81894     0.27677     5.53538
 1511    594     2.82407     0.27677     5.53538
 1512    594     2.82919     0.27677     5.53538
 1513    594     2.83432     0.27677     5.53538
 1514    594     2.83944     0.27677     5.53538
 1527    594     2.90607     0.27677     5.53538
 1528    594     2.91120     0.27677     5.53538
 1529    594     2.91633     0.27677     5.53538
 1530    594     2.92145     0.27677     5.53538
 1531    594     2.92658     0.27677     5.53538
 1532    594     2.93170     0.27677     5.53538
 1508    595     2.80054     0.28108     5.51931
 1509    595     2.80565     0.28108     5.51931
 1510    595     2.81076     0.28108     5.51931
 1511    595     2.81587     0.28108     5.51931
 1512    595     2.82098     0.28108     5.51931
 1513    595     2.82609     0.28108     5.51931
 1514    595     2.83120     0.28108     5.51931
 1527    595     2.89764     0.28108     5.51931
 1528    595     2.90275     0.28108     5.51931
 1529    595     2.90786     0.28108     5.51931
 1530    595     2.91297     0.28108     5.51931
 1531    595     2.91808     0.28108     5.51931
 1532    595     2.92319     0.28108     5.51931
 1509    596     2.79752     0.28536     5.50333
 1510    596     2.80262     0.28536     5.50333
 1511    596     2.80772     0.28536     5.50333
 1512    596     2.81281     0.28536     5.50333
 1513    596     2.81791     0.28536     5.50333
 1514    596     2.82300     0.28536     5.50333
 1527    596     2.88925     0.28536     5.50333
 1528    596     2.89434     0.28536     5.50333
 1529    596     2.89944     0.28536     5.50333
 1530    596     2.90453     0.28536     5.50333
 1531    596     2.90963     0.28536     5.50333
 1532    596     2.91472     0.28536     5.50333
 1509    597     2.78945     0.28961     5.48744
 1510    597     2.79453     0.28961     5.48744
 1511    597     2.79961     0.28961     5.48744
 1512    597     2.80469     0.28961     5.48744
 1513    597     2.80977     0.28961     5.48744
 1514    597     2.81485     0.28961     5.48744
 1515    597     2.81993     0.28961     5.48744
 1527    597     2.88091     0.28961     5.48744
 1528    597     2.88599     0.28961     5.48744
 1529    597     2.89107     0.28961     5.48744
 1530    597     2.89615     0.28961     5.48744
 1531    597     2.90123     0.28961     5.48744
 1532    597     2.90631     0.28961     5.48744
 1509    598     2.78142     0.29385     5.47164
 1510    598     2.78648     0.29385     5.47164
 1511    598     2.79155     0.29385     5.47164
 1512    598     2.79662     0.29385     5.47164
 1513    598     2.80168     0.29385     5.47164
 1514    598     2.80675     0.29385     5.47164
 1515    598     2.81182     0.29385     5.47164
 1527    598     2.87261     0.29385     5.47164
 1528    598     2.87768     0.29385     5.47164
 1529    598     2.88274     0.29385     5.47164
 1530    598     2.88781     0.29385     5.47164
 1531    598     2.89288     0.29385     5.47164
 1532    598     2.89794     0.29385     5.47164
 1510    599     2.77849     0.29806     5.45594
 1511    599     2.78354     0.29806     5.45594
 1512    599     2.78859     0.29806     5.45594
 1513    599     2.79364     0.29806     5.45594
 1514    599     2.79869     0.29806     5.45594
 1515    599     2.80375     0.29806     5.45594
 1528    599     2.86942     0.29806     5.45594
 1529    599     2.87447     0.29806     5.45594
 1530    599     2.87952     0.29806     5.45594
 1531    599     2.88457     0.29806     5.45594
 1532    599     2.88963     0.29806     5.45594
 1533    599     2.89468     0.29806     5.45594
 1511    600     2.77557     0.30224     5.44032
 1512    600     2.78061     0.30224     5.44032
 1513    600     2.78565     0.30224     5.44032
 1514    600     2.79068     0.30224     5.44032
 1515    600     2.79572     0.30224     5.44032
 1528    600     2.86121     0.30224     5.44032
 1529    600     2.86624     0.30224     5.44032
 1530    600     2.87128     0.30224     5.44032
 1531    600     2.87632     0.30224     5.44032
 1532    600     2.88135     0.30224     5.44032
 1533    600     2.88639     0.30224     5.44032
 1534    600     2.89143     0.30224     5.44032
 1511    601     2.76765     0.30640     5.42479
 1512    601     2.77267     0.30640     5.42479
 1513    601     2.77770     0.30640     5.42479
 1514    601     2.78272     0.30640     5.42479
 1515    601     2.78774     0.30640     5.42479
 1516    601     2.79276     0.30640     5.42479
 1529    601     2.85806     0.30640     5.42479
 1530    601     2.86309     0.30640     5.42479
 1531    601     2.86811     0.30640     5.42479
 1532    601     2.87313     0.30640     5.42479
 1533    601     2.87815     0.30640     5.42479
 1534    601     2.88318     0.30640     5.42479
 1535    601     2.88820     0.30640     5.42479
 1511    602     2.75977     0.31054     5.40936
 1512    602     2.76478     0.31054     5.40936
 1513    602     2.76979     0.31054     5.40936
 1514    602     2.77480     0.31054     5.40936
 1515    602     2.77981     0.31054     5.40936
 1516    602     2.78482     0.31054     5.40936
 1530    602     2.85494     0.31054     5.40936
 1531    602     2.85995     0.31054     5.40936
 1532    602     2.86495     0.31054     5.40936
 1533    602     2.86996     0.31054     5.40936
 1534    602     2.87497     0.31054     5.40936
 1535    602     2.87998     0.31054     5.40936
 1511    603     2.75194     0.31465     5.39400
 1512    603     2.75694     0.31465     5.39400
 1513    603     2.76193     0.31465     5.39400
 1514    603     2.76692     0.31465     5.39400
 1515    603     2.77192     0.31465     5.39400
 1516    603     2.77691     0.31465     5.39400
 1531    603     2.85183     0.31465     5.39400
 1532    603     2.85682     0.31465     5.39400
 1533    603     2.86182     0.31465     5.39400
 1534    603     2.86681     0.31465     5.39400
 1535    603     2.87181     0.31465     5.39400
 1512    604     2.74913     0.31874     5.37874
 1513    604     2.75411     0.31874     5.37874
 1514    604     2.75909     0.31874     5.37874
 1515    604     2.76408     0.31874     5.37874
 1516    604     2.76906     0.31874     5.37874
 1517    604     2.77404     0.31874     5.37874
 1531    604     2.84376     0.31874     5.37874
 1532    604     2.84874     0.31874     5.37874
 1533    604     2.85372     0.31874     5.37874
 1534    604     2.85870     0.31874     5.37874
 1535    604     2.86368     0.31874     5.37874
 1536    604     2.86866     0.31874     5.37874
 1512    605     2.74138     0.32281     5.36356
 1513    605     2.74634     0.32281     5.36356
 1514    605     2.75131     0.32281     5.36356
 1515    605     2.75628     0.32281     5.36356
 1516    605     2.76124     0.32281     5.36356
 1517    605     2.76621     0.32281     5.36356
 1532    605     2.84070     0.32281     5.36356
 1533    605     2.84567     0.32281     5.36356
 1534    605     2.85063     0.32281     5.36356
 1535    605     2.85560     0.32281     5.36356
 1536    605     2.86057     0.32281     5.36356
 1513    606     2.73862     0.32685     5.34847
 1514    606     2.74357     0.32685     5.34847
 1515    606     2.74852     0.32685     5.34847
 1516    606     2.75347     0.32685     5.34847
 1517    606     2.75842     0.32685     5.34847
 1518    606     2.76338     0.32685     5.34847
 1532    606     2.83271     0.32685     5.34847
 1533    606     2.83766     0.32685     5.34847
 1534    606     2.84261     0.32685     5.34847
 1535    606     2.84757     0.32685     5.34847
 1536    606     2.85252     0.32685     5.34847
 1537    606     2.85747     0.32685     5.34847
 1513    607     2.73093     0.33087     5.33346
 1514    607     2.73587     0.33087     5.33346
 1515    607     2.74081     0.33087     5.33346
 1516    607     2.74575     0.33087     5.33346
 1517    607     2.75068     0.33087     5.33346
 1518    607     2.75562     0.33087     5.33346
 1519    607     2.76056     0.33087     5.33346
 1533    607     2.82970     0.33087     5.33346
 1534    607     2.83464     0.33087     5.33346
 1535    607     2.83958     0.33087     5.33346
 1536    607     2.84451     0.33087     5.33346
 1537    607     2.84945     0.33087     5.33346
 1514    608     2.72821     0.33487     5.31854
 1515    608     2.73314     0.33487     5.31854
 1516    608     2.73806     0.33487     5.31854
 1517    608     2.74299     0.33487     5.31854
 1518    608     2.74791     0.33487     5.31854
 1519    608     2.75284     0.33487     5.31854
 1533    608     2.82178     0.33487     5.31854
 1534    608     2.82671     0.33487     5.31854
 1535    608     2.83163     0.33487     5.31854
 1536    608     2.83655     0.33487     5.31854
 1537    608     2.84148     0.33487     5.31854
 1538    608     2.84640     0.33487     5.31854
 1514    609     2.72060     0.33885     5.30370
 1515    609     2.72551     0.33885     5.30370
 1516    609     2.73042     0.33885     5.30370
 1517    609     2.73533     0.33885     5.30370
 1518    609     2.74024     0.33885     5.30370
 1519    609     2.74516     0.33885     5.30370
 1534    609     2.81882     0.33885     5.30370
 1535    609     2.82373     0.33885     5.30370
 1536    609     2.82864     0.33885     5.30370
 1537    609     2.83355     0.33885     5.30370
 1538    609     2.83846     0.33885     5.30370
 1515    610     2.71793     0.34280     5.28894
 1516    610     2.72283     0.34280     5.28894
 1517    610     2.72772     0.34280     5.28894
 1518    610     2.73262     0.34280     5.28894
 1519    610     2.73752     0.34280     5.28894
 1520    610     2.74241     0.34280     5.28894
 1535    610     2.81587     0.34280     5.28894
 1536    610     2.82077     0.34280     5.28894
 1537    610     2.82567     0.34280     5.28894
 1538    610     2.83056     0.34280     5.28894
 1539    610     2.83546     0.34280     5.28894
 1516    611     2.71527     0.34673     5.27427
 1517    611     2.72015     0.34673     5.27427
 1518    611     2.72504     0.34673     5.27427
 1519    611     2.72992     0.34673     5.27427
 1520    611     2.73480     0.34673     5.27427
 1535    611     2.80806     0.34673     5.27427
 1536    611     2.81294     0.34673     5.27427
 1537    611     2.81783     0.34673     5.27427
 1538    611     2.82271     0.34673     5.27427
 1539    611     2.82759     0.34673     5.27427
 1516    612     2.70776     0.35064     5.25967
 1517    612     2.71263     0.35064     5.25967
 1518    612     2.71750     0.35064     5.25967
 1519    612     2.72237     0.35064     5.25967
 1520    612     2.72724     0.35064     5.25967
 1521    612     2.73211     0.35064     5.25967
 1536    612     2.80516     0.35064     5.25967
 1537    612     2.81003     0.35064     5.25967
 1538    612     2.81490     0.35064     5.25967
 1539    612     2.81977     0.35064     5.25967
 1540    612     2.82464     0.35064     5.25967
 1516    613     2.70028     0.35453     5.24516
 1517    613     2.70514     0.35453     5.24516
 1518    613     2.71000     0.35453     5.24516
 1519    613     2.71485     0.35453     5.24516
 1520    613     2.71971     0.35453     5.24516
 1521    613     2.72457     0.35453     5.24516
 1536    613     2.79742     0.35453     5.24516
 1537    613     2.80227     0.35453     5.24516
 1538    613     2.80713     0.35453     5.24516
 1539    613     2.81199     0.35453     5.24516
 1540    613     2.81684     0.35453     5.24516
 1517    614     2.69770     0.35840     5.23072
 1518    614     2.70254     0.35840     5.23072
 1519    614     2.70738     0.35840     5.23072
 1520    614     2.71223     0.35840     5.23072
 1521    614     2.71707     0.35840     5.23072
 1522    614     2.72191     0.35840     5.23072
 1536    614     2.78972     0.35840     5.23072
 1537    614     2.79456     0.35840     5.23072
 1538    614     2.79941     0.35840     5.23072
 1539    614     2.80425     0.35840     5.23072
 1540    614     2.80909     0.35840     5.23072
 1541    614     2.81394     0.35840     5.23072
 1517    615     2.69029     0.36225     5.21637
 1518    615     2.69512     0.36225     5.21637
 1519    615     2.69995     0.36225     5.21637
 1520    615     2.70478     0.36225     5.21637
 1521    615     2.70961     0.36225     5.21637
 1522    615     2.71444     0.36225     5.21637
 1537    615     2.78689     0.36225     5.21637
 1538    615     2.79172     0.36225     5.21637
 1539    615     2.79655     0.36225     5.21637
 1540    615     2.80138     0.36225     5.21637
 1541    615     2.80621     0.36225     5.21637
 1517    616     2.68293     0.36607     5.20209
 1518    616     2.68775     0.36607     5.20209
 1519    616     2.69256     0.36607     5.20209
 1520    616     2.69738     0.36607     5.20209
 1521    616     2.70220     0.36607     5.20209
 1522    616     2.70701     0.36607     5.20209
 1523    616     2.71183     0.36607     5.20209
 1537    616     2.77927     0.36607     5.20209
 1538    616     2.78408     0.36607     5.20209
 1539    616     2.78890     0.36607     5.20209
 1540    616     2.79372     0.36607     5.20209
 1541    616     2.79853     0.36607     5.20209
 1518    617     2.68041     0.36988     5.18789
 1519    617     2.68522     0.36988     5.18789
 1520    617     2.69002     0.36988     5.18789
 1521    617     2.69482     0.36988     5.18789
 1522    617     2.69963     0.36988     5.18789
 1523    617     2.70443     0.36988     5.18789
 1537    617     2.77168     0.36988     5.18789
 1538    617     2.77648     0.36988     5.18789
 1539    617     2.78129     0.36988     5.18789
 1540    617     2.78609     0.36988     5.18789
 1541    617     2.79089     0.36988     5.18789
 1519    618     2.67791     0.37366     5.17377
 1520    618     2.68270     0.37366     5.17377
 1521    618     2.68749     0.37366     5.17377
 1522    618     2.69228     0.37366     5.17377
 1523    618     2.69707     0.37366     5.17377
 1524    618     2.70186     0.37366     5.17377
 1538    618     2.76893     0.37366     5.17377
 1539    618     2.77372     0.37366     5.17377
 1540    618     2.77851     0.37366     5.17377
 1541    618     2.78330     0.37366     5.17377
 1542    618     2.78809     0.37366     5.17377
 1519    619     2.67064     0.37742     5.15973
 1520    619     2.67541     0.37742     5.15973
 1521    619     2.68019     0.37742     5.15973
 1522    619     2.68497     0.37742     5.15973
 1523    619     2.68975     0.37742     5.15973
 1524    619     2.69452     0.37742     5.15973
 1537    619     2.75663     0.37742     5.15973
 1538    619     2.76141     0.37742     5.15973
 1539    619     2.76619     0.37742     5.15973
 1540    619     2.77097     0.37742     5.15973
 1541    619     2.77574     0.37742     5.15973
 1542    619     2.78052     0.37742     5.15973
 1520    620     2.66817     0.38117     5.14576
 1521    620     2.67294     0.38117     5.14576
 1522    620     2.67770     0.38117     5.14576
 1523    620     2.68247     0.38117     5.14576
 1524    620     2.68723     0.38117     5.14576
 1525    620     2.69199     0.38117     5.14576
 1538    620     2.75393     0.38117     5.14576
 1539    620     2.75870     0.38117     5.14576
 1540    620     2.76346     0.38117     5.14576
 1541    620     2.76823     0.38117     5.14576
 1542    620     2.77299     0.38117     5.14576
 1520    621     2.66097     0.38489     5.13187
 1521    621     2.66572     0.38489     5.13187
 1522    621     2.67047     0.38489     5.13187
 1523    621     2.67522     0.38489     5.13187
 1524    621     2.67997     0.38489     5.13187
 1525    621     2.68473     0.38489     5.13187
 1538    621     2.74650     0.38489     5.13187
 1539    621     2.75125     0.38489     5.13187
 1540    621     2.75600     0.38489     5.13187
 1541    621     2.76075     0.38489     5.13187
 1542    621     2.76551     0.38489     5.13187
 1521    622     2.65854     0.38859     5.11805
 1522    622     2.66328     0.38859     5.11805
 1523    622     2.66802     0.38859     5.11805
 1524    622     2.67276     0.38859     5.11805
 1525    622     2.67750     0.38859     5.11805
 1526    622     2.68224     0.38859     5.11805
 1538    622     2.73910     0.38859     5.11805
 1539    622     2.74384     0.38859     5.11805
 1540    622     2.74858     0.38859     5.11805
 1541    622     2.75332     0.38859     5.11805
 1542    622     2.75806     0.38859     5.11805
 1543    622     2.76280     0.38859     5.11805
 1544    622     2.76754     0.38859     5.11805
 1545    622     2.77228     0.38859     5.11805
 1522    623     2.65613     0.39228     5.10430
 1523    623     2.66086     0.39228     5.10430
 1524    623     2.66558     0.39228     5.10430
 1525    623     2.67031     0.39228     5.10430
 1526    623     2.67503     0.39228     5.10430
 1538    623     2.73175     0.39228     5.10430
 1539    623     2.73647     0.39228     5.10430
 1540    623     2.74120     0.39228     5.10430
 1541    623     2.74593     0.39228     5.10430
 1542    623     2.75065     0.39228     5.10430
 1543    623     2.75538     0.39228     5.10430
 1544    623     2.76011     0.39228     5.10430
 1545    623     2.76483     0.39228     5.10430
 1546    623     2.76956     0.39228     5.10430
 1522    624     2.64902     0.39594     5.09063
 1523    624     2.65373     0.39594     5.09063
 1524    624     2.65844     0.39594     5.09063
 1525    624     2.66316     0.39594     5.09063
 1526    624     2.66787     0.39594     5.09063
 1538    624     2.72443     0.39594     5.09063
 1539    624     2.72915     0.39594     5.09063
 1540    624     2.73386     0.39594     5.09063
 1541    624     2.73857     0.39594     5.09063
 1542    624     2.74329     0.39594     5.09063
 1543    624     2.74800     0.39594     5.09063
 1544    624     2.75271     0.39594     5.09063
 1545    624     2.75743     0.39594     5.09063
 1546    624     2.76214     0.39594     5.09063
 1522    625     2.64194     0.39958     5.07704
 1523    625     2.64664     0.39958     5.07704
 1524    625     2.65134     0.39958     5.07704
 1525    625     2.65604     0.39958     5.07704
 1526    625     2.66074     0.39958     5.07704
 1527    625     2.66544     0.39958     5.07704
 1539    625     2.72186     0.39958     5.07704
 1540    625     2.72656     0.39958     5.07704
 1541    625     2.73126     0.39958     5.07704
 1542    625     2.73596     0.39958     5.07704
 1543    625     2.74066     0.39958     5.07704
 1544    625     2.74536     0.39958     5.07704
 1545    625     2.75006     0.39958     5.07704
 1546    625     2.75476     0.39958     5.07704
 1547    625     2.75946     0.39958     5.07704
 1523    626     2.63959     0.40321     5.06351
 1524    626     2.64428     0.40321     5.06351
 1525    626     2.64897     0.40321     5.06351
 1526    626     2.65366     0.40321     5.06351
 1527    626     2.65834     0.40321     5.06351
 1541    626     2.72398     0.40321     5.06351
 1542    626     2.72867     0.40321     5.06351
 1543    626     2.73336     0.40321     5.06351
 1544    626     2.73805     0.40321     5.06351
 1545    626     2.74274     0.40321     5.06351
 1546    626     2.74742     0.40321     5.06351
 1547    626     2.75211     0.40321     5.06351
 1523    627     2.63258     0.40681     5.05006
 1524    627     2.63725     0.40681     5.05006
 1525    627     2.64193     0.40681     5.05006
 1526    627     2.64660     0.40681     5.05006
 1527    627     2.65128     0.40681     5.05006
 1528    627     2.65596     0.40681     5.05006
 1542    627     2.72142     0.40681     5.05006
 1543    627     2.72610     0.40681     5.05006
 1544    627     2.73077     0.40681     5.05006
 1545    627     2.73545     0.40681     5.05006
 1546    627     2.74012     0.40681     5.05006
 1547    627     2.74480     0.40681     5.05006
 1524    628     2.63026     0.41040     5.03668
 1525    628     2.63493     0.41040     5.03668
 1526    628     2.63959     0.41040     5.03668
 1527    628     2.64426     0.41040     5.03668
 1528    628     2.64892     0.41040     5.03668
 1535    628     2.68156     0.41040     5.03668
 1536    628     2.68623     0.41040     5.03668
 1537    628     2.69089     0.41040     5.03668
 1538    628     2.69556     0.41040     5.03668
 1539    628     2.70022     0.41040     5.03668
 1540    628     2.70488     0.41040     5.03668
 1541    628     2.70955     0.41040     5.03668
 1542    628     2.71421     0.41040     5.03668
 1543    628     2.71887     0.41040     5.03668
 1544    628     2.72354     0.41040     5.03668
 1545    628     2.72820     0.41040     5.03668
 1546    628     2.73286     0.41040     5.03668
 1524    629     2.62331     0.41396     5.02337
 1525    629     2.62796     0.41396     5.02337
 1526    629     2.63262     0.41396     5.02337
 1527    629     2.63727     0.41396     5.02337
 1528    629     2.64192     0.41396     5.02337
 1529    629     2.64657     0.41396     5.02337
 1534    629     2.66983     0.41396     5.02337
 1535    629     2.67448     0.41396     5.02337
 1536    629     2.67913     0.41396     5.02337
 1537    629     2.68378     0.41396     5.02337
 1538    629     2.68843     0.41396     5.02337
 1539    629     2.69308     0.41396     5.02337
 1540    629     2.69773     0.41396     5.02337
 1541    629     2.70238     0.41396     5.02337
 1542    629     2.70704     0.41396     5.02337
 1543    629     2.71169     0.41396     5.02337
 1544    629     2.71634     0.41396     5.02337
 1545    629     2.72099     0.41396     5.02337
 1546    629     2.72564     0.41396     5.02337
 1524    630     2.61640     0.41751     5.01013
 1525    630     2.62104     0.41751     5.01013
 1526    630     2.62568     0.41751     5.01013
 1527    630     2.63032     0.41751     5.01013
 1528    630     2.63495     0.41751     5.01013
 1529    630     2.63959     0.41751     5.01013
 1534    630     2.66279     0.41751     5.01013
 1535    630     2.66743     0.41751     5.01013
 1536    630     2.67207     0.41751     5.01013
 1537    630     2.67671     0.41751     5.01013
 1538    630     2.68134     0.41751     5.01013
 1539    630     2.68598     0.41751     5.01013
 1540    630     2.69062     0.41751     5.01013
 1541    630     2.69526     0.41751     5.01013
 1542    630     2.69990     0.41751     5.01013
 1543    630     2.70454     0.41751     5.01013
 1544    630     2.70918     0.41751     5.01013
 1545    630     2.71382     0.41751     5.01013
 1546    630     2.71846     0.41751     5.01013
 1525    631     2.61415     0.42104     4.99695
 1526    631     2.61877     0.42104     4.99695
 1527    631     2.62340     0.42104     4.99695
 1528    631     2.62803     0.42104     4.99695
 1529    631     2.63265     0.42104     4.99695
 1530    631     2.63728     0.42104     4.99695
 1534    631     2.65579     0.42104     4.99695
 1535    631     2.66042     0.42104     4.99695
 1536    631     2.66504     0.42104     4.99695
 1537    631     2.66967     0.42104     4.99695
 1538    631     2.67430     0.42104     4.99695
 1539    631     2.67892     0.42104     4.99695
 1540    631     2.68355     0.42104     4.99695
 1541    631     2.68818     0.42104     4.99695
 1542    631     2.69280     0.42104     4.99695
 1543    631     2.69743     0.42104     4.99695
 1544    631     2.70206     0.42104     4.99695
 1545    631     2.70668     0.42104     4.99695
 1546    631     2.71131     0.42104     4.99695
 1547    631     2.71594     0.42104     4.99695
 1526    632     2.61191     0.42455     4.98385
 1527    632     2.61652     0.42455     4.98385
 1528    632     2.62114     0.42455     4.98385
 1529    632     2.62575     0.42455     4.98385
 1530    632     2.63037     0.42455     4.98385
 1531    632     2.63498     0.42455     4.98385
 1534    632     2.64883     0.42455     4.98385
 1535    632     2.65344     0.42455     4.98385
 1536    632     2.65805     0.42455     4.98385
 1537    632     2.66267     0.42455     4.98385
 1538    632     2.66728     0.42455     4.98385
 1539    632     2.67190     0.42455     4.98385
 1540    632     2.67651     0.42455     4.98385
 1541    632     2.68113     0.42455     4.98385
 1542    632     2.68574     0.42455     4.98385
 1543    632     2.69036     0.42455     4.98385
 1545    632     2.69959     0.42455     4.98385
 1546    632     2.70420     0.42455     4.98385
 1547    632     2.70882     0.42455     4.98385
 1526    633     2.60508     0.42804     4.97082
 1527    633     2.60968     0.42804     4.97082
 1528    633     2.61428     0.42804     4.97082
 1529    633     2.61888     0.42804     4.97082
 1530    633     2.62349     0.42804     4.97082
 1531    633     2.62809     0.42804     4.97082
 1534    633     2.64190     0.42804     4.97082
 1535    633     2.64650     0.42804     4.97082
 1536    633     2.65110     0.42804     4.97082
 1537    633     2.65571     0.42804     4.97082
 1541    633     2.67412     0.42804     4.97082
 1542    633     2.67872     0.42804     4.97082
 1543    633     2.68332     0.42804     4.97082
 1545    633     2.69253     0.42804     4.97082
 1546    633     2.69713     0.42804     4.97082
 1547    633     2.70173     0.42804     4.97082
 1548    633     2.70633     0.42804     4.97082
 1527    634     2.60287     0.43152     4.95785
 1528    634     2.60746     0.43152     4.95785
 1529    634     2.61205     0.43152     4.95785
 1530    634     2.61664     0.43152     4.95785
 1531    634     2.62124     0.43152     4.95785
 1532    634     2.62583     0.43152     4.95785
 1534    634     2.63501     0.43152     4.95785
 1535    634     2.63960     0.43152     4.95785
 1536    634     2.64419     0.43152     4.95785
 1537    634     2.64878     0.43152     4.95785
 1541    634     2.66714     0.43152     4.95785
 1542    634     2.67173     0.43152     4.95785
 1543    634     2.67632     0.43152     4.95785
 1544    634     2.68091     0.43152     4.95785
 1545    634     2.68550     0.43152     4.95785
 1546    634     2.69009     0.43152     4.95785
 1547    634     2.69468     0.43152     4.95785
 1548    634     2.69928     0.43152     4.95785
 1528    635     2.60068     0.43497     4.94495
 1529    635     2.60526     0.43497     4.94495
 1530    635     2.60984     0.43497     4.94495
 1531    635     2.61442     0.43497     4.94495
 1532    635     2.61899     0.43497     4.94495
 1534    635     2.62815     0.43497     4.94495
 1535    635     2.63273     0.43497     4.94495
 1536    635     2.63731     0.43497     4.94495
 1537    635     2.64189     0.43497     4.94495
 1541    635     2.66020     0.43497     4.94495
 1542    635     2.66478     0.43497     4.94495
 1543    635     2.66936     0.43497     4.94495
 1544    635     2.67394     0.43497     4.94495
 1545    635     2.67852     0.43497     4.94495
 1546    635     2.68310     0.43497     4.94495
 1547    635     2.68767     0.43497     4.94495
 1548    635     2.69225     0.43497     4.94495
 1549    635     2.69683     0.43497     4.94495
 1528    636     2.59393     0.43841     4.93212
 1529    636     2.59850     0.43841     4.93212
 1530    636     2.60307     0.43841     4.93212
 1531    636     2.60763     0.43841     4.93212
 1532    636     2.61220     0.43841     4.93212
 1533    636     2.61677     0.43841     4.93212
 1534    636     2.62133     0.43841     4.93212
 1535    636     2.62590     0.43841     4.93212
 1536    636     2.63047     0.43841     4.93212
 1537    636     2.63503     0.43841     4.93212
 1538    636     2.63960     0.43841     4.93212
 1541    636     2.65330     0.43841     4.93212
 1542    636     2.65787     0.43841     4.93212
 1543    636     2.66243     0.43841     4.93212
 1544    636     2.66700     0.43841     4.93212
 1545    636     2.67157     0.43841     4.93212
 1546    636     2.67613     0.43841     4.93212
 1547    636     2.68070     0.43841     4.93212
 1548    636     2.68527     0.43841     4.93212
 1549    636     2.68983     0.43841     4.93212
 1529    637     2.59177     0.44183     4.91936
 1530    637     2.59633     0.44183     4.91936
 1531    637     2.60088     0.44183     4.91936
 1532    637     2.60544     0.44183     4.91936
 1533    637     2.60999     0.44183     4.91936
 1534    637     2.61455     0.44183     4.91936
 1535    637     2.61910     0.44183     4.91936
 1536    637     2.62366     0.44183     4.91936
 1537    637     2.62821     0.44183     4.91936
 1538    637     2.63277     0.44183     4.91936
 1539    637     2.63732     0.44183     4.91936
 1540    637     2.64188     0.44183     4.91936
 1541    637     2.64643     0.44183     4.91936
 1542    637     2.65099     0.44183     4.91936
 1543    637     2.65554     0.44183     4.91936
 1544    637     2.66010     0.44183     4.91936
 1545    637     2.66465     0.44183     4.91936
 1546    637     2.66921     0.44183     4.91936
 1547    637     2.67376     0.44183     4.91936
 1548    637     2.67832     0.44183     4.91936
 1549    637     2.68287     0.44183     4.91936
 1550    637     2.68743     0.44183     4.91936
 1530    638     2.58963     0.44523     4.90666
 1531    638     2.59417     0.44523     4.90666
 1532    638     2.59871     0.44523     4.90666
 1533    638     2.60326     0.44523     4.90666
 1535    638     2.61234     0.44523     4.90666
 1536    638     2.61689     0.44523     4.90666
 1537    638     2.62143     0.44523     4.90666
 1538    638     2.62597     0.44523     4.90666
 1539    638     2.63051     0.44523     4.90666
 1540    638     2.63506     0.44523     4.90666
 1541    638     2.63960     0.44523     4.90666
 1542    638     2.64414     0.44523     4.90666
 1543    638     2.64869     0.44523     4.90666
 1544    638     2.65323     0.44523     4.90666
 1545    638     2.65777     0.44523     4.90666
 1546    638     2.66232     0.44523     4.90666
 1547    638     2.66686     0.44523     4.90666
 1548    638     2.67140     0.44523     4.90666
 1549    638     2.67595     0.44523     4.90666
 1550    638     2.68049     0.44523     4.90666
 1551    638     2.68503     0.44523     4.90666
 1552    638     2.68958     0.44523     4.90666
 1530    639     2.58296     0.44862     4.89403
 1531    639     2.58749     0.44862     4.89403
 1532    639     2.59202     0.44862     4.89403
 1533    639     2.59655     0.44862     4.89403
 1535    639     2.60562     0.44862     4.89403
 1536    639     2.61015     0.44862     4.89403
 1537    639     2.61468     0.44862     4.89403
 1538    639     2.61921     0.44862     4.89403
 1539    639     2.62374     0.44862     4.89403
 1540    639     2.62827     0.44862     4.89403
 1541    639     2.63280     0.44862     4.89403
 1542    639     2.63734     0.44862     4.89403
 1543    639     2.64187     0.44862     4.89403
 1544    639     2.64640     0.44862     4.89403
 1545    639     2.65093     0.44862     4.89403
 1546    639     2.65546     0.44862     4.89403
 1547    639     2.65999     0.44862     4.89403
 1548    639     2.66453     0.44862     4.89403
 1549    639     2.66906     0.44862     4.89403
 1550    639     2.67359     0.44862     4.89403
 1551    639     2.67812     0.44862     4.89403
 1552    639     2.68265     0.44862     4.89403
 1553    639     2.68718     0.44862     4.89403
 1530    640     2.57632     0.45199     4.88146
 1531    640     2.58084     0.45199     4.88146
 1532    640     2.58536     0.45199     4.88146
 1533    640     2.58988     0.45199     4.88146
 1534    640     2.59440     0.45199     4.88146
 1536    640     2.60344     0.45199     4.88146
 1537    640     2.60796     0.45199     4.88146
 1538    640     2.61248     0.45199     4.88146
 1539    640     2.61700     0.45199     4.88146
 1540    640     2.62152     0.45199     4.88146
 1541    640     2.62604     0.45199     4.88146
 1542    640     2.63056     0.45199     4.88146
 1543    640     2.63508     0.45199     4.88146
 1544    640     2.63960     0.45199     4.88146
 1546    640     2.64864     0.45199     4.88146
 1547    640     2.65316     0.45199     4.88146
 1548    640     2.65768     0.45199     4.88146
 1549    640     2.66220     0.45199     4.88146
 1550    640     2.66672     0.45199     4.88146
 1551    640     2.67124     0.45199     4.88146
 1552    640     2.67576     0.45199     4.88146
 1553    640     2.68028     0.45199     4.88146
 1530    641     2.56973     0.45534     4.86895
 1531    641     2.57423     0.45534     4.86895
 1532    641     2.57874     0.45534     4.86895
 1533    641     2.58325     0.45534     4.86895
 1534    641     2.58776     0.45534     4.86895
 1535    641     2.59227     0.45534     4.86895
 1536    641     2.59678     0.45534     4.86895
 1537    641     2.60128     0.45534     4.86895
 1538    641     2.60579     0.45534     4.86895
 1539    641     2.61030     0.45534     4.86895
 1540    641     2.61481     0.45534     4.86895
 1541    641     2.61932     0.45534     4.86895
 1542    641     2.62382     0.45534     4.86895
 1543    641     2.62833     0.45534     4.86895
 1547    641     2.64637     0.45534     4.86895
 1548    641     2.65087     0.45534     4.86895
 1549    641     2.65538     0.45534     4.86895
 1550    641     2.65989     0.45534     4.86895
 1551    641     2.66440     0.45534     4.86895
 1552    641     2.66891     0.45534     4.86895
 1553    641     2.67342     0.45534     4.86895
  786    642    -0.78244     0.45867     4.85651
  787    642    -0.77794     0.45867     4.85651
  788    642    -0.77344     0.45867     4.85651
  789    642    -0.76895     0.45867     4.85651
  790    642    -0.76445     0.45867     4.85651
  791    642    -0.75995     0.45867     4.85651
 1530    642     2.56316     0.45867     4.85651
 1531    642     2.56766     0.45867     4.85651
 1532    642     2.57215     0.45867     4.85651
 1533    642     2.57665     0.45867     4.85651
 1534    642     2.58115     0.45867     4.85651
 1535    642     2.58564     0.45867     4.85651
 1536    642     2.59014     0.45867     4.85651
 1549    642     2.64860     0.45867     4.85651
 1550    642     2.65310     0.45867     4.85651
 1551    642     2.65759     0.45867     4.85651
 1552    642     2.66209     0.45867     4.85651
 1553    642     2.66659     0.45867     4.85651
  785    643    -0.78493     0.46199     4.84414
  786    643    -0.78044     0.46199     4.84414
  787    643    -0.77596     0.46199     4.84414
  788    643    -0.77147     0.46199     4.84414
  789    643    -0.76699     0.46199     4.84414
  790    643    -0.76250     0.46199     4.84414
  791    643    -0.75802     0.46199     4.84414
  792    643    -0.75353     0.46199     4.84414
  793    643    -0.74905     0.46199     4.84414
 1531    643     2.56111     0.46199     4.84414
 1532    643     2.56560     0.46199     4.84414
 1533    643     2.57008     0.46199     4.84414
 1534    643     2.57457     0.46199     4.84414
 1535    643     2.57905     0.46199     4.84414
 1536    643     2.58354     0.46199     4.84414
 1549    643     2.64185     0.46199     4.84414
 1550    643     2.64633     0.46199     4.84414
 1551    643     2.65082     0.46199     4.84414
 1552    643     2.65530     0.46199     4.84414
 1553    643     2.65979     0.46199     4.84414
  784    644    -0.78741     0.46529     4.83182
  785    644    -0.78293     0.46529     4.83182
  786    644    -0.77846     0.46529     4.83182
  787    644    -0.77399     0.46529     4.83182
  788    644    -0.76951     0.46529     4.83182
  789    644    -0.76504     0.46529     4.83182
  790    644    -0.76056     0.46529     4.83182
  791    644    -0.75609     0.46529     4.83182
  792    644    -0.75162     0.46529     4.83182
  793    644    -0.74714     0.46529     4.83182
  794    644    -0.74267     0.46529     4.83182
 1531    644     2.55460     0.46529     4.83182
 1532    644     2.55908     0.46529     4.83182
 1533    644     2.56355     0.46529     4.83182
 1534    644     2.56802     0.46529     4.83182
 1535    644     2.57250     0.46529     4.83182
 1536    644     2.57697     0.46529     4.83182
 1539    644     2.59039     0.46529     4.83182
 1540    644     2.59487     0.46529     4.83182
 1541    644     2.59934     0.46529     4.83182
 1542    644     2.60382     0.46529     4.83182
 1543    644     2.60829     0.46529     4.83182
 1544    644     2.61276     0.46529     4.83182
 1545    644     2.61724     0.46529     4.83182
 1546    644     2.62171     0.46529     4.83182
 1547    644     2.62618     0.46529     4.83182
 1548    644     2.63066     0.46529     4.83182
 1549    644     2.63513     0.46529     4.83182
 1550    644     2.63961     0.46529     4.83182
 1551    644     2.64408     0.46529     4.83182
 1552    644     2.64855     0.46529     4.83182
 1553    644     2.65303     0.46529     4.83182
  783    645    -0.78987     0.46857     4.81957
  784    645    -0.78541     0.46857     4.81957
  785    645    -0.78095     0.46857     4.81957
  786    645    -0.77649     0.46857     4.81957
  791    645    -0.75417     0.46857     4.81957
  792    645    -0.74971     0.46857     4.81957
  793    645    -0.74525     0.46857     4.81957
  794    645    -0.74079     0.46857     4.81957
 1532    645     2.55259     0.46857     4.81957
 1533    645     2.55705     0.46857     4.81957
 1534    645     2.56151     0.46857     4.81957
 1535    645     2.56598     0.46857     4.81957
 1536    645     2.57044     0.46857     4.81957
 1537    645     2.57490     0.46857     4.81957
 1538    645     2.57936     0.46857     4.81957
 1539    645     2.58383     0.46857     4.81957
 1540    645     2.58829     0.46857     4.81957
 1541    645     2.59275     0.46857     4.81957
 1542    645     2.59721     0.46857     4.81957
 1543    645     2.60168     0.46857     4.81957
 1544    645     2.60614     0.46857     4.81957
 1545    645     2.61060     0.46857     4.81957
 1546    645     2.61506     0.46857     4.81957
 1547    645     2.61953     0.46857     4.81957
 1548    645     2.62399     0.46857     4.81957
 1549    645     2.62845     0.46857     4.81957
 1550    645     2.63291     0.46857     4.81957
 1551    645     2.63738     0.46857     4.81957
 1552    645     2.64184     0.46857     4.81957
 1553    645     2.64630     0.46857     4.81957
  783    646    -0.78788     0.47184     4.80738
  784    646    -0.78343     0.47184     4.80738
  785    646    -0.77897     0.47184     4.80738
  786    646    -0.77452     0.47184     4.80738
  787    646    -0.77007     0.47184     4.80738
  788    646    -0.76562     0.47184     4.80738
  789    646    -0.76117     0.47184     4.80738
  790    646    -0.75672     0.47184     4.80738
  791    646    -0.75227     0.47184     4.80738
  792    646    -0.74781     0.47184     4.80738
  793    646    -0.74336     0.47184     4.80738
  794    646    -0.73891     0.47184     4.80738
  795    646    -0.73446     0.47184     4.80738
 1533    646     2.55058     0.47184     4.80738
 1534    646     2.55503     0.47184     4.80738
 1535    646     2.55949     0.47184     4.80738
 1536    646     2.56394     0.47184     4.80738
 1537    646     2.56839     0.47184     4.80738
 1538    646     2.57284     0.47184     4.80738
 1539    646     2.57729     0.47184     4.80738
 1540    646     2.58174     0.47184     4.80738
 1541    646     2.58619     0.47184     4.80738
 1542    646     2.59064     0.47184     4.80738
 1543    646     2.59510     0.47184     4.80738
 1544    646     2.59955     0.47184     4.80738
 1545    646     2.60400     0.47184     4.80738
 1546    646     2.60845     0.47184     4.80738
 1547    646     2.61290     0.47184     4.80738
 1548    646     2.61735     0.47184     4.80738
 1549    646     2.62180     0.47184     4.80738
 1550    646     2.62625     0.47184     4.80738
 1551    646     2.63071     0.47184     4.80738
 1552    646     2.63516     0.47184     4.80738
 1553    646     2.63961     0.47184     4.80738
  784    647    -0.78145     0.47509     4.79525
  785    647    -0.77701     0.47509     4.79525
  786    647    -0.77257     0.47509     4.79525
  787    647    -0.76813     0.47509     4.79525
  788    647    -0.76369     0.47509     4.79525
  789    647    -0.75925     0.47509     4.79525
  790    647    -0.75481     0.47509     4.79525
  791    647    -0.75037     0.47509     4.79525
  792    647    -0.74593     0.47509     4.79525
  793    647    -0.74149     0.47509     4.79525
  794    647    -0.73705     0.47509     4.79525
  795    647    -0.73261     0.47509     4.79525
 1533    647     2.54415     0.47509     4.79525
 1534    647     2.54859     0.47509     4.79525
 1535    647     2.55303     0.47509     4.79525
 1536    647     2.55747     0.47509     4.79525
 1537    647     2.56191     0.47509     4.79525
 1538    647     2.56635     0.47509     4.79525
 1539    647     2.57079     0.47509     4.79525
 1540    647     2.57523     0.47509     4.79525
 1541    647     2.57967     0.47509     4.79525
 1542    647     2.58411     0.47509     4.79525
 1543    647     2.58855     0.47509     4.79525
 1544    647     2.59299     0.47509     4.79525
 1545    647     2.59743     0.47509     4.79525
 1546    647     2.60187     0.47509     4.79525
 1547    647     2.60631     0.47509     4.79525
 1548    647     2.61075     0.47509     4.79525
 1549    647     2.61519     0.47509     4.79525
 1550    647     2.61963     0.47509     4.79525
 1551    647     2.62407     0.47509     4.79525
 1552    647     2.62851     0.47509     4.79525
  785    648    -0.77505     0.47832     4.78319
  786    648    -0.77062     0.47832     4.78319
  787    648    -0.76620     0.47832     4.78319
  788    648    -0.76177     0.47832     4.78319
  789    648    -0.75734     0.47832     4.78319
  790    648    -0.75291     0.47832     4.78319
  791    648    -0.74848     0.47832     4.78319
  792    648    -0.74405     0.47832     4.78319
  793    648    -0.73962     0.47832     4.78319
  794    648    -0.73519     0.47832     4.78319
 1533    648     2.53775     0.47832     4.78319
 1534    648     2.54217     0.47832     4.78319
 1535    648     2.54660     0.47832     4.78319
 1536    648     2.55103     0.47832     4.78319
 1537    648     2.55546     0.47832     4.78319
 1538    648     2.55989     0.47832     4.78319
 1539    648     2.56432     0.47832     4.78319
 1540    648     2.56875     0.47832     4.78319
 1541    648     2.57318     0.47832     4.78319
 1542    648     2.57761     0.47832     4.78319
 1543    648     2.58203     0.47832     4.78319
  791    649    -0.74660     0.48154     4.77118
  792    649    -0.74218     0.48154     4.77118
  793    649    -0.73777     0.48154     4.77118
  794    649    -0.73335     0.48154     4.77118
 1534    649     2.53579     0.48154     4.77118
 1535    649     2.54021     0.48154     4.77118
 1536    649     2.54463     0.48154     4.77118
 1537    649     2.54905     0.48154     4.77118
 1538    649     2.55346     0.48154     4.77118
 1539    649     2.55788     0.48154     4.77118
 1540    649     2.56230     0.48154     4.77118
 1540    651     2.54950     0.48792     4.74735
 1538    652     2.53438     0.49109     4.73552
 1539    652     2.53876     0.49109     4.73552
 1540    652     2.54315     0.49109     4.73552
 1541    652     2.54753     0.49109     4.73552
 1542    652     2.55192     0.49109     4.73552
  788    653    -0.75230     0.49424     4.72375
  789    653    -0.74793     0.49424     4.72375
  790    653    -0.74355     0.49424     4.72375
  791    653    -0.73918     0.49424     4.72375
  792    653    -0.73481     0.49424     4.72375
  793    653    -0.73043     0.49424     4.72375
 1537    653     2.52371     0.49424     4.72375
 1538    653     2.52808     0.49424     4.72375
 1539    653     2.53246     0.49424     4.72375
 1540    653     2.53683     0.49424     4.72375
 1541    653     2.54120     0.49424     4.72375
 1542    653     2.54558     0.49424     4.72375
  789    654    -0.74607     0.49738     4.71204
  790    654    -0.74171     0.49738     4.71204
  791    654    -0.73735     0.49738     4.71204
  792    654    -0.73298     0.49738     4.71204
  793    654    -0.72862     0.49738     4.71204
  794    654    -0.72426     0.49738     4.71204
 1537    654     2.51745     0.49738     4.71204
 1538    654     2.52181     0.49738     4.71204
 1539    654     2.52618     0.49738     4.71204
 1540    654     2.53054     0.49738     4.71204
 1541    654     2.53490     0.49738     4.71204
 1542    654     2.53927     0.49738     4.71204
 1543    654     2.54363     0.49738     4.71204
  791    655    -0.73552     0.50050     4.70039
  792    655    -0.73117     0.50050     4.70039
  793    655    -0.72682     0.50050     4.70039
  794    655    -0.72247     0.50050     4.70039
  795    655    -0.71811     0.50050     4.70039
 1536    655     2.50687     0.50050     4.70039
 1537    655     2.51123     0.50050     4.70039
 1538    655     2.51558     0.50050     4.70039
 1539    655     2.51993     0.50050     4.70039
 1541    655     2.52863     0.50050     4.70039
 1542    655     2.53299     0.50050     4.70039
 1543    655     2.53734     0.50050     4.70039
  789    656    -0.74239     0.50361     4.68879
  790    656    -0.73805     0.50361     4.68879
  791    656    -0.73371     0.50361     4.68879
  793    656    -0.72503     0.50361     4.68879
  794    656    -0.72068     0.50361     4.68879
  795    656    -0.71634     0.50361     4.68879
 1536    656     2.50069     0.50361     4.68879
 1537    656     2.50503     0.50361     4.68879
 1538    656     2.50937     0.50361     4.68879
 1540    656     2.51806     0.50361     4.68879
 1541    656     2.52240     0.50361     4.68879
 1542    656     2.52674     0.50361     4.68879
  789    657    -0.74057     0.50670     4.67726
  790    657    -0.73623     0.50670     4.67726
  791    657    -0.73190     0.50670     4.67726
  792    657    -0.72757     0.50670     4.67726
  793    657    -0.72324     0.50670     4.67726
  794    657    -0.71891     0.50670     4.67726
  795    657    -0.71458     0.50670     4.67726
 1536    657     2.49454     0.50670     4.67726
 1537    657     2.49887     0.50670     4.67726
 1538    657     2.50320     0.50670     4.67726
 1540    657     2.51186     0.50670     4.67726
 1541    657     2.51619     0.50670     4.67726
 1542    657     2.52052     0.50670     4.67726
  789    658    -0.73875     0.50978     4.66577
  790    658    -0.73443     0.50978     4.66577
  791    658    -0.73011     0.50978     4.66577
  792    658    -0.72579     0.50978     4.66577
  793    658    -0.72147     0.50978     4.66577
  794    658    -0.71715     0.50978     4.66577
  795    658    -0.71283     0.50978     4.66577
 1536    658     2.48841     0.50978     4.66577
 1537    658     2.49273     0.50978     4.66577
 1538    658     2.49705     0.50978     4.66577
 1539    658     2.50137     0.50978     4.66577
 1540    658     2.50569     0.50978     4.66577
 1541    658     2.51001     0.50978     4.66577
 1542    658     2.51433     0.50978     4.66577
  790    659    -0.73263     0.51284     4.65435
  791    659    -0.72832     0.51284     4.65435
  792    659    -0.72401     0.51284     4.65435
  793    659    -0.71970     0.51284     4.65435
  794    659    -0.71539     0.51284     4.65435
 1536    659     2.48232     0.51284     4.65435
 1537    659     2.48663     0.51284     4.65435
 1538    659     2.49094     0.51284     4.65435
 1539    659     2.49525     0.51284     4.65435
 1540    659     2.49956     0.51284     4.65435
 1541    659     2.50387     0.51284     4.65435
  792    660    -0.72224     0.51589     4.64298
  793    660    -0.71794     0.51589     4.64298
 1536    660     2.47626     0.51589     4.64298
 1537    660     2.48056     0.51589     4.64298
 1538    660     2.48485     0.51589     4.64298
 1539    660     2.48915     0.51589     4.64298
 1540    660     2.49345     0.51589     4.64298
 1541    660     2.49775     0.51589     4.64298
 1537    661     2.47451     0.51892     4.63167
 1538    661     2.47880     0.51892     4.63167
 1539    661     2.48309     0.51892     4.63167
 1540    661     2.48738     0.51892     4.63167
 1550    668     2.48783     0.53973     4.55399
 1551    668     2.49204     0.53973     4.55399
 1549    669     2.47767     0.54265     4.54310
 1550    669     2.48188     0.54265     4.54310
 1551    669     2.48609     0.54265     4.54310
 1552    669     2.49029     0.54265     4.54310
 1548    670     2.46757     0.54555     4.53227
 1549    670     2.47177     0.54555     4.53227
 1552    670     2.48436     0.54555     4.53227
 1553    670     2.48855     0.54555     4.53227
 1548    671     2.46170     0.54844     4.52149
 1549    671     2.46589     0.54844     4.52149
 1552    671     2.47845     0.54844     4.52149
 1553    671     2.48263     0.54844     4.52149
 1549    672     2.46003     0.55132     4.51076
 1550    672     2.46421     0.55132     4.51076
 1551    672     2.46839     0.55132     4.51076
 1552    672     2.47256     0.55132     4.51076
 1550    673     2.45838     0.55418     4.50008
 1551    673     2.46254     0.55418     4.50008
 1503    703     2.11250     0.63414     4.20166
 1504    703     2.11639     0.63414     4.20166
 1505    703     2.12028     0.63414     4.20166
 1506    703     2.12417     0.63414     4.20166
 1498    704     2.08843     0.63662     4.19239
 1499    704     2.09231     0.63662     4.19239
 1503    704     2.10784     0.63662     4.19239
 1506    704     2.11949     0.63662     4.19239
 1497    705     2.07996     0.63909     4.18316
 1498    705     2.08383     0.63909     4.18316
 1499    705     2.08771     0.63909     4.18316
 1500    705     2.09158     0.63909     4.18316
 1503    705     2.10320     0.63909     4.18316
 1506    705     2.11482     0.63909     4.18316
 1496    706     2.07153     0.64156     4.17398
 1497    706     2.07539     0.64156     4.17398
 1498    706     2.07926     0.64156     4.17398
 1499    706     2.08312     0.64156     4.17398
 1500    706     2.08699     0.64156     4.17398
 1503    706     2.09858     0.64156     4.17398
 1504    706     2.10245     0.64156     4.17398
 1505    706     2.10631     0.64156     4.17398
 1506    706     2.11018     0.64156     4.17398
 1496    707     2.06699     0.64401     4.16483
 1497    707     2.07085     0.64401     4.16483
 1498    707     2.07470     0.64401     4.16483
 1500    707     2.08242     0.64401     4.16483
 1501    707     2.08627     0.64401     4.16483
 1496    708     2.06247     0.64645     4.15573
 1497    708     2.06632     0.64645     4.15573
 1498    708     2.07017     0.64645     4.15573
 1500    708     2.07786     0.64645     4.15573
 1501    708     2.08171     0.64645     4.15573
 1497    709     2.06181     0.64888     4.14666
 1498    709     2.06565     0.64888     4.14666
 1499    709     2.06949     0.64888     4.14666
 1500    709     2.07333     0.64888     4.14666
 1501    709     2.07717     0.64888     4.14666
 1498    710     2.06115     0.65129     4.13763
 1499    710     2.06499     0.65129     4.13763
 1500    710     2.06882     0.65129     4.13763
