# Inverse Perspective Mapping -- 3-D camera-frame coordinates
# Camera: height=1.70 m, pitch=15.0 deg (down)
# Intrinsics: fx=fy=1080.0 px, cx=960.0, cy=540.0
# Image: 1920 x 1080
# Format: pixel_u  pixel_v  Xc(m)  Yc(m)  Zc(m)
#
 1025    261    11.01556   -47.28218   183.02780
 1026    261    11.18503   -47.28218   183.02780
 1027    261    11.35450   -47.28218   183.02780
 1028    261    11.52397   -47.28218   183.02780
 1029    261    11.69344   -47.28218   183.02780
 1030    261    11.86291   -47.28218   183.02780
 1031    261    12.03238   -47.28218   183.02780
 1032    261    12.20185   -47.28218   183.02780
 1033    261    12.37132   -47.28218   183.02780
 1034    261    12.54079   -47.28218   183.02780
 1035    261    12.71026   -47.28218   183.02780
 1036    261    12.87973   -47.28218   183.02780
 1037    261    13.04920   -47.28218   183.02780
 1038    261    13.21867   -47.28218   183.02780
 1039    261    13.38814   -47.28218   183.02780
 1040    261    13.55761   -47.28218   183.02780
 1041    261    13.72708   -47.28218   183.02780
 1042    261    13.89655   -47.28218   183.02780
 1440    261    81.34569   -47.28218   183.02780
 1443    261    81.85410   -47.28218   183.02780
 1444    261    82.02357   -47.28218   183.02780
 1445    261    82.19304   -47.28218   183.02780
 1025    262    10.04802   -42.97462   166.95175
 1026    262    10.20261   -42.97462   166.95175
 1027    262    10.35719   -42.97462   166.95175
 1028    262    10.51178   -42.97462   166.95175
 1029    262    10.66636   -42.97462   166.95175
 1030    262    10.82095   -42.97462   166.95175
 1031    262    10.97553   -42.97462   166.95175
 1032    262    11.13012   -42.97462   166.95175
 1033    262    11.28470   -42.97462   166.95175
 1034    262    11.43929   -42.97462   166.95175
 1035    262    11.59387   -42.97462   166.95175
 1036    262    11.74846   -42.97462   166.95175
 1037    262    11.90304   -42.97462   166.95175
 1038    262    12.05763   -42.97462   166.95175
 1039    262    12.21221   -42.97462   166.95175
 1040    262    12.36680   -42.97462   166.95175
 1041    262    12.52138   -42.97462   166.95175
 1042    262    12.67597   -42.97462   166.95175
 1043    262    12.83055   -42.97462   166.95175
 1437    262    73.73702   -42.97462   166.95175
 1443    262    74.66453   -42.97462   166.95175
 1444    262    74.81912   -42.97462   166.95175
 1445    262    74.97370   -42.97462   166.95175
 1446    262    75.12829   -42.97462   166.95175
 1447    262    75.28287   -42.97462   166.95175
 1025    263     9.23672   -39.36266   153.47174
 1026    263     9.37883   -39.36266   153.47174
 1027    263     9.52093   -39.36266   153.47174
 1028    263     9.66304   -39.36266   153.47174
 1029    263     9.80514   -39.36266   153.47174
 1030    263     9.94724   -39.36266   153.47174
 1031    263    10.08935   -39.36266   153.47174
 1032    263    10.23145   -39.36266   153.47174
 1033    263    10.37355   -39.36266   153.47174
 1034    263    10.51566   -39.36266   153.47174
 1035    263    10.65776   -39.36266   153.47174
 1036    263    10.79986   -39.36266   153.47174
 1037    263    10.94197   -39.36266   153.47174
 1038    263    11.08407   -39.36266   153.47174
 1039    263    11.22617   -39.36266   153.47174
 1040    263    11.36828   -39.36266   153.47174
 1041    263    11.51038   -39.36266   153.47174
 1042    263    11.65248   -39.36266   153.47174
 1043    263    11.79459   -39.36266   153.47174
 1044    263    11.93669   -39.36266   153.47174
 1437    263    67.78335   -39.36266   153.47174
 1438    263    67.92545   -39.36266   153.47174
 1439    263    68.06756   -39.36266   153.47174
 1445    263    68.92018   -39.36266   153.47174
 1446    263    69.06228   -39.36266   153.47174
 1447    263    69.20438   -39.36266   153.47174
 1448    263    69.34649   -39.36266   153.47174
 1025    264     8.54665   -36.29040   142.00590
 1026    264     8.67814   -36.29040   142.00590
 1027    264     8.80963   -36.29040   142.00590
 1028    264     8.94111   -36.29040   142.00590
 1029    264     9.07260   -36.29040   142.00590
 1030    264     9.20409   -36.29040   142.00590
 1031    264     9.33557   -36.29040   142.00590
 1032    264     9.46706   -36.29040   142.00590
 1033    264     9.59855   -36.29040   142.00590
 1034    264     9.73003   -36.29040   142.00590
 1035    264     9.86152   -36.29040   142.00590
 1036    264     9.99301   -36.29040   142.00590
 1037    264    10.12449   -36.29040   142.00590
 1038    264    10.25598   -36.29040   142.00590
 1039    264    10.38747   -36.29040   142.00590
 1040    264    10.51896   -36.29040   142.00590
 1041    264    10.65044   -36.29040   142.00590
 1042    264    10.78193   -36.29040   142.00590
 1043    264    10.91342   -36.29040   142.00590
 1044    264    11.04490   -36.29040   142.00590
 1442    264    63.37671   -36.29040   142.00590
 1443    264    63.50819   -36.29040   142.00590
 1447    264    64.03414   -36.29040   142.00590
 1448    264    64.16563   -36.29040   142.00590
 1449    264    64.29711   -36.29040   142.00590
 1025    265     7.95252   -33.64528   132.13418
 1026    265     8.07487   -33.64528   132.13418
 1027    265     8.19721   -33.64528   132.13418
 1028    265     8.31956   -33.64528   132.13418
 1029    265     8.44191   -33.64528   132.13418
 1030    265     8.56425   -33.64528   132.13418
 1031    265     8.68660   -33.64528   132.13418
 1038    265     9.54302   -33.64528   132.13418
 1039    265     9.66537   -33.64528   132.13418
 1040    265     9.78772   -33.64528   132.13418
 1041    265     9.91006   -33.64528   132.13418
 1042    265    10.03241   -33.64528   132.13418
 1043    265    10.15476   -33.64528   132.13418
 1044    265    10.27710   -33.64528   132.13418
 1045    265    10.39945   -33.64528   132.13418
 1442    265    58.97100   -33.64528   132.13418
 1443    265    59.09334   -33.64528   132.13418
 1444    265    59.21569   -33.64528   132.13418
 1445    265    59.33803   -33.64528   132.13418
 1026    266     7.55002   -31.34401   123.54574
 1027    266     7.66441   -31.34401   123.54574
 1028    266     7.77881   -31.34401   123.54574
 1029    266     7.89320   -31.34401   123.54574
 1030    266     8.00759   -31.34401   123.54574
 1031    266     8.12199   -31.34401   123.54574
 1038    266     8.92275   -31.34401   123.54574
 1039    266     9.03714   -31.34401   123.54574
 1040    266     9.15154   -31.34401   123.54574
 1041    266     9.26593   -31.34401   123.54574
 1042    266     9.38033   -31.34401   123.54574
 1043    266     9.49472   -31.34401   123.54574
 1044    266     9.60911   -31.34401   123.54574
 1045    266     9.72351   -31.34401   123.54574
 1046    266     9.83790   -31.34401   123.54574
 1443    266    55.25240   -31.34401   123.54574
 1444    266    55.36680   -31.34401   123.54574
 1445    266    55.48119   -31.34401   123.54574
 1446    266    55.59558   -31.34401   123.54574
 1447    266    55.70998   -31.34401   123.54574
 1026    267     7.08923   -29.32365   116.00563
 1027    267     7.19665   -29.32365   116.00563
 1028    267     7.30406   -29.32365   116.00563
 1029    267     7.41147   -29.32365   116.00563
 1030    267     7.51888   -29.32365   116.00563
 1031    267     7.62630   -29.32365   116.00563
 1032    267     7.73371   -29.32365   116.00563
 1038    267     8.37818   -29.32365   116.00563
 1039    267     8.48560   -29.32365   116.00563
 1040    267     8.59301   -29.32365   116.00563
 1041    267     8.70042   -29.32365   116.00563
 1042    267     8.80783   -29.32365   116.00563
 1043    267     8.91525   -29.32365   116.00563
 1044    267     9.02266   -29.32365   116.00563
 1045    267     9.13007   -29.32365   116.00563
 1046    267     9.23749   -29.32365   116.00563
 1047    267     9.34490   -29.32365   116.00563
 1445    267    52.09512   -29.32365   116.00563
 1446    267    52.20253   -29.32365   116.00563
 1447    267    52.30995   -29.32365   116.00563
 1448    267    52.41736   -29.32365   116.00563
 1027    268     6.78269   -27.53570   109.33294
 1028    268     6.88393   -27.53570   109.33294
 1029    268     6.98516   -27.53570   109.33294
 1030    268     7.08639   -27.53570   109.33294
 1031    268     7.18763   -27.53570   109.33294
 1032    268     7.28886   -27.53570   109.33294
 1038    268     7.89627   -27.53570   109.33294
 1039    268     7.99750   -27.53570   109.33294
 1040    268     8.09874   -27.53570   109.33294
 1043    268     8.40244   -27.53570   109.33294
 1044    268     8.50367   -27.53570   109.33294
 1045    268     8.60491   -27.53570   109.33294
 1046    268     8.70614   -27.53570   109.33294
 1047    268     8.80738   -27.53570   109.33294
 1027    269     6.41377   -25.94226   103.38612
 1028    269     6.50950   -25.94226   103.38612
 1029    269     6.60522   -25.94226   103.38612
 1030    269     6.70095   -25.94226   103.38612
 1031    269     6.79668   -25.94226   103.38612
 1032    269     6.89241   -25.94226   103.38612
 1038    269     7.46678   -25.94226   103.38612
 1039    269     7.56250   -25.94226   103.38612
 1040    269     7.65823   -25.94226   103.38612
 1041    269     7.75396   -25.94226   103.38612
 1044    269     8.04114   -25.94226   103.38612
 1045    269     8.13687   -25.94226   103.38612
 1046    269     8.23260   -25.94226   103.38612
 1047    269     8.32833   -25.94226   103.38612
 1048    269     8.42405   -25.94226   103.38612
 1028    270     6.17370   -24.51321    98.05285
 1029    270     6.26449   -24.51321    98.05285
 1030    270     6.35528   -24.51321    98.05285
 1031    270     6.44607   -24.51321    98.05285
 1032    270     6.53686   -24.51321    98.05285
 1033    270     6.62765   -24.51321    98.05285
 1035    270     6.80923   -24.51321    98.05285
 1036    270     6.90002   -24.51321    98.05285
 1037    270     6.99081   -24.51321    98.05285
 1038    270     7.08159   -24.51321    98.05285
 1039    270     7.17238   -24.51321    98.05285
 1040    270     7.26317   -24.51321    98.05285
 1041    270     7.35396   -24.51321    98.05285
 1042    270     7.44475   -24.51321    98.05285
 1043    270     7.53554   -24.51321    98.05285
 1044    270     7.62633   -24.51321    98.05285
 1045    270     7.71712   -24.51321    98.05285
 1046    270     7.80791   -24.51321    98.05285
 1047    270     7.89870   -24.51321    98.05285
 1048    270     7.98949   -24.51321    98.05285
 1049    270     8.08028   -24.51321    98.05285
 1028    271     5.87085   -23.22437    93.24283
 1029    271     5.95718   -23.22437    93.24283
 1030    271     6.04352   -23.22437    93.24283
 1031    271     6.12985   -23.22437    93.24283
 1032    271     6.21619   -23.22437    93.24283
 1033    271     6.30252   -23.22437    93.24283
 1034    271     6.38886   -23.22437    93.24283
 1035    271     6.47520   -23.22437    93.24283
 1036    271     6.56153   -23.22437    93.24283
 1037    271     6.64787   -23.22437    93.24283
 1038    271     6.73420   -23.22437    93.24283
 1039    271     6.82054   -23.22437    93.24283
 1040    271     6.90688   -23.22437    93.24283
 1041    271     6.99321   -23.22437    93.24283
 1042    271     7.07955   -23.22437    93.24283
 1043    271     7.16588   -23.22437    93.24283
 1044    271     7.25222   -23.22437    93.24283
 1046    271     7.42489   -23.22437    93.24283
 1047    271     7.51123   -23.22437    93.24283
 1048    271     7.59756   -23.22437    93.24283
 1049    271     7.68390   -23.22437    93.24283
 1050    271     7.77024   -23.22437    93.24283
 1028    272     5.59632   -22.05607    88.88266
 1029    272     5.67861   -22.05607    88.88266
 1030    272     5.76091   -22.05607    88.88266
 1031    272     5.84321   -22.05607    88.88266
 1032    272     5.92551   -22.05607    88.88266
 1033    272     6.00781   -22.05607    88.88266
 1034    272     6.09011   -22.05607    88.88266
 1035    272     6.17241   -22.05607    88.88266
 1036    272     6.25471   -22.05607    88.88266
 1037    272     6.33700   -22.05607    88.88266
 1038    272     6.41930   -22.05607    88.88266
 1039    272     6.50160   -22.05607    88.88266
 1040    272     6.58390   -22.05607    88.88266
 1041    272     6.66620   -22.05607    88.88266
 1042    272     6.74850   -22.05607    88.88266
 1043    272     6.83080   -22.05607    88.88266
 1044    272     6.91310   -22.05607    88.88266
 1045    272     6.99539   -22.05607    88.88266
 1047    272     7.15999   -22.05607    88.88266
 1048    272     7.24229   -22.05607    88.88266
 1049    272     7.32459   -22.05607    88.88266
 1050    272     7.40689   -22.05607    88.88266
 1051    272     7.48919   -22.05607    88.88266
 1029    273     5.42494   -20.99215    84.91205
 1030    273     5.50356   -20.99215    84.91205
 1031    273     5.58218   -20.99215    84.91205
 1032    273     5.66080   -20.99215    84.91205
 1033    273     5.73943   -20.99215    84.91205
 1034    273     5.81805   -20.99215    84.91205
 1035    273     5.89667   -20.99215    84.91205
 1036    273     5.97529   -20.99215    84.91205
 1037    273     6.05391   -20.99215    84.91205
 1038    273     6.13254   -20.99215    84.91205
 1039    273     6.21116   -20.99215    84.91205
 1040    273     6.28978   -20.99215    84.91205
 1041    273     6.36840   -20.99215    84.91205
 1042    273     6.44703   -20.99215    84.91205
 1043    273     6.52565   -20.99215    84.91205
 1044    273     6.60427   -20.99215    84.91205
 1045    273     6.68289   -20.99215    84.91205
 1046    273     6.76152   -20.99215    84.91205
 1048    273     6.91876   -20.99215    84.91205
 1049    273     6.99738   -20.99215    84.91205
 1050    273     7.07600   -20.99215    84.91205
 1051    273     7.15463   -20.99215    84.91205
 1030    274     5.26821   -20.01921    81.28102
 1031    274     5.34347   -20.01921    81.28102
 1032    274     5.41873   -20.01921    81.28102
 1033    274     5.49399   -20.01921    81.28102
 1034    274     5.56926   -20.01921    81.28102
 1035    274     5.64452   -20.01921    81.28102
 1036    274     5.71978   -20.01921    81.28102
 1037    274     5.79504   -20.01921    81.28102
 1038    274     5.87030   -20.01921    81.28102
 1039    274     5.94556   -20.01921    81.28102
 1040    274     6.02082   -20.01921    81.28102
 1041    274     6.09608   -20.01921    81.28102
 1042    274     6.17134   -20.01921    81.28102
 1043    274     6.24660   -20.01921    81.28102
 1044    274     6.32186   -20.01921    81.28102
 1045    274     6.39712   -20.01921    81.28102
 1046    274     6.47238   -20.01921    81.28102
 1047    274     6.54764   -20.01921    81.28102
 1049    274     6.69816   -20.01921    81.28102
 1050    274     6.77342   -20.01921    81.28102
 1051    274     6.84868   -20.01921    81.28102
 1052    274     6.92394   -20.01921    81.28102
 1030    275     5.05217   -19.12608    77.94780
 1031    275     5.12435   -19.12608    77.94780
 1032    275     5.19652   -19.12608    77.94780
 1033    275     5.26869   -19.12608    77.94780
 1034    275     5.34087   -19.12608    77.94780
 1035    275     5.41304   -19.12608    77.94780
 1036    275     5.48522   -19.12608    77.94780
 1037    275     5.55739   -19.12608    77.94780
 1038    275     5.62956   -19.12608    77.94780
 1039    275     5.70174   -19.12608    77.94780
 1040    275     5.77391   -19.12608    77.94780
 1041    275     5.84609   -19.12608    77.94780
 1042    275     5.91826   -19.12608    77.94780
 1044    275     6.06261   -19.12608    77.94780
 1045    275     6.13478   -19.12608    77.94780
 1046    275     6.20695   -19.12608    77.94780
 1047    275     6.27913   -19.12608    77.94780
 1048    275     6.35130   -19.12608    77.94780
 1050    275     6.49565   -19.12608    77.94780
 1051    275     6.56782   -19.12608    77.94780
 1052    275     6.64000   -19.12608    77.94780
 1053    275     6.71217   -19.12608    77.94780
 1031    276     4.92248   -18.30331    74.87719
 1032    276     4.99181   -18.30331    74.87719
 1033    276     5.06114   -18.30331    74.87719
 1034    276     5.13047   -18.30331    74.87719
 1036    276     5.26914   -18.30331    74.87719
 1037    276     5.33847   -18.30331    74.87719
 1038    276     5.40780   -18.30331    74.87719
 1045    276     5.89311   -18.30331    74.87719
 1046    276     5.96244   -18.30331    74.87719
 1047    276     6.03177   -18.30331    74.87719
 1048    276     6.10110   -18.30331    74.87719
 1049    276     6.17044   -18.30331    74.87719
 1050    276     6.23977   -18.30331    74.87719
 1051    276     6.30910   -18.30331    74.87719
 1052    276     6.37843   -18.30331    74.87719
 1053    276     6.44776   -18.30331    74.87719
 1032    277     4.80262   -17.54291    72.03934
 1033    277     4.86933   -17.54291    72.03934
 1034    277     4.93603   -17.54291    72.03934
 1036    277     5.06943   -17.54291    72.03934
 1037    277     5.13614   -17.54291    72.03934
 1038    277     5.20284   -17.54291    72.03934
 1039    277     5.26954   -17.54291    72.03934
 1040    277     5.33625   -17.54291    72.03934
 1041    277     5.40295   -17.54291    72.03934
 1046    277     5.73647   -17.54291    72.03934
 1047    277     5.80317   -17.54291    72.03934
 1048    277     5.86987   -17.54291    72.03934
 1049    277     5.93657   -17.54291    72.03934
 1050    277     6.00328   -17.54291    72.03934
 1051    277     6.06998   -17.54291    72.03934
 1052    277     6.13668   -17.54291    72.03934
 1053    277     6.20339   -17.54291    72.03934
 1054    277     6.27009   -17.54291    72.03934
 1032    278     4.62725   -16.83804    69.40873
 1033    278     4.69152   -16.83804    69.40873
 1034    278     4.75578   -16.83804    69.40873
 1035    278     4.82005   -16.83804    69.40873
 1037    278     4.94859   -16.83804    69.40873
 1038    278     5.01285   -16.83804    69.40873
 1039    278     5.07712   -16.83804    69.40873
 1040    278     5.14139   -16.83804    69.40873
 1041    278     5.20566   -16.83804    69.40873
 1042    278     5.26992   -16.83804    69.40873
 1043    278     5.33419   -16.83804    69.40873
 1044    278     5.39846   -16.83804    69.40873
 1045    278     5.46272   -16.83804    69.40873
 1047    278     5.59126   -16.83804    69.40873
 1048    278     5.65553   -16.83804    69.40873
 1049    278     5.71979   -16.83804    69.40873
 1050    278     5.78406   -16.83804    69.40873
 1051    278     5.84833   -16.83804    69.40873
 1052    278     5.91260   -16.83804    69.40873
 1053    278     5.97686   -16.83804    69.40873
 1054    278     6.04113   -16.83804    69.40873
 1055    278     6.10540   -16.83804    69.40873
 1033    279     4.52624   -16.18284    66.96348
 1034    279     4.58824   -16.18284    66.96348
 1035    279     4.65024   -16.18284    66.96348
 1036    279     4.71225   -16.18284    66.96348
 1038    279     4.83625   -16.18284    66.96348
 1039    279     4.89825   -16.18284    66.96348
 1040    279     4.96026   -16.18284    66.96348
 1041    279     5.02226   -16.18284    66.96348
 1042    279     5.08426   -16.18284    66.96348
 1043    279     5.14627   -16.18284    66.96348
 1044    279     5.20827   -16.18284    66.96348
 1045    279     5.27027   -16.18284    66.96348
 1046    279     5.33228   -16.18284    66.96348
 1047    279     5.39428   -16.18284    66.96348
 1048    279     5.45628   -16.18284    66.96348
 1049    279     5.51829   -16.18284    66.96348
 1050    279     5.58029   -16.18284    66.96348
 1052    279     5.70430   -16.18284    66.96348
 1053    279     5.76630   -16.18284    66.96348
 1054    279     5.82830   -16.18284    66.96348
 1055    279     5.89031   -16.18284    66.96348
 1056    279     5.95231   -16.18284    66.96348
 1482    279    32.36568   -16.18284    66.96348
 1483    279    32.42769   -16.18284    66.96348
 1033    280     4.37220   -15.57223    64.68466
 1034    280     4.43210   -15.57223    64.68466
 1035    280     4.49199   -15.57223    64.68466
 1036    280     4.55188   -15.57223    64.68466
 1037    280     4.61178   -15.57223    64.68466
 1038    280     4.67167   -15.57223    64.68466
 1039    280     4.73156   -15.57223    64.68466
 1040    280     4.79146   -15.57223    64.68466
 1041    280     4.85135   -15.57223    64.68466
 1042    280     4.91124   -15.57223    64.68466
 1043    280     4.97114   -15.57223    64.68466
 1044    280     5.03103   -15.57223    64.68466
 1045    280     5.09092   -15.57223    64.68466
 1046    280     5.15082   -15.57223    64.68466
 1047    280     5.21071   -15.57223    64.68466
 1048    280     5.27060   -15.57223    64.68466
 1049    280     5.33050   -15.57223    64.68466
 1050    280     5.39039   -15.57223    64.68466
 1051    280     5.45028   -15.57223    64.68466
 1052    280     5.51017   -15.57223    64.68466
 1053    280     5.57007   -15.57223    64.68466
 1054    280     5.62996   -15.57223    64.68466
 1055    280     5.68985   -15.57223    64.68466
 1056    280     5.74975   -15.57223    64.68466
 1484    280    31.38404   -15.57223    64.68466
 1034    281     4.28623   -15.00182    62.55584
 1035    281     4.34416   -15.00182    62.55584
 1036    281     4.40208   -15.00182    62.55584
 1037    281     4.46000   -15.00182    62.55584
 1038    281     4.51792   -15.00182    62.55584
 1039    281     4.57584   -15.00182    62.55584
 1040    281     4.63377   -15.00182    62.55584
 1041    281     4.69169   -15.00182    62.55584
 1042    281     4.74961   -15.00182    62.55584
 1043    281     4.80753   -15.00182    62.55584
 1044    281     4.86545   -15.00182    62.55584
 1045    281     4.92338   -15.00182    62.55584
 1046    281     4.98130   -15.00182    62.55584
 1047    281     5.03922   -15.00182    62.55584
 1048    281     5.09714   -15.00182    62.55584
 1049    281     5.15506   -15.00182    62.55584
 1050    281     5.21299   -15.00182    62.55584
 1051    281     5.27091   -15.00182    62.55584
 1052    281     5.32883   -15.00182    62.55584
 1053    281     5.38675   -15.00182    62.55584
 1054    281     5.44467   -15.00182    62.55584
 1055    281     5.50260   -15.00182    62.55584
 1056    281     5.56052   -15.00182    62.55584
 1057    281     5.61844   -15.00182    62.55584
 1035    282     4.20574   -14.46775    60.56267
 1036    282     4.26182   -14.46775    60.56267
 1037    282     4.31789   -14.46775    60.56267
 1038    282     4.37397   -14.46775    60.56267
 1039    282     4.43005   -14.46775    60.56267
 1040    282     4.48612   -14.46775    60.56267
 1041    282     4.54220   -14.46775    60.56267
 1042    282     4.59828   -14.46775    60.56267
 1043    282     4.65435   -14.46775    60.56267
 1044    282     4.71043   -14.46775    60.56267
 1045    282     4.76651   -14.46775    60.56267
 1046    282     4.82258   -14.46775    60.56267
 1047    282     4.87866   -14.46775    60.56267
 1048    282     4.93474   -14.46775    60.56267
 1049    282     4.99081   -14.46775    60.56267
 1050    282     5.04689   -14.46775    60.56267
 1051    282     5.10297   -14.46775    60.56267
 1052    282     5.15904   -14.46775    60.56267
 1053    282     5.21512   -14.46775    60.56267
 1054    282     5.27120   -14.46775    60.56267
 1055    282     5.32727   -14.46775    60.56267
 1056    282     5.38335   -14.46775    60.56267
 1057    282     5.43942   -14.46775    60.56267
 1481    282    29.21588   -14.46775    60.56267
 1482    282    29.27196   -14.46775    60.56267
 1484    282    29.38411   -14.46775    60.56267
 1036    283     4.13022   -13.96666    58.69259
 1037    283     4.18456   -13.96666    58.69259
 1038    283     4.23891   -13.96666    58.69259
 1039    283     4.29325   -13.96666    58.69259
 1040    283     4.34760   -13.96666    58.69259
 1041    283     4.40194   -13.96666    58.69259
 1043    283     4.51063   -13.96666    58.69259
 1044    283     4.56498   -13.96666    58.69259
 1045    283     4.61932   -13.96666    58.69259
 1046    283     4.67367   -13.96666    58.69259
 1047    283     4.72801   -13.96666    58.69259
 1048    283     4.78236   -13.96666    58.69259
 1049    283     4.83670   -13.96666    58.69259
 1050    283     4.89105   -13.96666    58.69259
 1051    283     4.94539   -13.96666    58.69259
 1052    283     4.99974   -13.96666    58.69259
 1053    283     5.05408   -13.96666    58.69259
 1054    283     5.10843   -13.96666    58.69259
 1055    283     5.16277   -13.96666    58.69259
 1056    283     5.21712   -13.96666    58.69259
 1057    283     5.27146   -13.96666    58.69259
 1058    283     5.32581   -13.96666    58.69259
 1483    283    28.42243   -13.96666    58.69259
 1037    284     4.05922   -13.49560    56.93455
 1038    284     4.11194   -13.49560    56.93455
 1039    284     4.16466   -13.49560    56.93455
 1040    284     4.21737   -13.49560    56.93455
 1041    284     4.27009   -13.49560    56.93455
 1042    284     4.32281   -13.49560    56.93455
 1047    284     4.58639   -13.49560    56.93455
 1048    284     4.63911   -13.49560    56.93455
 1049    284     4.69183   -13.49560    56.93455
 1050    284     4.74455   -13.49560    56.93455
 1051    284     4.79726   -13.49560    56.93455
 1053    284     4.90270   -13.49560    56.93455
 1054    284     4.95541   -13.49560    56.93455
 1055    284     5.00813   -13.49560    56.93455
 1056    284     5.06085   -13.49560    56.93455
 1057    284     5.11357   -13.49560    56.93455
 1058    284     5.16628   -13.49560    56.93455
 1037    285     3.94117   -13.05193    55.27876
 1038    285     3.99235   -13.05193    55.27876
 1039    285     4.04354   -13.05193    55.27876
 1040    285     4.09472   -13.05193    55.27876
 1041    285     4.14591   -13.05193    55.27876
 1042    285     4.19709   -13.05193    55.27876
 1043    285     4.24827   -13.05193    55.27876
 1052    285     4.70893   -13.05193    55.27876
 1053    285     4.76012   -13.05193    55.27876
 1054    285     4.81130   -13.05193    55.27876
 1055    285     4.86248   -13.05193    55.27876
 1056    285     4.91367   -13.05193    55.27876
 1057    285     4.96485   -13.05193    55.27876
 1058    285     5.01604   -13.05193    55.27876
 1059    285     5.06722   -13.05193    55.27876
 1498    285    27.53701   -13.05193    55.27876
 1499    285    27.58819   -13.05193    55.27876
 1038    286     3.87953   -12.63334    53.71655
 1039    286     3.92927   -12.63334    53.71655
 1040    286     3.97900   -12.63334    53.71655
 1041    286     4.02874   -12.63334    53.71655
 1042    286     4.07848   -12.63334    53.71655
 1043    286     4.12822   -12.63334    53.71655
 1051    286     4.52612   -12.63334    53.71655
 1052    286     4.57585   -12.63334    53.71655
 1053    286     4.62559   -12.63334    53.71655
 1055    286     4.72507   -12.63334    53.71655
 1056    286     4.77480   -12.63334    53.71655
 1057    286     4.82454   -12.63334    53.71655
 1058    286     4.87428   -12.63334    53.71655
 1059    286     4.92402   -12.63334    53.71655
 1060    286     4.97375   -12.63334    53.71655
 1038    287     3.77290   -12.23776    52.24022
 1039    287     3.82128   -12.23776    52.24022
 1040    287     3.86965   -12.23776    52.24022
 1041    287     3.91802   -12.23776    52.24022
 1042    287     3.96639   -12.23776    52.24022
 1043    287     4.01476   -12.23776    52.24022
 1044    287     4.06313   -12.23776    52.24022
 1050    287     4.35335   -12.23776    52.24022
 1051    287     4.40172   -12.23776    52.24022
 1052    287     4.45009   -12.23776    52.24022
 1053    287     4.49846   -12.23776    52.24022
 1056    287     4.64358   -12.23776    52.24022
 1057    287     4.69195   -12.23776    52.24022
 1058    287     4.74032   -12.23776    52.24022
 1059    287     4.78869   -12.23776    52.24022
 1060    287     4.83706   -12.23776    52.24022
 1061    287     4.88543   -12.23776    52.24022
 1039    288     3.71906   -11.86334    50.84287
 1040    288     3.76614   -11.86334    50.84287
 1041    288     3.81321   -11.86334    50.84287
 1042    288     3.86029   -11.86334    50.84287
 1043    288     3.90737   -11.86334    50.84287
 1044    288     3.95445   -11.86334    50.84287
 1050    288     4.23691   -11.86334    50.84287
 1051    288     4.28398   -11.86334    50.84287
 1052    288     4.33106   -11.86334    50.84287
 1053    288     4.37814   -11.86334    50.84287
 1054    288     4.42521   -11.86334    50.84287
 1055    288     4.47229   -11.86334    50.84287
 1057    288     4.56644   -11.86334    50.84287
 1058    288     4.61352   -11.86334    50.84287
 1059    288     4.66060   -11.86334    50.84287
 1060    288     4.70767   -11.86334    50.84287
 1061    288     4.75475   -11.86334    50.84287
 1498    288    25.32728   -11.86334    50.84287
 1039    289     3.62217   -11.50842    49.51832
 1040    289     3.66802   -11.50842    49.51832
 1041    289     3.71387   -11.50842    49.51832
 1042    289     3.75972   -11.50842    49.51832
 1043    289     3.80557   -11.50842    49.51832
 1044    289     3.85142   -11.50842    49.51832
 1045    289     3.89728   -11.50842    49.51832
 1050    289     4.12653   -11.50842    49.51832
 1051    289     4.17238   -11.50842    49.51832
 1052    289     4.21823   -11.50842    49.51832
 1053    289     4.26408   -11.50842    49.51832
 1054    289     4.30993   -11.50842    49.51832
 1055    289     4.35578   -11.50842    49.51832
 1056    289     4.40163   -11.50842    49.51832
 1058    289     4.49333   -11.50842    49.51832
 1059    289     4.53918   -11.50842    49.51832
 1060    289     4.58503   -11.50842    49.51832
 1061    289     4.63088   -11.50842    49.51832
 1062    289     4.67673   -11.50842    49.51832
 1040    290     3.57489   -11.17154    48.26104
 1041    290     3.61958   -11.17154    48.26104
 1042    290     3.66426   -11.17154    48.26104
 1043    290     3.70895   -11.17154    48.26104
 1044    290     3.75364   -11.17154    48.26104
 1045    290     3.79832   -11.17154    48.26104
 1046    290     3.84301   -11.17154    48.26104
 1050    290     4.02175   -11.17154    48.26104
 1051    290     4.06644   -11.17154    48.26104
 1052    290     4.11113   -11.17154    48.26104
 1053    290     4.15581   -11.17154    48.26104
 1055    290     4.24518   -11.17154    48.26104
 1056    290     4.28987   -11.17154    48.26104
 1058    290     4.37924   -11.17154    48.26104
 1059    290     4.42393   -11.17154    48.26104
 1060    290     4.46861   -11.17154    48.26104
 1061    290     4.51330   -11.17154    48.26104
 1062    290     4.55799   -11.17154    48.26104
 1040    291     3.48637   -10.85133    47.06602
 1041    291     3.52995   -10.85133    47.06602
 1042    291     3.57353   -10.85133    47.06602
 1043    291     3.61711   -10.85133    47.06602
 1044    291     3.66069   -10.85133    47.06602
 1045    291     3.70427   -10.85133    47.06602
 1046    291     3.74785   -10.85133    47.06602
 1050    291     3.92217   -10.85133    47.06602
 1051    291     3.96575   -10.85133    47.06602
 1052    291     4.00933   -10.85133    47.06602
 1053    291     4.05291   -10.85133    47.06602
 1055    291     4.14007   -10.85133    47.06602
 1056    291     4.18365   -10.85133    47.06602
 1057    291     4.22723   -10.85133    47.06602
 1058    291     4.27081   -10.85133    47.06602
 1059    291     4.31438   -10.85133    47.06602
 1060    291     4.35796   -10.85133    47.06602
 1061    291     4.40154   -10.85133    47.06602
 1062    291     4.44512   -10.85133    47.06602
 1063    291     4.48870   -10.85133    47.06602
 1041    292     3.44466   -10.54660    45.92875
 1042    292     3.48718   -10.54660    45.92875
 1043    292     3.52971   -10.54660    45.92875
 1044    292     3.57224   -10.54660    45.92875
 1045    292     3.61476   -10.54660    45.92875
 1046    292     3.65729   -10.54660    45.92875
 1047    292     3.69982   -10.54660    45.92875
 1051    292     3.86992   -10.54660    45.92875
 1052    292     3.91245   -10.54660    45.92875
 1053    292     3.95498   -10.54660    45.92875
 1054    292     3.99750   -10.54660    45.92875
 1055    292     4.04003   -10.54660    45.92875
 1056    292     4.08256   -10.54660    45.92875
 1057    292     4.12508   -10.54660    45.92875
 1059    292     4.21014   -10.54660    45.92875
 1060    292     4.25266   -10.54660    45.92875
 1061    292     4.29519   -10.54660    45.92875
 1062    292     4.33771   -10.54660    45.92875
 1063    292     4.38024   -10.54660    45.92875
 1042    293     3.40491   -10.25625    44.84514
 1043    293     3.44643   -10.25625    44.84514
 1044    293     3.48796   -10.25625    44.84514
 1045    293     3.52948   -10.25625    44.84514
 1046    293     3.57100   -10.25625    44.84514
 1047    293     3.61253   -10.25625    44.84514
 1048    293     3.65405   -10.25625    44.84514
 1051    293     3.77862   -10.25625    44.84514
 1052    293     3.82014   -10.25625    44.84514
 1053    293     3.86166   -10.25625    44.84514
 1054    293     3.90319   -10.25625    44.84514
 1056    293     3.98623   -10.25625    44.84514
 1057    293     4.02776   -10.25625    44.84514
 1059    293     4.11080   -10.25625    44.84514
 1060    293     4.15233   -10.25625    44.84514
 1061    293     4.19385   -10.25625    44.84514
 1062    293     4.23537   -10.25625    44.84514
 1063    293     4.27690   -10.25625    44.84514
 1064    293     4.31842   -10.25625    44.84514
 1042    294     3.32643    -9.97928    43.81149
 1043    294     3.36699    -9.97928    43.81149
 1044    294     3.40756    -9.97928    43.81149
 1045    294     3.44813    -9.97928    43.81149
 1046    294     3.48869    -9.97928    43.81149
 1047    294     3.52926    -9.97928    43.81149
 1048    294     3.56983    -9.97928    43.81149
 1051    294     3.69152    -9.97928    43.81149
 1052    294     3.73209    -9.97928    43.81149
 1053    294     3.77266    -9.97928    43.81149
 1054    294     3.81322    -9.97928    43.81149
 1057    294     3.93492    -9.97928    43.81149
 1058    294     3.97549    -9.97928    43.81149
 1060    294     4.05662    -9.97928    43.81149
 1061    294     4.09719    -9.97928    43.81149
 1062    294     4.13775    -9.97928    43.81149
 1063    294     4.17832    -9.97928    43.81149
 1064    294     4.21888    -9.97928    43.81149
 1065    294     4.25945    -9.97928    43.81149
 1043    295     3.29114    -9.71480    42.82441
 1044    295     3.33079    -9.71480    42.82441
 1045    295     3.37044    -9.71480    42.82441
 1046    295     3.41009    -9.71480    42.82441
 1047    295     3.44974    -9.71480    42.82441
 1048    295     3.48940    -9.71480    42.82441
 1049    295     3.52905    -9.71480    42.82441
 1051    295     3.60835    -9.71480    42.82441
 1052    295     3.64801    -9.71480    42.82441
 1053    295     3.68766    -9.71480    42.82441
 1054    295     3.72731    -9.71480    42.82441
 1055    295     3.76696    -9.71480    42.82441
 1058    295     3.88592    -9.71480    42.82441
 1059    295     3.92557    -9.71480    42.82441
 1061    295     4.00488    -9.71480    42.82441
 1062    295     4.04453    -9.71480    42.82441
 1063    295     4.08418    -9.71480    42.82441
 1064    295     4.12383    -9.71480    42.82441
 1065    295     4.16348    -9.71480    42.82441
 1066    295     4.20314    -9.71480    42.82441
 1044    296     3.25740    -9.46197    41.88084
 1045    296     3.29618    -9.46197    41.88084
 1046    296     3.33496    -9.46197    41.88084
 1047    296     3.37373    -9.46197    41.88084
 1048    296     3.41251    -9.46197    41.88084
 1049    296     3.45129    -9.46197    41.88084
 1052    296     3.56763    -9.46197    41.88084
 1053    296     3.60641    -9.46197    41.88084
 1054    296     3.64518    -9.46197    41.88084
 1055    296     3.68396    -9.46197    41.88084
 1056    296     3.72274    -9.46197    41.88084
 1057    296     3.76152    -9.46197    41.88084
 1062    296     3.95541    -9.46197    41.88084
 1063    296     3.99419    -9.46197    41.88084
 1064    296     4.03297    -9.46197    41.88084
 1065    296     4.07175    -9.46197    41.88084
 1066    296     4.11053    -9.46197    41.88084
 1044    297     3.18717    -9.22004    40.97794
 1045    297     3.22512    -9.22004    40.97794
 1046    297     3.26306    -9.22004    40.97794
 1047    297     3.30100    -9.22004    40.97794
 1048    297     3.33894    -9.22004    40.97794
 1049    297     3.37689    -9.22004    40.97794
 1050    297     3.41483    -9.22004    40.97794
 1053    297     3.52866    -9.22004    40.97794
 1054    297     3.56660    -9.22004    40.97794
 1055    297     3.60454    -9.22004    40.97794
 1056    297     3.64248    -9.22004    40.97794
 1057    297     3.68043    -9.22004    40.97794
 1058    297     3.71837    -9.22004    40.97794
 1059    297     3.75631    -9.22004    40.97794
 1060    297     3.79425    -9.22004    40.97794
 1061    297     3.83220    -9.22004    40.97794
 1062    297     3.87014    -9.22004    40.97794
 1063    297     3.90808    -9.22004    40.97794
 1064    297     3.94602    -9.22004    40.97794
 1065    297     3.98397    -9.22004    40.97794
 1066    297     4.02191    -9.22004    40.97794
 1067    297     4.05985    -9.22004    40.97794
 1045    298     3.15705    -8.98832    40.11316
 1046    298     3.19420    -8.98832    40.11316
 1047    298     3.23134    -8.98832    40.11316
 1048    298     3.26848    -8.98832    40.11316
 1049    298     3.30562    -8.98832    40.11316
 1050    298     3.34276    -8.98832    40.11316
 1051    298     3.37990    -8.98832    40.11316
 1054    298     3.49133    -8.98832    40.11316
 1055    298     3.52847    -8.98832    40.11316
 1056    298     3.56561    -8.98832    40.11316
 1057    298     3.60276    -8.98832    40.11316
 1058    298     3.63990    -8.98832    40.11316
 1059    298     3.67704    -8.98832    40.11316
 1060    298     3.71418    -8.98832    40.11316
 1061    298     3.75132    -8.98832    40.11316
 1062    298     3.78846    -8.98832    40.11316
 1063    298     3.82561    -8.98832    40.11316
 1064    298     3.86275    -8.98832    40.11316
 1065    298     3.89989    -8.98832    40.11316
 1066    298     3.93703    -8.98832    40.11316
 1067    298     3.97417    -8.98832    40.11316
 1068    298     4.01132    -8.98832    40.11316
 1046    299     3.12818    -8.76618    39.28412
 1047    299     3.16455    -8.76618    39.28412
 1048    299     3.20093    -8.76618    39.28412
 1049    299     3.23730    -8.76618    39.28412
 1050    299     3.27368    -8.76618    39.28412
 1051    299     3.31005    -8.76618    39.28412
 1056    299     3.49192    -8.76618    39.28412
 1057    299     3.52830    -8.76618    39.28412
 1058    299     3.56467    -8.76618    39.28412
 1059    299     3.60104    -8.76618    39.28412
 1060    299     3.63742    -8.76618    39.28412
 1061    299     3.67379    -8.76618    39.28412
 1062    299     3.71017    -8.76618    39.28412
 1063    299     3.74654    -8.76618    39.28412
 1064    299     3.78292    -8.76618    39.28412
 1065    299     3.81929    -8.76618    39.28412
 1066    299     3.85566    -8.76618    39.28412
 1067    299     3.89204    -8.76618    39.28412
 1068    299     3.92841    -8.76618    39.28412
 1069    299     3.96479    -8.76618    39.28412
 1046    300     3.06484    -8.55303    38.48865
 1047    300     3.10047    -8.55303    38.48865
 1048    300     3.13611    -8.55303    38.48865
 1049    300     3.17175    -8.55303    38.48865
 1050    300     3.20739    -8.55303    38.48865
 1051    300     3.24303    -8.55303    38.48865
 1052    300     3.27866    -8.55303    38.48865
 1063    300     3.67068    -8.55303    38.48865
 1064    300     3.70631    -8.55303    38.48865
 1065    300     3.74195    -8.55303    38.48865
 1066    300     3.77759    -8.55303    38.48865
 1067    300     3.81323    -8.55303    38.48865
 1068    300     3.84887    -8.55303    38.48865
 1069    300     3.88450    -8.55303    38.48865
 1047    301     3.03894    -8.34835    37.72476
 1048    301     3.07387    -8.34835    37.72476
 1049    301     3.10880    -8.34835    37.72476
 1050    301     3.14373    -8.34835    37.72476
 1051    301     3.17866    -8.34835    37.72476
 1052    301     3.21359    -8.34835    37.72476
 1053    301     3.24852    -8.34835    37.72476
 1064    301     3.63276    -8.34835    37.72476
 1065    301     3.66769    -8.34835    37.72476
 1066    301     3.70262    -8.34835    37.72476
 1067    301     3.73755    -8.34835    37.72476
 1068    301     3.77248    -8.34835    37.72476
 1069    301     3.80741    -8.34835    37.72476
 1070    301     3.84234    -8.34835    37.72476
 1048    302     3.01405    -8.15163    36.99061
 1049    302     3.04830    -8.15163    36.99061
 1050    302     3.08255    -8.15163    36.99061
 1051    302     3.11680    -8.15163    36.99061
 1052    302     3.15105    -8.15163    36.99061
 1053    302     3.18530    -8.15163    36.99061
 1065    302     3.59631    -8.15163    36.99061
 1066    302     3.63056    -8.15163    36.99061
 1067    302     3.66481    -8.15163    36.99061
 1068    302     3.69906    -8.15163    36.99061
 1069    302     3.73331    -8.15163    36.99061
 1070    302     3.76756    -8.15163    36.99061
 1542    302    19.93383    -8.15163    36.99061
 1543    302    19.96808    -8.15163    36.99061
 1544    302    20.00233    -8.15163    36.99061
 1545    302    20.03658    -8.15163    36.99061
 1048    303     2.95651    -7.96243    36.28448
 1049    303     2.99011    -7.96243    36.28448
 1050    303     3.02371    -7.96243    36.28448
 1051    303     3.05730    -7.96243    36.28448
 1052    303     3.09090    -7.96243    36.28448
 1053    303     3.12450    -7.96243    36.28448
 1054    303     3.15809    -7.96243    36.28448
 1065    303     3.52766    -7.96243    36.28448
 1066    303     3.56125    -7.96243    36.28448
 1067    303     3.59485    -7.96243    36.28448
 1068    303     3.62845    -7.96243    36.28448
 1069    303     3.66204    -7.96243    36.28448
 1070    303     3.69564    -7.96243    36.28448
 1071    303     3.72924    -7.96243    36.28448
 1541    303    19.51971    -7.96243    36.28448
 1542    303    19.55330    -7.96243    36.28448
 1543    303    19.58690    -7.96243    36.28448
 1544    303    19.62050    -7.96243    36.28448
 1545    303    19.65409    -7.96243    36.28448
 1546    303    19.68769    -7.96243    36.28448
 1049    304     2.93410    -7.78031    35.60481
 1050    304     2.96707    -7.78031    35.60481
 1051    304     3.00003    -7.78031    35.60481
 1052    304     3.03300    -7.78031    35.60481
 1053    304     3.06597    -7.78031    35.60481
 1054    304     3.09894    -7.78031    35.60481
 1066    304     3.49455    -7.78031    35.60481
 1067    304     3.52751    -7.78031    35.60481
 1068    304     3.56048    -7.78031    35.60481
 1069    304     3.59345    -7.78031    35.60481
 1070    304     3.62642    -7.78031    35.60481
 1071    304     3.65938    -7.78031    35.60481
 1540    304    19.12110    -7.78031    35.60481
 1541    304    19.15407    -7.78031    35.60481
 1542    304    19.18703    -7.78031    35.60481
 1543    304    19.22000    -7.78031    35.60481
 1544    304    19.25297    -7.78031    35.60481
 1545    304    19.28594    -7.78031    35.60481
 1546    304    19.31890    -7.78031    35.60481
 1547    304    19.35187    -7.78031    35.60481
 1049    305     2.88015    -7.60489    34.95013
 1050    305     2.91251    -7.60489    34.95013
 1051    305     2.94487    -7.60489    34.95013
 1052    305     2.97723    -7.60489    34.95013
 1053    305     3.00959    -7.60489    34.95013
 1054    305     3.04196    -7.60489    34.95013
 1055    305     3.07432    -7.60489    34.95013
 1067    305     3.46265    -7.60489    34.95013
 1068    305     3.49501    -7.60489    34.95013
 1069    305     3.52737    -7.60489    34.95013
 1070    305     3.55974    -7.60489    34.95013
 1071    305     3.59210    -7.60489    34.95013
 1072    305     3.62446    -7.60489    34.95013
 1540    305    18.76951    -7.60489    34.95013
 1541    305    18.80187    -7.60489    34.95013
 1542    305    18.83423    -7.60489    34.95013
 1545    305    18.93132    -7.60489    34.95013
 1546    305    18.96368    -7.60489    34.95013
 1547    305    18.99604    -7.60489    34.95013
 1050    306     2.85992    -7.43580    34.31909
 1051    306     2.89170    -7.43580    34.31909
 1052    306     2.92348    -7.43580    34.31909
 1053    306     2.95525    -7.43580    34.31909
 1054    306     2.98703    -7.43580    34.31909
 1055    306     3.01881    -7.43580    34.31909
 1056    306     3.05059    -7.43580    34.31909
 1067    306     3.40013    -7.43580    34.31909
 1068    306     3.43191    -7.43580    34.31909
 1069    306     3.46369    -7.43580    34.31909
 1070    306     3.49546    -7.43580    34.31909
 1071    306     3.52724    -7.43580    34.31909
 1072    306     3.55902    -7.43580    34.31909
 1073    306     3.59079    -7.43580    34.31909
 1540    306    18.43062    -7.43580    34.31909
 1541    306    18.46240    -7.43580    34.31909
 1542    306    18.49418    -7.43580    34.31909
 1543    306    18.52595    -7.43580    34.31909
 1544    306    18.55773    -7.43580    34.31909
 1545    306    18.58951    -7.43580    34.31909
 1546    306    18.62128    -7.43580    34.31909
 1547    306    18.65306    -7.43580    34.31909
 1050    307     2.80920    -7.27271    33.71043
 1051    307     2.84042    -7.27271    33.71043
 1052    307     2.87163    -7.27271    33.71043
 1053    307     2.90284    -7.27271    33.71043
 1054    307     2.93406    -7.27271    33.71043
 1055    307     2.96527    -7.27271    33.71043
 1056    307     2.99648    -7.27271    33.71043
 1068    307     3.37104    -7.27271    33.71043
 1069    307     3.40226    -7.27271    33.71043
 1070    307     3.43347    -7.27271    33.71043
 1071    307     3.46468    -7.27271    33.71043
 1072    307     3.49590    -7.27271    33.71043
 1073    307     3.52711    -7.27271    33.71043
 1541    307    18.13496    -7.27271    33.71043
 1542    307    18.16618    -7.27271    33.71043
 1543    307    18.19739    -7.27271    33.71043
 1544    307    18.22860    -7.27271    33.71043
 1545    307    18.25982    -7.27271    33.71043
 1546    307    18.29103    -7.27271    33.71043
 1547    307    18.32224    -7.27271    33.71043
 1051    308     2.79092    -7.11531    33.12299
 1052    308     2.82159    -7.11531    33.12299
 1053    308     2.85226    -7.11531    33.12299
 1054    308     2.88293    -7.11531    33.12299
 1055    308     2.91360    -7.11531    33.12299
 1056    308     2.94427    -7.11531    33.12299
 1057    308     2.97494    -7.11531    33.12299
 1068    308     3.31230    -7.11531    33.12299
 1069    308     3.34297    -7.11531    33.12299
 1070    308     3.37364    -7.11531    33.12299
 1071    308     3.40431    -7.11531    33.12299
 1072    308     3.43498    -7.11531    33.12299
 1073    308     3.46565    -7.11531    33.12299
 1074    308     3.49632    -7.11531    33.12299
 1542    308    17.84961    -7.11531    33.12299
 1543    308    17.88028    -7.11531    33.12299
 1544    308    17.91095    -7.11531    33.12299
 1545    308    17.94162    -7.11531    33.12299
 1546    308    17.97229    -7.11531    33.12299
 1052    309     2.77326    -6.96330    32.55567
 1053    309     2.80341    -6.96330    32.55567
 1054    309     2.83355    -6.96330    32.55567
 1055    309     2.86369    -6.96330    32.55567
 1056    309     2.89384    -6.96330    32.55567
 1057    309     2.92398    -6.96330    32.55567
 1069    309     3.28571    -6.96330    32.55567
 1070    309     3.31586    -6.96330    32.55567
 1071    309     3.34600    -6.96330    32.55567
 1072    309     3.37614    -6.96330    32.55567
 1073    309     3.40629    -6.96330    32.55567
 1074    309     3.43643    -6.96330    32.55567
 1075    309     3.46658    -6.96330    32.55567
 1052    310     2.72656    -6.81640    32.00746
 1053    310     2.75620    -6.81640    32.00746
 1054    310     2.78583    -6.81640    32.00746
 1055    310     2.81547    -6.81640    32.00746
 1056    310     2.84511    -6.81640    32.00746
 1057    310     2.87474    -6.81640    32.00746
 1058    310     2.90438    -6.81640    32.00746
 1070    310     3.26002    -6.81640    32.00746
 1071    310     3.28966    -6.81640    32.00746
 1072    310     3.31929    -6.81640    32.00746
 1073    310     3.34893    -6.81640    32.00746
 1074    310     3.37857    -6.81640    32.00746
 1075    310     3.40820    -6.81640    32.00746
 1076    310     3.43784    -6.81640    32.00746
 1053    311     2.71055    -6.67438    31.47740
 1054    311     2.73970    -6.67438    31.47740
 1055    311     2.76885    -6.67438    31.47740
 1056    311     2.79799    -6.67438    31.47740
 1057    311     2.82714    -6.67438    31.47740
 1058    311     2.85628    -6.67438    31.47740
 1059    311     2.88543    -6.67438    31.47740
 1071    311     3.23518    -6.67438    31.47740
 1072    311     3.26432    -6.67438    31.47740
 1073    311     3.29347    -6.67438    31.47740
 1074    311     3.32261    -6.67438    31.47740
 1075    311     3.35176    -6.67438    31.47740
 1076    311     3.38091    -6.67438    31.47740
 1053    312     2.66640    -6.53698    30.96462
 1054    312     2.69507    -6.53698    30.96462
 1055    312     2.72374    -6.53698    30.96462
 1056    312     2.75241    -6.53698    30.96462
 1057    312     2.78108    -6.53698    30.96462
 1058    312     2.80975    -6.53698    30.96462
 1059    312     2.83842    -6.53698    30.96462
 1060    312     2.86709    -6.53698    30.96462
 1071    312     3.18247    -6.53698    30.96462
 1072    312     3.21115    -6.53698    30.96462
 1073    312     3.23982    -6.53698    30.96462
 1074    312     3.26849    -6.53698    30.96462
 1075    312     3.29716    -6.53698    30.96462
 1076    312     3.32583    -6.53698    30.96462
 1077    312     3.35450    -6.53698    30.96462
 1054    313     2.65187    -6.40398    30.46827
 1055    313     2.68008    -6.40398    30.46827
 1056    313     2.70829    -6.40398    30.46827
 1057    313     2.73650    -6.40398    30.46827
 1058    313     2.76471    -6.40398    30.46827
 1059    313     2.79292    -6.40398    30.46827
 1060    313     2.82114    -6.40398    30.46827
 1072    313     3.15967    -6.40398    30.46827
 1073    313     3.18788    -6.40398    30.46827
 1074    313     3.21610    -6.40398    30.46827
 1075    313     3.24431    -6.40398    30.46827
 1076    313     3.27252    -6.40398    30.46827
 1077    313     3.30073    -6.40398    30.46827
 1078    313     3.32894    -6.40398    30.46827
 1055    314     2.63780    -6.27518    29.98759
 1056    314     2.66556    -6.27518    29.98759
 1057    314     2.69333    -6.27518    29.98759
 1058    314     2.72110    -6.27518    29.98759
 1059    314     2.74886    -6.27518    29.98759
 1060    314     2.77663    -6.27518    29.98759
 1061    314     2.80439    -6.27518    29.98759
 1073    314     3.13759    -6.27518    29.98759
 1074    314     3.16536    -6.27518    29.98759
 1075    314     3.19312    -6.27518    29.98759
 1076    314     3.22089    -6.27518    29.98759
 1077    314     3.24866    -6.27518    29.98759
 1078    314     3.27642    -6.27518    29.98759
 1056    315     2.62416    -6.15038    29.52183
 1057    315     2.65150    -6.15038    29.52183
 1058    315     2.67883    -6.15038    29.52183
 1059    315     2.70617    -6.15038    29.52183
 1060    315     2.73350    -6.15038    29.52183
 1061    315     2.76084    -6.15038    29.52183
 1073    315     3.08886    -6.15038    29.52183
 1074    315     3.11619    -6.15038    29.52183
 1075    315     3.14353    -6.15038    29.52183
 1076    315     3.17086    -6.15038    29.52183
 1077    315     3.19820    -6.15038    29.52183
 1078    315     3.22553    -6.15038    29.52183
 1079    315     3.25287    -6.15038    29.52183
 1056    316     2.58403    -6.02940    29.07033
 1057    316     2.61095    -6.02940    29.07033
 1058    316     2.63786    -6.02940    29.07033
 1059    316     2.66478    -6.02940    29.07033
 1060    316     2.69170    -6.02940    29.07033
 1061    316     2.71861    -6.02940    29.07033
 1062    316     2.74553    -6.02940    29.07033
 1074    316     3.06853    -6.02940    29.07033
 1075    316     3.09545    -6.02940    29.07033
 1076    316     3.12237    -6.02940    29.07033
 1077    316     3.14929    -6.02940    29.07033
 1078    316     3.17620    -6.02940    29.07033
 1079    316     3.20312    -6.02940    29.07033
 1057    317     2.57162    -5.91207    28.63242
 1058    317     2.59813    -5.91207    28.63242
 1059    317     2.62464    -5.91207    28.63242
 1060    317     2.65115    -5.91207    28.63242
 1061    317     2.67766    -5.91207    28.63242
 1062    317     2.70417    -5.91207    28.63242
 1075    317     3.04882    -5.91207    28.63242
 1076    317     3.07533    -5.91207    28.63242
 1077    317     3.10185    -5.91207    28.63242
 1078    317     3.12836    -5.91207    28.63242
 1079    317     3.15487    -5.91207    28.63242
 1080    317     3.18138    -5.91207    28.63242
 1574    317    16.27806    -5.91207    28.63242
 1575    317    16.30457    -5.91207    28.63242
 1057    318     2.53345    -5.79821    28.20752
 1058    318     2.55957    -5.79821    28.20752
 1059    318     2.58569    -5.79821    28.20752
 1060    318     2.61181    -5.79821    28.20752
 1061    318     2.63793    -5.79821    28.20752
 1062    318     2.66404    -5.79821    28.20752
 1063    318     2.69016    -5.79821    28.20752
 1075    318     3.00358    -5.79821    28.20752
 1076    318     3.02970    -5.79821    28.20752
 1077    318     3.05581    -5.79821    28.20752
 1078    318     3.08193    -5.79821    28.20752
 1079    318     3.10805    -5.79821    28.20752
 1080    318     3.13417    -5.79821    28.20752
 1081    318     3.16029    -5.79821    28.20752
 1575    318    16.06261    -5.79821    28.20752
 1576    318    16.08873    -5.79821    28.20752
 1577    318    16.11485    -5.79821    28.20752
 1581    318    16.21932    -5.79821    28.20752
 1582    318    16.24544    -5.79821    28.20752
 1583    318    16.27156    -5.79821    28.20752
 1058    319     2.52214    -5.68769    27.79504
 1059    319     2.54788    -5.68769    27.79504
 1060    319     2.57361    -5.68769    27.79504
 1061    319     2.59935    -5.68769    27.79504
 1062    319     2.62509    -5.68769    27.79504
 1063    319     2.65082    -5.68769    27.79504
 1064    319     2.67656    -5.68769    27.79504
 1076    319     2.98539    -5.68769    27.79504
 1077    319     3.01113    -5.68769    27.79504
 1078    319     3.03687    -5.68769    27.79504
 1079    319     3.06260    -5.68769    27.79504
 1080    319     3.08834    -5.68769    27.79504
 1081    319     3.11407    -5.68769    27.79504
 1578    319    15.90494    -5.68769    27.79504
 1579    319    15.93067    -5.68769    27.79504
 1580    319    15.95641    -5.68769    27.79504
 1581    319    15.98215    -5.68769    27.79504
 1582    319    16.00788    -5.68769    27.79504
 1583    319    16.03362    -5.68769    27.79504
 1584    319    16.05935    -5.68769    27.79504
 1058    320     2.48579    -5.58035    27.39444
 1059    320     2.51116    -5.58035    27.39444
 1060    320     2.53652    -5.58035    27.39444
 1061    320     2.56189    -5.58035    27.39444
 1062    320     2.58725    -5.58035    27.39444
 1063    320     2.61262    -5.58035    27.39444
 1064    320     2.63798    -5.58035    27.39444
 1076    320     2.94237    -5.58035    27.39444
 1077    320     2.96773    -5.58035    27.39444
 1078    320     2.99310    -5.58035    27.39444
 1079    320     3.01846    -5.58035    27.39444
 1080    320     3.04383    -5.58035    27.39444
 1081    320     3.06919    -5.58035    27.39444
 1082    320     3.09456    -5.58035    27.39444
 1573    320    15.54888    -5.58035    27.39444
 1574    320    15.57425    -5.58035    27.39444
 1580    320    15.72644    -5.58035    27.39444
 1581    320    15.75181    -5.58035    27.39444
 1582    320    15.77717    -5.58035    27.39444
 1583    320    15.80254    -5.58035    27.39444
 1584    320    15.82790    -5.58035    27.39444
 1585    320    15.85327    -5.58035    27.39444
 1059    321     2.47548    -5.47606    27.00524
 1060    321     2.50048    -5.47606    27.00524
 1061    321     2.52549    -5.47606    27.00524
 1062    321     2.55049    -5.47606    27.00524
 1063    321     2.57550    -5.47606    27.00524
 1064    321     2.60050    -5.47606    27.00524
 1065    321     2.62551    -5.47606    27.00524
 1077    321     2.92557    -5.47606    27.00524
 1078    321     2.95057    -5.47606    27.00524
 1079    321     2.97558    -5.47606    27.00524
 1080    321     3.00058    -5.47606    27.00524
 1081    321     3.02559    -5.47606    27.00524
 1082    321     3.05059    -5.47606    27.00524
 1574    321    15.35298    -5.47606    27.00524
 1575    321    15.37798    -5.47606    27.00524
 1576    321    15.40299    -5.47606    27.00524
 1584    321    15.60303    -5.47606    27.00524
 1060    322     2.46546    -5.37470    26.62693
 1061    322     2.49011    -5.37470    26.62693
 1062    322     2.51477    -5.37470    26.62693
 1063    322     2.53942    -5.37470    26.62693
 1064    322     2.56408    -5.37470    26.62693
 1065    322     2.58873    -5.37470    26.62693
 1078    322     2.90924    -5.37470    26.62693
 1079    322     2.93389    -5.37470    26.62693
 1080    322     2.95855    -5.37470    26.62693
 1081    322     2.98320    -5.37470    26.62693
 1082    322     3.00786    -5.37470    26.62693
 1083    322     3.03251    -5.37470    26.62693
 1577    322    15.21187    -5.37470    26.62693
 1578    322    15.23652    -5.37470    26.62693
 1579    322    15.26118    -5.37470    26.62693
 1580    322    15.28583    -5.37470    26.62693
 1581    322    15.31049    -5.37470    26.62693
 1582    322    15.33514    -5.37470    26.62693
 1583    322    15.35980    -5.37470    26.62693
 1584    322    15.38445    -5.37470    26.62693
 1060    323     2.43140    -5.27613    26.25908
 1061    323     2.45571    -5.27613    26.25908
 1062    323     2.48002    -5.27613    26.25908
 1063    323     2.50434    -5.27613    26.25908
 1064    323     2.52865    -5.27613    26.25908
 1065    323     2.55297    -5.27613    26.25908
 1066    323     2.57728    -5.27613    26.25908
 1078    323     2.86905    -5.27613    26.25908
 1079    323     2.89336    -5.27613    26.25908
 1080    323     2.91768    -5.27613    26.25908
 1081    323     2.94199    -5.27613    26.25908
 1082    323     2.96630    -5.27613    26.25908
 1083    323     2.99062    -5.27613    26.25908
 1578    323    15.02603    -5.27613    26.25908
 1579    323    15.05034    -5.27613    26.25908
 1580    323    15.07466    -5.27613    26.25908
 1581    323    15.09897    -5.27613    26.25908
 1582    323    15.12329    -5.27613    26.25908
 1583    323    15.14760    -5.27613    26.25908
 1584    323    15.17191    -5.27613    26.25908
 1061    324     2.42225    -5.18025    25.90126
 1062    324     2.44623    -5.18025    25.90126
 1063    324     2.47021    -5.18025    25.90126
 1064    324     2.49420    -5.18025    25.90126
 1065    324     2.51818    -5.18025    25.90126
 1066    324     2.54216    -5.18025    25.90126
 1079    324     2.85393    -5.18025    25.90126
 1080    324     2.87792    -5.18025    25.90126
 1081    324     2.90190    -5.18025    25.90126
 1082    324     2.92588    -5.18025    25.90126
 1083    324     2.94987    -5.18025    25.90126
 1084    324     2.97385    -5.18025    25.90126
 1580    324    14.86924    -5.18025    25.90126
 1581    324    14.89322    -5.18025    25.90126
 1582    324    14.91721    -5.18025    25.90126
 1583    324    14.94119    -5.18025    25.90126
 1061    325     2.38968    -5.08695    25.55305
 1062    325     2.41334    -5.08695    25.55305
 1063    325     2.43700    -5.08695    25.55305
 1064    325     2.46066    -5.08695    25.55305
 1065    325     2.48432    -5.08695    25.55305
 1066    325     2.50798    -5.08695    25.55305
 1067    325     2.53165    -5.08695    25.55305
 1079    325     2.81557    -5.08695    25.55305
 1080    325     2.83923    -5.08695    25.55305
 1081    325     2.86289    -5.08695    25.55305
 1082    325     2.88655    -5.08695    25.55305
 1083    325     2.91021    -5.08695    25.55305
 1084    325     2.93387    -5.08695    25.55305
 1085    325     2.95753    -5.08695    25.55305
 1062    326     2.38133    -4.99612    25.21409
 1063    326     2.40468    -4.99612    25.21409
 1064    326     2.42802    -4.99612    25.21409
 1065    326     2.45137    -4.99612    25.21409
 1066    326     2.47472    -4.99612    25.21409
 1067    326     2.49806    -4.99612    25.21409
 1068    326     2.52141    -4.99612    25.21409
 1080    326     2.80157    -4.99612    25.21409
 1081    326     2.82491    -4.99612    25.21409
 1082    326     2.84826    -4.99612    25.21409
 1083    326     2.87160    -4.99612    25.21409
 1084    326     2.89495    -4.99612    25.21409
 1085    326     2.91830    -4.99612    25.21409
 1086    326     2.94164    -4.99612    25.21409
 1063    327     2.37320    -4.90768    24.88399
 1064    327     2.39624    -4.90768    24.88399
 1065    327     2.41928    -4.90768    24.88399
 1066    327     2.44232    -4.90768    24.88399
 1067    327     2.46536    -4.90768    24.88399
 1068    327     2.48840    -4.90768    24.88399
 1080    327     2.76489    -4.90768    24.88399
 1081    327     2.78793    -4.90768    24.88399
 1082    327     2.81097    -4.90768    24.88399
 1083    327     2.83401    -4.90768    24.88399
 1084    327     2.85705    -4.90768    24.88399
 1085    327     2.88009    -4.90768    24.88399
 1086    327     2.90313    -4.90768    24.88399
 1063    328     2.34253    -4.82151    24.56243
 1064    328     2.36527    -4.82151    24.56243
 1065    328     2.38801    -4.82151    24.56243
 1066    328     2.41076    -4.82151    24.56243
 1067    328     2.43350    -4.82151    24.56243
 1068    328     2.45624    -4.82151    24.56243
 1069    328     2.47899    -4.82151    24.56243
 1081    328     2.75190    -4.82151    24.56243
 1082    328     2.77465    -4.82151    24.56243
 1083    328     2.79739    -4.82151    24.56243
 1084    328     2.82013    -4.82151    24.56243
 1085    328     2.84287    -4.82151    24.56243
 1086    328     2.86562    -4.82151    24.56243
 1087    328     2.88836    -4.82151    24.56243
 1064    329     2.33510    -4.73755    24.24908
 1065    329     2.35755    -4.73755    24.24908
 1066    329     2.38000    -4.73755    24.24908
 1067    329     2.40245    -4.73755    24.24908
 1068    329     2.42491    -4.73755    24.24908
 1069    329     2.44736    -4.73755    24.24908
 1070    329     2.46981    -4.73755    24.24908
 1082    329     2.73925    -4.73755    24.24908
 1083    329     2.76170    -4.73755    24.24908
 1084    329     2.78415    -4.73755    24.24908
 1085    329     2.80661    -4.73755    24.24908
 1086    329     2.82906    -4.73755    24.24908
 1087    329     2.85151    -4.73755    24.24908
 1088    329     2.87396    -4.73755    24.24908
 1065    330     2.32785    -4.65570    23.94362
 1066    330     2.35002    -4.65570    23.94362
 1067    330     2.37219    -4.65570    23.94362
 1068    330     2.39436    -4.65570    23.94362
 1069    330     2.41653    -4.65570    23.94362
 1070    330     2.43870    -4.65570    23.94362
 1083    330     2.72691    -4.65570    23.94362
 1084    330     2.74908    -4.65570    23.94362
 1085    330     2.77125    -4.65570    23.94362
 1086    330     2.79342    -4.65570    23.94362
 1087    330     2.81559    -4.65570    23.94362
 1088    330     2.83776    -4.65570    23.94362
 1065    331     2.29889    -4.57589    23.64576
 1066    331     2.32079    -4.57589    23.64576
 1067    331     2.34268    -4.57589    23.64576
 1068    331     2.36458    -4.57589    23.64576
 1069    331     2.38647    -4.57589    23.64576
 1070    331     2.40836    -4.57589    23.64576
 1071    331     2.43026    -4.57589    23.64576
 1084    331     2.71488    -4.57589    23.64576
 1085    331     2.73678    -4.57589    23.64576
 1086    331     2.75867    -4.57589    23.64576
 1087    331     2.78057    -4.57589    23.64576
 1088    331     2.80246    -4.57589    23.64576
 1089    331     2.82435    -4.57589    23.64576
 1066    332     2.29227    -4.49804    23.35521
 1067    332     2.31390    -4.49804    23.35521
 1068    332     2.33552    -4.49804    23.35521
 1069    332     2.35715    -4.49804    23.35521
 1070    332     2.37877    -4.49804    23.35521
 1071    332     2.40040    -4.49804    23.35521
 1084    332     2.68152    -4.49804    23.35521
 1085    332     2.70315    -4.49804    23.35521
 1086    332     2.72477    -4.49804    23.35521
 1087    332     2.74640    -4.49804    23.35521
 1088    332     2.76803    -4.49804    23.35521
 1089    332     2.78965    -4.49804    23.35521
 1090    332     2.81128    -4.49804    23.35521
 1066    333     2.26445    -4.42208    23.07173
 1067    333     2.28581    -4.42208    23.07173
 1068    333     2.30717    -4.42208    23.07173
 1069    333     2.32854    -4.42208    23.07173
 1070    333     2.34990    -4.42208    23.07173
 1071    333     2.37126    -4.42208    23.07173
 1072    333     2.39262    -4.42208    23.07173
 1085    333     2.67034    -4.42208    23.07173
 1086    333     2.69170    -4.42208    23.07173
 1087    333     2.71306    -4.42208    23.07173
 1088    333     2.73443    -4.42208    23.07173
 1089    333     2.75579    -4.42208    23.07173
 1090    333     2.77715    -4.42208    23.07173
 1067    334     2.25840    -4.34794    22.79504
 1068    334     2.27950    -4.34794    22.79504
 1069    334     2.30061    -4.34794    22.79504
 1070    334     2.32172    -4.34794    22.79504
 1071    334     2.34282    -4.34794    22.79504
 1072    334     2.36393    -4.34794    22.79504
 1073    334     2.38504    -4.34794    22.79504
 1085    334     2.63831    -4.34794    22.79504
 1086    334     2.65942    -4.34794    22.79504
 1087    334     2.68053    -4.34794    22.79504
 1088    334     2.70163    -4.34794    22.79504
 1089    334     2.72274    -4.34794    22.79504
 1090    334     2.74385    -4.34794    22.79504
 1091    334     2.76495    -4.34794    22.79504
 1068    335     2.25249    -4.27556    22.52491
 1069    335     2.27335    -4.27556    22.52491
 1070    335     2.29420    -4.27556    22.52491
 1071    335     2.31506    -4.27556    22.52491
 1072    335     2.33592    -4.27556    22.52491
 1073    335     2.35677    -4.27556    22.52491
 1086    335     2.62791    -4.27556    22.52491
 1087    335     2.64876    -4.27556    22.52491
 1088    335     2.66962    -4.27556    22.52491
 1089    335     2.69047    -4.27556    22.52491
 1090    335     2.71133    -4.27556    22.52491
 1091    335     2.73219    -4.27556    22.52491
 1092    335     2.75304    -4.27556    22.52491
 1068    336     2.22611    -4.20487    22.26110
 1069    336     2.24672    -4.20487    22.26110
 1070    336     2.26733    -4.20487    22.26110
 1071    336     2.28795    -4.20487    22.26110
 1072    336     2.30856    -4.20487    22.26110
 1073    336     2.32917    -4.20487    22.26110
 1074    336     2.34978    -4.20487    22.26110
 1087    336     2.61774    -4.20487    22.26110
 1088    336     2.63835    -4.20487    22.26110
 1089    336     2.65896    -4.20487    22.26110
 1090    336     2.67958    -4.20487    22.26110
 1091    336     2.70019    -4.20487    22.26110
 1092    336     2.72080    -4.20487    22.26110
 1069    337     2.22071    -4.13583    22.00341
 1070    337     2.24109    -4.13583    22.00341
 1071    337     2.26146    -4.13583    22.00341
 1072    337     2.28183    -4.13583    22.00341
 1073    337     2.30221    -4.13583    22.00341
 1074    337     2.32258    -4.13583    22.00341
 1088    337     2.60781    -4.13583    22.00341
 1089    337     2.62818    -4.13583    22.00341
 1090    337     2.64856    -4.13583    22.00341
 1091    337     2.66893    -4.13583    22.00341
 1092    337     2.68931    -4.13583    22.00341
 1093    337     2.70968    -4.13583    22.00341
 1069    338     2.19530    -4.06836    21.75161
 1070    338     2.21544    -4.06836    21.75161
 1071    338     2.23558    -4.06836    21.75161
 1072    338     2.25572    -4.06836    21.75161
 1073    338     2.27586    -4.06836    21.75161
 1074    338     2.29600    -4.06836    21.75161
 1075    338     2.31614    -4.06836    21.75161
 1088    338     2.57797    -4.06836    21.75161
 1089    338     2.59811    -4.06836    21.75161
 1090    338     2.61825    -4.06836    21.75161
 1091    338     2.63839    -4.06836    21.75161
 1092    338     2.65853    -4.06836    21.75161
 1093    338     2.67867    -4.06836    21.75161
 1094    338     2.69881    -4.06836    21.75161
 1070    339     2.19038    -4.00241    21.50551
 1071    339     2.21029    -4.00241    21.50551
 1072    339     2.23020    -4.00241    21.50551
 1073    339     2.25011    -4.00241    21.50551
 1074    339     2.27003    -4.00241    21.50551
 1075    339     2.28994    -4.00241    21.50551
 1076    339     2.30985    -4.00241    21.50551
 1089    339     2.56871    -4.00241    21.50551
 1090    339     2.58863    -4.00241    21.50551
 1091    339     2.60854    -4.00241    21.50551
 1092    339     2.62845    -4.00241    21.50551
 1093    339     2.64836    -4.00241    21.50551
 1094    339     2.66828    -4.00241    21.50551
 1071    340     2.18556    -3.93795    21.26491
 1072    340     2.20525    -3.93795    21.26491
 1073    340     2.22494    -3.93795    21.26491
 1074    340     2.24463    -3.93795    21.26491
 1075    340     2.26432    -3.93795    21.26491
 1076    340     2.28401    -3.93795    21.26491
 1089    340     2.53998    -3.93795    21.26491
 1090    340     2.55967    -3.93795    21.26491
 1091    340     2.57936    -3.93795    21.26491
 1092    340     2.59905    -3.93795    21.26491
 1093    340     2.61873    -3.93795    21.26491
 1094    340     2.63842    -3.93795    21.26491
 1095    340     2.65811    -3.93795    21.26491
 1071    341     2.16138    -3.87491    21.02964
 1072    341     2.18085    -3.87491    21.02964
 1073    341     2.20032    -3.87491    21.02964
 1074    341     2.21980    -3.87491    21.02964
 1075    341     2.23927    -3.87491    21.02964
 1076    341     2.25874    -3.87491    21.02964
 1077    341     2.27821    -3.87491    21.02964
 1090    341     2.53135    -3.87491    21.02964
 1091    341     2.55082    -3.87491    21.02964
 1092    341     2.57029    -3.87491    21.02964
 1093    341     2.58976    -3.87491    21.02964
 1094    341     2.60923    -3.87491    21.02964
 1095    341     2.62871    -3.87491    21.02964
 1072    342     2.15699    -3.81325    20.79952
 1073    342     2.17625    -3.81325    20.79952
 1074    342     2.19551    -3.81325    20.79952
 1075    342     2.21476    -3.81325    20.79952
 1076    342     2.23402    -3.81325    20.79952
 1077    342     2.25328    -3.81325    20.79952
 1078    342     2.27254    -3.81325    20.79952
 1090    342     2.50365    -3.81325    20.79952
 1091    342     2.52291    -3.81325    20.79952
 1092    342     2.54216    -3.81325    20.79952
 1093    342     2.56142    -3.81325    20.79952
 1094    342     2.58068    -3.81325    20.79952
 1095    342     2.59994    -3.81325    20.79952
 1096    342     2.61920    -3.81325    20.79952
 1073    343     2.15269    -3.75292    20.57438
 1074    343     2.17174    -3.75292    20.57438
 1075    343     2.19079    -3.75292    20.57438
 1076    343     2.20984    -3.75292    20.57438
 1077    343     2.22889    -3.75292    20.57438
 1078    343     2.24794    -3.75292    20.57438
 1091    343     2.49560    -3.75292    20.57438
 1092    343     2.51465    -3.75292    20.57438
 1093    343     2.53370    -3.75292    20.57438
 1094    343     2.55275    -3.75292    20.57438
 1095    343     2.57180    -3.75292    20.57438
 1096    343     2.59085    -3.75292    20.57438
 1073    344     2.12964    -3.69389    20.35407
 1074    344     2.14848    -3.69389    20.35407
 1075    344     2.16733    -3.69389    20.35407
 1076    344     2.18618    -3.69389    20.35407
 1077    344     2.20502    -3.69389    20.35407
 1078    344     2.22387    -3.69389    20.35407
 1079    344     2.24272    -3.69389    20.35407
 1092    344     2.48772    -3.69389    20.35407
 1093    344     2.50657    -3.69389    20.35407
 1094    344     2.52541    -3.69389    20.35407
 1095    344     2.54426    -3.69389    20.35407
 1096    344     2.56310    -3.69389    20.35407
 1097    344     2.58195    -3.69389    20.35407
 1074    345     2.12572    -3.63610    20.13842
 1075    345     2.14437    -3.63610    20.13842
 1076    345     2.16302    -3.63610    20.13842
 1077    345     2.18166    -3.63610    20.13842
 1078    345     2.20031    -3.63610    20.13842
 1079    345     2.21896    -3.63610    20.13842
 1092    345     2.46136    -3.63610    20.13842
 1093    345     2.48001    -3.63610    20.13842
 1094    345     2.49866    -3.63610    20.13842
 1095    345     2.51730    -3.63610    20.13842
 1096    345     2.53595    -3.63610    20.13842
 1097    345     2.55460    -3.63610    20.13842
 1075    346     2.12189    -3.57953    19.92729
 1076    346     2.14034    -3.57953    19.92729
 1077    346     2.15879    -3.57953    19.92729
 1078    346     2.17724    -3.57953    19.92729
 1079    346     2.19569    -3.57953    19.92729
 1080    346     2.21414    -3.57953    19.92729
 1093    346     2.45401    -3.57953    19.92729
 1094    346     2.47246    -3.57953    19.92729
 1095    346     2.49091    -3.57953    19.92729
 1096    346     2.50936    -3.57953    19.92729
 1097    346     2.52781    -3.57953    19.92729
 1098    346     2.54626    -3.57953    19.92729
 1075    347     2.09987    -3.52413    19.72054
 1076    347     2.11813    -3.52413    19.72054
 1077    347     2.13639    -3.52413    19.72054
 1078    347     2.15465    -3.52413    19.72054
 1079    347     2.17291    -3.52413    19.72054
 1080    347     2.19117    -3.52413    19.72054
 1093    347     2.42855    -3.52413    19.72054
 1094    347     2.44681    -3.52413    19.72054
 1095    347     2.46507    -3.52413    19.72054
 1096    347     2.48333    -3.52413    19.72054
 1097    347     2.50159    -3.52413    19.72054
 1098    347     2.51985    -3.52413    19.72054
 1099    347     2.53811    -3.52413    19.72054
 1076    348     2.09638    -3.46987    19.51804
 1077    348     2.11445    -3.46987    19.51804
 1078    348     2.13253    -3.46987    19.51804
 1079    348     2.15060    -3.46987    19.51804
 1080    348     2.16867    -3.46987    19.51804
 1081    348     2.18674    -3.46987    19.51804
 1094    348     2.42168    -3.46987    19.51804
 1095    348     2.43976    -3.46987    19.51804
 1096    348     2.45783    -3.46987    19.51804
 1097    348     2.47590    -3.46987    19.51804
 1098    348     2.49397    -3.46987    19.51804
 1099    348     2.51204    -3.46987    19.51804
 1100    348     2.53012    -3.46987    19.51804
 1076    349     2.07507    -3.41672    19.31966
 1077    349     2.09296    -3.41672    19.31966
 1078    349     2.11085    -3.41672    19.31966
 1079    349     2.12874    -3.41672    19.31966
 1080    349     2.14663    -3.41672    19.31966
 1081    349     2.16452    -3.41672    19.31966
 1082    349     2.18241    -3.41672    19.31966
 1095    349     2.41496    -3.41672    19.31966
 1096    349     2.43285    -3.41672    19.31966
 1097    349     2.45073    -3.41672    19.31966
 1098    349     2.46862    -3.41672    19.31966
 1099    349     2.48651    -3.41672    19.31966
 1100    349     2.50440    -3.41672    19.31966
 1076    350     2.05420    -3.36463    19.12527
 1077    350     2.07190    -3.36463    19.12527
 1078    350     2.08961    -3.36463    19.12527
 1079    350     2.10732    -3.36463    19.12527
 1080    350     2.12503    -3.36463    19.12527
 1081    350     2.14274    -3.36463    19.12527
 1082    350     2.16045    -3.36463    19.12527
 1095    350     2.39066    -3.36463    19.12527
 1096    350     2.40837    -3.36463    19.12527
 1097    350     2.42608    -3.36463    19.12527
 1098    350     2.44378    -3.36463    19.12527
 1099    350     2.46149    -3.36463    19.12527
 1100    350     2.47920    -3.36463    19.12527
 1101    350     2.49691    -3.36463    19.12527
 1077    351     2.05126    -3.31358    18.93475
 1078    351     2.06880    -3.31358    18.93475
 1079    351     2.08633    -3.31358    18.93475
 1080    351     2.10386    -3.31358    18.93475
 1081    351     2.12139    -3.31358    18.93475
 1082    351     2.13893    -3.31358    18.93475
 1083    351     2.15646    -3.31358    18.93475
 1096    351     2.38438    -3.31358    18.93475
 1097    351     2.40191    -3.31358    18.93475
 1098    351     2.41944    -3.31358    18.93475
 1099    351     2.43697    -3.31358    18.93475
 1100    351     2.45450    -3.31358    18.93475
 1101    351     2.47204    -3.31358    18.93475
 1102    351     2.48957    -3.31358    18.93475
 1078    352     2.04839    -3.26354    18.74799
 1079    352     2.06575    -3.26354    18.74799
 1080    352     2.08311    -3.26354    18.74799
 1081    352     2.10047    -3.26354    18.74799
 1082    352     2.11783    -3.26354    18.74799
 1083    352     2.13519    -3.26354    18.74799
 1097    352     2.37822    -3.26354    18.74799
 1098    352     2.39558    -3.26354    18.74799
 1099    352     2.41294    -3.26354    18.74799
 1100    352     2.43029    -3.26354    18.74799
 1101    352     2.44765    -3.26354    18.74799
 1102    352     2.46501    -3.26354    18.74799
 1078    353     2.02838    -3.21447    18.56487
 1079    353     2.04557    -3.21447    18.56487
 1080    353     2.06276    -3.21447    18.56487
 1081    353     2.07995    -3.21447    18.56487
 1082    353     2.09714    -3.21447    18.56487
 1083    353     2.11433    -3.21447    18.56487
 1084    353     2.13152    -3.21447    18.56487
 1098    353     2.37218    -3.21447    18.56487
 1099    353     2.38937    -3.21447    18.56487
 1100    353     2.40656    -3.21447    18.56487
 1101    353     2.42375    -3.21447    18.56487
 1102    353     2.44094    -3.21447    18.56487
 1103    353     2.45813    -3.21447    18.56487
 1079    354     2.02579    -3.16636    18.38530
 1080    354     2.04281    -3.16636    18.38530
 1081    354     2.05984    -3.16636    18.38530
 1082    354     2.07686    -3.16636    18.38530
 1083    354     2.09388    -3.16636    18.38530
 1084    354     2.11091    -3.16636    18.38530
 1098    354     2.34923    -3.16636    18.38530
 1099    354     2.36626    -3.16636    18.38530
 1100    354     2.38328    -3.16636    18.38530
 1101    354     2.40030    -3.16636    18.38530
 1102    354     2.41733    -3.16636    18.38530
 1103    354     2.43435    -3.16636    18.38530
 1397    354     7.43924    -3.16636    18.38530
 1398    354     7.45626    -3.16636    18.38530
 1399    354     7.47329    -3.16636    18.38530
 1400    354     7.49031    -3.16636    18.38530
 1079    355     2.00638    -3.11916    18.20918
 1080    355     2.02324    -3.11916    18.20918
 1081    355     2.04010    -3.11916    18.20918
 1082    355     2.05696    -3.11916    18.20918
 1083    355     2.07382    -3.11916    18.20918
 1084    355     2.09068    -3.11916    18.20918
 1085    355     2.10754    -3.11916    18.20918
 1099    355     2.34359    -3.11916    18.20918
 1100    355     2.36045    -3.11916    18.20918
 1101    355     2.37731    -3.11916    18.20918
 1102    355     2.39417    -3.11916    18.20918
 1103    355     2.41103    -3.11916    18.20918
 1104    355     2.42789    -3.11916    18.20918
 1397    355     7.36797    -3.11916    18.20918
 1398    355     7.38483    -3.11916    18.20918
 1399    355     7.40169    -3.11916    18.20918
 1400    355     7.41855    -3.11916    18.20918
 1401    355     7.43541    -3.11916    18.20918
 1080    356     2.00404    -3.07287    18.03639
 1081    356     2.02074    -3.07287    18.03639
 1082    356     2.03744    -3.07287    18.03639
 1083    356     2.05414    -3.07287    18.03639
 1084    356     2.07084    -3.07287    18.03639
 1085    356     2.08754    -3.07287    18.03639
 1099    356     2.32135    -3.07287    18.03639
 1100    356     2.33805    -3.07287    18.03639
 1101    356     2.35475    -3.07287    18.03639
 1102    356     2.37145    -3.07287    18.03639
 1103    356     2.38815    -3.07287    18.03639
 1104    356     2.40485    -3.07287    18.03639
 1105    356     2.42155    -3.07287    18.03639
 1400    356     7.34816    -3.07287    18.03639
 1401    356     7.36486    -3.07287    18.03639
 1402    356     7.38156    -3.07287    18.03639
 1080    357     1.98521    -3.02744    17.86685
 1081    357     2.00175    -3.02744    17.86685
 1082    357     2.01829    -3.02744    17.86685
 1083    357     2.03484    -3.02744    17.86685
 1084    357     2.05138    -3.02744    17.86685
 1085    357     2.06792    -3.02744    17.86685
 1086    357     2.08447    -3.02744    17.86685
 1100    357     2.31607    -3.02744    17.86685
 1101    357     2.33262    -3.02744    17.86685
 1102    357     2.34916    -3.02744    17.86685
 1103    357     2.36570    -3.02744    17.86685
 1104    357     2.38225    -3.02744    17.86685
 1105    357     2.39879    -3.02744    17.86685
 1396    357     7.21291    -3.02744    17.86685
 1397    357     7.22946    -3.02744    17.86685
 1398    357     7.24600    -3.02744    17.86685
 1400    357     7.27909    -3.02744    17.86685
 1401    357     7.29563    -3.02744    17.86685
 1402    357     7.31217    -3.02744    17.86685
 1081    358     1.98311    -2.98286    17.70047
 1082    358     1.99950    -2.98286    17.70047
 1083    358     2.01589    -2.98286    17.70047
 1084    358     2.03228    -2.98286    17.70047
 1085    358     2.04867    -2.98286    17.70047
 1086    358     2.06505    -2.98286    17.70047
 1087    358     2.08144    -2.98286    17.70047
 1100    358     2.29451    -2.98286    17.70047
 1101    358     2.31089    -2.98286    17.70047
 1102    358     2.32728    -2.98286    17.70047
 1103    358     2.34367    -2.98286    17.70047
 1104    358     2.36006    -2.98286    17.70047
 1105    358     2.37645    -2.98286    17.70047
 1106    358     2.39284    -2.98286    17.70047
 1397    358     7.16213    -2.98286    17.70047
 1398    358     7.17852    -2.98286    17.70047
 1399    358     7.19491    -2.98286    17.70047
 1400    358     7.21130    -2.98286    17.70047
 1401    358     7.22769    -2.98286    17.70047
 1081    359     1.96481    -2.93910    17.53716
 1082    359     1.98105    -2.93910    17.53716
 1083    359     1.99729    -2.93910    17.53716
 1084    359     2.01353    -2.93910    17.53716
 1085    359     2.02976    -2.93910    17.53716
 1086    359     2.04600    -2.93910    17.53716
 1087    359     2.06224    -2.93910    17.53716
 1101    359     2.28957    -2.93910    17.53716
 1102    359     2.30581    -2.93910    17.53716
 1103    359     2.32205    -2.93910    17.53716
 1104    359     2.33829    -2.93910    17.53716
 1105    359     2.35453    -2.93910    17.53716
 1106    359     2.37076    -2.93910    17.53716
 1107    359     2.38700    -2.93910    17.53716
 1399    359     7.12853    -2.93910    17.53716
 1400    359     7.14477    -2.93910    17.53716
 1675    359    11.61025    -2.93910    17.53716
 1676    359    11.62649    -2.93910    17.53716
 1677    359    11.64272    -2.93910    17.53716
 1678    359    11.65896    -2.93910    17.53716
 1679    359    11.67520    -2.93910    17.53716
 1082    360     1.96294    -2.89614    17.37683
 1083    360     1.97903    -2.89614    17.37683
 1084    360     1.99512    -2.89614    17.37683
 1085    360     2.01121    -2.89614    17.37683
 1086    360     2.02730    -2.89614    17.37683
 1087    360     2.04339    -2.89614    17.37683
 1088    360     2.05948    -2.89614    17.37683
 1102    360     2.28473    -2.89614    17.37683
 1103    360     2.30082    -2.89614    17.37683
 1104    360     2.31691    -2.89614    17.37683
 1105    360     2.33300    -2.89614    17.37683
 1106    360     2.34909    -2.89614    17.37683
 1107    360     2.36518    -2.89614    17.37683
 1674    360    11.48802    -2.89614    17.37683
 1675    360    11.50411    -2.89614    17.37683
 1676    360    11.52020    -2.89614    17.37683
 1677    360    11.53629    -2.89614    17.37683
 1678    360    11.55238    -2.89614    17.37683
 1679    360    11.56847    -2.89614    17.37683
 1680    360    11.58456    -2.89614    17.37683
 1681    360    11.60064    -2.89614    17.37683
 1083    361     1.96110    -2.85396    17.21941
 1084    361     1.97704    -2.85396    17.21941
 1085    361     1.99299    -2.85396    17.21941
 1086    361     2.00893    -2.85396    17.21941
 1087    361     2.02488    -2.85396    17.21941
 1088    361     2.04082    -2.85396    17.21941
 1089    361     2.05676    -2.85396    17.21941
 1102    361     2.26403    -2.85396    17.21941
 1103    361     2.27998    -2.85396    17.21941
 1104    361     2.29592    -2.85396    17.21941
 1105    361     2.31187    -2.85396    17.21941
 1106    361     2.32781    -2.85396    17.21941
 1107    361     2.34375    -2.85396    17.21941
 1108    361     2.35970    -2.85396    17.21941
 1673    361    11.36800    -2.85396    17.21941
 1674    361    11.38395    -2.85396    17.21941
 1675    361    11.39989    -2.85396    17.21941
 1676    361    11.41583    -2.85396    17.21941
 1677    361    11.43178    -2.85396    17.21941
 1678    361    11.44772    -2.85396    17.21941
 1679    361    11.46366    -2.85396    17.21941
 1680    361    11.47961    -2.85396    17.21941
 1681    361    11.49555    -2.85396    17.21941
 1682    361    11.51150    -2.85396    17.21941
 1083    362     1.94349    -2.81254    17.06482
 1084    362     1.95929    -2.81254    17.06482
 1085    362     1.97509    -2.81254    17.06482
 1086    362     1.99090    -2.81254    17.06482
 1087    362     2.00670    -2.81254    17.06482
 1088    362     2.02250    -2.81254    17.06482
 1089    362     2.03830    -2.81254    17.06482
 1103    362     2.25951    -2.81254    17.06482
 1104    362     2.27531    -2.81254    17.06482
 1105    362     2.29111    -2.81254    17.06482
 1106    362     2.30691    -2.81254    17.06482
 1107    362     2.32271    -2.81254    17.06482
 1108    362     2.33851    -2.81254    17.06482
 1109    362     2.35431    -2.81254    17.06482
 1673    362    11.26594    -2.81254    17.06482
 1674    362    11.28174    -2.81254    17.06482
 1675    362    11.29754    -2.81254    17.06482
 1676    362    11.31334    -2.81254    17.06482
 1679    362    11.36075    -2.81254    17.06482
 1680    362    11.37655    -2.81254    17.06482
 1681    362    11.39235    -2.81254    17.06482
 1682    362    11.40815    -2.81254    17.06482
 1084    363     1.94186    -2.77185    16.91298
 1085    363     1.95752    -2.77185    16.91298
 1086    363     1.97318    -2.77185    16.91298
 1087    363     1.98884    -2.77185    16.91298
 1088    363     2.00450    -2.77185    16.91298
 1089    363     2.02016    -2.77185    16.91298
 1090    363     2.03582    -2.77185    16.91298
 1104    363     2.25506    -2.77185    16.91298
 1105    363     2.27072    -2.77185    16.91298
 1106    363     2.28638    -2.77185    16.91298
 1107    363     2.30204    -2.77185    16.91298
 1108    363     2.31770    -2.77185    16.91298
 1109    363     2.33336    -2.77185    16.91298
 1673    363    11.16570    -2.77185    16.91298
 1674    363    11.18136    -2.77185    16.91298
 1675    363    11.19702    -2.77185    16.91298
 1676    363    11.21268    -2.77185    16.91298
 1677    363    11.22834    -2.77185    16.91298
 1678    363    11.24400    -2.77185    16.91298
 1679    363    11.25966    -2.77185    16.91298
 1680    363    11.27532    -2.77185    16.91298
 1681    363    11.29098    -2.77185    16.91298
 1682    363    11.30664    -2.77185    16.91298
 1085    364     1.94026    -2.73188    16.76381
 1086    364     1.95578    -2.73188    16.76381
 1087    364     1.97130    -2.73188    16.76381
 1088    364     1.98682    -2.73188    16.76381
 1089    364     2.00234    -2.73188    16.76381
 1090    364     2.01787    -2.73188    16.76381
 1104    364     2.23518    -2.73188    16.76381
 1105    364     2.25070    -2.73188    16.76381
 1106    364     2.26622    -2.73188    16.76381
 1107    364     2.28174    -2.73188    16.76381
 1108    364     2.29726    -2.73188    16.76381
 1109    364     2.31279    -2.73188    16.76381
 1110    364     2.32831    -2.73188    16.76381
 1674    364    11.08274    -2.73188    16.76381
 1675    364    11.09827    -2.73188    16.76381
 1676    364    11.11379    -2.73188    16.76381
 1677    364    11.12931    -2.73188    16.76381
 1678    364    11.14483    -2.73188    16.76381
 1679    364    11.16035    -2.73188    16.76381
 1680    364    11.17588    -2.73188    16.76381
 1681    364    11.19140    -2.73188    16.76381
 1085    365     1.92329    -2.69261    16.61726
 1086    365     1.93868    -2.69261    16.61726
 1087    365     1.95407    -2.69261    16.61726
 1088    365     1.96945    -2.69261    16.61726
 1089    365     1.98484    -2.69261    16.61726
 1090    365     2.00023    -2.69261    16.61726
 1091    365     2.01561    -2.69261    16.61726
 1105    365     2.23102    -2.69261    16.61726
 1106    365     2.24641    -2.69261    16.61726
 1107    365     2.26179    -2.69261    16.61726
 1108    365     2.27718    -2.69261    16.61726
 1109    365     2.29257    -2.69261    16.61726
 1110    365     2.30795    -2.69261    16.61726
 1111    365     2.32334    -2.69261    16.61726
 1676    365    11.01663    -2.69261    16.61726
 1677    365    11.03201    -2.69261    16.61726
 1678    365    11.04740    -2.69261    16.61726
 1679    365    11.06278    -2.69261    16.61726
 1680    365    11.07817    -2.69261    16.61726
 1086    366     1.92188    -2.65402    16.47324
 1087    366     1.93713    -2.65402    16.47324
 1088    366     1.95238    -2.65402    16.47324
 1089    366     1.96764    -2.65402    16.47324
 1090    366     1.98289    -2.65402    16.47324
 1091    366     1.99814    -2.65402    16.47324
 1092    366     2.01340    -2.65402    16.47324
 1106    366     2.22694    -2.65402    16.47324
 1107    366     2.24219    -2.65402    16.47324
 1108    366     2.25744    -2.65402    16.47324
 1109    366     2.27270    -2.65402    16.47324
 1110    366     2.28795    -2.65402    16.47324
 1111    366     2.30320    -2.65402    16.47324
 1087    367     1.92049    -2.61610    16.33170
 1088    367     1.93561    -2.61610    16.33170
 1089    367     1.95073    -2.61610    16.33170
 1090    367     1.96585    -2.61610    16.33170
 1091    367     1.98097    -2.61610    16.33170
 1092    367     1.99610    -2.61610    16.33170
 1106    367     2.20780    -2.61610    16.33170
 1107    367     2.22293    -2.61610    16.33170
 1108    367     2.23805    -2.61610    16.33170
 1109    367     2.25317    -2.61610    16.33170
 1110    367     2.26829    -2.61610    16.33170
 1111    367     2.28341    -2.61610    16.33170
 1112    367     2.29854    -2.61610    16.33170
 1087    368     1.90413    -2.57882    16.19257
 1088    368     1.91912    -2.57882    16.19257
 1089    368     1.93411    -2.57882    16.19257
 1090    368     1.94911    -2.57882    16.19257
 1091    368     1.96410    -2.57882    16.19257
 1092    368     1.97909    -2.57882    16.19257
 1093    368     1.99409    -2.57882    16.19257
 1107    368     2.20399    -2.57882    16.19257
 1108    368     2.21898    -2.57882    16.19257
 1109    368     2.23398    -2.57882    16.19257
 1110    368     2.24897    -2.57882    16.19257
 1111    368     2.26396    -2.57882    16.19257
 1112    368     2.27895    -2.57882    16.19257
 1113    368     2.29395    -2.57882    16.19257
 1088    369     1.90291    -2.54217    16.05579
 1089    369     1.91778    -2.54217    16.05579
 1090    369     1.93264    -2.54217    16.05579
 1091    369     1.94751    -2.54217    16.05579
 1092    369     1.96237    -2.54217    16.05579
 1093    369     1.97724    -2.54217    16.05579
 1108    369     2.20024    -2.54217    16.05579
 1109    369     2.21510    -2.54217    16.05579
 1110    369     2.22997    -2.54217    16.05579
 1111    369     2.24484    -2.54217    16.05579
 1112    369     2.25970    -2.54217    16.05579
 1113    369     2.27457    -2.54217    16.05579
 1088    370     1.88697    -2.50613    15.92131
 1089    370     1.90171    -2.50613    15.92131
 1090    370     1.91645    -2.50613    15.92131
 1091    370     1.93120    -2.50613    15.92131
 1092    370     1.94594    -2.50613    15.92131
 1093    370     1.96068    -2.50613    15.92131
 1094    370     1.97542    -2.50613    15.92131
 1108    370     2.18181    -2.50613    15.92131
 1109    370     2.19655    -2.50613    15.92131
 1110    370     2.21129    -2.50613    15.92131
 1111    370     2.22603    -2.50613    15.92131
 1112    370     2.24078    -2.50613    15.92131
 1113    370     2.25552    -2.50613    15.92131
 1114    370     2.27026    -2.50613    15.92131
 1089    371     1.88591    -2.47069    15.78905
 1090    371     1.90053    -2.47069    15.78905
 1091    371     1.91515    -2.47069    15.78905
 1092    371     1.92977    -2.47069    15.78905
 1093    371     1.94439    -2.47069    15.78905
 1094    371     1.95901    -2.47069    15.78905
 1109    371     2.17830    -2.47069    15.78905
 1110    371     2.19292    -2.47069    15.78905
 1111    371     2.20754    -2.47069    15.78905
 1112    371     2.22216    -2.47069    15.78905
 1113    371     2.23678    -2.47069    15.78905
 1114    371     2.25140    -2.47069    15.78905
 1089    372     1.87038    -2.43584    15.65898
 1090    372     1.88488    -2.43584    15.65898
 1091    372     1.89938    -2.43584    15.65898
 1092    372     1.91388    -2.43584    15.65898
 1093    372     1.92837    -2.43584    15.65898
 1094    372     1.94287    -2.43584    15.65898
 1095    372     1.95737    -2.43584    15.65898
 1110    372     2.17486    -2.43584    15.65898
 1111    372     2.18936    -2.43584    15.65898
 1112    372     2.20386    -2.43584    15.65898
 1113    372     2.21836    -2.43584    15.65898
 1114    372     2.23285    -2.43584    15.65898
 1115    372     2.24735    -2.43584    15.65898
 1090    373     1.86948    -2.40156    15.53103
 1091    373     1.88386    -2.40156    15.53103
 1092    373     1.89824    -2.40156    15.53103
 1093    373     1.91262    -2.40156    15.53103
 1094    373     1.92700    -2.40156    15.53103
 1095    373     1.94138    -2.40156    15.53103
 1096    373     1.95576    -2.40156    15.53103
 1110    373     2.15709    -2.40156    15.53103
 1111    373     2.17147    -2.40156    15.53103
 1112    373     2.18585    -2.40156    15.53103
 1113    373     2.20023    -2.40156    15.53103
 1114    373     2.21461    -2.40156    15.53103
 1115    373     2.22899    -2.40156    15.53103
 1116    373     2.24337    -2.40156    15.53103
 1090    374     1.85432    -2.36783    15.40516
 1091    374     1.86859    -2.36783    15.40516
 1092    374     1.88285    -2.36783    15.40516
 1093    374     1.89712    -2.36783    15.40516
 1094    374     1.91138    -2.36783    15.40516
 1095    374     1.92564    -2.36783    15.40516
 1096    374     1.93991    -2.36783    15.40516
 1111    374     2.15387    -2.36783    15.40516
 1112    374     2.16813    -2.36783    15.40516
 1113    374     2.18240    -2.36783    15.40516
 1114    374     2.19666    -2.36783    15.40516
 1115    374     2.21093    -2.36783    15.40516
 1116    374     2.22519    -2.36783    15.40516
 1091    375     1.85357    -2.33464    15.28130
 1092    375     1.86772    -2.33464    15.28130
 1093    375     1.88186    -2.33464    15.28130
 1094    375     1.89601    -2.33464    15.28130
 1095    375     1.91016    -2.33464    15.28130
 1096    375     1.92431    -2.33464    15.28130
 1097    375     1.93846    -2.33464    15.28130
 1111    375     2.13655    -2.33464    15.28130
 1112    375     2.15070    -2.33464    15.28130
 1113    375     2.16485    -2.33464    15.28130
 1114    375     2.17900    -2.33464    15.28130
 1115    375     2.19315    -2.33464    15.28130
 1116    375     2.20730    -2.33464    15.28130
 1117    375     2.22145    -2.33464    15.28130
 1092    376     1.85282    -2.30199    15.15943
 1093    376     1.86686    -2.30199    15.15943
 1094    376     1.88089    -2.30199    15.15943
 1095    376     1.89493    -2.30199    15.15943
 1096    376     1.90897    -2.30199    15.15943
 1097    376     1.92300    -2.30199    15.15943
 1112    376     2.13355    -2.30199    15.15943
 1113    376     2.14759    -2.30199    15.15943
 1114    376     2.16162    -2.30199    15.15943
 1115    376     2.17566    -2.30199    15.15943
 1116    376     2.18970    -2.30199    15.15943
 1117    376     2.20373    -2.30199    15.15943
 1092    377     1.83816    -2.26985    15.03948
 1093    377     1.85208    -2.26985    15.03948
 1094    377     1.86601    -2.26985    15.03948
 1095    377     1.87994    -2.26985    15.03948
 1096    377     1.89386    -2.26985    15.03948
 1097    377     1.90779    -2.26985    15.03948
 1098    377     1.92171    -2.26985    15.03948
 1113    377     2.13059    -2.26985    15.03948
 1114    377     2.14452    -2.26985    15.03948
 1115    377     2.15844    -2.26985    15.03948
 1116    377     2.17237    -2.26985    15.03948
 1117    377     2.18630    -2.26985    15.03948
 1118    377     2.20022    -2.26985    15.03948
 1093    378     1.83755    -2.23821    14.92142
 1094    378     1.85136    -2.23821    14.92142
 1095    378     1.86518    -2.23821    14.92142
 1096    378     1.87899    -2.23821    14.92142
 1097    378     1.89281    -2.23821    14.92142
 1098    378     1.90663    -2.23821    14.92142
 1113    378     2.11387    -2.23821    14.92142
 1114    378     2.12768    -2.23821    14.92142
 1115    378     2.14150    -2.23821    14.92142
 1116    378     2.15532    -2.23821    14.92142
 1117    378     2.16913    -2.23821    14.92142
 1118    378     2.18295    -2.23821    14.92142
 1093    379     1.82323    -2.20707    14.80520
 1094    379     1.83694    -2.20707    14.80520
 1095    379     1.85065    -2.20707    14.80520
 1096    379     1.86436    -2.20707    14.80520
 1097    379     1.87807    -2.20707    14.80520
 1098    379     1.89178    -2.20707    14.80520
 1099    379     1.90548    -2.20707    14.80520
 1114    379     2.11111    -2.20707    14.80520
 1115    379     2.12482    -2.20707    14.80520
 1116    379     2.13853    -2.20707    14.80520
 1117    379     2.15224    -2.20707    14.80520
 1118    379     2.16595    -2.20707    14.80520
 1119    379     2.17965    -2.20707    14.80520
 1094    380     1.82274    -2.17641    14.69077
 1095    380     1.83635    -2.17641    14.69077
 1096    380     1.84995    -2.17641    14.69077
 1097    380     1.86355    -2.17641    14.69077
 1098    380     1.87715    -2.17641    14.69077
 1099    380     1.89076    -2.17641    14.69077
 1100    380     1.90436    -2.17641    14.69077
 1114    380     2.09479    -2.17641    14.69077
 1115    380     2.10840    -2.17641    14.69077
 1116    380     2.12200    -2.17641    14.69077
 1117    380     2.13560    -2.17641    14.69077
 1118    380     2.14921    -2.17641    14.69077
 1119    380     2.16281    -2.17641    14.69077
 1120    380     2.17641    -2.17641    14.69077
 1094    381     1.80876    -2.14622    14.57810
 1095    381     1.82226    -2.14622    14.57810
 1096    381     1.83576    -2.14622    14.57810
 1097    381     1.84926    -2.14622    14.57810
 1098    381     1.86276    -2.14622    14.57810
 1099    381     1.87626    -2.14622    14.57810
 1100    381     1.88975    -2.14622    14.57810
 1101    381     1.90325    -2.14622    14.57810
 1115    381     2.09223    -2.14622    14.57810
 1116    381     2.10573    -2.14622    14.57810
 1117    381     2.11922    -2.14622    14.57810
 1118    381     2.13272    -2.14622    14.57810
 1119    381     2.14622    -2.14622    14.57810
 1120    381     2.15972    -2.14622    14.57810
 1095    382     1.80839    -2.11649    14.46714
 1096    382     1.82179    -2.11649    14.46714
 1097    382     1.83518    -2.11649    14.46714
 1098    382     1.84858    -2.11649    14.46714
 1099    382     1.86197    -2.11649    14.46714
 1100    382     1.87537    -2.11649    14.46714
 1101    382     1.88877    -2.11649    14.46714
 1116    382     2.08970    -2.11649    14.46714
 1117    382     2.10309    -2.11649    14.46714
 1118    382     2.11649    -2.11649    14.46714
 1119    382     2.12988    -2.11649    14.46714
 1120    382     2.14328    -2.11649    14.46714
 1121    382     2.15668    -2.11649    14.46714
 1096    383     1.80803    -2.08721    14.35786
 1097    383     1.82132    -2.08721    14.35786
 1098    383     1.83462    -2.08721    14.35786
 1099    383     1.84791    -2.08721    14.35786
 1100    383     1.86120    -2.08721    14.35786
 1101    383     1.87450    -2.08721    14.35786
 1102    383     1.88779    -2.08721    14.35786
 1116    383     2.07391    -2.08721    14.35786
 1117    383     2.08721    -2.08721    14.35786
 1118    383     2.10050    -2.08721    14.35786
 1119    383     2.11380    -2.08721    14.35786
 1120    383     2.12709    -2.08721    14.35786
 1121    383     2.14038    -2.08721    14.35786
 1096    384     1.79447    -2.05836    14.25022
 1097    384     1.80767    -2.05836    14.25022
 1098    384     1.82086    -2.05836    14.25022
 1099    384     1.83406    -2.05836    14.25022
 1100    384     1.84725    -2.05836    14.25022
 1101    384     1.86045    -2.05836    14.25022
 1102    384     1.87364    -2.05836    14.25022
 1117    384     2.07156    -2.05836    14.25022
 1118    384     2.08475    -2.05836    14.25022
 1119    384     2.09795    -2.05836    14.25022
 1120    384     2.11114    -2.05836    14.25022
 1121    384     2.12434    -2.05836    14.25022
 1122    384     2.13753    -2.05836    14.25022
 1097    385     1.79422    -2.02995    14.14418
 1098    385     1.80731    -2.02995    14.14418
 1099    385     1.82041    -2.02995    14.14418
 1100    385     1.83350    -2.02995    14.14418
 1101    385     1.84660    -2.02995    14.14418
 1102    385     1.85970    -2.02995    14.14418
 1103    385     1.87279    -2.02995    14.14418
 1117    385     2.05614    -2.02995    14.14418
 1118    385     2.06924    -2.02995    14.14418
 1119    385     2.08234    -2.02995    14.14418
 1120    385     2.09543    -2.02995    14.14418
 1121    385     2.10853    -2.02995    14.14418
 1122    385     2.12163    -2.02995    14.14418
 1123    385     2.13472    -2.02995    14.14418
 1098    386     1.79396    -2.00196    14.03970
 1099    386     1.80696    -2.00196    14.03970
 1100    386     1.81996    -2.00196    14.03970
 1101    386     1.83296    -2.00196    14.03970
 1102    386     1.84596    -2.00196    14.03970
 1103    386     1.85896    -2.00196    14.03970
 1118    386     2.05396    -2.00196    14.03970
 1119    386     2.06696    -2.00196    14.03970
 1120    386     2.07996    -2.00196    14.03970
 1121    386     2.09296    -2.00196    14.03970
 1122    386     2.10596    -2.00196    14.03970
 1123    386     2.11896    -2.00196    14.03970
 1098    387     1.78081    -1.97437    13.93676
 1099    387     1.79371    -1.97437    13.93676
 1100    387     1.80662    -1.97437    13.93676
 1101    387     1.81952    -1.97437    13.93676
 1102    387     1.83243    -1.97437    13.93676
 1103    387     1.84533    -1.97437    13.93676
 1104    387     1.85823    -1.97437    13.93676
 1118    387     2.03890    -1.97437    13.93676
 1119    387     2.05180    -1.97437    13.93676
 1120    387     2.06471    -1.97437    13.93676
 1121    387     2.07761    -1.97437    13.93676
 1122    387     2.09051    -1.97437    13.93676
 1123    387     2.10342    -1.97437    13.93676
 1124    387     2.11632    -1.97437    13.93676
 1099    388     1.78066    -1.94719    13.83532
 1100    388     1.79347    -1.94719    13.83532
 1101    388     1.80628    -1.94719    13.83532
 1102    388     1.81909    -1.94719    13.83532
 1103    388     1.83190    -1.94719    13.83532
 1104    388     1.84471    -1.94719    13.83532
 1119    388     2.03687    -1.94719    13.83532
 1120    388     2.04968    -1.94719    13.83532
 1121    388     2.06249    -1.94719    13.83532
 1122    388     2.07530    -1.94719    13.83532
 1123    388     2.08811    -1.94719    13.83532
 1124    388     2.10092    -1.94719    13.83532
 1125    388     2.11373    -1.94719    13.83532
 1099    389     1.76779    -1.92040    13.73534
 1100    389     1.78051    -1.92040    13.73534
 1101    389     1.79323    -1.92040    13.73534
 1102    389     1.80594    -1.92040    13.73534
 1103    389     1.81866    -1.92040    13.73534
 1104    389     1.83138    -1.92040    13.73534
 1105    389     1.84410    -1.92040    13.73534
 1120    389     2.03487    -1.92040    13.73534
 1121    389     2.04758    -1.92040    13.73534
 1122    389     2.06030    -1.92040    13.73534
 1123    389     2.07302    -1.92040    13.73534
 1124    389     2.08574    -1.92040    13.73534
 1125    389     2.09846    -1.92040    13.73534
 1100    390     1.76773    -1.89400    13.63680
 1101    390     1.78036    -1.89400    13.63680
 1102    390     1.79299    -1.89400    13.63680
 1103    390     1.80561    -1.89400    13.63680
 1104    390     1.81824    -1.89400    13.63680
 1105    390     1.83087    -1.89400    13.63680
 1121    390     2.03289    -1.89400    13.63680
 1122    390     2.04552    -1.89400    13.63680
 1123    390     2.05815    -1.89400    13.63680
 1124    390     2.07077    -1.89400    13.63680
 1125    390     2.08340    -1.89400    13.63680
 1126    390     2.09603    -1.89400    13.63680
 1100    391     1.75514    -1.86797    13.53966
 1101    391     1.76768    -1.86797    13.53966
 1102    391     1.78021    -1.86797    13.53966
 1103    391     1.79275    -1.86797    13.53966
 1104    391     1.80529    -1.86797    13.53966
 1105    391     1.81782    -1.86797    13.53966
 1106    391     1.83036    -1.86797    13.53966
 1121    391     2.01841    -1.86797    13.53966
 1122    391     2.03095    -1.86797    13.53966
 1123    391     2.04349    -1.86797    13.53966
 1124    391     2.05602    -1.86797    13.53966
 1125    391     2.06856    -1.86797    13.53966
 1126    391     2.08110    -1.86797    13.53966
 1127    391     2.09363    -1.86797    13.53966
 1101    392     1.75518    -1.84231    13.44390
 1102    392     1.76762    -1.84231    13.44390
 1103    392     1.78007    -1.84231    13.44390
 1104    392     1.79252    -1.84231    13.44390
 1105    392     1.80497    -1.84231    13.44390
 1106    392     1.81742    -1.84231    13.44390
 1122    392     2.01658    -1.84231    13.44390
 1123    392     2.02903    -1.84231    13.44390
 1124    392     2.04148    -1.84231    13.44390
 1125    392     2.05393    -1.84231    13.44390
 1126    392     2.06638    -1.84231    13.44390
 1127    392     2.07882    -1.84231    13.44390
 1101    393     1.74285    -1.81701    13.34948
 1102    393     1.75521    -1.81701    13.34948
 1103    393     1.76757    -1.81701    13.34948
 1104    393     1.77993    -1.81701    13.34948
 1105    393     1.79229    -1.81701    13.34948
 1106    393     1.80465    -1.81701    13.34948
 1107    393     1.81701    -1.81701    13.34948
 1122    393     2.00242    -1.81701    13.34948
 1123    393     2.01478    -1.81701    13.34948
 1124    393     2.02714    -1.81701    13.34948
 1125    393     2.03950    -1.81701    13.34948
 1126    393     2.05186    -1.81701    13.34948
 1127    393     2.06422    -1.81701    13.34948
 1128    393     2.07659    -1.81701    13.34948
 1102    394     1.74297    -1.79207    13.25638
 1103    394     1.75524    -1.79207    13.25638
 1104    394     1.76752    -1.79207    13.25638
 1105    394     1.77979    -1.79207    13.25638
 1106    394     1.79207    -1.79207    13.25638
 1107    394     1.80434    -1.79207    13.25638
 1108    394     1.81661    -1.79207    13.25638
 1123    394     2.00073    -1.79207    13.25638
 1124    394     2.01301    -1.79207    13.25638
 1125    394     2.02528    -1.79207    13.25638
 1126    394     2.03755    -1.79207    13.25638
 1127    394     2.04983    -1.79207    13.25638
 1128    394     2.06210    -1.79207    13.25638
 1129    394     2.07438    -1.79207    13.25638
 1102    395     1.73090    -1.76746    13.16456
 1103    395     1.74309    -1.76746    13.16456
 1104    395     1.75528    -1.76746    13.16456
 1105    395     1.76746    -1.76746    13.16456
 1106    395     1.77965    -1.76746    13.16456
 1107    395     1.79184    -1.76746    13.16456
 1108    395     1.80403    -1.76746    13.16456
 1124    395     1.99906    -1.76746    13.16456
 1125    395     2.01125    -1.76746    13.16456
 1126    395     2.02344    -1.76746    13.16456
 1127    395     2.03563    -1.76746    13.16456
 1128    395     2.04782    -1.76746    13.16456
 1129    395     2.06001    -1.76746    13.16456
 1130    395     2.07220    -1.76746    13.16456
 1103    396     1.73110    -1.74320    13.07401
 1104    396     1.74320    -1.74320    13.07401
 1105    396     1.75531    -1.74320    13.07401
 1106    396     1.76741    -1.74320    13.07401
 1107    396     1.77952    -1.74320    13.07401
 1108    396     1.79162    -1.74320    13.07401
 1109    396     1.80373    -1.74320    13.07401
 1124    396     1.98531    -1.74320    13.07401
 1125    396     1.99742    -1.74320    13.07401
 1126    396     2.00952    -1.74320    13.07401
 1127    396     2.02163    -1.74320    13.07401
 1128    396     2.03374    -1.74320    13.07401
 1129    396     2.04584    -1.74320    13.07401
 1130    396     2.05795    -1.74320    13.07401
 1104    397     1.73129    -1.71927    12.98470
 1105    397     1.74332    -1.71927    12.98470
 1106    397     1.75534    -1.71927    12.98470
 1107    397     1.76736    -1.71927    12.98470
 1108    397     1.77938    -1.71927    12.98470
 1109    397     1.79141    -1.71927    12.98470
 1110    397     1.80343    -1.71927    12.98470
 1125    397     1.98377    -1.71927    12.98470
 1126    397     1.99580    -1.71927    12.98470
 1127    397     2.00782    -1.71927    12.98470
 1128    397     2.01984    -1.71927    12.98470
 1129    397     2.03187    -1.71927    12.98470
 1130    397     2.04389    -1.71927    12.98470
 1131    397     2.05591    -1.71927    12.98470
 1104    398     1.71955    -1.69566    12.89660
 1105    398     1.73149    -1.69566    12.89660
 1106    398     1.74343    -1.69566    12.89660
 1107    398     1.75537    -1.69566    12.89660
 1108    398     1.76731    -1.69566    12.89660
 1109    398     1.77925    -1.69566    12.89660
 1110    398     1.79119    -1.69566    12.89660
 1126    398     1.98226    -1.69566    12.89660
 1127    398     1.99420    -1.69566    12.89660
 1128    398     2.00614    -1.69566    12.89660
 1129    398     2.01808    -1.69566    12.89660
 1130    398     2.03002    -1.69566    12.89660
 1131    398     2.04196    -1.69566    12.89660
 1105    399     1.71982    -1.67238    12.80969
 1106    399     1.73168    -1.67238    12.80969
 1107    399     1.74354    -1.67238    12.80969
 1108    399     1.75540    -1.67238    12.80969
 1109    399     1.76726    -1.67238    12.80969
 1110    399     1.77912    -1.67238    12.80969
 1111    399     1.79098    -1.67238    12.80969
 1127    399     1.98076    -1.67238    12.80969
 1128    399     1.99262    -1.67238    12.80969
 1129    399     2.00448    -1.67238    12.80969
 1130    399     2.01634    -1.67238    12.80969
 1131    399     2.02820    -1.67238    12.80969
 1132    399     2.04006    -1.67238    12.80969
 1106    400     1.72009    -1.64940    12.72394
 1107    400     1.73187    -1.64940    12.72394
 1108    400     1.74365    -1.64940    12.72394
 1109    400     1.75543    -1.64940    12.72394
 1110    400     1.76721    -1.64940    12.72394
 1111    400     1.77900    -1.64940    12.72394
 1127    400     1.96750    -1.64940    12.72394
 1128    400     1.97928    -1.64940    12.72394
 1129    400     1.99106    -1.64940    12.72394
 1130    400     2.00284    -1.64940    12.72394
 1131    400     2.01462    -1.64940    12.72394
 1132    400     2.02640    -1.64940    12.72394
 1133    400     2.03819    -1.64940    12.72394
 1106    401     1.70865    -1.62673    12.63933
 1107    401     1.72035    -1.62673    12.63933
 1108    401     1.73206    -1.62673    12.63933
 1109    401     1.74376    -1.62673    12.63933
 1110    401     1.75546    -1.62673    12.63933
 1111    401     1.76717    -1.62673    12.63933
 1112    401     1.77887    -1.62673    12.63933
 1128    401     1.96612    -1.62673    12.63933
 1129    401     1.97782    -1.62673    12.63933
 1130    401     1.98952    -1.62673    12.63933
 1131    401     2.00123    -1.62673    12.63933
 1132    401     2.01293    -1.62673    12.63933
 1133    401     2.02463    -1.62673    12.63933
 1107    402     1.70899    -1.60436    12.55584
 1108    402     1.72061    -1.60436    12.55584
 1109    402     1.73224    -1.60436    12.55584
 1110    402     1.74387    -1.60436    12.55584
 1111    402     1.75549    -1.60436    12.55584
 1112    402     1.76712    -1.60436    12.55584
 1113    402     1.77874    -1.60436    12.55584
 1128    402     1.95313    -1.60436    12.55584
 1129    402     1.96476    -1.60436    12.55584
 1130    402     1.97638    -1.60436    12.55584
 1131    402     1.98801    -1.60436    12.55584
 1132    402     1.99963    -1.60436    12.55584
 1133    402     2.01126    -1.60436    12.55584
 1134    402     2.02288    -1.60436    12.55584
 1776    402     9.48663    -1.60436    12.55584
 1777    402     9.49826    -1.60436    12.55584
 1778    402     9.50988    -1.60436    12.55584
 1779    402     9.52151    -1.60436    12.55584
 1108    403     1.70932    -1.58228    12.47344
 1109    403     1.72087    -1.58228    12.47344
 1110    403     1.73242    -1.58228    12.47344
 1111    403     1.74397    -1.58228    12.47344
 1112    403     1.75552    -1.58228    12.47344
 1113    403     1.76707    -1.58228    12.47344
 1129    403     1.95186    -1.58228    12.47344
 1130    403     1.96341    -1.58228    12.47344
 1131    403     1.97496    -1.58228    12.47344
 1132    403     1.98651    -1.58228    12.47344
 1133    403     1.99806    -1.58228    12.47344
 1134    403     2.00961    -1.58228    12.47344
 1135    403     2.02116    -1.58228    12.47344
 1775    403     9.41283    -1.58228    12.47344
 1776    403     9.42438    -1.58228    12.47344
 1777    403     9.43593    -1.58228    12.47344
 1778    403     9.44748    -1.58228    12.47344
 1779    403     9.45903    -1.58228    12.47344
 1780    403     9.47058    -1.58228    12.47344
 1781    403     9.48213    -1.58228    12.47344
 1782    403     9.49368    -1.58228    12.47344
 1108    404     1.69818    -1.56049    12.39212
 1109    404     1.70965    -1.56049    12.39212
 1110    404     1.72113    -1.56049    12.39212
 1111    404     1.73260    -1.56049    12.39212
 1112    404     1.74408    -1.56049    12.39212
 1113    404     1.75555    -1.56049    12.39212
 1114    404     1.76702    -1.56049    12.39212
 1130    404     1.95061    -1.56049    12.39212
 1131    404     1.96209    -1.56049    12.39212
 1132    404     1.97356    -1.56049    12.39212
 1133    404     1.98503    -1.56049    12.39212
 1134    404     1.99651    -1.56049    12.39212
 1135    404     2.00798    -1.56049    12.39212
 1775    404     9.35146    -1.56049    12.39212
 1776    404     9.36294    -1.56049    12.39212
 1777    404     9.37441    -1.56049    12.39212
 1778    404     9.38588    -1.56049    12.39212
 1779    404     9.39736    -1.56049    12.39212
 1780    404     9.40883    -1.56049    12.39212
 1781    404     9.42031    -1.56049    12.39212
 1782    404     9.43178    -1.56049    12.39212
 1783    404     9.44326    -1.56049    12.39212
 1109    405     1.69858    -1.53898    12.31185
 1110    405     1.70998    -1.53898    12.31185
 1111    405     1.72138    -1.53898    12.31185
 1112    405     1.73278    -1.53898    12.31185
 1113    405     1.74418    -1.53898    12.31185
 1114    405     1.75558    -1.53898    12.31185
 1115    405     1.76698    -1.53898    12.31185
 1130    405     1.93798    -1.53898    12.31185
 1131    405     1.94938    -1.53898    12.31185
 1132    405     1.96078    -1.53898    12.31185
 1133    405     1.97218    -1.53898    12.31185
 1134    405     1.98358    -1.53898    12.31185
 1135    405     1.99498    -1.53898    12.31185
 1136    405     2.00638    -1.53898    12.31185
 1775    405     9.29089    -1.53898    12.31185
 1776    405     9.30229    -1.53898    12.31185
 1777    405     9.31369    -1.53898    12.31185
 1779    405     9.33649    -1.53898    12.31185
 1780    405     9.34789    -1.53898    12.31185
 1781    405     9.35929    -1.53898    12.31185
 1782    405     9.37069    -1.53898    12.31185
 1783    405     9.38209    -1.53898    12.31185
 1784    405     9.39349    -1.53898    12.31185
 1110    406     1.69897    -1.51775    12.23262
 1111    406     1.71030    -1.51775    12.23262
 1112    406     1.72163    -1.51775    12.23262
 1113    406     1.73295    -1.51775    12.23262
 1114    406     1.74428    -1.51775    12.23262
 1115    406     1.75561    -1.51775    12.23262
 1131    406     1.93683    -1.51775    12.23262
 1132    406     1.94816    -1.51775    12.23262
 1133    406     1.95948    -1.51775    12.23262
 1134    406     1.97081    -1.51775    12.23262
 1135    406     1.98214    -1.51775    12.23262
 1136    406     1.99346    -1.51775    12.23262
 1137    406     2.00479    -1.51775    12.23262
 1775    406     9.23110    -1.51775    12.23262
 1776    406     9.24242    -1.51775    12.23262
 1777    406     9.25375    -1.51775    12.23262
 1778    406     9.26508    -1.51775    12.23262
 1779    406     9.27640    -1.51775    12.23262
 1781    406     9.29906    -1.51775    12.23262
 1782    406     9.31038    -1.51775    12.23262
 1783    406     9.32171    -1.51775    12.23262
 1784    406     9.33304    -1.51775    12.23262
 1785    406     9.34436    -1.51775    12.23262
 1786    406     9.35569    -1.51775    12.23262
 1787    406     9.36701    -1.51775    12.23262
 1788    406     9.37834    -1.51775    12.23262
 1789    406     9.38967    -1.51775    12.23262
 1110    407     1.68811    -1.49679    12.15440
 1111    407     1.69936    -1.49679    12.15440
 1112    407     1.71062    -1.49679    12.15440
 1113    407     1.72187    -1.49679    12.15440
 1114    407     1.73313    -1.49679    12.15440
 1115    407     1.74438    -1.49679    12.15440
 1116    407     1.75564    -1.49679    12.15440
 1131    407     1.92445    -1.49679    12.15440
 1132    407     1.93570    -1.49679    12.15440
 1133    407     1.94695    -1.49679    12.15440
 1134    407     1.95821    -1.49679    12.15440
 1135    407     1.96946    -1.49679    12.15440
 1136    407     1.98072    -1.49679    12.15440
 1137    407     1.99197    -1.49679    12.15440
 1776    407     9.18332    -1.49679    12.15440
 1777    407     9.19458    -1.49679    12.15440
 1778    407     9.20583    -1.49679    12.15440
 1779    407     9.21709    -1.49679    12.15440
 1780    407     9.22834    -1.49679    12.15440
 1781    407     9.23959    -1.49679    12.15440
 1782    407     9.25085    -1.49679    12.15440
 1783    407     9.26210    -1.49679    12.15440
 1785    407     9.28461    -1.49679    12.15440
 1786    407     9.29586    -1.49679    12.15440
 1787    407     9.30712    -1.49679    12.15440
 1788    407     9.31837    -1.49679    12.15440
 1789    407     9.32963    -1.49679    12.15440
 1790    407     9.34088    -1.49679    12.15440
 1791    407     9.35213    -1.49679    12.15440
 1111    408     1.68857    -1.47610    12.07717
 1112    408     1.69975    -1.47610    12.07717
 1113    408     1.71093    -1.47610    12.07717
 1114    408     1.72212    -1.47610    12.07717
 1115    408     1.73330    -1.47610    12.07717
 1116    408     1.74448    -1.47610    12.07717
 1132    408     1.92340    -1.47610    12.07717
 1133    408     1.93458    -1.47610    12.07717
 1134    408     1.94577    -1.47610    12.07717
 1135    408     1.95695    -1.47610    12.07717
 1136    408     1.96813    -1.47610    12.07717
 1137    408     1.97931    -1.47610    12.07717
 1138    408     1.99050    -1.47610    12.07717
 1777    408     9.13616    -1.47610    12.07717
 1778    408     9.14734    -1.47610    12.07717
 1779    408     9.15852    -1.47610    12.07717
 1780    408     9.16970    -1.47610    12.07717
 1781    408     9.18089    -1.47610    12.07717
 1782    408     9.19207    -1.47610    12.07717
 1783    408     9.20325    -1.47610    12.07717
 1786    408     9.23680    -1.47610    12.07717
 1787    408     9.24798    -1.47610    12.07717
 1788    408     9.25916    -1.47610    12.07717
 1789    408     9.27035    -1.47610    12.07717
 1790    408     9.28153    -1.47610    12.07717
 1791    408     9.29271    -1.47610    12.07717
 1792    408     9.30389    -1.47610    12.07717
 1111    409     1.67791    -1.45567    12.00092
 1112    409     1.68902    -1.45567    12.00092
 1113    409     1.70013    -1.45567    12.00092
 1114    409     1.71124    -1.45567    12.00092
 1115    409     1.72235    -1.45567    12.00092
 1116    409     1.73347    -1.45567    12.00092
 1117    409     1.74458    -1.45567    12.00092
 1133    409     1.92237    -1.45567    12.00092
 1134    409     1.93348    -1.45567    12.00092
 1135    409     1.94459    -1.45567    12.00092
 1136    409     1.95571    -1.45567    12.00092
 1137    409     1.96682    -1.45567    12.00092
 1138    409     1.97793    -1.45567    12.00092
 1779    409     9.10070    -1.45567    12.00092
 1780    409     9.11181    -1.45567    12.00092
 1781    409     9.12292    -1.45567    12.00092
 1782    409     9.13403    -1.45567    12.00092
 1783    409     9.14514    -1.45567    12.00092
 1784    409     9.15626    -1.45567    12.00092
 1785    409     9.16737    -1.45567    12.00092
 1786    409     9.17848    -1.45567    12.00092
 1787    409     9.18959    -1.45567    12.00092
 1790    409     9.22293    -1.45567    12.00092
 1791    409     9.23404    -1.45567    12.00092
 1792    409     9.24515    -1.45567    12.00092
 1793    409     9.25626    -1.45567    12.00092
 1112    410     1.67842    -1.43549    11.92562
 1113    410     1.68946    -1.43549    11.92562
 1114    410     1.70051    -1.43549    11.92562
 1115    410     1.71155    -1.43549    11.92562
 1116    410     1.72259    -1.43549    11.92562
 1117    410     1.73363    -1.43549    11.92562
 1134    410     1.92135    -1.43549    11.92562
 1135    410     1.93239    -1.43549    11.92562
 1136    410     1.94343    -1.43549    11.92562
 1137    410     1.95448    -1.43549    11.92562
 1138    410     1.96552    -1.43549    11.92562
 1139    410     1.97656    -1.43549    11.92562
 1784    410     9.09881    -1.43549    11.92562
 1785    410     9.10985    -1.43549    11.92562
 1786    410     9.12089    -1.43549    11.92562
 1787    410     9.13194    -1.43549    11.92562
 1788    410     9.14298    -1.43549    11.92562
 1789    410     9.15402    -1.43549    11.92562
 1791    410     9.17610    -1.43549    11.92562
 1792    410     9.18715    -1.43549    11.92562
 1793    410     9.19819    -1.43549    11.92562
 1113    411     1.67893    -1.41557    11.85127
 1114    411     1.68990    -1.41557    11.85127
 1115    411     1.70088    -1.41557    11.85127
 1116    411     1.71185    -1.41557    11.85127
 1117    411     1.72282    -1.41557    11.85127
 1118    411     1.73380    -1.41557    11.85127
 1134    411     1.90937    -1.41557    11.85127
 1135    411     1.92034    -1.41557    11.85127
 1136    411     1.93132    -1.41557    11.85127
 1137    411     1.94229    -1.41557    11.85127
 1138    411     1.95326    -1.41557    11.85127
 1139    411     1.96424    -1.41557    11.85127
 1786    411     9.06403    -1.41557    11.85127
 1787    411     9.07500    -1.41557    11.85127
 1788    411     9.08597    -1.41557    11.85127
 1789    411     9.09695    -1.41557    11.85127
 1790    411     9.10792    -1.41557    11.85127
 1791    411     9.11889    -1.41557    11.85127
 1792    411     9.12987    -1.41557    11.85127
 1793    411     9.14084    -1.41557    11.85127
 1113    412     1.66853    -1.39589    11.77783
 1114    412     1.67943    -1.39589    11.77783
 1115    412     1.69034    -1.39589    11.77783
 1116    412     1.70124    -1.39589    11.77783
 1117    412     1.71215    -1.39589    11.77783
 1118    412     1.72305    -1.39589    11.77783
 1119    412     1.73396    -1.39589    11.77783
 1135    412     1.90845    -1.39589    11.77783
 1136    412     1.91935    -1.39589    11.77783
 1137    412     1.93026    -1.39589    11.77783
 1138    412     1.94116    -1.39589    11.77783
 1139    412     1.95207    -1.39589    11.77783
 1140    412     1.96297    -1.39589    11.77783
 1787    412     9.01877    -1.39589    11.77783
 1788    412     9.02967    -1.39589    11.77783
 1789    412     9.04058    -1.39589    11.77783
 1790    412     9.05148    -1.39589    11.77783
 1791    412     9.06239    -1.39589    11.77783
 1792    412     9.07329    -1.39589    11.77783
 1798    412     9.13873    -1.39589    11.77783
 1799    412     9.14963    -1.39589    11.77783
 1800    412     9.16054    -1.39589    11.77783
 1801    412     9.17144    -1.39589    11.77783
 1802    412     9.18235    -1.39589    11.77783
 1114    413     1.66909    -1.37646    11.70530
 1115    413     1.67993    -1.37646    11.70530
 1116    413     1.69077    -1.37646    11.70530
 1117    413     1.70160    -1.37646    11.70530
 1118    413     1.71244    -1.37646    11.70530
 1119    413     1.72328    -1.37646    11.70530
 1135    413     1.89669    -1.37646    11.70530
 1136    413     1.90753    -1.37646    11.70530
 1137    413     1.91837    -1.37646    11.70530
 1138    413     1.92921    -1.37646    11.70530
 1139    413     1.94005    -1.37646    11.70530
 1140    413     1.95088    -1.37646    11.70530
 1141    413     1.96172    -1.37646    11.70530
 1789    413     8.98490    -1.37646    11.70530
 1790    413     8.99574    -1.37646    11.70530
 1791    413     9.00658    -1.37646    11.70530
 1799    413     9.09329    -1.37646    11.70530
 1800    413     9.10412    -1.37646    11.70530
 1801    413     9.11496    -1.37646    11.70530
 1802    413     9.12580    -1.37646    11.70530
 1803    413     9.13664    -1.37646    11.70530
 1114    414     1.65887    -1.35726    11.63366
 1115    414     1.66965    -1.35726    11.63366
 1116    414     1.68042    -1.35726    11.63366
 1117    414     1.69119    -1.35726    11.63366
 1118    414     1.70196    -1.35726    11.63366
 1119    414     1.71273    -1.35726    11.63366
 1120    414     1.72351    -1.35726    11.63366
 1136    414     1.89586    -1.35726    11.63366
 1137    414     1.90663    -1.35726    11.63366
 1138    414     1.91740    -1.35726    11.63366
 1139    414     1.92817    -1.35726    11.63366
 1140    414     1.93894    -1.35726    11.63366
 1141    414     1.94972    -1.35726    11.63366
 1142    414     1.96049    -1.35726    11.63366
 1802    414     9.06995    -1.35726    11.63366
 1803    414     9.08072    -1.35726    11.63366
 1114    415     1.64878    -1.33830    11.56289
 1115    415     1.65949    -1.33830    11.56289
 1116    415     1.67020    -1.33830    11.56289
 1117    415     1.68090    -1.33830    11.56289
 1118    415     1.69161    -1.33830    11.56289
 1119    415     1.70231    -1.33830    11.56289
 1120    415     1.71302    -1.33830    11.56289
 1136    415     1.88432    -1.33830    11.56289
 1137    415     1.89503    -1.33830    11.56289
 1138    415     1.90574    -1.33830    11.56289
 1139    415     1.91644    -1.33830    11.56289
 1140    415     1.92715    -1.33830    11.56289
 1141    415     1.93785    -1.33830    11.56289
 1142    415     1.94856    -1.33830    11.56289
 1143    415     1.95927    -1.33830    11.56289
 1797    415     8.96124    -1.33830    11.56289
 1798    415     8.97195    -1.33830    11.56289
 1799    415     8.98265    -1.33830    11.56289
 1800    415     8.99336    -1.33830    11.56289
 1802    415     9.01477    -1.33830    11.56289
 1803    415     9.02548    -1.33830    11.56289
 1115    416     1.64945    -1.31956    11.49297
 1116    416     1.66010    -1.31956    11.49297
 1117    416     1.67074    -1.31956    11.49297
 1118    416     1.68138    -1.31956    11.49297
 1119    416     1.69202    -1.31956    11.49297
 1120    416     1.70266    -1.31956    11.49297
 1121    416     1.71330    -1.31956    11.49297
 1137    416     1.88357    -1.31956    11.49297
 1138    416     1.89421    -1.31956    11.49297
 1139    416     1.90485    -1.31956    11.49297
 1140    416     1.91550    -1.31956    11.49297
 1141    416     1.92614    -1.31956    11.49297
 1142    416     1.93678    -1.31956    11.49297
 1143    416     1.94742    -1.31956    11.49297
 1144    416     1.95806    -1.31956    11.49297
 1798    416     8.91770    -1.31956    11.49297
 1799    416     8.92834    -1.31956    11.49297
 1800    416     8.93898    -1.31956    11.49297
 1801    416     8.94962    -1.31956    11.49297
 1802    416     8.96026    -1.31956    11.49297
 1803    416     8.97091    -1.31956    11.49297
 1116    417     1.65012    -1.30106    11.42390
 1117    417     1.66070    -1.30106    11.42390
 1118    417     1.67127    -1.30106    11.42390
 1119    417     1.68185    -1.30106    11.42390
 1120    417     1.69243    -1.30106    11.42390
 1121    417     1.70301    -1.30106    11.42390
 1122    417     1.71359    -1.30106    11.42390
 1138    417     1.88283    -1.30106    11.42390
 1139    417     1.89341    -1.30106    11.42390
 1140    417     1.90398    -1.30106    11.42390
 1141    417     1.91456    -1.30106    11.42390
 1142    417     1.92514    -1.30106    11.42390
 1143    417     1.93572    -1.30106    11.42390
 1144    417     1.94629    -1.30106    11.42390
 1800    417     8.88526    -1.30106    11.42390
 1801    417     8.89583    -1.30106    11.42390
 1802    417     8.90641    -1.30106    11.42390
 1117    418     1.65078    -1.28277    11.35565
 1118    418     1.66129    -1.28277    11.35565
 1119    418     1.67180    -1.28277    11.35565
 1120    418     1.68232    -1.28277    11.35565
 1121    418     1.69283    -1.28277    11.35565
 1122    418     1.70335    -1.28277    11.35565
 1139    418     1.88209    -1.28277    11.35565
 1140    418     1.89261    -1.28277    11.35565
 1141    418     1.90312    -1.28277    11.35565
 1142    418     1.91364    -1.28277    11.35565
 1143    418     1.92415    -1.28277    11.35565
 1144    418     1.93467    -1.28277    11.35565
 1145    418     1.94518    -1.28277    11.35565
 1117    419     1.64097    -1.26470    11.28821
 1118    419     1.65142    -1.26470    11.28821
 1119    419     1.66188    -1.26470    11.28821
 1120    419     1.67233    -1.26470    11.28821
 1121    419     1.68278    -1.26470    11.28821
 1122    419     1.69323    -1.26470    11.28821
 1123    419     1.70368    -1.26470    11.28821
 1140    419     1.88137    -1.26470    11.28821
 1141    419     1.89182    -1.26470    11.28821
 1142    419     1.90227    -1.26470    11.28821
 1143    419     1.91272    -1.26470    11.28821
 1144    419     1.92318    -1.26470    11.28821
 1145    419     1.93363    -1.26470    11.28821
 1146    419     1.94408    -1.26470    11.28821
 1118    420     1.64167    -1.24684    11.22157
 1119    420     1.65206    -1.24684    11.22157
 1120    420     1.66245    -1.24684    11.22157
 1121    420     1.67285    -1.24684    11.22157
 1122    420     1.68324    -1.24684    11.22157
 1123    420     1.69363    -1.24684    11.22157
 1141    420     1.88065    -1.24684    11.22157
 1142    420     1.89104    -1.24684    11.22157
 1143    420     1.90143    -1.24684    11.22157
 1144    420     1.91182    -1.24684    11.22157
 1145    420     1.92221    -1.24684    11.22157
 1146    420     1.93260    -1.24684    11.22157
 1118    421     1.63204    -1.22919    11.15571
 1119    421     1.64237    -1.22919    11.15571
 1120    421     1.65270    -1.22919    11.15571
 1121    421     1.66303    -1.22919    11.15571
 1122    421     1.67336    -1.22919    11.15571
 1123    421     1.68369    -1.22919    11.15571
 1124    421     1.69402    -1.22919    11.15571
 1141    421     1.86961    -1.22919    11.15571
 1142    421     1.87994    -1.22919    11.15571
 1143    421     1.89027    -1.22919    11.15571
 1144    421     1.90060    -1.22919    11.15571
 1145    421     1.91093    -1.22919    11.15571
 1146    421     1.92126    -1.22919    11.15571
 1147    421     1.93159    -1.22919    11.15571
 1119    422     1.63279    -1.21175    11.09062
 1120    422     1.64305    -1.21175    11.09062
 1121    422     1.65332    -1.21175    11.09062
 1122    422     1.66359    -1.21175    11.09062
 1123    422     1.67386    -1.21175    11.09062
 1124    422     1.68413    -1.21175    11.09062
 1142    422     1.86897    -1.21175    11.09062
 1143    422     1.87924    -1.21175    11.09062
 1144    422     1.88951    -1.21175    11.09062
 1145    422     1.89978    -1.21175    11.09062
 1146    422     1.91005    -1.21175    11.09062
 1147    422     1.92032    -1.21175    11.09062
 1119    423     1.62331    -1.19451    11.02628
 1120    423     1.63352    -1.19451    11.02628
 1121    423     1.64373    -1.19451    11.02628
 1122    423     1.65394    -1.19451    11.02628
 1123    423     1.66415    -1.19451    11.02628
 1124    423     1.67436    -1.19451    11.02628
 1125    423     1.68457    -1.19451    11.02628
 1142    423     1.85813    -1.19451    11.02628
 1143    423     1.86834    -1.19451    11.02628
 1144    423     1.87855    -1.19451    11.02628
 1145    423     1.88876    -1.19451    11.02628
 1146    423     1.89897    -1.19451    11.02628
 1147    423     1.90918    -1.19451    11.02628
 1148    423     1.91939    -1.19451    11.02628
 1120    424     1.62410    -1.17747    10.96269
 1121    424     1.63425    -1.17747    10.96269
 1122    424     1.64440    -1.17747    10.96269
 1123    424     1.65455    -1.17747    10.96269
 1124    424     1.66470    -1.17747    10.96269
 1125    424     1.67486    -1.17747    10.96269
 1126    424     1.68501    -1.17747    10.96269
 1143    424     1.85757    -1.17747    10.96269
 1144    424     1.86772    -1.17747    10.96269
 1145    424     1.87787    -1.17747    10.96269
 1146    424     1.88802    -1.17747    10.96269
 1147    424     1.89817    -1.17747    10.96269
 1148    424     1.90832    -1.17747    10.96269
 1120    425     1.61479    -1.16063    10.89982
 1121    425     1.62488    -1.16063    10.89982
 1122    425     1.63497    -1.16063    10.89982
 1123    425     1.64507    -1.16063    10.89982
 1124    425     1.65516    -1.16063    10.89982
 1125    425     1.66525    -1.16063    10.89982
 1126    425     1.67534    -1.16063    10.89982
 1144    425     1.85701    -1.16063    10.89982
 1145    425     1.86710    -1.16063    10.89982
 1146    425     1.87719    -1.16063    10.89982
 1147    425     1.88728    -1.16063    10.89982
 1148    425     1.89738    -1.16063    10.89982
 1149    425     1.90747    -1.16063    10.89982
 1121    426     1.61562    -1.14398    10.83768
 1122    426     1.62565    -1.14398    10.83768
 1123    426     1.63569    -1.14398    10.83768
 1124    426     1.64572    -1.14398    10.83768
 1125    426     1.65576    -1.14398    10.83768
 1126    426     1.66579    -1.14398    10.83768
 1127    426     1.67583    -1.14398    10.83768
 1144    426     1.84642    -1.14398    10.83768
 1145    426     1.85645    -1.14398    10.83768
 1146    426     1.86649    -1.14398    10.83768
 1147    426     1.87652    -1.14398    10.83768
 1148    426     1.88656    -1.14398    10.83768
 1149    426     1.89659    -1.14398    10.83768
 1150    426     1.90663    -1.14398    10.83768
 1122    427     1.61643    -1.12751    10.77623
 1123    427     1.62641    -1.12751    10.77623
 1124    427     1.63639    -1.12751    10.77623
 1125    427     1.64637    -1.12751    10.77623
 1126    427     1.65635    -1.12751    10.77623
 1127    427     1.66632    -1.12751    10.77623
 1145    427     1.84593    -1.12751    10.77623
 1146    427     1.85591    -1.12751    10.77623
 1147    427     1.86588    -1.12751    10.77623
 1148    427     1.87586    -1.12751    10.77623
 1149    427     1.88584    -1.12751    10.77623
 1150    427     1.89582    -1.12751    10.77623
 1122    428     1.60732    -1.11124    10.71548
 1123    428     1.61724    -1.11124    10.71548
 1124    428     1.62717    -1.11124    10.71548
 1125    428     1.63709    -1.11124    10.71548
 1126    428     1.64701    -1.11124    10.71548
 1127    428     1.65693    -1.11124    10.71548
 1128    428     1.66685    -1.11124    10.71548
 1145    428     1.83552    -1.11124    10.71548
 1146    428     1.84544    -1.11124    10.71548
 1147    428     1.85537    -1.11124    10.71548
 1148    428     1.86529    -1.11124    10.71548
 1149    428     1.87521    -1.11124    10.71548
 1150    428     1.88513    -1.11124    10.71548
 1151    428     1.89505    -1.11124    10.71548
 1123    429     1.60818    -1.09514    10.65541
 1124    429     1.61804    -1.09514    10.65541
 1125    429     1.62791    -1.09514    10.65541
 1126    429     1.63778    -1.09514    10.65541
 1127    429     1.64764    -1.09514    10.65541
 1128    429     1.65751    -1.09514    10.65541
 1129    429     1.66737    -1.09514    10.65541
 1146    429     1.83510    -1.09514    10.65541
 1147    429     1.84496    -1.09514    10.65541
 1148    429     1.85483    -1.09514    10.65541
 1149    429     1.86470    -1.09514    10.65541
 1150    429     1.87456    -1.09514    10.65541
 1151    429     1.88443    -1.09514    10.65541
 1124    430     1.60902    -1.07922    10.59601
 1125    430     1.61884    -1.07922    10.59601
 1126    430     1.62865    -1.07922    10.59601
 1127    430     1.63846    -1.07922    10.59601
 1128    430     1.64827    -1.07922    10.59601
 1129    430     1.65808    -1.07922    10.59601
 1130    430     1.66789    -1.07922    10.59601
 1147    430     1.83468    -1.07922    10.59601
 1148    430     1.84449    -1.07922    10.59601
 1149    430     1.85430    -1.07922    10.59601
 1150    430     1.86411    -1.07922    10.59601
 1151    430     1.87392    -1.07922    10.59601
 1152    430     1.88374    -1.07922    10.59601
 1124    431     1.60010    -1.06348    10.53727
 1125    431     1.60986    -1.06348    10.53727
 1126    431     1.61962    -1.06348    10.53727
 1127    431     1.62937    -1.06348    10.53727
 1128    431     1.63913    -1.06348    10.53727
 1129    431     1.64889    -1.06348    10.53727
 1130    431     1.65864    -1.06348    10.53727
 1147    431     1.82451    -1.06348    10.53727
 1148    431     1.83427    -1.06348    10.53727
 1149    431     1.84402    -1.06348    10.53727
 1150    431     1.85378    -1.06348    10.53727
 1151    431     1.86354    -1.06348    10.53727
 1152    431     1.87329    -1.06348    10.53727
 1153    431     1.88305    -1.06348    10.53727
 1125    432     1.60099    -1.04792    10.47918
 1126    432     1.61069    -1.04792    10.47918
 1127    432     1.62039    -1.04792    10.47918
 1128    432     1.63009    -1.04792    10.47918
 1129    432     1.63980    -1.04792    10.47918
 1130    432     1.64950    -1.04792    10.47918
 1131    432     1.65920    -1.04792    10.47918
 1148    432     1.82415    -1.04792    10.47918
 1149    432     1.83386    -1.04792    10.47918
 1150    432     1.84356    -1.04792    10.47918
 1151    432     1.85326    -1.04792    10.47918
 1152    432     1.86297    -1.04792    10.47918
 1153    432     1.87267    -1.04792    10.47918
 1126    433     1.60186    -1.03252    10.42172
 1127    433     1.61151    -1.03252    10.42172
 1128    433     1.62116    -1.03252    10.42172
 1129    433     1.63081    -1.03252    10.42172
 1130    433     1.64046    -1.03252    10.42172
 1131    433     1.65011    -1.03252    10.42172
 1148    433     1.81415    -1.03252    10.42172
 1149    433     1.82380    -1.03252    10.42172
 1150    433     1.83345    -1.03252    10.42172
 1151    433     1.84310    -1.03252    10.42172
 1152    433     1.85275    -1.03252    10.42172
 1153    433     1.86240    -1.03252    10.42172
 1126    434     1.59312    -1.01729    10.36489
 1127    434     1.60272    -1.01729    10.36489
 1128    434     1.61232    -1.01729    10.36489
 1129    434     1.62191    -1.01729    10.36489
 1130    434     1.63151    -1.01729    10.36489
 1131    434     1.64111    -1.01729    10.36489
 1132    434     1.65071    -1.01729    10.36489
 1149    434     1.81386    -1.01729    10.36489
 1150    434     1.82345    -1.01729    10.36489
 1151    434     1.83305    -1.01729    10.36489
 1152    434     1.84265    -1.01729    10.36489
 1153    434     1.85224    -1.01729    10.36489
 1154    434     1.86184    -1.01729    10.36489
 1127    435     1.59403    -1.00223    10.30868
 1128    435     1.60357    -1.00223    10.30868
 1129    435     1.61312    -1.00223    10.30868
 1130    435     1.62266    -1.00223    10.30868
 1131    435     1.63221    -1.00223    10.30868
 1132    435     1.64175    -1.00223    10.30868
 1149    435     1.80402    -1.00223    10.30868
 1150    435     1.81356    -1.00223    10.30868
 1151    435     1.82311    -1.00223    10.30868
 1152    435     1.83265    -1.00223    10.30868
 1153    435     1.84220    -1.00223    10.30868
 1154    435     1.85174    -1.00223    10.30868
 1155    435     1.86129    -1.00223    10.30868
 1127    436     1.58543    -0.98733    10.25307
 1128    436     1.59492    -0.98733    10.25307
 1129    436     1.60442    -0.98733    10.25307
 1130    436     1.61391    -0.98733    10.25307
 1131    436     1.62340    -0.98733    10.25307
 1132    436     1.63290    -0.98733    10.25307
 1133    436     1.64239    -0.98733    10.25307
 1150    436     1.80378    -0.98733    10.25307
 1151    436     1.81327    -0.98733    10.25307
 1152    436     1.82277    -0.98733    10.25307
 1153    436     1.83226    -0.98733    10.25307
 1154    436     1.84176    -0.98733    10.25307
 1155    436     1.85125    -0.98733    10.25307
 1128    437     1.58637    -0.97259    10.19806
 1129    437     1.59581    -0.97259    10.19806
 1130    437     1.60525    -0.97259    10.19806
 1131    437     1.61469    -0.97259    10.19806
 1132    437     1.62414    -0.97259    10.19806
 1133    437     1.63358    -0.97259    10.19806
 1134    437     1.64302    -0.97259    10.19806
 1150    437     1.79410    -0.97259    10.19806
 1151    437     1.80355    -0.97259    10.19806
 1152    437     1.81299    -0.97259    10.19806
 1153    437     1.82243    -0.97259    10.19806
 1154    437     1.83187    -0.97259    10.19806
 1155    437     1.84132    -0.97259    10.19806
 1156    437     1.85076    -0.97259    10.19806
 1129    438     1.58729    -0.95801    10.14364
 1130    438     1.59668    -0.95801    10.14364
 1131    438     1.60608    -0.95801    10.14364
 1132    438     1.61547    -0.95801    10.14364
 1133    438     1.62486    -0.95801    10.14364
 1134    438     1.63425    -0.95801    10.14364
 1151    438     1.79392    -0.95801    10.14364
 1152    438     1.80331    -0.95801    10.14364
 1153    438     1.81271    -0.95801    10.14364
 1154    438     1.82210    -0.95801    10.14364
 1155    438     1.83149    -0.95801    10.14364
 1156    438     1.84088    -0.95801    10.14364
 1157    438     1.85027    -0.95801    10.14364
 1129    439     1.57887    -0.94358    10.08979
 1130    439     1.58821    -0.94358    10.08979
 1131    439     1.59755    -0.94358    10.08979
 1132    439     1.60689    -0.94358    10.08979
 1133    439     1.61624    -0.94358    10.08979
 1134    439     1.62558    -0.94358    10.08979
 1135    439     1.63492    -0.94358    10.08979
 1152    439     1.79374    -0.94358    10.08979
 1153    439     1.80308    -0.94358    10.08979
 1154    439     1.81243    -0.94358    10.08979
 1155    439     1.82177    -0.94358    10.08979
 1156    439     1.83111    -0.94358    10.08979
 1157    439     1.84045    -0.94358    10.08979
 1130    440     1.57982    -0.92931    10.03652
 1131    440     1.58912    -0.92931    10.03652
 1132    440     1.59841    -0.92931    10.03652
 1133    440     1.60770    -0.92931    10.03652
 1134    440     1.61699    -0.92931    10.03652
 1135    440     1.62629    -0.92931    10.03652
 1136    440     1.63558    -0.92931    10.03652
 1152    440     1.78427    -0.92931    10.03652
 1153    440     1.79356    -0.92931    10.03652
 1154    440     1.80286    -0.92931    10.03652
 1155    440     1.81215    -0.92931    10.03652
 1156    440     1.82144    -0.92931    10.03652
 1157    440     1.83074    -0.92931    10.03652
 1158    440     1.84003    -0.92931    10.03652
 1131    441     1.58077    -0.91518     9.98380
 1132    441     1.59001    -0.91518     9.98380
 1133    441     1.59926    -0.91518     9.98380
 1134    441     1.60850    -0.91518     9.98380
 1135    441     1.61775    -0.91518     9.98380
 1136    441     1.62699    -0.91518     9.98380
 1137    441     1.63623    -0.91518     9.98380
 1153    441     1.78414    -0.91518     9.98380
 1154    441     1.79339    -0.91518     9.98380
 1155    441     1.80263    -0.91518     9.98380
 1156    441     1.81187    -0.91518     9.98380
 1157    441     1.82112    -0.91518     9.98380
 1158    441     1.83036    -0.91518     9.98380
 1159    441     1.83961    -0.91518     9.98380
 1131    442     1.57251    -0.90120     9.93163
 1132    442     1.58170    -0.90120     9.93163
 1133    442     1.59090    -0.90120     9.93163
 1134    442     1.60010    -0.90120     9.93163
 1135    442     1.60929    -0.90120     9.93163
 1136    442     1.61849    -0.90120     9.93163
 1137    442     1.62768    -0.90120     9.93163
 1154    442     1.78402    -0.90120     9.93163
 1155    442     1.79321    -0.90120     9.93163
 1156    442     1.80241    -0.90120     9.93163
 1157    442     1.81160    -0.90120     9.93163
 1158    442     1.82080    -0.90120     9.93163
 1159    442     1.83000    -0.90120     9.93163
 1160    442     1.83919    -0.90120     9.93163
 1132    443     1.57348    -0.88737     9.88001
 1133    443     1.58263    -0.88737     9.88001
 1134    443     1.59178    -0.88737     9.88001
 1135    443     1.60093    -0.88737     9.88001
 1136    443     1.61008    -0.88737     9.88001
 1137    443     1.61922    -0.88737     9.88001
 1138    443     1.62837    -0.88737     9.88001
 1155    443     1.78389    -0.88737     9.88001
 1156    443     1.79304    -0.88737     9.88001
 1157    443     1.80219    -0.88737     9.88001
 1158    443     1.81134    -0.88737     9.88001
 1159    443     1.82048    -0.88737     9.88001
 1160    443     1.82963    -0.88737     9.88001
 1161    443     1.83878    -0.88737     9.88001
 1133    444     1.57445    -0.87368     9.82892
 1134    444     1.58355    -0.87368     9.82892
 1135    444     1.59265    -0.87368     9.82892
 1136    444     1.60175    -0.87368     9.82892
 1137    444     1.61085    -0.87368     9.82892
 1138    444     1.61995    -0.87368     9.82892
 1156    444     1.78377    -0.87368     9.82892
 1157    444     1.79287    -0.87368     9.82892
 1158    444     1.80197    -0.87368     9.82892
 1159    444     1.81107    -0.87368     9.82892
 1160    444     1.82017    -0.87368     9.82892
 1161    444     1.82927    -0.87368     9.82892
 1874    444     8.31818    -0.87368     9.82892
 1875    444     8.32728    -0.87368     9.82892
 1876    444     8.33638    -0.87368     9.82892
 1877    444     8.34548    -0.87368     9.82892
 1878    444     8.35458    -0.87368     9.82892
 1879    444     8.36368    -0.87368     9.82892
 1880    444     8.37278    -0.87368     9.82892
 1134    445     1.57540    -0.86013     9.77836
 1135    445     1.58446    -0.86013     9.77836
 1136    445     1.59351    -0.86013     9.77836
 1137    445     1.60256    -0.86013     9.77836
 1138    445     1.61162    -0.86013     9.77836
 1157    445     1.78364    -0.86013     9.77836
 1158    445     1.79270    -0.86013     9.77836
 1159    445     1.80175    -0.86013     9.77836
 1160    445     1.81081    -0.86013     9.77836
 1161    445     1.81986    -0.86013     9.77836
 1162    445     1.82891    -0.86013     9.77836
 1874    445     8.27539    -0.86013     9.77836
 1875    445     8.28444    -0.86013     9.77836
 1876    445     8.29349    -0.86013     9.77836
 1877    445     8.30255    -0.86013     9.77836
 1878    445     8.31160    -0.86013     9.77836
 1879    445     8.32066    -0.86013     9.77836
 1880    445     8.32971    -0.86013     9.77836
 1881    445     8.33877    -0.86013     9.77836
 1882    445     8.34782    -0.86013     9.77836
 1883    445     8.35687    -0.86013     9.77836
 1884    445     8.36593    -0.86013     9.77836
 1885    445     8.37498    -0.86013     9.77836
 1886    445     8.38404    -0.86013     9.77836
 1887    445     8.39309    -0.86013     9.77836
 1134    446     1.56734    -0.84672     9.72831
 1135    446     1.57635    -0.84672     9.72831
 1136    446     1.58535    -0.84672     9.72831
 1137    446     1.59436    -0.84672     9.72831
 1138    446     1.60337    -0.84672     9.72831
 1139    446     1.61238    -0.84672     9.72831
 1157    446     1.77452    -0.84672     9.72831
 1158    446     1.78352    -0.84672     9.72831
 1159    446     1.79253    -0.84672     9.72831
 1160    446     1.80154    -0.84672     9.72831
 1161    446     1.81055    -0.84672     9.72831
 1162    446     1.81955    -0.84672     9.72831
 1163    446     1.82856    -0.84672     9.72831
 1874    446     8.23303    -0.84672     9.72831
 1875    446     8.24204    -0.84672     9.72831
 1876    446     8.25105    -0.84672     9.72831
 1877    446     8.26006    -0.84672     9.72831
 1878    446     8.26906    -0.84672     9.72831
 1879    446     8.27807    -0.84672     9.72831
 1880    446     8.28708    -0.84672     9.72831
 1881    446     8.29609    -0.84672     9.72831
 1882    446     8.30509    -0.84672     9.72831
 1883    446     8.31410    -0.84672     9.72831
 1884    446     8.32311    -0.84672     9.72831
 1885    446     8.33212    -0.84672     9.72831
 1886    446     8.34112    -0.84672     9.72831
 1887    446     8.35013    -0.84672     9.72831
 1888    446     8.35914    -0.84672     9.72831
 1889    446     8.36815    -0.84672     9.72831
 1134    447     1.55936    -0.83345     9.67877
 1135    447     1.56832    -0.83345     9.67877
 1136    447     1.57728    -0.83345     9.67877
 1137    447     1.58624    -0.83345     9.67877
 1138    447     1.59521    -0.83345     9.67877
 1139    447     1.60417    -0.83345     9.67877
 1140    447     1.61313    -0.83345     9.67877
 1158    447     1.77444    -0.83345     9.67877
 1159    447     1.78340    -0.83345     9.67877
 1160    447     1.79237    -0.83345     9.67877
 1161    447     1.80133    -0.83345     9.67877
 1162    447     1.81029    -0.83345     9.67877
 1163    447     1.81925    -0.83345     9.67877
 1873    447     8.18215    -0.83345     9.67877
 1874    447     8.19111    -0.83345     9.67877
 1875    447     8.20007    -0.83345     9.67877
 1876    447     8.20903    -0.83345     9.67877
 1877    447     8.21800    -0.83345     9.67877
 1880    447     8.24488    -0.83345     9.67877
 1881    447     8.25384    -0.83345     9.67877
 1882    447     8.26280    -0.83345     9.67877
 1883    447     8.27177    -0.83345     9.67877
 1884    447     8.28073    -0.83345     9.67877
 1885    447     8.28969    -0.83345     9.67877
 1886    447     8.29865    -0.83345     9.67877
 1887    447     8.30761    -0.83345     9.67877
 1888    447     8.31658    -0.83345     9.67877
 1889    447     8.32554    -0.83345     9.67877
 1890    447     8.33450    -0.83345     9.67877
 1891    447     8.34346    -0.83345     9.67877
 1135    448     1.56037    -0.82031     9.62974
 1136    448     1.56929    -0.82031     9.62974
 1137    448     1.57821    -0.82031     9.62974
 1138    448     1.58712    -0.82031     9.62974
 1139    448     1.59604    -0.82031     9.62974
 1140    448     1.60496    -0.82031     9.62974
 1158    448     1.76545    -0.82031     9.62974
 1159    448     1.77437    -0.82031     9.62974
 1160    448     1.78328    -0.82031     9.62974
 1161    448     1.79220    -0.82031     9.62974
 1162    448     1.80112    -0.82031     9.62974
 1163    448     1.81003    -0.82031     9.62974
 1164    448     1.81895    -0.82031     9.62974
 1874    448     8.14961    -0.82031     9.62974
 1875    448     8.15853    -0.82031     9.62974
 1876    448     8.16744    -0.82031     9.62974
 1877    448     8.17636    -0.82031     9.62974
 1878    448     8.18528    -0.82031     9.62974
 1879    448     8.19419    -0.82031     9.62974
 1880    448     8.20311    -0.82031     9.62974
 1887    448     8.26553    -0.82031     9.62974
 1888    448     8.27444    -0.82031     9.62974
 1889    448     8.28336    -0.82031     9.62974
 1890    448     8.29227    -0.82031     9.62974
 1891    448     8.30119    -0.82031     9.62974
 1892    448     8.31011    -0.82031     9.62974
 1135    449     1.55251    -0.80730     9.58120
 1136    449     1.56138    -0.80730     9.58120
 1137    449     1.57025    -0.80730     9.58120
 1138    449     1.57912    -0.80730     9.58120
 1139    449     1.58799    -0.80730     9.58120
 1140    449     1.59687    -0.80730     9.58120
 1141    449     1.60574    -0.80730     9.58120
 1159    449     1.76542    -0.80730     9.58120
 1160    449     1.77430    -0.80730     9.58120
 1161    449     1.78317    -0.80730     9.58120
 1162    449     1.79204    -0.80730     9.58120
 1163    449     1.80091    -0.80730     9.58120
 1164    449     1.80978    -0.80730     9.58120
 1875    449     8.11740    -0.80730     9.58120
 1876    449     8.12627    -0.80730     9.58120
 1877    449     8.13515    -0.80730     9.58120
 1878    449     8.14402    -0.80730     9.58120
 1879    449     8.15289    -0.80730     9.58120
 1880    449     8.16176    -0.80730     9.58120
 1881    449     8.17063    -0.80730     9.58120
 1882    449     8.17950    -0.80730     9.58120
 1883    449     8.18838    -0.80730     9.58120
 1884    449     8.19725    -0.80730     9.58120
 1885    449     8.20612    -0.80730     9.58120
 1886    449     8.21499    -0.80730     9.58120
 1887    449     8.22386    -0.80730     9.58120
 1888    449     8.23273    -0.80730     9.58120
 1889    449     8.24160    -0.80730     9.58120
 1890    449     8.25048    -0.80730     9.58120
 1891    449     8.25935    -0.80730     9.58120
 1892    449     8.26822    -0.80730     9.58120
 1893    449     8.27709    -0.80730     9.58120
 1135    450     1.54472    -0.79443     9.53314
 1136    450     1.55355    -0.79443     9.53314
 1137    450     1.56238    -0.79443     9.53314
 1138    450     1.57120    -0.79443     9.53314
 1139    450     1.58003    -0.79443     9.53314
 1140    450     1.58886    -0.79443     9.53314
 1141    450     1.59768    -0.79443     9.53314
 1160    450     1.76540    -0.79443     9.53314
 1161    450     1.77422    -0.79443     9.53314
 1162    450     1.78305    -0.79443     9.53314
 1163    450     1.79188    -0.79443     9.53314
 1164    450     1.80070    -0.79443     9.53314
 1165    450     1.80953    -0.79443     9.53314
 1877    450     8.09435    -0.79443     9.53314
 1878    450     8.10317    -0.79443     9.53314
 1879    450     8.11200    -0.79443     9.53314
 1880    450     8.12083    -0.79443     9.53314
 1881    450     8.12965    -0.79443     9.53314
 1882    450     8.13848    -0.79443     9.53314
 1883    450     8.14731    -0.79443     9.53314
 1884    450     8.15613    -0.79443     9.53314
 1885    450     8.16496    -0.79443     9.53314
 1886    450     8.17379    -0.79443     9.53314
 1887    450     8.18261    -0.79443     9.53314
 1888    450     8.19144    -0.79443     9.53314
 1890    450     8.20910    -0.79443     9.53314
 1891    450     8.21792    -0.79443     9.53314
 1892    450     8.22675    -0.79443     9.53314
 1893    450     8.23558    -0.79443     9.53314
 1894    450     8.24440    -0.79443     9.53314
 1895    450     8.25323    -0.79443     9.53314
 1136    451     1.54580    -0.78168     9.48557
 1137    451     1.55458    -0.78168     9.48557
 1138    451     1.56336    -0.78168     9.48557
 1139    451     1.57215    -0.78168     9.48557
 1140    451     1.58093    -0.78168     9.48557
 1141    451     1.58971    -0.78168     9.48557
 1142    451     1.59849    -0.78168     9.48557
 1160    451     1.75659    -0.78168     9.48557
 1161    451     1.76537    -0.78168     9.48557
 1162    451     1.77415    -0.78168     9.48557
 1163    451     1.78294    -0.78168     9.48557
 1164    451     1.79172    -0.78168     9.48557
 1165    451     1.80050    -0.78168     9.48557
 1166    451     1.80928    -0.78168     9.48557
 1880    451     8.08030    -0.78168     9.48557
 1881    451     8.08908    -0.78168     9.48557
 1882    451     8.09787    -0.78168     9.48557
 1883    451     8.10665    -0.78168     9.48557
 1884    451     8.11543    -0.78168     9.48557
 1885    451     8.12421    -0.78168     9.48557
 1886    451     8.13300    -0.78168     9.48557
 1887    451     8.14178    -0.78168     9.48557
 1888    451     8.15056    -0.78168     9.48557
 1889    451     8.15935    -0.78168     9.48557
 1891    451     8.17691    -0.78168     9.48557
 1892    451     8.18570    -0.78168     9.48557
 1893    451     8.19448    -0.78168     9.48557
 1894    451     8.20326    -0.78168     9.48557
 1895    451     8.21204    -0.78168     9.48557
 1896    451     8.22083    -0.78168     9.48557
 1897    451     8.22961    -0.78168     9.48557
 1898    451     8.23839    -0.78168     9.48557
 1137    452     1.54686    -0.76906     9.43847
 1138    452     1.55560    -0.76906     9.43847
 1139    452     1.56434    -0.76906     9.43847
 1140    452     1.57308    -0.76906     9.43847
 1141    452     1.58182    -0.76906     9.43847
 1142    452     1.59056    -0.76906     9.43847
 1161    452     1.75660    -0.76906     9.43847
 1162    452     1.76534    -0.76906     9.43847
 1163    452     1.77408    -0.76906     9.43847
 1164    452     1.78282    -0.76906     9.43847
 1165    452     1.79156    -0.76906     9.43847
 1166    452     1.80030    -0.76906     9.43847
 1886    452     8.09261    -0.76906     9.43847
 1887    452     8.10135    -0.76906     9.43847
 1888    452     8.11009    -0.76906     9.43847
 1889    452     8.11883    -0.76906     9.43847
 1890    452     8.12757    -0.76906     9.43847
 1892    452     8.14505    -0.76906     9.43847
 1893    452     8.15379    -0.76906     9.43847
 1894    452     8.16253    -0.76906     9.43847
 1895    452     8.17127    -0.76906     9.43847
 1896    452     8.18001    -0.76906     9.43847
 1897    452     8.18874    -0.76906     9.43847
 1898    452     8.19748    -0.76906     9.43847
 1899    452     8.20622    -0.76906     9.43847
 1900    452     8.21496    -0.76906     9.43847
 1901    452     8.22370    -0.76906     9.43847
 1137    453     1.53922    -0.75656     9.39183
 1138    453     1.54791    -0.75656     9.39183
 1139    453     1.55661    -0.75656     9.39183
 1140    453     1.56531    -0.75656     9.39183
 1141    453     1.57400    -0.75656     9.39183
 1142    453     1.58270    -0.75656     9.39183
 1143    453     1.59139    -0.75656     9.39183
 1161    453     1.74792    -0.75656     9.39183
 1162    453     1.75662    -0.75656     9.39183
 1163    453     1.76532    -0.75656     9.39183
 1164    453     1.77401    -0.75656     9.39183
 1165    453     1.78271    -0.75656     9.39183
 1166    453     1.79140    -0.75656     9.39183
 1167    453     1.80010    -0.75656     9.39183
 1887    453     8.06132    -0.75656     9.39183
 1888    453     8.07002    -0.75656     9.39183
 1889    453     8.07871    -0.75656     9.39183
 1890    453     8.08741    -0.75656     9.39183
 1891    453     8.09611    -0.75656     9.39183
 1894    453     8.12220    -0.75656     9.39183
 1895    453     8.13089    -0.75656     9.39183
 1896    453     8.13959    -0.75656     9.39183
 1897    453     8.14828    -0.75656     9.39183
 1898    453     8.15698    -0.75656     9.39183
 1899    453     8.16568    -0.75656     9.39183
 1900    453     8.17437    -0.75656     9.39183
 1901    453     8.18307    -0.75656     9.39183
 1902    453     8.19176    -0.75656     9.39183
 1903    453     8.20046    -0.75656     9.39183
 1138    454     1.54030    -0.74419     9.34565
 1139    454     1.54896    -0.74419     9.34565
 1140    454     1.55761    -0.74419     9.34565
 1141    454     1.56626    -0.74419     9.34565
 1142    454     1.57492    -0.74419     9.34565
 1143    454     1.58357    -0.74419     9.34565
 1144    454     1.59222    -0.74419     9.34565
 1162    454     1.74798    -0.74419     9.34565
 1163    454     1.75664    -0.74419     9.34565
 1164    454     1.76529    -0.74419     9.34565
 1165    454     1.77394    -0.74419     9.34565
 1166    454     1.78260    -0.74419     9.34565
 1167    454     1.79125    -0.74419     9.34565
 1168    454     1.79990    -0.74419     9.34565
 1888    454     8.03034    -0.74419     9.34565
 1889    454     8.03899    -0.74419     9.34565
 1890    454     8.04765    -0.74419     9.34565
 1891    454     8.05630    -0.74419     9.34565
 1892    454     8.06495    -0.74419     9.34565
 1893    454     8.07361    -0.74419     9.34565
 1894    454     8.08226    -0.74419     9.34565
 1897    454     8.10822    -0.74419     9.34565
 1898    454     8.11687    -0.74419     9.34565
 1899    454     8.12553    -0.74419     9.34565
 1900    454     8.13418    -0.74419     9.34565
 1901    454     8.14283    -0.74419     9.34565
 1902    454     8.15149    -0.74419     9.34565
 1903    454     8.16014    -0.74419     9.34565
 1904    454     8.16879    -0.74419     9.34565
 1905    454     8.17745    -0.74419     9.34565
 1139    455     1.54138    -0.73194     9.29993
 1140    455     1.54999    -0.73194     9.29993
 1141    455     1.55860    -0.73194     9.29993
 1142    455     1.56721    -0.73194     9.29993
 1143    455     1.57582    -0.73194     9.29993
 1144    455     1.58443    -0.73194     9.29993
 1163    455     1.74804    -0.73194     9.29993
 1164    455     1.75665    -0.73194     9.29993
 1165    455     1.76526    -0.73194     9.29993
 1166    455     1.77388    -0.73194     9.29993
 1167    455     1.78249    -0.73194     9.29993
 1168    455     1.79110    -0.73194     9.29993
 1889    455     7.99966    -0.73194     9.29993
 1890    455     8.00827    -0.73194     9.29993
 1891    455     8.01688    -0.73194     9.29993
 1892    455     8.02549    -0.73194     9.29993
 1893    455     8.03410    -0.73194     9.29993
 1894    455     8.04272    -0.73194     9.29993
 1895    455     8.05133    -0.73194     9.29993
 1896    455     8.05994    -0.73194     9.29993
 1897    455     8.06855    -0.73194     9.29993
 1899    455     8.08577    -0.73194     9.29993
 1900    455     8.09438    -0.73194     9.29993
 1901    455     8.10299    -0.73194     9.29993
 1902    455     8.11160    -0.73194     9.29993
 1903    455     8.12022    -0.73194     9.29993
 1904    455     8.12883    -0.73194     9.29993
 1905    455     8.13744    -0.73194     9.29993
 1906    455     8.14605    -0.73194     9.29993
 1139    456     1.53387    -0.71981     9.25465
 1140    456     1.54244    -0.71981     9.25465
 1141    456     1.55101    -0.71981     9.25465
 1142    456     1.55958    -0.71981     9.25465
 1143    456     1.56815    -0.71981     9.25465
 1144    456     1.57672    -0.71981     9.25465
 1145    456     1.58529    -0.71981     9.25465
 1163    456     1.73953    -0.71981     9.25465
 1164    456     1.74810    -0.71981     9.25465
 1165    456     1.75667    -0.71981     9.25465
 1166    456     1.76524    -0.71981     9.25465
 1167    456     1.77381    -0.71981     9.25465
 1168    456     1.78238    -0.71981     9.25465
 1169    456     1.79095    -0.71981     9.25465
 1890    456     7.96928    -0.71981     9.25465
 1891    456     7.97785    -0.71981     9.25465
 1892    456     7.98642    -0.71981     9.25465
 1893    456     7.99499    -0.71981     9.25465
 1894    456     8.00356    -0.71981     9.25465
 1895    456     8.01213    -0.71981     9.25465
 1896    456     8.02069    -0.71981     9.25465
 1897    456     8.02926    -0.71981     9.25465
 1898    456     8.03783    -0.71981     9.25465
 1899    456     8.04640    -0.71981     9.25465
 1902    456     8.07211    -0.71981     9.25465
 1903    456     8.08068    -0.71981     9.25465
 1904    456     8.08925    -0.71981     9.25465
 1905    456     8.09782    -0.71981     9.25465
 1906    456     8.10639    -0.71981     9.25465
 1907    456     8.11496    -0.71981     9.25465
 1908    456     8.12352    -0.71981     9.25465
 1140    457     1.53497    -0.70779     9.20981
 1141    457     1.54350    -0.70779     9.20981
 1142    457     1.55202    -0.70779     9.20981
 1143    457     1.56055    -0.70779     9.20981
 1144    457     1.56908    -0.70779     9.20981
 1145    457     1.57761    -0.70779     9.20981
 1146    457     1.58613    -0.70779     9.20981
 1164    457     1.73963    -0.70779     9.20981
 1165    457     1.74816    -0.70779     9.20981
 1166    457     1.75669    -0.70779     9.20981
 1167    457     1.76521    -0.70779     9.20981
 1168    457     1.77374    -0.70779     9.20981
 1169    457     1.78227    -0.70779     9.20981
 1170    457     1.79080    -0.70779     9.20981
 1894    457     7.96478    -0.70779     9.20981
 1895    457     7.97330    -0.70779     9.20981
 1896    457     7.98183    -0.70779     9.20981
 1897    457     7.99036    -0.70779     9.20981
 1898    457     7.99889    -0.70779     9.20981
 1899    457     8.00741    -0.70779     9.20981
 1900    457     8.01594    -0.70779     9.20981
 1901    457     8.02447    -0.70779     9.20981
 1902    457     8.03300    -0.70779     9.20981
 1904    457     8.05005    -0.70779     9.20981
 1905    457     8.05858    -0.70779     9.20981
 1906    457     8.06711    -0.70779     9.20981
 1907    457     8.07564    -0.70779     9.20981
 1908    457     8.08416    -0.70779     9.20981
 1909    457     8.09269    -0.70779     9.20981
 1910    457     8.10122    -0.70779     9.20981
 1140    458     1.52757    -0.69589     9.16540
 1141    458     1.53605    -0.69589     9.16540
 1142    458     1.54454    -0.69589     9.16540
 1143    458     1.55303    -0.69589     9.16540
 1144    458     1.56151    -0.69589     9.16540
 1145    458     1.57000    -0.69589     9.16540
 1146    458     1.57849    -0.69589     9.16540
 1165    458     1.73973    -0.69589     9.16540
 1166    458     1.74821    -0.69589     9.16540
 1167    458     1.75670    -0.69589     9.16540
 1168    458     1.76519    -0.69589     9.16540
 1169    458     1.77367    -0.69589     9.16540
 1170    458     1.78216    -0.69589     9.16540
 1896    458     7.94334    -0.69589     9.16540
 1897    458     7.95183    -0.69589     9.16540
 1898    458     7.96032    -0.69589     9.16540
 1899    458     7.96880    -0.69589     9.16540
 1900    458     7.97729    -0.69589     9.16540
 1901    458     7.98578    -0.69589     9.16540
 1902    458     7.99426    -0.69589     9.16540
 1903    458     8.00275    -0.69589     9.16540
 1904    458     8.01124    -0.69589     9.16540
 1906    458     8.02821    -0.69589     9.16540
 1907    458     8.03670    -0.69589     9.16540
 1908    458     8.04518    -0.69589     9.16540
 1909    458     8.05367    -0.69589     9.16540
 1910    458     8.06215    -0.69589     9.16540
 1911    458     8.07064    -0.69589     9.16540
 1912    458     8.07913    -0.69589     9.16540
 1913    458     8.08761    -0.69589     9.16540
 1914    458     8.09610    -0.69589     9.16540
 1141    459     1.52868    -0.68411     9.12141
 1142    459     1.53713    -0.68411     9.12141
 1143    459     1.54557    -0.68411     9.12141
 1144    459     1.55402    -0.68411     9.12141
 1145    459     1.56246    -0.68411     9.12141
 1146    459     1.57091    -0.68411     9.12141
 1147    459     1.57936    -0.68411     9.12141
 1165    459     1.73138    -0.68411     9.12141
 1166    459     1.73983    -0.68411     9.12141
 1167    459     1.74827    -0.68411     9.12141
 1168    459     1.75672    -0.68411     9.12141
 1169    459     1.76516    -0.68411     9.12141
 1170    459     1.77361    -0.68411     9.12141
 1171    459     1.78205    -0.68411     9.12141
 1898    459     7.92212    -0.68411     9.12141
 1899    459     7.93056    -0.68411     9.12141
 1900    459     7.93901    -0.68411     9.12141
 1901    459     7.94745    -0.68411     9.12141
 1902    459     7.95590    -0.68411     9.12141
 1903    459     7.96435    -0.68411     9.12141
 1904    459     7.97279    -0.68411     9.12141
 1905    459     7.98124    -0.68411     9.12141
 1906    459     7.98968    -0.68411     9.12141
 1908    459     8.00657    -0.68411     9.12141
 1909    459     8.01502    -0.68411     9.12141
 1910    459     8.02347    -0.68411     9.12141
 1911    459     8.03191    -0.68411     9.12141
 1912    459     8.04036    -0.68411     9.12141
 1913    459     8.04880    -0.68411     9.12141
 1914    459     8.05725    -0.68411     9.12141
 1915    459     8.06569    -0.68411     9.12141
 1916    459     8.07414    -0.68411     9.12141
 1917    459     8.08259    -0.68411     9.12141
 1918    459     8.09103    -0.68411     9.12141
 1142    460     1.52979    -0.67243     9.07785
 1143    460     1.53819    -0.67243     9.07785
 1144    460     1.54660    -0.67243     9.07785
 1145    460     1.55500    -0.67243     9.07785
 1146    460     1.56341    -0.67243     9.07785
 1147    460     1.57181    -0.67243     9.07785
 1166    460     1.73152    -0.67243     9.07785
 1167    460     1.73992    -0.67243     9.07785
 1168    460     1.74833    -0.67243     9.07785
 1169    460     1.75673    -0.67243     9.07785
 1170    460     1.76514    -0.67243     9.07785
 1171    460     1.77354    -0.67243     9.07785
 1172    460     1.78195    -0.67243     9.07785
 1901    460     7.90950    -0.67243     9.07785
 1902    460     7.91790    -0.67243     9.07785
 1903    460     7.92631    -0.67243     9.07785
 1904    460     7.93471    -0.67243     9.07785
 1905    460     7.94312    -0.67243     9.07785
 1906    460     7.95153    -0.67243     9.07785
 1907    460     7.95993    -0.67243     9.07785
 1910    460     7.98515    -0.67243     9.07785
 1911    460     7.99355    -0.67243     9.07785
 1912    460     8.00196    -0.67243     9.07785
 1913    460     8.01036    -0.67243     9.07785
 1914    460     8.01877    -0.67243     9.07785
 1915    460     8.02717    -0.67243     9.07785
 1916    460     8.03558    -0.67243     9.07785
 1917    460     8.04398    -0.67243     9.07785
 1918    460     8.05239    -0.67243     9.07785
 1142    461     1.52251    -0.66087     9.03470
 1143    461     1.53088    -0.66087     9.03470
 1144    461     1.53925    -0.66087     9.03470
 1145    461     1.54761    -0.66087     9.03470
 1146    461     1.55598    -0.66087     9.03470
 1147    461     1.56434    -0.66087     9.03470
 1148    461     1.57271    -0.66087     9.03470
 1167    461     1.73165    -0.66087     9.03470
 1168    461     1.74002    -0.66087     9.03470
 1169    461     1.74838    -0.66087     9.03470
 1170    461     1.75675    -0.66087     9.03470
 1171    461     1.76511    -0.66087     9.03470
 1172    461     1.77348    -0.66087     9.03470
 1173    461     1.78184    -0.66087     9.03470
 1904    461     7.89700    -0.66087     9.03470
 1905    461     7.90536    -0.66087     9.03470
 1906    461     7.91373    -0.66087     9.03470
 1907    461     7.92210    -0.66087     9.03470
 1908    461     7.93046    -0.66087     9.03470
 1909    461     7.93883    -0.66087     9.03470
 1910    461     7.94719    -0.66087     9.03470
 1914    461     7.98065    -0.66087     9.03470
 1915    461     7.98902    -0.66087     9.03470
 1916    461     7.99738    -0.66087     9.03470
 1917    461     8.00575    -0.66087     9.03470
 1918    461     8.01412    -0.66087     9.03470
 1143    462     1.52364    -0.64942     8.99196
 1144    462     1.53196    -0.64942     8.99196
 1145    462     1.54029    -0.64942     8.99196
 1146    462     1.54862    -0.64942     8.99196
 1147    462     1.55694    -0.64942     8.99196
 1148    462     1.56527    -0.64942     8.99196
 1168    462     1.73179    -0.64942     8.99196
 1169    462     1.74011    -0.64942     8.99196
 1170    462     1.74844    -0.64942     8.99196
 1171    462     1.75676    -0.64942     8.99196
 1172    462     1.76509    -0.64942     8.99196
 1173    462     1.77341    -0.64942     8.99196
 1905    462     7.86797    -0.64942     8.99196
 1906    462     7.87629    -0.64942     8.99196
 1907    462     7.88462    -0.64942     8.99196
 1908    462     7.89294    -0.64942     8.99196
 1909    462     7.90127    -0.64942     8.99196
 1910    462     7.90960    -0.64942     8.99196
 1911    462     7.91792    -0.64942     8.99196
 1912    462     7.92625    -0.64942     8.99196
 1913    462     7.93457    -0.64942     8.99196
 1914    462     7.94290    -0.64942     8.99196
 1915    462     7.95123    -0.64942     8.99196
 1916    462     7.95955    -0.64942     8.99196
 1917    462     7.96788    -0.64942     8.99196
 1918    462     7.97620    -0.64942     8.99196
 1143    463     1.51646    -0.63808     8.94962
 1144    463     1.52475    -0.63808     8.94962
 1145    463     1.53304    -0.63808     8.94962
 1146    463     1.54132    -0.63808     8.94962
 1147    463     1.54961    -0.63808     8.94962
 1148    463     1.55790    -0.63808     8.94962
 1149    463     1.56618    -0.63808     8.94962
 1168    463     1.72363    -0.63808     8.94962
 1169    463     1.73192    -0.63808     8.94962
 1170    463     1.74020    -0.63808     8.94962
 1171    463     1.74849    -0.63808     8.94962
 1172    463     1.75678    -0.63808     8.94962
 1173    463     1.76506    -0.63808     8.94962
 1174    463     1.77335    -0.63808     8.94962
 1907    463     7.84749    -0.63808     8.94962
 1908    463     7.85578    -0.63808     8.94962
 1909    463     7.86407    -0.63808     8.94962
 1910    463     7.87235    -0.63808     8.94962
 1911    463     7.88064    -0.63808     8.94962
 1912    463     7.88893    -0.63808     8.94962
 1913    463     7.89721    -0.63808     8.94962
 1914    463     7.90550    -0.63808     8.94962
 1915    463     7.91379    -0.63808     8.94962
 1916    463     7.92207    -0.63808     8.94962
 1917    463     7.93036    -0.63808     8.94962
 1918    463     7.93865    -0.63808     8.94962
 1144    464     1.51761    -0.62684     8.90768
 1145    464     1.52585    -0.62684     8.90768
 1146    464     1.53410    -0.62684     8.90768
 1147    464     1.54235    -0.62684     8.90768
 1148    464     1.55060    -0.62684     8.90768
 1149    464     1.55884    -0.62684     8.90768
 1150    464     1.56709    -0.62684     8.90768
 1169    464     1.72380    -0.62684     8.90768
 1170    464     1.73205    -0.62684     8.90768
 1171    464     1.74030    -0.62684     8.90768
 1172    464     1.74855    -0.62684     8.90768
 1173    464     1.75679    -0.62684     8.90768
 1174    464     1.76504    -0.62684     8.90768
 1175    464     1.77329    -0.62684     8.90768
 1911    464     7.84371    -0.62684     8.90768
 1912    464     7.85196    -0.62684     8.90768
 1913    464     7.86021    -0.62684     8.90768
 1914    464     7.86845    -0.62684     8.90768
 1915    464     7.87670    -0.62684     8.90768
 1916    464     7.88495    -0.62684     8.90768
 1917    464     7.89320    -0.62684     8.90768
 1918    464     7.90144    -0.62684     8.90768
 1145    465     1.51874    -0.61570     8.86613
 1146    465     1.52695    -0.61570     8.86613
 1147    465     1.53515    -0.61570     8.86613
 1148    465     1.54336    -0.61570     8.86613
 1149    465     1.55157    -0.61570     8.86613
 1150    465     1.55978    -0.61570     8.86613
 1170    465     1.72397    -0.61570     8.86613
 1171    465     1.73218    -0.61570     8.86613
 1172    465     1.74039    -0.61570     8.86613
 1173    465     1.74860    -0.61570     8.86613
 1174    465     1.75681    -0.61570     8.86613
 1175    465     1.76502    -0.61570     8.86613
 1914    465     7.83175    -0.61570     8.86613
 1915    465     7.83996    -0.61570     8.86613
 1916    465     7.84817    -0.61570     8.86613
 1917    465     7.85638    -0.61570     8.86613
 1918    465     7.86459    -0.61570     8.86613
 1145    466     1.51168    -0.60467     8.82497
 1146    466     1.51986    -0.60467     8.82497
 1147    466     1.52803    -0.60467     8.82497
 1148    466     1.53620    -0.60467     8.82497
 1149    466     1.54437    -0.60467     8.82497
 1150    466     1.55254    -0.60467     8.82497
 1151    466     1.56071    -0.60467     8.82497
 1170    466     1.71597    -0.60467     8.82497
 1171    466     1.72414    -0.60467     8.82497
 1172    466     1.73231    -0.60467     8.82497
 1173    466     1.74048    -0.60467     8.82497
 1174    466     1.74865    -0.60467     8.82497
 1175    466     1.75682    -0.60467     8.82497
 1176    466     1.76499    -0.60467     8.82497
 1915    466     7.80356    -0.60467     8.82497
 1916    466     7.81173    -0.60467     8.82497
 1917    466     7.81990    -0.60467     8.82497
 1918    466     7.82807    -0.60467     8.82497
 1146    467     1.51283    -0.59375     8.78419
 1147    467     1.52097    -0.59375     8.78419
 1148    467     1.52910    -0.59375     8.78419
 1149    467     1.53723    -0.59375     8.78419
 1150    467     1.54537    -0.59375     8.78419
 1151    467     1.55350    -0.59375     8.78419
 1171    467     1.71617    -0.59375     8.78419
 1172    467     1.72430    -0.59375     8.78419
 1173    467     1.73244    -0.59375     8.78419
 1174    467     1.74057    -0.59375     8.78419
 1175    467     1.74870    -0.59375     8.78419
 1176    467     1.75684    -0.59375     8.78419
 1917    467     7.78376    -0.59375     8.78419
 1918    467     7.79190    -0.59375     8.78419
 1146    468     1.50587    -0.58292     8.74378
 1147    468     1.51397    -0.58292     8.74378
 1148    468     1.52206    -0.58292     8.74378
 1149    468     1.53016    -0.58292     8.74378
 1150    468     1.53826    -0.58292     8.74378
 1151    468     1.54635    -0.58292     8.74378
 1171    468     1.70827    -0.58292     8.74378
 1172    468     1.71637    -0.58292     8.74378
 1173    468     1.72447    -0.58292     8.74378
 1174    468     1.73256    -0.58292     8.74378
 1175    468     1.74066    -0.58292     8.74378
 1176    468     1.74876    -0.58292     8.74378
 1177    468     1.75685    -0.58292     8.74378
 1147    469     1.50704    -0.57219     8.70374
 1148    469     1.51510    -0.57219     8.70374
 1149    469     1.52315    -0.57219     8.70374
 1150    469     1.53121    -0.57219     8.70374
 1151    469     1.53927    -0.57219     8.70374
 1152    469     1.54733    -0.57219     8.70374
 1172    469     1.70851    -0.57219     8.70374
 1173    469     1.71657    -0.57219     8.70374
 1174    469     1.72463    -0.57219     8.70374
 1175    469     1.73269    -0.57219     8.70374
 1176    469     1.74075    -0.57219     8.70374
 1177    469     1.74881    -0.57219     8.70374
 1147    470     1.50017    -0.56156     8.66407
 1148    470     1.50819    -0.56156     8.66407
 1149    470     1.51621    -0.56156     8.66407
 1150    470     1.52423    -0.56156     8.66407
 1151    470     1.53226    -0.56156     8.66407
 1152    470     1.54028    -0.56156     8.66407
 1172    470     1.70072    -0.56156     8.66407
 1173    470     1.70875    -0.56156     8.66407
 1174    470     1.71677    -0.56156     8.66407
 1175    470     1.72479    -0.56156     8.66407
 1176    470     1.73281    -0.56156     8.66407
 1177    470     1.74084    -0.56156     8.66407
 1178    470     1.74886    -0.56156     8.66407
 1147    471     1.49336    -0.55103     8.62475
 1148    471     1.50135    -0.55103     8.62475
 1149    471     1.50933    -0.55103     8.62475
 1150    471     1.51732    -0.55103     8.62475
 1151    471     1.52530    -0.55103     8.62475
 1152    471     1.53329    -0.55103     8.62475
 1153    471     1.54128    -0.55103     8.62475
 1173    471     1.70099    -0.55103     8.62475
 1174    471     1.70898    -0.55103     8.62475
 1175    471     1.71696    -0.55103     8.62475
 1176    471     1.72495    -0.55103     8.62475
 1177    471     1.73294    -0.55103     8.62475
 1178    471     1.74092    -0.55103     8.62475
 1179    471     1.74891    -0.55103     8.62475
 1148    472     1.49456    -0.54059     8.58579
 1149    472     1.50251    -0.54059     8.58579
 1150    472     1.51046    -0.54059     8.58579
 1151    472     1.51841    -0.54059     8.58579
 1152    472     1.52636    -0.54059     8.58579
 1153    472     1.53431    -0.54059     8.58579
 1154    472     1.54226    -0.54059     8.58579
 1174    472     1.70126    -0.54059     8.58579
 1175    472     1.70921    -0.54059     8.58579
 1176    472     1.71716    -0.54059     8.58579
 1177    472     1.72511    -0.54059     8.58579
 1178    472     1.73306    -0.54059     8.58579
 1179    472     1.74101    -0.54059     8.58579
 1180    472     1.74896    -0.54059     8.58579
 1149    473     1.49576    -0.53024     8.54719
 1150    473     1.50367    -0.53024     8.54719
 1151    473     1.51159    -0.53024     8.54719
 1152    473     1.51950    -0.53024     8.54719
 1153    473     1.52741    -0.53024     8.54719
 1154    473     1.53533    -0.53024     8.54719
 1155    473     1.54324    -0.53024     8.54719
 1174    473     1.69361    -0.53024     8.54719
 1175    473     1.70152    -0.53024     8.54719
 1176    473     1.70944    -0.53024     8.54719
 1177    473     1.71735    -0.53024     8.54719
 1178    473     1.72527    -0.53024     8.54719
 1179    473     1.73318    -0.53024     8.54719
 1180    473     1.74109    -0.53024     8.54719
 1149    474     1.48906    -0.51999     8.50892
 1150    474     1.49694    -0.51999     8.50892
 1151    474     1.50482    -0.51999     8.50892
 1152    474     1.51270    -0.51999     8.50892
 1153    474     1.52058    -0.51999     8.50892
 1154    474     1.52845    -0.51999     8.50892
 1155    474     1.53633    -0.51999     8.50892
 1156    474     1.54421    -0.51999     8.50892
 1175    474     1.69391    -0.51999     8.50892
 1176    474     1.70178    -0.51999     8.50892
 1177    474     1.70966    -0.51999     8.50892
 1178    474     1.71754    -0.51999     8.50892
 1179    474     1.72542    -0.51999     8.50892
 1180    474     1.73330    -0.51999     8.50892
 1181    474     1.74118    -0.51999     8.50892
 1150    475     1.49027    -0.50983     8.47100
 1151    475     1.49811    -0.50983     8.47100
 1152    475     1.50596    -0.50983     8.47100
 1153    475     1.51380    -0.50983     8.47100
 1154    475     1.52164    -0.50983     8.47100
 1155    475     1.52949    -0.50983     8.47100
 1156    475     1.53733    -0.50983     8.47100
 1176    475     1.69420    -0.50983     8.47100
 1177    475     1.70204    -0.50983     8.47100
 1178    475     1.70989    -0.50983     8.47100
 1179    475     1.71773    -0.50983     8.47100
 1180    475     1.72557    -0.50983     8.47100
 1181    475     1.73342    -0.50983     8.47100
 1151    476     1.49147    -0.49976     8.43342
 1152    476     1.49927    -0.49976     8.43342
 1153    476     1.50708    -0.49976     8.43342
 1154    476     1.51489    -0.49976     8.43342
 1155    476     1.52270    -0.49976     8.43342
 1156    476     1.53051    -0.49976     8.43342
 1157    476     1.53832    -0.49976     8.43342
 1176    476     1.68668    -0.49976     8.43342
 1177    476     1.69449    -0.49976     8.43342
 1178    476     1.70230    -0.49976     8.43342
 1179    476     1.71011    -0.49976     8.43342
 1180    476     1.71792    -0.49976     8.43342
 1181    476     1.72573    -0.49976     8.43342
 1182    476     1.73354    -0.49976     8.43342
 1152    477     1.49265    -0.48978     8.39617
 1153    477     1.50043    -0.48978     8.39617
 1154    477     1.50820    -0.48978     8.39617
 1155    477     1.51597    -0.48978     8.39617
 1156    477     1.52375    -0.48978     8.39617
 1157    477     1.53152    -0.48978     8.39617
 1177    477     1.68701    -0.48978     8.39617
 1178    477     1.69478    -0.48978     8.39617
 1179    477     1.70256    -0.48978     8.39617
 1180    477     1.71033    -0.48978     8.39617
 1181    477     1.71810    -0.48978     8.39617
 1182    477     1.72588    -0.48978     8.39617
 1152    478     1.48609    -0.47988     8.35924
 1153    478     1.49383    -0.47988     8.35924
 1154    478     1.50157    -0.47988     8.35924
 1155    478     1.50931    -0.47988     8.35924
 1156    478     1.51705    -0.47988     8.35924
 1157    478     1.52479    -0.47988     8.35924
 1158    478     1.53253    -0.47988     8.35924
 1178    478     1.68733    -0.47988     8.35924
 1179    478     1.69507    -0.47988     8.35924
 1180    478     1.70281    -0.47988     8.35924
 1181    478     1.71055    -0.47988     8.35924
 1182    478     1.71829    -0.47988     8.35924
 1183    478     1.72603    -0.47988     8.35924
 1153    479     1.48729    -0.47008     8.32264
 1154    479     1.49499    -0.47008     8.32264
 1155    479     1.50270    -0.47008     8.32264
 1156    479     1.51040    -0.47008     8.32264
 1157    479     1.51811    -0.47008     8.32264
 1158    479     1.52582    -0.47008     8.32264
 1178    479     1.67994    -0.47008     8.32264
 1179    479     1.68765    -0.47008     8.32264
 1180    479     1.69535    -0.47008     8.32264
 1181    479     1.70306    -0.47008     8.32264
 1182    479     1.71076    -0.47008     8.32264
 1183    479     1.71847    -0.47008     8.32264
 1184    479     1.72618    -0.47008     8.32264
 1153    480     1.48080    -0.46035     8.28636
 1154    480     1.48848    -0.46035     8.28636
 1155    480     1.49615    -0.46035     8.28636
 1156    480     1.50382    -0.46035     8.28636
 1157    480     1.51149    -0.46035     8.28636
 1158    480     1.51917    -0.46035     8.28636
 1159    480     1.52684    -0.46035     8.28636
 1179    480     1.68029    -0.46035     8.28636
 1180    480     1.68796    -0.46035     8.28636
 1181    480     1.69563    -0.46035     8.28636
 1182    480     1.70331    -0.46035     8.28636
 1183    480     1.71098    -0.46035     8.28636
 1184    480     1.71865    -0.46035     8.28636
 1154    481     1.48201    -0.45072     8.25039
 1155    481     1.48965    -0.45072     8.25039
 1156    481     1.49729    -0.45072     8.25039
 1157    481     1.50493    -0.45072     8.25039
 1158    481     1.51257    -0.45072     8.25039
 1159    481     1.52021    -0.45072     8.25039
 1160    481     1.52785    -0.45072     8.25039
 1180    481     1.68063    -0.45072     8.25039
 1181    481     1.68827    -0.45072     8.25039
 1182    481     1.69591    -0.45072     8.25039
 1183    481     1.70355    -0.45072     8.25039
 1184    481     1.71119    -0.45072     8.25039
 1185    481     1.71883    -0.45072     8.25039
 1155    482     1.48322    -0.44116     8.21473
 1156    482     1.49082    -0.44116     8.21473
 1157    482     1.49843    -0.44116     8.21473
 1158    482     1.50603    -0.44116     8.21473
 1159    482     1.51364    -0.44116     8.21473
 1160    482     1.52125    -0.44116     8.21473
 1180    482     1.67337    -0.44116     8.21473
 1181    482     1.68098    -0.44116     8.21473
 1182    482     1.68858    -0.44116     8.21473
 1183    482     1.69619    -0.44116     8.21473
 1184    482     1.70380    -0.44116     8.21473
 1185    482     1.71140    -0.44116     8.21473
 1186    482     1.71901    -0.44116     8.21473
 1155    483     1.47683    -0.43169     8.17938
 1156    483     1.48441    -0.43169     8.17938
 1157    483     1.49198    -0.43169     8.17938
 1158    483     1.49955    -0.43169     8.17938
 1159    483     1.50713    -0.43169     8.17938
 1160    483     1.51470    -0.43169     8.17938
 1161    483     1.52227    -0.43169     8.17938
 1181    483     1.67374    -0.43169     8.17938
 1182    483     1.68132    -0.43169     8.17938
 1183    483     1.68889    -0.43169     8.17938
 1184    483     1.69646    -0.43169     8.17938
 1185    483     1.70404    -0.43169     8.17938
 1186    483     1.71161    -0.43169     8.17938
 1156    484     1.47805    -0.42230     8.14434
 1157    484     1.48559    -0.42230     8.14434
 1158    484     1.49313    -0.42230     8.14434
 1159    484     1.50067    -0.42230     8.14434
 1160    484     1.50821    -0.42230     8.14434
 1161    484     1.51575    -0.42230     8.14434
 1182    484     1.67411    -0.42230     8.14434
 1183    484     1.68165    -0.42230     8.14434
 1184    484     1.68920    -0.42230     8.14434
 1185    484     1.69674    -0.42230     8.14434
 1186    484     1.70428    -0.42230     8.14434
 1187    484     1.71182    -0.42230     8.14434
 1156    485     1.47174    -0.41299     8.10959
 1157    485     1.47925    -0.41299     8.10959
 1158    485     1.48676    -0.41299     8.10959
 1159    485     1.49427    -0.41299     8.10959
 1160    485     1.50178    -0.41299     8.10959
 1161    485     1.50928    -0.41299     8.10959
 1162    485     1.51679    -0.41299     8.10959
 1182    485     1.66697    -0.41299     8.10959
 1183    485     1.67448    -0.41299     8.10959
 1184    485     1.68199    -0.41299     8.10959
 1185    485     1.68950    -0.41299     8.10959
 1186    485     1.69701    -0.41299     8.10959
 1187    485     1.70452    -0.41299     8.10959
 1188    485     1.71202    -0.41299     8.10959
 1157    486     1.47296    -0.40376     8.07514
 1158    486     1.48044    -0.40376     8.07514
 1159    486     1.48792    -0.40376     8.07514
 1160    486     1.49540    -0.40376     8.07514
 1161    486     1.50287    -0.40376     8.07514
 1162    486     1.51035    -0.40376     8.07514
 1163    486     1.51783    -0.40376     8.07514
 1183    486     1.66737    -0.40376     8.07514
 1184    486     1.67484    -0.40376     8.07514
 1185    486     1.68232    -0.40376     8.07514
 1186    486     1.68980    -0.40376     8.07514
 1187    486     1.69727    -0.40376     8.07514
 1188    486     1.70475    -0.40376     8.07514
 1157    487     1.46673    -0.39460     8.04098
 1158    487     1.47418    -0.39460     8.04098
 1159    487     1.48162    -0.39460     8.04098
 1160    487     1.48907    -0.39460     8.04098
 1161    487     1.49651    -0.39460     8.04098
 1162    487     1.50396    -0.39460     8.04098
 1163    487     1.51141    -0.39460     8.04098
 1183    487     1.66031    -0.39460     8.04098
 1184    487     1.66776    -0.39460     8.04098
 1185    487     1.67520    -0.39460     8.04098
 1186    487     1.68265    -0.39460     8.04098
 1187    487     1.69009    -0.39460     8.04098
 1188    487     1.69754    -0.39460     8.04098
 1189    487     1.70498    -0.39460     8.04098
 1158    488     1.46797    -0.38553     8.00710
 1159    488     1.47538    -0.38553     8.00710
 1160    488     1.48280    -0.38553     8.00710
 1161    488     1.49021    -0.38553     8.00710
 1162    488     1.49762    -0.38553     8.00710
 1163    488     1.50504    -0.38553     8.00710
 1164    488     1.51245    -0.38553     8.00710
 1184    488     1.66073    -0.38553     8.00710
 1185    488     1.66815    -0.38553     8.00710
 1186    488     1.67556    -0.38553     8.00710
 1187    488     1.68297    -0.38553     8.00710
 1188    488     1.69039    -0.38553     8.00710
 1189    488     1.69780    -0.38553     8.00710
 1190    488     1.70522    -0.38553     8.00710
 1159    489     1.46919    -0.37653     7.97351
 1160    489     1.47658    -0.37653     7.97351
 1161    489     1.48396    -0.37653     7.97351
 1162    489     1.49134    -0.37653     7.97351
 1163    489     1.49873    -0.37653     7.97351
 1164    489     1.50611    -0.37653     7.97351
 1185    489     1.66115    -0.37653     7.97351
 1186    489     1.66853    -0.37653     7.97351
 1187    489     1.67591    -0.37653     7.97351
 1188    489     1.68330    -0.37653     7.97351
 1189    489     1.69068    -0.37653     7.97351
 1190    489     1.69806    -0.37653     7.97351
 1160    490     1.47041    -0.36760     7.94021
 1161    490     1.47776    -0.36760     7.94021
 1162    490     1.48511    -0.36760     7.94021
 1163    490     1.49246    -0.36760     7.94021
 1164    490     1.49982    -0.36760     7.94021
 1165    490     1.50717    -0.36760     7.94021
 1186    490     1.66156    -0.36760     7.94021
 1187    490     1.66891    -0.36760     7.94021
 1188    490     1.67627    -0.36760     7.94021
 1189    490     1.68362    -0.36760     7.94021
 1190    490     1.69097    -0.36760     7.94021
 1191    490     1.69832    -0.36760     7.94021
 1160    491     1.46429    -0.35875     7.90717
 1161    491     1.47161    -0.35875     7.90717
 1162    491     1.47893    -0.35875     7.90717
 1163    491     1.48626    -0.35875     7.90717
 1164    491     1.49358    -0.35875     7.90717
 1165    491     1.50090    -0.35875     7.90717
 1166    491     1.50822    -0.35875     7.90717
 1186    491     1.65465    -0.35875     7.90717
 1187    491     1.66197    -0.35875     7.90717
 1188    491     1.66929    -0.35875     7.90717
 1189    491     1.67661    -0.35875     7.90717
 1190    491     1.68394    -0.35875     7.90717
 1191    491     1.69126    -0.35875     7.90717
 1192    491     1.69858    -0.35875     7.90717
 1161    492     1.46552    -0.34997     7.87442
 1162    492     1.47281    -0.34997     7.87442
 1163    492     1.48010    -0.34997     7.87442
 1164    492     1.48739    -0.34997     7.87442
 1165    492     1.49468    -0.34997     7.87442
 1166    492     1.50197    -0.34997     7.87442
 1187    492     1.65509    -0.34997     7.87442
 1188    492     1.66238    -0.34997     7.87442
 1189    492     1.66967    -0.34997     7.87442
 1190    492     1.67696    -0.34997     7.87442
 1191    492     1.68425    -0.34997     7.87442
 1192    492     1.69154    -0.34997     7.87442
 1161    493     1.45947    -0.34127     7.84193
 1162    493     1.46673    -0.34127     7.84193
 1163    493     1.47399    -0.34127     7.84193
 1164    493     1.48125    -0.34127     7.84193
 1165    493     1.48851    -0.34127     7.84193
 1166    493     1.49578    -0.34127     7.84193
 1167    493     1.50304    -0.34127     7.84193
 1187    493     1.64826    -0.34127     7.84193
 1188    493     1.65552    -0.34127     7.84193
 1189    493     1.66278    -0.34127     7.84193
 1190    493     1.67004    -0.34127     7.84193
 1191    493     1.67730    -0.34127     7.84193
 1192    493     1.68456    -0.34127     7.84193
 1193    493     1.69182    -0.34127     7.84193
 1162    494     1.46070    -0.33264     7.80971
 1163    494     1.46794    -0.33264     7.80971
 1164    494     1.47517    -0.33264     7.80971
 1165    494     1.48240    -0.33264     7.80971
 1166    494     1.48963    -0.33264     7.80971
 1167    494     1.49686    -0.33264     7.80971
 1168    494     1.50409    -0.33264     7.80971
 1188    494     1.64872    -0.33264     7.80971
 1189    494     1.65595    -0.33264     7.80971
 1190    494     1.66318    -0.33264     7.80971
 1191    494     1.67041    -0.33264     7.80971
 1192    494     1.67764    -0.33264     7.80971
 1193    494     1.68487    -0.33264     7.80971
 1194    494     1.69210    -0.33264     7.80971
 1163    495     1.46193    -0.32407     7.77775
 1164    495     1.46913    -0.32407     7.77775
 1165    495     1.47633    -0.32407     7.77775
 1166    495     1.48353    -0.32407     7.77775
 1167    495     1.49074    -0.32407     7.77775
 1168    495     1.49794    -0.32407     7.77775
 1189    495     1.64917    -0.32407     7.77775
 1190    495     1.65637    -0.32407     7.77775
 1191    495     1.66357    -0.32407     7.77775
 1192    495     1.67078    -0.32407     7.77775
 1193    495     1.67798    -0.32407     7.77775
 1194    495     1.68518    -0.32407     7.77775
 1163    496     1.45597    -0.31558     7.74606
 1164    496     1.46314    -0.31558     7.74606
 1165    496     1.47032    -0.31558     7.74606
 1166    496     1.47749    -0.31558     7.74606
 1167    496     1.48466    -0.31558     7.74606
 1168    496     1.49183    -0.31558     7.74606
 1169    496     1.49901    -0.31558     7.74606
 1189    496     1.64245    -0.31558     7.74606
 1190    496     1.64962    -0.31558     7.74606
 1191    496     1.65680    -0.31558     7.74606
 1192    496     1.66397    -0.31558     7.74606
 1193    496     1.67114    -0.31558     7.74606
 1194    496     1.67831    -0.31558     7.74606
 1195    496     1.68548    -0.31558     7.74606
 1164    497     1.45721    -0.30716     7.71462
 1165    497     1.46435    -0.30716     7.71462
 1166    497     1.47149    -0.30716     7.71462
 1167    497     1.47864    -0.30716     7.71462
 1168    497     1.48578    -0.30716     7.71462
 1169    497     1.49292    -0.30716     7.71462
 1190    497     1.64293    -0.30716     7.71462
 1191    497     1.65007    -0.30716     7.71462
 1192    497     1.65721    -0.30716     7.71462
 1193    497     1.66436    -0.30716     7.71462
 1194    497     1.67150    -0.30716     7.71462
 1195    497     1.67864    -0.30716     7.71462
 1196    497     1.68579    -0.30716     7.71462
 1164    498     1.45132    -0.29880     7.68343
 1165    498     1.45843    -0.29880     7.68343
 1166    498     1.46554    -0.29880     7.68343
 1167    498     1.47266    -0.29880     7.68343
 1168    498     1.47977    -0.29880     7.68343
 1169    498     1.48689    -0.29880     7.68343
 1170    498     1.49400    -0.29880     7.68343
 1191    498     1.64340    -0.29880     7.68343
 1192    498     1.65052    -0.29880     7.68343
 1193    498     1.65763    -0.29880     7.68343
 1194    498     1.66474    -0.29880     7.68343
 1195    498     1.67186    -0.29880     7.68343
 1196    498     1.67897    -0.29880     7.68343
 1165    499     1.45256    -0.29051     7.65250
 1166    499     1.45964    -0.29051     7.65250
 1167    499     1.46673    -0.29051     7.65250
 1168    499     1.47381    -0.29051     7.65250
 1169    499     1.48090    -0.29051     7.65250
 1170    499     1.48799    -0.29051     7.65250
 1171    499     1.49507    -0.29051     7.65250
 1191    499     1.63678    -0.29051     7.65250
 1192    499     1.64387    -0.29051     7.65250
 1193    499     1.65096    -0.29051     7.65250
 1194    499     1.65804    -0.29051     7.65250
 1195    499     1.66513    -0.29051     7.65250
 1196    499     1.67221    -0.29051     7.65250
 1197    499     1.67930    -0.29051     7.65250
 1166    500     1.45379    -0.28229     7.62181
 1167    500     1.46085    -0.28229     7.62181
 1168    500     1.46790    -0.28229     7.62181
 1169    500     1.47496    -0.28229     7.62181
 1170    500     1.48202    -0.28229     7.62181
 1171    500     1.48908    -0.28229     7.62181
 1192    500     1.63728    -0.28229     7.62181
 1193    500     1.64434    -0.28229     7.62181
 1194    500     1.65139    -0.28229     7.62181
 1195    500     1.65845    -0.28229     7.62181
 1196    500     1.66551    -0.28229     7.62181
 1197    500     1.67256    -0.28229     7.62181
 1198    500     1.67962    -0.28229     7.62181
 1166    501     1.44798    -0.27413     7.59137
 1167    501     1.45501    -0.27413     7.59137
 1168    501     1.46204    -0.27413     7.59137
 1169    501     1.46907    -0.27413     7.59137
 1170    501     1.47610    -0.27413     7.59137
 1171    501     1.48313    -0.27413     7.59137
 1172    501     1.49016    -0.27413     7.59137
 1193    501     1.63777    -0.27413     7.59137
 1194    501     1.64480    -0.27413     7.59137
 1195    501     1.65183    -0.27413     7.59137
 1196    501     1.65886    -0.27413     7.59137
 1197    501     1.66588    -0.27413     7.59137
 1198    501     1.67291    -0.27413     7.59137
 1199    501     1.67994    -0.27413     7.59137
 1167    502     1.44923    -0.26604     7.56118
 1168    502     1.45623    -0.26604     7.56118
 1169    502     1.46323    -0.26604     7.56118
 1170    502     1.47023    -0.26604     7.56118
 1171    502     1.47723    -0.26604     7.56118
 1172    502     1.48423    -0.26604     7.56118
 1173    502     1.49123    -0.26604     7.56118
 1194    502     1.63825    -0.26604     7.56118
 1195    502     1.64526    -0.26604     7.56118
 1196    502     1.65226    -0.26604     7.56118
 1197    502     1.65926    -0.26604     7.56118
 1198    502     1.66626    -0.26604     7.56118
 1199    502     1.67326    -0.26604     7.56118
 1200    502     1.68026    -0.26604     7.56118
 1168    503     1.45046    -0.25801     7.53122
 1169    503     1.45743    -0.25801     7.53122
 1170    503     1.46440    -0.25801     7.53122
 1171    503     1.47138    -0.25801     7.53122
 1172    503     1.47835    -0.25801     7.53122
 1173    503     1.48532    -0.25801     7.53122
 1194    503     1.63176    -0.25801     7.53122
 1195    503     1.63874    -0.25801     7.53122
 1196    503     1.64571    -0.25801     7.53122
 1197    503     1.65268    -0.25801     7.53122
 1198    503     1.65966    -0.25801     7.53122
 1199    503     1.66663    -0.25801     7.53122
 1200    503     1.67360    -0.25801     7.53122
 1168    504     1.44473    -0.25005     7.50149
 1169    504     1.45168    -0.25005     7.50149
 1170    504     1.45862    -0.25005     7.50149
 1171    504     1.46557    -0.25005     7.50149
 1172    504     1.47252    -0.25005     7.50149
 1173    504     1.47946    -0.25005     7.50149
 1174    504     1.48641    -0.25005     7.50149
 1195    504     1.63227    -0.25005     7.50149
 1196    504     1.63922    -0.25005     7.50149
 1197    504     1.64616    -0.25005     7.50149
 1198    504     1.65311    -0.25005     7.50149
 1199    504     1.66005    -0.25005     7.50149
 1200    504     1.66700    -0.25005     7.50149
 1201    504     1.67394    -0.25005     7.50149
 1169    505     1.44597    -0.24215     7.47201
 1170    505     1.45289    -0.24215     7.47201
 1171    505     1.45981    -0.24215     7.47201
 1172    505     1.46673    -0.24215     7.47201
 1173    505     1.47365    -0.24215     7.47201
 1174    505     1.48056    -0.24215     7.47201
 1196    505     1.63277    -0.24215     7.47201
 1197    505     1.63969    -0.24215     7.47201
 1198    505     1.64661    -0.24215     7.47201
 1199    505     1.65353    -0.24215     7.47201
 1200    505     1.66045    -0.24215     7.47201
 1201    505     1.66736    -0.24215     7.47201
 1169    506     1.44031    -0.23431     7.44275
 1170    506     1.44720    -0.23431     7.44275
 1171    506     1.45409    -0.23431     7.44275
 1172    506     1.46098    -0.23431     7.44275
 1173    506     1.46788    -0.23431     7.44275
 1174    506     1.47477    -0.23431     7.44275
 1196    506     1.62638    -0.23431     7.44275
 1197    506     1.63327    -0.23431     7.44275
 1198    506     1.64016    -0.23431     7.44275
 1199    506     1.64705    -0.23431     7.44275
 1200    506     1.65394    -0.23431     7.44275
 1201    506     1.66084    -0.23431     7.44275
 1202    506     1.66773    -0.23431     7.44275
 1170    507     1.44156    -0.22653     7.41372
 1171    507     1.44842    -0.22653     7.41372
 1172    507     1.45529    -0.22653     7.41372
 1173    507     1.46215    -0.22653     7.41372
 1174    507     1.46901    -0.22653     7.41372
 1175    507     1.47588    -0.22653     7.41372
 1197    507     1.62690    -0.22653     7.41372
 1198    507     1.63376    -0.22653     7.41372
 1199    507     1.64063    -0.22653     7.41372
 1200    507     1.64749    -0.22653     7.41372
 1201    507     1.65436    -0.22653     7.41372
 1202    507     1.66122    -0.22653     7.41372
 1170    508     1.43596    -0.21881     7.38491
 1171    508     1.44279    -0.21881     7.38491
 1172    508     1.44963    -0.21881     7.38491
 1173    508     1.45647    -0.21881     7.38491
 1174    508     1.46331    -0.21881     7.38491
 1175    508     1.47014    -0.21881     7.38491
 1176    508     1.47698    -0.21881     7.38491
 1197    508     1.62058    -0.21881     7.38491
 1198    508     1.62742    -0.21881     7.38491
 1199    508     1.63425    -0.21881     7.38491
 1200    508     1.64109    -0.21881     7.38491
 1201    508     1.64793    -0.21881     7.38491
 1202    508     1.65477    -0.21881     7.38491
 1203    508     1.66161    -0.21881     7.38491
 1171    509     1.43721    -0.21115     7.35633
 1172    509     1.44402    -0.21115     7.35633
 1173    509     1.45083    -0.21115     7.35633
 1174    509     1.45764    -0.21115     7.35633
 1175    509     1.46446    -0.21115     7.35633
 1176    509     1.47127    -0.21115     7.35633
 1198    509     1.62112    -0.21115     7.35633
 1199    509     1.62793    -0.21115     7.35633
 1200    509     1.63474    -0.21115     7.35633
 1201    509     1.64155    -0.21115     7.35633
 1202    509     1.64836    -0.21115     7.35633
 1203    509     1.65517    -0.21115     7.35633
 1171    510     1.43167    -0.20355     7.32797
 1172    510     1.43845    -0.20355     7.32797
 1173    510     1.44524    -0.20355     7.32797
 1174    510     1.45202    -0.20355     7.32797
 1175    510     1.45881    -0.20355     7.32797
 1176    510     1.46559    -0.20355     7.32797
 1177    510     1.47238    -0.20355     7.32797
 1199    510     1.62165    -0.20355     7.32797
 1200    510     1.62844    -0.20355     7.32797
 1201    510     1.63522    -0.20355     7.32797
 1202    510     1.64201    -0.20355     7.32797
 1203    510     1.64879    -0.20355     7.32797
 1204    510     1.65558    -0.20355     7.32797
 1172    511     1.43293    -0.19601     7.29983
 1173    511     1.43969    -0.19601     7.29983
 1174    511     1.44645    -0.19601     7.29983
 1175    511     1.45321    -0.19601     7.29983
 1176    511     1.45997    -0.19601     7.29983
 1177    511     1.46673    -0.19601     7.29983
 1178    511     1.47348    -0.19601     7.29983
 1199    511     1.61543    -0.19601     7.29983
 1200    511     1.62218    -0.19601     7.29983
 1201    511     1.62894    -0.19601     7.29983
 1202    511     1.63570    -0.19601     7.29983
 1203    511     1.64246    -0.19601     7.29983
 1204    511     1.64922    -0.19601     7.29983
 1205    511     1.65598    -0.19601     7.29983
 1173    512     1.43418    -0.18853     7.27190
 1174    512     1.44091    -0.18853     7.27190
 1175    512     1.44765    -0.18853     7.27190
 1176    512     1.45438    -0.18853     7.27190
 1177    512     1.46111    -0.18853     7.27190
 1178    512     1.46785    -0.18853     7.27190
 1200    512     1.61598    -0.18853     7.27190
 1201    512     1.62271    -0.18853     7.27190
 1202    512     1.62944    -0.18853     7.27190
 1203    512     1.63618    -0.18853     7.27190
 1204    512     1.64291    -0.18853     7.27190
 1205    512     1.64964    -0.18853     7.27190
 1206    512     1.65638    -0.18853     7.27190
 1173    513     1.42871    -0.18110     7.24419
 1174    513     1.43542    -0.18110     7.24419
 1175    513     1.44213    -0.18110     7.24419
 1176    513     1.44884    -0.18110     7.24419
 1177    513     1.45555    -0.18110     7.24419
 1178    513     1.46225    -0.18110     7.24419
 1179    513     1.46896    -0.18110     7.24419
 1201    513     1.61653    -0.18110     7.24419
 1202    513     1.62323    -0.18110     7.24419
 1203    513     1.62994    -0.18110     7.24419
 1204    513     1.63665    -0.18110     7.24419
 1205    513     1.64336    -0.18110     7.24419
 1206    513     1.65006    -0.18110     7.24419
 1207    513     1.65677    -0.18110     7.24419
 1174    514     1.42997    -0.17373     7.21668
 1175    514     1.43665    -0.17373     7.21668
 1176    514     1.44334    -0.17373     7.21668
 1177    514     1.45002    -0.17373     7.21668
 1178    514     1.45670    -0.17373     7.21668
 1179    514     1.46338    -0.17373     7.21668
 1180    514     1.47007    -0.17373     7.21668
 1202    514     1.61707    -0.17373     7.21668
 1203    514     1.62375    -0.17373     7.21668
 1204    514     1.63044    -0.17373     7.21668
 1205    514     1.63712    -0.17373     7.21668
 1206    514     1.64380    -0.17373     7.21668
 1207    514     1.65048    -0.17373     7.21668
 1175    515     1.43122    -0.16642     7.18939
 1176    515     1.43788    -0.16642     7.18939
 1177    515     1.44453    -0.16642     7.18939
 1178    515     1.45119    -0.16642     7.18939
 1179    515     1.45785    -0.16642     7.18939
 1180    515     1.46450    -0.16642     7.18939
 1202    515     1.61096    -0.16642     7.18939
 1203    515     1.61761    -0.16642     7.18939
 1204    515     1.62427    -0.16642     7.18939
 1205    515     1.63093    -0.16642     7.18939
 1206    515     1.63758    -0.16642     7.18939
 1207    515     1.64424    -0.16642     7.18939
 1208    515     1.65090    -0.16642     7.18939
 1175    516     1.42583    -0.15916     7.16230
 1176    516     1.43246    -0.15916     7.16230
 1177    516     1.43909    -0.15916     7.16230
 1178    516     1.44572    -0.15916     7.16230
 1179    516     1.45235    -0.15916     7.16230
 1180    516     1.45899    -0.15916     7.16230
 1181    516     1.46562    -0.15916     7.16230
 1203    516     1.61152    -0.15916     7.16230
 1204    516     1.61815    -0.15916     7.16230
 1205    516     1.62478    -0.15916     7.16230
 1206    516     1.63141    -0.15916     7.16230
 1207    516     1.63804    -0.15916     7.16230
 1208    516     1.64468    -0.15916     7.16230
 1176    517     1.42708    -0.15196     7.13541
 1177    517     1.43369    -0.15196     7.13541
 1178    517     1.44030    -0.15196     7.13541
 1179    517     1.44690    -0.15196     7.13541
 1180    517     1.45351    -0.15196     7.13541
 1181    517     1.46012    -0.15196     7.13541
 1204    517     1.61207    -0.15196     7.13541
 1205    517     1.61868    -0.15196     7.13541
 1206    517     1.62529    -0.15196     7.13541
 1207    517     1.63189    -0.15196     7.13541
 1208    517     1.63850    -0.15196     7.13541
 1209    517     1.64511    -0.15196     7.13541
 1177    518     1.42833    -0.14481     7.10872
 1178    518     1.43491    -0.14481     7.10872
 1179    518     1.44149    -0.14481     7.10872
 1180    518     1.44807    -0.14481     7.10872
 1181    518     1.45466    -0.14481     7.10872
 1182    518     1.46124    -0.14481     7.10872
 1204    518     1.60605    -0.14481     7.10872
 1205    518     1.61263    -0.14481     7.10872
 1206    518     1.61921    -0.14481     7.10872
 1207    518     1.62579    -0.14481     7.10872
 1208    518     1.63237    -0.14481     7.10872
 1209    518     1.63896    -0.14481     7.10872
 1177    519     1.42301    -0.13771     7.08224
 1178    519     1.42956    -0.13771     7.08224
 1179    519     1.43612    -0.13771     7.08224
 1180    519     1.44268    -0.13771     7.08224
 1181    519     1.44924    -0.13771     7.08224
 1182    519     1.45579    -0.13771     7.08224
 1183    519     1.46235    -0.13771     7.08224
 1205    519     1.60662    -0.13771     7.08224
 1206    519     1.61318    -0.13771     7.08224
 1207    519     1.61973    -0.13771     7.08224
 1208    519     1.62629    -0.13771     7.08224
 1209    519     1.63285    -0.13771     7.08224
 1210    519     1.63941    -0.13771     7.08224
 1178    520     1.42426    -0.13067     7.05595
 1179    520     1.43079    -0.13067     7.05595
 1180    520     1.43732    -0.13067     7.05595
 1181    520     1.44386    -0.13067     7.05595
 1182    520     1.45039    -0.13067     7.05595
 1183    520     1.45692    -0.13067     7.05595
 1205    520     1.60065    -0.13067     7.05595
 1206    520     1.60719    -0.13067     7.05595
 1207    520     1.61372    -0.13067     7.05595
 1208    520     1.62025    -0.13067     7.05595
 1209    520     1.62679    -0.13067     7.05595
 1210    520     1.63332    -0.13067     7.05595
 1211    520     1.63985    -0.13067     7.05595
 1178    521     1.41899    -0.12367     7.02985
 1179    521     1.42550    -0.12367     7.02985
 1180    521     1.43201    -0.12367     7.02985
 1181    521     1.43852    -0.12367     7.02985
 1182    521     1.44502    -0.12367     7.02985
 1183    521     1.45153    -0.12367     7.02985
 1184    521     1.45804    -0.12367     7.02985
 1206    521     1.60124    -0.12367     7.02985
 1207    521     1.60775    -0.12367     7.02985
 1208    521     1.61426    -0.12367     7.02985
 1209    521     1.62077    -0.12367     7.02985
 1210    521     1.62728    -0.12367     7.02985
 1211    521     1.63379    -0.12367     7.02985
 1179    522     1.42024    -0.11673     7.00395
 1180    522     1.42673    -0.11673     7.00395
 1181    522     1.43322    -0.11673     7.00395
 1182    522     1.43970    -0.11673     7.00395
 1183    522     1.44619    -0.11673     7.00395
 1184    522     1.45267    -0.11673     7.00395
 1207    522     1.60183    -0.11673     7.00395
 1208    522     1.60831    -0.11673     7.00395
 1209    522     1.61480    -0.11673     7.00395
 1210    522     1.62128    -0.11673     7.00395
 1211    522     1.62777    -0.11673     7.00395
 1212    522     1.63425    -0.11673     7.00395
 1180    523     1.42149    -0.10984     6.97823
 1181    523     1.42795    -0.10984     6.97823
 1182    523     1.43441    -0.10984     6.97823
 1183    523     1.44088    -0.10984     6.97823
 1184    523     1.44734    -0.10984     6.97823
 1185    523     1.45380    -0.10984     6.97823
 1207    523     1.59595    -0.10984     6.97823
 1208    523     1.60241    -0.10984     6.97823
 1209    523     1.60887    -0.10984     6.97823
 1210    523     1.61533    -0.10984     6.97823
 1211    523     1.62179    -0.10984     6.97823
 1212    523     1.62825    -0.10984     6.97823
 1180    524     1.41629    -0.10300     6.95271
 1181    524     1.42273    -0.10300     6.95271
 1182    524     1.42917    -0.10300     6.95271
 1183    524     1.43561    -0.10300     6.95271
 1184    524     1.44204    -0.10300     6.95271
 1185    524     1.44848    -0.10300     6.95271
 1186    524     1.45492    -0.10300     6.95271
 1208    524     1.59655    -0.10300     6.95271
 1209    524     1.60299    -0.10300     6.95271
 1210    524     1.60942    -0.10300     6.95271
 1211    524     1.61586    -0.10300     6.95271
 1212    524     1.62230    -0.10300     6.95271
 1213    524     1.62874    -0.10300     6.95271
 1181    525     1.41754    -0.09621     6.92737
 1182    525     1.42396    -0.09621     6.92737
 1183    525     1.43037    -0.09621     6.92737
 1184    525     1.43679    -0.09621     6.92737
 1185    525     1.44320    -0.09621     6.92737
 1186    525     1.44962    -0.09621     6.92737
 1208    525     1.59073    -0.09621     6.92737
 1209    525     1.59714    -0.09621     6.92737
 1210    525     1.60356    -0.09621     6.92737
 1211    525     1.60997    -0.09621     6.92737
 1212    525     1.61639    -0.09621     6.92737
 1213    525     1.62280    -0.09621     6.92737
 1214    525     1.62921    -0.09621     6.92737
 1181    526     1.41240    -0.08947     6.90221
 1182    526     1.41879    -0.08947     6.90221
 1183    526     1.42518    -0.08947     6.90221
 1184    526     1.43157    -0.08947     6.90221
 1185    526     1.43796    -0.08947     6.90221
 1186    526     1.44435    -0.08947     6.90221
 1187    526     1.45074    -0.08947     6.90221
 1209    526     1.59134    -0.08947     6.90221
 1210    526     1.59773    -0.08947     6.90221
 1211    526     1.60413    -0.08947     6.90221
 1212    526     1.61052    -0.08947     6.90221
 1213    526     1.61691    -0.08947     6.90221
 1214    526     1.62330    -0.08947     6.90221
 1182    527     1.41366    -0.08278     6.87724
 1183    527     1.42002    -0.08278     6.87724
 1184    527     1.42639    -0.08278     6.87724
 1185    527     1.43276    -0.08278     6.87724
 1186    527     1.43913    -0.08278     6.87724
 1187    527     1.44549    -0.08278     6.87724
 1209    527     1.58559    -0.08278     6.87724
 1210    527     1.59195    -0.08278     6.87724
 1211    527     1.59832    -0.08278     6.87724
 1212    527     1.60469    -0.08278     6.87724
 1213    527     1.61106    -0.08278     6.87724
 1214    527     1.61743    -0.08278     6.87724
 1215    527     1.62379    -0.08278     6.87724
 1182    528     1.40856    -0.07614     6.85245
 1183    528     1.41490    -0.07614     6.85245
 1184    528     1.42125    -0.07614     6.85245
 1185    528     1.42759    -0.07614     6.85245
 1186    528     1.43394    -0.07614     6.85245
 1187    528     1.44028    -0.07614     6.85245
 1188    528     1.44663    -0.07614     6.85245
 1210    528     1.58621    -0.07614     6.85245
 1211    528     1.59256    -0.07614     6.85245
 1212    528     1.59890    -0.07614     6.85245
 1213    528     1.60525    -0.07614     6.85245
 1214    528     1.61159    -0.07614     6.85245
 1215    528     1.61794    -0.07614     6.85245
 1216    528     1.62428    -0.07614     6.85245
 1183    529     1.40982    -0.06954     6.82783
 1184    529     1.41614    -0.06954     6.82783
 1185    529     1.42247    -0.06954     6.82783
 1186    529     1.42879    -0.06954     6.82783
 1187    529     1.43511    -0.06954     6.82783
 1188    529     1.44143    -0.06954     6.82783
 1210    529     1.58052    -0.06954     6.82783
 1211    529     1.58684    -0.06954     6.82783
 1212    529     1.59316    -0.06954     6.82783
 1213    529     1.59948    -0.06954     6.82783
 1214    529     1.60581    -0.06954     6.82783
 1215    529     1.61213    -0.06954     6.82783
 1216    529     1.61845    -0.06954     6.82783
 1217    529     1.62477    -0.06954     6.82783
 1183    530     1.40477    -0.06299     6.80339
 1184    530     1.41107    -0.06299     6.80339
 1185    530     1.41737    -0.06299     6.80339
 1186    530     1.42367    -0.06299     6.80339
 1187    530     1.42997    -0.06299     6.80339
 1188    530     1.43627    -0.06299     6.80339
 1189    530     1.44257    -0.06299     6.80339
 1211    530     1.58116    -0.06299     6.80339
 1212    530     1.58746    -0.06299     6.80339
 1213    530     1.59376    -0.06299     6.80339
 1214    530     1.60006    -0.06299     6.80339
 1215    530     1.60636    -0.06299     6.80339
 1216    530     1.61266    -0.06299     6.80339
 1217    530     1.61896    -0.06299     6.80339
 1184    531     1.40604    -0.05649     6.77913
 1185    531     1.41232    -0.05649     6.77913
 1186    531     1.41860    -0.05649     6.77913
 1187    531     1.42487    -0.05649     6.77913
 1188    531     1.43115    -0.05649     6.77913
 1189    531     1.43743    -0.05649     6.77913
 1190    531     1.44370    -0.05649     6.77913
 1212    531     1.58180    -0.05649     6.77913
 1213    531     1.58807    -0.05649     6.77913
 1214    531     1.59435    -0.05649     6.77913
 1215    531     1.60063    -0.05649     6.77913
 1216    531     1.60690    -0.05649     6.77913
 1217    531     1.61318    -0.05649     6.77913
 1218    531     1.61946    -0.05649     6.77913
 1185    532     1.40730    -0.05004     6.75504
 1186    532     1.41355    -0.05004     6.75504
 1187    532     1.41981    -0.05004     6.75504
 1188    532     1.42606    -0.05004     6.75504
 1189    532     1.43232    -0.05004     6.75504
 1190    532     1.43857    -0.05004     6.75504
 1213    532     1.58243    -0.05004     6.75504
 1214    532     1.58868    -0.05004     6.75504
 1215    532     1.59494    -0.05004     6.75504
 1216    532     1.60119    -0.05004     6.75504
 1217    532     1.60745    -0.05004     6.75504
 1218    532     1.61370    -0.05004     6.75504
 1219    532     1.61996    -0.05004     6.75504
 1185    533     1.40232    -0.04363     6.73112
 1186    533     1.40855    -0.04363     6.73112
 1187    533     1.41478    -0.04363     6.73112
 1188    533     1.42101    -0.04363     6.73112
 1189    533     1.42725    -0.04363     6.73112
 1190    533     1.43348    -0.04363     6.73112
 1191    533     1.43971    -0.04363     6.73112
 1214    533     1.58306    -0.04363     6.73112
 1215    533     1.58929    -0.04363     6.73112
 1216    533     1.59552    -0.04363     6.73112
 1217    533     1.60176    -0.04363     6.73112
 1218    533     1.60799    -0.04363     6.73112
 1219    533     1.61422    -0.04363     6.73112
 1186    534     1.40358    -0.03726     6.70736
 1187    534     1.40979    -0.03726     6.70736
 1188    534     1.41600    -0.03726     6.70736
 1189    534     1.42221    -0.03726     6.70736
 1190    534     1.42842    -0.03726     6.70736
 1191    534     1.43463    -0.03726     6.70736
 1192    534     1.44084    -0.03726     6.70736
 1214    534     1.57747    -0.03726     6.70736
 1215    534     1.58368    -0.03726     6.70736
 1216    534     1.58989    -0.03726     6.70736
 1217    534     1.59610    -0.03726     6.70736
 1218    534     1.60231    -0.03726     6.70736
 1219    534     1.60853    -0.03726     6.70736
 1220    534     1.61474    -0.03726     6.70736
 1187    535     1.40483    -0.03094     6.68378
 1188    535     1.41102    -0.03094     6.68378
 1189    535     1.41721    -0.03094     6.68378
 1190    535     1.42340    -0.03094     6.68378
 1191    535     1.42959    -0.03094     6.68378
 1192    535     1.43577    -0.03094     6.68378
 1215    535     1.57811    -0.03094     6.68378
 1216    535     1.58430    -0.03094     6.68378
 1217    535     1.59049    -0.03094     6.68378
 1218    535     1.59668    -0.03094     6.68378
 1219    535     1.60287    -0.03094     6.68378
 1220    535     1.60906    -0.03094     6.68378
 1187    536     1.39991    -0.02467     6.66036
 1188    536     1.40608    -0.02467     6.66036
 1189    536     1.41224    -0.02467     6.66036
 1190    536     1.41841    -0.02467     6.66036
 1191    536     1.42458    -0.02467     6.66036
 1192    536     1.43074    -0.02467     6.66036
 1193    536     1.43691    -0.02467     6.66036
 1215    536     1.57258    -0.02467     6.66036
 1216    536     1.57875    -0.02467     6.66036
 1217    536     1.58492    -0.02467     6.66036
 1218    536     1.59109    -0.02467     6.66036
 1219    536     1.59725    -0.02467     6.66036
 1220    536     1.60342    -0.02467     6.66036
 1221    536     1.60959    -0.02467     6.66036
 1188    537     1.40117    -0.01844     6.63710
 1189    537     1.40731    -0.01844     6.63710
 1190    537     1.41346    -0.01844     6.63710
 1191    537     1.41960    -0.01844     6.63710
 1192    537     1.42575    -0.01844     6.63710
 1193    537     1.43189    -0.01844     6.63710
 1216    537     1.57324    -0.01844     6.63710
 1217    537     1.57938    -0.01844     6.63710
 1218    537     1.58553    -0.01844     6.63710
 1219    537     1.59168    -0.01844     6.63710
 1220    537     1.59782    -0.01844     6.63710
 1221    537     1.60397    -0.01844     6.63710
 1222    537     1.61011    -0.01844     6.63710
 1189    538     1.40241    -0.01225     6.61401
 1190    538     1.40854    -0.01225     6.61401
 1191    538     1.41466    -0.01225     6.61401
 1192    538     1.42079    -0.01225     6.61401
 1193    538     1.42691    -0.01225     6.61401
 1194    538     1.43303    -0.01225     6.61401
 1217    538     1.57389    -0.01225     6.61401
 1218    538     1.58001    -0.01225     6.61401
 1219    538     1.58614    -0.01225     6.61401
 1220    538     1.59226    -0.01225     6.61401
 1221    538     1.59838    -0.01225     6.61401
 1222    538     1.60451    -0.01225     6.61401
 1189    539     1.39755    -0.00610     6.59107
 1190    539     1.40365    -0.00610     6.59107
 1191    539     1.40976    -0.00610     6.59107
 1192    539     1.41586    -0.00610     6.59107
 1193    539     1.42196    -0.00610     6.59107
 1194    539     1.42807    -0.00610     6.59107
 1195    539     1.43417    -0.00610     6.59107
 1217    539     1.56843    -0.00610     6.59107
 1218    539     1.57453    -0.00610     6.59107
 1219    539     1.58064    -0.00610     6.59107
 1220    539     1.58674    -0.00610     6.59107
 1221    539     1.59284    -0.00610     6.59107
 1222    539     1.59895    -0.00610     6.59107
 1223    539     1.60505    -0.00610     6.59107
 1190    540     1.39880     0.00000     6.56830
 1191    540     1.40489     0.00000     6.56830
 1192    540     1.41097     0.00000     6.56830
 1193    540     1.41705     0.00000     6.56830
 1194    540     1.42313     0.00000     6.56830
 1195    540     1.42921     0.00000     6.56830
 1218    540     1.56909     0.00000     6.56830
 1219    540     1.57517     0.00000     6.56830
 1220    540     1.58126     0.00000     6.56830
 1221    540     1.58734     0.00000     6.56830
 1222    540     1.59342     0.00000     6.56830
 1223    540     1.59950     0.00000     6.56830
 1224    540     1.60558     0.00000     6.56830
 1190    541     1.39399     0.00606     6.54568
 1191    541     1.40005     0.00606     6.54568
 1192    541     1.40611     0.00606     6.54568
 1193    541     1.41217     0.00606     6.54568
 1194    541     1.41823     0.00606     6.54568
 1195    541     1.42429     0.00606     6.54568
 1196    541     1.43035     0.00606     6.54568
 1219    541     1.56975     0.00606     6.54568
 1220    541     1.57581     0.00606     6.54568
 1221    541     1.58187     0.00606     6.54568
 1222    541     1.58793     0.00606     6.54568
 1223    541     1.59399     0.00606     6.54568
 1224    541     1.60005     0.00606     6.54568
 1191    542     1.39524     0.01208     6.52321
 1192    542     1.40128     0.01208     6.52321
 1193    542     1.40732     0.01208     6.52321
 1194    542     1.41336     0.01208     6.52321
 1195    542     1.41940     0.01208     6.52321
 1196    542     1.42544     0.01208     6.52321
 1219    542     1.56436     0.01208     6.52321
 1220    542     1.57040     0.01208     6.52321
 1221    542     1.57644     0.01208     6.52321
 1222    542     1.58248     0.01208     6.52321
 1223    542     1.58852     0.01208     6.52321
 1224    542     1.59456     0.01208     6.52321
 1225    542     1.60060     0.01208     6.52321
 1191    543     1.39047     0.01806     6.50090
 1192    543     1.39649     0.01806     6.50090
 1193    543     1.40251     0.01806     6.50090
 1194    543     1.40853     0.01806     6.50090
 1195    543     1.41455     0.01806     6.50090
 1196    543     1.42057     0.01806     6.50090
 1197    543     1.42659     0.01806     6.50090
 1220    543     1.56503     0.01806     6.50090
 1221    543     1.57105     0.01806     6.50090
 1222    543     1.57707     0.01806     6.50090
 1223    543     1.58309     0.01806     6.50090
 1224    543     1.58911     0.01806     6.50090
 1225    543     1.59513     0.01806     6.50090
 1192    544     1.39173     0.02400     6.47874
 1193    544     1.39773     0.02400     6.47874
 1194    544     1.40373     0.02400     6.47874
 1195    544     1.40973     0.02400     6.47874
 1196    544     1.41573     0.02400     6.47874
 1197    544     1.42172     0.02400     6.47874
 1198    544     1.42772     0.02400     6.47874
 1221    544     1.56570     0.02400     6.47874
 1222    544     1.57170     0.02400     6.47874
 1223    544     1.57769     0.02400     6.47874
 1224    544     1.58369     0.02400     6.47874
 1225    544     1.58969     0.02400     6.47874
 1226    544     1.59569     0.02400     6.47874
 1193    545     1.39298     0.02989     6.45674
 1194    545     1.39896     0.02989     6.45674
 1195    545     1.40494     0.02989     6.45674
 1196    545     1.41092     0.02989     6.45674
 1197    545     1.41689     0.02989     6.45674
 1198    545     1.42287     0.02989     6.45674
 1199    545     1.42885     0.02989     6.45674
 1221    545     1.56038     0.02989     6.45674
 1222    545     1.56636     0.02989     6.45674
 1223    545     1.57233     0.02989     6.45674
 1224    545     1.57831     0.02989     6.45674
 1225    545     1.58429     0.02989     6.45674
 1226    545     1.59027     0.02989     6.45674
 1227    545     1.59625     0.02989     6.45674
 1193    546     1.38827     0.03575     6.43488
 1194    546     1.39422     0.03575     6.43488
 1195    546     1.40018     0.03575     6.43488
 1196    546     1.40614     0.03575     6.43488
 1197    546     1.41210     0.03575     6.43488
 1198    546     1.41806     0.03575     6.43488
 1199    546     1.42401     0.03575     6.43488
 1222    546     1.56105     0.03575     6.43488
 1223    546     1.56701     0.03575     6.43488
 1224    546     1.57297     0.03575     6.43488
 1225    546     1.57893     0.03575     6.43488
 1226    546     1.58489     0.03575     6.43488
 1227    546     1.59084     0.03575     6.43488
 1194    547     1.38952     0.04157     6.41317
 1195    547     1.39546     0.04157     6.41317
 1196    547     1.40140     0.04157     6.41317
 1197    547     1.40733     0.04157     6.41317
 1198    547     1.41327     0.04157     6.41317
 1199    547     1.41921     0.04157     6.41317
 1200    547     1.42515     0.04157     6.41317
 1222    547     1.55579     0.04157     6.41317
 1223    547     1.56172     0.04157     6.41317
 1224    547     1.56766     0.04157     6.41317
 1225    547     1.57360     0.04157     6.41317
 1226    547     1.57954     0.04157     6.41317
 1227    547     1.58548     0.04157     6.41317
 1228    547     1.59142     0.04157     6.41317
 1195    548     1.39077     0.04735     6.39160
 1196    548     1.39668     0.04735     6.39160
 1197    548     1.40260     0.04735     6.39160
 1198    548     1.40852     0.04735     6.39160
 1199    548     1.41444     0.04735     6.39160
 1200    548     1.42036     0.04735     6.39160
 1201    548     1.42627     0.04735     6.39160
 1223    548     1.55647     0.04735     6.39160
 1224    548     1.56239     0.04735     6.39160
 1225    548     1.56831     0.04735     6.39160
 1226    548     1.57423     0.04735     6.39160
 1227    548     1.58015     0.04735     6.39160
 1228    548     1.58606     0.04735     6.39160
 1196    549     1.39200     0.05308     6.37018
 1197    549     1.39790     0.05308     6.37018
 1198    549     1.40380     0.05308     6.37018
 1199    549     1.40970     0.05308     6.37018
 1200    549     1.41560     0.05308     6.37018
 1201    549     1.42149     0.05308     6.37018
 1224    549     1.55716     0.05308     6.37018
 1225    549     1.56305     0.05308     6.37018
 1226    549     1.56895     0.05308     6.37018
 1227    549     1.57485     0.05308     6.37018
 1228    549     1.58075     0.05308     6.37018
 1229    549     1.58665     0.05308     6.37018
 1197    550     1.39323     0.05879     6.34890
 1198    550     1.39911     0.05879     6.34890
 1199    550     1.40499     0.05879     6.34890
 1200    550     1.41087     0.05879     6.34890
 1201    550     1.41675     0.05879     6.34890
 1202    550     1.42262     0.05879     6.34890
 1224    550     1.55195     0.05879     6.34890
 1225    550     1.55783     0.05879     6.34890
 1226    550     1.56371     0.05879     6.34890
 1227    550     1.56959     0.05879     6.34890
 1228    550     1.57547     0.05879     6.34890
 1229    550     1.58135     0.05879     6.34890
 1230    550     1.58723     0.05879     6.34890
 1197    551     1.38859     0.06445     6.32777
 1198    551     1.39445     0.06445     6.32777
 1199    551     1.40031     0.06445     6.32777
 1200    551     1.40617     0.06445     6.32777
 1201    551     1.41203     0.06445     6.32777
 1202    551     1.41789     0.06445     6.32777
 1225    551     1.55265     0.06445     6.32777
 1226    551     1.55851     0.06445     6.32777
 1227    551     1.56436     0.06445     6.32777
 1228    551     1.57022     0.06445     6.32777
 1229    551     1.57608     0.06445     6.32777
 1230    551     1.58194     0.06445     6.32777
 1198    552     1.38983     0.07008     6.30677
 1199    552     1.39567     0.07008     6.30677
 1200    552     1.40150     0.07008     6.30677
 1201    552     1.40734     0.07008     6.30677
 1202    552     1.41318     0.07008     6.30677
 1225    552     1.54749     0.07008     6.30677
 1226    552     1.55333     0.07008     6.30677
 1227    552     1.55917     0.07008     6.30677
 1228    552     1.56501     0.07008     6.30677
 1229    552     1.57085     0.07008     6.30677
 1230    552     1.57669     0.07008     6.30677
 1231    552     1.58253     0.07008     6.30677
 1198    553     1.38523     0.07566     6.28591
 1199    553     1.39105     0.07566     6.28591
 1200    553     1.39687     0.07566     6.28591
 1201    553     1.40269     0.07566     6.28591
 1202    553     1.40851     0.07566     6.28591
 1203    553     1.41433     0.07566     6.28591
 1226    553     1.54820     0.07566     6.28591
 1227    553     1.55402     0.07566     6.28591
 1228    553     1.55984     0.07566     6.28591
 1229    553     1.56566     0.07566     6.28591
 1230    553     1.57148     0.07566     6.28591
 1231    553     1.57730     0.07566     6.28591
 1232    553     1.58312     0.07566     6.28591
 1198    554     1.38066     0.08122     6.26520
 1199    554     1.38646     0.08122     6.26520
 1200    554     1.39227     0.08122     6.26520
 1201    554     1.39807     0.08122     6.26520
 1202    554     1.40387     0.08122     6.26520
 1203    554     1.40967     0.08122     6.26520
 1227    554     1.54890     0.08122     6.26520
 1228    554     1.55470     0.08122     6.26520
 1229    554     1.56050     0.08122     6.26520
 1230    554     1.56630     0.08122     6.26520
 1231    554     1.57210     0.08122     6.26520
 1232    554     1.57790     0.08122     6.26520
 1199    555     1.38191     0.08673     6.24461
 1200    555     1.38769     0.08673     6.24461
 1201    555     1.39347     0.08673     6.24461
 1202    555     1.39926     0.08673     6.24461
 1203    555     1.40504     0.08673     6.24461
 1204    555     1.41082     0.08673     6.24461
 1227    555     1.54381     0.08673     6.24461
 1228    555     1.54959     0.08673     6.24461
 1229    555     1.55537     0.08673     6.24461
 1230    555     1.56115     0.08673     6.24461
 1231    555     1.56694     0.08673     6.24461
 1232    555     1.57272     0.08673     6.24461
 1233    555     1.57850     0.08673     6.24461
 1199    556     1.37738     0.09221     6.22416
 1200    556     1.38315     0.09221     6.22416
 1201    556     1.38891     0.09221     6.22416
 1202    556     1.39467     0.09221     6.22416
 1203    556     1.40044     0.09221     6.22416
 1204    556     1.40620     0.09221     6.22416
 1205    556     1.41196     0.09221     6.22416
 1228    556     1.54451     0.09221     6.22416
 1229    556     1.55028     0.09221     6.22416
 1230    556     1.55604     0.09221     6.22416
 1231    556     1.56180     0.09221     6.22416
 1232    556     1.56757     0.09221     6.22416
 1233    556     1.57333     0.09221     6.22416
 1234    556     1.57909     0.09221     6.22416
 1199    557     1.37289     0.09765     6.20385
 1200    557     1.37863     0.09765     6.20385
 1201    557     1.38438     0.09765     6.20385
 1202    557     1.39012     0.09765     6.20385
 1203    557     1.39587     0.09765     6.20385
 1204    557     1.40161     0.09765     6.20385
 1205    557     1.40735     0.09765     6.20385
 1229    557     1.54522     0.09765     6.20385
 1230    557     1.55096     0.09765     6.20385
 1231    557     1.55671     0.09765     6.20385
 1232    557     1.56245     0.09765     6.20385
 1233    557     1.56820     0.09765     6.20385
 1234    557     1.57394     0.09765     6.20385
 1235    557     1.57968     0.09765     6.20385
 1200    558     1.37415     0.10306     6.18367
 1201    558     1.37987     0.10306     6.18367
 1202    558     1.38560     0.10306     6.18367
 1203    558     1.39132     0.10306     6.18367
 1204    558     1.39705     0.10306     6.18367
 1205    558     1.40278     0.10306     6.18367
 1206    558     1.40850     0.10306     6.18367
 1230    558     1.54592     0.10306     6.18367
 1231    558     1.55164     0.10306     6.18367
 1232    558     1.55737     0.10306     6.18367
 1233    558     1.56309     0.10306     6.18367
 1234    558     1.56882     0.10306     6.18367
 1235    558     1.57454     0.10306     6.18367
 1201    559     1.37540     0.10843     6.16361
 1202    559     1.38111     0.10843     6.16361
 1203    559     1.38681     0.10843     6.16361
 1204    559     1.39252     0.10843     6.16361
 1205    559     1.39823     0.10843     6.16361
 1206    559     1.40393     0.10843     6.16361
 1230    559     1.54090     0.10843     6.16361
 1231    559     1.54661     0.10843     6.16361
 1232    559     1.55232     0.10843     6.16361
 1233    559     1.55802     0.10843     6.16361
 1234    559     1.56373     0.10843     6.16361
 1235    559     1.56944     0.10843     6.16361
 1236    559     1.57515     0.10843     6.16361
 1202    560     1.37664     0.11377     6.14369
 1203    560     1.38233     0.11377     6.14369
 1204    560     1.38802     0.11377     6.14369
 1205    560     1.39371     0.11377     6.14369
 1206    560     1.39940     0.11377     6.14369
 1207    560     1.40509     0.11377     6.14369
 1231    560     1.54161     0.11377     6.14369
 1232    560     1.54730     0.11377     6.14369
 1233    560     1.55299     0.11377     6.14369
 1234    560     1.55868     0.11377     6.14369
 1235    560     1.56437     0.11377     6.14369
 1236    560     1.57005     0.11377     6.14369
 1237    560     1.57574     0.11377     6.14369
 1202    561     1.37221     0.11908     6.12390
 1203    561     1.37788     0.11908     6.12390
 1204    561     1.38355     0.11908     6.12390
 1205    561     1.38922     0.11908     6.12390
 1206    561     1.39489     0.11908     6.12390
 1207    561     1.40056     0.11908     6.12390
 1232    561     1.54232     0.11908     6.12390
 1233    561     1.54799     0.11908     6.12390
 1234    561     1.55366     0.11908     6.12390
 1235    561     1.55933     0.11908     6.12390
 1236    561     1.56500     0.11908     6.12390
 1237    561     1.57067     0.11908     6.12390
 1203    562     1.37345     0.12435     6.10423
 1204    562     1.37910     0.12435     6.10423
 1205    562     1.38476     0.12435     6.10423
 1206    562     1.39041     0.12435     6.10423
 1207    562     1.39606     0.12435     6.10423
 1208    562     1.40171     0.12435     6.10423
 1232    562     1.53736     0.12435     6.10423
 1233    562     1.54301     0.12435     6.10423
 1234    562     1.54867     0.12435     6.10423
 1235    562     1.55432     0.12435     6.10423
 1236    562     1.55997     0.12435     6.10423
 1237    562     1.56562     0.12435     6.10423
 1238    562     1.57127     0.12435     6.10423
 1203    563     1.36906     0.12958     6.08469
 1204    563     1.37469     0.12958     6.08469
 1205    563     1.38032     0.12958     6.08469
 1206    563     1.38596     0.12958     6.08469
 1207    563     1.39159     0.12958     6.08469
 1208    563     1.39723     0.12958     6.08469
 1209    563     1.40286     0.12958     6.08469
 1233    563     1.53807     0.12958     6.08469
 1234    563     1.54371     0.12958     6.08469
 1235    563     1.54934     0.12958     6.08469
 1236    563     1.55498     0.12958     6.08469
 1237    563     1.56061     0.12958     6.08469
 1238    563     1.56624     0.12958     6.08469
 1239    563     1.57188     0.12958     6.08469
 1204    564     1.37030     0.13478     6.06528
 1205    564     1.37592     0.13478     6.06528
 1206    564     1.38153     0.13478     6.06528
 1207    564     1.38715     0.13478     6.06528
 1208    564     1.39277     0.13478     6.06528
 1209    564     1.39838     0.13478     6.06528
 1210    564     1.40400     0.13478     6.06528
 1234    564     1.53878     0.13478     6.06528
 1235    564     1.54440     0.13478     6.06528
 1236    564     1.55001     0.13478     6.06528
 1237    564     1.55563     0.13478     6.06528
 1238    564     1.56125     0.13478     6.06528
 1239    564     1.56686     0.13478     6.06528
 1204    565     1.36594     0.13995     6.04598
 1205    565     1.37154     0.13995     6.04598
 1206    565     1.37714     0.13995     6.04598
 1207    565     1.38274     0.13995     6.04598
 1208    565     1.38834     0.13995     6.04598
 1209    565     1.39393     0.13995     6.04598
 1210    565     1.39953     0.13995     6.04598
 1234    565     1.53389     0.13995     6.04598
 1235    565     1.53949     0.13995     6.04598
 1236    565     1.54508     0.13995     6.04598
 1237    565     1.55068     0.13995     6.04598
 1238    565     1.55628     0.13995     6.04598
 1239    565     1.56188     0.13995     6.04598
 1240    565     1.56748     0.13995     6.04598
 1205    566     1.36719     0.14509     6.02681
 1206    566     1.37277     0.14509     6.02681
 1207    566     1.37835     0.14509     6.02681
 1208    566     1.38393     0.14509     6.02681
 1209    566     1.38952     0.14509     6.02681
 1210    566     1.39510     0.14509     6.02681
 1211    566     1.40068     0.14509     6.02681
 1235    566     1.53461     0.14509     6.02681
 1236    566     1.54019     0.14509     6.02681
 1237    566     1.54577     0.14509     6.02681
 1238    566     1.55135     0.14509     6.02681
 1239    566     1.55693     0.14509     6.02681
 1240    566     1.56251     0.14509     6.02681
 1206    567     1.36844     0.15019     6.00776
 1207    567     1.37400     0.15019     6.00776
 1208    567     1.37956     0.15019     6.00776
 1209    567     1.38512     0.15019     6.00776
 1210    567     1.39069     0.15019     6.00776
 1211    567     1.39625     0.15019     6.00776
 1212    567     1.40181     0.15019     6.00776
 1236    567     1.53532     0.15019     6.00776
 1237    567     1.54088     0.15019     6.00776
 1238    567     1.54644     0.15019     6.00776
 1239    567     1.55201     0.15019     6.00776
 1240    567     1.55757     0.15019     6.00776
 1241    567     1.56313     0.15019     6.00776
 1207    568     1.36967     0.15527     5.98883
 1208    568     1.37521     0.15527     5.98883
 1209    568     1.38076     0.15527     5.98883
 1210    568     1.38630     0.15527     5.98883
 1211    568     1.39185     0.15527     5.98883
 1212    568     1.39739     0.15527     5.98883
 1236    568     1.53048     0.15527     5.98883
 1237    568     1.53603     0.15527     5.98883
 1238    568     1.54157     0.15527     5.98883
 1239    568     1.54712     0.15527     5.98883
 1240    568     1.55266     0.15527     5.98883
 1241    568     1.55821     0.15527     5.98883
 1242    568     1.56375     0.15527     5.98883
 1207    569     1.36537     0.16031     5.97002
 1208    569     1.37089     0.16031     5.97002
 1209    569     1.37642     0.16031     5.97002
 1210    569     1.38195     0.16031     5.97002
 1211    569     1.38748     0.16031     5.97002
 1212    569     1.39301     0.16031     5.97002
 1213    569     1.39853     0.16031     5.97002
 1237    569     1.53120     0.16031     5.97002
 1238    569     1.53673     0.16031     5.97002
 1239    569     1.54226     0.16031     5.97002
 1240    569     1.54778     0.16031     5.97002
 1241    569     1.55331     0.16031     5.97002
 1242    569     1.55884     0.16031     5.97002
 1208    570     1.36660     0.16531     5.95133
 1209    570     1.37211     0.16531     5.95133
 1210    570     1.37762     0.16531     5.95133
 1211    570     1.38313     0.16531     5.95133
 1212    570     1.38864     0.16531     5.95133
 1213    570     1.39415     0.16531     5.95133
 1237    570     1.52641     0.16531     5.95133
 1238    570     1.53192     0.16531     5.95133
 1239    570     1.53743     0.16531     5.95133
 1240    570     1.54294     0.16531     5.95133
 1241    570     1.54845     0.16531     5.95133
 1242    570     1.55396     0.16531     5.95133
 1243    570     1.55947     0.16531     5.95133
 1209    571     1.36783     0.17029     5.93276
 1210    571     1.37332     0.17029     5.93276
 1211    571     1.37882     0.17029     5.93276
 1212    571     1.38431     0.17029     5.93276
 1213    571     1.38980     0.17029     5.93276
 1214    571     1.39530     0.17029     5.93276
 1238    571     1.52714     0.17029     5.93276
 1239    571     1.53263     0.17029     5.93276
 1240    571     1.53812     0.17029     5.93276
 1241    571     1.54362     0.17029     5.93276
 1242    571     1.54911     0.17029     5.93276
 1243    571     1.55460     0.17029     5.93276
 1209    572     1.36357     0.17524     5.91430
 1210    572     1.36905     0.17524     5.91430
 1211    572     1.37453     0.17524     5.91430
 1212    572     1.38000     0.17524     5.91430
 1213    572     1.38548     0.17524     5.91430
 1214    572     1.39096     0.17524     5.91430
 1215    572     1.39643     0.17524     5.91430
 1239    572     1.52786     0.17524     5.91430
 1240    572     1.53334     0.17524     5.91430
 1241    572     1.53881     0.17524     5.91430
 1242    572     1.54429     0.17524     5.91430
 1243    572     1.54976     0.17524     5.91430
 1244    572     1.55524     0.17524     5.91430
 1210    573     1.36480     0.18015     5.89595
 1211    573     1.37026     0.18015     5.89595
 1212    573     1.37572     0.18015     5.89595
 1213    573     1.38118     0.18015     5.89595
 1214    573     1.38664     0.18015     5.89595
 1215    573     1.39210     0.18015     5.89595
 1216    573     1.39756     0.18015     5.89595
 1239    573     1.52312     0.18015     5.89595
 1240    573     1.52858     0.18015     5.89595
 1241    573     1.53404     0.18015     5.89595
 1242    573     1.53950     0.18015     5.89595
 1243    573     1.54496     0.18015     5.89595
 1244    573     1.55042     0.18015     5.89595
 1245    573     1.55588     0.18015     5.89595
 1210    574     1.36058     0.18504     5.87772
 1211    574     1.36603     0.18504     5.87772
 1212    574     1.37147     0.18504     5.87772
 1213    574     1.37691     0.18504     5.87772
 1214    574     1.38235     0.18504     5.87772
 1215    574     1.38779     0.18504     5.87772
 1216    574     1.39324     0.18504     5.87772
 1240    574     1.52385     0.18504     5.87772
 1241    574     1.52930     0.18504     5.87772
 1242    574     1.53474     0.18504     5.87772
 1243    574     1.54018     0.18504     5.87772
 1244    574     1.54562     0.18504     5.87772
 1245    574     1.55106     0.18504     5.87772
 1211    575     1.36181     0.18989     5.85960
 1212    575     1.36724     0.18989     5.85960
 1213    575     1.37267     0.18989     5.85960
 1214    575     1.37809     0.18989     5.85960
 1215    575     1.38352     0.18989     5.85960
 1216    575     1.38894     0.18989     5.85960
 1217    575     1.39437     0.18989     5.85960
 1241    575     1.52458     0.18989     5.85960
 1242    575     1.53001     0.18989     5.85960
 1243    575     1.53543     0.18989     5.85960
 1244    575     1.54086     0.18989     5.85960
 1245    575     1.54628     0.18989     5.85960
 1246    575     1.55171     0.18989     5.85960
 1212    576     1.36304     0.19472     5.84159
 1213    576     1.36845     0.19472     5.84159
 1214    576     1.37386     0.19472     5.84159
 1215    576     1.37926     0.19472     5.84159
 1216    576     1.38467     0.19472     5.84159
 1217    576     1.39008     0.19472     5.84159
 1241    576     1.51990     0.19472     5.84159
 1242    576     1.52530     0.19472     5.84159
 1243    576     1.53071     0.19472     5.84159
 1244    576     1.53612     0.19472     5.84159
 1245    576     1.54153     0.19472     5.84159
 1246    576     1.54694     0.19472     5.84159
 1247    576     1.55235     0.19472     5.84159
 1212    577     1.35886     0.19952     5.82369
 1213    577     1.36425     0.19952     5.82369
 1214    577     1.36965     0.19952     5.82369
 1215    577     1.37504     0.19952     5.82369
 1216    577     1.38043     0.19952     5.82369
 1217    577     1.38582     0.19952     5.82369
 1218    577     1.39122     0.19952     5.82369
 1242    577     1.52063     0.19952     5.82369
 1243    577     1.52602     0.19952     5.82369
 1244    577     1.53142     0.19952     5.82369
 1245    577     1.53681     0.19952     5.82369
 1246    577     1.54220     0.19952     5.82369
 1247    577     1.54759     0.19952     5.82369
 1213    578     1.36009     0.20428     5.80591
 1214    578     1.36546     0.20428     5.80591
 1215    578     1.37084     0.20428     5.80591
 1216    578     1.37621     0.20428     5.80591
 1217    578     1.38159     0.20428     5.80591
 1218    578     1.38697     0.20428     5.80591
 1243    578     1.52136     0.20428     5.80591
 1244    578     1.52674     0.20428     5.80591
 1245    578     1.53211     0.20428     5.80591
 1246    578     1.53749     0.20428     5.80591
 1247    578     1.54287     0.20428     5.80591
 1248    578     1.54824     0.20428     5.80591
 1213    579     1.35595     0.20902     5.78823
 1214    579     1.36130     0.20902     5.78823
 1215    579     1.36666     0.20902     5.78823
 1216    579     1.37202     0.20902     5.78823
 1217    579     1.37738     0.20902     5.78823
 1218    579     1.38274     0.20902     5.78823
 1219    579     1.38810     0.20902     5.78823
 1243    579     1.51673     0.20902     5.78823
 1244    579     1.52209     0.20902     5.78823
 1245    579     1.52745     0.20902     5.78823
 1246    579     1.53281     0.20902     5.78823
 1247    579     1.53817     0.20902     5.78823
 1248    579     1.54353     0.20902     5.78823
 1249    579     1.54889     0.20902     5.78823
 1214    580     1.35717     0.21373     5.77065
 1215    580     1.36252     0.21373     5.77065
 1216    580     1.36786     0.21373     5.77065
 1217    580     1.37320     0.21373     5.77065
 1218    580     1.37854     0.21373     5.77065
 1219    580     1.38389     0.21373     5.77065
 1220    580     1.38923     0.21373     5.77065
 1244    580     1.51747     0.21373     5.77065
 1245    580     1.52281     0.21373     5.77065
 1246    580     1.52815     0.21373     5.77065
 1247    580     1.53350     0.21373     5.77065
 1248    580     1.53884     0.21373     5.77065
 1249    580     1.54418     0.21373     5.77065
 1250    580     1.54953     0.21373     5.77065
 1215    581     1.35839     0.21841     5.75319
 1216    581     1.36372     0.21841     5.75319
 1217    581     1.36905     0.21841     5.75319
 1218    581     1.37437     0.21841     5.75319
 1219    581     1.37970     0.21841     5.75319
 1220    581     1.38503     0.21841     5.75319
 1244    581     1.51287     0.21841     5.75319
 1245    581     1.51820     0.21841     5.75319
 1246    581     1.52353     0.21841     5.75319
 1247    581     1.52886     0.21841     5.75319
 1248    581     1.53418     0.21841     5.75319
 1249    581     1.53951     0.21841     5.75319
 1250    581     1.54484     0.21841     5.75319
 1215    582     1.35429     0.22306     5.73582
 1216    582     1.35960     0.22306     5.73582
 1217    582     1.36491     0.22306     5.73582
 1218    582     1.37022     0.22306     5.73582
 1219    582     1.37554     0.22306     5.73582
 1220    582     1.38085     0.22306     5.73582
 1221    582     1.38616     0.22306     5.73582
 1245    582     1.51362     0.22306     5.73582
 1246    582     1.51893     0.22306     5.73582
 1247    582     1.52424     0.22306     5.73582
 1248    582     1.52955     0.22306     5.73582
 1249    582     1.53486     0.22306     5.73582
 1250    582     1.54018     0.22306     5.73582
 1251    582     1.54549     0.22306     5.73582
 1216    583     1.35551     0.22768     5.71857
 1217    583     1.36081     0.22768     5.71857
 1218    583     1.36610     0.22768     5.71857
 1219    583     1.37140     0.22768     5.71857
 1220    583     1.37669     0.22768     5.71857
 1221    583     1.38199     0.22768     5.71857
 1222    583     1.38728     0.22768     5.71857
 1246    583     1.51436     0.22768     5.71857
 1247    583     1.51966     0.22768     5.71857
 1248    583     1.52495     0.22768     5.71857
 1249    583     1.53025     0.22768     5.71857
 1250    583     1.53554     0.22768     5.71857
 1251    583     1.54084     0.22768     5.71857
 1252    583     1.54613     0.22768     5.71857
 1217    584     1.35673     0.23228     5.70142
 1218    584     1.36200     0.23228     5.70142
 1219    584     1.36728     0.23228     5.70142
 1220    584     1.37256     0.23228     5.70142
 1221    584     1.37784     0.23228     5.70142
 1222    584     1.38312     0.23228     5.70142
 1247    584     1.51510     0.23228     5.70142
 1248    584     1.52038     0.23228     5.70142
 1249    584     1.52566     0.23228     5.70142
 1250    584     1.53094     0.23228     5.70142
 1251    584     1.53621     0.23228     5.70142
 1252    584     1.54149     0.23228     5.70142
 1218    585     1.35793     0.23685     5.68436
 1219    585     1.36319     0.23685     5.68436
 1220    585     1.36846     0.23685     5.68436
 1221    585     1.37372     0.23685     5.68436
 1222    585     1.37898     0.23685     5.68436
 1223    585     1.38425     0.23685     5.68436
 1248    585     1.51583     0.23685     5.68436
 1249    585     1.52109     0.23685     5.68436
 1250    585     1.52636     0.23685     5.68436
 1251    585     1.53162     0.23685     5.68436
 1252    585     1.53688     0.23685     5.68436
 1253    585     1.54215     0.23685     5.68436
 1218    586     1.35388     0.24139     5.66742
 1219    586     1.35913     0.24139     5.66742
 1220    586     1.36438     0.24139     5.66742
 1221    586     1.36963     0.24139     5.66742
 1222    586     1.37487     0.24139     5.66742
 1223    586     1.38012     0.24139     5.66742
 1224    586     1.38537     0.24139     5.66742
 1248    586     1.51131     0.24139     5.66742
 1249    586     1.51656     0.24139     5.66742
 1250    586     1.52181     0.24139     5.66742
 1251    586     1.52705     0.24139     5.66742
 1252    586     1.53230     0.24139     5.66742
 1253    586     1.53755     0.24139     5.66742
 1254    586     1.54280     0.24139     5.66742
 1219    587     1.35509     0.24590     5.65057
 1220    587     1.36032     0.24590     5.65057
 1221    587     1.36555     0.24590     5.65057
 1222    587     1.37079     0.24590     5.65057
 1223    587     1.37602     0.24590     5.65057
 1224    587     1.38125     0.24590     5.65057
 1249    587     1.51205     0.24590     5.65057
 1250    587     1.51728     0.24590     5.65057
 1251    587     1.52251     0.24590     5.65057
 1252    587     1.52775     0.24590     5.65057
 1253    587     1.53298     0.24590     5.65057
 1254    587     1.53821     0.24590     5.65057
 1219    588     1.35107     0.25039     5.63382
 1220    588     1.35629     0.25039     5.63382
 1221    588     1.36151     0.25039     5.63382
 1222    588     1.36672     0.25039     5.63382
 1223    588     1.37194     0.25039     5.63382
 1224    588     1.37716     0.25039     5.63382
 1225    588     1.38237     0.25039     5.63382
 1250    588     1.51278     0.25039     5.63382
 1251    588     1.51800     0.25039     5.63382
 1252    588     1.52322     0.25039     5.63382
 1253    588     1.52843     0.25039     5.63382
 1254    588     1.53365     0.25039     5.63382
 1255    588     1.53887     0.25039     5.63382
 1220    589     1.35228     0.25485     5.61717
 1221    589     1.35748     0.25485     5.61717
 1222    589     1.36268     0.25485     5.61717
 1223    589     1.36789     0.25485     5.61717
 1224    589     1.37309     0.25485     5.61717
 1225    589     1.37829     0.25485     5.61717
 1250    589     1.50831     0.25485     5.61717
 1251    589     1.51352     0.25485     5.61717
 1252    589     1.51872     0.25485     5.61717
 1253    589     1.52392     0.25485     5.61717
 1254    589     1.52912     0.25485     5.61717
 1255    589     1.53432     0.25485     5.61717
 1256    589     1.53952     0.25485     5.61717
 1220    590     1.34830     0.25929     5.60062
 1221    590     1.35348     0.25929     5.60062
 1222    590     1.35867     0.25929     5.60062
 1223    590     1.36385     0.25929     5.60062
 1224    590     1.36904     0.25929     5.60062
 1225    590     1.37423     0.25929     5.60062
 1226    590     1.37941     0.25929     5.60062
 1251    590     1.50906     0.25929     5.60062
 1252    590     1.51424     0.25929     5.60062
 1253    590     1.51943     0.25929     5.60062
 1254    590     1.52461     0.25929     5.60062
 1255    590     1.52980     0.25929     5.60062
 1256    590     1.53498     0.25929     5.60062
 1221    591     1.34951     0.26370     5.58417
 1222    591     1.35468     0.26370     5.58417
 1223    591     1.35985     0.26370     5.58417
 1224    591     1.36502     0.26370     5.58417
 1225    591     1.37019     0.26370     5.58417
 1226    591     1.37536     0.26370     5.58417
 1252    591     1.50979     0.26370     5.58417
 1253    591     1.51496     0.26370     5.58417
 1254    591     1.52013     0.26370     5.58417
 1255    591     1.52530     0.26370     5.58417
 1256    591     1.53048     0.26370     5.58417
 1257    591     1.53565     0.26370     5.58417
 1221    592     1.34555     0.26808     5.56781
 1222    592     1.35071     0.26808     5.56781
 1223    592     1.35586     0.26808     5.56781
 1224    592     1.36102     0.26808     5.56781
 1225    592     1.36618     0.26808     5.56781
 1226    592     1.37133     0.26808     5.56781
 1227    592     1.37649     0.26808     5.56781
 1252    592     1.50537     0.26808     5.56781
 1253    592     1.51053     0.26808     5.56781
 1254    592     1.51568     0.26808     5.56781
 1255    592     1.52084     0.26808     5.56781
 1256    592     1.52599     0.26808     5.56781
 1257    592     1.53115     0.26808     5.56781
 1258    592     1.53630     0.26808     5.56781
 1222    593     1.34676     0.27244     5.55155
 1223    593     1.35190     0.27244     5.55155
 1224    593     1.35704     0.27244     5.55155
 1225    593     1.36219     0.27244     5.55155
 1226    593     1.36733     0.27244     5.55155
 1227    593     1.37247     0.27244     5.55155
 1228    593     1.37761     0.27244     5.55155
 1253    593     1.50611     0.27244     5.55155
 1254    593     1.51125     0.27244     5.55155
 1255    593     1.51639     0.27244     5.55155
 1256    593     1.52154     0.27244     5.55155
 1257    593     1.52668     0.27244     5.55155
 1258    593     1.53182     0.27244     5.55155
 1223    594     1.34797     0.27677     5.53538
 1224    594     1.35309     0.27677     5.53538
 1225    594     1.35822     0.27677     5.53538
 1226    594     1.36334     0.27677     5.53538
 1227    594     1.36847     0.27677     5.53538
 1228    594     1.37359     0.27677     5.53538
 1229    594     1.37872     0.27677     5.53538
 1254    594     1.50685     0.27677     5.53538
 1255    594     1.51198     0.27677     5.53538
 1256    594     1.51710     0.27677     5.53538
 1257    594     1.52223     0.27677     5.53538
 1258    594     1.52735     0.27677     5.53538
 1259    594     1.53248     0.27677     5.53538
 1223    595     1.34405     0.28108     5.51931
 1224    595     1.34916     0.28108     5.51931
 1225    595     1.35427     0.28108     5.51931
 1226    595     1.35938     0.28108     5.51931
 1227    595     1.36450     0.28108     5.51931
 1228    595     1.36961     0.28108     5.51931
 1229    595     1.37472     0.28108     5.51931
 1254    595     1.50248     0.28108     5.51931
 1255    595     1.50759     0.28108     5.51931
 1256    595     1.51270     0.28108     5.51931
 1257    595     1.51781     0.28108     5.51931
 1258    595     1.52292     0.28108     5.51931
 1259    595     1.52803     0.28108     5.51931
 1224    596     1.34526     0.28536     5.50333
 1225    596     1.35035     0.28536     5.50333
 1226    596     1.35545     0.28536     5.50333
 1227    596     1.36054     0.28536     5.50333
 1228    596     1.36564     0.28536     5.50333
 1229    596     1.37074     0.28536     5.50333
 1230    596     1.37583     0.28536     5.50333
 1255    596     1.50322     0.28536     5.50333
 1256    596     1.50832     0.28536     5.50333
 1257    596     1.51341     0.28536     5.50333
 1258    596     1.51851     0.28536     5.50333
 1259    596     1.52361     0.28536     5.50333
 1260    596     1.52870     0.28536     5.50333
 1225    597     1.34645     0.28961     5.48744
 1226    597     1.35154     0.28961     5.48744
 1227    597     1.35662     0.28961     5.48744
 1228    597     1.36170     0.28961     5.48744
 1229    597     1.36678     0.28961     5.48744
 1230    597     1.37186     0.28961     5.48744
 1255    597     1.49888     0.28961     5.48744
 1256    597     1.50396     0.28961     5.48744
 1257    597     1.50905     0.28961     5.48744
 1258    597     1.51413     0.28961     5.48744
 1259    597     1.51921     0.28961     5.48744
 1260    597     1.52429     0.28961     5.48744
 1261    597     1.52937     0.28961     5.48744
 1226    598     1.34765     0.29385     5.47164
 1227    598     1.35271     0.29385     5.47164
 1228    598     1.35778     0.29385     5.47164
 1229    598     1.36284     0.29385     5.47164
 1230    598     1.36791     0.29385     5.47164
 1231    598     1.37298     0.29385     5.47164
 1256    598     1.49964     0.29385     5.47164
 1257    598     1.50470     0.29385     5.47164
 1258    598     1.50977     0.29385     5.47164
 1259    598     1.51483     0.29385     5.47164
 1260    598     1.51990     0.29385     5.47164
 1261    598     1.52497     0.29385     5.47164
 1262    598     1.53003     0.29385     5.47164
 1226    599     1.34378     0.29806     5.45594
 1227    599     1.34883     0.29806     5.45594
 1228    599     1.35388     0.29806     5.45594
 1229    599     1.35893     0.29806     5.45594
 1230    599     1.36398     0.29806     5.45594
 1231    599     1.36904     0.29806     5.45594
 1232    599     1.37409     0.29806     5.45594
 1257    599     1.50038     0.29806     5.45594
 1258    599     1.50543     0.29806     5.45594
 1259    599     1.51049     0.29806     5.45594
 1260    599     1.51554     0.29806     5.45594
 1261    599     1.52059     0.29806     5.45594
 1262    599     1.52564     0.29806     5.45594
 1227    600     1.34497     0.30224     5.44032
 1228    600     1.35001     0.30224     5.44032
 1229    600     1.35504     0.30224     5.44032
 1230    600     1.36008     0.30224     5.44032
 1231    600     1.36512     0.30224     5.44032
 1232    600     1.37015     0.30224     5.44032
 1257    600     1.49609     0.30224     5.44032
 1258    600     1.50113     0.30224     5.44032
 1259    600     1.50616     0.30224     5.44032
 1260    600     1.51120     0.30224     5.44032
 1261    600     1.51624     0.30224     5.44032
 1262    600     1.52127     0.30224     5.44032
 1263    600     1.52631     0.30224     5.44032
 1227    601     1.34113     0.30640     5.42479
 1228    601     1.34615     0.30640     5.42479
 1229    601     1.35118     0.30640     5.42479
 1230    601     1.35620     0.30640     5.42479
 1231    601     1.36122     0.30640     5.42479
 1232    601     1.36624     0.30640     5.42479
 1233    601     1.37127     0.30640     5.42479
 1258    601     1.49684     0.30640     5.42479
 1259    601     1.50186     0.30640     5.42479
 1260    601     1.50689     0.30640     5.42479
 1261    601     1.51191     0.30640     5.42479
 1262    601     1.51693     0.30640     5.42479
 1263    601     1.52196     0.30640     5.42479
 1228    602     1.34232     0.31054     5.40936
 1229    602     1.34733     0.31054     5.40936
 1230    602     1.35234     0.31054     5.40936
 1231    602     1.35735     0.31054     5.40936
 1232    602     1.36236     0.31054     5.40936
 1233    602     1.36736     0.31054     5.40936
 1259    602     1.49759     0.31054     5.40936
 1260    602     1.50260     0.31054     5.40936
 1261    602     1.50761     0.31054     5.40936
 1262    602     1.51262     0.31054     5.40936
 1263    602     1.51762     0.31054     5.40936
 1264    602     1.52263     0.31054     5.40936
 1228    603     1.33851     0.31465     5.39400
 1229    603     1.34351     0.31465     5.39400
 1230    603     1.34850     0.31465     5.39400
 1231    603     1.35350     0.31465     5.39400
 1232    603     1.35849     0.31465     5.39400
 1233    603     1.36348     0.31465     5.39400
 1234    603     1.36848     0.31465     5.39400
 1259    603     1.49334     0.31465     5.39400
 1260    603     1.49833     0.31465     5.39400
 1261    603     1.50333     0.31465     5.39400
 1262    603     1.50832     0.31465     5.39400
 1263    603     1.51332     0.31465     5.39400
 1264    603     1.51831     0.31465     5.39400
 1265    603     1.52331     0.31465     5.39400
 1229    604     1.33970     0.31874     5.37874
 1230    604     1.34469     0.31874     5.37874
 1231    604     1.34967     0.31874     5.37874
 1232    604     1.35465     0.31874     5.37874
 1233    604     1.35963     0.31874     5.37874
 1234    604     1.36461     0.31874     5.37874
 1235    604     1.36959     0.31874     5.37874
 1260    604     1.49409     0.31874     5.37874
 1261    604     1.49908     0.31874     5.37874
 1262    604     1.50406     0.31874     5.37874
 1263    604     1.50904     0.31874     5.37874
 1264    604     1.51402     0.31874     5.37874
 1265    604     1.51900     0.31874     5.37874
 1230    605     1.34089     0.32281     5.36356
 1231    605     1.34586     0.32281     5.36356
 1232    605     1.35082     0.32281     5.36356
 1233    605     1.35579     0.32281     5.36356
 1234    605     1.36076     0.32281     5.36356
 1235    605     1.36572     0.32281     5.36356
 1261    605     1.49484     0.32281     5.36356
 1262    605     1.49981     0.32281     5.36356
 1263    605     1.50478     0.32281     5.36356
 1264    605     1.50974     0.32281     5.36356
 1265    605     1.51471     0.32281     5.36356
 1266    605     1.51968     0.32281     5.36356
 1230    606     1.33712     0.32685     5.34847
 1231    606     1.34207     0.32685     5.34847
 1232    606     1.34702     0.32685     5.34847
 1233    606     1.35197     0.32685     5.34847
 1234    606     1.35693     0.32685     5.34847
 1235    606     1.36188     0.32685     5.34847
 1236    606     1.36683     0.32685     5.34847
 1261    606     1.49064     0.32685     5.34847
 1262    606     1.49559     0.32685     5.34847
 1263    606     1.50054     0.32685     5.34847
 1264    606     1.50550     0.32685     5.34847
 1265    606     1.51045     0.32685     5.34847
 1266    606     1.51540     0.32685     5.34847
 1267    606     1.52035     0.32685     5.34847
 1231    607     1.33830     0.33087     5.33346
 1232    607     1.34324     0.33087     5.33346
 1233    607     1.34818     0.33087     5.33346
 1234    607     1.35312     0.33087     5.33346
 1235    607     1.35806     0.33087     5.33346
 1236    607     1.36300     0.33087     5.33346
 1262    607     1.49139     0.33087     5.33346
 1263    607     1.49633     0.33087     5.33346
 1264    607     1.50127     0.33087     5.33346
 1265    607     1.50621     0.33087     5.33346
 1266    607     1.51115     0.33087     5.33346
 1267    607     1.51609     0.33087     5.33346
 1268    607     1.52102     0.33087     5.33346
 1232    608     1.33948     0.33487     5.31854
 1233    608     1.34441     0.33487     5.31854
 1234    608     1.34933     0.33487     5.31854
 1235    608     1.35426     0.33487     5.31854
 1236    608     1.35918     0.33487     5.31854
 1237    608     1.36411     0.33487     5.31854
 1263    608     1.49215     0.33487     5.31854
 1264    608     1.49707     0.33487     5.31854
 1265    608     1.50200     0.33487     5.31854
 1266    608     1.50692     0.33487     5.31854
 1267    608     1.51184     0.33487     5.31854
 1268    608     1.51677     0.33487     5.31854
 1232    609     1.33575     0.33885     5.30370
 1233    609     1.34066     0.33885     5.30370
 1234    609     1.34557     0.33885     5.30370
 1235    609     1.35048     0.33885     5.30370
 1236    609     1.35539     0.33885     5.30370
 1237    609     1.36030     0.33885     5.30370
 1238    609     1.36521     0.33885     5.30370
 1263    609     1.48798     0.33885     5.30370
 1264    609     1.49289     0.33885     5.30370
 1265    609     1.49780     0.33885     5.30370
 1266    609     1.50271     0.33885     5.30370
 1267    609     1.50763     0.33885     5.30370
 1268    609     1.51254     0.33885     5.30370
 1269    609     1.51745     0.33885     5.30370
 1233    610     1.33693     0.34280     5.28894
 1234    610     1.34182     0.34280     5.28894
 1235    610     1.34672     0.34280     5.28894
 1236    610     1.35162     0.34280     5.28894
 1237    610     1.35652     0.34280     5.28894
 1238    610     1.36141     0.34280     5.28894
 1264    610     1.48874     0.34280     5.28894
 1265    610     1.49364     0.34280     5.28894
 1266    610     1.49853     0.34280     5.28894
 1267    610     1.50343     0.34280     5.28894
 1268    610     1.50833     0.34280     5.28894
 1269    610     1.51323     0.34280     5.28894
 1234    611     1.33810     0.34673     5.27427
 1235    611     1.34298     0.34673     5.27427
 1236    611     1.34787     0.34673     5.27427
 1237    611     1.35275     0.34673     5.27427
 1238    611     1.35764     0.34673     5.27427
 1239    611     1.36252     0.34673     5.27427
 1265    611     1.48949     0.34673     5.27427
 1266    611     1.49438     0.34673     5.27427
 1267    611     1.49926     0.34673     5.27427
 1268    611     1.50414     0.34673     5.27427
 1269    611     1.50903     0.34673     5.27427
 1270    611     1.51391     0.34673     5.27427
 1234    612     1.33440     0.35064     5.25967
 1235    612     1.33927     0.35064     5.25967
 1236    612     1.34414     0.35064     5.25967
 1237    612     1.34901     0.35064     5.25967
 1238    612     1.35388     0.35064     5.25967
 1239    612     1.35875     0.35064     5.25967
 1265    612     1.48537     0.35064     5.25967
 1266    612     1.49024     0.35064     5.25967
 1267    612     1.49511     0.35064     5.25967
 1268    612     1.49998     0.35064     5.25967
 1269    612     1.50485     0.35064     5.25967
 1270    612     1.50972     0.35064     5.25967
 1271    612     1.51459     0.35064     5.25967
 1235    613     1.33557     0.35453     5.24516
 1236    613     1.34043     0.35453     5.24516
 1237    613     1.34529     0.35453     5.24516
 1238    613     1.35014     0.35453     5.24516
 1239    613     1.35500     0.35453     5.24516
 1240    613     1.35986     0.35453     5.24516
 1266    613     1.48613     0.35453     5.24516
 1267    613     1.49098     0.35453     5.24516
 1268    613     1.49584     0.35453     5.24516
 1269    613     1.50070     0.35453     5.24516
 1270    613     1.50555     0.35453     5.24516
 1271    613     1.51041     0.35453     5.24516
 1235    614     1.33190     0.35840     5.23072
 1236    614     1.33674     0.35840     5.23072
 1237    614     1.34158     0.35840     5.23072
 1238    614     1.34643     0.35840     5.23072
 1239    614     1.35127     0.35840     5.23072
 1240    614     1.35611     0.35840     5.23072
 1241    614     1.36096     0.35840     5.23072
 1266    614     1.48204     0.35840     5.23072
 1267    614     1.48688     0.35840     5.23072
 1268    614     1.49172     0.35840     5.23072
 1269    614     1.49657     0.35840     5.23072
 1270    614     1.50141     0.35840     5.23072
 1271    614     1.50625     0.35840     5.23072
 1272    614     1.51110     0.35840     5.23072
 1236    615     1.33307     0.36225     5.21637
 1237    615     1.33790     0.36225     5.21637
 1238    615     1.34273     0.36225     5.21637
 1239    615     1.34756     0.36225     5.21637
 1240    615     1.35239     0.36225     5.21637
 1241    615     1.35722     0.36225     5.21637
 1267    615     1.48280     0.36225     5.21637
 1268    615     1.48763     0.36225     5.21637
 1269    615     1.49246     0.36225     5.21637
 1270    615     1.49729     0.36225     5.21637
 1271    615     1.50212     0.36225     5.21637
 1272    615     1.50695     0.36225     5.21637
 1236    616     1.32942     0.36607     5.20209
 1237    616     1.33424     0.36607     5.20209
 1238    616     1.33906     0.36607     5.20209
 1239    616     1.34387     0.36607     5.20209
 1240    616     1.34869     0.36607     5.20209
 1241    616     1.35351     0.36607     5.20209
 1242    616     1.35832     0.36607     5.20209
 1268    616     1.48356     0.36607     5.20209
 1269    616     1.48838     0.36607     5.20209
 1270    616     1.49319     0.36607     5.20209
 1271    616     1.49801     0.36607     5.20209
 1272    616     1.50283     0.36607     5.20209
 1273    616     1.50764     0.36607     5.20209
 1237    617     1.33060     0.36988     5.18789
 1238    617     1.33540     0.36988     5.18789
 1239    617     1.34021     0.36988     5.18789
 1240    617     1.34501     0.36988     5.18789
 1241    617     1.34981     0.36988     5.18789
 1242    617     1.35462     0.36988     5.18789
 1268    617     1.47951     0.36988     5.18789
 1269    617     1.48431     0.36988     5.18789
 1270    617     1.48912     0.36988     5.18789
 1271    617     1.49392     0.36988     5.18789
 1272    617     1.49872     0.36988     5.18789
 1273    617     1.50353     0.36988     5.18789
 1274    617     1.50833     0.36988     5.18789
 1238    618     1.33177     0.37366     5.17377
 1239    618     1.33656     0.37366     5.17377
 1240    618     1.34135     0.37366     5.17377
 1241    618     1.34614     0.37366     5.17377
 1242    618     1.35093     0.37366     5.17377
 1243    618     1.35572     0.37366     5.17377
 1269    618     1.48027     0.37366     5.17377
 1270    618     1.48506     0.37366     5.17377
 1271    618     1.48985     0.37366     5.17377
 1272    618     1.49465     0.37366     5.17377
 1273    618     1.49944     0.37366     5.17377
 1274    618     1.50423     0.37366     5.17377
 1275    618     1.50902     0.37366     5.17377
 1238    619     1.32815     0.37742     5.15973
 1239    619     1.33293     0.37742     5.15973
 1240    619     1.33771     0.37742     5.15973
 1241    619     1.34248     0.37742     5.15973
 1242    619     1.34726     0.37742     5.15973
 1243    619     1.35204     0.37742     5.15973
 1244    619     1.35682     0.37742     5.15973
 1270    619     1.48103     0.37742     5.15973
 1271    619     1.48581     0.37742     5.15973
 1272    619     1.49059     0.37742     5.15973
 1273    619     1.49537     0.37742     5.15973
 1274    619     1.50014     0.37742     5.15973
 1275    619     1.50492     0.37742     5.15973
 1239    620     1.32932     0.38117     5.14576
 1240    620     1.33409     0.38117     5.14576
 1241    620     1.33885     0.38117     5.14576
 1242    620     1.34362     0.38117     5.14576
 1243    620     1.34838     0.38117     5.14576
 1244    620     1.35314     0.38117     5.14576
 1270    620     1.47702     0.38117     5.14576
 1271    620     1.48179     0.38117     5.14576
 1272    620     1.48655     0.38117     5.14576
 1273    620     1.49132     0.38117     5.14576
 1274    620     1.49608     0.38117     5.14576
 1275    620     1.50085     0.38117     5.14576
 1276    620     1.50561     0.38117     5.14576
 1239    621     1.32573     0.38489     5.13187
 1240    621     1.33048     0.38489     5.13187
 1241    621     1.33524     0.38489     5.13187
 1242    621     1.33999     0.38489     5.13187
 1243    621     1.34474     0.38489     5.13187
 1244    621     1.34949     0.38489     5.13187
 1245    621     1.35424     0.38489     5.13187
 1271    621     1.47779     0.38489     5.13187
 1272    621     1.48254     0.38489     5.13187
 1273    621     1.48729     0.38489     5.13187
 1274    621     1.49204     0.38489     5.13187
 1275    621     1.49679     0.38489     5.13187
 1276    621     1.50155     0.38489     5.13187
 1277    621     1.50630     0.38489     5.13187
 1240    622     1.32690     0.38859     5.11805
 1241    622     1.33164     0.38859     5.11805
 1242    622     1.33638     0.38859     5.11805
 1243    622     1.34112     0.38859     5.11805
 1244    622     1.34586     0.38859     5.11805
 1245    622     1.35060     0.38859     5.11805
 1272    622     1.47855     0.38859     5.11805
 1273    622     1.48329     0.38859     5.11805
 1274    622     1.48803     0.38859     5.11805
 1275    622     1.49276     0.38859     5.11805
 1276    622     1.49750     0.38859     5.11805
 1277    622     1.50224     0.38859     5.11805
 1241    623     1.32806     0.39228     5.10430
 1242    623     1.33279     0.39228     5.10430
 1243    623     1.33752     0.39228     5.10430
 1244    623     1.34224     0.39228     5.10430
 1245    623     1.34697     0.39228     5.10430
 1246    623     1.35170     0.39228     5.10430
 1272    623     1.47458     0.39228     5.10430
 1273    623     1.47930     0.39228     5.10430
 1274    623     1.48403     0.39228     5.10430
 1275    623     1.48876     0.39228     5.10430
 1276    623     1.49348     0.39228     5.10430
 1277    623     1.49821     0.39228     5.10430
 1278    623     1.50293     0.39228     5.10430
 1241    624     1.32451     0.39594     5.09063
 1242    624     1.32922     0.39594     5.09063
 1243    624     1.33393     0.39594     5.09063
 1244    624     1.33865     0.39594     5.09063
 1245    624     1.34336     0.39594     5.09063
 1246    624     1.34808     0.39594     5.09063
 1247    624     1.35279     0.39594     5.09063
 1273    624     1.47534     0.39594     5.09063
 1274    624     1.48005     0.39594     5.09063
 1275    624     1.48477     0.39594     5.09063
 1276    624     1.48948     0.39594     5.09063
 1277    624     1.49420     0.39594     5.09063
 1278    624     1.49891     0.39594     5.09063
 1242    625     1.32567     0.39958     5.07704
 1243    625     1.33037     0.39958     5.07704
 1244    625     1.33507     0.39958     5.07704
 1245    625     1.33977     0.39958     5.07704
 1246    625     1.34447     0.39958     5.07704
 1247    625     1.34918     0.39958     5.07704
 1274    625     1.47610     0.39958     5.07704
 1275    625     1.48080     0.39958     5.07704
 1276    625     1.48550     0.39958     5.07704
 1277    625     1.49020     0.39958     5.07704
 1278    625     1.49491     0.39958     5.07704
 1279    625     1.49961     0.39958     5.07704
 1243    626     1.32683     0.40321     5.06351
 1244    626     1.33152     0.40321     5.06351
 1245    626     1.33620     0.40321     5.06351
 1246    626     1.34089     0.40321     5.06351
 1247    626     1.34558     0.40321     5.06351
 1248    626     1.35027     0.40321     5.06351
 1274    626     1.47217     0.40321     5.06351
 1275    626     1.47686     0.40321     5.06351
 1276    626     1.48155     0.40321     5.06351
 1277    626     1.48623     0.40321     5.06351
 1278    626     1.49092     0.40321     5.06351
 1279    626     1.49561     0.40321     5.06351
 1280    626     1.50030     0.40321     5.06351
 1243    627     1.32330     0.40681     5.05006
 1244    627     1.32798     0.40681     5.05006
 1245    627     1.33265     0.40681     5.05006
 1246    627     1.33733     0.40681     5.05006
 1247    627     1.34201     0.40681     5.05006
 1248    627     1.34668     0.40681     5.05006
 1275    627     1.47293     0.40681     5.05006
 1276    627     1.47761     0.40681     5.05006
 1277    627     1.48229     0.40681     5.05006
 1278    627     1.48696     0.40681     5.05006
 1279    627     1.49164     0.40681     5.05006
 1280    627     1.49631     0.40681     5.05006
 1244    628     1.32446     0.41040     5.03668
 1245    628     1.32912     0.41040     5.03668
 1246    628     1.33379     0.41040     5.03668
 1247    628     1.33845     0.41040     5.03668
 1248    628     1.34311     0.41040     5.03668
 1249    628     1.34778     0.41040     5.03668
 1276    628     1.47369     0.41040     5.03668
 1277    628     1.47836     0.41040     5.03668
 1278    628     1.48302     0.41040     5.03668
 1279    628     1.48769     0.41040     5.03668
 1280    628     1.49235     0.41040     5.03668
 1281    628     1.49701     0.41040     5.03668
 1244    629     1.32096     0.41396     5.02337
 1245    629     1.32561     0.41396     5.02337
 1246    629     1.33026     0.41396     5.02337
 1247    629     1.33491     0.41396     5.02337
 1248    629     1.33956     0.41396     5.02337
 1249    629     1.34422     0.41396     5.02337
 1276    629     1.46980     0.41396     5.02337
 1277    629     1.47445     0.41396     5.02337
 1278    629     1.47910     0.41396     5.02337
 1279    629     1.48375     0.41396     5.02337
 1280    629     1.48840     0.41396     5.02337
 1281    629     1.49306     0.41396     5.02337
 1282    629     1.49771     0.41396     5.02337
 1245    630     1.32212     0.41751     5.01013
 1246    630     1.32676     0.41751     5.01013
 1247    630     1.33139     0.41751     5.01013
 1248    630     1.33603     0.41751     5.01013
 1249    630     1.34067     0.41751     5.01013
 1250    630     1.34531     0.41751     5.01013
 1277    630     1.47056     0.41751     5.01013
 1278    630     1.47520     0.41751     5.01013
 1279    630     1.47984     0.41751     5.01013
 1280    630     1.48448     0.41751     5.01013
 1281    630     1.48912     0.41751     5.01013
 1282    630     1.49376     0.41751     5.01013
 1245    631     1.31864     0.42104     4.99695
 1246    631     1.32327     0.42104     4.99695
 1247    631     1.32789     0.42104     4.99695
 1248    631     1.33252     0.42104     4.99695
 1249    631     1.33715     0.42104     4.99695
 1250    631     1.34177     0.42104     4.99695
 1278    631     1.47133     0.42104     4.99695
 1279    631     1.47595     0.42104     4.99695
 1280    631     1.48058     0.42104     4.99695
 1281    631     1.48521     0.42104     4.99695
 1282    631     1.48983     0.42104     4.99695
 1283    631     1.49446     0.42104     4.99695
 1246    632     1.31980     0.42455     4.98385
 1247    632     1.32441     0.42455     4.98385
 1248    632     1.32903     0.42455     4.98385
 1249    632     1.33364     0.42455     4.98385
 1250    632     1.33826     0.42455     4.98385
 1251    632     1.34287     0.42455     4.98385
 1278    632     1.46747     0.42455     4.98385
 1279    632     1.47208     0.42455     4.98385
 1280    632     1.47670     0.42455     4.98385
 1281    632     1.48131     0.42455     4.98385
 1282    632     1.48593     0.42455     4.98385
 1283    632     1.49054     0.42455     4.98385
 1246    633     1.31635     0.42804     4.97082
 1247    633     1.32095     0.42804     4.97082
 1248    633     1.32555     0.42804     4.97082
 1249    633     1.33015     0.42804     4.97082
 1250    633     1.33476     0.42804     4.97082
 1251    633     1.33936     0.42804     4.97082
 1252    633     1.34396     0.42804     4.97082
 1279    633     1.46823     0.42804     4.97082
 1280    633     1.47284     0.42804     4.97082
 1281    633     1.47744     0.42804     4.97082
 1282    633     1.48204     0.42804     4.97082
 1283    633     1.48664     0.42804     4.97082
 1284    633     1.49125     0.42804     4.97082
 1247    634     1.31750     0.43152     4.95785
 1248    634     1.32209     0.43152     4.95785
 1249    634     1.32668     0.43152     4.95785
 1250    634     1.33128     0.43152     4.95785
 1251    634     1.33587     0.43152     4.95785
 1252    634     1.34046     0.43152     4.95785
 1279    634     1.46440     0.43152     4.95785
 1280    634     1.46899     0.43152     4.95785
 1281    634     1.47358     0.43152     4.95785
 1282    634     1.47817     0.43152     4.95785
 1283    634     1.48277     0.43152     4.95785
 1284    634     1.48736     0.43152     4.95785
 1285    634     1.49195     0.43152     4.95785
 1248    635     1.31865     0.43497     4.94495
 1249    635     1.32323     0.43497     4.94495
 1250    635     1.32781     0.43497     4.94495
 1251    635     1.33239     0.43497     4.94495
 1252    635     1.33697     0.43497     4.94495
 1253    635     1.34155     0.43497     4.94495
 1280    635     1.46517     0.43497     4.94495
 1281    635     1.46975     0.43497     4.94495
 1282    635     1.47433     0.43497     4.94495
 1283    635     1.47891     0.43497     4.94495
 1284    635     1.48349     0.43497     4.94495
 1285    635     1.48807     0.43497     4.94495
 1248    636     1.31523     0.43841     4.93212
 1249    636     1.31980     0.43841     4.93212
 1250    636     1.32437     0.43841     4.93212
 1251    636     1.32893     0.43841     4.93212
 1252    636     1.33350     0.43841     4.93212
 1253    636     1.33807     0.43841     4.93212
 1254    636     1.34263     0.43841     4.93212
 1281    636     1.46594     0.43841     4.93212
 1282    636     1.47050     0.43841     4.93212
 1283    636     1.47507     0.43841     4.93212
 1284    636     1.47964     0.43841     4.93212
 1285    636     1.48420     0.43841     4.93212
 1286    636     1.48877     0.43841     4.93212
 1249    637     1.31638     0.44183     4.91936
 1250    637     1.32094     0.44183     4.91936
 1251    637     1.32549     0.44183     4.91936
 1252    637     1.33005     0.44183     4.91936
 1253    637     1.33460     0.44183     4.91936
 1254    637     1.33916     0.44183     4.91936
 1281    637     1.46214     0.44183     4.91936
 1282    637     1.46670     0.44183     4.91936
 1283    637     1.47125     0.44183     4.91936
 1284    637     1.47581     0.44183     4.91936
 1285    637     1.48036     0.44183     4.91936
 1286    637     1.48492     0.44183     4.91936
 1287    637     1.48947     0.44183     4.91936
 1249    638     1.31299     0.44523     4.90666
 1250    638     1.31753     0.44523     4.90666
 1251    638     1.32207     0.44523     4.90666
 1252    638     1.32662     0.44523     4.90666
 1253    638     1.33116     0.44523     4.90666
 1254    638     1.33570     0.44523     4.90666
 1255    638     1.34025     0.44523     4.90666
 1282    638     1.46291     0.44523     4.90666
 1283    638     1.46745     0.44523     4.90666
 1284    638     1.47200     0.44523     4.90666
 1285    638     1.47654     0.44523     4.90666
 1286    638     1.48108     0.44523     4.90666
 1287    638     1.48563     0.44523     4.90666
 1250    639     1.31414     0.44862     4.89403
 1251    639     1.31867     0.44862     4.89403
 1252    639     1.32320     0.44862     4.89403
 1253    639     1.32773     0.44862     4.89403
 1254    639     1.33226     0.44862     4.89403
 1255    639     1.33679     0.44862     4.89403
 1256    639     1.34133     0.44862     4.89403
 1282    639     1.45914     0.44862     4.89403
 1283    639     1.46368     0.44862     4.89403
 1284    639     1.46821     0.44862     4.89403
 1285    639     1.47274     0.44862     4.89403
 1286    639     1.47727     0.44862     4.89403
 1287    639     1.48180     0.44862     4.89403
 1288    639     1.48633     0.44862     4.89403
 1250    640     1.31076     0.45199     4.88146
 1251    640     1.31528     0.45199     4.88146
 1252    640     1.31980     0.45199     4.88146
 1253    640     1.32432     0.45199     4.88146
 1254    640     1.32884     0.45199     4.88146
 1255    640     1.33336     0.45199     4.88146
 1256    640     1.33788     0.45199     4.88146
 1283    640     1.45992     0.45199     4.88146
 1284    640     1.46444     0.45199     4.88146
 1285    640     1.46896     0.45199     4.88146
 1286    640     1.47348     0.45199     4.88146
 1287    640     1.47800     0.45199     4.88146
 1288    640     1.48252     0.45199     4.88146
 1289    640     1.48704     0.45199     4.88146
 1251    641     1.31191     0.45534     4.86895
 1252    641     1.31642     0.45534     4.86895
 1253    641     1.32093     0.45534     4.86895
 1254    641     1.32544     0.45534     4.86895
 1255    641     1.32995     0.45534     4.86895
 1256    641     1.33445     0.45534     4.86895
 1257    641     1.33896     0.45534     4.86895
 1284    641     1.46069     0.45534     4.86895
 1285    641     1.46519     0.45534     4.86895
 1286    641     1.46970     0.45534     4.86895
 1287    641     1.47421     0.45534     4.86895
 1288    641     1.47872     0.45534     4.86895
 1289    641     1.48323     0.45534     4.86895
 1252    642     1.31306     0.45867     4.85651
 1253    642     1.31755     0.45867     4.85651
 1254    642     1.32205     0.45867     4.85651
 1255    642     1.32655     0.45867     4.85651
 1256    642     1.33104     0.45867     4.85651
 1257    642     1.33554     0.45867     4.85651
 1285    642     1.46145     0.45867     4.85651
 1286    642     1.46595     0.45867     4.85651
 1287    642     1.47044     0.45867     4.85651
 1288    642     1.47494     0.45867     4.85651
 1289    642     1.47944     0.45867     4.85651
 1290    642     1.48393     0.45867     4.85651
 1253    643     1.31420     0.46199     4.84414
 1254    643     1.31868     0.46199     4.84414
 1255    643     1.32317     0.46199     4.84414
 1256    643     1.32765     0.46199     4.84414
 1257    643     1.33214     0.46199     4.84414
 1258    643     1.33662     0.46199     4.84414
 1285    643     1.45773     0.46199     4.84414
 1286    643     1.46221     0.46199     4.84414
 1287    643     1.46670     0.46199     4.84414
 1288    643     1.47118     0.46199     4.84414
 1289    643     1.47567     0.46199     4.84414
 1290    643     1.48015     0.46199     4.84414
 1291    643     1.48464     0.46199     4.84414
 1253    644     1.31086     0.46529     4.83182
 1254    644     1.31533     0.46529     4.83182
 1255    644     1.31980     0.46529     4.83182
 1256    644     1.32428     0.46529     4.83182
 1257    644     1.32875     0.46529     4.83182
 1258    644     1.33323     0.46529     4.83182
 1259    644     1.33770     0.46529     4.83182
 1286    644     1.45849     0.46529     4.83182
 1287    644     1.46297     0.46529     4.83182
 1288    644     1.46744     0.46529     4.83182
 1289    644     1.47192     0.46529     4.83182
 1290    644     1.47639     0.46529     4.83182
 1291    644     1.48086     0.46529     4.83182
 1254    645     1.31199     0.46857     4.81957
 1255    645     1.31646     0.46857     4.81957
 1256    645     1.32092     0.46857     4.81957
 1257    645     1.32538     0.46857     4.81957
 1258    645     1.32984     0.46857     4.81957
 1259    645     1.33431     0.46857     4.81957
 1287    645     1.45926     0.46857     4.81957
 1288    645     1.46372     0.46857     4.81957
 1289    645     1.46818     0.46857     4.81957
 1290    645     1.47265     0.46857     4.81957
 1291    645     1.47711     0.46857     4.81957
 1292    645     1.48157     0.46857     4.81957
 1254    646     1.30868     0.47184     4.80738
 1255    646     1.31313     0.47184     4.80738
 1256    646     1.31758     0.47184     4.80738
 1257    646     1.32203     0.47184     4.80738
 1258    646     1.32648     0.47184     4.80738
 1259    646     1.33093     0.47184     4.80738
 1287    646     1.45557     0.47184     4.80738
 1288    646     1.46002     0.47184     4.80738
 1289    646     1.46447     0.47184     4.80738
 1290    646     1.46892     0.47184     4.80738
 1291    646     1.47337     0.47184     4.80738
 1292    646     1.47782     0.47184     4.80738
 1293    646     1.48228     0.47184     4.80738
 1255    647     1.30981     0.47509     4.79525
 1256    647     1.31425     0.47509     4.79525
 1257    647     1.31869     0.47509     4.79525
 1258    647     1.32313     0.47509     4.79525
 1259    647     1.32757     0.47509     4.79525
 1260    647     1.33201     0.47509     4.79525
 1288    647     1.45634     0.47509     4.79525
 1289    647     1.46078     0.47509     4.79525
 1290    647     1.46522     0.47509     4.79525
 1291    647     1.46966     0.47509     4.79525
 1292    647     1.47410     0.47509     4.79525
 1293    647     1.47854     0.47509     4.79525
 1255    648     1.30652     0.47832     4.78319
 1256    648     1.31095     0.47832     4.78319
 1257    648     1.31538     0.47832     4.78319
 1258    648     1.31981     0.47832     4.78319
 1259    648     1.32423     0.47832     4.78319
 1260    648     1.32866     0.47832     4.78319
 1261    648     1.33309     0.47832     4.78319
 1288    648     1.45267     0.47832     4.78319
 1289    648     1.45710     0.47832     4.78319
 1290    648     1.46153     0.47832     4.78319
 1291    648     1.46596     0.47832     4.78319
 1292    648     1.47039     0.47832     4.78319
 1293    648     1.47482     0.47832     4.78319
 1294    648     1.47924     0.47832     4.78319
 1256    649     1.30766     0.48154     4.77118
 1257    649     1.31207     0.48154     4.77118
 1258    649     1.31649     0.48154     4.77118
 1259    649     1.32091     0.48154     4.77118
 1260    649     1.32533     0.48154     4.77118
 1261    649     1.32975     0.48154     4.77118
 1289    649     1.45344     0.48154     4.77118
 1290    649     1.45786     0.48154     4.77118
 1291    649     1.46228     0.48154     4.77118
 1292    649     1.46670     0.48154     4.77118
 1293    649     1.47111     0.48154     4.77118
 1294    649     1.47553     0.48154     4.77118
 1256    650     1.30438     0.48474     4.75923
 1257    650     1.30879     0.48474     4.75923
 1258    650     1.31320     0.48474     4.75923
 1259    650     1.31760     0.48474     4.75923
 1260    650     1.32201     0.48474     4.75923
 1261    650     1.32642     0.48474     4.75923
 1262    650     1.33082     0.48474     4.75923
 1290    650     1.45421     0.48474     4.75923
 1291    650     1.45862     0.48474     4.75923
 1292    650     1.46302     0.48474     4.75923
 1293    650     1.46743     0.48474     4.75923
 1294    650     1.47184     0.48474     4.75923
 1295    650     1.47624     0.48474     4.75923
 1257    651     1.30552     0.48792     4.74735
 1258    651     1.30992     0.48792     4.74735
 1259    651     1.31431     0.48792     4.74735
 1260    651     1.31871     0.48792     4.74735
 1261    651     1.32310     0.48792     4.74735
 1262    651     1.32750     0.48792     4.74735
 1290    651     1.45058     0.48792     4.74735
 1291    651     1.45497     0.48792     4.74735
 1292    651     1.45937     0.48792     4.74735
 1293    651     1.46377     0.48792     4.74735
 1294    651     1.46816     0.48792     4.74735
 1295    651     1.47256     0.48792     4.74735
 1296    651     1.47695     0.48792     4.74735
 1258    652     1.30665     0.49109     4.73552
 1259    652     1.31104     0.49109     4.73552
 1260    652     1.31542     0.49109     4.73552
 1261    652     1.31981     0.49109     4.73552
 1262    652     1.32419     0.49109     4.73552
 1263    652     1.32858     0.49109     4.73552
 1291    652     1.45135     0.49109     4.73552
 1292    652     1.45573     0.49109     4.73552
 1293    652     1.46012     0.49109     4.73552
 1294    652     1.46450     0.49109     4.73552
 1295    652     1.46889     0.49109     4.73552
 1296    652     1.47327     0.49109     4.73552
 1258    653     1.30341     0.49424     4.72375
 1259    653     1.30778     0.49424     4.72375
 1260    653     1.31215     0.49424     4.72375
 1261    653     1.31653     0.49424     4.72375
 1262    653     1.32090     0.49424     4.72375
 1263    653     1.32527     0.49424     4.72375
 1291    653     1.44774     0.49424     4.72375
 1292    653     1.45212     0.49424     4.72375
 1293    653     1.45649     0.49424     4.72375
 1294    653     1.46086     0.49424     4.72375
 1295    653     1.46524     0.49424     4.72375
 1296    653     1.46961     0.49424     4.72375
 1297    653     1.47399     0.49424     4.72375
 1259    654     1.30454     0.49738     4.71204
 1260    654     1.30890     0.49738     4.71204
 1261    654     1.31326     0.49738     4.71204
 1262    654     1.31763     0.49738     4.71204
 1263    654     1.32199     0.49738     4.71204
 1264    654     1.32635     0.49738     4.71204
 1292    654     1.44852     0.49738     4.71204
 1293    654     1.45288     0.49738     4.71204
 1294    654     1.45724     0.49738     4.71204
 1295    654     1.46161     0.49738     4.71204
 1296    654     1.46597     0.49738     4.71204
 1297    654     1.47033     0.49738     4.71204
 1259    655     1.30131     0.50050     4.70039
 1260    655     1.30566     0.50050     4.70039
 1261    655     1.31002     0.50050     4.70039
 1262    655     1.31437     0.50050     4.70039
 1263    655     1.31872     0.50050     4.70039
 1264    655     1.32307     0.50050     4.70039
 1265    655     1.32742     0.50050     4.70039
 1293    655     1.44929     0.50050     4.70039
 1294    655     1.45364     0.50050     4.70039
 1295    655     1.45799     0.50050     4.70039
 1296    655     1.46234     0.50050     4.70039
 1297    655     1.46670     0.50050     4.70039
 1298    655     1.47105     0.50050     4.70039
 1260    656     1.30244     0.50361     4.68879
 1261    656     1.30678     0.50361     4.68879
 1262    656     1.31113     0.50361     4.68879
 1263    656     1.31547     0.50361     4.68879
 1264    656     1.31981     0.50361     4.68879
 1265    656     1.32415     0.50361     4.68879
 1293    656     1.44571     0.50361     4.68879
 1294    656     1.45005     0.50361     4.68879
 1295    656     1.45439     0.50361     4.68879
 1296    656     1.45874     0.50361     4.68879
 1297    656     1.46308     0.50361     4.68879
 1298    656     1.46742     0.50361     4.68879
 1299    656     1.47176     0.50361     4.68879
 1261    657     1.30357     0.50670     4.67726
 1262    657     1.30790     0.50670     4.67726
 1263    657     1.31223     0.50670     4.67726
 1264    657     1.31656     0.50670     4.67726
 1265    657     1.32089     0.50670     4.67726
 1266    657     1.32522     0.50670     4.67726
 1294    657     1.44648     0.50670     4.67726
 1295    657     1.45082     0.50670     4.67726
 1296    657     1.45515     0.50670     4.67726
 1297    657     1.45948     0.50670     4.67726
 1298    657     1.46381     0.50670     4.67726
 1299    657     1.46814     0.50670     4.67726
 1261    658     1.30037     0.50978     4.66577
 1262    658     1.30469     0.50978     4.66577
 1263    658     1.30901     0.50978     4.66577
 1264    658     1.31333     0.50978     4.66577
 1265    658     1.31765     0.50978     4.66577
 1266    658     1.32197     0.50978     4.66577
 1295    658     1.44725     0.50978     4.66577
 1296    658     1.45157     0.50978     4.66577
 1297    658     1.45589     0.50978     4.66577
 1298    658     1.46021     0.50978     4.66577
 1299    658     1.46453     0.50978     4.66577
 1300    658     1.46885     0.50978     4.66577
 1262    659     1.30149     0.51284     4.65435
 1263    659     1.30580     0.51284     4.65435
 1264    659     1.31011     0.51284     4.65435
 1265    659     1.31442     0.51284     4.65435
 1266    659     1.31873     0.51284     4.65435
 1267    659     1.32304     0.51284     4.65435
 1295    659     1.44371     0.51284     4.65435
 1296    659     1.44802     0.51284     4.65435
 1297    659     1.45233     0.51284     4.65435
 1298    659     1.45664     0.51284     4.65435
 1299    659     1.46095     0.51284     4.65435
 1300    659     1.46526     0.51284     4.65435
 1301    659     1.46957     0.51284     4.65435
 1262    660     1.29831     0.51589     4.64298
 1263    660     1.30261     0.51589     4.64298
 1264    660     1.30691     0.51589     4.64298
 1265    660     1.31121     0.51589     4.64298
 1266    660     1.31551     0.51589     4.64298
 1267    660     1.31981     0.51589     4.64298
 1296    660     1.44448     0.51589     4.64298
 1297    660     1.44878     0.51589     4.64298
 1298    660     1.45308     0.51589     4.64298
 1299    660     1.45738     0.51589     4.64298
 1300    660     1.46168     0.51589     4.64298
 1301    660     1.46598     0.51589     4.64298
 1263    661     1.29944     0.51892     4.63167
 1264    661     1.30373     0.51892     4.63167
 1265    661     1.30802     0.51892     4.63167
 1266    661     1.31231     0.51892     4.63167
 1267    661     1.31659     0.51892     4.63167
 1268    661     1.32088     0.51892     4.63167
 1296    661     1.44096     0.51892     4.63167
 1297    661     1.44525     0.51892     4.63167
 1298    661     1.44954     0.51892     4.63167
 1299    661     1.45383     0.51892     4.63167
 1300    661     1.45812     0.51892     4.63167
 1301    661     1.46241     0.51892     4.63167
 1302    661     1.46669     0.51892     4.63167
 1263    662     1.29628     0.52193     4.62041
 1264    662     1.30056     0.52193     4.62041
 1265    662     1.30484     0.52193     4.62041
 1266    662     1.30912     0.52193     4.62041
 1267    662     1.31339     0.52193     4.62041
 1268    662     1.31767     0.52193     4.62041
 1297    662     1.44174     0.52193     4.62041
 1298    662     1.44602     0.52193     4.62041
 1299    662     1.45029     0.52193     4.62041
 1300    662     1.45457     0.52193     4.62041
 1301    662     1.45885     0.52193     4.62041
 1302    662     1.46313     0.52193     4.62041
 1303    662     1.46741     0.52193     4.62041
 1264    663     1.29741     0.52494     4.60920
 1265    663     1.30167     0.52494     4.60920
 1266    663     1.30594     0.52494     4.60920
 1267    663     1.31021     0.52494     4.60920
 1268    663     1.31448     0.52494     4.60920
 1269    663     1.31874     0.52494     4.60920
 1298    663     1.44251     0.52494     4.60920
 1299    663     1.44678     0.52494     4.60920
 1300    663     1.45105     0.52494     4.60920
 1301    663     1.45531     0.52494     4.60920
 1302    663     1.45958     0.52494     4.60920
 1303    663     1.46385     0.52494     4.60920
 1264    664     1.29427     0.52792     4.59805
 1265    664     1.29852     0.52792     4.59805
 1266    664     1.30278     0.52792     4.59805
 1267    664     1.30704     0.52792     4.59805
 1268    664     1.31130     0.52792     4.59805
 1269    664     1.31555     0.52792     4.59805
 1270    664     1.31981     0.52792     4.59805
 1299    664     1.44328     0.52792     4.59805
 1300    664     1.44754     0.52792     4.59805
 1301    664     1.45179     0.52792     4.59805
 1302    664     1.45605     0.52792     4.59805
 1303    664     1.46031     0.52792     4.59805
 1304    664     1.46457     0.52792     4.59805
 1265    665     1.29539     0.53090     4.58696
 1266    665     1.29964     0.53090     4.58696
 1267    665     1.30389     0.53090     4.58696
 1268    665     1.30813     0.53090     4.58696
 1269    665     1.31238     0.53090     4.58696
 1270    665     1.31663     0.53090     4.58696
 1299    665     1.43980     0.53090     4.58696
 1300    665     1.44404     0.53090     4.58696
 1301    665     1.44829     0.53090     4.58696
 1302    665     1.45254     0.53090     4.58696
 1303    665     1.45678     0.53090     4.58696
 1304    665     1.46103     0.53090     4.58696
 1305    665     1.46528     0.53090     4.58696
 1265    666     1.29227     0.53386     4.57592
 1266    666     1.29651     0.53386     4.57592
 1267    666     1.30075     0.53386     4.57592
 1268    666     1.30498     0.53386     4.57592
 1269    666     1.30922     0.53386     4.57592
 1270    666     1.31346     0.53386     4.57592
 1271    666     1.31769     0.53386     4.57592
 1300    666     1.44057     0.53386     4.57592
 1301    666     1.44480     0.53386     4.57592
 1302    666     1.44904     0.53386     4.57592
 1303    666     1.45328     0.53386     4.57592
 1304    666     1.45751     0.53386     4.57592
 1305    666     1.46175     0.53386     4.57592
 1266    667     1.29340     0.53680     4.56493
 1267    667     1.29762     0.53680     4.56493
 1268    667     1.30185     0.53680     4.56493
 1269    667     1.30608     0.53680     4.56493
 1270    667     1.31030     0.53680     4.56493
 1271    667     1.31453     0.53680     4.56493
 1301    667     1.44133     0.53680     4.56493
 1302    667     1.44556     0.53680     4.56493
 1303    667     1.44979     0.53680     4.56493
 1304    667     1.45401     0.53680     4.56493
 1305    667     1.45824     0.53680     4.56493
 1306    667     1.46247     0.53680     4.56493
 1267    668     1.29451     0.53973     4.55399
 1268    668     1.29873     0.53973     4.55399
 1269    668     1.30295     0.53973     4.55399
 1270    668     1.30716     0.53973     4.55399
 1271    668     1.31138     0.53973     4.55399
 1272    668     1.31560     0.53973     4.55399
 1301    668     1.43788     0.53973     4.55399
 1302    668     1.44210     0.53973     4.55399
 1303    668     1.44631     0.53973     4.55399
 1304    668     1.45053     0.53973     4.55399
 1305    668     1.45475     0.53973     4.55399
 1306    668     1.45896     0.53973     4.55399
 1307    668     1.46318     0.53973     4.55399
 1267    669     1.29142     0.54265     4.54310
 1268    669     1.29563     0.54265     4.54310
 1269    669     1.29983     0.54265     4.54310
 1270    669     1.30404     0.54265     4.54310
 1271    669     1.30825     0.54265     4.54310
 1272    669     1.31245     0.54265     4.54310
 1273    669     1.31666     0.54265     4.54310
 1302    669     1.43865     0.54265     4.54310
 1303    669     1.44286     0.54265     4.54310
 1304    669     1.44706     0.54265     4.54310
 1305    669     1.45127     0.54265     4.54310
 1306    669     1.45548     0.54265     4.54310
 1307    669     1.45968     0.54265     4.54310
 1268    670     1.29254     0.54555     4.53227
 1269    670     1.29673     0.54555     4.53227
 1270    670     1.30093     0.54555     4.53227
 1271    670     1.30513     0.54555     4.53227
 1272    670     1.30932     0.54555     4.53227
 1273    670     1.31352     0.54555     4.53227
 1274    670     1.31772     0.54555     4.53227
 1302    670     1.43522     0.54555     4.53227
 1303    670     1.43942     0.54555     4.53227
 1304    670     1.44361     0.54555     4.53227
 1305    670     1.44781     0.54555     4.53227
 1306    670     1.45201     0.54555     4.53227
 1307    670     1.45620     0.54555     4.53227
 1308    670     1.46040     0.54555     4.53227
 1269    671     1.29365     0.54844     4.52149
 1270    671     1.29784     0.54844     4.52149
 1271    671     1.30202     0.54844     4.52149
 1272    671     1.30621     0.54844     4.52149
 1273    671     1.31039     0.54844     4.52149
 1274    671     1.31458     0.54844     4.52149
 1303    671     1.43599     0.54844     4.52149
 1304    671     1.44018     0.54844     4.52149
 1305    671     1.44436     0.54844     4.52149
 1306    671     1.44855     0.54844     4.52149
 1307    671     1.45274     0.54844     4.52149
 1308    671     1.45692     0.54844     4.52149
 1309    671     1.46111     0.54844     4.52149
 1269    672     1.29058     0.55132     4.51076
 1270    672     1.29476     0.55132     4.51076
 1271    672     1.29893     0.55132     4.51076
 1272    672     1.30311     0.55132     4.51076
 1273    672     1.30728     0.55132     4.51076
 1274    672     1.31146     0.55132     4.51076
 1275    672     1.31564     0.55132     4.51076
 1304    672     1.43676     0.55132     4.51076
 1305    672     1.44094     0.55132     4.51076
 1306    672     1.44511     0.55132     4.51076
 1307    672     1.44929     0.55132     4.51076
 1308    672     1.45347     0.55132     4.51076
 1309    672     1.45764     0.55132     4.51076
 1270    673     1.29169     0.55418     4.50008
 1271    673     1.29586     0.55418     4.50008
 1272    673     1.30002     0.55418     4.50008
 1273    673     1.30419     0.55418     4.50008
 1274    673     1.30836     0.55418     4.50008
 1275    673     1.31252     0.55418     4.50008
 1305    673     1.43753     0.55418     4.50008
 1306    673     1.44169     0.55418     4.50008
 1307    673     1.44586     0.55418     4.50008
 1308    673     1.45003     0.55418     4.50008
 1309    673     1.45419     0.55418     4.50008
 1310    673     1.45836     0.55418     4.50008
 1271    674     1.29280     0.55702     4.48945
 1272    674     1.29695     0.55702     4.48945
 1273    674     1.30111     0.55702     4.48945
 1274    674     1.30527     0.55702     4.48945
 1275    674     1.30942     0.55702     4.48945
 1276    674     1.31358     0.55702     4.48945
 1305    674     1.43413     0.55702     4.48945
 1306    674     1.43829     0.55702     4.48945
 1307    674     1.44244     0.55702     4.48945
 1308    674     1.44660     0.55702     4.48945
 1309    674     1.45076     0.55702     4.48945
 1310    674     1.45491     0.55702     4.48945
 1311    674     1.45907     0.55702     4.48945
 1271    675     1.28975     0.55986     4.47887
 1272    675     1.29390     0.55986     4.47887
 1273    675     1.29804     0.55986     4.47887
 1274    675     1.30219     0.55986     4.47887
 1275    675     1.30634     0.55986     4.47887
 1276    675     1.31049     0.55986     4.47887
 1277    675     1.31463     0.55986     4.47887
 1306    675     1.43490     0.55986     4.47887
 1307    675     1.43905     0.55986     4.47887
 1308    675     1.44319     0.55986     4.47887
 1309    675     1.44734     0.55986     4.47887
 1310    675     1.45149     0.55986     4.47887
 1311    675     1.45563     0.55986     4.47887
 1312    675     1.45978     0.55986     4.47887
 1272    676     1.29085     0.56268     4.46834
 1273    676     1.29499     0.56268     4.46834
 1274    676     1.29913     0.56268     4.46834
 1275    676     1.30327     0.56268     4.46834
 1276    676     1.30740     0.56268     4.46834
 1277    676     1.31154     0.56268     4.46834
 1307    676     1.43566     0.56268     4.46834
 1308    676     1.43980     0.56268     4.46834
 1309    676     1.44394     0.56268     4.46834
 1310    676     1.44807     0.56268     4.46834
 1311    676     1.45221     0.56268     4.46834
 1312    676     1.45635     0.56268     4.46834
 1272    677     1.28783     0.56549     4.45786
 1273    677     1.29196     0.56549     4.45786
 1274    677     1.29608     0.56549     4.45786
 1275    677     1.30021     0.56549     4.45786
 1276    677     1.30434     0.56549     4.45786
 1277    677     1.30847     0.56549     4.45786
 1278    677     1.31259     0.56549     4.45786
 1307    677     1.43230     0.56549     4.45786
 1308    677     1.43642     0.56549     4.45786
 1309    677     1.44055     0.56549     4.45786
 1310    677     1.44468     0.56549     4.45786
 1311    677     1.44881     0.56549     4.45786
 1312    677     1.45293     0.56549     4.45786
 1313    677     1.45706     0.56549     4.45786
 1273    678     1.28893     0.56828     4.44743
 1274    678     1.29305     0.56828     4.44743
 1275    678     1.29717     0.56828     4.44743
 1276    678     1.30129     0.56828     4.44743
 1277    678     1.30540     0.56828     4.44743
 1278    678     1.30952     0.56828     4.44743
 1279    678     1.31364     0.56828     4.44743
 1308    678     1.43306     0.56828     4.44743
 1309    678     1.43718     0.56828     4.44743
 1310    678     1.44130     0.56828     4.44743
 1311    678     1.44542     0.56828     4.44743
 1312    678     1.44953     0.56828     4.44743
 1313    678     1.45365     0.56828     4.44743
 1274    679     1.29003     0.57107     4.43705
 1275    679     1.29414     0.57107     4.43705
 1276    679     1.29825     0.57107     4.43705
 1277    679     1.30236     0.57107     4.43705
 1278    679     1.30647     0.57107     4.43705
 1279    679     1.31057     0.57107     4.43705
 1309    679     1.43383     0.57107     4.43705
 1310    679     1.43793     0.57107     4.43705
 1311    679     1.44204     0.57107     4.43705
 1312    679     1.44615     0.57107     4.43705
 1313    679     1.45026     0.57107     4.43705
 1314    679     1.45437     0.57107     4.43705
 1275    680     1.29113     0.57383     4.42672
 1276    680     1.29523     0.57383     4.42672
 1277    680     1.29932     0.57383     4.42672
 1278    680     1.30342     0.57383     4.42672
 1279    680     1.30752     0.57383     4.42672
 1280    680     1.31162     0.57383     4.42672
 1309    680     1.43049     0.57383     4.42672
 1310    680     1.43458     0.57383     4.42672
 1311    680     1.43868     0.57383     4.42672
 1312    680     1.44278     0.57383     4.42672
 1313    680     1.44688     0.57383     4.42672
 1314    680     1.45098     0.57383     4.42672
 1275    681     1.28813     0.57659     4.41643
 1276    681     1.29222     0.57659     4.41643
 1277    681     1.29630     0.57659     4.41643
 1278    681     1.30039     0.57659     4.41643
 1279    681     1.30448     0.57659     4.41643
 1280    681     1.30857     0.57659     4.41643
 1309    681     1.42716     0.57659     4.41643
 1310    681     1.43125     0.57659     4.41643
 1311    681     1.43534     0.57659     4.41643
 1312    681     1.43943     0.57659     4.41643
 1313    681     1.44352     0.57659     4.41643
 1314    681     1.44761     0.57659     4.41643
 1315    681     1.45170     0.57659     4.41643
 1276    682     1.28922     0.57933     4.40620
 1277    682     1.29330     0.57933     4.40620
 1278    682     1.29738     0.57933     4.40620
 1279    682     1.30146     0.57933     4.40620
 1280    682     1.30554     0.57933     4.40620
 1281    682     1.30962     0.57933     4.40620
 1310    682     1.42793     0.57933     4.40620
 1311    682     1.43201     0.57933     4.40620
 1312    682     1.43609     0.57933     4.40620
 1313    682     1.44017     0.57933     4.40620
 1314    682     1.44425     0.57933     4.40620
 1315    682     1.44833     0.57933     4.40620
 1276    683     1.28624     0.58206     4.39600
 1277    683     1.29031     0.58206     4.39600
 1278    683     1.29438     0.58206     4.39600
 1279    683     1.29845     0.58206     4.39600
 1280    683     1.30252     0.58206     4.39600
 1281    683     1.30659     0.58206     4.39600
 1311    683     1.42870     0.58206     4.39600
 1312    683     1.43277     0.58206     4.39600
 1313    683     1.43684     0.58206     4.39600
 1314    683     1.44091     0.58206     4.39600
 1315    683     1.44498     0.58206     4.39600
 1316    683     1.44905     0.58206     4.39600
 1277    684     1.28733     0.58478     4.38586
 1278    684     1.29139     0.58478     4.38586
 1279    684     1.29545     0.58478     4.38586
 1280    684     1.29951     0.58478     4.38586
 1281    684     1.30358     0.58478     4.38586
 1282    684     1.30764     0.58478     4.38586
 1311    684     1.42540     0.58478     4.38586
 1312    684     1.42947     0.58478     4.38586
 1313    684     1.43353     0.58478     4.38586
 1314    684     1.43759     0.58478     4.38586
 1315    684     1.44165     0.58478     4.38586
 1316    684     1.44571     0.58478     4.38586
 1317    684     1.44977     0.58478     4.38586
 1277    685     1.28437     0.58749     4.37576
 1278    685     1.28842     0.58749     4.37576
 1279    685     1.29247     0.58749     4.37576
 1280    685     1.29652     0.58749     4.37576
 1281    685     1.30057     0.58749     4.37576
 1282    685     1.30463     0.58749     4.37576
 1283    685     1.30868     0.58749     4.37576
 1312    685     1.42618     0.58749     4.37576
 1313    685     1.43023     0.58749     4.37576
 1314    685     1.43428     0.58749     4.37576
 1315    685     1.43833     0.58749     4.37576
 1316    685     1.44238     0.58749     4.37576
 1317    685     1.44643     0.58749     4.37576
 1278    686     1.28546     0.59018     4.36571
 1279    686     1.28950     0.59018     4.36571
 1280    686     1.29354     0.59018     4.36571
 1281    686     1.29759     0.59018     4.36571
 1282    686     1.30163     0.59018     4.36571
 1283    686     1.30567     0.59018     4.36571
 1312    686     1.42290     0.59018     4.36571
 1313    686     1.42694     0.59018     4.36571
 1314    686     1.43098     0.59018     4.36571
 1315    686     1.43503     0.59018     4.36571
 1316    686     1.43907     0.59018     4.36571
 1317    686     1.44311     0.59018     4.36571
 1318    686     1.44715     0.59018     4.36571
 1279    687     1.28655     0.59286     4.35571
 1280    687     1.29058     0.59286     4.35571
 1281    687     1.29461     0.59286     4.35571
 1282    687     1.29865     0.59286     4.35571
 1283    687     1.30268     0.59286     4.35571
 1284    687     1.30671     0.59286     4.35571
 1313    687     1.42367     0.59286     4.35571
 1314    687     1.42770     0.59286     4.35571
 1315    687     1.43174     0.59286     4.35571
 1316    687     1.43577     0.59286     4.35571
 1317    687     1.43980     0.59286     4.35571
 1318    687     1.44384     0.59286     4.35571
 1279    688     1.28361     0.59553     4.34575
 1280    688     1.28763     0.59553     4.34575
 1281    688     1.29165     0.59553     4.34575
 1282    688     1.29568     0.59553     4.34575
 1283    688     1.29970     0.59553     4.34575
 1284    688     1.30373     0.59553     4.34575
 1285    688     1.30775     0.59553     4.34575
 1314    688     1.42444     0.59553     4.34575
 1315    688     1.42846     0.59553     4.34575
 1316    688     1.43249     0.59553     4.34575
 1317    688     1.43651     0.59553     4.34575
 1318    688     1.44054     0.59553     4.34575
 1319    688     1.44456     0.59553     4.34575
 1280    689     1.28469     0.59819     4.33584
 1281    689     1.28871     0.59819     4.33584
 1282    689     1.29272     0.59819     4.33584
 1283    689     1.29674     0.59819     4.33584
 1284    689     1.30075     0.59819     4.33584
 1285    689     1.30477     0.59819     4.33584
 1314    689     1.42119     0.59819     4.33584
 1315    689     1.42521     0.59819     4.33584
 1316    689     1.42922     0.59819     4.33584
 1317    689     1.43324     0.59819     4.33584
 1318    689     1.43725     0.59819     4.33584
 1319    689     1.44126     0.59819     4.33584
 1320    689     1.44528     0.59819     4.33584
 1280    690     1.28177     0.60083     4.32597
 1281    690     1.28577     0.60083     4.32597
 1282    690     1.28978     0.60083     4.32597
 1283    690     1.29379     0.60083     4.32597
 1284    690     1.29779     0.60083     4.32597
 1285    690     1.30180     0.60083     4.32597
 1286    690     1.30580     0.60083     4.32597
 1315    690     1.42196     0.60083     4.32597
 1316    690     1.42597     0.60083     4.32597
 1317    690     1.42997     0.60083     4.32597
 1318    690     1.43398     0.60083     4.32597
 1319    690     1.43798     0.60083     4.32597
 1320    690     1.44199     0.60083     4.32597
 1321    690     1.44600     0.60083     4.32597
 1281    691     1.28285     0.60346     4.31615
 1282    691     1.28685     0.60346     4.31615
 1283    691     1.29085     0.60346     4.31615
 1284    691     1.29484     0.60346     4.31615
 1285    691     1.29884     0.60346     4.31615
 1286    691     1.30284     0.60346     4.31615
 1287    691     1.30683     0.60346     4.31615
 1316    691     1.42273     0.60346     4.31615
 1317    691     1.42673     0.60346     4.31615
 1318    691     1.43072     0.60346     4.31615
 1319    691     1.43472     0.60346     4.31615
 1320    691     1.43872     0.60346     4.31615
 1321    691     1.44271     0.60346     4.31615
 1282    692     1.28394     0.60608     4.30637
 1283    692     1.28792     0.60608     4.30637
 1284    692     1.29191     0.60608     4.30637
 1285    692     1.29590     0.60608     4.30637
 1286    692     1.29989     0.60608     4.30637
 1287    692     1.30387     0.60608     4.30637
 1316    692     1.41951     0.60608     4.30637
 1317    692     1.42349     0.60608     4.30637
 1318    692     1.42748     0.60608     4.30637
 1319    692     1.43147     0.60608     4.30637
 1320    692     1.43546     0.60608     4.30637
 1321    692     1.43944     0.60608     4.30637
 1322    692     1.44343     0.60608     4.30637
 1282    693     1.28103     0.60869     4.29663
 1283    693     1.28501     0.60869     4.29663
 1284    693     1.28899     0.60869     4.29663
 1285    693     1.29297     0.60869     4.29663
 1286    693     1.29695     0.60869     4.29663
 1287    693     1.30093     0.60869     4.29663
 1288    693     1.30490     0.60869     4.29663
 1317    693     1.42028     0.60869     4.29663
 1318    693     1.42425     0.60869     4.29663
 1319    693     1.42823     0.60869     4.29663
 1320    693     1.43221     0.60869     4.29663
 1321    693     1.43619     0.60869     4.29663
 1322    693     1.44017     0.60869     4.29663
 1283    694     1.28211     0.61129     4.28694
 1284    694     1.28608     0.61129     4.28694
 1285    694     1.29005     0.61129     4.28694
 1286    694     1.29402     0.61129     4.28694
 1287    694     1.29799     0.61129     4.28694
 1288    694     1.30196     0.61129     4.28694
 1318    694     1.42104     0.61129     4.28694
 1319    694     1.42501     0.61129     4.28694
 1320    694     1.42898     0.61129     4.28694
 1321    694     1.43295     0.61129     4.28694
 1322    694     1.43692     0.61129     4.28694
 1323    694     1.44089     0.61129     4.28694
 1284    695     1.28319     0.61387     4.27730
 1285    695     1.28715     0.61387     4.27730
 1286    695     1.29111     0.61387     4.27730
 1287    695     1.29507     0.61387     4.27730
 1288    695     1.29903     0.61387     4.27730
 1289    695     1.30299     0.61387     4.27730
 1318    695     1.41784     0.61387     4.27730
 1319    695     1.42181     0.61387     4.27730
 1320    695     1.42577     0.61387     4.27730
 1321    695     1.42973     0.61387     4.27730
 1322    695     1.43369     0.61387     4.27730
 1323    695     1.43765     0.61387     4.27730
 1324    695     1.44161     0.61387     4.27730
 1284    696     1.28031     0.61644     4.26769
 1285    696     1.28426     0.61644     4.26769
 1286    696     1.28821     0.61644     4.26769
 1287    696     1.29216     0.61644     4.26769
 1288    696     1.29611     0.61644     4.26769
 1289    696     1.30007     0.61644     4.26769
 1319    696     1.41861     0.61644     4.26769
 1320    696     1.42256     0.61644     4.26769
 1321    696     1.42652     0.61644     4.26769
 1322    696     1.43047     0.61644     4.26769
 1323    696     1.43442     0.61644     4.26769
 1324    696     1.43837     0.61644     4.26769
 1284    697     1.27744     0.61901     4.25813
 1285    697     1.28138     0.61901     4.25813
 1286    697     1.28533     0.61901     4.25813
 1287    697     1.28927     0.61901     4.25813
 1288    697     1.29321     0.61901     4.25813
 1289    697     1.29715     0.61901     4.25813
 1290    697     1.30110     0.61901     4.25813
 1320    697     1.41938     0.61901     4.25813
 1321    697     1.42332     0.61901     4.25813
 1322    697     1.42726     0.61901     4.25813
 1323    697     1.43121     0.61901     4.25813
 1324    697     1.43515     0.61901     4.25813
 1325    697     1.43909     0.61901     4.25813
 1285    698     1.27852     0.62156     4.24861
 1286    698     1.28245     0.62156     4.24861
 1287    698     1.28639     0.62156     4.24861
 1288    698     1.29032     0.62156     4.24861
 1289    698     1.29425     0.62156     4.24861
 1290    698     1.29819     0.62156     4.24861
 1291    698     1.30212     0.62156     4.24861
 1320    698     1.41620     0.62156     4.24861
 1321    698     1.42014     0.62156     4.24861
 1322    698     1.42407     0.62156     4.24861
 1323    698     1.42801     0.62156     4.24861
 1324    698     1.43194     0.62156     4.24861
 1325    698     1.43587     0.62156     4.24861
 1326    698     1.43981     0.62156     4.24861
 1286    699     1.27959     0.62410     4.23914
 1287    699     1.28352     0.62410     4.23914
 1288    699     1.28744     0.62410     4.23914
 1289    699     1.29137     0.62410     4.23914
 1290    699     1.29529     0.62410     4.23914
 1291    699     1.29922     0.62410     4.23914
 1321    699     1.41697     0.62410     4.23914
 1322    699     1.42090     0.62410     4.23914
 1323    699     1.42482     0.62410     4.23914
 1324    699     1.42875     0.62410     4.23914
 1325    699     1.43267     0.62410     4.23914
 1326    699     1.43660     0.62410     4.23914
 1286    700     1.27674     0.62662     4.22971
 1287    700     1.28066     0.62662     4.22971
 1288    700     1.28458     0.62662     4.22971
 1289    700     1.28849     0.62662     4.22971
 1290    700     1.29241     0.62662     4.22971
 1291    700     1.29633     0.62662     4.22971
 1292    700     1.30024     0.62662     4.22971
 1322    700     1.41773     0.62662     4.22971
 1323    700     1.42165     0.62662     4.22971
 1324    700     1.42557     0.62662     4.22971
 1325    700     1.42948     0.62662     4.22971
 1326    700     1.43340     0.62662     4.22971
 1327    700     1.43732     0.62662     4.22971
 1287    701     1.27782     0.62914     4.22031
 1288    701     1.28173     0.62914     4.22031
 1289    701     1.28563     0.62914     4.22031
 1290    701     1.28954     0.62914     4.22031
 1291    701     1.29345     0.62914     4.22031
 1292    701     1.29736     0.62914     4.22031
 1322    701     1.41459     0.62914     4.22031
 1323    701     1.41849     0.62914     4.22031
 1324    701     1.42240     0.62914     4.22031
 1325    701     1.42631     0.62914     4.22031
 1326    701     1.43022     0.62914     4.22031
 1327    701     1.43413     0.62914     4.22031
 1328    701     1.43803     0.62914     4.22031
 1288    702     1.27889     0.63164     4.21097
 1289    702     1.28278     0.63164     4.21097
 1290    702     1.28668     0.63164     4.21097
 1291    702     1.29058     0.63164     4.21097
 1292    702     1.29448     0.63164     4.21097
 1293    702     1.29838     0.63164     4.21097
 1323    702     1.41535     0.63164     4.21097
 1324    702     1.41925     0.63164     4.21097
 1325    702     1.42315     0.63164     4.21097
 1326    702     1.42705     0.63164     4.21097
 1327    702     1.43095     0.63164     4.21097
 1328    702     1.43485     0.63164     4.21097
 1288    703     1.27606     0.63414     4.20166
 1289    703     1.27995     0.63414     4.20166
 1290    703     1.28384     0.63414     4.20166
 1291    703     1.28773     0.63414     4.20166
 1292    703     1.29162     0.63414     4.20166
 1293    703     1.29551     0.63414     4.20166
 1324    703     1.41611     0.63414     4.20166
 1325    703     1.42000     0.63414     4.20166
 1326    703     1.42389     0.63414     4.20166
 1327    703     1.42779     0.63414     4.20166
 1328    703     1.43168     0.63414     4.20166
 1329    703     1.43557     0.63414     4.20166
 1289    704     1.27713     0.63662     4.19239
 1290    704     1.28101     0.63662     4.19239
 1291    704     1.28489     0.63662     4.19239
 1292    704     1.28877     0.63662     4.19239
 1293    704     1.29265     0.63662     4.19239
 1294    704     1.29654     0.63662     4.19239
 1324    704     1.41299     0.63662     4.19239
 1325    704     1.41687     0.63662     4.19239
 1326    704     1.42075     0.63662     4.19239
 1327    704     1.42464     0.63662     4.19239
 1328    704     1.42852     0.63662     4.19239
 1329    704     1.43240     0.63662     4.19239
 1289    705     1.27432     0.63909     4.18316
 1290    705     1.27819     0.63909     4.18316
 1291    705     1.28206     0.63909     4.18316
 1292    705     1.28594     0.63909     4.18316
 1293    705     1.28981     0.63909     4.18316
 1294    705     1.29368     0.63909     4.18316
 1295    705     1.29756     0.63909     4.18316
 1325    705     1.41375     0.63909     4.18316
 1326    705     1.41763     0.63909     4.18316
 1327    705     1.42150     0.63909     4.18316
 1328    705     1.42537     0.63909     4.18316
 1329    705     1.42925     0.63909     4.18316
 1330    705     1.43312     0.63909     4.18316
 1290    706     1.27538     0.64156     4.17398
 1291    706     1.27925     0.64156     4.17398
 1292    706     1.28311     0.64156     4.17398
 1293    706     1.28698     0.64156     4.17398
 1294    706     1.29084     0.64156     4.17398
 1295    706     1.29471     0.64156     4.17398
 1325    706     1.41065     0.64156     4.17398
 1326    706     1.41451     0.64156     4.17398
 1327    706     1.41838     0.64156     4.17398
 1328    706     1.42224     0.64156     4.17398
 1329    706     1.42611     0.64156     4.17398
 1330    706     1.42997     0.64156     4.17398
 1331    706     1.43384     0.64156     4.17398
 1291    707     1.27644     0.64401     4.16483
 1292    707     1.28030     0.64401     4.16483
 1293    707     1.28416     0.64401     4.16483
 1294    707     1.28801     0.64401     4.16483
 1295    707     1.29187     0.64401     4.16483
 1296    707     1.29573     0.64401     4.16483
 1326    707     1.41142     0.64401     4.16483
 1327    707     1.41527     0.64401     4.16483
 1328    707     1.41913     0.64401     4.16483
 1329    707     1.42298     0.64401     4.16483
 1330    707     1.42684     0.64401     4.16483
 1331    707     1.43070     0.64401     4.16483
 1291    708     1.27365     0.64645     4.15573
 1292    708     1.27750     0.64645     4.15573
 1293    708     1.28135     0.64645     4.15573
 1294    708     1.28520     0.64645     4.15573
 1295    708     1.28904     0.64645     4.15573
 1296    708     1.29289     0.64645     4.15573
 1297    708     1.29674     0.64645     4.15573
 1326    708     1.40833     0.64645     4.15573
 1327    708     1.41218     0.64645     4.15573
 1328    708     1.41603     0.64645     4.15573
 1329    708     1.41987     0.64645     4.15573
 1330    708     1.42372     0.64645     4.15573
 1331    708     1.42757     0.64645     4.15573
 1332    708     1.43142     0.64645     4.15573
 1292    709     1.27471     0.64888     4.14666
 1293    709     1.27855     0.64888     4.14666
 1294    709     1.28239     0.64888     4.14666
 1295    709     1.28623     0.64888     4.14666
 1296    709     1.29007     0.64888     4.14666
 1297    709     1.29391     0.64888     4.14666
 1327    709     1.40910     0.64888     4.14666
 1328    709     1.41294     0.64888     4.14666
 1329    709     1.41678     0.64888     4.14666
 1330    709     1.42061     0.64888     4.14666
 1331    709     1.42445     0.64888     4.14666
 1332    709     1.42829     0.64888     4.14666
 1333    709     1.43213     0.64888     4.14666
 1292    710     1.27194     0.65129     4.13763
 1293    710     1.27577     0.65129     4.13763
 1294    710     1.27960     0.65129     4.13763
 1295    710     1.28343     0.65129     4.13763
 1296    710     1.28726     0.65129     4.13763
 1297    710     1.29109     0.65129     4.13763
 1298    710     1.29493     0.65129     4.13763
 1328    710     1.40986     0.65129     4.13763
 1329    710     1.41369     0.65129     4.13763
 1330    710     1.41752     0.65129     4.13763
 1331    710     1.42135     0.65129     4.13763
 1332    710     1.42518     0.65129     4.13763
 1333    710     1.42902     0.65129     4.13763
 1293    711     1.27300     0.65370     4.12865
 1294    711     1.27682     0.65370     4.12865
 1295    711     1.28064     0.65370     4.12865
 1296    711     1.28447     0.65370     4.12865
 1297    711     1.28829     0.65370     4.12865
 1298    711     1.29211     0.65370     4.12865
 1299    711     1.29594     0.65370     4.12865
 1329    711     1.41062     0.65370     4.12865
 1330    711     1.41444     0.65370     4.12865
 1331    711     1.41827     0.65370     4.12865
 1332    711     1.42209     0.65370     4.12865
 1333    711     1.42591     0.65370     4.12865
 1334    711     1.42973     0.65370     4.12865
 1294    712     1.27405     0.65610     4.11970
 1295    712     1.27787     0.65610     4.11970
 1296    712     1.28168     0.65610     4.11970
 1297    712     1.28550     0.65610     4.11970
 1298    712     1.28931     0.65610     4.11970
 1299    712     1.29313     0.65610     4.11970
 1329    712     1.40756     0.65610     4.11970
 1330    712     1.41138     0.65610     4.11970
 1331    712     1.41519     0.65610     4.11970
 1332    712     1.41901     0.65610     4.11970
 1333    712     1.42282     0.65610     4.11970
 1334    712     1.42664     0.65610     4.11970
 1335    712     1.43045     0.65610     4.11970
 1294    713     1.27130     0.65849     4.11079
 1295    713     1.27511     0.65849     4.11079
 1296    713     1.27891     0.65849     4.11079
 1297    713     1.28272     0.65849     4.11079
 1298    713     1.28652     0.65849     4.11079
 1299    713     1.29033     0.65849     4.11079
 1300    713     1.29414     0.65849     4.11079
 1330    713     1.40833     0.65849     4.11079
 1331    713     1.41213     0.65849     4.11079
 1332    713     1.41594     0.65849     4.11079
 1333    713     1.41974     0.65849     4.11079
 1334    713     1.42355     0.65849     4.11079
 1335    713     1.42736     0.65849     4.11079
 1295    714     1.27235     0.66086     4.10192
 1296    714     1.27615     0.66086     4.10192
 1297    714     1.27995     0.66086     4.10192
 1298    714     1.28375     0.66086     4.10192
 1299    714     1.28755     0.66086     4.10192
 1300    714     1.29134     0.66086     4.10192
 1331    714     1.40908     0.66086     4.10192
 1332    714     1.41288     0.66086     4.10192
 1333    714     1.41668     0.66086     4.10192
 1334    714     1.42048     0.66086     4.10192
 1335    714     1.42428     0.66086     4.10192
 1336    714     1.42807     0.66086     4.10192
 1296    715     1.27340     0.66323     4.09308
 1297    715     1.27719     0.66323     4.09308
 1298    715     1.28098     0.66323     4.09308
 1299    715     1.28477     0.66323     4.09308
 1300    715     1.28856     0.66323     4.09308
 1301    715     1.29235     0.66323     4.09308
 1331    715     1.40605     0.66323     4.09308
 1332    715     1.40984     0.66323     4.09308
 1333    715     1.41363     0.66323     4.09308
 1334    715     1.41742     0.66323     4.09308
 1335    715     1.42121     0.66323     4.09308
 1336    715     1.42500     0.66323     4.09308
 1296    716     1.27067     0.66559     4.08429
 1297    716     1.27445     0.66559     4.08429
 1298    716     1.27823     0.66559     4.08429
 1299    716     1.28201     0.66559     4.08429
 1300    716     1.28579     0.66559     4.08429
 1301    716     1.28958     0.66559     4.08429
 1332    716     1.40681     0.66559     4.08429
 1333    716     1.41059     0.66559     4.08429
 1334    716     1.41437     0.66559     4.08429
 1335    716     1.41816     0.66559     4.08429
 1336    716     1.42194     0.66559     4.08429
 1337    716     1.42572     0.66559     4.08429
 1297    717     1.27172     0.66793     4.07553
 1298    717     1.27549     0.66793     4.07553
 1299    717     1.27926     0.66793     4.07553
 1300    717     1.28304     0.66793     4.07553
 1301    717     1.28681     0.66793     4.07553
 1302    717     1.29058     0.66793     4.07553
 1332    717     1.40379     0.66793     4.07553
 1333    717     1.40757     0.66793     4.07553
 1334    717     1.41134     0.66793     4.07553
 1335    717     1.41511     0.66793     4.07553
 1336    717     1.41889     0.66793     4.07553
 1337    717     1.42266     0.66793     4.07553
 1297    718     1.26900     0.67027     4.06681
 1298    718     1.27276     0.67027     4.06681
 1299    718     1.27653     0.67027     4.06681
 1300    718     1.28029     0.67027     4.06681
 1301    718     1.28406     0.67027     4.06681
 1302    718     1.28782     0.67027     4.06681
 1333    718     1.40456     0.67027     4.06681
 1334    718     1.40832     0.67027     4.06681
 1335    718     1.41209     0.67027     4.06681
 1336    718     1.41585     0.67027     4.06681
 1337    718     1.41962     0.67027     4.06681
 1338    718     1.42338     0.67027     4.06681
 1298    719     1.27004     0.67260     4.05813
 1299    719     1.27380     0.67260     4.05813
 1300    719     1.27756     0.67260     4.05813
 1301    719     1.28132     0.67260     4.05813
 1302    719     1.28507     0.67260     4.05813
 1303    719     1.28883     0.67260     4.05813
 1333    719     1.40156     0.67260     4.05813
 1334    719     1.40531     0.67260     4.05813
 1335    719     1.40907     0.67260     4.05813
 1336    719     1.41283     0.67260     4.05813
 1337    719     1.41659     0.67260     4.05813
 1338    719     1.42034     0.67260     4.05813
 1339    719     1.42410     0.67260     4.05813
 1298    720     1.26734     0.67491     4.04948
 1299    720     1.27109     0.67491     4.04948
 1300    720     1.27484     0.67491     4.04948
 1301    720     1.27859     0.67491     4.04948
 1302    720     1.28234     0.67491     4.04948
 1303    720     1.28609     0.67491     4.04948
 1304    720     1.28984     0.67491     4.04948
 1334    720     1.40232     0.67491     4.04948
 1335    720     1.40607     0.67491     4.04948
 1336    720     1.40982     0.67491     4.04948
 1337    720     1.41357     0.67491     4.04948
 1338    720     1.41732     0.67491     4.04948
 1339    720     1.42107     0.67491     4.04948
 1340    720     1.42482     0.67491     4.04948
 1299    721     1.26839     0.67722     4.04087
 1300    721     1.27213     0.67722     4.04087
 1301    721     1.27587     0.67722     4.04087
 1302    721     1.27961     0.67722     4.04087
 1303    721     1.28335     0.67722     4.04087
 1304    721     1.28709     0.67722     4.04087
 1335    721     1.40308     0.67722     4.04087
 1336    721     1.40682     0.67722     4.04087
 1337    721     1.41056     0.67722     4.04087
 1338    721     1.41431     0.67722     4.04087
 1339    721     1.41805     0.67722     4.04087
 1340    721     1.42179     0.67722     4.04087
 1300    722     1.26943     0.67952     4.03230
 1301    722     1.27316     0.67952     4.03230
 1302    722     1.27690     0.67952     4.03230
 1303    722     1.28063     0.67952     4.03230
 1304    722     1.28436     0.67952     4.03230
 1305    722     1.28810     0.67952     4.03230
 1335    722     1.40010     0.67952     4.03230
 1336    722     1.40384     0.67952     4.03230
 1337    722     1.40757     0.67952     4.03230
 1338    722     1.41131     0.67952     4.03230
 1339    722     1.41504     0.67952     4.03230
 1340    722     1.41877     0.67952     4.03230
 1341    722     1.42251     0.67952     4.03230
 1300    723     1.26674     0.68180     4.02377
 1301    723     1.27047     0.68180     4.02377
 1302    723     1.27419     0.68180     4.02377
 1303    723     1.27792     0.68180     4.02377
 1304    723     1.28164     0.68180     4.02377
 1305    723     1.28537     0.68180     4.02377
 1336    723     1.40087     0.68180     4.02377
 1337    723     1.40459     0.68180     4.02377
 1338    723     1.40832     0.68180     4.02377
 1339    723     1.41204     0.68180     4.02377
 1340    723     1.41577     0.68180     4.02377
 1341    723     1.41950     0.68180     4.02377
 1301    724     1.26778     0.68408     4.01527
 1302    724     1.27150     0.68408     4.01527
 1303    724     1.27522     0.68408     4.01527
 1304    724     1.27894     0.68408     4.01527
 1305    724     1.28265     0.68408     4.01527
 1306    724     1.28637     0.68408     4.01527
 1337    724     1.40163     0.68408     4.01527
 1338    724     1.40534     0.68408     4.01527
 1339    724     1.40906     0.68408     4.01527
 1340    724     1.41278     0.68408     4.01527
 1341    724     1.41650     0.68408     4.01527
 1342    724     1.42021     0.68408     4.01527
 1301    725     1.26511     0.68635     4.00680
 1302    725     1.26882     0.68635     4.00680
 1303    725     1.27253     0.68635     4.00680
 1304    725     1.27624     0.68635     4.00680
 1305    725     1.27995     0.68635     4.00680
 1306    725     1.28366     0.68635     4.00680
 1307    725     1.28737     0.68635     4.00680
 1337    725     1.39867     0.68635     4.00680
 1338    725     1.40238     0.68635     4.00680
 1339    725     1.40609     0.68635     4.00680
 1340    725     1.40980     0.68635     4.00680
 1341    725     1.41351     0.68635     4.00680
 1342    725     1.41722     0.68635     4.00680
 1302    726     1.26615     0.68861     3.99837
 1303    726     1.26985     0.68861     3.99837
 1304    726     1.27356     0.68861     3.99837
 1305    726     1.27726     0.68861     3.99837
 1306    726     1.28096     0.68861     3.99837
 1307    726     1.28466     0.68861     3.99837
 1338    726     1.39943     0.68861     3.99837
 1339    726     1.40313     0.68861     3.99837
 1340    726     1.40683     0.68861     3.99837
 1341    726     1.41054     0.68861     3.99837
 1342    726     1.41424     0.68861     3.99837
 1343    726     1.41794     0.68861     3.99837
 1302    727     1.26349     0.69086     3.98998
 1303    727     1.26719     0.69086     3.98998
 1304    727     1.27088     0.69086     3.98998
 1305    727     1.27458     0.69086     3.98998
 1306    727     1.27827     0.69086     3.98998
 1307    727     1.28197     0.69086     3.98998
 1308    727     1.28566     0.69086     3.98998
 1338    727     1.39649     0.69086     3.98998
 1339    727     1.40019     0.69086     3.98998
 1340    727     1.40388     0.69086     3.98998
 1341    727     1.40758     0.69086     3.98998
 1342    727     1.41127     0.69086     3.98998
 1343    727     1.41497     0.69086     3.98998
 1303    728     1.26453     0.69310     3.98162
 1304    728     1.26822     0.69310     3.98162
 1305    728     1.27191     0.69310     3.98162
 1306    728     1.27559     0.69310     3.98162
 1307    728     1.27928     0.69310     3.98162
 1308    728     1.28297     0.69310     3.98162
 1339    728     1.39725     0.69310     3.98162
 1340    728     1.40094     0.69310     3.98162
 1341    728     1.40463     0.69310     3.98162
 1342    728     1.40831     0.69310     3.98162
 1343    728     1.41200     0.69310     3.98162
 1344    728     1.41569     0.69310     3.98162
 1304    729     1.26557     0.69533     3.97330
 1305    729     1.26925     0.69533     3.97330
 1306    729     1.27293     0.69533     3.97330
 1307    729     1.27661     0.69533     3.97330
 1308    729     1.28029     0.69533     3.97330
 1309    729     1.28396     0.69533     3.97330
 1339    729     1.39433     0.69533     3.97330
 1340    729     1.39801     0.69533     3.97330
 1341    729     1.40169     0.69533     3.97330
 1342    729     1.40537     0.69533     3.97330
 1343    729     1.40905     0.69533     3.97330
 1344    729     1.41273     0.69533     3.97330
 1345    729     1.41641     0.69533     3.97330
 1304    730     1.26293     0.69755     3.96501
 1305    730     1.26660     0.69755     3.96501
 1306    730     1.27027     0.69755     3.96501
 1307    730     1.27394     0.69755     3.96501
 1308    730     1.27761     0.69755     3.96501
 1309    730     1.28129     0.69755     3.96501
 1340    730     1.39510     0.69755     3.96501
 1341    730     1.39877     0.69755     3.96501
 1342    730     1.40244     0.69755     3.96501
 1343    730     1.40611     0.69755     3.96501
 1344    730     1.40978     0.69755     3.96501
 1345    730     1.41345     0.69755     3.96501
 1346    730     1.41712     0.69755     3.96501
 1305    731     1.26396     0.69976     3.95676
 1306    731     1.26763     0.69976     3.95676
 1307    731     1.27129     0.69976     3.95676
 1308    731     1.27495     0.69976     3.95676
 1309    731     1.27862     0.69976     3.95676
 1310    731     1.28228     0.69976     3.95676
 1341    731     1.39586     0.69976     3.95676
 1342    731     1.39952     0.69976     3.95676
 1343    731     1.40318     0.69976     3.95676
 1344    731     1.40685     0.69976     3.95676
 1345    731     1.41051     0.69976     3.95676
 1346    731     1.41417     0.69976     3.95676
 1305    732     1.26134     0.70196     3.94854
 1306    732     1.26499     0.70196     3.94854
 1307    732     1.26865     0.70196     3.94854
 1308    732     1.27231     0.70196     3.94854
 1309    732     1.27596     0.70196     3.94854
 1310    732     1.27962     0.70196     3.94854
 1311    732     1.28327     0.70196     3.94854
 1341    732     1.39296     0.70196     3.94854
 1342    732     1.39661     0.70196     3.94854
 1343    732     1.40027     0.70196     3.94854
 1344    732     1.40392     0.70196     3.94854
 1345    732     1.40758     0.70196     3.94854
 1346    732     1.41124     0.70196     3.94854
 1347    732     1.41489     0.70196     3.94854
 1306    733     1.26237     0.70416     3.94035
 1307    733     1.26602     0.70416     3.94035
 1308    733     1.26967     0.70416     3.94035
 1309    733     1.27332     0.70416     3.94035
 1310    733     1.27697     0.70416     3.94035
 1311    733     1.28061     0.70416     3.94035
 1312    733     1.28426     0.70416     3.94035
 1342    733     1.39372     0.70416     3.94035
 1343    733     1.39737     0.70416     3.94035
 1344    733     1.40101     0.70416     3.94035
 1345    733     1.40466     0.70416     3.94035
 1346    733     1.40831     0.70416     3.94035
 1347    733     1.41196     0.70416     3.94035
 1348    733     1.41561     0.70416     3.94035
 1307    734     1.26340     0.70634     3.93220
 1308    734     1.26704     0.70634     3.93220
 1309    734     1.27068     0.70634     3.93220
 1310    734     1.27432     0.70634     3.93220
 1311    734     1.27797     0.70634     3.93220
 1312    734     1.28161     0.70634     3.93220
 1343    734     1.39447     0.70634     3.93220
 1344    734     1.39812     0.70634     3.93220
 1345    734     1.40176     0.70634     3.93220
 1346    734     1.40540     0.70634     3.93220
 1347    734     1.40904     0.70634     3.93220
 1348    734     1.41268     0.70634     3.93220
 1349    734     1.41632     0.70634     3.93220
 1307    735     1.26079     0.70851     3.92408
 1308    735     1.26443     0.70851     3.92408
 1309    735     1.26806     0.70851     3.92408
 1310    735     1.27169     0.70851     3.92408
 1311    735     1.27533     0.70851     3.92408
 1312    735     1.27896     0.70851     3.92408
 1313    735     1.28259     0.70851     3.92408
 1344    735     1.39523     0.70851     3.92408
 1345    735     1.39886     0.70851     3.92408
 1346    735     1.40250     0.70851     3.92408
 1347    735     1.40613     0.70851     3.92408
 1348    735     1.40976     0.70851     3.92408
 1349    735     1.41340     0.70851     3.92408
 1308    736     1.26182     0.71068     3.91600
 1309    736     1.26545     0.71068     3.91600
 1310    736     1.26907     0.71068     3.91600
 1311    736     1.27270     0.71068     3.91600
 1312    736     1.27633     0.71068     3.91600
 1313    736     1.27995     0.71068     3.91600
 1345    736     1.39598     0.71068     3.91600
 1346    736     1.39961     0.71068     3.91600
 1347    736     1.40323     0.71068     3.91600
 1348    736     1.40686     0.71068     3.91600
 1349    736     1.41048     0.71068     3.91600
 1350    736     1.41411     0.71068     3.91600
 1309    737     1.26285     0.71284     3.90795
 1310    737     1.26646     0.71284     3.90795
 1311    737     1.27008     0.71284     3.90795
 1312    737     1.27370     0.71284     3.90795
 1313    737     1.27732     0.71284     3.90795
 1314    737     1.28094     0.71284     3.90795
 1345    737     1.39311     0.71284     3.90795
 1346    737     1.39673     0.71284     3.90795
 1347    737     1.40035     0.71284     3.90795
 1348    737     1.40397     0.71284     3.90795
 1349    737     1.40758     0.71284     3.90795
 1350    737     1.41120     0.71284     3.90795
 1351    737     1.41482     0.71284     3.90795
 1309    738     1.26025     0.71499     3.89993
 1310    738     1.26387     0.71499     3.89993
 1311    738     1.26748     0.71499     3.89993
 1312    738     1.27109     0.71499     3.89993
 1313    738     1.27470     0.71499     3.89993
 1314    738     1.27831     0.71499     3.89993
 1346    738     1.39386     0.71499     3.89993
 1347    738     1.39747     0.71499     3.89993
 1348    738     1.40109     0.71499     3.89993
 1349    738     1.40470     0.71499     3.89993
 1350    738     1.40831     0.71499     3.89993
 1351    738     1.41192     0.71499     3.89993
 1310    739     1.26128     0.71713     3.89194
 1311    739     1.26488     0.71713     3.89194
 1312    739     1.26849     0.71713     3.89194
 1313    739     1.27209     0.71713     3.89194
 1314    739     1.27569     0.71713     3.89194
 1315    739     1.27930     0.71713     3.89194
 1347    739     1.39461     0.71713     3.89194
 1348    739     1.39822     0.71713     3.89194
 1349    739     1.40182     0.71713     3.89194
 1350    739     1.40542     0.71713     3.89194
 1351    739     1.40903     0.71713     3.89194
 1352    739     1.41263     0.71713     3.89194
 1310    740     1.25870     0.71926     3.88399
 1311    740     1.26230     0.71926     3.88399
 1312    740     1.26589     0.71926     3.88399
 1313    740     1.26949     0.71926     3.88399
 1314    740     1.27309     0.71926     3.88399
 1315    740     1.27668     0.71926     3.88399
 1347    740     1.39176     0.71926     3.88399
 1348    740     1.39536     0.71926     3.88399
 1349    740     1.39896     0.71926     3.88399
 1350    740     1.40255     0.71926     3.88399
 1351    740     1.40615     0.71926     3.88399
 1352    740     1.40974     0.71926     3.88399
 1353    740     1.41334     0.71926     3.88399
 1311    741     1.25972     0.72138     3.87607
 1312    741     1.26331     0.72138     3.87607
 1313    741     1.26690     0.72138     3.87607
 1314    741     1.27049     0.72138     3.87607
 1315    741     1.27408     0.72138     3.87607
 1316    741     1.27767     0.72138     3.87607
 1348    741     1.39251     0.72138     3.87607
 1349    741     1.39610     0.72138     3.87607
 1350    741     1.39969     0.72138     3.87607
 1351    741     1.40328     0.72138     3.87607
 1352    741     1.40687     0.72138     3.87607
 1353    741     1.41046     0.72138     3.87607
 1311    742     1.25716     0.72349     3.86818
 1312    742     1.26074     0.72349     3.86818
 1313    742     1.26432     0.72349     3.86818
 1314    742     1.26790     0.72349     3.86818
 1315    742     1.27149     0.72349     3.86818
 1316    742     1.27507     0.72349     3.86818
 1317    742     1.27865     0.72349     3.86818
 1348    742     1.38968     0.72349     3.86818
 1349    742     1.39326     0.72349     3.86818
 1350    742     1.39684     0.72349     3.86818
 1351    742     1.40043     0.72349     3.86818
 1352    742     1.40401     0.72349     3.86818
 1353    742     1.40759     0.72349     3.86818
 1312    743     1.25818     0.72560     3.86033
 1313    743     1.26175     0.72560     3.86033
 1314    743     1.26533     0.72560     3.86033
 1315    743     1.26890     0.72560     3.86033
 1316    743     1.27248     0.72560     3.86033
 1317    743     1.27605     0.72560     3.86033
 1349    743     1.39043     0.72560     3.86033
 1350    743     1.39401     0.72560     3.86033
 1351    743     1.39758     0.72560     3.86033
 1352    743     1.40116     0.72560     3.86033
 1353    743     1.40473     0.72560     3.86033
 1354    743     1.40830     0.72560     3.86033
 1313    744     1.25920     0.72769     3.85250
 1314    744     1.26276     0.72769     3.85250
 1315    744     1.26633     0.72769     3.85250
 1316    744     1.26990     0.72769     3.85250
 1317    744     1.27347     0.72769     3.85250
 1318    744     1.27703     0.72769     3.85250
 1349    744     1.38761     0.72769     3.85250
 1350    744     1.39118     0.72769     3.85250
 1351    744     1.39475     0.72769     3.85250
 1352    744     1.39832     0.72769     3.85250
 1353    744     1.40188     0.72769     3.85250
 1354    744     1.40545     0.72769     3.85250
 1355    744     1.40902     0.72769     3.85250
 1313    745     1.25665     0.72978     3.84471
 1314    745     1.26021     0.72978     3.84471
 1315    745     1.26377     0.72978     3.84471
 1316    745     1.26733     0.72978     3.84471
 1317    745     1.27089     0.72978     3.84471
 1318    745     1.27445     0.72978     3.84471
 1350    745     1.38837     0.72978     3.84471
 1351    745     1.39193     0.72978     3.84471
 1352    745     1.39549     0.72978     3.84471
 1353    745     1.39905     0.72978     3.84471
 1354    745     1.40261     0.72978     3.84471
 1355    745     1.40617     0.72978     3.84471
 1356    745     1.40973     0.72978     3.84471
 1314    746     1.25767     0.73186     3.83695
 1315    746     1.26122     0.73186     3.83695
 1316    746     1.26477     0.73186     3.83695
 1317    746     1.26832     0.73186     3.83695
 1318    746     1.27188     0.73186     3.83695
 1319    746     1.27543     0.73186     3.83695
 1350    746     1.38556     0.73186     3.83695
 1351    746     1.38912     0.73186     3.83695
 1352    746     1.39267     0.73186     3.83695
 1353    746     1.39622     0.73186     3.83695
 1354    746     1.39978     0.73186     3.83695
 1355    746     1.40333     0.73186     3.83695
 1356    746     1.40688     0.73186     3.83695
 1314    747     1.25513     0.73393     3.82922
 1315    747     1.25868     0.73393     3.82922
 1316    747     1.26222     0.73393     3.82922
 1317    747     1.26577     0.73393     3.82922
 1318    747     1.26931     0.73393     3.82922
 1319    747     1.27286     0.73393     3.82922
 1351    747     1.38632     0.73393     3.82922
 1352    747     1.38986     0.73393     3.82922
 1353    747     1.39341     0.73393     3.82922
 1354    747     1.39696     0.73393     3.82922
 1355    747     1.40050     0.73393     3.82922
 1356    747     1.40405     0.73393     3.82922
 1357    747     1.40759     0.73393     3.82922
 1315    748     1.25615     0.73600     3.82152
 1316    748     1.25969     0.73600     3.82152
 1317    748     1.26322     0.73600     3.82152
 1318    748     1.26676     0.73600     3.82152
 1319    748     1.27030     0.73600     3.82152
 1320    748     1.27384     0.73600     3.82152
 1352    748     1.38707     0.73600     3.82152
 1353    748     1.39061     0.73600     3.82152
 1354    748     1.39415     0.73600     3.82152
 1355    748     1.39769     0.73600     3.82152
 1356    748     1.40122     0.73600     3.82152
 1357    748     1.40476     0.73600     3.82152
 1358    748     1.40830     0.73600     3.82152
 1315    749     1.25363     0.73805     3.81385
 1316    749     1.25716     0.73805     3.81385
 1317    749     1.26069     0.73805     3.81385
 1318    749     1.26422     0.73805     3.81385
 1319    749     1.26775     0.73805     3.81385
 1320    749     1.27128     0.73805     3.81385
 1321    749     1.27482     0.73805     3.81385
 1353    749     1.38782     0.73805     3.81385
 1354    749     1.39135     0.73805     3.81385
 1355    749     1.39488     0.73805     3.81385
 1356    749     1.39841     0.73805     3.81385
 1357    749     1.40194     0.73805     3.81385
 1358    749     1.40548     0.73805     3.81385
 1316    750     1.25464     0.74010     3.80621
 1317    750     1.25817     0.74010     3.80621
 1318    750     1.26169     0.74010     3.80621
 1319    750     1.26521     0.74010     3.80621
 1320    750     1.26874     0.74010     3.80621
 1321    750     1.27226     0.74010     3.80621
 1353    750     1.38504     0.74010     3.80621
 1354    750     1.38856     0.74010     3.80621
 1355    750     1.39209     0.74010     3.80621
 1356    750     1.39561     0.74010     3.80621
 1357    750     1.39914     0.74010     3.80621
 1358    750     1.40266     0.74010     3.80621
 1359    750     1.40618     0.74010     3.80621
 1316    751     1.25213     0.74214     3.79861
 1317    751     1.25565     0.74214     3.79861
 1318    751     1.25917     0.74214     3.79861
 1319    751     1.26269     0.74214     3.79861
 1320    751     1.26620     0.74214     3.79861
 1321    751     1.26972     0.74214     3.79861
 1322    751     1.27324     0.74214     3.79861
 1354    751     1.38579     0.74214     3.79861
 1355    751     1.38931     0.74214     3.79861
 1356    751     1.39282     0.74214     3.79861
 1357    751     1.39634     0.74214     3.79861
 1358    751     1.39986     0.74214     3.79861
 1359    751     1.40337     0.74214     3.79861
 1360    751     1.40689     0.74214     3.79861
 1317    752     1.25315     0.74417     3.79103
 1318    752     1.25666     0.74417     3.79103
 1319    752     1.26017     0.74417     3.79103
 1320    752     1.26368     0.74417     3.79103
 1321    752     1.26719     0.74417     3.79103
 1322    752     1.27070     0.74417     3.79103
 1355    752     1.38653     0.74417     3.79103
 1356    752     1.39005     0.74417     3.79103
 1357    752     1.39356     0.74417     3.79103
 1358    752     1.39707     0.74417     3.79103
 1359    752     1.40058     0.74417     3.79103
 1360    752     1.40409     0.74417     3.79103
 1318    753     1.25416     0.74619     3.78349
 1319    753     1.25766     0.74619     3.78349
 1320    753     1.26116     0.74619     3.78349
 1321    753     1.26467     0.74619     3.78349
 1322    753     1.26817     0.74619     3.78349
 1323    753     1.27167     0.74619     3.78349
 1356    753     1.38728     0.74619     3.78349
 1357    753     1.39078     0.74619     3.78349
 1358    753     1.39428     0.74619     3.78349
 1359    753     1.39779     0.74619     3.78349
 1360    753     1.40129     0.74619     3.78349
 1361    753     1.40479     0.74619     3.78349
 1318    754     1.25166     0.74820     3.77597
 1319    754     1.25516     0.74820     3.77597
 1320    754     1.25866     0.74820     3.77597
 1321    754     1.26215     0.74820     3.77597
 1322    754     1.26565     0.74820     3.77597
 1323    754     1.26915     0.74820     3.77597
 1324    754     1.27264     0.74820     3.77597
 1356    754     1.38452     0.74820     3.77597
 1357    754     1.38802     0.74820     3.77597
 1358    754     1.39151     0.74820     3.77597
 1359    754     1.39501     0.74820     3.77597
 1360    754     1.39851     0.74820     3.77597
 1361    754     1.40200     0.74820     3.77597
 1319    755     1.25267     0.75021     3.76848
 1320    755     1.25616     0.75021     3.76848
 1321    755     1.25965     0.75021     3.76848
 1322    755     1.26314     0.75021     3.76848
 1323    755     1.26663     0.75021     3.76848
 1324    755     1.27012     0.75021     3.76848
 1357    755     1.38527     0.75021     3.76848
 1358    755     1.38876     0.75021     3.76848
 1359    755     1.39225     0.75021     3.76848
 1360    755     1.39573     0.75021     3.76848
 1361    755     1.39922     0.75021     3.76848
 1362    755     1.40271     0.75021     3.76848
 1319    756     1.25019     0.75221     3.76103
 1320    756     1.25368     0.75221     3.76103
 1321    756     1.25716     0.75221     3.76103
 1322    756     1.26064     0.75221     3.76103
 1323    756     1.26412     0.75221     3.76103
 1324    756     1.26761     0.75221     3.76103
 1325    756     1.27109     0.75221     3.76103
 1357    756     1.38253     0.75221     3.76103
 1358    756     1.38601     0.75221     3.76103
 1359    756     1.38949     0.75221     3.76103
 1360    756     1.39297     0.75221     3.76103
 1361    756     1.39646     0.75221     3.76103
 1362    756     1.39994     0.75221     3.76103
 1363    756     1.40342     0.75221     3.76103
 1320    757     1.25120     0.75420     3.75360
 1321    757     1.25468     0.75420     3.75360
 1322    757     1.25815     0.75420     3.75360
 1323    757     1.26163     0.75420     3.75360
 1324    757     1.26510     0.75420     3.75360
 1325    757     1.26858     0.75420     3.75360
 1326    757     1.27205     0.75420     3.75360
 1358    757     1.38327     0.75420     3.75360
 1359    757     1.38675     0.75420     3.75360
 1360    757     1.39022     0.75420     3.75360
 1361    757     1.39370     0.75420     3.75360
 1362    757     1.39717     0.75420     3.75360
 1363    757     1.40065     0.75420     3.75360
 1321    758     1.25220     0.75618     3.74620
 1322    758     1.25567     0.75618     3.74620
 1323    758     1.25914     0.75618     3.74620
 1324    758     1.26261     0.75618     3.74620
 1325    758     1.26608     0.75618     3.74620
 1326    758     1.26955     0.75618     3.74620
 1359    758     1.38401     0.75618     3.74620
 1360    758     1.38748     0.75618     3.74620
 1361    758     1.39095     0.75618     3.74620
 1362    758     1.39442     0.75618     3.74620
 1363    758     1.39789     0.75618     3.74620
 1364    758     1.40136     0.75618     3.74620
 1321    759     1.24974     0.75815     3.73883
 1322    759     1.25320     0.75815     3.73883
 1323    759     1.25666     0.75815     3.73883
 1324    759     1.26013     0.75815     3.73883
 1325    759     1.26359     0.75815     3.73883
 1326    759     1.26705     0.75815     3.73883
 1327    759     1.27051     0.75815     3.73883
 1359    759     1.38129     0.75815     3.73883
 1360    759     1.38475     0.75815     3.73883
 1361    759     1.38821     0.75815     3.73883
 1362    759     1.39168     0.75815     3.73883
 1363    759     1.39514     0.75815     3.73883
 1364    759     1.39860     0.75815     3.73883
 1365    759     1.40206     0.75815     3.73883
 1322    760     1.25074     0.76012     3.73149
 1323    760     1.25420     0.76012     3.73149
 1324    760     1.25765     0.76012     3.73149
 1325    760     1.26111     0.76012     3.73149
 1326    760     1.26456     0.76012     3.73149
 1327    760     1.26802     0.76012     3.73149
 1360    760     1.38203     0.76012     3.73149
 1361    760     1.38549     0.76012     3.73149
 1362    760     1.38894     0.76012     3.73149
 1363    760     1.39240     0.76012     3.73149
 1364    760     1.39585     0.76012     3.73149
 1365    760     1.39931     0.76012     3.73149
 1323    761     1.25174     0.76208     3.72418
 1324    761     1.25519     0.76208     3.72418
 1325    761     1.25864     0.76208     3.72418
 1326    761     1.26208     0.76208     3.72418
 1327    761     1.26553     0.76208     3.72418
 1328    761     1.26898     0.76208     3.72418
 1360    761     1.37933     0.76208     3.72418
 1361    761     1.38277     0.76208     3.72418
 1362    761     1.38622     0.76208     3.72418
 1363    761     1.38967     0.76208     3.72418
 1364    761     1.39312     0.76208     3.72418
 1365    761     1.39657     0.76208     3.72418
 1366    761     1.40002     0.76208     3.72418
 1323    762     1.24929     0.76403     3.71690
 1324    762     1.25273     0.76403     3.71690
 1325    762     1.25617     0.76403     3.71690
 1326    762     1.25962     0.76403     3.71690
 1327    762     1.26306     0.76403     3.71690
 1328    762     1.26650     0.76403     3.71690
 1329    762     1.26994     0.76403     3.71690
 1361    762     1.38007     0.76403     3.71690
 1362    762     1.38351     0.76403     3.71690
 1363    762     1.38695     0.76403     3.71690
 1364    762     1.39040     0.76403     3.71690
 1365    762     1.39384     0.76403     3.71690
 1366    762     1.39728     0.76403     3.71690
 1367    762     1.40072     0.76403     3.71690
 1324    763     1.25029     0.76597     3.70965
 1325    763     1.25372     0.76597     3.70965
 1326    763     1.25716     0.76597     3.70965
 1327    763     1.26059     0.76597     3.70965
 1328    763     1.26403     0.76597     3.70965
 1329    763     1.26746     0.76597     3.70965
 1362    763     1.38081     0.76597     3.70965
 1363    763     1.38425     0.76597     3.70965
 1364    763     1.38768     0.76597     3.70965
 1365    763     1.39112     0.76597     3.70965
 1366    763     1.39455     0.76597     3.70965
 1367    763     1.39799     0.76597     3.70965
 1325    764     1.25128     0.76791     3.70242
 1326    764     1.25471     0.76791     3.70242
 1327    764     1.25814     0.76791     3.70242
 1328    764     1.26157     0.76791     3.70242
 1329    764     1.26499     0.76791     3.70242
 1330    764     1.26842     0.76791     3.70242
 1363    764     1.38155     0.76791     3.70242
 1364    764     1.38498     0.76791     3.70242
 1365    764     1.38841     0.76791     3.70242
 1366    764     1.39184     0.76791     3.70242
 1367    764     1.39526     0.76791     3.70242
 1368    764     1.39869     0.76791     3.70242
 1325    765     1.24885     0.76984     3.69522
 1326    765     1.25227     0.76984     3.69522
 1327    765     1.25569     0.76984     3.69522
 1328    765     1.25911     0.76984     3.69522
 1329    765     1.26253     0.76984     3.69522
 1330    765     1.26596     0.76984     3.69522
 1363    765     1.37887     0.76984     3.69522
 1364    765     1.38229     0.76984     3.69522
 1365    765     1.38571     0.76984     3.69522
 1366    765     1.38913     0.76984     3.69522
 1367    765     1.39255     0.76984     3.69522
 1368    765     1.39597     0.76984     3.69522
 1326    766     1.24984     0.77176     3.68805
 1327    766     1.25325     0.77176     3.68805
 1328    766     1.25667     0.77176     3.68805
 1329    766     1.26008     0.77176     3.68805
 1330    766     1.26350     0.77176     3.68805
 1331    766     1.26691     0.77176     3.68805
 1364    766     1.37960     0.77176     3.68805
 1365    766     1.38302     0.77176     3.68805
 1366    766     1.38643     0.77176     3.68805
 1367    766     1.38985     0.77176     3.68805
 1368    766     1.39326     0.77176     3.68805
 1369    766     1.39668     0.77176     3.68805
 1326    767     1.24742     0.77367     3.68091
 1327    767     1.25083     0.77367     3.68091
 1328    767     1.25424     0.77367     3.68091
 1329    767     1.25764     0.77367     3.68091
 1330    767     1.26105     0.77367     3.68091
 1331    767     1.26446     0.77367     3.68091
 1364    767     1.37693     0.77367     3.68091
 1365    767     1.38034     0.77367     3.68091
 1366    767     1.38375     0.77367     3.68091
 1367    767     1.38716     0.77367     3.68091
 1368    767     1.39057     0.77367     3.68091
 1369    767     1.39397     0.77367     3.68091
 1327    768     1.24841     0.77558     3.67380
 1328    768     1.25181     0.77558     3.67380
 1329    768     1.25521     0.77558     3.67380
 1330    768     1.25862     0.77558     3.67380
 1331    768     1.26202     0.77558     3.67380
 1332    768     1.26542     0.77558     3.67380
 1365    768     1.37767     0.77558     3.67380
 1366    768     1.38107     0.77558     3.67380
 1367    768     1.38448     0.77558     3.67380
 1368    768     1.38788     0.77558     3.67380
 1369    768     1.39128     0.77558     3.67380
 1370    768     1.39468     0.77558     3.67380
 1327    769     1.24600     0.77748     3.66671
 1328    769     1.24940     0.77748     3.66671
 1329    769     1.25279     0.77748     3.66671
 1330    769     1.25619     0.77748     3.66671
 1331    769     1.25958     0.77748     3.66671
 1332    769     1.26298     0.77748     3.66671
 1365    769     1.37502     0.77748     3.66671
 1366    769     1.37841     0.77748     3.66671
 1367    769     1.38181     0.77748     3.66671
 1368    769     1.38520     0.77748     3.66671
 1369    769     1.38860     0.77748     3.66671
 1370    769     1.39199     0.77748     3.66671
 1328    770     1.24699     0.77937     3.65965
 1329    770     1.25038     0.77937     3.65965
 1330    770     1.25377     0.77937     3.65965
 1331    770     1.25716     0.77937     3.65965
 1332    770     1.26055     0.77937     3.65965
 1333    770     1.26393     0.77937     3.65965
 1366    770     1.37576     0.77937     3.65965
 1367    770     1.37915     0.77937     3.65965
 1368    770     1.38253     0.77937     3.65965
 1369    770     1.38592     0.77937     3.65965
 1370    770     1.38931     0.77937     3.65965
 1371    770     1.39270     0.77937     3.65965
 1328    771     1.24460     0.78125     3.65262
 1329    771     1.24798     0.78125     3.65262
 1330    771     1.25136     0.78125     3.65262
 1331    771     1.25474     0.78125     3.65262
 1332    771     1.25812     0.78125     3.65262
 1333    771     1.26151     0.78125     3.65262
 1334    771     1.26489     0.78125     3.65262
 1366    771     1.37311     0.78125     3.65262
 1367    771     1.37650     0.78125     3.65262
 1368    771     1.37988     0.78125     3.65262
 1369    771     1.38326     0.78125     3.65262
 1370    771     1.38664     0.78125     3.65262
 1371    771     1.39002     0.78125     3.65262
 1372    771     1.39341     0.78125     3.65262
 1329    772     1.24558     0.78313     3.64561
 1330    772     1.24896     0.78313     3.64561
 1331    772     1.25233     0.78313     3.64561
 1332    772     1.25571     0.78313     3.64561
 1333    772     1.25909     0.78313     3.64561
 1334    772     1.26246     0.78313     3.64561
 1367    772     1.37386     0.78313     3.64561
 1368    772     1.37723     0.78313     3.64561
 1369    772     1.38061     0.78313     3.64561
 1370    772     1.38398     0.78313     3.64561
 1371    772     1.38736     0.78313     3.64561
 1372    772     1.39073     0.78313     3.64561
 1373    772     1.39411     0.78313     3.64561
 1330    773     1.24657     0.78500     3.63863
 1331    773     1.24994     0.78500     3.63863
 1332    773     1.25331     0.78500     3.63863
 1333    773     1.25668     0.78500     3.63863
 1334    773     1.26004     0.78500     3.63863
 1335    773     1.26341     0.78500     3.63863
 1368    773     1.37459     0.78500     3.63863
 1369    773     1.37796     0.78500     3.63863
 1370    773     1.38133     0.78500     3.63863
 1371    773     1.38470     0.78500     3.63863
 1372    773     1.38807     0.78500     3.63863
 1373    773     1.39144     0.78500     3.63863
 1330    774     1.24419     0.78686     3.63168
 1331    774     1.24755     0.78686     3.63168
 1332    774     1.25091     0.78686     3.63168
 1333    774     1.25427     0.78686     3.63168
 1334    774     1.25764     0.78686     3.63168
 1335    774     1.26100     0.78686     3.63168
 1369    774     1.37533     0.78686     3.63168
 1370    774     1.37869     0.78686     3.63168
 1371    774     1.38206     0.78686     3.63168
 1372    774     1.38542     0.78686     3.63168
 1373    774     1.38878     0.78686     3.63168
 1374    774     1.39214     0.78686     3.63168
 1331    775     1.24517     0.78872     3.62475
 1332    775     1.24853     0.78872     3.62475
 1333    775     1.25188     0.78872     3.62475
 1334    775     1.25524     0.78872     3.62475
 1335    775     1.25860     0.78872     3.62475
 1336    775     1.26195     0.78872     3.62475
 1369    775     1.37271     0.78872     3.62475
 1370    775     1.37606     0.78872     3.62475
 1371    775     1.37942     0.78872     3.62475
 1372    775     1.38278     0.78872     3.62475
 1373    775     1.38613     0.78872     3.62475
 1374    775     1.38949     0.78872     3.62475
 1331    776     1.24280     0.79057     3.61785
 1332    776     1.24615     0.79057     3.61785
 1333    776     1.24950     0.79057     3.61785
 1334    776     1.25285     0.79057     3.61785
 1335    776     1.25620     0.79057     3.61785
 1336    776     1.25955     0.79057     3.61785
 1370    776     1.37344     0.79057     3.61785
 1371    776     1.37679     0.79057     3.61785
 1372    776     1.38014     0.79057     3.61785
 1373    776     1.38349     0.79057     3.61785
 1374    776     1.38684     0.79057     3.61785
 1375    776     1.39019     0.79057     3.61785
 1332    777     1.24378     0.79241     3.61098
 1333    777     1.24713     0.79241     3.61098
 1334    777     1.25047     0.79241     3.61098
 1335    777     1.25381     0.79241     3.61098
 1336    777     1.25716     0.79241     3.61098
 1337    777     1.26050     0.79241     3.61098
 1370    777     1.37084     0.79241     3.61098
 1371    777     1.37418     0.79241     3.61098
 1372    777     1.37752     0.79241     3.61098
 1373    777     1.38087     0.79241     3.61098
 1374    777     1.38421     0.79241     3.61098
 1375    777     1.38755     0.79241     3.61098
 1376    777     1.39090     0.79241     3.61098
 1332    778     1.24142     0.79424     3.60413
 1333    778     1.24476     0.79424     3.60413
 1334    778     1.24810     0.79424     3.60413
 1335    778     1.25144     0.79424     3.60413
 1336    778     1.25477     0.79424     3.60413
 1337    778     1.25811     0.79424     3.60413
 1338    778     1.26145     0.79424     3.60413
 1371    778     1.37157     0.79424     3.60413
 1372    778     1.37491     0.79424     3.60413
 1373    778     1.37825     0.79424     3.60413
 1374    778     1.38158     0.79424     3.60413
 1375    778     1.38492     0.79424     3.60413
 1376    778     1.38826     0.79424     3.60413
 1333    779     1.24241     0.79607     3.59731
 1334    779     1.24574     0.79607     3.59731
 1335    779     1.24907     0.79607     3.59731
 1336    779     1.25240     0.79607     3.59731
 1337    779     1.25573     0.79607     3.59731
 1338    779     1.25906     0.79607     3.59731
 1372    779     1.37231     0.79607     3.59731
 1373    779     1.37564     0.79607     3.59731
 1374    779     1.37897     0.79607     3.59731
 1375    779     1.38230     0.79607     3.59731
 1376    779     1.38563     0.79607     3.59731
 1377    779     1.38896     0.79607     3.59731
 1334    780     1.24338     0.79789     3.59052
 1335    780     1.24671     0.79789     3.59052
 1336    780     1.25003     0.79789     3.59052
 1337    780     1.25336     0.79789     3.59052
 1338    780     1.25668     0.79789     3.59052
 1339    780     1.26001     0.79789     3.59052
 1372    780     1.36972     0.79789     3.59052
 1373    780     1.37304     0.79789     3.59052
 1374    780     1.37637     0.79789     3.59052
 1375    780     1.37969     0.79789     3.59052
 1376    780     1.38301     0.79789     3.59052
 1377    780     1.38634     0.79789     3.59052
 1378    780     1.38966     0.79789     3.59052
 1334    781     1.24104     0.79971     3.58375
 1335    781     1.24436     0.79971     3.58375
 1336    781     1.24768     0.79971     3.58375
 1337    781     1.25099     0.79971     3.58375
 1338    781     1.25431     0.79971     3.58375
 1339    781     1.25763     0.79971     3.58375
 1340    781     1.26095     0.79971     3.58375
 1373    781     1.37045     0.79971     3.58375
 1374    781     1.37377     0.79971     3.58375
 1375    781     1.37709     0.79971     3.58375
 1376    781     1.38041     0.79971     3.58375
 1377    781     1.38373     0.79971     3.58375
 1378    781     1.38704     0.79971     3.58375
 1335    782     1.24202     0.80151     3.57700
 1336    782     1.24533     0.80151     3.57700
 1337    782     1.24864     0.80151     3.57700
 1338    782     1.25195     0.80151     3.57700
 1339    782     1.25526     0.80151     3.57700
 1340    782     1.25858     0.80151     3.57700
 1374    782     1.37119     0.80151     3.57700
 1375    782     1.37450     0.80151     3.57700
 1376    782     1.37781     0.80151     3.57700
 1377    782     1.38112     0.80151     3.57700
 1378    782     1.38443     0.80151     3.57700
 1379    782     1.38775     0.80151     3.57700
 1335    783     1.23968     0.80331     3.57029
 1336    783     1.24299     0.80331     3.57029
 1337    783     1.24629     0.80331     3.57029
 1338    783     1.24960     0.80331     3.57029
 1339    783     1.25291     0.80331     3.57029
 1340    783     1.25621     0.80331     3.57029
 1341    783     1.25952     0.80331     3.57029
 1374    783     1.36861     0.80331     3.57029
 1375    783     1.37192     0.80331     3.57029
 1376    783     1.37522     0.80331     3.57029
 1377    783     1.37853     0.80331     3.57029
 1378    783     1.38183     0.80331     3.57029
 1379    783     1.38514     0.80331     3.57029
 1380    783     1.38844     0.80331     3.57029
 1336    784     1.24066     0.80511     3.56359
 1337    784     1.24396     0.80511     3.56359
 1338    784     1.24726     0.80511     3.56359
 1339    784     1.25056     0.80511     3.56359
 1340    784     1.25386     0.80511     3.56359
 1341    784     1.25716     0.80511     3.56359
 1375    784     1.36934     0.80511     3.56359
 1376    784     1.37264     0.80511     3.56359
 1377    784     1.37594     0.80511     3.56359
 1378    784     1.37924     0.80511     3.56359
 1379    784     1.38254     0.80511     3.56359
 1380    784     1.38584     0.80511     3.56359
 1336    785     1.23834     0.80689     3.55692
 1337    785     1.24163     0.80689     3.55692
 1338    785     1.24492     0.80689     3.55692
 1339    785     1.24822     0.80689     3.55692
 1340    785     1.25151     0.80689     3.55692
 1341    785     1.25480     0.80689     3.55692
 1342    785     1.25810     0.80689     3.55692
 1376    785     1.37007     0.80689     3.55692
 1377    785     1.37337     0.80689     3.55692
 1378    785     1.37666     0.80689     3.55692
 1379    785     1.37995     0.80689     3.55692
 1380    785     1.38325     0.80689     3.55692
 1381    785     1.38654     0.80689     3.55692
 1337    786     1.23931     0.80867     3.55028
 1338    786     1.24260     0.80867     3.55028
 1339    786     1.24589     0.80867     3.55028
 1340    786     1.24917     0.80867     3.55028
 1341    786     1.25246     0.80867     3.55028
 1342    786     1.25575     0.80867     3.55028
 1343    786     1.25903     0.80867     3.55028
 1376    786     1.36752     0.80867     3.55028
 1377    786     1.37080     0.80867     3.55028
 1378    786     1.37409     0.80867     3.55028
 1379    786     1.37738     0.80867     3.55028
 1380    786     1.38066     0.80867     3.55028
 1381    786     1.38395     0.80867     3.55028
 1338    787     1.24028     0.81045     3.54366
 1339    787     1.24356     0.81045     3.54366
 1340    787     1.24684     0.81045     3.54366
 1341    787     1.25012     0.81045     3.54366
 1342    787     1.25341     0.81045     3.54366
 1343    787     1.25669     0.81045     3.54366
 1377    787     1.36825     0.81045     3.54366
 1378    787     1.37153     0.81045     3.54366
 1379    787     1.37481     0.81045     3.54366
 1380    787     1.37809     0.81045     3.54366
 1381    787     1.38137     0.81045     3.54366
 1382    787     1.38465     0.81045     3.54366
 1338    788     1.23797     0.81222     3.53707
 1339    788     1.24125     0.81222     3.53707
 1340    788     1.24452     0.81222     3.53707
 1341    788     1.24780     0.81222     3.53707
 1342    788     1.25107     0.81222     3.53707
 1343    788     1.25435     0.81222     3.53707
 1344    788     1.25762     0.81222     3.53707
 1377    788     1.36570     0.81222     3.53707
 1378    788     1.36898     0.81222     3.53707
 1379    788     1.37225     0.81222     3.53707
 1380    788     1.37553     0.81222     3.53707
 1381    788     1.37880     0.81222     3.53707
 1382    788     1.38208     0.81222     3.53707
 1383    788     1.38535     0.81222     3.53707
 1339    789     1.23894     0.81398     3.53050
 1340    789     1.24221     0.81398     3.53050
 1341    789     1.24548     0.81398     3.53050
 1342    789     1.24875     0.81398     3.53050
 1343    789     1.25202     0.81398     3.53050
 1344    789     1.25529     0.81398     3.53050
 1378    789     1.36643     0.81398     3.53050
 1379    789     1.36970     0.81398     3.53050
 1380    789     1.37297     0.81398     3.53050
 1381    789     1.37624     0.81398     3.53050
 1382    789     1.37951     0.81398     3.53050
 1383    789     1.38278     0.81398     3.53050
 1340    790     1.23991     0.81573     3.52395
 1341    790     1.24317     0.81573     3.52395
 1342    790     1.24643     0.81573     3.52395
 1343    790     1.24970     0.81573     3.52395
 1344    790     1.25296     0.81573     3.52395
 1345    790     1.25622     0.81573     3.52395
 1379    790     1.36716     0.81573     3.52395
 1380    790     1.37043     0.81573     3.52395
 1381    790     1.37369     0.81573     3.52395
 1382    790     1.37695     0.81573     3.52395
 1383    790     1.38021     0.81573     3.52395
 1384    790     1.38348     0.81573     3.52395
 1340    791     1.23761     0.81748     3.51743
 1341    791     1.24087     0.81748     3.51743
 1342    791     1.24413     0.81748     3.51743
 1343    791     1.24739     0.81748     3.51743
 1344    791     1.25064     0.81748     3.51743
 1345    791     1.25390     0.81748     3.51743
 1379    791     1.36463     0.81748     3.51743
 1380    791     1.36789     0.81748     3.51743
 1381    791     1.37115     0.81748     3.51743
 1382    791     1.37440     0.81748     3.51743
 1383    791     1.37766     0.81748     3.51743
 1384    791     1.38092     0.81748     3.51743
 1341    792     1.23858     0.81922     3.51093
 1342    792     1.24183     0.81922     3.51093
 1343    792     1.24508     0.81922     3.51093
 1344    792     1.24833     0.81922     3.51093
 1345    792     1.25158     0.81922     3.51093
 1346    792     1.25483     0.81922     3.51093
 1380    792     1.36536     0.81922     3.51093
 1381    792     1.36861     0.81922     3.51093
 1382    792     1.37186     0.81922     3.51093
 1383    792     1.37512     0.81922     3.51093
 1384    792     1.37837     0.81922     3.51093
 1385    792     1.38162     0.81922     3.51093
 1341    793     1.23630     0.82095     3.50446
 1342    793     1.23954     0.82095     3.50446
 1343    793     1.24279     0.82095     3.50446
 1344    793     1.24603     0.82095     3.50446
 1345    793     1.24928     0.82095     3.50446
 1346    793     1.25252     0.82095     3.50446
 1380    793     1.36285     0.82095     3.50446
 1381    793     1.36609     0.82095     3.50446
 1382    793     1.36934     0.82095     3.50446
 1383    793     1.37258     0.82095     3.50446
 1384    793     1.37583     0.82095     3.50446
 1385    793     1.37907     0.82095     3.50446
 1342    794     1.23726     0.82268     3.49801
 1343    794     1.24050     0.82268     3.49801
 1344    794     1.24374     0.82268     3.49801
 1345    794     1.24698     0.82268     3.49801
 1346    794     1.25021     0.82268     3.49801
 1347    794     1.25345     0.82268     3.49801
 1381    794     1.36358     0.82268     3.49801
 1382    794     1.36682     0.82268     3.49801
 1383    794     1.37005     0.82268     3.49801
 1384    794     1.37329     0.82268     3.49801
 1385    794     1.37653     0.82268     3.49801
 1386    794     1.37977     0.82268     3.49801
 1342    795     1.23499     0.82440     3.49159
 1343    795     1.23822     0.82440     3.49159
 1344    795     1.24145     0.82440     3.49159
 1345    795     1.24469     0.82440     3.49159
 1346    795     1.24792     0.82440     3.49159
 1347    795     1.25115     0.82440     3.49159
 1381    795     1.36107     0.82440     3.49159
 1382    795     1.36430     0.82440     3.49159
 1383    795     1.36754     0.82440     3.49159
 1384    795     1.37077     0.82440     3.49159
 1385    795     1.37400     0.82440     3.49159
 1386    795     1.37724     0.82440     3.49159
 1387    795     1.38047     0.82440     3.49159
 1343    796     1.23595     0.82612     3.48518
 1344    796     1.23918     0.82612     3.48518
 1345    796     1.24240     0.82612     3.48518
 1346    796     1.24563     0.82612     3.48518
 1347    796     1.24886     0.82612     3.48518
 1382    796     1.36180     0.82612     3.48518
 1383    796     1.36503     0.82612     3.48518
 1384    796     1.36826     0.82612     3.48518
 1385    796     1.37148     0.82612     3.48518
 1386    796     1.37471     0.82612     3.48518
 1387    796     1.37794     0.82612     3.48518
 1388    796     1.38117     0.82612     3.48518
 1343    797     1.23369     0.82783     3.47880
 1344    797     1.23691     0.82783     3.47880
 1345    797     1.24013     0.82783     3.47880
 1346    797     1.24335     0.82783     3.47880
 1347    797     1.24657     0.82783     3.47880
 1348    797     1.24979     0.82783     3.47880
 1383    797     1.36253     0.82783     3.47880
 1384    797     1.36575     0.82783     3.47880
 1385    797     1.36897     0.82783     3.47880
 1386    797     1.37220     0.82783     3.47880
 1387    797     1.37542     0.82783     3.47880
 1388    797     1.37864     0.82783     3.47880
 1344    798     1.23465     0.82953     3.47245
 1345    798     1.23786     0.82953     3.47245
 1346    798     1.24108     0.82953     3.47245
 1347    798     1.24429     0.82953     3.47245
 1348    798     1.24751     0.82953     3.47245
 1349    798     1.25072     0.82953     3.47245
 1383    798     1.36004     0.82953     3.47245
 1384    798     1.36326     0.82953     3.47245
 1385    798     1.36647     0.82953     3.47245
 1386    798     1.36969     0.82953     3.47245
 1387    798     1.37290     0.82953     3.47245
 1388    798     1.37612     0.82953     3.47245
 1389    798     1.37933     0.82953     3.47245
 1344    799     1.23240     0.83123     3.46612
 1345    799     1.23561     0.83123     3.46612
 1346    799     1.23882     0.83123     3.46612
 1347    799     1.24203     0.83123     3.46612
 1348    799     1.24523     0.83123     3.46612
 1349    799     1.24844     0.83123     3.46612
 1384    799     1.36077     0.83123     3.46612
 1385    799     1.36398     0.83123     3.46612
 1386    799     1.36719     0.83123     3.46612
 1387    799     1.37040     0.83123     3.46612
 1388    799     1.37361     0.83123     3.46612
 1389    799     1.37682     0.83123     3.46612
 1390    799     1.38003     0.83123     3.46612
 1345    800     1.23336     0.83292     3.45981
 1346    800     1.23656     0.83292     3.45981
 1347    800     1.23976     0.83292     3.45981
 1348    800     1.24297     0.83292     3.45981
 1349    800     1.24617     0.83292     3.45981
 1350    800     1.24938     0.83292     3.45981
 1385    800     1.36150     0.83292     3.45981
 1386    800     1.36470     0.83292     3.45981
 1387    800     1.36791     0.83292     3.45981
 1388    800     1.37111     0.83292     3.45981
 1389    800     1.37431     0.83292     3.45981
 1390    800     1.37752     0.83292     3.45981
 1345    801     1.23112     0.83460     3.45352
 1346    801     1.23431     0.83460     3.45352
 1347    801     1.23751     0.83460     3.45352
 1348    801     1.24071     0.83460     3.45352
 1349    801     1.24391     0.83460     3.45352
 1350    801     1.24711     0.83460     3.45352
 1351    801     1.25030     0.83460     3.45352
 1386    801     1.36222     0.83460     3.45352
 1387    801     1.36542     0.83460     3.45352
 1388    801     1.36862     0.83460     3.45352
 1389    801     1.37182     0.83460     3.45352
 1390    801     1.37501     0.83460     3.45352
 1391    801     1.37821     0.83460     3.45352
 1346    802     1.23208     0.83628     3.44726
 1347    802     1.23527     0.83628     3.44726
 1348    802     1.23846     0.83628     3.44726
 1349    802     1.24165     0.83628     3.44726
 1350    802     1.24484     0.83628     3.44726
 1351    802     1.24804     0.83628     3.44726
 1386    802     1.35975     0.83628     3.44726
 1387    802     1.36294     0.83628     3.44726
 1388    802     1.36614     0.83628     3.44726
 1389    802     1.36933     0.83628     3.44726
 1390    802     1.37252     0.83628     3.44726
 1391    802     1.37571     0.83628     3.44726
 1392    802     1.37890     0.83628     3.44726
 1347    803     1.23303     0.83795     3.44102
 1348    803     1.23622     0.83795     3.44102
 1349    803     1.23940     0.83795     3.44102
 1350    803     1.24259     0.83795     3.44102
 1351    803     1.24578     0.83795     3.44102
 1352    803     1.24896     0.83795     3.44102
 1387    803     1.36048     0.83795     3.44102
 1388    803     1.36366     0.83795     3.44102
 1389    803     1.36685     0.83795     3.44102
 1390    803     1.37003     0.83795     3.44102
 1391    803     1.37322     0.83795     3.44102
 1392    803     1.37641     0.83795     3.44102
 1347    804     1.23080     0.83962     3.43480
 1348    804     1.23398     0.83962     3.43480
 1349    804     1.23716     0.83962     3.43480
 1350    804     1.24034     0.83962     3.43480
 1351    804     1.24352     0.83962     3.43480
 1352    804     1.24671     0.83962     3.43480
 1353    804     1.24989     0.83962     3.43480
 1354    804     1.25307     0.83962     3.43480
 1355    804     1.25625     0.83962     3.43480
 1356    804     1.25943     0.83962     3.43480
 1373    804     1.31349     0.83962     3.43480
 1374    804     1.31667     0.83962     3.43480
 1375    804     1.31985     0.83962     3.43480
 1376    804     1.32303     0.83962     3.43480
 1377    804     1.32621     0.83962     3.43480
 1378    804     1.32939     0.83962     3.43480
 1388    804     1.36120     0.83962     3.43480
 1389    804     1.36438     0.83962     3.43480
 1390    804     1.36756     0.83962     3.43480
 1391    804     1.37074     0.83962     3.43480
 1392    804     1.37392     0.83962     3.43480
 1348    805     1.23176     0.84128     3.42860
 1349    805     1.23493     0.84128     3.42860
 1350    805     1.23811     0.84128     3.42860
 1351    805     1.24128     0.84128     3.42860
 1352    805     1.24446     0.84128     3.42860
 1353    805     1.24763     0.84128     3.42860
 1354    805     1.25081     0.84128     3.42860
 1355    805     1.25398     0.84128     3.42860
 1356    805     1.25715     0.84128     3.42860
 1357    805     1.26033     0.84128     3.42860
 1358    805     1.26350     0.84128     3.42860
 1359    805     1.26668     0.84128     3.42860
 1360    805     1.26985     0.84128     3.42860
 1361    805     1.27303     0.84128     3.42860
 1362    805     1.27620     0.84128     3.42860
 1363    805     1.27938     0.84128     3.42860
 1364    805     1.28255     0.84128     3.42860
 1365    805     1.28573     0.84128     3.42860
 1366    805     1.28890     0.84128     3.42860
 1367    805     1.29208     0.84128     3.42860
 1368    805     1.29525     0.84128     3.42860
 1369    805     1.29843     0.84128     3.42860
 1370    805     1.30160     0.84128     3.42860
 1371    805     1.30477     0.84128     3.42860
 1372    805     1.30795     0.84128     3.42860
 1373    805     1.31112     0.84128     3.42860
 1374    805     1.31430     0.84128     3.42860
 1375    805     1.31747     0.84128     3.42860
 1376    805     1.32065     0.84128     3.42860
 1377    805     1.32382     0.84128     3.42860
 1378    805     1.32700     0.84128     3.42860
 1379    805     1.33017     0.84128     3.42860
 1380    805     1.33335     0.84128     3.42860
 1381    805     1.33652     0.84128     3.42860
 1382    805     1.33970     0.84128     3.42860
 1387    805     1.35557     0.84128     3.42860
 1388    805     1.35874     0.84128     3.42860
 1389    805     1.36192     0.84128     3.42860
 1390    805     1.36509     0.84128     3.42860
 1391    805     1.36827     0.84128     3.42860
 1392    805     1.37144     0.84128     3.42860
 1393    805     1.37462     0.84128     3.42860
 1349    806     1.23271     0.84293     3.42243
 1350    806     1.23588     0.84293     3.42243
 1351    806     1.23905     0.84293     3.42243
 1352    806     1.24222     0.84293     3.42243
 1353    806     1.24538     0.84293     3.42243
 1354    806     1.24855     0.84293     3.42243
 1355    806     1.25172     0.84293     3.42243
 1356    806     1.25489     0.84293     3.42243
 1357    806     1.25806     0.84293     3.42243
 1358    806     1.26123     0.84293     3.42243
 1359    806     1.26440     0.84293     3.42243
 1360    806     1.26757     0.84293     3.42243
 1361    806     1.27074     0.84293     3.42243
 1362    806     1.27390     0.84293     3.42243
 1363    806     1.27707     0.84293     3.42243
 1364    806     1.28024     0.84293     3.42243
 1365    806     1.28341     0.84293     3.42243
 1366    806     1.28658     0.84293     3.42243
 1367    806     1.28975     0.84293     3.42243
 1368    806     1.29292     0.84293     3.42243
 1369    806     1.29609     0.84293     3.42243
 1370    806     1.29926     0.84293     3.42243
 1371    806     1.30242     0.84293     3.42243
 1372    806     1.30559     0.84293     3.42243
 1373    806     1.30876     0.84293     3.42243
 1374    806     1.31193     0.84293     3.42243
 1375    806     1.31510     0.84293     3.42243
 1376    806     1.31827     0.84293     3.42243
 1377    806     1.32144     0.84293     3.42243
 1378    806     1.32461     0.84293     3.42243
 1379    806     1.32778     0.84293     3.42243
 1380    806     1.33095     0.84293     3.42243
 1381    806     1.33411     0.84293     3.42243
 1382    806     1.33728     0.84293     3.42243
 1383    806     1.34045     0.84293     3.42243
 1384    806     1.34362     0.84293     3.42243
 1385    806     1.34679     0.84293     3.42243
 1386    806     1.34996     0.84293     3.42243
 1387    806     1.35313     0.84293     3.42243
 1388    806     1.35630     0.84293     3.42243
 1389    806     1.35947     0.84293     3.42243
 1390    806     1.36263     0.84293     3.42243
 1391    806     1.36580     0.84293     3.42243
 1392    806     1.36897     0.84293     3.42243
 1393    806     1.37214     0.84293     3.42243
 1349    807     1.23049     0.84458     3.41628
 1350    807     1.23366     0.84458     3.41628
 1351    807     1.23682     0.84458     3.41628
 1352    807     1.23998     0.84458     3.41628
 1353    807     1.24315     0.84458     3.41628
 1354    807     1.24631     0.84458     3.41628
 1355    807     1.24947     0.84458     3.41628
 1356    807     1.25264     0.84458     3.41628
 1357    807     1.25580     0.84458     3.41628
 1358    807     1.25896     0.84458     3.41628
 1359    807     1.26213     0.84458     3.41628
 1360    807     1.26529     0.84458     3.41628
 1361    807     1.26845     0.84458     3.41628
 1362    807     1.27162     0.84458     3.41628
 1363    807     1.27478     0.84458     3.41628
 1364    807     1.27794     0.84458     3.41628
 1365    807     1.28110     0.84458     3.41628
 1366    807     1.28427     0.84458     3.41628
 1367    807     1.28743     0.84458     3.41628
 1368    807     1.29059     0.84458     3.41628
 1369    807     1.29376     0.84458     3.41628
 1370    807     1.29692     0.84458     3.41628
 1371    807     1.30008     0.84458     3.41628
 1372    807     1.30325     0.84458     3.41628
 1373    807     1.30641     0.84458     3.41628
 1374    807     1.30957     0.84458     3.41628
 1375    807     1.31274     0.84458     3.41628
 1376    807     1.31590     0.84458     3.41628
 1377    807     1.31906     0.84458     3.41628
 1378    807     1.32223     0.84458     3.41628
 1379    807     1.32539     0.84458     3.41628
 1380    807     1.32855     0.84458     3.41628
 1381    807     1.33172     0.84458     3.41628
 1382    807     1.33488     0.84458     3.41628
 1383    807     1.33804     0.84458     3.41628
 1384    807     1.34121     0.84458     3.41628
 1385    807     1.34437     0.84458     3.41628
 1386    807     1.34753     0.84458     3.41628
 1387    807     1.35070     0.84458     3.41628
 1388    807     1.35386     0.84458     3.41628
 1389    807     1.35702     0.84458     3.41628
 1390    807     1.36019     0.84458     3.41628
 1391    807     1.36335     0.84458     3.41628
 1392    807     1.36651     0.84458     3.41628
 1393    807     1.36967     0.84458     3.41628
 1350    808     1.23144     0.84622     3.41015
 1351    808     1.23460     0.84622     3.41015
 1352    808     1.23776     0.84622     3.41015
 1353    808     1.24092     0.84622     3.41015
 1354    808     1.24407     0.84622     3.41015
 1355    808     1.24723     0.84622     3.41015
 1356    808     1.25039     0.84622     3.41015
 1357    808     1.25355     0.84622     3.41015
 1358    808     1.25670     0.84622     3.41015
 1359    808     1.25986     0.84622     3.41015
 1360    808     1.26302     0.84622     3.41015
 1361    808     1.26618     0.84622     3.41015
 1362    808     1.26933     0.84622     3.41015
 1363    808     1.27249     0.84622     3.41015
 1364    808     1.27565     0.84622     3.41015
 1365    808     1.27881     0.84622     3.41015
 1366    808     1.28196     0.84622     3.41015
 1367    808     1.28512     0.84622     3.41015
 1368    808     1.28828     0.84622     3.41015
 1369    808     1.29144     0.84622     3.41015
 1370    808     1.29459     0.84622     3.41015
 1371    808     1.29775     0.84622     3.41015
 1372    808     1.30091     0.84622     3.41015
 1373    808     1.30407     0.84622     3.41015
 1374    808     1.30722     0.84622     3.41015
 1375    808     1.31038     0.84622     3.41015
 1376    808     1.31354     0.84622     3.41015
 1377    808     1.31670     0.84622     3.41015
 1378    808     1.31985     0.84622     3.41015
 1379    808     1.32301     0.84622     3.41015
 1380    808     1.32617     0.84622     3.41015
 1381    808     1.32933     0.84622     3.41015
 1382    808     1.33248     0.84622     3.41015
 1383    808     1.33564     0.84622     3.41015
 1384    808     1.33880     0.84622     3.41015
 1385    808     1.34196     0.84622     3.41015
 1386    808     1.34511     0.84622     3.41015
 1387    808     1.34827     0.84622     3.41015
 1388    808     1.35143     0.84622     3.41015
 1389    808     1.35459     0.84622     3.41015
 1390    808     1.35775     0.84622     3.41015
 1391    808     1.36090     0.84622     3.41015
 1392    808     1.36406     0.84622     3.41015
 1393    808     1.36722     0.84622     3.41015
 1352    809     1.23554     0.84786     3.40404
 1353    809     1.23869     0.84786     3.40404
 1354    809     1.24185     0.84786     3.40404
 1355    809     1.24500     0.84786     3.40404
 1356    809     1.24815     0.84786     3.40404
 1357    809     1.25130     0.84786     3.40404
 1358    809     1.25445     0.84786     3.40404
 1359    809     1.25760     0.84786     3.40404
 1360    809     1.26076     0.84786     3.40404
 1361    809     1.26391     0.84786     3.40404
 1362    809     1.26706     0.84786     3.40404
 1363    809     1.27021     0.84786     3.40404
 1364    809     1.27336     0.84786     3.40404
 1365    809     1.27652     0.84786     3.40404
 1366    809     1.27967     0.84786     3.40404
 1367    809     1.28282     0.84786     3.40404
 1368    809     1.28597     0.84786     3.40404
 1369    809     1.28912     0.84786     3.40404
 1370    809     1.29228     0.84786     3.40404
 1371    809     1.29543     0.84786     3.40404
 1372    809     1.29858     0.84786     3.40404
 1373    809     1.30173     0.84786     3.40404
 1374    809     1.30488     0.84786     3.40404
 1375    809     1.30804     0.84786     3.40404
 1376    809     1.31119     0.84786     3.40404
 1377    809     1.31434     0.84786     3.40404
 1378    809     1.31749     0.84786     3.40404
 1379    809     1.32064     0.84786     3.40404
 1380    809     1.32379     0.84786     3.40404
 1381    809     1.32695     0.84786     3.40404
 1382    809     1.33010     0.84786     3.40404
 1383    809     1.33325     0.84786     3.40404
 1384    809     1.33640     0.84786     3.40404
 1385    809     1.33955     0.84786     3.40404
 1386    809     1.34271     0.84786     3.40404
 1387    809     1.34586     0.84786     3.40404
 1388    809     1.34901     0.84786     3.40404
 1389    809     1.35216     0.84786     3.40404
 1390    809     1.35531     0.84786     3.40404
 1391    809     1.35847     0.84786     3.40404
 1392    809     1.36162     0.84786     3.40404
 1393    809     1.36477     0.84786     3.40404
 1360    810     1.25850     0.84949     3.39796
 1361    810     1.26165     0.84949     3.39796
 1362    810     1.26480     0.84949     3.39796
 1363    810     1.26794     0.84949     3.39796
 1369    810     1.28682     0.84949     3.39796
 1380    810     1.32143     0.84949     3.39796
 1381    810     1.32457     0.84949     3.39796
 1382    810     1.32772     0.84949     3.39796
 1383    810     1.33087     0.84949     3.39796
 1384    810     1.33401     0.84949     3.39796
 1385    810     1.33716     0.84949     3.39796
 1386    810     1.34031     0.84949     3.39796
 1387    810     1.34345     0.84949     3.39796
 1388    810     1.34660     0.84949     3.39796
 1389    810     1.34974     0.84949     3.39796
 1390    810     1.35289     0.84949     3.39796
 1391    810     1.35604     0.84949     3.39796
 1392    810     1.35918     0.84949     3.39796
   58    828    -2.74945     0.87787     3.29203
   59    828    -2.74640     0.87787     3.29203
   57    829    -2.74774     0.87940     3.28633
   58    829    -2.74470     0.87940     3.28633
   59    829    -2.74166     0.87940     3.28633
   60    829    -2.73861     0.87940     3.28633
   57    830    -2.74300     0.88092     3.28066
   60    830    -2.73389     0.88092     3.28066
   61    830    -2.73085     0.88092     3.28066
   54    831    -2.74737     0.88243     3.27501
   60    831    -2.72917     0.88243     3.27501
   61    831    -2.72614     0.88243     3.27501
   53    832    -2.74567     0.88394     3.26938
   58    832    -2.73054     0.88394     3.26938
   59    832    -2.72751     0.88394     3.26938
   60    832    -2.72448     0.88394     3.26938
   53    833    -2.74096     0.88545     3.26376
   58    833    -2.72585     0.88545     3.26376
   59    833    -2.72282     0.88545     3.26376
   53    834    -2.73626     0.88695     3.25817
   54    834    -2.73324     0.88695     3.25817
   55    834    -2.73022     0.88695     3.25817
   56    834    -2.72721     0.88695     3.25817
