# Inverse Perspective Mapping -- 3-D camera-frame coordinates
# Camera: height=1.70 m, pitch=15.0 deg (down)
# Intrinsics: fx=fy=1080.0 px, cx=960.0, cy=540.0
# Image: 1920 x 1080
# Format: pixel_u  pixel_v  Xc(m)  Yc(m)  Zc(m)
#
  791    261   -28.64046   -47.28218   183.02780
  792    261   -28.47099   -47.28218   183.02780
  793    261   -28.30152   -47.28218   183.02780
  794    261   -28.13205   -47.28218   183.02780
  795    261   -27.96258   -47.28218   183.02780
  796    261   -27.79311   -47.28218   183.02780
  797    261   -27.62364   -47.28218   183.02780
  798    261   -27.45417   -47.28218   183.02780
  799    261   -27.28470   -47.28218   183.02780
  800    261   -27.11523   -47.28218   183.02780
 1398    261    74.22794   -47.28218   183.02780
 1399    261    74.39741   -47.28218   183.02780
 1400    261    74.56688   -47.28218   183.02780
 1401    261    74.73635   -47.28218   183.02780
 1402    261    74.90582   -47.28218   183.02780
 1403    261    75.07529   -47.28218   183.02780
 1404    261    75.24476   -47.28218   183.02780
 1405    261    75.41423   -47.28218   183.02780
 1407    261    75.75317   -47.28218   183.02780
 1408    261    75.92264   -47.28218   183.02780
 1409    261    76.09211   -47.28218   183.02780
 1410    261    76.26158   -47.28218   183.02780
 1411    261    76.43105   -47.28218   183.02780
 1412    261    76.60052   -47.28218   183.02780
 1413    261    76.76999   -47.28218   183.02780
 1414    261    76.93946   -47.28218   183.02780
 1415    261    77.10893   -47.28218   183.02780
 1416    261    77.27840   -47.28218   183.02780
  791    262   -26.12486   -42.97462   166.95175
  792    262   -25.97027   -42.97462   166.95175
  793    262   -25.81569   -42.97462   166.95175
  794    262   -25.66110   -42.97462   166.95175
  795    262   -25.50652   -42.97462   166.95175
  796    262   -25.35193   -42.97462   166.95175
  797    262   -25.19735   -42.97462   166.95175
  798    262   -25.04276   -42.97462   166.95175
  799    262   -24.88818   -42.97462   166.95175
  800    262   -24.73359   -42.97462   166.95175
 1400    262    68.01738   -42.97462   166.95175
 1401    262    68.17197   -42.97462   166.95175
 1402    262    68.32655   -42.97462   166.95175
 1403    262    68.48114   -42.97462   166.95175
 1404    262    68.63572   -42.97462   166.95175
 1405    262    68.79031   -42.97462   166.95175
 1406    262    68.94489   -42.97462   166.95175
 1407    262    69.09948   -42.97462   166.95175
 1408    262    69.25406   -42.97462   166.95175
 1409    262    69.40865   -42.97462   166.95175
 1412    262    69.87240   -42.97462   166.95175
 1413    262    70.02699   -42.97462   166.95175
 1414    262    70.18157   -42.97462   166.95175
 1415    262    70.33616   -42.97462   166.95175
 1416    262    70.49074   -42.97462   166.95175
 1417    262    70.64533   -42.97462   166.95175
  791    263   -24.01548   -39.36266   153.47174
  792    263   -23.87338   -39.36266   153.47174
  793    263   -23.73128   -39.36266   153.47174
  794    263   -23.58917   -39.36266   153.47174
  796    263   -23.30497   -39.36266   153.47174
  797    263   -23.16286   -39.36266   153.47174
  798    263   -23.02076   -39.36266   153.47174
  799    263   -22.87866   -39.36266   153.47174
  800    263   -22.73655   -39.36266   153.47174
 1403    263    62.95183   -39.36266   153.47174
 1404    263    63.09394   -39.36266   153.47174
 1405    263    63.23604   -39.36266   153.47174
 1406    263    63.37814   -39.36266   153.47174
 1407    263    63.52025   -39.36266   153.47174
 1408    263    63.66235   -39.36266   153.47174
 1409    263    63.80445   -39.36266   153.47174
 1410    263    63.94656   -39.36266   153.47174
 1411    263    64.08866   -39.36266   153.47174
 1412    263    64.23076   -39.36266   153.47174
 1413    263    64.37287   -39.36266   153.47174
 1414    263    64.51497   -39.36266   153.47174
 1415    263    64.65707   -39.36266   153.47174
 1416    263    64.79918   -39.36266   153.47174
 1417    263    64.94128   -39.36266   153.47174
 1418    263    65.08338   -39.36266   153.47174
 1419    263    65.22549   -39.36266   153.47174
 1420    263    65.36759   -39.36266   153.47174
 1421    263    65.50969   -39.36266   153.47174
 1422    263    65.65180   -39.36266   153.47174
  791    264   -22.22129   -36.29040   142.00590
  792    264   -22.08981   -36.29040   142.00590
  793    264   -21.95832   -36.29040   142.00590
  794    264   -21.82683   -36.29040   142.00590
  795    264   -21.69535   -36.29040   142.00590
  796    264   -21.56386   -36.29040   142.00590
  797    264   -21.43237   -36.29040   142.00590
  798    264   -21.30088   -36.29040   142.00590
  799    264   -21.16940   -36.29040   142.00590
 1405    264    58.51169   -36.29040   142.00590
 1406    264    58.64318   -36.29040   142.00590
 1407    264    58.77466   -36.29040   142.00590
 1408    264    58.90615   -36.29040   142.00590
 1409    264    59.03764   -36.29040   142.00590
 1410    264    59.16912   -36.29040   142.00590
 1411    264    59.30061   -36.29040   142.00590
 1412    264    59.43210   -36.29040   142.00590
 1413    264    59.56358   -36.29040   142.00590
 1414    264    59.69507   -36.29040   142.00590
 1415    264    59.82656   -36.29040   142.00590
 1416    264    59.95804   -36.29040   142.00590
 1417    264    60.08953   -36.29040   142.00590
 1418    264    60.22102   -36.29040   142.00590
 1419    264    60.35251   -36.29040   142.00590
 1420    264    60.48399   -36.29040   142.00590
 1421    264    60.61548   -36.29040   142.00590
 1422    264    60.74697   -36.29040   142.00590
 1423    264    60.87845   -36.29040   142.00590
 1424    264    61.00994   -36.29040   142.00590
  791    265   -20.67655   -33.64528   132.13418
  792    265   -20.55421   -33.64528   132.13418
  793    265   -20.43186   -33.64528   132.13418
  794    265   -20.30951   -33.64528   132.13418
  795    265   -20.18717   -33.64528   132.13418
  796    265   -20.06482   -33.64528   132.13418
  797    265   -19.94247   -33.64528   132.13418
  798    265   -19.82013   -33.64528   132.13418
 1407    265    54.68887   -33.64528   132.13418
 1408    265    54.81122   -33.64528   132.13418
 1409    265    54.93356   -33.64528   132.13418
 1410    265    55.05591   -33.64528   132.13418
 1411    265    55.17825   -33.64528   132.13418
 1412    265    55.30060   -33.64528   132.13418
 1413    265    55.42295   -33.64528   132.13418
 1414    265    55.54529   -33.64528   132.13418
 1415    265    55.66764   -33.64528   132.13418
 1417    265    55.91233   -33.64528   132.13418
 1418    265    56.03468   -33.64528   132.13418
 1419    265    56.15703   -33.64528   132.13418
 1420    265    56.27937   -33.64528   132.13418
 1421    265    56.40172   -33.64528   132.13418
 1422    265    56.52407   -33.64528   132.13418
 1423    265    56.64641   -33.64528   132.13418
 1424    265    56.76876   -33.64528   132.13418
 1425    265    56.89111   -33.64528   132.13418
 1426    265    57.01345   -33.64528   132.13418
  792    266   -19.21823   -31.34401   123.54574
  793    266   -19.10383   -31.34401   123.54574
  794    266   -18.98944   -31.34401   123.54574
  795    266   -18.87504   -31.34401   123.54574
  796    266   -18.76065   -31.34401   123.54574
  797    266   -18.64626   -31.34401   123.54574
  798    266   -18.53186   -31.34401   123.54574
 1123    266    18.64626   -31.34401   123.54574
 1124    266    18.76065   -31.34401   123.54574
 1125    266    18.87504   -31.34401   123.54574
 1126    266    18.98944   -31.34401   123.54574
 1410    266    51.47739   -31.34401   123.54574
 1411    266    51.59179   -31.34401   123.54574
 1412    266    51.70618   -31.34401   123.54574
 1413    266    51.82058   -31.34401   123.54574
 1414    266    51.93497   -31.34401   123.54574
 1415    266    52.04936   -31.34401   123.54574
 1416    266    52.16376   -31.34401   123.54574
 1417    266    52.27815   -31.34401   123.54574
 1418    266    52.39255   -31.34401   123.54574
 1421    266    52.73573   -31.34401   123.54574
 1422    266    52.85012   -31.34401   123.54574
 1423    266    52.96452   -31.34401   123.54574
 1424    266    53.07891   -31.34401   123.54574
 1425    266    53.19331   -31.34401   123.54574
 1426    266    53.30770   -31.34401   123.54574
 1427    266    53.42209   -31.34401   123.54574
 1428    266    53.53649   -31.34401   123.54574
 1429    266    53.65088   -31.34401   123.54574
 1430    266    53.76528   -31.34401   123.54574
 1431    266    53.87967   -31.34401   123.54574
  793    267   -17.93791   -29.32365   116.00563
  794    267   -17.83049   -29.32365   116.00563
  795    267   -17.72308   -29.32365   116.00563
  796    267   -17.61567   -29.32365   116.00563
 1119    267    17.07861   -29.32365   116.00563
 1120    267    17.18602   -29.32365   116.00563
 1121    267    17.29343   -29.32365   116.00563
 1122    267    17.40084   -29.32365   116.00563
 1123    267    17.50826   -29.32365   116.00563
 1124    267    17.61567   -29.32365   116.00563
 1125    267    17.72308   -29.32365   116.00563
 1126    267    17.83049   -29.32365   116.00563
 1127    267    17.93791   -29.32365   116.00563
 1128    267    18.04532   -29.32365   116.00563
 1412    267    48.55050   -29.32365   116.00563
 1413    267    48.65792   -29.32365   116.00563
 1414    267    48.76533   -29.32365   116.00563
 1415    267    48.87274   -29.32365   116.00563
 1416    267    48.98015   -29.32365   116.00563
 1417    267    49.08757   -29.32365   116.00563
 1418    267    49.19498   -29.32365   116.00563
 1419    267    49.30239   -29.32365   116.00563
 1420    267    49.40981   -29.32365   116.00563
 1421    267    49.51722   -29.32365   116.00563
 1423    267    49.73204   -29.32365   116.00563
 1424    267    49.83946   -29.32365   116.00563
 1425    267    49.94687   -29.32365   116.00563
 1426    267    50.05428   -29.32365   116.00563
 1427    267    50.16169   -29.32365   116.00563
 1428    267    50.26911   -29.32365   116.00563
 1429    267    50.37652   -29.32365   116.00563
 1430    267    50.48393   -29.32365   116.00563
 1431    267    50.59134   -29.32365   116.00563
 1432    267    50.69876   -29.32365   116.00563
 1433    267    50.80617   -29.32365   116.00563
 1119    268    16.09624   -27.53570   109.33294
 1120    268    16.19747   -27.53570   109.33294
 1121    268    16.29871   -27.53570   109.33294
 1122    268    16.39994   -27.53570   109.33294
 1123    268    16.50117   -27.53570   109.33294
 1124    268    16.60241   -27.53570   109.33294
 1125    268    16.70364   -27.53570   109.33294
 1126    268    16.80488   -27.53570   109.33294
 1127    268    16.90611   -27.53570   109.33294
 1128    268    17.00735   -27.53570   109.33294
 1129    268    17.10858   -27.53570   109.33294
 1130    268    17.20981   -27.53570   109.33294
 1415    268    46.06156   -27.53570   109.33294
 1416    268    46.16280   -27.53570   109.33294
 1417    268    46.26403   -27.53570   109.33294
 1418    268    46.36526   -27.53570   109.33294
 1419    268    46.46650   -27.53570   109.33294
 1420    268    46.56773   -27.53570   109.33294
 1421    268    46.66897   -27.53570   109.33294
 1422    268    46.77020   -27.53570   109.33294
 1423    268    46.87143   -27.53570   109.33294
 1425    268    47.07390   -27.53570   109.33294
 1426    268    47.17514   -27.53570   109.33294
 1427    268    47.27637   -27.53570   109.33294
 1428    268    47.37761   -27.53570   109.33294
 1429    268    47.47884   -27.53570   109.33294
 1430    268    47.58007   -27.53570   109.33294
 1431    268    47.68131   -27.53570   109.33294
 1432    268    47.78254   -27.53570   109.33294
 1433    268    47.88378   -27.53570   109.33294
 1434    268    47.98501   -27.53570   109.33294
 1435    268    48.08624   -27.53570   109.33294
 1118    269    15.12501   -25.94226   103.38612
 1119    269    15.22073   -25.94226   103.38612
 1120    269    15.31646   -25.94226   103.38612
 1129    269    16.17801   -25.94226   103.38612
 1130    269    16.27374   -25.94226   103.38612
 1417    269    43.74765   -25.94226   103.38612
 1418    269    43.84337   -25.94226   103.38612
 1419    269    43.93910   -25.94226   103.38612
 1420    269    44.03483   -25.94226   103.38612
 1421    269    44.13056   -25.94226   103.38612
 1422    269    44.22629   -25.94226   103.38612
 1423    269    44.32201   -25.94226   103.38612
 1424    269    44.41774   -25.94226   103.38612
 1425    269    44.51347   -25.94226   103.38612
 1428    269    44.80065   -25.94226   103.38612
 1429    269    44.89638   -25.94226   103.38612
 1430    269    44.99211   -25.94226   103.38612
 1431    269    45.08784   -25.94226   103.38612
 1432    269    45.18356   -25.94226   103.38612
 1433    269    45.27929   -25.94226   103.38612
 1434    269    45.37502   -25.94226   103.38612
 1435    269    45.47075   -25.94226   103.38612
 1436    269    45.56648   -25.94226   103.38612
 1118    270    14.34477   -24.51321    98.05285
 1119    270    14.43556   -24.51321    98.05285
 1120    270    14.52635   -24.51321    98.05285
 1121    270    14.61714   -24.51321    98.05285
 1122    270    14.70793   -24.51321    98.05285
 1123    270    14.79872   -24.51321    98.05285
 1124    270    14.88951   -24.51321    98.05285
 1125    270    14.98030   -24.51321    98.05285
 1126    270    15.07109   -24.51321    98.05285
 1127    270    15.16188   -24.51321    98.05285
 1130    270    15.43425   -24.51321    98.05285
 1420    270    41.76325   -24.51321    98.05285
 1421    270    41.85404   -24.51321    98.05285
 1422    270    41.94483   -24.51321    98.05285
 1423    270    42.03562   -24.51321    98.05285
 1424    270    42.12641   -24.51321    98.05285
 1425    270    42.21720   -24.51321    98.05285
 1426    270    42.30799   -24.51321    98.05285
 1427    270    42.39878   -24.51321    98.05285
 1428    270    42.48957   -24.51321    98.05285
 1429    270    42.58036   -24.51321    98.05285
 1432    270    42.85273   -24.51321    98.05285
 1433    270    42.94352   -24.51321    98.05285
 1434    270    43.03431   -24.51321    98.05285
 1435    270    43.12510   -24.51321    98.05285
 1436    270    43.21589   -24.51321    98.05285
 1437    270    43.30668   -24.51321    98.05285
 1438    270    43.39747   -24.51321    98.05285
 1439    270    43.48826   -24.51321    98.05285
 1440    270    43.57905   -24.51321    98.05285
 1118    271    13.64108   -23.22437    93.24283
 1119    271    13.72742   -23.22437    93.24283
 1120    271    13.81375   -23.22437    93.24283
 1121    271    13.90009   -23.22437    93.24283
 1122    271    13.98642   -23.22437    93.24283
 1123    271    14.07276   -23.22437    93.24283
 1124    271    14.15910   -23.22437    93.24283
 1125    271    14.24543   -23.22437    93.24283
 1126    271    14.33177   -23.22437    93.24283
 1127    271    14.41810   -23.22437    93.24283
 1128    271    14.50444   -23.22437    93.24283
 1130    271    14.67711   -23.22437    93.24283
 1422    271    39.88721   -23.22437    93.24283
 1423    271    39.97355   -23.22437    93.24283
 1424    271    40.05988   -23.22437    93.24283
 1425    271    40.14622   -23.22437    93.24283
 1426    271    40.23256   -23.22437    93.24283
 1427    271    40.31889   -23.22437    93.24283
 1428    271    40.40523   -23.22437    93.24283
 1429    271    40.49156   -23.22437    93.24283
 1430    271    40.57790   -23.22437    93.24283
 1431    271    40.66424   -23.22437    93.24283
 1432    271    40.75057   -23.22437    93.24283
 1433    271    40.83691   -23.22437    93.24283
 1434    271    40.92324   -23.22437    93.24283
 1435    271    41.00958   -23.22437    93.24283
 1436    271    41.09592   -23.22437    93.24283
 1437    271    41.18225   -23.22437    93.24283
 1438    271    41.26859   -23.22437    93.24283
 1439    271    41.35492   -23.22437    93.24283
 1440    271    41.44126   -23.22437    93.24283
 1441    271    41.52760   -23.22437    93.24283
 1119    272    13.08550   -22.05607    88.88266
 1120    272    13.16780   -22.05607    88.88266
 1121    272    13.25010   -22.05607    88.88266
 1122    272    13.33240   -22.05607    88.88266
 1123    272    13.41470   -22.05607    88.88266
 1124    272    13.49700   -22.05607    88.88266
 1127    272    13.74389   -22.05607    88.88266
 1128    272    13.82619   -22.05607    88.88266
 1129    272    13.90849   -22.05607    88.88266
 1130    272    13.99079   -22.05607    88.88266
 1425    272    38.26892   -22.05607    88.88266
 1426    272    38.35122   -22.05607    88.88266
 1427    272    38.43352   -22.05607    88.88266
 1428    272    38.51582   -22.05607    88.88266
 1429    272    38.59812   -22.05607    88.88266
 1430    272    38.68042   -22.05607    88.88266
 1431    272    38.76272   -22.05607    88.88266
 1432    272    38.84501   -22.05607    88.88266
 1433    272    38.92731   -22.05607    88.88266
 1436    272    39.17421   -22.05607    88.88266
 1437    272    39.25651   -22.05607    88.88266
 1438    272    39.33881   -22.05607    88.88266
 1439    272    39.42111   -22.05607    88.88266
 1440    272    39.50340   -22.05607    88.88266
 1441    272    39.58570   -22.05607    88.88266
 1442    272    39.66800   -22.05607    88.88266
 1443    272    39.75030   -22.05607    88.88266
 1444    272    39.83260   -22.05607    88.88266
 1445    272    39.91490   -22.05607    88.88266
 1446    272    39.99720   -22.05607    88.88266
  780    273   -14.15201   -20.99215    84.91205
  781    273   -14.07339   -20.99215    84.91205
  782    273   -13.99476   -20.99215    84.91205
  783    273   -13.91614   -20.99215    84.91205
 1427    273    36.71660   -20.99215    84.91205
 1428    273    36.79522   -20.99215    84.91205
 1429    273    36.87384   -20.99215    84.91205
 1430    273    36.95247   -20.99215    84.91205
 1431    273    37.03109   -20.99215    84.91205
 1432    273    37.10971   -20.99215    84.91205
 1433    273    37.18833   -20.99215    84.91205
 1434    273    37.26695   -20.99215    84.91205
 1435    273    37.34558   -20.99215    84.91205
 1436    273    37.42420   -20.99215    84.91205
 1438    273    37.58144   -20.99215    84.91205
 1439    273    37.66007   -20.99215    84.91205
 1440    273    37.73869   -20.99215    84.91205
 1441    273    37.81731   -20.99215    84.91205
 1442    273    37.89593   -20.99215    84.91205
 1443    273    37.97456   -20.99215    84.91205
 1444    273    38.05318   -20.99215    84.91205
 1445    273    38.13180   -20.99215    84.91205
 1446    273    38.21042   -20.99215    84.91205
 1447    273    38.28904   -20.99215    84.91205
  779    274   -13.62210   -20.01921    81.28102
  780    274   -13.54684   -20.01921    81.28102
  781    274   -13.47158   -20.01921    81.28102
  782    274   -13.39632   -20.01921    81.28102
  783    274   -13.32106   -20.01921    81.28102
  784    274   -13.24580   -20.01921    81.28102
  785    274   -13.17054   -20.01921    81.28102
  786    274   -13.09528   -20.01921    81.28102
 1430    274    35.37230   -20.01921    81.28102
 1431    274    35.44756   -20.01921    81.28102
 1432    274    35.52282   -20.01921    81.28102
 1433    274    35.59808   -20.01921    81.28102
 1434    274    35.67334   -20.01921    81.28102
 1435    274    35.74860   -20.01921    81.28102
 1436    274    35.82386   -20.01921    81.28102
 1437    274    35.89912   -20.01921    81.28102
 1438    274    35.97438   -20.01921    81.28102
 1440    274    36.12490   -20.01921    81.28102
 1441    274    36.20016   -20.01921    81.28102
 1442    274    36.27542   -20.01921    81.28102
 1443    274    36.35068   -20.01921    81.28102
 1444    274    36.42594   -20.01921    81.28102
 1445    274    36.50120   -20.01921    81.28102
 1446    274    36.57646   -20.01921    81.28102
 1447    274    36.65172   -20.01921    81.28102
 1448    274    36.72698   -20.01921    81.28102
  777    275   -13.20782   -19.12608    77.94780
  778    275   -13.13565   -19.12608    77.94780
  779    275   -13.06347   -19.12608    77.94780
  780    275   -12.99130   -19.12608    77.94780
  783    275   -12.77478   -19.12608    77.94780
  784    275   -12.70260   -19.12608    77.94780
  785    275   -12.63043   -19.12608    77.94780
  786    275   -12.55826   -19.12608    77.94780
  787    275   -12.48608   -19.12608    77.94780
  788    275   -12.41391   -19.12608    77.94780
 1433    275    34.13825   -19.12608    77.94780
 1434    275    34.21042   -19.12608    77.94780
 1435    275    34.28260   -19.12608    77.94780
 1436    275    34.35477   -19.12608    77.94780
 1437    275    34.42695   -19.12608    77.94780
 1438    275    34.49912   -19.12608    77.94780
 1439    275    34.57129   -19.12608    77.94780
 1440    275    34.64347   -19.12608    77.94780
 1445    275    35.00434   -19.12608    77.94780
 1446    275    35.07651   -19.12608    77.94780
 1447    275    35.14868   -19.12608    77.94780
 1448    275    35.22086   -19.12608    77.94780
 1449    275    35.29303   -19.12608    77.94780
 1450    275    35.36521   -19.12608    77.94780
 1451    275    35.43738   -19.12608    77.94780
  776    276   -12.75685   -18.30331    74.87719
  777    276   -12.68752   -18.30331    74.87719
  778    276   -12.61819   -18.30331    74.87719
  779    276   -12.54886   -18.30331    74.87719
  780    276   -12.47953   -18.30331    74.87719
  781    276   -12.41020   -18.30331    74.87719
  782    276   -12.34087   -18.30331    74.87719
  783    276   -12.27154   -18.30331    74.87719
  784    276   -12.20221   -18.30331    74.87719
  785    276   -12.13288   -18.30331    74.87719
  786    276   -12.06355   -18.30331    74.87719
  787    276   -11.99422   -18.30331    74.87719
  788    276   -11.92489   -18.30331    74.87719
 1435    276    32.93210   -18.30331    74.87719
 1436    276    33.00143   -18.30331    74.87719
 1437    276    33.07076   -18.30331    74.87719
 1438    276    33.14009   -18.30331    74.87719
 1439    276    33.20942   -18.30331    74.87719
 1440    276    33.27875   -18.30331    74.87719
 1441    276    33.34808   -18.30331    74.87719
 1442    276    33.41741   -18.30331    74.87719
 1443    276    33.48674   -18.30331    74.87719
 1444    276    33.55607   -18.30331    74.87719
 1446    276    33.69474   -18.30331    74.87719
 1447    276    33.76407   -18.30331    74.87719
 1448    276    33.83340   -18.30331    74.87719
 1449    276    33.90273   -18.30331    74.87719
 1450    276    33.97206   -18.30331    74.87719
 1451    276    34.04139   -18.30331    74.87719
 1452    276    34.11072   -18.30331    74.87719
 1453    276    34.18005   -18.30331    74.87719
  775    277   -12.34007   -17.54291    72.03934
  776    277   -12.27337   -17.54291    72.03934
  777    277   -12.20667   -17.54291    72.03934
  778    277   -12.13996   -17.54291    72.03934
  779    277   -12.07326   -17.54291    72.03934
  780    277   -12.00656   -17.54291    72.03934
  781    277   -11.93985   -17.54291    72.03934
  782    277   -11.87315   -17.54291    72.03934
  783    277   -11.80645   -17.54291    72.03934
  784    277   -11.73974   -17.54291    72.03934
  785    277   -11.67304   -17.54291    72.03934
  786    277   -11.60634   -17.54291    72.03934
  787    277   -11.53963   -17.54291    72.03934
  788    277   -11.47293   -17.54291    72.03934
 1437    277    31.81737   -17.54291    72.03934
 1438    277    31.88408   -17.54291    72.03934
 1439    277    31.95078   -17.54291    72.03934
 1440    277    32.01748   -17.54291    72.03934
 1441    277    32.08419   -17.54291    72.03934
 1442    277    32.15089   -17.54291    72.03934
 1443    277    32.21759   -17.54291    72.03934
 1444    277    32.28429   -17.54291    72.03934
 1445    277    32.35100   -17.54291    72.03934
 1448    277    32.55111   -17.54291    72.03934
 1449    277    32.61781   -17.54291    72.03934
 1450    277    32.68451   -17.54291    72.03934
 1451    277    32.75122   -17.54291    72.03934
 1452    277    32.81792   -17.54291    72.03934
 1453    277    32.88462   -17.54291    72.03934
 1454    277    32.95133   -17.54291    72.03934
 1455    277    33.01803   -17.54291    72.03934
 1456    277    33.08473   -17.54291    72.03934
 1457    277    33.15143   -17.54291    72.03934
 1458    277    33.21814   -17.54291    72.03934
 1459    277    33.28484   -17.54291    72.03934
  775    278   -11.88946   -16.83804    69.40873
  776    278   -11.82519   -16.83804    69.40873
  777    278   -11.76092   -16.83804    69.40873
  778    278   -11.69666   -16.83804    69.40873
  779    278   -11.63239   -16.83804    69.40873
  780    278   -11.56812   -16.83804    69.40873
  781    278   -11.50386   -16.83804    69.40873
  782    278   -11.43959   -16.83804    69.40873
  783    278   -11.37532   -16.83804    69.40873
  784    278   -11.31105   -16.83804    69.40873
  785    278   -11.24679   -16.83804    69.40873
  786    278   -11.18252   -16.83804    69.40873
  787    278   -11.11825   -16.83804    69.40873
  788    278   -11.05398   -16.83804    69.40873
 1440    278    30.84833   -16.83804    69.40873
 1441    278    30.91259   -16.83804    69.40873
 1442    278    30.97686   -16.83804    69.40873
 1443    278    31.04113   -16.83804    69.40873
 1444    278    31.10540   -16.83804    69.40873
 1445    278    31.16966   -16.83804    69.40873
 1446    278    31.23393   -16.83804    69.40873
 1447    278    31.29820   -16.83804    69.40873
 1448    278    31.36247   -16.83804    69.40873
 1450    278    31.49100   -16.83804    69.40873
 1451    278    31.55527   -16.83804    69.40873
 1452    278    31.61953   -16.83804    69.40873
 1453    278    31.68380   -16.83804    69.40873
 1454    278    31.74807   -16.83804    69.40873
 1455    278    31.81234   -16.83804    69.40873
 1456    278    31.87660   -16.83804    69.40873
 1457    278    31.94087   -16.83804    69.40873
 1458    278    32.00514   -16.83804    69.40873
 1459    278    32.06941   -16.83804    69.40873
 1460    278    32.13367   -16.83804    69.40873
 1461    278    32.19794   -16.83804    69.40873
  774    279   -11.53260   -16.18284    66.96348
  775    279   -11.47060   -16.18284    66.96348
  776    279   -11.40859   -16.18284    66.96348
  777    279   -11.34659   -16.18284    66.96348
  778    279   -11.28459   -16.18284    66.96348
  779    279   -11.22258   -16.18284    66.96348
  780    279   -11.16058   -16.18284    66.96348
  781    279   -11.09858   -16.18284    66.96348
  782    279   -11.03657   -16.18284    66.96348
  783    279   -10.97457   -16.18284    66.96348
  784    279   -10.91257   -16.18284    66.96348
  785    279   -10.85056   -16.18284    66.96348
  786    279   -10.78856   -16.18284    66.96348
  787    279   -10.72656   -16.18284    66.96348
  788    279   -10.66455   -16.18284    66.96348
 1443    279    29.94756   -16.18284    66.96348
 1444    279    30.00956   -16.18284    66.96348
 1445    279    30.07156   -16.18284    66.96348
 1446    279    30.13357   -16.18284    66.96348
 1447    279    30.19557   -16.18284    66.96348
 1448    279    30.25757   -16.18284    66.96348
 1449    279    30.31958   -16.18284    66.96348
 1450    279    30.38158   -16.18284    66.96348
 1453    279    30.56759   -16.18284    66.96348
 1454    279    30.62959   -16.18284    66.96348
 1455    279    30.69160   -16.18284    66.96348
 1456    279    30.75360   -16.18284    66.96348
 1457    279    30.81560   -16.18284    66.96348
 1458    279    30.87761   -16.18284    66.96348
 1459    279    30.93961   -16.18284    66.96348
 1460    279    31.00161   -16.18284    66.96348
 1461    279    31.06362   -16.18284    66.96348
 1462    279    31.12562   -16.18284    66.96348
 1463    279    31.18762   -16.18284    66.96348
 1464    279    31.24963   -16.18284    66.96348
  773    280   -11.20003   -15.57223    64.68466
  774    280   -11.14014   -15.57223    64.68466
  775    280   -11.08024   -15.57223    64.68466
  776    280   -11.02035   -15.57223    64.68466
  777    280   -10.96046   -15.57223    64.68466
  778    280   -10.90056   -15.57223    64.68466
  783    280   -10.60110   -15.57223    64.68466
  784    280   -10.54120   -15.57223    64.68466
  785    280   -10.48131   -15.57223    64.68466
  786    280   -10.42142   -15.57223    64.68466
  787    280   -10.36152   -15.57223    64.68466
  788    280   -10.30163   -15.57223    64.68466
 1445    280    29.04820   -15.57223    64.68466
 1446    280    29.10810   -15.57223    64.68466
 1447    280    29.16799   -15.57223    64.68466
 1448    280    29.22788   -15.57223    64.68466
 1449    280    29.28778   -15.57223    64.68466
 1450    280    29.34767   -15.57223    64.68466
 1451    280    29.40756   -15.57223    64.68466
 1452    280    29.46746   -15.57223    64.68466
 1453    280    29.52735   -15.57223    64.68466
 1454    280    29.58724   -15.57223    64.68466
 1455    280    29.64714   -15.57223    64.68466
 1456    280    29.70703   -15.57223    64.68466
 1457    280    29.76692   -15.57223    64.68466
 1458    280    29.82682   -15.57223    64.68466
 1459    280    29.88671   -15.57223    64.68466
 1460    280    29.94660   -15.57223    64.68466
 1461    280    30.00650   -15.57223    64.68466
 1462    280    30.06639   -15.57223    64.68466
 1463    280    30.12628   -15.57223    64.68466
 1464    280    30.18618   -15.57223    64.68466
 1465    280    30.24607   -15.57223    64.68466
  772    281   -10.88935   -15.00182    62.55584
  773    281   -10.83143   -15.00182    62.55584
  774    281   -10.77351   -15.00182    62.55584
  775    281   -10.71558   -15.00182    62.55584
  776    281   -10.65766   -15.00182    62.55584
  777    281   -10.59974   -15.00182    62.55584
  779    281   -10.48389   -15.00182    62.55584
  780    281   -10.42597   -15.00182    62.55584
  781    281   -10.36805   -15.00182    62.55584
  782    281   -10.31013   -15.00182    62.55584
  783    281   -10.25221   -15.00182    62.55584
  784    281   -10.19428   -15.00182    62.55584
  785    281   -10.13636   -15.00182    62.55584
  786    281   -10.07844   -15.00182    62.55584
  787    281   -10.02052   -15.00182    62.55584
  788    281    -9.96260   -15.00182    62.55584
 1448    281    28.26597   -15.00182    62.55584
 1449    281    28.32389   -15.00182    62.55584
 1450    281    28.38181   -15.00182    62.55584
 1451    281    28.43974   -15.00182    62.55584
 1452    281    28.49766   -15.00182    62.55584
 1453    281    28.55558   -15.00182    62.55584
 1454    281    28.61350   -15.00182    62.55584
 1455    281    28.67142   -15.00182    62.55584
 1456    281    28.72935   -15.00182    62.55584
 1457    281    28.78727   -15.00182    62.55584
 1460    281    28.96104   -15.00182    62.55584
 1461    281    29.01896   -15.00182    62.55584
 1462    281    29.07688   -15.00182    62.55584
 1463    281    29.13480   -15.00182    62.55584
 1464    281    29.19272   -15.00182    62.55584
 1465    281    29.25065   -15.00182    62.55584
 1466    281    29.30857   -15.00182    62.55584
  772    282   -10.54239   -14.46775    60.56267
  773    282   -10.48631   -14.46775    60.56267
  774    282   -10.43024   -14.46775    60.56267
  775    282   -10.37416   -14.46775    60.56267
  776    282   -10.31808   -14.46775    60.56267
  777    282   -10.26201   -14.46775    60.56267
  778    282   -10.20593   -14.46775    60.56267
  779    282   -10.14985   -14.46775    60.56267
  780    282   -10.09378   -14.46775    60.56267
  781    282   -10.03770   -14.46775    60.56267
  782    282    -9.98162   -14.46775    60.56267
  783    282    -9.92555   -14.46775    60.56267
  784    282    -9.86947   -14.46775    60.56267
  785    282    -9.81340   -14.46775    60.56267
  786    282    -9.75732   -14.46775    60.56267
  787    282    -9.70124   -14.46775    60.56267
 1450    282    27.47751   -14.46775    60.56267
 1451    282    27.53358   -14.46775    60.56267
 1452    282    27.58966   -14.46775    60.56267
 1453    282    27.64574   -14.46775    60.56267
 1454    282    27.70181   -14.46775    60.56267
 1455    282    27.75789   -14.46775    60.56267
 1456    282    27.81397   -14.46775    60.56267
 1457    282    27.87004   -14.46775    60.56267
 1458    282    27.92612   -14.46775    60.56267
 1459    282    27.98220   -14.46775    60.56267
 1460    282    28.03827   -14.46775    60.56267
 1462    282    28.15043   -14.46775    60.56267
 1463    282    28.20650   -14.46775    60.56267
 1464    282    28.26258   -14.46775    60.56267
 1465    282    28.31865   -14.46775    60.56267
 1466    282    28.37473   -14.46775    60.56267
 1467    282    28.43081   -14.46775    60.56267
 1468    282    28.48688   -14.46775    60.56267
  771    283   -10.27120   -13.96666    58.69259
  772    283   -10.21686   -13.96666    58.69259
  773    283   -10.16251   -13.96666    58.69259
  774    283   -10.10817   -13.96666    58.69259
  775    283   -10.05382   -13.96666    58.69259
  776    283    -9.99948   -13.96666    58.69259
  777    283    -9.94513   -13.96666    58.69259
  778    283    -9.89079   -13.96666    58.69259
  779    283    -9.83644   -13.96666    58.69259
  780    283    -9.78210   -13.96666    58.69259
  781    283    -9.72775   -13.96666    58.69259
  782    283    -9.67341   -13.96666    58.69259
  783    283    -9.61906   -13.96666    58.69259
  784    283    -9.56472   -13.96666    58.69259
  785    283    -9.51037   -13.96666    58.69259
  786    283    -9.45603   -13.96666    58.69259
 1453    283    26.79208   -13.96666    58.69259
 1454    283    26.84643   -13.96666    58.69259
 1455    283    26.90077   -13.96666    58.69259
 1456    283    26.95512   -13.96666    58.69259
 1457    283    27.00946   -13.96666    58.69259
 1458    283    27.06381   -13.96666    58.69259
 1459    283    27.11815   -13.96666    58.69259
 1460    283    27.17250   -13.96666    58.69259
 1461    283    27.22684   -13.96666    58.69259
 1462    283    27.28119   -13.96666    58.69259
 1463    283    27.33553   -13.96666    58.69259
 1464    283    27.38988   -13.96666    58.69259
 1465    283    27.44422   -13.96666    58.69259
 1466    283    27.49857   -13.96666    58.69259
 1467    283    27.55291   -13.96666    58.69259
 1468    283    27.60726   -13.96666    58.69259
 1469    283    27.66160   -13.96666    58.69259
 1470    283    27.71595   -13.96666    58.69259
  770    284   -10.01626   -13.49560    56.93455
  771    284    -9.96355   -13.49560    56.93455
  772    284    -9.91083   -13.49560    56.93455
  773    284    -9.85811   -13.49560    56.93455
  774    284    -9.80539   -13.49560    56.93455
  775    284    -9.75268   -13.49560    56.93455
  776    284    -9.69996   -13.49560    56.93455
  777    284    -9.64724   -13.49560    56.93455
  778    284    -9.59453   -13.49560    56.93455
  779    284    -9.54181   -13.49560    56.93455
  780    284    -9.48909   -13.49560    56.93455
  781    284    -9.43637   -13.49560    56.93455
  782    284    -9.38366   -13.49560    56.93455
  783    284    -9.33094   -13.49560    56.93455
  784    284    -9.27822   -13.49560    56.93455
 1455    284    26.09500   -13.49560    56.93455
 1456    284    26.14772   -13.49560    56.93455
 1457    284    26.20043   -13.49560    56.93455
 1458    284    26.25315   -13.49560    56.93455
 1459    284    26.30587   -13.49560    56.93455
 1460    284    26.35859   -13.49560    56.93455
 1461    284    26.41130   -13.49560    56.93455
 1462    284    26.46402   -13.49560    56.93455
 1463    284    26.51674   -13.49560    56.93455
 1464    284    26.56945   -13.49560    56.93455
 1466    284    26.67489   -13.49560    56.93455
 1467    284    26.72761   -13.49560    56.93455
 1468    284    26.78032   -13.49560    56.93455
 1469    284    26.83304   -13.49560    56.93455
 1470    284    26.88576   -13.49560    56.93455
 1471    284    26.93847   -13.49560    56.93455
 1472    284    26.99119   -13.49560    56.93455
  770    285    -9.72497   -13.05193    55.27876
  771    285    -9.67378   -13.05193    55.27876
  772    285    -9.62260   -13.05193    55.27876
  773    285    -9.57141   -13.05193    55.27876
  774    285    -9.52023   -13.05193    55.27876
  775    285    -9.46905   -13.05193    55.27876
  776    285    -9.41786   -13.05193    55.27876
  777    285    -9.36668   -13.05193    55.27876
  780    285    -9.21313   -13.05193    55.27876
  781    285    -9.16194   -13.05193    55.27876
 1458    285    25.48965   -13.05193    55.27876
 1459    285    25.54083   -13.05193    55.27876
 1460    285    25.59202   -13.05193    55.27876
 1461    285    25.64320   -13.05193    55.27876
 1462    285    25.69438   -13.05193    55.27876
 1463    285    25.74557   -13.05193    55.27876
 1464    285    25.79675   -13.05193    55.27876
 1465    285    25.84794   -13.05193    55.27876
 1466    285    25.89912   -13.05193    55.27876
 1469    285    26.05267   -13.05193    55.27876
 1470    285    26.10386   -13.05193    55.27876
 1471    285    26.15504   -13.05193    55.27876
 1472    285    26.20622   -13.05193    55.27876
 1473    285    26.25741   -13.05193    55.27876
 1474    285    26.30859   -13.05193    55.27876
  770    286    -9.45013   -12.63334    53.71655
  771    286    -9.40040   -12.63334    53.71655
  772    286    -9.35066   -12.63334    53.71655
  773    286    -9.30092   -12.63334    53.71655
  774    286    -9.25118   -12.63334    53.71655
  775    286    -9.20145   -12.63334    53.71655
  776    286    -9.15171   -12.63334    53.71655
  780    286    -8.95276   -12.63334    53.71655
  781    286    -8.90302   -12.63334    53.71655
  782    286    -8.85328   -12.63334    53.71655
 1461    286    24.91851   -12.63334    53.71655
 1462    286    24.96825   -12.63334    53.71655
 1463    286    25.01799   -12.63334    53.71655
 1464    286    25.06772   -12.63334    53.71655
 1465    286    25.11746   -12.63334    53.71655
 1466    286    25.16720   -12.63334    53.71655
 1467    286    25.21694   -12.63334    53.71655
 1468    286    25.26667   -12.63334    53.71655
 1471    286    25.41589   -12.63334    53.71655
 1472    286    25.46562   -12.63334    53.71655
 1473    286    25.51536   -12.63334    53.71655
 1474    286    25.56510   -12.63334    53.71655
 1475    286    25.61484   -12.63334    53.71655
 1476    286    25.66457   -12.63334    53.71655
  769    287    -9.23878   -12.23776    52.24022
  770    287    -9.19041   -12.23776    52.24022
  773    287    -9.04530   -12.23776    52.24022
  774    287    -8.99693   -12.23776    52.24022
  775    287    -8.94856   -12.23776    52.24022
  777    287    -8.85181   -12.23776    52.24022
  778    287    -8.80344   -12.23776    52.24022
  780    287    -8.70670   -12.23776    52.24022
  781    287    -8.65833   -12.23776    52.24022
  782    287    -8.60996   -12.23776    52.24022
 1463    287    24.33040   -12.23776    52.24022
 1464    287    24.37877   -12.23776    52.24022
 1465    287    24.42714   -12.23776    52.24022
 1466    287    24.47551   -12.23776    52.24022
 1467    287    24.52388   -12.23776    52.24022
 1468    287    24.57225   -12.23776    52.24022
 1469    287    24.62062   -12.23776    52.24022
 1470    287    24.66899   -12.23776    52.24022
 1471    287    24.71736   -12.23776    52.24022
 1473    287    24.81410   -12.23776    52.24022
 1474    287    24.86247   -12.23776    52.24022
 1475    287    24.91085   -12.23776    52.24022
 1476    287    24.95922   -12.23776    52.24022
 1477    287    25.00759   -12.23776    52.24022
  768    288    -9.03873   -11.86334    50.84287
  769    288    -8.99166   -11.86334    50.84287
  770    288    -8.94458   -11.86334    50.84287
  777    288    -8.61504   -11.86334    50.84287
  779    288    -8.52089   -11.86334    50.84287
  780    288    -8.47381   -11.86334    50.84287
  781    288    -8.42673   -11.86334    50.84287
 1466    288    23.82082   -11.86334    50.84287
 1467    288    23.86790   -11.86334    50.84287
 1468    288    23.91498   -11.86334    50.84287
 1469    288    23.96205   -11.86334    50.84287
 1470    288    24.00913   -11.86334    50.84287
 1471    288    24.05621   -11.86334    50.84287
 1472    288    24.10328   -11.86334    50.84287
 1476    288    24.29159   -11.86334    50.84287
 1477    288    24.33867   -11.86334    50.84287
 1478    288    24.38575   -11.86334    50.84287
 1479    288    24.43282   -11.86334    50.84287
 1480    288    24.47990   -11.86334    50.84287
 1481    288    24.52698   -11.86334    50.84287
 1482    288    24.57405   -11.86334    50.84287
  767    289    -8.84911   -11.50842    49.51832
  768    289    -8.80326   -11.50842    49.51832
  769    289    -8.75741   -11.50842    49.51832
  779    289    -8.29890   -11.50842    49.51832
  780    289    -8.25305   -11.50842    49.51832
  781    289    -8.20720   -11.50842    49.51832
 1468    289    23.29195   -11.50842    49.51832
 1469    289    23.33780   -11.50842    49.51832
 1470    289    23.38365   -11.50842    49.51832
 1471    289    23.42950   -11.50842    49.51832
 1472    289    23.47535   -11.50842    49.51832
 1473    289    23.52120   -11.50842    49.51832
 1474    289    23.56705   -11.50842    49.51832
 1475    289    23.61290   -11.50842    49.51832
 1479    289    23.79630   -11.50842    49.51832
 1480    289    23.84215   -11.50842    49.51832
 1481    289    23.88800   -11.50842    49.51832
 1482    289    23.93385   -11.50842    49.51832
 1483    289    23.97971   -11.50842    49.51832
 1484    289    24.02556   -11.50842    49.51832
 1485    289    24.07141   -11.50842    49.51832
  765    290    -8.71380   -11.17154    48.26104
  766    290    -8.66911   -11.17154    48.26104
  767    290    -8.62443   -11.17154    48.26104
  768    290    -8.57974   -11.17154    48.26104
  769    290    -8.53505   -11.17154    48.26104
  778    290    -8.13288   -11.17154    48.26104
  779    290    -8.08819   -11.17154    48.26104
  780    290    -8.04351   -11.17154    48.26104
 1471    290    22.83462   -11.17154    48.26104
 1472    290    22.87931   -11.17154    48.26104
 1473    290    22.92399   -11.17154    48.26104
 1474    290    22.96868   -11.17154    48.26104
 1475    290    23.01336   -11.17154    48.26104
 1476    290    23.05805   -11.17154    48.26104
 1481    290    23.28148   -11.17154    48.26104
 1482    290    23.32617   -11.17154    48.26104
 1483    290    23.37085   -11.17154    48.26104
 1484    290    23.41554   -11.17154    48.26104
 1485    290    23.46023   -11.17154    48.26104
 1486    290    23.50491   -11.17154    48.26104
 1487    290    23.54960   -11.17154    48.26104
 1488    290    23.59428   -11.17154    48.26104
  764    291    -8.54161   -10.85133    47.06602
  765    291    -8.49803   -10.85133    47.06602
  766    291    -8.45445   -10.85133    47.06602
  767    291    -8.41087   -10.85133    47.06602
  768    291    -8.36729   -10.85133    47.06602
  769    291    -8.32371   -10.85133    47.06602
  770    291    -8.28013   -10.85133    47.06602
  771    291    -8.23655   -10.85133    47.06602
  777    291    -7.97507   -10.85133    47.06602
  778    291    -7.93150   -10.85133    47.06602
 1475    291    22.44352   -10.85133    47.06602
 1476    291    22.48710   -10.85133    47.06602
 1477    291    22.53068   -10.85133    47.06602
 1478    291    22.57426   -10.85133    47.06602
 1479    291    22.61784   -10.85133    47.06602
 1480    291    22.66142   -10.85133    47.06602
 1484    291    22.83573   -10.85133    47.06602
 1485    291    22.87931   -10.85133    47.06602
 1486    291    22.92289   -10.85133    47.06602
 1487    291    22.96647   -10.85133    47.06602
 1488    291    23.01005   -10.85133    47.06602
 1489    291    23.05363   -10.85133    47.06602
 1490    291    23.09721   -10.85133    47.06602
  764    292    -8.33522   -10.54660    45.92875
  765    292    -8.29269   -10.54660    45.92875
  766    292    -8.25016   -10.54660    45.92875
  767    292    -8.20764   -10.54660    45.92875
  769    292    -8.12258   -10.54660    45.92875
  770    292    -8.08006   -10.54660    45.92875
  771    292    -8.03753   -10.54660    45.92875
 1478    292    22.02879   -10.54660    45.92875
 1479    292    22.07131   -10.54660    45.92875
 1480    292    22.11384   -10.54660    45.92875
 1481    292    22.15637   -10.54660    45.92875
 1482    292    22.19889   -10.54660    45.92875
 1483    292    22.24142   -10.54660    45.92875
 1486    292    22.36900   -10.54660    45.92875
 1487    292    22.41153   -10.54660    45.92875
 1488    292    22.45405   -10.54660    45.92875
 1489    292    22.49658   -10.54660    45.92875
 1490    292    22.53911   -10.54660    45.92875
 1491    292    22.58163   -10.54660    45.92875
 1492    292    22.62416   -10.54660    45.92875
 1493    292    22.66669   -10.54660    45.92875
  763    293    -8.18009   -10.25625    44.84514
  764    293    -8.13856   -10.25625    44.84514
  765    293    -8.09704   -10.25625    44.84514
  766    293    -8.05552   -10.25625    44.84514
  770    293    -7.88942   -10.25625    44.84514
  771    293    -7.84790   -10.25625    44.84514
  772    293    -7.80638   -10.25625    44.84514
  773    293    -7.76485   -10.25625    44.84514
  774    293    -7.72333   -10.25625    44.84514
 1479    293    21.55058   -10.25625    44.84514
 1480    293    21.59211   -10.25625    44.84514
 1481    293    21.63363   -10.25625    44.84514
 1482    293    21.67515   -10.25625    44.84514
 1483    293    21.71668   -10.25625    44.84514
 1484    293    21.75820   -10.25625    44.84514
 1485    293    21.79972   -10.25625    44.84514
 1486    293    21.84124   -10.25625    44.84514
 1489    293    21.96581   -10.25625    44.84514
 1490    293    22.00734   -10.25625    44.84514
 1491    293    22.04886   -10.25625    44.84514
 1492    293    22.09038   -10.25625    44.84514
 1493    293    22.13191   -10.25625    44.84514
 1494    293    22.17343   -10.25625    44.84514
  762    294    -8.03211    -9.97928    43.81149
  763    294    -7.99154    -9.97928    43.81149
  764    294    -7.95097    -9.97928    43.81149
  765    294    -7.91041    -9.97928    43.81149
  770    294    -7.70758    -9.97928    43.81149
  771    294    -7.66701    -9.97928    43.81149
  772    294    -7.62644    -9.97928    43.81149
  773    294    -7.58588    -9.97928    43.81149
  774    294    -7.54531    -9.97928    43.81149
  775    294    -7.50475    -9.97928    43.81149
 1482    294    21.17555    -9.97928    43.81149
 1483    294    21.21612    -9.97928    43.81149
 1484    294    21.25669    -9.97928    43.81149
 1485    294    21.29725    -9.97928    43.81149
 1486    294    21.33782    -9.97928    43.81149
 1487    294    21.37838    -9.97928    43.81149
 1488    294    21.41895    -9.97928    43.81149
 1491    294    21.54065    -9.97928    43.81149
 1492    294    21.58122    -9.97928    43.81149
 1493    294    21.62178    -9.97928    43.81149
 1494    294    21.66235    -9.97928    43.81149
 1495    294    21.70291    -9.97928    43.81149
  761    295    -7.89079    -9.71480    42.82441
  762    295    -7.85114    -9.71480    42.82441
  763    295    -7.81149    -9.71480    42.82441
  767    295    -7.65288    -9.71480    42.82441
  768    295    -7.61323    -9.71480    42.82441
  769    295    -7.57358    -9.71480    42.82441
  770    295    -7.53392    -9.71480    42.82441
  771    295    -7.49427    -9.71480    42.82441
  772    295    -7.45462    -9.71480    42.82441
  773    295    -7.41497    -9.71480    42.82441
  774    295    -7.37532    -9.71480    42.82441
  775    295    -7.33566    -9.71480    42.82441
 1484    295    20.77777    -9.71480    42.82441
 1485    295    20.81742    -9.71480    42.82441
 1486    295    20.85708    -9.71480    42.82441
 1487    295    20.89673    -9.71480    42.82441
 1488    295    20.93638    -9.71480    42.82441
 1489    295    20.97603    -9.71480    42.82441
 1490    295    21.01568    -9.71480    42.82441
 1493    295    21.13464    -9.71480    42.82441
 1494    295    21.17429    -9.71480    42.82441
 1495    295    21.21395    -9.71480    42.82441
  761    296    -7.71693    -9.46197    41.88084
  762    296    -7.67815    -9.46197    41.88084
  763    296    -7.63937    -9.46197    41.88084
  767    296    -7.48426    -9.46197    41.88084
  768    296    -7.44548    -9.46197    41.88084
  769    296    -7.40670    -9.46197    41.88084
  770    296    -7.36792    -9.46197    41.88084
  771    296    -7.32915    -9.46197    41.88084
  772    296    -7.29037    -9.46197    41.88084
  773    296    -7.25159    -9.46197    41.88084
  774    296    -7.21281    -9.46197    41.88084
  775    296    -7.17403    -9.46197    41.88084
 1487    296    20.43630    -9.46197    41.88084
 1488    296    20.47508    -9.46197    41.88084
 1489    296    20.51385    -9.46197    41.88084
 1490    296    20.55263    -9.46197    41.88084
 1491    296    20.59141    -9.46197    41.88084
 1492    296    20.63019    -9.46197    41.88084
 1493    296    20.66897    -9.46197    41.88084
 1494    296    20.70775    -9.46197    41.88084
 1495    296    20.74652    -9.46197    41.88084
 1499    296    20.90164    -9.46197    41.88084
 1500    296    20.94042    -9.46197    41.88084
 1501    296    20.97920    -9.46197    41.88084
 1502    296    21.01797    -9.46197    41.88084
 1503    296    21.05675    -9.46197    41.88084
 1504    296    21.09553    -9.46197    41.88084
  760    297    -7.58851    -9.22004    40.97794
  761    297    -7.55057    -9.22004    40.97794
  762    297    -7.51262    -9.22004    40.97794
  767    297    -7.32291    -9.22004    40.97794
  768    297    -7.28497    -9.22004    40.97794
  769    297    -7.24702    -9.22004    40.97794
  771    297    -7.17114    -9.22004    40.97794
  772    297    -7.13320    -9.22004    40.97794
  773    297    -7.09525    -9.22004    40.97794
  774    297    -7.05731    -9.22004    40.97794
 1489    297    20.07160    -9.22004    40.97794
 1490    297    20.10955    -9.22004    40.97794
 1491    297    20.14749    -9.22004    40.97794
 1492    297    20.18543    -9.22004    40.97794
 1493    297    20.22337    -9.22004    40.97794
 1494    297    20.26132    -9.22004    40.97794
 1495    297    20.29926    -9.22004    40.97794
 1498    297    20.41309    -9.22004    40.97794
 1499    297    20.45103    -9.22004    40.97794
 1500    297    20.48897    -9.22004    40.97794
 1501    297    20.52691    -9.22004    40.97794
 1502    297    20.56486    -9.22004    40.97794
 1503    297    20.60280    -9.22004    40.97794
 1504    297    20.64074    -9.22004    40.97794
 1505    297    20.67868    -9.22004    40.97794
 1506    297    20.71663    -9.22004    40.97794
 1507    297    20.75457    -9.22004    40.97794
 1508    297    20.79251    -9.22004    40.97794
 1509    297    20.83045    -9.22004    40.97794
  759    298    -7.46550    -8.98832    40.11316
  760    298    -7.42836    -8.98832    40.11316
  761    298    -7.39122    -8.98832    40.11316
  764    298    -7.27980    -8.98832    40.11316
  766    298    -7.20551    -8.98832    40.11316
  767    298    -7.16837    -8.98832    40.11316
  768    298    -7.13123    -8.98832    40.11316
  770    298    -7.05694    -8.98832    40.11316
  771    298    -7.01980    -8.98832    40.11316
  772    298    -6.98266    -8.98832    40.11316
  773    298    -6.94552    -8.98832    40.11316
  774    298    -6.90838    -8.98832    40.11316
 1490    298    19.68516    -8.98832    40.11316
 1491    298    19.72230    -8.98832    40.11316
 1492    298    19.75944    -8.98832    40.11316
 1493    298    19.79659    -8.98832    40.11316
 1494    298    19.83373    -8.98832    40.11316
 1495    298    19.87087    -8.98832    40.11316
 1498    298    19.98229    -8.98832    40.11316
 1499    298    20.01944    -8.98832    40.11316
 1500    298    20.05658    -8.98832    40.11316
 1501    298    20.09372    -8.98832    40.11316
 1502    298    20.13086    -8.98832    40.11316
 1503    298    20.16800    -8.98832    40.11316
 1504    298    20.20515    -8.98832    40.11316
 1505    298    20.24229    -8.98832    40.11316
 1506    298    20.27943    -8.98832    40.11316
 1507    298    20.31657    -8.98832    40.11316
 1508    298    20.35371    -8.98832    40.11316
 1509    298    20.39085    -8.98832    40.11316
 1510    298    20.42800    -8.98832    40.11316
 1511    298    20.46514    -8.98832    40.11316
  758    299    -7.34759    -8.76618    39.28412
  759    299    -7.31121    -8.76618    39.28412
  760    299    -7.27484    -8.76618    39.28412
  764    299    -7.12934    -8.76618    39.28412
  766    299    -7.05659    -8.76618    39.28412
  767    299    -7.02022    -8.76618    39.28412
  768    299    -6.98384    -8.76618    39.28412
  769    299    -6.94747    -8.76618    39.28412
  770    299    -6.91109    -8.76618    39.28412
  771    299    -6.87472    -8.76618    39.28412
  772    299    -6.83835    -8.76618    39.28412
  773    299    -6.80197    -8.76618    39.28412
 1497    299    19.53294    -8.76618    39.28412
 1498    299    19.56931    -8.76618    39.28412
 1499    299    19.60568    -8.76618    39.28412
 1500    299    19.64206    -8.76618    39.28412
 1501    299    19.67843    -8.76618    39.28412
 1504    299    19.78756    -8.76618    39.28412
 1505    299    19.82393    -8.76618    39.28412
 1506    299    19.86030    -8.76618    39.28412
 1507    299    19.89668    -8.76618    39.28412
 1508    299    19.93305    -8.76618    39.28412
 1509    299    19.96943    -8.76618    39.28412
 1510    299    20.00580    -8.76618    39.28412
 1511    299    20.04217    -8.76618    39.28412
 1512    299    20.07855    -8.76618    39.28412
  757    300    -7.23444    -8.55303    38.48865
  758    300    -7.19880    -8.55303    38.48865
  759    300    -7.16317    -8.55303    38.48865
  760    300    -7.12753    -8.55303    38.48865
  762    300    -7.05625    -8.55303    38.48865
  763    300    -7.02062    -8.55303    38.48865
  766    300    -6.91370    -8.55303    38.48865
  767    300    -6.87806    -8.55303    38.48865
  768    300    -6.84243    -8.55303    38.48865
  769    300    -6.80679    -8.55303    38.48865
  770    300    -6.77115    -8.55303    38.48865
  771    300    -6.73551    -8.55303    38.48865
  772    300    -6.69988    -8.55303    38.48865
 1148    300     6.69988    -8.55303    38.48865
 1149    300     6.73551    -8.55303    38.48865
 1150    300     6.77115    -8.55303    38.48865
 1151    300     6.80679    -8.55303    38.48865
 1152    300     6.84243    -8.55303    38.48865
 1153    300     6.87806    -8.55303    38.48865
 1154    300     6.91370    -8.55303    38.48865
 1155    300     6.94934    -8.55303    38.48865
 1156    300     6.98498    -8.55303    38.48865
 1157    300     7.02062    -8.55303    38.48865
 1158    300     7.05625    -8.55303    38.48865
 1159    300     7.09189    -8.55303    38.48865
 1498    300    19.17305    -8.55303    38.48865
 1499    300    19.20869    -8.55303    38.48865
 1500    300    19.24433    -8.55303    38.48865
 1501    300    19.27996    -8.55303    38.48865
 1502    300    19.31560    -8.55303    38.48865
 1503    300    19.35124    -8.55303    38.48865
 1504    300    19.38688    -8.55303    38.48865
 1507    300    19.49379    -8.55303    38.48865
 1508    300    19.52943    -8.55303    38.48865
 1509    300    19.56507    -8.55303    38.48865
 1510    300    19.60070    -8.55303    38.48865
 1511    300    19.63634    -8.55303    38.48865
 1512    300    19.67198    -8.55303    38.48865
  756    301    -7.12579    -8.34835    37.72476
  757    301    -7.09086    -8.34835    37.72476
  758    301    -7.05593    -8.34835    37.72476
  761    301    -6.95114    -8.34835    37.72476
  762    301    -6.91621    -8.34835    37.72476
  766    301    -6.77649    -8.34835    37.72476
  767    301    -6.74156    -8.34835    37.72476
  768    301    -6.70662    -8.34835    37.72476
  769    301    -6.67169    -8.34835    37.72476
  770    301    -6.63676    -8.34835    37.72476
  771    301    -6.60183    -8.34835    37.72476
  772    301    -6.56690    -8.34835    37.72476
 1147    301     6.53197    -8.34835    37.72476
 1148    301     6.56690    -8.34835    37.72476
 1149    301     6.60183    -8.34835    37.72476
 1150    301     6.63676    -8.34835    37.72476
 1151    301     6.67169    -8.34835    37.72476
 1152    301     6.70662    -8.34835    37.72476
 1153    301     6.74156    -8.34835    37.72476
 1154    301     6.77649    -8.34835    37.72476
 1155    301     6.81142    -8.34835    37.72476
 1156    301     6.84635    -8.34835    37.72476
 1157    301     6.88128    -8.34835    37.72476
 1158    301     6.91621    -8.34835    37.72476
 1159    301     6.95114    -8.34835    37.72476
 1160    301     6.98607    -8.34835    37.72476
 1161    301     7.02100    -8.34835    37.72476
 1499    301    18.82745    -8.34835    37.72476
 1500    301    18.86238    -8.34835    37.72476
 1501    301    18.89731    -8.34835    37.72476
 1502    301    18.93224    -8.34835    37.72476
 1503    301    18.96717    -8.34835    37.72476
 1504    301    19.00210    -8.34835    37.72476
 1505    301    19.03703    -8.34835    37.72476
 1506    301    19.07196    -8.34835    37.72476
 1507    301    19.10689    -8.34835    37.72476
 1508    301    19.14182    -8.34835    37.72476
 1510    301    19.21169    -8.34835    37.72476
 1511    301    19.24662    -8.34835    37.72476
 1512    301    19.28155    -8.34835    37.72476
 1513    301    19.31648    -8.34835    37.72476
  756    302    -6.98711    -8.15163    36.99061
  757    302    -6.95286    -8.15163    36.99061
  758    302    -6.91861    -8.15163    36.99061
  760    302    -6.85011    -8.15163    36.99061
  761    302    -6.81586    -8.15163    36.99061
  762    302    -6.78161    -8.15163    36.99061
  767    302    -6.61036    -8.15163    36.99061
  768    302    -6.57611    -8.15163    36.99061
  769    302    -6.54186    -8.15163    36.99061
  770    302    -6.50761    -8.15163    36.99061
  771    302    -6.47336    -8.15163    36.99061
 1146    302     6.37060    -8.15163    36.99061
 1147    302     6.40486    -8.15163    36.99061
 1148    302     6.43911    -8.15163    36.99061
 1149    302     6.47336    -8.15163    36.99061
 1150    302     6.50761    -8.15163    36.99061
 1151    302     6.54186    -8.15163    36.99061
 1152    302     6.57611    -8.15163    36.99061
 1501    302    18.52955    -8.15163    36.99061
 1502    302    18.56380    -8.15163    36.99061
 1503    302    18.59806    -8.15163    36.99061
 1504    302    18.63231    -8.15163    36.99061
 1505    302    18.66656    -8.15163    36.99061
 1506    302    18.70081    -8.15163    36.99061
 1507    302    18.73506    -8.15163    36.99061
 1508    302    18.76931    -8.15163    36.99061
 1509    302    18.80356    -8.15163    36.99061
 1510    302    18.83781    -8.15163    36.99061
 1511    302    18.87206    -8.15163    36.99061
 1512    302    18.90631    -8.15163    36.99061
 1513    302    18.94056    -8.15163    36.99061
 1514    302    18.97481    -8.15163    36.99061
 1515    302    19.00906    -8.15163    36.99061
 1516    302    19.04331    -8.15163    36.99061
 1517    302    19.07756    -8.15163    36.99061
 1518    302    19.11181    -8.15163    36.99061
 1519    302    19.14606    -8.15163    36.99061
 1520    302    19.18031    -8.15163    36.99061
  756    303    -6.85373    -7.96243    36.28448
  757    303    -6.82014    -7.96243    36.28448
  759    303    -6.75294    -7.96243    36.28448
  760    303    -6.71935    -7.96243    36.28448
  761    303    -6.68575    -7.96243    36.28448
  768    303    -6.45057    -7.96243    36.28448
  769    303    -6.41698    -7.96243    36.28448
  770    303    -6.38338    -7.96243    36.28448
 1146    303     6.24899    -7.96243    36.28448
 1147    303     6.28259    -7.96243    36.28448
 1148    303     6.31619    -7.96243    36.28448
 1149    303     6.34978    -7.96243    36.28448
 1151    303     6.41698    -7.96243    36.28448
 1152    303     6.45057    -7.96243    36.28448
 1153    303     6.48417    -7.96243    36.28448
 1154    303     6.51777    -7.96243    36.28448
 1155    303     6.55136    -7.96243    36.28448
 1504    303    18.27663    -7.96243    36.28448
 1505    303    18.31022    -7.96243    36.28448
 1506    303    18.34382    -7.96243    36.28448
 1507    303    18.37742    -7.96243    36.28448
 1508    303    18.41101    -7.96243    36.28448
 1509    303    18.44461    -7.96243    36.28448
 1510    303    18.47821    -7.96243    36.28448
 1511    303    18.51180    -7.96243    36.28448
 1512    303    18.54540    -7.96243    36.28448
 1515    303    18.64619    -7.96243    36.28448
 1516    303    18.67979    -7.96243    36.28448
 1517    303    18.71338    -7.96243    36.28448
 1518    303    18.74698    -7.96243    36.28448
 1519    303    18.78058    -7.96243    36.28448
 1520    303    18.81417    -7.96243    36.28448
 1521    303    18.84777    -7.96243    36.28448
  756    304    -6.72535    -7.78031    35.60481
  757    304    -6.69238    -7.78031    35.60481
  759    304    -6.62645    -7.78031    35.60481
  760    304    -6.59348    -7.78031    35.60481
 1146    304     6.13194    -7.78031    35.60481
 1147    304     6.16491    -7.78031    35.60481
 1148    304     6.19787    -7.78031    35.60481
 1149    304     6.23084    -7.78031    35.60481
 1150    304     6.26381    -7.78031    35.60481
 1151    304     6.29678    -7.78031    35.60481
 1152    304     6.32974    -7.78031    35.60481
 1153    304     6.36271    -7.78031    35.60481
 1507    304    18.03317    -7.78031    35.60481
 1508    304    18.06614    -7.78031    35.60481
 1509    304    18.09911    -7.78031    35.60481
 1510    304    18.13208    -7.78031    35.60481
 1511    304    18.16504    -7.78031    35.60481
 1512    304    18.19801    -7.78031    35.60481
 1516    304    18.32988    -7.78031    35.60481
 1517    304    18.36285    -7.78031    35.60481
 1518    304    18.39582    -7.78031    35.60481
 1519    304    18.42878    -7.78031    35.60481
 1520    304    18.46175    -7.78031    35.60481
 1521    304    18.49472    -7.78031    35.60481
 1522    304    18.52769    -7.78031    35.60481
 1523    304    18.56065    -7.78031    35.60481
 1147    305     6.05155    -7.60489    34.95013
 1148    305     6.08391    -7.60489    34.95013
 1149    305     6.11627    -7.60489    34.95013
 1150    305     6.14863    -7.60489    34.95013
 1152    305     6.21336    -7.60489    34.95013
 1153    305     6.24572    -7.60489    34.95013
 1510    305    17.79868    -7.60489    34.95013
 1511    305    17.83104    -7.60489    34.95013
 1512    305    17.86340    -7.60489    34.95013
 1513    305    17.89576    -7.60489    34.95013
 1514    305    17.92812    -7.60489    34.95013
 1515    305    17.96048    -7.60489    34.95013
 1516    305    17.99284    -7.60489    34.95013
 1517    305    18.02520    -7.60489    34.95013
 1520    305    18.12229    -7.60489    34.95013
 1521    305    18.15465    -7.60489    34.95013
 1522    305    18.18701    -7.60489    34.95013
 1523    305    18.21937    -7.60489    34.95013
 1524    305    18.25173    -7.60489    34.95013
 1525    305    18.28409    -7.60489    34.95013
  760    306    -6.35539    -7.43580    34.31909
  761    306    -6.32361    -7.43580    34.31909
  762    306    -6.29183    -7.43580    34.31909
  763    306    -6.26006    -7.43580    34.31909
 1148    306     5.97406    -7.43580    34.31909
 1149    306     6.00584    -7.43580    34.31909
 1150    306     6.03762    -7.43580    34.31909
 1153    306     6.13295    -7.43580    34.31909
 1154    306     6.16473    -7.43580    34.31909
 1155    306     6.19650    -7.43580    34.31909
 1514    306    17.60442    -7.43580    34.31909
 1515    306    17.63620    -7.43580    34.31909
 1516    306    17.66797    -7.43580    34.31909
 1517    306    17.69975    -7.43580    34.31909
 1518    306    17.73153    -7.43580    34.31909
 1519    306    17.76331    -7.43580    34.31909
 1522    306    17.85864    -7.43580    34.31909
 1523    306    17.89041    -7.43580    34.31909
 1524    306    17.92219    -7.43580    34.31909
 1525    306    17.95397    -7.43580    34.31909
 1526    306    17.98574    -7.43580    34.31909
 1527    306    18.01752    -7.43580    34.31909
  759    307    -6.27389    -7.27271    33.71043
  760    307    -6.24267    -7.27271    33.71043
  761    307    -6.21146    -7.27271    33.71043
  762    307    -6.18025    -7.27271    33.71043
  763    307    -6.14903    -7.27271    33.71043
  764    307    -6.11782    -7.27271    33.71043
 1149    307     5.89933    -7.27271    33.71043
 1150    307     5.93054    -7.27271    33.71043
 1151    307     5.96175    -7.27271    33.71043
 1154    307     6.05539    -7.27271    33.71043
 1155    307     6.08661    -7.27271    33.71043
 1156    307     6.11782    -7.27271    33.71043
 1515    307    17.32342    -7.27271    33.71043
 1516    307    17.35463    -7.27271    33.71043
 1517    307    17.38584    -7.27271    33.71043
 1518    307    17.41706    -7.27271    33.71043
 1519    307    17.44827    -7.27271    33.71043
 1520    307    17.47948    -7.27271    33.71043
 1521    307    17.51070    -7.27271    33.71043
 1525    307    17.63555    -7.27271    33.71043
 1526    307    17.66676    -7.27271    33.71043
 1527    307    17.69798    -7.27271    33.71043
 1528    307    17.72919    -7.27271    33.71043
  752    308    -6.37924    -7.11531    33.12299
  753    308    -6.34857    -7.11531    33.12299
  758    308    -6.19523    -7.11531    33.12299
  759    308    -6.16456    -7.11531    33.12299
  760    308    -6.13389    -7.11531    33.12299
  761    308    -6.10322    -7.11531    33.12299
  762    308    -6.07255    -7.11531    33.12299
  763    308    -6.04188    -7.11531    33.12299
  764    308    -6.01121    -7.11531    33.12299
 1150    308     5.82719    -7.11531    33.12299
 1151    308     5.85786    -7.11531    33.12299
 1152    308     5.88853    -7.11531    33.12299
 1155    308     5.98054    -7.11531    33.12299
 1156    308     6.01121    -7.11531    33.12299
 1517    308    17.08288    -7.11531    33.12299
 1518    308    17.11355    -7.11531    33.12299
 1519    308    17.14421    -7.11531    33.12299
 1520    308    17.17488    -7.11531    33.12299
 1521    308    17.20555    -7.11531    33.12299
 1522    308    17.23622    -7.11531    33.12299
 1523    308    17.26689    -7.11531    33.12299
 1524    308    17.29756    -7.11531    33.12299
 1526    308    17.35890    -7.11531    33.12299
 1527    308    17.38957    -7.11531    33.12299
 1528    308    17.42024    -7.11531    33.12299
  751    309    -6.30013    -6.96330    32.55567
  752    309    -6.26998    -6.96330    32.55567
  753    309    -6.23984    -6.96330    32.55567
  758    309    -6.08912    -6.96330    32.55567
  759    309    -6.05897    -6.96330    32.55567
  760    309    -6.02883    -6.96330    32.55567
  762    309    -5.96854    -6.96330    32.55567
  763    309    -5.93840    -6.96330    32.55567
  764    309    -5.90825    -6.96330    32.55567
  765    309    -5.87811    -6.96330    32.55567
 1151    309     5.75753    -6.96330    32.55567
 1152    309     5.78768    -6.96330    32.55567
 1153    309     5.81782    -6.96330    32.55567
 1154    309     5.84796    -6.96330    32.55567
 1156    309     5.90825    -6.96330    32.55567
 1157    309     5.93840    -6.96330    32.55567
 1519    309    16.85057    -6.96330    32.55567
 1520    309    16.88072    -6.96330    32.55567
 1521    309    16.91086    -6.96330    32.55567
 1522    309    16.94101    -6.96330    32.55567
 1523    309    16.97115    -6.96330    32.55567
 1524    309    17.00130    -6.96330    32.55567
 1525    309    17.03144    -6.96330    32.55567
 1526    309    17.06158    -6.96330    32.55567
 1527    309    17.09173    -6.96330    32.55567
  750    310    -6.22367    -6.81640    32.00746
  751    310    -6.19404    -6.81640    32.00746
  757    310    -6.01622    -6.81640    32.00746
  758    310    -5.98658    -6.81640    32.00746
  759    310    -5.95694    -6.81640    32.00746
  760    310    -5.92731    -6.81640    32.00746
  762    310    -5.86803    -6.81640    32.00746
  763    310    -5.83840    -6.81640    32.00746
  764    310    -5.80876    -6.81640    32.00746
  765    310    -5.77912    -6.81640    32.00746
 1152    310     5.69022    -6.81640    32.00746
 1153    310     5.71985    -6.81640    32.00746
 1154    310     5.74949    -6.81640    32.00746
 1157    310     5.83840    -6.81640    32.00746
 1158    310     5.86803    -6.81640    32.00746
 1169    310     6.19404    -6.81640    32.00746
 1170    310     6.22367    -6.81640    32.00746
 1171    310     6.25331    -6.81640    32.00746
 1172    310     6.28295    -6.81640    32.00746
 1522    310    16.65573    -6.81640    32.00746
 1523    310    16.68537    -6.81640    32.00746
 1524    310    16.71501    -6.81640    32.00746
 1525    310    16.74464    -6.81640    32.00746
 1526    310    16.77428    -6.81640    32.00746
 1527    310    16.80392    -6.81640    32.00746
  749    311    -6.14975    -6.67438    31.47740
  750    311    -6.12061    -6.67438    31.47740
  757    311    -5.91659    -6.67438    31.47740
  758    311    -5.88744    -6.67438    31.47740
  759    311    -5.85829    -6.67438    31.47740
  761    311    -5.80000    -6.67438    31.47740
  762    311    -5.77086    -6.67438    31.47740
  763    311    -5.74171    -6.67438    31.47740
  764    311    -5.71257    -6.67438    31.47740
 1153    311     5.62513    -6.67438    31.47740
 1154    311     5.65427    -6.67438    31.47740
 1155    311     5.68342    -6.67438    31.47740
 1157    311     5.74171    -6.67438    31.47740
 1158    311     5.77086    -6.67438    31.47740
 1159    311     5.80000    -6.67438    31.47740
 1168    311     6.06231    -6.67438    31.47740
 1169    311     6.09146    -6.67438    31.47740
 1170    311     6.12061    -6.67438    31.47740
 1171    311     6.14975    -6.67438    31.47740
 1172    311     6.17890    -6.67438    31.47740
 1173    311     6.20804    -6.67438    31.47740
  748    312    -6.07824    -6.53698    30.96462
  749    312    -6.04957    -6.53698    30.96462
  752    312    -5.96356    -6.53698    30.96462
  753    312    -5.93489    -6.53698    30.96462
  756    312    -5.84887    -6.53698    30.96462
  757    312    -5.82020    -6.53698    30.96462
  758    312    -5.79153    -6.53698    30.96462
  760    312    -5.73419    -6.53698    30.96462
  761    312    -5.70552    -6.53698    30.96462
  762    312    -5.67685    -6.53698    30.96462
  763    312    -5.64818    -6.53698    30.96462
 1153    312     5.53349    -6.53698    30.96462
 1154    312     5.56216    -6.53698    30.96462
 1155    312     5.59083    -6.53698    30.96462
 1156    312     5.61950    -6.53698    30.96462
 1158    312     5.67685    -6.53698    30.96462
 1159    312     5.70552    -6.53698    30.96462
 1160    312     5.73419    -6.53698    30.96462
 1161    312     5.76286    -6.53698    30.96462
 1168    312     5.96356    -6.53698    30.96462
 1169    312     5.99223    -6.53698    30.96462
 1170    312     6.02090    -6.53698    30.96462
 1172    312     6.07824    -6.53698    30.96462
 1173    312     6.10691    -6.53698    30.96462
 1174    312     6.13558    -6.53698    30.96462
  747    313    -6.00902    -6.40398    30.46827
  748    313    -5.98081    -6.40398    30.46827
  749    313    -5.95260    -6.40398    30.46827
  751    313    -5.89617    -6.40398    30.46827
  752    313    -5.86796    -6.40398    30.46827
  756    313    -5.75512    -6.40398    30.46827
  757    313    -5.72691    -6.40398    30.46827
  760    313    -5.64227    -6.40398    30.46827
  761    313    -5.61406    -6.40398    30.46827
  762    313    -5.58585    -6.40398    30.46827
  763    313    -5.55764    -6.40398    30.46827
 1154    313     5.47300    -6.40398    30.46827
 1155    313     5.50122    -6.40398    30.46827
 1156    313     5.52943    -6.40398    30.46827
 1157    313     5.55764    -6.40398    30.46827
 1159    313     5.61406    -6.40398    30.46827
 1160    313     5.64227    -6.40398    30.46827
 1161    313     5.67048    -6.40398    30.46827
 1162    313     5.69870    -6.40398    30.46827
 1169    313     5.89617    -6.40398    30.46827
 1170    313     5.92439    -6.40398    30.46827
 1172    313     5.98081    -6.40398    30.46827
 1173    313     6.00902    -6.40398    30.46827
 1174    313     6.03723    -6.40398    30.46827
 1175    313     6.06544    -6.40398    30.46827
 1543    313    16.44722    -6.40398    30.46827
 1544    313    16.47544    -6.40398    30.46827
 1545    313    16.50365    -6.40398    30.46827
 1546    313    16.53186    -6.40398    30.46827
  746    314    -5.94198    -6.27518    29.98759
  747    314    -5.91422    -6.27518    29.98759
  748    314    -5.88645    -6.27518    29.98759
  750    314    -5.83092    -6.27518    29.98759
  751    314    -5.80315    -6.27518    29.98759
  752    314    -5.77539    -6.27518    29.98759
  755    314    -5.69209    -6.27518    29.98759
  756    314    -5.66432    -6.27518    29.98759
  757    314    -5.63656    -6.27518    29.98759
  759    314    -5.58102    -6.27518    29.98759
  760    314    -5.55326    -6.27518    29.98759
  761    314    -5.52549    -6.27518    29.98759
  762    314    -5.49772    -6.27518    29.98759
 1155    314     5.41443    -6.27518    29.98759
 1156    314     5.44219    -6.27518    29.98759
 1157    314     5.46996    -6.27518    29.98759
 1158    314     5.49772    -6.27518    29.98759
 1160    314     5.55326    -6.27518    29.98759
 1161    314     5.58102    -6.27518    29.98759
 1162    314     5.60879    -6.27518    29.98759
 1163    314     5.63656    -6.27518    29.98759
 1171    314     5.85869    -6.27518    29.98759
 1174    314     5.94198    -6.27518    29.98759
 1175    314     5.96975    -6.27518    29.98759
 1176    314     5.99752    -6.27518    29.98759
 1543    314    16.18774    -6.27518    29.98759
 1544    314    16.21551    -6.27518    29.98759
 1545    314    16.24328    -6.27518    29.98759
 1546    314    16.27104    -6.27518    29.98759
 1547    314    16.29881    -6.27518    29.98759
 1548    314    16.32658    -6.27518    29.98759
 1549    314    16.35434    -6.27518    29.98759
  745    315    -5.87703    -6.15038    29.52183
  746    315    -5.84970    -6.15038    29.52183
  747    315    -5.82236    -6.15038    29.52183
  749    315    -5.76769    -6.15038    29.52183
  750    315    -5.74036    -6.15038    29.52183
  751    315    -5.71302    -6.15038    29.52183
  755    315    -5.60368    -6.15038    29.52183
  756    315    -5.57635    -6.15038    29.52183
  758    315    -5.52168    -6.15038    29.52183
  759    315    -5.49434    -6.15038    29.52183
  760    315    -5.46701    -6.15038    29.52183
  761    315    -5.43967    -6.15038    29.52183
 1156    315     5.35767    -6.15038    29.52183
 1157    315     5.38500    -6.15038    29.52183
 1158    315     5.41234    -6.15038    29.52183
 1159    315     5.43967    -6.15038    29.52183
 1161    315     5.49434    -6.15038    29.52183
 1162    315     5.52168    -6.15038    29.52183
 1163    315     5.54901    -6.15038    29.52183
 1164    315     5.57635    -6.15038    29.52183
 1171    315     5.76769    -6.15038    29.52183
 1172    315     5.79503    -6.15038    29.52183
 1175    315     5.87703    -6.15038    29.52183
 1176    315     5.90437    -6.15038    29.52183
 1177    315     5.93170    -6.15038    29.52183
 1546    315    16.01833    -6.15038    29.52183
 1547    315    16.04566    -6.15038    29.52183
 1548    315    16.07300    -6.15038    29.52183
 1549    315    16.10033    -6.15038    29.52183
 1550    315    16.12767    -6.15038    29.52183
 1551    315    16.15500    -6.15038    29.52183
  744    316    -5.81407    -6.02940    29.07033
  745    316    -5.78715    -6.02940    29.07033
  746    316    -5.76023    -6.02940    29.07033
  749    316    -5.67948    -6.02940    29.07033
  750    316    -5.65256    -6.02940    29.07033
  751    316    -5.62565    -6.02940    29.07033
  754    316    -5.54490    -6.02940    29.07033
  755    316    -5.51798    -6.02940    29.07033
  756    316    -5.49106    -6.02940    29.07033
  758    316    -5.43723    -6.02940    29.07033
  759    316    -5.41031    -6.02940    29.07033
  760    316    -5.38339    -6.02940    29.07033
 1156    316     5.27573    -6.02940    29.07033
 1157    316     5.30264    -6.02940    29.07033
 1158    316     5.32956    -6.02940    29.07033
 1159    316     5.35648    -6.02940    29.07033
 1160    316     5.38339    -6.02940    29.07033
 1162    316     5.43723    -6.02940    29.07033
 1163    316     5.46414    -6.02940    29.07033
 1164    316     5.49106    -6.02940    29.07033
 1167    316     5.57181    -6.02940    29.07033
 1173    316     5.73331    -6.02940    29.07033
 1176    316     5.81407    -6.02940    29.07033
 1177    316     5.84098    -6.02940    29.07033
 1178    316     5.86790    -6.02940    29.07033
 1542    316    15.66568    -6.02940    29.07033
 1543    316    15.69259    -6.02940    29.07033
 1544    316    15.71951    -6.02940    29.07033
 1545    316    15.74643    -6.02940    29.07033
 1549    316    15.85410    -6.02940    29.07033
 1550    316    15.88101    -6.02940    29.07033
 1551    316    15.90793    -6.02940    29.07033
 1552    316    15.93485    -6.02940    29.07033
 1553    316    15.96176    -6.02940    29.07033
  744    317    -5.72648    -5.91207    28.63242
  745    317    -5.69997    -5.91207    28.63242
  746    317    -5.67346    -5.91207    28.63242
  748    317    -5.62044    -5.91207    28.63242
  749    317    -5.59393    -5.91207    28.63242
  750    317    -5.56742    -5.91207    28.63242
  754    317    -5.46137    -5.91207    28.63242
  755    317    -5.43486    -5.91207    28.63242
  758    317    -5.35532    -5.91207    28.63242
  759    317    -5.32881    -5.91207    28.63242
 1157    317     5.22277    -5.91207    28.63242
 1158    317     5.24928    -5.91207    28.63242
 1159    317     5.27579    -5.91207    28.63242
 1160    317     5.30230    -5.91207    28.63242
 1161    317     5.32881    -5.91207    28.63242
 1162    317     5.35532    -5.91207    28.63242
 1163    317     5.38184    -5.91207    28.63242
 1164    317     5.40835    -5.91207    28.63242
 1167    317     5.48788    -5.91207    28.63242
 1170    317     5.56742    -5.91207    28.63242
 1171    317     5.59393    -5.91207    28.63242
 1173    317     5.64695    -5.91207    28.63242
 1174    317     5.67346    -5.91207    28.63242
 1176    317     5.72648    -5.91207    28.63242
 1177    317     5.75300    -5.91207    28.63242
 1178    317     5.77951    -5.91207    28.63242
 1543    317    15.45621    -5.91207    28.63242
 1544    317    15.48272    -5.91207    28.63242
 1545    317    15.50923    -5.91207    28.63242
 1546    317    15.53574    -5.91207    28.63242
 1547    317    15.56225    -5.91207    28.63242
 1551    317    15.66830    -5.91207    28.63242
 1552    317    15.69481    -5.91207    28.63242
 1553    317    15.72132    -5.91207    28.63242
  744    318    -5.64150    -5.79821    28.20752
  745    318    -5.61539    -5.79821    28.20752
  746    318    -5.58927    -5.79821    28.20752
  747    318    -5.56315    -5.79821    28.20752
  748    318    -5.53703    -5.79821    28.20752
  749    318    -5.51091    -5.79821    28.20752
  753    318    -5.40644    -5.79821    28.20752
  754    318    -5.38032    -5.79821    28.20752
  757    318    -5.30197    -5.79821    28.20752
  758    318    -5.27585    -5.79821    28.20752
 1158    318     5.17138    -5.79821    28.20752
 1159    318     5.19750    -5.79821    28.20752
 1160    318     5.22361    -5.79821    28.20752
 1161    318     5.24973    -5.79821    28.20752
 1162    318     5.27585    -5.79821    28.20752
 1163    318     5.30197    -5.79821    28.20752
 1164    318     5.32809    -5.79821    28.20752
 1167    318     5.40644    -5.79821    28.20752
 1168    318     5.43256    -5.79821    28.20752
 1170    318     5.48479    -5.79821    28.20752
 1171    318     5.51091    -5.79821    28.20752
 1172    318     5.53703    -5.79821    28.20752
 1177    318     5.66762    -5.79821    28.20752
 1178    318     5.69374    -5.79821    28.20752
 1545    318    15.27907    -5.79821    28.20752
 1546    318    15.30519    -5.79821    28.20752
 1547    318    15.33131    -5.79821    28.20752
 1548    318    15.35743    -5.79821    28.20752
 1549    318    15.38354    -5.79821    28.20752
 1550    318    15.40966    -5.79821    28.20752
 1556    318    15.56637    -5.79821    28.20752
 1557    318    15.59249    -5.79821    28.20752
 1558    318    15.61861    -5.79821    28.20752
 1559    318    15.64472    -5.79821    28.20752
 1560    318    15.67084    -5.79821    28.20752
  745    319    -5.53327    -5.68769    27.79504
  746    319    -5.50753    -5.68769    27.79504
  747    319    -5.48180    -5.68769    27.79504
  748    319    -5.45606    -5.68769    27.79504
  752    319    -5.35312    -5.68769    27.79504
  753    319    -5.32738    -5.68769    27.79504
  754    319    -5.30165    -5.68769    27.79504
  756    319    -5.25017    -5.68769    27.79504
  757    319    -5.22444    -5.68769    27.79504
 1159    319     5.12149    -5.68769    27.79504
 1160    319     5.14723    -5.68769    27.79504
 1161    319     5.17296    -5.68769    27.79504
 1162    319     5.19870    -5.68769    27.79504
 1167    319     5.32738    -5.68769    27.79504
 1168    319     5.35312    -5.68769    27.79504
 1171    319     5.43033    -5.68769    27.79504
 1172    319     5.45606    -5.68769    27.79504
 1177    319     5.58474    -5.68769    27.79504
 1178    319     5.61048    -5.68769    27.79504
 1547    319    15.10712    -5.68769    27.79504
 1548    319    15.13285    -5.68769    27.79504
 1549    319    15.15859    -5.68769    27.79504
 1550    319    15.18433    -5.68769    27.79504
 1551    319    15.21006    -5.68769    27.79504
 1552    319    15.23580    -5.68769    27.79504
 1556    319    15.33874    -5.68769    27.79504
 1557    319    15.36448    -5.68769    27.79504
 1558    319    15.39021    -5.68769    27.79504
 1559    319    15.41595    -5.68769    27.79504
 1560    319    15.44169    -5.68769    27.79504
 1561    319    15.46742    -5.68769    27.79504
 1562    319    15.49316    -5.68769    27.79504
  751    320    -5.30133    -5.58035    27.39444
  752    320    -5.27597    -5.58035    27.39444
  753    320    -5.25060    -5.58035    27.39444
  755    320    -5.19987    -5.58035    27.39444
  756    320    -5.17451    -5.58035    27.39444
  757    320    -5.14914    -5.58035    27.39444
 1161    320     5.09841    -5.58035    27.39444
 1162    320     5.12378    -5.58035    27.39444
 1163    320     5.14914    -5.58035    27.39444
 1168    320     5.27597    -5.58035    27.39444
 1177    320     5.50425    -5.58035    27.39444
 1180    320     5.58035    -5.58035    27.39444
 1181    320     5.60572    -5.58035    27.39444
 1550    320    14.96548    -5.58035    27.39444
 1551    320    14.99085    -5.58035    27.39444
 1552    320    15.01621    -5.58035    27.39444
 1559    320    15.19377    -5.58035    27.39444
 1560    320    15.21914    -5.58035    27.39444
 1561    320    15.24450    -5.58035    27.39444
 1562    320    15.26987    -5.58035    27.39444
  751    321    -5.22601    -5.47606    27.00524
  752    321    -5.20101    -5.47606    27.00524
  755    321    -5.12599    -5.47606    27.00524
  756    321    -5.10099    -5.47606    27.00524
 1162    321     5.05098    -5.47606    27.00524
 1163    321     5.07598    -5.47606    27.00524
 1170    321     5.25102    -5.47606    27.00524
 1171    321     5.27602    -5.47606    27.00524
 1181    321     5.52607    -5.47606    27.00524
 1182    321     5.55108    -5.47606    27.00524
 1555    321    14.87789    -5.47606    27.00524
 1556    321    14.90289    -5.47606    27.00524
 1557    321    14.92789    -5.47606    27.00524
 1558    321    14.95290    -5.47606    27.00524
 1561    321    15.02791    -5.47606    27.00524
 1562    321    15.05292    -5.47606    27.00524
 1563    321    15.07792    -5.47606    27.00524
  750    322    -5.17746    -5.37470    26.62693
  751    322    -5.15280    -5.37470    26.62693
  752    322    -5.12815    -5.37470    26.62693
  754    322    -5.07884    -5.37470    26.62693
  755    322    -5.05419    -5.37470    26.62693
  756    322    -5.02953    -5.37470    26.62693
 1163    322     5.00488    -5.37470    26.62693
 1164    322     5.02953    -5.37470    26.62693
 1165    322     5.05419    -5.37470    26.62693
 1170    322     5.17746    -5.37470    26.62693
 1171    322     5.20211    -5.37470    26.62693
 1172    322     5.22677    -5.37470    26.62693
 1182    322     5.47331    -5.37470    26.62693
 1183    322     5.49797    -5.37470    26.62693
 1556    322    14.69412    -5.37470    26.62693
 1557    322    14.71878    -5.37470    26.62693
 1558    322    14.74343    -5.37470    26.62693
 1559    322    14.76809    -5.37470    26.62693
 1560    322    14.79274    -5.37470    26.62693
 1561    322    14.81740    -5.37470    26.62693
 1562    322    14.84205    -5.37470    26.62693
 1563    322    14.86670    -5.37470    26.62693
  750    323    -5.10593    -5.27613    26.25908
  751    323    -5.08162    -5.27613    26.25908
  752    323    -5.05730    -5.27613    26.25908
  753    323    -5.03299    -5.27613    26.25908
  754    323    -5.00868    -5.27613    26.25908
  755    323    -4.98436    -5.27613    26.25908
 1164    323     4.96005    -5.27613    26.25908
 1165    323     4.98436    -5.27613    26.25908
 1166    323     5.00868    -5.27613    26.25908
 1169    323     5.08162    -5.27613    26.25908
 1172    323     5.15456    -5.27613    26.25908
 1173    323     5.17887    -5.27613    26.25908
 1174    323     5.20319    -5.27613    26.25908
 1182    323     5.39770    -5.27613    26.25908
 1183    323     5.42201    -5.27613    26.25908
 1557    323    14.51544    -5.27613    26.25908
 1558    323    14.53975    -5.27613    26.25908
 1559    323    14.56407    -5.27613    26.25908
 1560    323    14.58838    -5.27613    26.25908
 1561    323    14.61269    -5.27613    26.25908
 1562    323    14.63701    -5.27613    26.25908
  751    324    -5.01237    -5.18025    25.90126
  752    324    -4.98839    -5.18025    25.90126
  753    324    -4.96441    -5.18025    25.90126
  754    324    -4.94042    -5.18025    25.90126
 1165    324     4.91644    -5.18025    25.90126
 1166    324     4.94042    -5.18025    25.90126
 1167    324     4.96441    -5.18025    25.90126
 1169    324     5.01237    -5.18025    25.90126
 1170    324     5.03636    -5.18025    25.90126
 1171    324     5.06034    -5.18025    25.90126
 1174    324     5.13229    -5.18025    25.90126
 1175    324     5.15627    -5.18025    25.90126
 1183    324     5.34813    -5.18025    25.90126
 1560    324    14.38959    -5.18025    25.90126
 1561    324    14.41357    -5.18025    25.90126
  752    325    -4.92133    -5.08695    25.55305
  753    325    -4.89767    -5.08695    25.55305
 1165    325     4.85035    -5.08695    25.55305
 1166    325     4.87401    -5.08695    25.55305
 1167    325     4.89767    -5.08695    25.55305
 1168    325     4.92133    -5.08695    25.55305
 1170    325     4.96865    -5.08695    25.55305
 1171    325     4.99231    -5.08695    25.55305
 1172    325     5.01597    -5.08695    25.55305
 1183    325     5.27623    -5.08695    25.55305
 1573    325    14.50372    -5.08695    25.55305
 1166    326     4.80935    -4.99612    25.21409
 1167    326     4.83270    -4.99612    25.21409
 1168    326     4.85605    -4.99612    25.21409
 1170    326     4.90274    -4.99612    25.21409
 1171    326     4.92609    -4.99612    25.21409
 1172    326     4.94943    -4.99612    25.21409
 1167    327     4.76943    -4.90768    24.88399
 1168    327     4.79247    -4.90768    24.88399
 1169    327     4.81551    -4.90768    24.88399
 1171    327     4.86160    -4.90768    24.88399
 1172    327     4.88464    -4.90768    24.88399
 1173    327     4.90768    -4.90768    24.88399
 1186    327     5.20721    -4.90768    24.88399
 1187    327     5.23025    -4.90768    24.88399
 1188    327     5.25329    -4.90768    24.88399
 1570    327    14.05485    -4.90768    24.88399
 1580    327    14.28526    -4.90768    24.88399
 1167    328     4.70780    -4.82151    24.56243
 1168    328     4.73054    -4.82151    24.56243
 1169    328     4.75329    -4.82151    24.56243
 1170    328     4.77603    -4.82151    24.56243
 1172    328     4.82151    -4.82151    24.56243
 1173    328     4.84426    -4.82151    24.56243
 1174    328     4.86700    -4.82151    24.56243
 1186    328     5.13992    -4.82151    24.56243
 1187    328     5.16266    -4.82151    24.56243
 1188    328     5.18540    -4.82151    24.56243
 1189    328     5.20815    -4.82151    24.56243
 1579    328    14.07791    -4.82151    24.56243
 1580    328    14.10066    -4.82151    24.56243
 1581    328    14.12340    -4.82151    24.56243
 1582    328    14.14614    -4.82151    24.56243
 1169    329     4.69265    -4.73755    24.24908
 1170    329     4.71510    -4.73755    24.24908
 1171    329     4.73755    -4.73755    24.24908
 1173    329     4.78246    -4.73755    24.24908
 1174    329     4.80491    -4.73755    24.24908
 1175    329     4.82736    -4.73755    24.24908
 1188    329     5.11925    -4.73755    24.24908
 1189    329     5.14170    -4.73755    24.24908
 1190    329     5.16416    -4.73755    24.24908
 1578    329    13.87586    -4.73755    24.24908
 1582    329    13.96567    -4.73755    24.24908
 1583    329    13.98813    -4.73755    24.24908
 1170    330     4.65570    -4.65570    23.94362
 1171    330     4.67787    -4.65570    23.94362
 1172    330     4.70004    -4.65570    23.94362
 1174    330     4.74438    -4.65570    23.94362
 1175    330     4.76655    -4.65570    23.94362
 1176    330     4.78872    -4.65570    23.94362
 1189    330     5.07693    -4.65570    23.94362
 1190    330     5.09910    -4.65570    23.94362
 1578    330    13.70107    -4.65570    23.94362
 1579    330    13.72324    -4.65570    23.94362
 1170    331     4.59779    -4.57589    23.64576
 1171    331     4.61968    -4.57589    23.64576
 1172    331     4.64157    -4.57589    23.64576
 1173    331     4.66347    -4.57589    23.64576
 1175    331     4.70726    -4.57589    23.64576
 1176    331     4.72915    -4.57589    23.64576
 1177    331     4.75105    -4.57589    23.64576
 1186    331     4.94809    -4.57589    23.64576
 1187    331     4.96999    -4.57589    23.64576
 1189    331     5.01378    -4.57589    23.64576
 1190    331     5.03567    -4.57589    23.64576
 1579    331    13.55252    -4.57589    23.64576
 1580    331    13.57442    -4.57589    23.64576
 1581    331    13.59631    -4.57589    23.64576
 1582    331    13.61820    -4.57589    23.64576
 1171    332     4.56292    -4.49804    23.35521
 1172    332     4.58454    -4.49804    23.35521
 1173    332     4.60617    -4.49804    23.35521
 1176    332     4.67104    -4.49804    23.35521
 1177    332     4.69267    -4.49804    23.35521
 1178    332     4.71429    -4.49804    23.35521
 1186    332     4.88729    -4.49804    23.35521
 1187    332     4.90892    -4.49804    23.35521
 1188    332     4.93055    -4.49804    23.35521
 1189    332     4.95217    -4.49804    23.35521
 1190    332     4.97380    -4.49804    23.35521
 1581    332    13.42925    -4.49804    23.35521
 1172    333     4.52889    -4.42208    23.07173
 1173    333     4.55026    -4.42208    23.07173
 1174    333     4.57162    -4.42208    23.07173
 1177    333     4.63571    -4.42208    23.07173
 1178    333     4.65707    -4.42208    23.07173
 1179    333     4.67843    -4.42208    23.07173
 1187    333     4.84933    -4.42208    23.07173
 1188    333     4.87070    -4.42208    23.07173
 1189    333     4.89206    -4.42208    23.07173
 1173    334     4.49569    -4.34794    22.79504
 1174    334     4.51679    -4.34794    22.79504
 1175    334     4.53790    -4.34794    22.79504
 1177    334     4.58011    -4.34794    22.79504
 1178    334     4.60122    -4.34794    22.79504
 1179    334     4.62233    -4.34794    22.79504
 1180    334     4.64343    -4.34794    22.79504
 1174    335     4.46327    -4.27556    22.52491
 1175    335     4.48412    -4.27556    22.52491
 1176    335     4.50498    -4.27556    22.52491
 1178    335     4.54669    -4.27556    22.52491
 1179    335     4.56755    -4.27556    22.52491
 1180    335     4.58841    -4.27556    22.52491
 1181    335     4.60926    -4.27556    22.52491
 1182    335     4.63012    -4.27556    22.52491
 1183    335     4.65098    -4.27556    22.52491
 1194    335     4.88040    -4.27556    22.52491
 1195    335     4.90125    -4.27556    22.52491
 1174    336     4.41100    -4.20487    22.26110
 1175    336     4.43161    -4.20487    22.26110
 1176    336     4.45222    -4.20487    22.26110
 1177    336     4.47283    -4.20487    22.26110
 1179    336     4.51406    -4.20487    22.26110
 1180    336     4.53467    -4.20487    22.26110
 1181    336     4.55528    -4.20487    22.26110
 1182    336     4.57589    -4.20487    22.26110
 1183    336     4.59651    -4.20487    22.26110
 1184    336     4.61712    -4.20487    22.26110
 1195    336     4.84385    -4.20487    22.26110
 1196    336     4.86446    -4.20487    22.26110
 1603    336    13.25360    -4.20487    22.26110
 1604    336    13.27421    -4.20487    22.26110
  727    337    -4.74703    -4.13583    22.00341
  728    337    -4.72666    -4.13583    22.00341
  729    337    -4.70628    -4.13583    22.00341
  730    337    -4.68591    -4.13583    22.00341
 1175    337     4.38031    -4.13583    22.00341
 1176    337     4.40068    -4.13583    22.00341
 1177    337     4.42105    -4.13583    22.00341
 1178    337     4.44143    -4.13583    22.00341
 1180    337     4.48218    -4.13583    22.00341
 1181    337     4.50255    -4.13583    22.00341
 1182    337     4.52292    -4.13583    22.00341
 1183    337     4.54330    -4.13583    22.00341
 1184    337     4.56367    -4.13583    22.00341
 1192    337     4.72666    -4.13583    22.00341
 1196    337     4.80815    -4.13583    22.00341
  726    338    -4.71285    -4.06836    21.75161
  727    338    -4.69271    -4.06836    21.75161
  728    338    -4.67257    -4.06836    21.75161
  731    338    -4.61215    -4.06836    21.75161
 1176    338     4.35032    -4.06836    21.75161
 1177    338     4.37046    -4.06836    21.75161
 1178    338     4.39060    -4.06836    21.75161
 1179    338     4.41074    -4.06836    21.75161
 1181    338     4.45102    -4.06836    21.75161
 1182    338     4.47116    -4.06836    21.75161
 1183    338     4.49130    -4.06836    21.75161
 1184    338     4.51144    -4.06836    21.75161
 1185    338     4.53159    -4.06836    21.75161
 1192    338     4.67257    -4.06836    21.75161
 1193    338     4.69271    -4.06836    21.75161
 1197    338     4.77327    -4.06836    21.75161
 1599    338    12.86970    -4.06836    21.75161
 1600    338    12.88984    -4.06836    21.75161
 1601    338    12.90998    -4.06836    21.75161
  726    339    -4.65953    -4.00241    21.50551
  727    339    -4.63961    -4.00241    21.50551
  730    339    -4.57988    -4.00241    21.50551
  731    339    -4.55996    -4.00241    21.50551
  737    339    -4.44049    -4.00241    21.50551
 1177    339     4.32101    -4.00241    21.50551
 1178    339     4.34093    -4.00241    21.50551
 1179    339     4.36084    -4.00241    21.50551
 1180    339     4.38075    -4.00241    21.50551
 1182    339     4.42058    -4.00241    21.50551
 1183    339     4.44049    -4.00241    21.50551
 1184    339     4.46040    -4.00241    21.50551
 1185    339     4.48031    -4.00241    21.50551
 1193    339     4.63961    -4.00241    21.50551
 1194    339     4.65953    -4.00241    21.50551
 1601    339    12.76392    -4.00241    21.50551
 1602    339    12.78383    -4.00241    21.50551
 1603    339    12.80374    -4.00241    21.50551
  725    340    -4.62709    -3.93795    21.26491
  726    340    -4.60740    -3.93795    21.26491
  729    340    -4.54833    -3.93795    21.26491
  730    340    -4.52864    -3.93795    21.26491
  736    340    -4.41050    -3.93795    21.26491
  737    340    -4.39081    -3.93795    21.26491
 1178    340     4.29236    -3.93795    21.26491
 1179    340     4.31205    -3.93795    21.26491
 1180    340     4.33174    -3.93795    21.26491
 1181    340     4.35143    -3.93795    21.26491
 1183    340     4.39081    -3.93795    21.26491
 1184    340     4.41050    -3.93795    21.26491
 1185    340     4.43019    -3.93795    21.26491
 1186    340     4.44988    -3.93795    21.26491
 1613    340    12.85740    -3.93795    21.26491
 1614    340    12.87709    -3.93795    21.26491
 1615    340    12.89678    -3.93795    21.26491
 1616    340    12.91647    -3.93795    21.26491
 1617    340    12.93616    -3.93795    21.26491
 1618    340    12.95585    -3.93795    21.26491
  728    341    -4.51748    -3.87491    21.02964
  729    341    -4.49801    -3.87491    21.02964
  736    341    -4.36170    -3.87491    21.02964
  739    341    -4.30329    -3.87491    21.02964
 1179    341     4.26434    -3.87491    21.02964
 1180    341     4.28382    -3.87491    21.02964
 1181    341     4.30329    -3.87491    21.02964
 1182    341     4.32276    -3.87491    21.02964
 1184    341     4.36170    -3.87491    21.02964
 1185    341     4.38118    -3.87491    21.02964
 1186    341     4.40065    -3.87491    21.02964
 1199    341     4.65378    -3.87491    21.02964
 1200    341     4.67325    -3.87491    21.02964
 1614    341    12.73462    -3.87491    21.02964
 1615    341    12.75409    -3.87491    21.02964
 1616    341    12.77356    -3.87491    21.02964
 1617    341    12.79303    -3.87491    21.02964
 1618    341    12.81251    -3.87491    21.02964
 1619    341    12.83198    -3.87491    21.02964
 1620    341    12.85145    -3.87491    21.02964
 1621    341    12.87092    -3.87491    21.02964
  728    342    -4.46805    -3.81325    20.79952
  738    342    -4.27546    -3.81325    20.79952
  739    342    -4.25620    -3.81325    20.79952
 1179    342     4.21768    -3.81325    20.79952
 1180    342     4.23694    -3.81325    20.79952
 1181    342     4.25620    -3.81325    20.79952
 1182    342     4.27546    -3.81325    20.79952
 1185    342     4.33323    -3.81325    20.79952
 1186    342     4.35249    -3.81325    20.79952
 1187    342     4.37175    -3.81325    20.79952
 1200    342     4.62212    -3.81325    20.79952
 1201    342     4.64138    -3.81325    20.79952
 1617    342    12.65304    -3.81325    20.79952
 1618    342    12.67230    -3.81325    20.79952
 1619    342    12.69156    -3.81325    20.79952
 1620    342    12.71082    -3.81325    20.79952
 1621    342    12.73008    -3.81325    20.79952
 1622    342    12.74934    -3.81325    20.79952
  737    343    -4.24823    -3.75292    20.57438
  738    343    -4.22918    -3.75292    20.57438
 1180    343     4.19108    -3.75292    20.57438
 1181    343     4.21013    -3.75292    20.57438
 1182    343     4.22918    -3.75292    20.57438
 1183    343     4.24823    -3.75292    20.57438
 1185    343     4.28633    -3.75292    20.57438
 1186    343     4.30538    -3.75292    20.57438
 1187    343     4.32443    -3.75292    20.57438
 1188    343     4.34348    -3.75292    20.57438
 1197    343     4.51493    -3.75292    20.57438
 1201    343     4.59114    -3.75292    20.57438
 1202    343     4.61019    -3.75292    20.57438
 1203    343     4.62924    -3.75292    20.57438
 1612    343    12.42083    -3.75292    20.57438
 1613    343    12.43988    -3.75292    20.57438
 1614    343    12.45893    -3.75292    20.57438
 1615    343    12.47798    -3.75292    20.57438
 1616    343    12.49703    -3.75292    20.57438
 1620    343    12.57323    -3.75292    20.57438
 1621    343    12.59228    -3.75292    20.57438
 1622    343    12.61134    -3.75292    20.57438
 1623    343    12.63039    -3.75292    20.57438
 1624    343    12.64944    -3.75292    20.57438
 1181    344     4.16505    -3.69389    20.35407
 1182    344     4.18389    -3.69389    20.35407
 1183    344     4.20274    -3.69389    20.35407
 1184    344     4.22158    -3.69389    20.35407
 1186    344     4.25928    -3.69389    20.35407
 1187    344     4.27812    -3.69389    20.35407
 1188    344     4.29697    -3.69389    20.35407
 1189    344     4.31582    -3.69389    20.35407
 1190    344     4.33466    -3.69389    20.35407
 1191    344     4.35351    -3.69389    20.35407
 1198    344     4.48543    -3.69389    20.35407
 1202    344     4.56082    -3.69389    20.35407
 1203    344     4.57966    -3.69389    20.35407
 1204    344     4.59851    -3.69389    20.35407
 1614    344    12.32552    -3.69389    20.35407
 1615    344    12.34436    -3.69389    20.35407
 1616    344    12.36321    -3.69389    20.35407
 1617    344    12.38206    -3.69389    20.35407
 1618    344    12.40090    -3.69389    20.35407
 1619    344    12.41975    -3.69389    20.35407
 1622    344    12.47629    -3.69389    20.35407
 1623    344    12.49514    -3.69389    20.35407
 1624    344    12.51398    -3.69389    20.35407
 1625    344    12.53283    -3.69389    20.35407
 1182    345     4.13956    -3.63610    20.13842
 1183    345     4.15821    -3.63610    20.13842
 1184    345     4.17686    -3.63610    20.13842
 1185    345     4.19550    -3.63610    20.13842
 1187    345     4.23280    -3.63610    20.13842
 1188    345     4.25144    -3.63610    20.13842
 1189    345     4.27009    -3.63610    20.13842
 1190    345     4.28874    -3.63610    20.13842
 1191    345     4.30738    -3.63610    20.13842
 1192    345     4.32603    -3.63610    20.13842
 1199    345     4.45656    -3.63610    20.13842
 1200    345     4.47520    -3.63610    20.13842
 1203    345     4.53114    -3.63610    20.13842
 1204    345     4.54979    -3.63610    20.13842
 1205    345     4.56844    -3.63610    20.13842
 1615    345    12.21358    -3.63610    20.13842
 1616    345    12.23222    -3.63610    20.13842
 1617    345    12.25087    -3.63610    20.13842
 1618    345    12.26952    -3.63610    20.13842
 1619    345    12.28816    -3.63610    20.13842
 1620    345    12.30681    -3.63610    20.13842
 1621    345    12.32546    -3.63610    20.13842
 1624    345    12.38140    -3.63610    20.13842
 1625    345    12.40004    -3.63610    20.13842
  731    346    -4.22532    -3.57953    19.92729
  732    346    -4.20687    -3.57953    19.92729
 1183    346     4.11462    -3.57953    19.92729
 1184    346     4.13307    -3.57953    19.92729
 1185    346     4.15152    -3.57953    19.92729
 1186    346     4.16997    -3.57953    19.92729
 1187    346     4.18842    -3.57953    19.92729
 1188    346     4.20687    -3.57953    19.92729
 1189    346     4.22532    -3.57953    19.92729
 1190    346     4.24377    -3.57953    19.92729
 1191    346     4.26223    -3.57953    19.92729
 1192    346     4.28068    -3.57953    19.92729
 1199    346     4.40984    -3.57953    19.92729
 1200    346     4.42829    -3.57953    19.92729
 1201    346     4.44674    -3.57953    19.92729
 1204    346     4.50209    -3.57953    19.92729
 1205    346     4.52054    -3.57953    19.92729
 1617    346    12.12243    -3.57953    19.92729
 1618    346    12.14089    -3.57953    19.92729
 1619    346    12.15934    -3.57953    19.92729
 1620    346    12.17779    -3.57953    19.92729
 1621    346    12.19624    -3.57953    19.92729
 1622    346    12.21469    -3.57953    19.92729
 1623    346    12.23314    -3.57953    19.92729
 1624    346    12.25159    -3.57953    19.92729
  730    347    -4.19975    -3.52413    19.72054
  731    347    -4.18149    -3.52413    19.72054
  732    347    -4.16323    -3.52413    19.72054
  734    347    -4.12671    -3.52413    19.72054
 1184    347     4.09019    -3.52413    19.72054
 1185    347     4.10845    -3.52413    19.72054
 1186    347     4.12671    -3.52413    19.72054
 1187    347     4.14497    -3.52413    19.72054
 1188    347     4.16323    -3.52413    19.72054
 1189    347     4.18149    -3.52413    19.72054
 1190    347     4.19975    -3.52413    19.72054
 1191    347     4.21801    -3.52413    19.72054
 1192    347     4.23626    -3.52413    19.72054
 1193    347     4.25452    -3.52413    19.72054
 1200    347     4.38234    -3.52413    19.72054
 1201    347     4.40060    -3.52413    19.72054
 1202    347     4.41886    -3.52413    19.72054
 1204    347     4.45538    -3.52413    19.72054
 1205    347     4.47364    -3.52413    19.72054
 1206    347     4.49190    -3.52413    19.72054
 1620    347    12.05144    -3.52413    19.72054
 1621    347    12.06970    -3.52413    19.72054
 1622    347    12.08796    -3.52413    19.72054
 1623    347    12.10622    -3.52413    19.72054
 1624    347    12.12448    -3.52413    19.72054
  730    348    -4.15662    -3.46987    19.51804
  731    348    -4.13855    -3.46987    19.51804
  733    348    -4.10240    -3.46987    19.51804
  734    348    -4.08433    -3.46987    19.51804
 1185    348     4.06626    -3.46987    19.51804
 1186    348     4.08433    -3.46987    19.51804
 1187    348     4.10240    -3.46987    19.51804
 1188    348     4.12048    -3.46987    19.51804
 1190    348     4.15662    -3.46987    19.51804
 1191    348     4.17469    -3.46987    19.51804
 1192    348     4.19276    -3.46987    19.51804
 1193    348     4.21084    -3.46987    19.51804
 1194    348     4.22891    -3.46987    19.51804
 1201    348     4.35542    -3.46987    19.51804
 1202    348     4.37349    -3.46987    19.51804
 1206    348     4.44578    -3.46987    19.51804
 1207    348     4.46385    -3.46987    19.51804
  729    349    -4.13226    -3.41672    19.31966
  730    349    -4.11437    -3.41672    19.31966
  733    349    -4.06071    -3.41672    19.31966
  734    349    -4.04282    -3.41672    19.31966
 1186    349     4.04282    -3.41672    19.31966
 1187    349     4.06071    -3.41672    19.31966
 1188    349     4.07859    -3.41672    19.31966
 1189    349     4.09648    -3.41672    19.31966
 1191    349     4.13226    -3.41672    19.31966
 1192    349     4.15015    -3.41672    19.31966
 1193    349     4.16804    -3.41672    19.31966
 1194    349     4.18593    -3.41672    19.31966
 1195    349     4.20381    -3.41672    19.31966
 1203    349     4.34692    -3.41672    19.31966
 1207    349     4.41848    -3.41672    19.31966
 1208    349     4.43637    -3.41672    19.31966
  732    350    -4.03756    -3.36463    19.12527
  733    350    -4.01985    -3.36463    19.12527
 1186    350     4.00214    -3.36463    19.12527
 1187    350     4.01985    -3.36463    19.12527
 1188    350     4.03756    -3.36463    19.12527
 1189    350     4.05526    -3.36463    19.12527
 1190    350     4.07297    -3.36463    19.12527
 1191    350     4.09068    -3.36463    19.12527
 1192    350     4.10839    -3.36463    19.12527
 1193    350     4.12610    -3.36463    19.12527
 1194    350     4.14381    -3.36463    19.12527
 1195    350     4.16152    -3.36463    19.12527
 1196    350     4.17922    -3.36463    19.12527
 1204    350     4.32089    -3.36463    19.12527
 1208    350     4.39173    -3.36463    19.12527
 1209    350     4.40944    -3.36463    19.12527
 1640    350    12.04183    -3.36463    19.12527
 1641    350    12.05954    -3.36463    19.12527
 1642    350    12.07725    -3.36463    19.12527
 1643    350    12.09496    -3.36463    19.12527
 1644    350    12.11267    -3.36463    19.12527
  732    351    -3.99734    -3.31358    18.93475
 1187    351     3.97980    -3.31358    18.93475
 1188    351     3.99734    -3.31358    18.93475
 1189    351     4.01487    -3.31358    18.93475
 1190    351     4.03240    -3.31358    18.93475
 1191    351     4.04993    -3.31358    18.93475
 1192    351     4.06746    -3.31358    18.93475
 1193    351     4.08500    -3.31358    18.93475
 1194    351     4.10253    -3.31358    18.93475
 1195    351     4.12006    -3.31358    18.93475
 1196    351     4.13759    -3.31358    18.93475
 1197    351     4.15513    -3.31358    18.93475
 1204    351     4.27785    -3.31358    18.93475
 1205    351     4.29538    -3.31358    18.93475
 1208    351     4.34798    -3.31358    18.93475
 1209    351     4.36551    -3.31358    18.93475
 1210    351     4.38304    -3.31358    18.93475
 1639    351    11.90435    -3.31358    18.93475
 1640    351    11.92188    -3.31358    18.93475
 1641    351    11.93941    -3.31358    18.93475
 1642    351    11.95694    -3.31358    18.93475
 1643    351    11.97447    -3.31358    18.93475
 1644    351    11.99201    -3.31358    18.93475
 1645    351    12.00954    -3.31358    18.93475
 1188    352     3.95791    -3.26354    18.74799
 1189    352     3.97527    -3.26354    18.74799
 1190    352     3.99263    -3.26354    18.74799
 1191    352     4.00999    -3.26354    18.74799
 1193    352     4.04470    -3.26354    18.74799
 1194    352     4.06206    -3.26354    18.74799
 1195    352     4.07942    -3.26354    18.74799
 1196    352     4.09678    -3.26354    18.74799
 1197    352     4.11414    -3.26354    18.74799
 1198    352     4.13150    -3.26354    18.74799
 1205    352     4.25302    -3.26354    18.74799
 1206    352     4.27037    -3.26354    18.74799
 1207    352     4.28773    -3.26354    18.74799
 1209    352     4.32245    -3.26354    18.74799
 1210    352     4.33981    -3.26354    18.74799
 1211    352     4.35717    -3.26354    18.74799
 1639    352    11.78693    -3.26354    18.74799
 1640    352    11.80429    -3.26354    18.74799
 1641    352    11.82165    -3.26354    18.74799
 1643    352    11.85637    -3.26354    18.74799
 1644    352    11.87373    -3.26354    18.74799
 1645    352    11.89108    -3.26354    18.74799
 1646    352    11.90844    -3.26354    18.74799
 1189    353     3.93644    -3.21447    18.56487
 1190    353     3.95363    -3.21447    18.56487
 1191    353     3.97082    -3.21447    18.56487
 1192    353     3.98801    -3.21447    18.56487
 1194    353     4.02239    -3.21447    18.56487
 1195    353     4.03958    -3.21447    18.56487
 1196    353     4.05677    -3.21447    18.56487
 1197    353     4.07396    -3.21447    18.56487
 1198    353     4.09115    -3.21447    18.56487
 1206    353     4.22867    -3.21447    18.56487
 1207    353     4.24586    -3.21447    18.56487
 1210    353     4.29742    -3.21447    18.56487
 1211    353     4.31461    -3.21447    18.56487
 1639    353    11.67181    -3.21447    18.56487
 1640    353    11.68900    -3.21447    18.56487
 1641    353    11.70618    -3.21447    18.56487
 1642    353    11.72337    -3.21447    18.56487
 1643    353    11.74056    -3.21447    18.56487
 1189    354     3.89837    -3.16636    18.38530
 1190    354     3.91539    -3.16636    18.38530
 1191    354     3.93241    -3.16636    18.38530
 1192    354     3.94944    -3.16636    18.38530
 1193    354     3.96646    -3.16636    18.38530
 1195    354     4.00051    -3.16636    18.38530
 1196    354     4.01753    -3.16636    18.38530
 1197    354     4.03455    -3.16636    18.38530
 1198    354     4.05158    -3.16636    18.38530
 1199    354     4.06860    -3.16636    18.38530
 1206    354     4.18776    -3.16636    18.38530
 1207    354     4.20479    -3.16636    18.38530
 1208    354     4.22181    -3.16636    18.38530
 1210    354     4.25586    -3.16636    18.38530
 1211    354     4.27288    -3.16636    18.38530
 1212    354     4.28990    -3.16636    18.38530
 1640    354    11.57593    -3.16636    18.38530
 1641    354    11.59296    -3.16636    18.38530
 1642    354    11.60998    -3.16636    18.38530
 1643    354    11.62700    -3.16636    18.38530
 1644    354    11.64403    -3.16636    18.38530
 1190    355     3.87788    -3.11916    18.20918
 1191    355     3.89474    -3.11916    18.20918
 1192    355     3.91160    -3.11916    18.20918
 1193    355     3.92846    -3.11916    18.20918
 1194    355     3.94532    -3.11916    18.20918
 1196    355     3.97904    -3.11916    18.20918
 1197    355     3.99590    -3.11916    18.20918
 1198    355     4.01276    -3.11916    18.20918
 1199    355     4.02962    -3.11916    18.20918
 1207    355     4.16451    -3.11916    18.20918
 1208    355     4.18137    -3.11916    18.20918
 1209    355     4.19823    -3.11916    18.20918
 1211    355     4.23195    -3.11916    18.20918
 1212    355     4.24881    -3.11916    18.20918
 1641    355    11.48190    -3.11916    18.20918
 1642    355    11.49876    -3.11916    18.20918
 1643    355    11.51562    -3.11916    18.20918
 1644    355    11.53248    -3.11916    18.20918
 1645    355    11.54934    -3.11916    18.20918
 1646    355    11.56620    -3.11916    18.20918
 1191    356     3.85778    -3.07287    18.03639
 1192    356     3.87448    -3.07287    18.03639
 1193    356     3.89118    -3.07287    18.03639
 1194    356     3.90788    -3.07287    18.03639
 1195    356     3.92458    -3.07287    18.03639
 1196    356     3.94128    -3.07287    18.03639
 1197    356     3.95799    -3.07287    18.03639
 1198    356     3.97469    -3.07287    18.03639
 1199    356     3.99139    -3.07287    18.03639
 1208    356     4.14169    -3.07287    18.03639
 1209    356     4.15839    -3.07287    18.03639
 1210    356     4.17509    -3.07287    18.03639
 1192    357     3.83806    -3.02744    17.86685
 1193    357     3.85461    -3.02744    17.86685
 1194    357     3.87115    -3.02744    17.86685
 1195    357     3.88769    -3.02744    17.86685
 1196    357     3.90424    -3.02744    17.86685
 1197    357     3.92078    -3.02744    17.86685
 1198    357     3.93732    -3.02744    17.86685
 1199    357     3.95387    -3.02744    17.86685
 1200    357     3.97041    -3.02744    17.86685
 1209    357     4.11930    -3.02744    17.86685
 1210    357     4.13584    -3.02744    17.86685
 1214    357     4.20202    -3.02744    17.86685
 1192    358     3.80232    -2.98286    17.70047
 1193    358     3.81871    -2.98286    17.70047
 1194    358     3.83510    -2.98286    17.70047
 1195    358     3.85149    -2.98286    17.70047
 1196    358     3.86788    -2.98286    17.70047
 1197    358     3.88427    -2.98286    17.70047
 1198    358     3.90066    -2.98286    17.70047
 1199    358     3.91705    -2.98286    17.70047
 1200    358     3.93344    -2.98286    17.70047
 1201    358     3.94983    -2.98286    17.70047
 1214    358     4.16289    -2.98286    17.70047
 1215    358     4.17928    -2.98286    17.70047
 1216    358     4.19567    -2.98286    17.70047
 1193    359     3.78348    -2.93910    17.53716
 1194    359     3.79972    -2.93910    17.53716
 1195    359     3.81596    -2.93910    17.53716
 1196    359     3.83219    -2.93910    17.53716
 1198    359     3.86467    -2.93910    17.53716
 1199    359     3.88091    -2.93910    17.53716
 1200    359     3.89715    -2.93910    17.53716
 1201    359     3.91338    -2.93910    17.53716
 1202    359     3.92962    -2.93910    17.53716
 1212    359     4.09200    -2.93910    17.53716
 1215    359     4.14072    -2.93910    17.53716
 1216    359     4.15696    -2.93910    17.53716
 1194    360     3.76498    -2.89614    17.37683
 1195    360     3.78107    -2.89614    17.37683
 1196    360     3.79716    -2.89614    17.37683
 1197    360     3.81325    -2.89614    17.37683
 1198    360     3.82934    -2.89614    17.37683
 1199    360     3.84543    -2.89614    17.37683
 1200    360     3.86152    -2.89614    17.37683
 1201    360     3.87761    -2.89614    17.37683
 1202    360     3.89370    -2.89614    17.37683
 1212    360     4.05459    -2.89614    17.37683
 1213    360     4.07068    -2.89614    17.37683
 1216    360     4.11895    -2.89614    17.37683
 1217    360     4.13504    -2.89614    17.37683
 1666    360    11.35930    -2.89614    17.37683
 1667    360    11.37539    -2.89614    17.37683
 1668    360    11.39148    -2.89614    17.37683
 1669    360    11.40757    -2.89614    17.37683
 1670    360    11.42366    -2.89614    17.37683
 1671    360    11.43975    -2.89614    17.37683
 1672    360    11.45584    -2.89614    17.37683
 1673    360    11.47193    -2.89614    17.37683
 1195    361     3.74682    -2.85396    17.21941
 1196    361     3.76276    -2.85396    17.21941
 1197    361     3.77870    -2.85396    17.21941
 1198    361     3.79465    -2.85396    17.21941
 1200    361     3.82654    -2.85396    17.21941
 1201    361     3.84248    -2.85396    17.21941
 1202    361     3.85842    -2.85396    17.21941
 1203    361     3.87437    -2.85396    17.21941
 1212    361     4.01786    -2.85396    17.21941
 1213    361     4.03381    -2.85396    17.21941
 1214    361     4.04975    -2.85396    17.21941
 1217    361     4.09758    -2.85396    17.21941
 1218    361     4.11353    -2.85396    17.21941
 1666    361    11.25639    -2.85396    17.21941
 1667    361    11.27234    -2.85396    17.21941
 1668    361    11.28828    -2.85396    17.21941
 1669    361    11.30423    -2.85396    17.21941
 1670    361    11.32017    -2.85396    17.21941
 1671    361    11.33611    -2.85396    17.21941
 1672    361    11.35206    -2.85396    17.21941
 1673    361    11.36800    -2.85396    17.21941
 1674    361    11.38395    -2.85396    17.21941
 1675    361    11.39989    -2.85396    17.21941
 1676    361    11.41583    -2.85396    17.21941
 1196    362     3.72898    -2.81254    17.06482
 1197    362     3.74478    -2.81254    17.06482
 1198    362     3.76058    -2.81254    17.06482
 1199    362     3.77638    -2.81254    17.06482
 1201    362     3.80798    -2.81254    17.06482
 1202    362     3.82378    -2.81254    17.06482
 1203    362     3.83958    -2.81254    17.06482
 1213    362     3.99759    -2.81254    17.06482
 1214    362     4.01339    -2.81254    17.06482
 1218    362     4.07660    -2.81254    17.06482
 1219    362     4.09240    -2.81254    17.06482
 1665    362    11.13953    -2.81254    17.06482
 1666    362    11.15534    -2.81254    17.06482
 1671    362    11.23434    -2.81254    17.06482
 1672    362    11.25014    -2.81254    17.06482
 1673    362    11.26594    -2.81254    17.06482
 1674    362    11.28174    -2.81254    17.06482
 1675    362    11.29754    -2.81254    17.06482
 1676    362    11.31334    -2.81254    17.06482
 1677    362    11.32914    -2.81254    17.06482
 1678    362    11.34494    -2.81254    17.06482
 1679    362    11.36075    -2.81254    17.06482
 1197    363     3.71146    -2.77185    16.91298
 1198    363     3.72712    -2.77185    16.91298
 1199    363     3.74278    -2.77185    16.91298
 1200    363     3.75844    -2.77185    16.91298
 1201    363     3.77410    -2.77185    16.91298
 1202    363     3.78976    -2.77185    16.91298
 1203    363     3.80542    -2.77185    16.91298
 1204    363     3.82108    -2.77185    16.91298
 1214    363     3.97768    -2.77185    16.91298
 1215    363     3.99334    -2.77185    16.91298
 1218    363     4.04032    -2.77185    16.91298
 1219    363     4.05598    -2.77185    16.91298
 1220    363     4.07164    -2.77185    16.91298
 1666    363    11.05608    -2.77185    16.91298
 1667    363    11.07174    -2.77185    16.91298
 1668    363    11.08740    -2.77185    16.91298
 1669    363    11.10306    -2.77185    16.91298
 1670    363    11.11872    -2.77185    16.91298
 1673    363    11.16570    -2.77185    16.91298
 1674    363    11.18136    -2.77185    16.91298
 1675    363    11.19702    -2.77185    16.91298
 1676    363    11.21268    -2.77185    16.91298
 1677    363    11.22834    -2.77185    16.91298
 1678    363    11.24400    -2.77185    16.91298
 1679    363    11.25966    -2.77185    16.91298
 1680    363    11.27532    -2.77185    16.91298
 1681    363    11.29098    -2.77185    16.91298
 1682    363    11.30664    -2.77185    16.91298
 1197    364     3.67873    -2.73188    16.76381
 1198    364     3.69425    -2.73188    16.76381
 1199    364     3.70977    -2.73188    16.76381
 1200    364     3.72529    -2.73188    16.76381
 1202    364     3.75634    -2.73188    16.76381
 1203    364     3.77186    -2.73188    16.76381
 1204    364     3.78738    -2.73188    16.76381
 1205    364     3.80290    -2.73188    16.76381
 1206    364     3.81842    -2.73188    16.76381
 1215    364     3.95812    -2.73188    16.76381
 1216    364     3.97364    -2.73188    16.76381
 1219    364     4.02021    -2.73188    16.76381
 1220    364     4.03573    -2.73188    16.76381
 1221    364     4.05125    -2.73188    16.76381
 1667    364    10.97409    -2.73188    16.76381
 1668    364    10.98961    -2.73188    16.76381
 1669    364    11.00513    -2.73188    16.76381
 1670    364    11.02065    -2.73188    16.76381
 1671    364    11.03618    -2.73188    16.76381
 1672    364    11.05170    -2.73188    16.76381
 1673    364    11.06722    -2.73188    16.76381
 1676    364    11.11379    -2.73188    16.76381
 1677    364    11.12931    -2.73188    16.76381
 1678    364    11.14483    -2.73188    16.76381
 1679    364    11.16035    -2.73188    16.76381
 1680    364    11.17588    -2.73188    16.76381
 1681    364    11.19140    -2.73188    16.76381
 1682    364    11.20692    -2.73188    16.76381
 1683    364    11.22244    -2.73188    16.76381
 1684    364    11.23796    -2.73188    16.76381
 1685    364    11.25349    -2.73188    16.76381
 1198    365     3.66195    -2.69261    16.61726
 1199    365     3.67734    -2.69261    16.61726
 1200    365     3.69272    -2.69261    16.61726
 1201    365     3.70811    -2.69261    16.61726
 1203    365     3.73888    -2.69261    16.61726
 1204    365     3.75427    -2.69261    16.61726
 1205    365     3.76966    -2.69261    16.61726
 1206    365     3.78504    -2.69261    16.61726
 1207    365     3.80043    -2.69261    16.61726
 1216    365     3.93891    -2.69261    16.61726
 1217    365     3.95429    -2.69261    16.61726
 1218    365     3.96968    -2.69261    16.61726
 1220    365     4.00045    -2.69261    16.61726
 1221    365     4.01584    -2.69261    16.61726
 1222    365     4.03122    -2.69261    16.61726
 1669    365    10.90892    -2.69261    16.61726
 1670    365    10.92431    -2.69261    16.61726
 1671    365    10.93969    -2.69261    16.61726
 1672    365    10.95508    -2.69261    16.61726
 1673    365    10.97047    -2.69261    16.61726
 1674    365    10.98585    -2.69261    16.61726
 1675    365    11.00124    -2.69261    16.61726
 1676    365    11.01663    -2.69261    16.61726
 1678    365    11.04740    -2.69261    16.61726
 1679    365    11.06278    -2.69261    16.61726
 1680    365    11.07817    -2.69261    16.61726
 1681    365    11.09356    -2.69261    16.61726
 1682    365    11.10894    -2.69261    16.61726
 1683    365    11.12433    -2.69261    16.61726
 1684    365    11.13972    -2.69261    16.61726
 1685    365    11.15510    -2.69261    16.61726
 1686    365    11.17049    -2.69261    16.61726
 1687    365    11.18588    -2.69261    16.61726
  715    366    -3.73699    -2.65402    16.47324
  716    366    -3.72173    -2.65402    16.47324
 1199    366     3.64547    -2.65402    16.47324
 1200    366     3.66072    -2.65402    16.47324
 1201    366     3.67597    -2.65402    16.47324
 1202    366     3.69123    -2.65402    16.47324
 1204    366     3.72173    -2.65402    16.47324
 1205    366     3.73699    -2.65402    16.47324
 1206    366     3.75224    -2.65402    16.47324
 1207    366     3.76749    -2.65402    16.47324
 1217    366     3.92002    -2.65402    16.47324
 1218    366     3.93527    -2.65402    16.47324
 1221    366     3.98103    -2.65402    16.47324
 1222    366     3.99629    -2.65402    16.47324
 1671    366    10.84488    -2.65402    16.47324
 1672    366    10.86014    -2.65402    16.47324
 1673    366    10.87539    -2.65402    16.47324
 1674    366    10.89064    -2.65402    16.47324
 1675    366    10.90590    -2.65402    16.47324
 1676    366    10.92115    -2.65402    16.47324
 1677    366    10.93640    -2.65402    16.47324
 1678    366    10.95165    -2.65402    16.47324
 1679    366    10.96691    -2.65402    16.47324
 1681    366    10.99741    -2.65402    16.47324
 1682    366    11.01267    -2.65402    16.47324
 1683    366    11.02792    -2.65402    16.47324
 1684    366    11.04317    -2.65402    16.47324
 1685    366    11.05843    -2.65402    16.47324
 1686    366    11.07368    -2.65402    16.47324
 1687    366    11.08893    -2.65402    16.47324
 1688    366    11.10418    -2.65402    16.47324
  714    367    -3.72000    -2.61610    16.33170
  715    367    -3.70488    -2.61610    16.33170
  716    367    -3.68975    -2.61610    16.33170
  718    367    -3.65951    -2.61610    16.33170
  719    367    -3.64439    -2.61610    16.33170
 1200    367     3.62927    -2.61610    16.33170
 1201    367     3.64439    -2.61610    16.33170
 1202    367     3.65951    -2.61610    16.33170
 1203    367     3.67463    -2.61610    16.33170
 1205    367     3.70488    -2.61610    16.33170
 1206    367     3.72000    -2.61610    16.33170
 1207    367     3.73512    -2.61610    16.33170
 1208    367     3.75024    -2.61610    16.33170
 1209    367     3.76536    -2.61610    16.33170
 1217    367     3.88634    -2.61610    16.33170
 1218    367     3.90146    -2.61610    16.33170
 1219    367     3.91658    -2.61610    16.33170
 1220    367     3.93171    -2.61610    16.33170
 1221    367     3.94683    -2.61610    16.33170
 1222    367     3.96195    -2.61610    16.33170
 1673    367    10.78195    -2.61610    16.33170
 1674    367    10.79707    -2.61610    16.33170
 1675    367    10.81219    -2.61610    16.33170
 1676    367    10.82731    -2.61610    16.33170
 1677    367    10.84243    -2.61610    16.33170
 1678    367    10.85756    -2.61610    16.33170
 1679    367    10.87268    -2.61610    16.33170
 1680    367    10.88780    -2.61610    16.33170
 1681    367    10.90292    -2.61610    16.33170
 1682    367    10.91804    -2.61610    16.33170
 1684    367    10.94829    -2.61610    16.33170
 1685    367    10.96341    -2.61610    16.33170
 1686    367    10.97853    -2.61610    16.33170
 1687    367    10.99365    -2.61610    16.33170
 1688    367    11.00878    -2.61610    16.33170
 1689    367    11.02390    -2.61610    16.33170
 1690    367    11.03902    -2.61610    16.33170
  713    368    -3.70330    -2.57882    16.19257
  714    368    -3.68831    -2.57882    16.19257
  715    368    -3.67331    -2.57882    16.19257
  717    368    -3.64333    -2.57882    16.19257
  718    368    -3.62834    -2.57882    16.19257
  719    368    -3.61334    -2.57882    16.19257
 1201    368     3.61334    -2.57882    16.19257
 1202    368     3.62834    -2.57882    16.19257
 1203    368     3.64333    -2.57882    16.19257
 1204    368     3.65832    -2.57882    16.19257
 1206    368     3.68831    -2.57882    16.19257
 1207    368     3.70330    -2.57882    16.19257
 1208    368     3.71829    -2.57882    16.19257
 1209    368     3.73329    -2.57882    16.19257
 1210    368     3.74828    -2.57882    16.19257
 1218    368     3.86823    -2.57882    16.19257
 1219    368     3.88322    -2.57882    16.19257
 1220    368     3.89821    -2.57882    16.19257
 1221    368     3.91320    -2.57882    16.19257
 1222    368     3.92820    -2.57882    16.19257
 1675    368    10.72008    -2.57882    16.19257
 1676    368    10.73508    -2.57882    16.19257
 1677    368    10.75007    -2.57882    16.19257
 1678    368    10.76506    -2.57882    16.19257
 1679    368    10.78005    -2.57882    16.19257
 1680    368    10.79505    -2.57882    16.19257
 1681    368    10.81004    -2.57882    16.19257
 1682    368    10.82503    -2.57882    16.19257
 1683    368    10.84003    -2.57882    16.19257
 1684    368    10.85502    -2.57882    16.19257
 1685    368    10.87001    -2.57882    16.19257
 1686    368    10.88501    -2.57882    16.19257
 1687    368    10.90000    -2.57882    16.19257
 1688    368    10.91499    -2.57882    16.19257
 1689    368    10.92999    -2.57882    16.19257
 1690    368    10.94498    -2.57882    16.19257
 1691    368    10.95997    -2.57882    16.19257
 1692    368    10.97497    -2.57882    16.19257
  712    369    -3.68689    -2.54217    16.05579
  713    369    -3.67202    -2.54217    16.05579
  714    369    -3.65715    -2.54217    16.05579
  717    369    -3.61255    -2.54217    16.05579
  718    369    -3.59769    -2.54217    16.05579
 1201    369     3.58282    -2.54217    16.05579
 1202    369     3.59769    -2.54217    16.05579
 1203    369     3.61255    -2.54217    16.05579
 1204    369     3.62742    -2.54217    16.05579
 1205    369     3.64229    -2.54217    16.05579
 1207    369     3.67202    -2.54217    16.05579
 1208    369     3.68689    -2.54217    16.05579
 1209    369     3.70175    -2.54217    16.05579
 1210    369     3.71662    -2.54217    16.05579
 1211    369     3.73149    -2.54217    16.05579
 1678    369    10.67413    -2.54217    16.05579
 1679    369    10.68900    -2.54217    16.05579
 1680    369    10.70386    -2.54217    16.05579
 1681    369    10.71873    -2.54217    16.05579
 1682    369    10.73359    -2.54217    16.05579
 1683    369    10.74846    -2.54217    16.05579
 1684    369    10.76333    -2.54217    16.05579
 1685    369    10.77819    -2.54217    16.05579
 1686    369    10.79306    -2.54217    16.05579
 1690    369    10.85253    -2.54217    16.05579
 1691    369    10.86739    -2.54217    16.05579
 1692    369    10.88226    -2.54217    16.05579
  712    370    -3.65600    -2.50613    15.92131
  713    370    -3.64126    -2.50613    15.92131
  714    370    -3.62652    -2.50613    15.92131
  716    370    -3.59704    -2.50613    15.92131
  717    370    -3.58229    -2.50613    15.92131
  718    370    -3.56755    -2.50613    15.92131
 1202    370     3.56755    -2.50613    15.92131
 1203    370     3.58229    -2.50613    15.92131
 1204    370     3.59704    -2.50613    15.92131
 1205    370     3.61178    -2.50613    15.92131
 1206    370     3.62652    -2.50613    15.92131
 1208    370     3.65600    -2.50613    15.92131
 1209    370     3.67075    -2.50613    15.92131
 1210    370     3.68549    -2.50613    15.92131
 1211    370     3.70023    -2.50613    15.92131
 1225    370     3.90662    -2.50613    15.92131
 1681    370    10.62895    -2.50613    15.92131
 1682    370    10.64369    -2.50613    15.92131
 1683    370    10.65843    -2.50613    15.92131
 1684    370    10.67317    -2.50613    15.92131
 1685    370    10.68791    -2.50613    15.92131
 1686    370    10.70266    -2.50613    15.92131
 1687    370    10.71740    -2.50613    15.92131
 1688    370    10.73214    -2.50613    15.92131
 1689    370    10.74688    -2.50613    15.92131
 1690    370    10.76162    -2.50613    15.92131
 1691    370    10.77636    -2.50613    15.92131
 1692    370    10.79111    -2.50613    15.92131
  712    371    -3.62563    -2.47069    15.78905
  713    371    -3.61101    -2.47069    15.78905
  714    371    -3.59640    -2.47069    15.78905
  715    371    -3.58178    -2.47069    15.78905
  716    371    -3.56716    -2.47069    15.78905
  717    371    -3.55254    -2.47069    15.78905
 1203    371     3.55254    -2.47069    15.78905
 1204    371     3.56716    -2.47069    15.78905
 1205    371     3.58178    -2.47069    15.78905
 1206    371     3.59640    -2.47069    15.78905
 1207    371     3.61101    -2.47069    15.78905
 1209    371     3.64025    -2.47069    15.78905
 1210    371     3.65487    -2.47069    15.78905
 1211    371     3.66949    -2.47069    15.78905
 1212    371     3.68411    -2.47069    15.78905
 1217    371     3.75721    -2.47069    15.78905
 1218    371     3.77183    -2.47069    15.78905
 1219    371     3.78645    -2.47069    15.78905
 1220    371     3.80107    -2.47069    15.78905
 1226    371     3.88879    -2.47069    15.78905
 1227    371     3.90340    -2.47069    15.78905
 1684    371    10.58451    -2.47069    15.78905
 1685    371    10.59913    -2.47069    15.78905
 1686    371    10.61375    -2.47069    15.78905
 1687    371    10.62837    -2.47069    15.78905
 1688    371    10.64299    -2.47069    15.78905
 1689    371    10.65761    -2.47069    15.78905
 1690    371    10.67223    -2.47069    15.78905
 1691    371    10.68685    -2.47069    15.78905
 1692    371    10.70147    -2.47069    15.78905
 1697    371    10.77457    -2.47069    15.78905
 1698    371    10.78919    -2.47069    15.78905
 1699    371    10.80381    -2.47069    15.78905
  713    372    -3.58127    -2.43584    15.65898
  714    372    -3.56677    -2.43584    15.65898
  715    372    -3.55227    -2.43584    15.65898
  716    372    -3.53777    -2.43584    15.65898
 1204    372     3.53777    -2.43584    15.65898
 1205    372     3.55227    -2.43584    15.65898
 1206    372     3.56677    -2.43584    15.65898
 1207    372     3.58127    -2.43584    15.65898
 1208    372     3.59577    -2.43584    15.65898
 1210    372     3.62476    -2.43584    15.65898
 1211    372     3.63926    -2.43584    15.65898
 1212    372     3.65376    -2.43584    15.65898
 1215    372     3.69726    -2.43584    15.65898
 1216    372     3.71176    -2.43584    15.65898
 1217    372     3.72626    -2.43584    15.65898
 1218    372     3.74076    -2.43584    15.65898
 1219    372     3.75525    -2.43584    15.65898
 1220    372     3.76975    -2.43584    15.65898
 1227    372     3.87125    -2.43584    15.65898
 1228    372     3.88575    -2.43584    15.65898
 1687    372    10.54081    -2.43584    15.65898
 1688    372    10.55531    -2.43584    15.65898
 1689    372    10.56981    -2.43584    15.65898
 1690    372    10.58431    -2.43584    15.65898
 1691    372    10.59881    -2.43584    15.65898
 1697    372    10.68580    -2.43584    15.65898
 1698    372    10.70030    -2.43584    15.65898
 1699    372    10.71480    -2.43584    15.65898
 1700    372    10.72930    -2.43584    15.65898
 1701    372    10.74380    -2.43584    15.65898
 1205    373     3.52324    -2.40156    15.53103
 1206    373     3.53762    -2.40156    15.53103
 1207    373     3.55200    -2.40156    15.53103
 1208    373     3.56638    -2.40156    15.53103
 1209    373     3.58077    -2.40156    15.53103
 1211    373     3.60953    -2.40156    15.53103
 1212    373     3.62391    -2.40156    15.53103
 1213    373     3.63829    -2.40156    15.53103
 1215    373     3.66705    -2.40156    15.53103
 1216    373     3.68143    -2.40156    15.53103
 1220    373     3.73895    -2.40156    15.53103
 1224    373     3.79647    -2.40156    15.53103
 1228    373     3.85400    -2.40156    15.53103
 1229    373     3.86838    -2.40156    15.53103
 1700    373    10.64163    -2.40156    15.53103
 1701    373    10.65601    -2.40156    15.53103
 1206    374     3.50895    -2.36783    15.40516
 1207    374     3.52322    -2.36783    15.40516
 1208    374     3.53748    -2.36783    15.40516
 1209    374     3.55174    -2.36783    15.40516
 1211    374     3.58027    -2.36783    15.40516
 1212    374     3.59454    -2.36783    15.40516
 1213    374     3.60880    -2.36783    15.40516
 1216    374     3.65159    -2.36783    15.40516
 1217    374     3.66586    -2.36783    15.40516
 1218    374     3.68012    -2.36783    15.40516
 1219    374     3.69438    -2.36783    15.40516
 1225    374     3.77997    -2.36783    15.40516
 1228    374     3.82276    -2.36783    15.40516
 1229    374     3.83702    -2.36783    15.40516
 1230    374     3.85129    -2.36783    15.40516
 1696    374    10.49833    -2.36783    15.40516
 1697    374    10.51259    -2.36783    15.40516
 1698    374    10.52686    -2.36783    15.40516
 1700    374    10.55538    -2.36783    15.40516
 1701    374    10.56965    -2.36783    15.40516
 1207    375     3.49489    -2.33464    15.28130
 1208    375     3.50904    -2.33464    15.28130
 1209    375     3.52319    -2.33464    15.28130
 1210    375     3.53734    -2.33464    15.28130
 1212    375     3.56564    -2.33464    15.28130
 1213    375     3.57979    -2.33464    15.28130
 1214    375     3.59394    -2.33464    15.28130
 1217    375     3.63638    -2.33464    15.28130
 1218    375     3.65053    -2.33464    15.28130
 1219    375     3.66468    -2.33464    15.28130
 1225    375     3.74958    -2.33464    15.28130
 1226    375     3.76373    -2.33464    15.28130
 1229    375     3.80618    -2.33464    15.28130
 1230    375     3.82033    -2.33464    15.28130
 1231    375     3.83448    -2.33464    15.28130
 1697    375    10.42808    -2.33464    15.28130
 1698    375    10.44223    -2.33464    15.28130
 1699    375    10.45637    -2.33464    15.28130
 1700    375    10.47052    -2.33464    15.28130
 1708    375    10.58372    -2.33464    15.28130
 1709    375    10.59787    -2.33464    15.28130
 1710    375    10.61202    -2.33464    15.28130
 1711    375    10.62617    -2.33464    15.28130
 1208    376     3.48105    -2.30199    15.15943
 1209    376     3.49509    -2.30199    15.15943
 1210    376     3.50913    -2.30199    15.15943
 1211    376     3.52316    -2.30199    15.15943
 1213    376     3.55124    -2.30199    15.15943
 1214    376     3.56527    -2.30199    15.15943
 1215    376     3.57931    -2.30199    15.15943
 1226    376     3.73371    -2.30199    15.15943
 1227    376     3.74775    -2.30199    15.15943
 1230    376     3.78986    -2.30199    15.15943
 1231    376     3.80389    -2.30199    15.15943
 1232    376     3.81793    -2.30199    15.15943
 1707    376    10.48527    -2.30199    15.15943
 1708    376    10.49931    -2.30199    15.15943
 1709    376    10.51335    -2.30199    15.15943
 1710    376    10.52738    -2.30199    15.15943
 1711    376    10.54142    -2.30199    15.15943
 1712    376    10.55545    -2.30199    15.15943
  700    377    -3.62062    -2.26985    15.03948
  701    377    -3.60669    -2.26985    15.03948
  702    377    -3.59277    -2.26985    15.03948
 1209    377     3.46744    -2.26985    15.03948
 1210    377     3.48136    -2.26985    15.03948
 1211    377     3.49529    -2.26985    15.03948
 1212    377     3.50921    -2.26985    15.03948
 1214    377     3.53706    -2.26985    15.03948
 1215    377     3.55099    -2.26985    15.03948
 1216    377     3.56491    -2.26985    15.03948
 1227    377     3.71809    -2.26985    15.03948
 1228    377     3.73202    -2.26985    15.03948
 1231    377     3.77380    -2.26985    15.03948
 1232    377     3.78772    -2.26985    15.03948
 1707    377    10.40231    -2.26985    15.03948
 1708    377    10.41623    -2.26985    15.03948
 1711    377    10.45801    -2.26985    15.03948
 1712    377    10.47194    -2.26985    15.03948
 1713    377    10.48586    -2.26985    15.03948
  698    378    -3.61983    -2.23821    14.92142
  699    378    -3.60601    -2.23821    14.92142
  700    378    -3.59219    -2.23821    14.92142
  701    378    -3.57838    -2.23821    14.92142
  702    378    -3.56456    -2.23821    14.92142
  703    378    -3.55075    -2.23821    14.92142
  704    378    -3.53693    -2.23821    14.92142
  705    378    -3.52311    -2.23821    14.92142
  706    378    -3.50930    -2.23821    14.92142
  707    378    -3.49548    -2.23821    14.92142
 1210    378     3.45403    -2.23821    14.92142
 1211    378     3.46785    -2.23821    14.92142
 1212    378     3.48166    -2.23821    14.92142
 1213    378     3.49548    -2.23821    14.92142
 1215    378     3.52311    -2.23821    14.92142
 1216    378     3.53693    -2.23821    14.92142
 1217    378     3.55075    -2.23821    14.92142
 1228    378     3.70272    -2.23821    14.92142
 1229    378     3.71654    -2.23821    14.92142
 1231    378     3.74417    -2.23821    14.92142
 1232    378     3.75799    -2.23821    14.92142
 1233    378     3.77180    -2.23821    14.92142
 1707    378    10.32065    -2.23821    14.92142
 1708    378    10.33447    -2.23821    14.92142
 1709    378    10.34828    -2.23821    14.92142
 1713    378    10.40355    -2.23821    14.92142
 1714    378    10.41736    -2.23821    14.92142
  700    379    -3.56421    -2.20707    14.80520
  701    379    -3.55051    -2.20707    14.80520
  702    379    -3.53680    -2.20707    14.80520
  703    379    -3.52309    -2.20707    14.80520
  704    379    -3.50938    -2.20707    14.80520
  705    379    -3.49567    -2.20707    14.80520
  706    379    -3.48196    -2.20707    14.80520
  707    379    -3.46825    -2.20707    14.80520
  708    379    -3.45455    -2.20707    14.80520
 1210    379     3.42713    -2.20707    14.80520
 1211    379     3.44084    -2.20707    14.80520
 1212    379     3.45455    -2.20707    14.80520
 1213    379     3.46825    -2.20707    14.80520
 1215    379     3.49567    -2.20707    14.80520
 1216    379     3.50938    -2.20707    14.80520
 1217    379     3.52309    -2.20707    14.80520
 1218    379     3.53680    -2.20707    14.80520
 1228    379     3.67388    -2.20707    14.80520
 1229    379     3.68759    -2.20707    14.80520
 1232    379     3.72872    -2.20707    14.80520
 1233    379     3.74242    -2.20707    14.80520
 1234    379     3.75613    -2.20707    14.80520
 1708    379    10.25397    -2.20707    14.80520
 1709    379    10.26768    -2.20707    14.80520
 1710    379    10.28139    -2.20707    14.80520
 1711    379    10.29510    -2.20707    14.80520
 1719    379    10.40476    -2.20707    14.80520
 1720    379    10.41847    -2.20707    14.80520
 1721    379    10.43218    -2.20707    14.80520
 1722    379    10.44589    -2.20707    14.80520
  703    380    -3.49586    -2.17641    14.69077
  704    380    -3.48226    -2.17641    14.69077
  705    380    -3.46865    -2.17641    14.69077
  706    380    -3.45505    -2.17641    14.69077
  707    380    -3.44145    -2.17641    14.69077
  708    380    -3.42785    -2.17641    14.69077
 1211    380     3.41424    -2.17641    14.69077
 1212    380     3.42785    -2.17641    14.69077
 1213    380     3.44145    -2.17641    14.69077
 1214    380     3.45505    -2.17641    14.69077
 1216    380     3.48226    -2.17641    14.69077
 1217    380     3.49586    -2.17641    14.69077
 1218    380     3.50946    -2.17641    14.69077
 1219    380     3.52306    -2.17641    14.69077
 1223    380     3.57747    -2.17641    14.69077
 1229    380     3.65909    -2.17641    14.69077
 1230    380     3.67269    -2.17641    14.69077
 1233    380     3.71350    -2.17641    14.69077
 1234    380     3.72710    -2.17641    14.69077
 1235    380     3.74071    -2.17641    14.69077
 1710    380    10.20192    -2.17641    14.69077
 1711    380    10.21553    -2.17641    14.69077
 1712    380    10.22913    -2.17641    14.69077
 1719    380    10.32435    -2.17641    14.69077
 1720    380    10.33795    -2.17641    14.69077
 1721    380    10.35155    -2.17641    14.69077
 1722    380    10.36515    -2.17641    14.69077
 1723    380    10.37876    -2.17641    14.69077
 1724    380    10.39236    -2.17641    14.69077
 1725    380    10.40596    -2.17641    14.69077
 1726    380    10.41956    -2.17641    14.69077
  698    381    -3.53654    -2.14622    14.57810
  699    381    -3.52304    -2.14622    14.57810
  700    381    -3.50954    -2.14622    14.57810
  701    381    -3.49604    -2.14622    14.57810
  702    381    -3.48255    -2.14622    14.57810
  703    381    -3.46905    -2.14622    14.57810
  704    381    -3.45555    -2.14622    14.57810
  706    381    -3.42855    -2.14622    14.57810
  707    381    -3.41505    -2.14622    14.57810
  708    381    -3.40156    -2.14622    14.57810
 1212    381     3.40156    -2.14622    14.57810
 1213    381     3.41505    -2.14622    14.57810
 1214    381     3.42855    -2.14622    14.57810
 1215    381     3.44205    -2.14622    14.57810
 1217    381     3.46905    -2.14622    14.57810
 1218    381     3.48255    -2.14622    14.57810
 1219    381     3.49604    -2.14622    14.57810
 1220    381     3.50954    -2.14622    14.57810
 1223    381     3.55004    -2.14622    14.57810
 1230    381     3.64452    -2.14622    14.57810
 1231    381     3.65802    -2.14622    14.57810
 1235    381     3.71202    -2.14622    14.57810
 1236    381     3.72551    -2.14622    14.57810
 1712    381    10.15068    -2.14622    14.57810
 1713    381    10.16417    -2.14622    14.57810
 1714    381    10.17767    -2.14622    14.57810
 1721    381    10.27216    -2.14622    14.57810
 1722    381    10.28566    -2.14622    14.57810
 1723    381    10.29916    -2.14622    14.57810
 1724    381    10.31265    -2.14622    14.57810
 1725    381    10.32615    -2.14622    14.57810
 1726    381    10.33965    -2.14622    14.57810
 1727    381    10.35315    -2.14622    14.57810
 1728    381    10.36665    -2.14622    14.57810
 1729    381    10.38015    -2.14622    14.57810
  699    382    -3.49623    -2.11649    14.46714
  700    382    -3.48283    -2.11649    14.46714
  701    382    -3.46943    -2.11649    14.46714
  702    382    -3.45604    -2.11649    14.46714
  703    382    -3.44264    -2.11649    14.46714
  705    382    -3.41585    -2.11649    14.46714
  706    382    -3.40246    -2.11649    14.46714
  707    382    -3.38906    -2.11649    14.46714
  708    382    -3.37567    -2.11649    14.46714
 1213    382     3.38906    -2.11649    14.46714
 1214    382     3.40246    -2.11649    14.46714
 1215    382     3.41585    -2.11649    14.46714
 1216    382     3.42925    -2.11649    14.46714
 1218    382     3.45604    -2.11649    14.46714
 1219    382     3.46943    -2.11649    14.46714
 1220    382     3.48283    -2.11649    14.46714
 1230    382     3.61679    -2.11649    14.46714
 1231    382     3.63018    -2.11649    14.46714
 1232    382     3.64358    -2.11649    14.46714
 1236    382     3.69716    -2.11649    14.46714
 1237    382     3.71055    -2.11649    14.46714
 1718    382    10.15379    -2.11649    14.46714
 1719    382    10.16718    -2.11649    14.46714
 1720    382    10.18058    -2.11649    14.46714
 1724    382    10.23416    -2.11649    14.46714
 1725    382    10.24756    -2.11649    14.46714
 1726    382    10.26095    -2.11649    14.46714
 1727    382    10.27435    -2.11649    14.46714
 1728    382    10.28774    -2.11649    14.46714
 1729    382    10.30114    -2.11649    14.46714
 1730    382    10.31454    -2.11649    14.46714
 1731    382    10.32793    -2.11649    14.46714
  700    383    -3.45652    -2.08721    14.35786
  701    383    -3.44323    -2.08721    14.35786
  702    383    -3.42993    -2.08721    14.35786
  703    383    -3.41664    -2.08721    14.35786
  704    383    -3.40334    -2.08721    14.35786
  705    383    -3.39005    -2.08721    14.35786
  706    383    -3.37676    -2.08721    14.35786
  707    383    -3.36346    -2.08721    14.35786
 1214    383     3.37676    -2.08721    14.35786
 1215    383     3.39005    -2.08721    14.35786
 1216    383     3.40334    -2.08721    14.35786
 1217    383     3.41664    -2.08721    14.35786
 1219    383     3.44323    -2.08721    14.35786
 1220    383     3.45652    -2.08721    14.35786
 1221    383     3.46982    -2.08721    14.35786
 1225    383     3.52299    -2.08721    14.35786
 1232    383     3.61605    -2.08721    14.35786
 1233    383     3.62935    -2.08721    14.35786
 1236    383     3.66923    -2.08721    14.35786
 1237    383     3.68253    -2.08721    14.35786
 1238    383     3.69582    -2.08721    14.35786
 1719    383    10.09038    -2.08721    14.35786
 1720    383    10.10368    -2.08721    14.35786
 1721    383    10.11697    -2.08721    14.35786
 1722    383    10.13027    -2.08721    14.35786
 1723    383    10.14356    -2.08721    14.35786
 1727    383    10.19674    -2.08721    14.35786
 1728    383    10.21003    -2.08721    14.35786
 1729    383    10.22333    -2.08721    14.35786
 1730    383    10.23662    -2.08721    14.35786
 1731    383    10.24992    -2.08721    14.35786
 1732    383    10.26321    -2.08721    14.35786
 1733    383    10.27651    -2.08721    14.35786
  701    384    -3.41741    -2.05836    14.25022
  702    384    -3.40422    -2.05836    14.25022
  703    384    -3.39102    -2.05836    14.25022
  704    384    -3.37783    -2.05836    14.25022
  705    384    -3.36463    -2.05836    14.25022
  706    384    -3.35144    -2.05836    14.25022
 1214    384     3.35144    -2.05836    14.25022
 1215    384     3.36463    -2.05836    14.25022
 1216    384     3.37783    -2.05836    14.25022
 1217    384     3.39102    -2.05836    14.25022
 1220    384     3.43061    -2.05836    14.25022
 1221    384     3.44380    -2.05836    14.25022
 1222    384     3.45700    -2.05836    14.25022
 1223    384     3.47019    -2.05836    14.25022
 1233    384     3.60214    -2.05836    14.25022
 1234    384     3.61533    -2.05836    14.25022
 1237    384     3.65492    -2.05836    14.25022
 1238    384     3.66811    -2.05836    14.25022
 1239    384     3.68131    -2.05836    14.25022
 1720    384    10.02793    -2.05836    14.25022
 1721    384    10.04113    -2.05836    14.25022
 1722    384    10.05432    -2.05836    14.25022
 1723    384    10.06751    -2.05836    14.25022
 1724    384    10.08071    -2.05836    14.25022
 1725    384    10.09390    -2.05836    14.25022
 1726    384    10.10710    -2.05836    14.25022
 1729    384    10.14668    -2.05836    14.25022
 1730    384    10.15988    -2.05836    14.25022
 1731    384    10.17307    -2.05836    14.25022
 1732    384    10.18627    -2.05836    14.25022
 1733    384    10.19946    -2.05836    14.25022
 1734    384    10.21266    -2.05836    14.25022
  703    385    -3.36579    -2.02995    14.14418
  704    385    -3.35269    -2.02995    14.14418
  705    385    -3.33960    -2.02995    14.14418
 1215    385     3.33960    -2.02995    14.14418
 1216    385     3.35269    -2.02995    14.14418
 1217    385     3.36579    -2.02995    14.14418
 1218    385     3.37889    -2.02995    14.14418
 1221    385     3.41818    -2.02995    14.14418
 1222    385     3.43127    -2.02995    14.14418
 1223    385     3.44437    -2.02995    14.14418
 1224    385     3.45747    -2.02995    14.14418
 1234    385     3.58843    -2.02995    14.14418
 1235    385     3.60153    -2.02995    14.14418
 1236    385     3.61462    -2.02995    14.14418
 1238    385     3.64082    -2.02995    14.14418
 1239    385     3.65391    -2.02995    14.14418
 1240    385     3.66701    -2.02995    14.14418
 1722    385     9.97950    -2.02995    14.14418
 1723    385     9.99260    -2.02995    14.14418
 1724    385    10.00570    -2.02995    14.14418
 1725    385    10.01879    -2.02995    14.14418
 1726    385    10.03189    -2.02995    14.14418
 1727    385    10.04499    -2.02995    14.14418
 1728    385    10.05808    -2.02995    14.14418
 1729    385    10.07118    -2.02995    14.14418
 1732    385    10.11047    -2.02995    14.14418
 1733    385    10.12356    -2.02995    14.14418
 1734    385    10.13666    -2.02995    14.14418
 1735    385    10.14976    -2.02995    14.14418
 1216    386     3.32793    -2.00196    14.03970
 1217    386     3.34093    -2.00196    14.03970
 1218    386     3.35393    -2.00196    14.03970
 1219    386     3.36693    -2.00196    14.03970
 1220    386     3.37993    -2.00196    14.03970
 1221    386     3.39293    -2.00196    14.03970
 1222    386     3.40593    -2.00196    14.03970
 1223    386     3.41893    -2.00196    14.03970
 1224    386     3.43193    -2.00196    14.03970
 1225    386     3.44493    -2.00196    14.03970
 1226    386     3.45793    -2.00196    14.03970
 1227    386     3.47093    -2.00196    14.03970
 1228    386     3.48393    -2.00196    14.03970
 1229    386     3.49693    -2.00196    14.03970
 1230    386     3.50993    -2.00196    14.03970
 1231    386     3.52293    -2.00196    14.03970
 1235    386     3.57492    -2.00196    14.03970
 1236    386     3.58792    -2.00196    14.03970
 1237    386     3.60092    -2.00196    14.03970
 1239    386     3.62692    -2.00196    14.03970
 1240    386     3.63992    -2.00196    14.03970
 1241    386     3.65292    -2.00196    14.03970
 1724    386     9.93179    -2.00196    14.03970
 1725    386     9.94479    -2.00196    14.03970
 1726    386     9.95779    -2.00196    14.03970
 1727    386     9.97079    -2.00196    14.03970
 1728    386     9.98379    -2.00196    14.03970
 1729    386     9.99679    -2.00196    14.03970
 1730    386    10.00979    -2.00196    14.03970
 1731    386    10.02279    -2.00196    14.03970
 1733    386    10.04879    -2.00196    14.03970
 1734    386    10.06179    -2.00196    14.03970
 1735    386    10.07479    -2.00196    14.03970
 1217    387     3.31643    -1.97437    13.93676
 1218    387     3.32934    -1.97437    13.93676
 1219    387     3.34224    -1.97437    13.93676
 1220    387     3.35515    -1.97437    13.93676
 1221    387     3.36805    -1.97437    13.93676
 1222    387     3.38096    -1.97437    13.93676
 1223    387     3.39386    -1.97437    13.93676
 1224    387     3.40676    -1.97437    13.93676
 1225    387     3.41967    -1.97437    13.93676
 1226    387     3.43257    -1.97437    13.93676
 1227    387     3.44548    -1.97437    13.93676
 1228    387     3.45838    -1.97437    13.93676
 1236    387     3.56162    -1.97437    13.93676
 1237    387     3.57452    -1.97437    13.93676
 1239    387     3.60033    -1.97437    13.93676
 1240    387     3.61323    -1.97437    13.93676
 1241    387     3.62614    -1.97437    13.93676
 1727    387     9.89768    -1.97437    13.93676
 1728    387     9.91059    -1.97437    13.93676
 1729    387     9.92349    -1.97437    13.93676
 1730    387     9.93640    -1.97437    13.93676
 1731    387     9.94930    -1.97437    13.93676
 1732    387     9.96220    -1.97437    13.93676
 1733    387     9.97511    -1.97437    13.93676
 1734    387     9.98801    -1.97437    13.93676
 1218    388     3.30510    -1.94719    13.83532
 1219    388     3.31791    -1.94719    13.83532
 1220    388     3.33072    -1.94719    13.83532
 1221    388     3.34354    -1.94719    13.83532
 1222    388     3.35635    -1.94719    13.83532
 1223    388     3.36916    -1.94719    13.83532
 1224    388     3.38197    -1.94719    13.83532
 1225    388     3.39478    -1.94719    13.83532
 1226    388     3.40759    -1.94719    13.83532
 1227    388     3.42040    -1.94719    13.83532
 1228    388     3.43321    -1.94719    13.83532
 1234    388     3.51007    -1.94719    13.83532
 1237    388     3.54850    -1.94719    13.83532
 1238    388     3.56131    -1.94719    13.83532
 1240    388     3.58693    -1.94719    13.83532
 1241    388     3.59975    -1.94719    13.83532
 1242    388     3.61256    -1.94719    13.83532
 1729    388     9.85126    -1.94719    13.83532
 1730    388     9.86407    -1.94719    13.83532
 1731    388     9.87688    -1.94719    13.83532
 1732    388     9.88969    -1.94719    13.83532
 1733    388     9.90250    -1.94719    13.83532
 1734    388     9.91531    -1.94719    13.83532
 1219    389     3.29394    -1.92040    13.73534
 1220    389     3.30666    -1.92040    13.73534
 1221    389     3.31937    -1.92040    13.73534
 1222    389     3.33209    -1.92040    13.73534
 1223    389     3.34481    -1.92040    13.73534
 1224    389     3.35753    -1.92040    13.73534
 1225    389     3.37025    -1.92040    13.73534
 1226    389     3.38296    -1.92040    13.73534
 1227    389     3.39568    -1.92040    13.73534
 1228    389     3.40840    -1.92040    13.73534
 1229    389     3.42112    -1.92040    13.73534
 1230    389     3.43384    -1.92040    13.73534
 1238    389     3.53558    -1.92040    13.73534
 1239    389     3.54830    -1.92040    13.73534
 1241    389     3.57373    -1.92040    13.73534
 1242    389     3.58645    -1.92040    13.73534
 1243    389     3.59917    -1.92040    13.73534
 1746    389     9.99628    -1.92040    13.73534
 1747    389    10.00899    -1.92040    13.73534
 1748    389    10.02171    -1.92040    13.73534
 1749    389    10.03443    -1.92040    13.73534
 1219    390     3.27031    -1.89400    13.63680
 1220    390     3.28293    -1.89400    13.63680
 1221    390     3.29556    -1.89400    13.63680
 1222    390     3.30819    -1.89400    13.63680
 1223    390     3.32081    -1.89400    13.63680
 1224    390     3.33344    -1.89400    13.63680
 1226    390     3.35869    -1.89400    13.63680
 1227    390     3.37132    -1.89400    13.63680
 1228    390     3.38395    -1.89400    13.63680
 1229    390     3.39657    -1.89400    13.63680
 1230    390     3.40920    -1.89400    13.63680
 1232    390     3.43445    -1.89400    13.63680
 1233    390     3.44708    -1.89400    13.63680
 1238    390     3.51021    -1.89400    13.63680
 1239    390     3.52284    -1.89400    13.63680
 1242    390     3.56072    -1.89400    13.63680
 1243    390     3.57335    -1.89400    13.63680
 1244    390     3.58597    -1.89400    13.63680
 1745    390     9.91193    -1.89400    13.63680
 1746    390     9.92456    -1.89400    13.63680
 1747    390     9.93719    -1.89400    13.63680
 1748    390     9.94981    -1.89400    13.63680
 1749    390     9.96244    -1.89400    13.63680
 1750    390     9.97507    -1.89400    13.63680
 1751    390     9.98769    -1.89400    13.63680
 1220    391     3.25955    -1.86797    13.53966
 1221    391     3.27208    -1.86797    13.53966
 1222    391     3.28462    -1.86797    13.53966
 1223    391     3.29716    -1.86797    13.53966
 1224    391     3.30969    -1.86797    13.53966
 1225    391     3.32223    -1.86797    13.53966
 1226    391     3.33477    -1.86797    13.53966
 1227    391     3.34731    -1.86797    13.53966
 1228    391     3.35984    -1.86797    13.53966
 1229    391     3.37238    -1.86797    13.53966
 1232    391     3.40999    -1.86797    13.53966
 1233    391     3.42253    -1.86797    13.53966
 1234    391     3.43506    -1.86797    13.53966
 1235    391     3.44760    -1.86797    13.53966
 1236    391     3.46014    -1.86797    13.53966
 1239    391     3.49775    -1.86797    13.53966
 1240    391     3.51028    -1.86797    13.53966
 1241    391     3.52282    -1.86797    13.53966
 1243    391     3.54789    -1.86797    13.53966
 1244    391     3.56043    -1.86797    13.53966
 1245    391     3.57297    -1.86797    13.53966
 1745    391     9.84133    -1.86797    13.53966
 1746    391     9.85386    -1.86797    13.53966
 1749    391     9.89147    -1.86797    13.53966
 1750    391     9.90401    -1.86797    13.53966
 1751    391     9.91655    -1.86797    13.53966
 1752    391     9.92908    -1.86797    13.53966
  685    392    -3.42321    -1.84231    13.44390
  686    392    -3.41077    -1.84231    13.44390
  687    392    -3.39832    -1.84231    13.44390
  688    392    -3.38587    -1.84231    13.44390
  689    392    -3.37342    -1.84231    13.44390
  690    392    -3.36097    -1.84231    13.44390
 1221    392     3.24894    -1.84231    13.44390
 1222    392     3.26139    -1.84231    13.44390
 1223    392     3.27384    -1.84231    13.44390
 1224    392     3.28629    -1.84231    13.44390
 1225    392     3.29873    -1.84231    13.44390
 1226    392     3.31118    -1.84231    13.44390
 1227    392     3.32363    -1.84231    13.44390
 1228    392     3.33608    -1.84231    13.44390
 1229    392     3.34853    -1.84231    13.44390
 1234    392     3.41077    -1.84231    13.44390
 1235    392     3.42321    -1.84231    13.44390
 1239    392     3.47301    -1.84231    13.44390
 1240    392     3.48545    -1.84231    13.44390
 1241    392     3.49790    -1.84231    13.44390
 1244    392     3.53525    -1.84231    13.44390
 1245    392     3.54769    -1.84231    13.44390
 1246    392     3.56014    -1.84231    13.44390
 1745    392     9.77172    -1.84231    13.44390
 1746    392     9.78417    -1.84231    13.44390
 1747    392     9.79662    -1.84231    13.44390
 1751    392     9.84641    -1.84231    13.44390
 1752    392     9.85886    -1.84231    13.44390
 1753    392     9.87131    -1.84231    13.44390
  680    393    -3.46098    -1.81701    13.34948
  681    393    -3.44862    -1.81701    13.34948
  682    393    -3.43625    -1.81701    13.34948
  683    393    -3.42389    -1.81701    13.34948
  684    393    -3.41153    -1.81701    13.34948
  685    393    -3.39917    -1.81701    13.34948
  686    393    -3.38681    -1.81701    13.34948
  687    393    -3.37445    -1.81701    13.34948
  688    393    -3.36209    -1.81701    13.34948
  689    393    -3.34973    -1.81701    13.34948
  690    393    -3.33737    -1.81701    13.34948
  691    393    -3.32501    -1.81701    13.34948
  692    393    -3.31265    -1.81701    13.34948
  693    393    -3.30029    -1.81701    13.34948
 1222    393     3.23848    -1.81701    13.34948
 1223    393     3.25084    -1.81701    13.34948
 1224    393     3.26321    -1.81701    13.34948
 1225    393     3.27557    -1.81701    13.34948
 1226    393     3.28793    -1.81701    13.34948
 1227    393     3.30029    -1.81701    13.34948
 1228    393     3.31265    -1.81701    13.34948
 1229    393     3.32501    -1.81701    13.34948
 1230    393     3.33737    -1.81701    13.34948
 1240    393     3.46098    -1.81701    13.34948
 1241    393     3.47334    -1.81701    13.34948
 1242    393     3.48570    -1.81701    13.34948
 1243    393     3.49806    -1.81701    13.34948
 1245    393     3.52278    -1.81701    13.34948
 1246    393     3.53514    -1.81701    13.34948
 1247    393     3.54750    -1.81701    13.34948
 1746    393     9.71545    -1.81701    13.34948
 1747    393     9.72781    -1.81701    13.34948
 1748    393     9.74017    -1.81701    13.34948
 1749    393     9.75253    -1.81701    13.34948
 1757    393     9.85142    -1.81701    13.34948
 1758    393     9.86378    -1.81701    13.34948
 1759    393     9.87614    -1.81701    13.34948
 1760    393     9.88850    -1.81701    13.34948
  679    394    -3.44911    -1.79207    13.25638
  680    394    -3.43684    -1.79207    13.25638
  681    394    -3.42456    -1.79207    13.25638
  682    394    -3.41229    -1.79207    13.25638
  683    394    -3.40001    -1.79207    13.25638
  684    394    -3.38774    -1.79207    13.25638
  685    394    -3.37547    -1.79207    13.25638
  686    394    -3.36319    -1.79207    13.25638
  687    394    -3.35092    -1.79207    13.25638
  688    394    -3.33864    -1.79207    13.25638
  689    394    -3.32637    -1.79207    13.25638
  690    394    -3.31409    -1.79207    13.25638
  691    394    -3.30182    -1.79207    13.25638
  692    394    -3.28954    -1.79207    13.25638
  693    394    -3.27727    -1.79207    13.25638
  694    394    -3.26500    -1.79207    13.25638
 1223    394     3.22817    -1.79207    13.25638
 1224    394     3.24045    -1.79207    13.25638
 1225    394     3.25272    -1.79207    13.25638
 1226    394     3.26500    -1.79207    13.25638
 1228    394     3.28954    -1.79207    13.25638
 1229    394     3.30182    -1.79207    13.25638
 1230    394     3.31409    -1.79207    13.25638
 1231    394     3.32637    -1.79207    13.25638
 1241    394     3.44911    -1.79207    13.25638
 1242    394     3.46139    -1.79207    13.25638
 1243    394     3.47366    -1.79207    13.25638
 1247    394     3.52276    -1.79207    13.25638
 1248    394     3.53503    -1.79207    13.25638
 1748    394     9.67224    -1.79207    13.25638
 1749    394     9.68452    -1.79207    13.25638
 1750    394     9.69679    -1.79207    13.25638
 1751    394     9.70907    -1.79207    13.25638
 1757    394     9.78271    -1.79207    13.25638
 1758    394     9.79499    -1.79207    13.25638
 1759    394     9.80726    -1.79207    13.25638
 1760    394     9.81954    -1.79207    13.25638
 1761    394     9.83181    -1.79207    13.25638
  679    395    -3.42522    -1.76746    13.16456
  680    395    -3.41303    -1.76746    13.16456
  681    395    -3.40085    -1.76746    13.16456
  682    395    -3.38866    -1.76746    13.16456
  683    395    -3.37647    -1.76746    13.16456
  684    395    -3.36428    -1.76746    13.16456
  685    395    -3.35209    -1.76746    13.16456
  686    395    -3.33990    -1.76746    13.16456
  687    395    -3.32771    -1.76746    13.16456
  688    395    -3.31552    -1.76746    13.16456
  689    395    -3.30333    -1.76746    13.16456
  690    395    -3.29114    -1.76746    13.16456
  691    395    -3.27895    -1.76746    13.16456
  692    395    -3.26676    -1.76746    13.16456
  693    395    -3.25457    -1.76746    13.16456
  694    395    -3.24238    -1.76746    13.16456
  695    395    -3.23019    -1.76746    13.16456
 1224    395     3.21800    -1.76746    13.16456
 1225    395     3.23019    -1.76746    13.16456
 1226    395     3.24238    -1.76746    13.16456
 1227    395     3.25457    -1.76746    13.16456
 1229    395     3.27895    -1.76746    13.16456
 1230    395     3.29114    -1.76746    13.16456
 1231    395     3.30333    -1.76746    13.16456
 1243    395     3.44960    -1.76746    13.16456
 1244    395     3.46179    -1.76746    13.16456
 1247    395     3.49836    -1.76746    13.16456
 1248    395     3.51055    -1.76746    13.16456
 1249    395     3.52274    -1.76746    13.16456
 1751    395     9.64182    -1.76746    13.16456
 1752    395     9.65401    -1.76746    13.16456
 1757    395     9.71496    -1.76746    13.16456
 1760    395     9.75153    -1.76746    13.16456
 1761    395     9.76372    -1.76746    13.16456
 1762    395     9.77591    -1.76746    13.16456
 1763    395     9.78810    -1.76746    13.16456
 1764    395     9.80029    -1.76746    13.16456
 1765    395     9.81247    -1.76746    13.16456
 1766    395     9.82466    -1.76746    13.16456
  679    396    -3.40166    -1.74320    13.07401
  680    396    -3.38956    -1.74320    13.07401
  681    396    -3.37745    -1.74320    13.07401
  682    396    -3.36535    -1.74320    13.07401
  683    396    -3.35324    -1.74320    13.07401
  684    396    -3.34114    -1.74320    13.07401
  685    396    -3.32903    -1.74320    13.07401
  686    396    -3.31693    -1.74320    13.07401
  687    396    -3.30482    -1.74320    13.07401
  688    396    -3.29271    -1.74320    13.07401
  689    396    -3.28061    -1.74320    13.07401
  690    396    -3.26850    -1.74320    13.07401
  691    396    -3.25640    -1.74320    13.07401
  692    396    -3.24429    -1.74320    13.07401
  693    396    -3.23219    -1.74320    13.07401
  694    396    -3.22008    -1.74320    13.07401
  695    396    -3.20798    -1.74320    13.07401
  696    396    -3.19587    -1.74320    13.07401
 1225    396     3.20798    -1.74320    13.07401
 1226    396     3.22008    -1.74320    13.07401
 1227    396     3.23219    -1.74320    13.07401
 1230    396     3.26850    -1.74320    13.07401
 1231    396     3.28061    -1.74320    13.07401
 1232    396     3.29271    -1.74320    13.07401
 1244    396     3.43798    -1.74320    13.07401
 1245    396     3.45009    -1.74320    13.07401
 1248    396     3.48640    -1.74320    13.07401
 1249    396     3.49851    -1.74320    13.07401
 1250    396     3.51061    -1.74320    13.07401
 1756    396     9.63603    -1.74320    13.07401
 1757    396     9.64814    -1.74320    13.07401
 1758    396     9.66024    -1.74320    13.07401
 1762    396     9.70867    -1.74320    13.07401
 1763    396     9.72077    -1.74320    13.07401
 1764    396     9.73288    -1.74320    13.07401
 1765    396     9.74498    -1.74320    13.07401
 1766    396     9.75709    -1.74320    13.07401
 1767    396     9.76919    -1.74320    13.07401
  679    397    -3.37843    -1.71927    12.98470
  680    397    -3.36640    -1.71927    12.98470
  681    397    -3.35438    -1.71927    12.98470
  682    397    -3.34236    -1.71927    12.98470
  683    397    -3.33034    -1.71927    12.98470
  684    397    -3.31831    -1.71927    12.98470
  685    397    -3.30629    -1.71927    12.98470
  686    397    -3.29427    -1.71927    12.98470
  687    397    -3.28224    -1.71927    12.98470
  688    397    -3.27022    -1.71927    12.98470
  689    397    -3.25820    -1.71927    12.98470
  690    397    -3.24618    -1.71927    12.98470
  691    397    -3.23415    -1.71927    12.98470
  692    397    -3.22213    -1.71927    12.98470
  693    397    -3.21011    -1.71927    12.98470
  694    397    -3.19808    -1.71927    12.98470
  695    397    -3.18606    -1.71927    12.98470
  696    397    -3.17404    -1.71927    12.98470
 1226    397     3.19808    -1.71927    12.98470
 1227    397     3.21011    -1.71927    12.98470
 1228    397     3.22213    -1.71927    12.98470
 1230    397     3.24618    -1.71927    12.98470
 1231    397     3.25820    -1.71927    12.98470
 1232    397     3.27022    -1.71927    12.98470
 1233    397     3.28224    -1.71927    12.98470
 1245    397     3.42652    -1.71927    12.98470
 1246    397     3.43854    -1.71927    12.98470
 1249    397     3.47461    -1.71927    12.98470
 1250    397     3.48663    -1.71927    12.98470
 1251    397     3.49866    -1.71927    12.98470
 1756    397     9.57021    -1.71927    12.98470
 1757    397     9.58223    -1.71927    12.98470
 1758    397     9.59425    -1.71927    12.98470
 1759    397     9.60627    -1.71927    12.98470
 1760    397     9.61830    -1.71927    12.98470
 1765    397     9.67841    -1.71927    12.98470
 1766    397     9.69043    -1.71927    12.98470
 1767    397     9.70246    -1.71927    12.98470
 1768    397     9.71448    -1.71927    12.98470
 1773    397     9.77459    -1.71927    12.98470
 1774    397     9.78662    -1.71927    12.98470
  679    398    -3.35550    -1.69566    12.89660
  680    398    -3.34356    -1.69566    12.89660
  681    398    -3.33162    -1.69566    12.89660
  682    398    -3.31968    -1.69566    12.89660
  683    398    -3.30774    -1.69566    12.89660
  684    398    -3.29580    -1.69566    12.89660
  685    398    -3.28386    -1.69566    12.89660
  691    398    -3.21221    -1.69566    12.89660
  692    398    -3.20027    -1.69566    12.89660
  693    398    -3.18833    -1.69566    12.89660
  694    398    -3.17638    -1.69566    12.89660
  695    398    -3.16444    -1.69566    12.89660
  696    398    -3.15250    -1.69566    12.89660
 1226    398     3.17638    -1.69566    12.89660
 1227    398     3.18833    -1.69566    12.89660
 1228    398     3.20027    -1.69566    12.89660
 1229    398     3.21221    -1.69566    12.89660
 1231    398     3.23609    -1.69566    12.89660
 1232    398     3.24803    -1.69566    12.89660
 1233    398     3.25997    -1.69566    12.89660
 1234    398     3.27192    -1.69566    12.89660
 1235    398     3.28386    -1.69566    12.89660
 1245    398     3.40327    -1.69566    12.89660
 1246    398     3.41521    -1.69566    12.89660
 1247    398     3.42715    -1.69566    12.89660
 1250    398     3.46298    -1.69566    12.89660
 1251    398     3.47492    -1.69566    12.89660
 1252    398     3.48686    -1.69566    12.89660
 1758    398     9.52915    -1.69566    12.89660
 1759    398     9.54110    -1.69566    12.89660
 1760    398     9.55304    -1.69566    12.89660
 1761    398     9.56498    -1.69566    12.89660
 1762    398     9.57692    -1.69566    12.89660
 1763    398     9.58886    -1.69566    12.89660
 1764    398     9.60080    -1.69566    12.89660
 1765    398     9.61274    -1.69566    12.89660
 1766    398     9.62468    -1.69566    12.89660
 1767    398     9.63663    -1.69566    12.89660
 1771    398     9.68439    -1.69566    12.89660
 1772    398     9.69633    -1.69566    12.89660
 1773    398     9.70827    -1.69566    12.89660
 1774    398     9.72022    -1.69566    12.89660
 1775    398     9.73216    -1.69566    12.89660
 1776    398     9.74410    -1.69566    12.89660
  679    399    -3.33289    -1.67238    12.80969
  680    399    -3.32103    -1.67238    12.80969
  681    399    -3.30917    -1.67238    12.80969
  682    399    -3.29731    -1.67238    12.80969
  683    399    -3.28545    -1.67238    12.80969
  684    399    -3.27359    -1.67238    12.80969
  687    399    -3.23800    -1.67238    12.80969
  688    399    -3.22614    -1.67238    12.80969
  689    399    -3.21428    -1.67238    12.80969
  690    399    -3.20242    -1.67238    12.80969
  691    399    -3.19056    -1.67238    12.80969
  692    399    -3.17870    -1.67238    12.80969
  693    399    -3.16684    -1.67238    12.80969
  694    399    -3.15498    -1.67238    12.80969
  695    399    -3.14312    -1.67238    12.80969
 1227    399     3.16684    -1.67238    12.80969
 1228    399     3.17870    -1.67238    12.80969
 1229    399     3.19056    -1.67238    12.80969
 1230    399     3.20242    -1.67238    12.80969
 1232    399     3.22614    -1.67238    12.80969
 1233    399     3.23800    -1.67238    12.80969
 1234    399     3.24987    -1.67238    12.80969
 1235    399     3.26173    -1.67238    12.80969
 1236    399     3.27359    -1.67238    12.80969
 1246    399     3.39219    -1.67238    12.80969
 1247    399     3.40406    -1.67238    12.80969
 1248    399     3.41592    -1.67238    12.80969
 1251    399     3.45150    -1.67238    12.80969
 1252    399     3.46336    -1.67238    12.80969
 1761    399     9.50052    -1.67238    12.80969
 1762    399     9.51238    -1.67238    12.80969
 1763    399     9.52424    -1.67238    12.80969
 1764    399     9.53610    -1.67238    12.80969
 1765    399     9.54796    -1.67238    12.80969
 1766    399     9.55982    -1.67238    12.80969
 1770    399     9.60727    -1.67238    12.80969
 1771    399     9.61913    -1.67238    12.80969
 1772    399     9.63099    -1.67238    12.80969
 1773    399     9.64285    -1.67238    12.80969
 1774    399     9.65471    -1.67238    12.80969
 1775    399     9.66657    -1.67238    12.80969
 1776    399     9.67843    -1.67238    12.80969
 1777    399     9.69029    -1.67238    12.80969
  679    400    -3.31058    -1.64940    12.72394
  680    400    -3.29880    -1.64940    12.72394
  681    400    -3.28702    -1.64940    12.72394
  682    400    -3.27524    -1.64940    12.72394
  683    400    -3.26345    -1.64940    12.72394
  686    400    -3.22811    -1.64940    12.72394
  687    400    -3.21633    -1.64940    12.72394
  688    400    -3.20455    -1.64940    12.72394
  689    400    -3.19277    -1.64940    12.72394
  690    400    -3.18098    -1.64940    12.72394
  691    400    -3.16920    -1.64940    12.72394
  692    400    -3.15742    -1.64940    12.72394
  693    400    -3.14564    -1.64940    12.72394
  694    400    -3.13386    -1.64940    12.72394
  695    400    -3.12208    -1.64940    12.72394
 1228    400     3.15742    -1.64940    12.72394
 1229    400     3.16920    -1.64940    12.72394
 1230    400     3.18098    -1.64940    12.72394
 1231    400     3.19277    -1.64940    12.72394
 1233    400     3.21633    -1.64940    12.72394
 1234    400     3.22811    -1.64940    12.72394
 1235    400     3.23989    -1.64940    12.72394
 1236    400     3.25167    -1.64940    12.72394
 1237    400     3.26345    -1.64940    12.72394
 1247    400     3.38127    -1.64940    12.72394
 1248    400     3.39305    -1.64940    12.72394
 1249    400     3.40483    -1.64940    12.72394
 1251    400     3.42839    -1.64940    12.72394
 1252    400     3.44018    -1.64940    12.72394
 1253    400     3.45196    -1.64940    12.72394
 1763    400     9.46048    -1.64940    12.72394
 1764    400     9.47226    -1.64940    12.72394
 1765    400     9.48405    -1.64940    12.72394
 1766    400     9.49583    -1.64940    12.72394
 1767    400     9.50761    -1.64940    12.72394
 1770    400     9.54295    -1.64940    12.72394
 1771    400     9.55473    -1.64940    12.72394
 1772    400     9.56652    -1.64940    12.72394
 1773    400     9.57830    -1.64940    12.72394
 1774    400     9.59008    -1.64940    12.72394
 1775    400     9.60186    -1.64940    12.72394
 1776    400     9.61364    -1.64940    12.72394
 1777    400     9.62542    -1.64940    12.72394
 1778    400     9.63720    -1.64940    12.72394
 1779    400     9.64899    -1.64940    12.72394
  679    401    -3.28857    -1.62673    12.63933
  680    401    -3.27686    -1.62673    12.63933
  681    401    -3.26516    -1.62673    12.63933
  682    401    -3.25346    -1.62673    12.63933
  683    401    -3.24175    -1.62673    12.63933
  686    401    -3.20664    -1.62673    12.63933
  689    401    -3.17154    -1.62673    12.63933
  690    401    -3.15983    -1.62673    12.63933
  691    401    -3.14813    -1.62673    12.63933
  692    401    -3.13643    -1.62673    12.63933
  693    401    -3.12472    -1.62673    12.63933
  694    401    -3.11302    -1.62673    12.63933
 1229    401     3.14813    -1.62673    12.63933
 1230    401     3.15983    -1.62673    12.63933
 1231    401     3.17154    -1.62673    12.63933
 1232    401     3.18324    -1.62673    12.63933
 1234    401     3.20664    -1.62673    12.63933
 1235    401     3.21835    -1.62673    12.63933
 1236    401     3.23005    -1.62673    12.63933
 1237    401     3.24175    -1.62673    12.63933
 1238    401     3.25346    -1.62673    12.63933
 1248    401     3.37049    -1.62673    12.63933
 1249    401     3.38219    -1.62673    12.63933
 1250    401     3.39389    -1.62673    12.63933
 1252    401     3.41730    -1.62673    12.63933
 1253    401     3.42900    -1.62673    12.63933
 1254    401     3.44071    -1.62673    12.63933
 1770    401     9.47950    -1.62673    12.63933
 1771    401     9.49120    -1.62673    12.63933
 1772    401     9.50290    -1.62673    12.63933
 1773    401     9.51461    -1.62673    12.63933
 1775    401     9.53801    -1.62673    12.63933
 1776    401     9.54972    -1.62673    12.63933
 1777    401     9.56142    -1.62673    12.63933
 1778    401     9.57312    -1.62673    12.63933
 1779    401     9.58482    -1.62673    12.63933
 1780    401     9.59653    -1.62673    12.63933
 1781    401     9.60823    -1.62673    12.63933
 1782    401     9.61993    -1.62673    12.63933
 1783    401     9.63164    -1.62673    12.63933
  678    402    -3.27847    -1.60436    12.55584
  679    402    -3.26684    -1.60436    12.55584
  680    402    -3.25522    -1.60436    12.55584
  681    402    -3.24359    -1.60436    12.55584
  682    402    -3.23197    -1.60436    12.55584
  683    402    -3.22034    -1.60436    12.55584
  685    402    -3.19709    -1.60436    12.55584
  686    402    -3.18546    -1.60436    12.55584
  689    402    -3.15059    -1.60436    12.55584
  690    402    -3.13896    -1.60436    12.55584
  691    402    -3.12733    -1.60436    12.55584
  692    402    -3.11571    -1.60436    12.55584
  693    402    -3.10408    -1.60436    12.55584
 1230    402     3.13896    -1.60436    12.55584
 1231    402     3.15059    -1.60436    12.55584
 1232    402     3.16221    -1.60436    12.55584
 1233    402     3.17384    -1.60436    12.55584
 1235    402     3.19709    -1.60436    12.55584
 1236    402     3.20871    -1.60436    12.55584
 1237    402     3.22034    -1.60436    12.55584
 1238    402     3.23197    -1.60436    12.55584
 1249    402     3.35985    -1.60436    12.55584
 1250    402     3.37147    -1.60436    12.55584
 1253    402     3.40635    -1.60436    12.55584
 1254    402     3.41798    -1.60436    12.55584
 1255    402     3.42960    -1.60436    12.55584
 1770    402     9.41688    -1.60436    12.55584
 1771    402     9.42850    -1.60436    12.55584
 1772    402     9.44013    -1.60436    12.55584
 1773    402     9.45176    -1.60436    12.55584
 1774    402     9.46338    -1.60436    12.55584
 1775    402     9.47501    -1.60436    12.55584
 1776    402     9.48663    -1.60436    12.55584
 1778    402     9.50988    -1.60436    12.55584
 1779    402     9.52151    -1.60436    12.55584
 1780    402     9.53314    -1.60436    12.55584
 1781    402     9.54476    -1.60436    12.55584
 1782    402     9.55639    -1.60436    12.55584
 1783    402     9.56801    -1.60436    12.55584
 1784    402     9.57964    -1.60436    12.55584
 1785    402     9.59126    -1.60436    12.55584
 1786    402     9.60289    -1.60436    12.55584
 1787    402     9.61452    -1.60436    12.55584
  678    403    -3.25695    -1.58228    12.47344
  679    403    -3.24540    -1.58228    12.47344
  680    403    -3.23386    -1.58228    12.47344
  681    403    -3.22231    -1.58228    12.47344
  682    403    -3.21076    -1.58228    12.47344
  684    403    -3.18766    -1.58228    12.47344
  685    403    -3.17611    -1.58228    12.47344
  688    403    -3.14146    -1.58228    12.47344
  689    403    -3.12991    -1.58228    12.47344
  690    403    -3.11836    -1.58228    12.47344
  691    403    -3.10681    -1.58228    12.47344
  692    403    -3.09526    -1.58228    12.47344
 1230    403     3.11836    -1.58228    12.47344
 1231    403     3.12991    -1.58228    12.47344
 1232    403     3.14146    -1.58228    12.47344
 1233    403     3.15301    -1.58228    12.47344
 1234    403     3.16456    -1.58228    12.47344
 1236    403     3.18766    -1.58228    12.47344
 1237    403     3.19921    -1.58228    12.47344
 1238    403     3.21076    -1.58228    12.47344
 1239    403     3.22231    -1.58228    12.47344
 1249    403     3.33780    -1.58228    12.47344
 1250    403     3.34935    -1.58228    12.47344
 1251    403     3.36090    -1.58228    12.47344
 1254    403     3.39555    -1.58228    12.47344
 1255    403     3.40710    -1.58228    12.47344
 1256    403     3.41865    -1.58228    12.47344
 1771    403     9.36663    -1.58228    12.47344
 1772    403     9.37818    -1.58228    12.47344
 1773    403     9.38973    -1.58228    12.47344
 1774    403     9.40128    -1.58228    12.47344
 1775    403     9.41283    -1.58228    12.47344
 1776    403     9.42438    -1.58228    12.47344
 1777    403     9.43593    -1.58228    12.47344
 1781    403     9.48213    -1.58228    12.47344
 1782    403     9.49368    -1.58228    12.47344
 1783    403     9.50522    -1.58228    12.47344
 1784    403     9.51677    -1.58228    12.47344
 1785    403     9.52832    -1.58228    12.47344
 1786    403     9.53987    -1.58228    12.47344
 1787    403     9.55142    -1.58228    12.47344
 1788    403     9.56297    -1.58228    12.47344
  671    404    -3.31604    -1.56049    12.39212
  672    404    -3.30457    -1.56049    12.39212
  677    404    -3.24719    -1.56049    12.39212
  678    404    -3.23572    -1.56049    12.39212
  679    404    -3.22425    -1.56049    12.39212
  680    404    -3.21277    -1.56049    12.39212
  681    404    -3.20130    -1.56049    12.39212
  683    404    -3.17835    -1.56049    12.39212
  684    404    -3.16688    -1.56049    12.39212
  685    404    -3.15540    -1.56049    12.39212
  687    404    -3.13245    -1.56049    12.39212
  688    404    -3.12098    -1.56049    12.39212
  689    404    -3.10950    -1.56049    12.39212
  690    404    -3.09803    -1.56049    12.39212
  691    404    -3.08656    -1.56049    12.39212
 1231    404     3.10950    -1.56049    12.39212
 1232    404     3.12098    -1.56049    12.39212
 1233    404     3.13245    -1.56049    12.39212
 1234    404     3.14393    -1.56049    12.39212
 1235    404     3.15540    -1.56049    12.39212
 1237    404     3.17835    -1.56049    12.39212
 1238    404     3.18982    -1.56049    12.39212
 1239    404     3.20130    -1.56049    12.39212
 1240    404     3.21277    -1.56049    12.39212
 1241    404     3.22425    -1.56049    12.39212
 1247    404     3.29309    -1.56049    12.39212
 1248    404     3.30457    -1.56049    12.39212
 1249    404     3.31604    -1.56049    12.39212
 1252    404     3.35046    -1.56049    12.39212
 1254    404     3.37341    -1.56049    12.39212
 1255    404     3.38488    -1.56049    12.39212
 1256    404     3.39636    -1.56049    12.39212
 1773    404     9.32851    -1.56049    12.39212
 1774    404     9.33999    -1.56049    12.39212
 1775    404     9.35146    -1.56049    12.39212
 1776    404     9.36294    -1.56049    12.39212
 1777    404     9.37441    -1.56049    12.39212
 1778    404     9.38588    -1.56049    12.39212
 1779    404     9.39736    -1.56049    12.39212
 1780    404     9.40883    -1.56049    12.39212
 1783    404     9.44326    -1.56049    12.39212
 1784    404     9.45473    -1.56049    12.39212
 1785    404     9.46620    -1.56049    12.39212
 1786    404     9.47768    -1.56049    12.39212
 1787    404     9.48915    -1.56049    12.39212
 1788    404     9.50063    -1.56049    12.39212
 1789    404     9.51210    -1.56049    12.39212
 1790    404     9.52357    -1.56049    12.39212
 1791    404     9.53505    -1.56049    12.39212
  671    405    -3.29456    -1.53898    12.31185
  677    405    -3.22616    -1.53898    12.31185
  678    405    -3.21476    -1.53898    12.31185
  679    405    -3.20336    -1.53898    12.31185
  680    405    -3.19196    -1.53898    12.31185
  681    405    -3.18056    -1.53898    12.31185
  683    405    -3.15776    -1.53898    12.31185
  684    405    -3.14636    -1.53898    12.31185
  685    405    -3.13496    -1.53898    12.31185
  686    405    -3.12356    -1.53898    12.31185
  687    405    -3.11216    -1.53898    12.31185
  688    405    -3.10076    -1.53898    12.31185
  689    405    -3.08936    -1.53898    12.31185
  690    405    -3.07796    -1.53898    12.31185
  691    405    -3.06656    -1.53898    12.31185
 1232    405     3.10076    -1.53898    12.31185
 1233    405     3.11216    -1.53898    12.31185
 1234    405     3.12356    -1.53898    12.31185
 1235    405     3.13496    -1.53898    12.31185
 1238    405     3.16916    -1.53898    12.31185
 1239    405     3.18056    -1.53898    12.31185
 1240    405     3.19196    -1.53898    12.31185
 1241    405     3.20336    -1.53898    12.31185
 1246    405     3.26036    -1.53898    12.31185
 1247    405     3.27176    -1.53898    12.31185
 1248    405     3.28316    -1.53898    12.31185
 1249    405     3.29456    -1.53898    12.31185
 1252    405     3.32876    -1.53898    12.31185
 1253    405     3.34016    -1.53898    12.31185
 1254    405     3.35156    -1.53898    12.31185
 1255    405     3.36296    -1.53898    12.31185
 1256    405     3.37436    -1.53898    12.31185
 1257    405     3.38576    -1.53898    12.31185
 1777    405     9.31369    -1.53898    12.31185
 1778    405     9.32509    -1.53898    12.31185
 1779    405     9.33649    -1.53898    12.31185
 1780    405     9.34789    -1.53898    12.31185
 1781    405     9.35929    -1.53898    12.31185
 1782    405     9.37069    -1.53898    12.31185
 1783    405     9.38209    -1.53898    12.31185
 1784    405     9.39349    -1.53898    12.31185
 1786    405     9.41629    -1.53898    12.31185
 1787    405     9.42769    -1.53898    12.31185
 1788    405     9.43909    -1.53898    12.31185
 1789    405     9.45049    -1.53898    12.31185
 1790    405     9.46189    -1.53898    12.31185
 1791    405     9.47329    -1.53898    12.31185
 1792    405     9.48469    -1.53898    12.31185
 1793    405     9.49609    -1.53898    12.31185
  676    406    -3.21673    -1.51775    12.23262
  677    406    -3.20540    -1.51775    12.23262
  678    406    -3.19407    -1.51775    12.23262
  679    406    -3.18275    -1.51775    12.23262
  680    406    -3.17142    -1.51775    12.23262
  681    406    -3.16009    -1.51775    12.23262
  683    406    -3.13744    -1.51775    12.23262
  684    406    -3.12611    -1.51775    12.23262
  685    406    -3.11479    -1.51775    12.23262
  686    406    -3.10346    -1.51775    12.23262
  687    406    -3.09213    -1.51775    12.23262
  688    406    -3.08081    -1.51775    12.23262
  689    406    -3.06948    -1.51775    12.23262
  690    406    -3.05815    -1.51775    12.23262
 1233    406     3.09213    -1.51775    12.23262
 1234    406     3.10346    -1.51775    12.23262
 1235    406     3.11479    -1.51775    12.23262
 1236    406     3.12611    -1.51775    12.23262
 1239    406     3.16009    -1.51775    12.23262
 1240    406     3.17142    -1.51775    12.23262
 1241    406     3.18275    -1.51775    12.23262
 1242    406     3.19407    -1.51775    12.23262
 1246    406     3.23938    -1.51775    12.23262
 1247    406     3.25071    -1.51775    12.23262
 1248    406     3.26203    -1.51775    12.23262
 1249    406     3.27336    -1.51775    12.23262
 1250    406     3.28468    -1.51775    12.23262
 1251    406     3.29601    -1.51775    12.23262
 1253    406     3.31866    -1.51775    12.23262
 1254    406     3.32999    -1.51775    12.23262
 1255    406     3.34132    -1.51775    12.23262
 1256    406     3.35264    -1.51775    12.23262
 1780    406     9.28773    -1.51775    12.23262
 1781    406     9.29906    -1.51775    12.23262
 1782    406     9.31038    -1.51775    12.23262
 1783    406     9.32171    -1.51775    12.23262
 1784    406     9.33304    -1.51775    12.23262
 1785    406     9.34436    -1.51775    12.23262
 1786    406     9.35569    -1.51775    12.23262
 1789    406     9.38967    -1.51775    12.23262
 1790    406     9.40099    -1.51775    12.23262
 1791    406     9.41232    -1.51775    12.23262
 1792    406     9.42365    -1.51775    12.23262
 1793    406     9.43497    -1.51775    12.23262
 1794    406     9.44630    -1.51775    12.23262
 1795    406     9.45763    -1.51775    12.23262
  675    407    -3.20741    -1.49679    12.15440
  676    407    -3.19616    -1.49679    12.15440
  677    407    -3.18490    -1.49679    12.15440
  678    407    -3.17365    -1.49679    12.15440
  679    407    -3.16239    -1.49679    12.15440
  680    407    -3.15114    -1.49679    12.15440
  681    407    -3.13989    -1.49679    12.15440
  684    407    -3.10612    -1.49679    12.15440
  685    407    -3.09487    -1.49679    12.15440
  686    407    -3.08362    -1.49679    12.15440
  687    407    -3.07236    -1.49679    12.15440
  688    407    -3.06111    -1.49679    12.15440
  689    407    -3.04985    -1.49679    12.15440
 1234    407     3.08362    -1.49679    12.15440
 1235    407     3.09487    -1.49679    12.15440
 1236    407     3.10612    -1.49679    12.15440
 1237    407     3.11738    -1.49679    12.15440
 1239    407     3.13989    -1.49679    12.15440
 1240    407     3.15114    -1.49679    12.15440
 1241    407     3.16239    -1.49679    12.15440
 1242    407     3.17365    -1.49679    12.15440
 1245    407     3.20741    -1.49679    12.15440
 1246    407     3.21866    -1.49679    12.15440
 1247    407     3.22992    -1.49679    12.15440
 1248    407     3.24117    -1.49679    12.15440
 1250    407     3.26368    -1.49679    12.15440
 1251    407     3.27493    -1.49679    12.15440
 1252    407     3.28619    -1.49679    12.15440
 1253    407     3.29744    -1.49679    12.15440
 1254    407     3.30870    -1.49679    12.15440
 1255    407     3.31995    -1.49679    12.15440
 1256    407     3.33121    -1.49679    12.15440
 1782    407     9.25085    -1.49679    12.15440
 1783    407     9.26210    -1.49679    12.15440
 1784    407     9.27336    -1.49679    12.15440
 1785    407     9.28461    -1.49679    12.15440
 1786    407     9.29586    -1.49679    12.15440
 1787    407     9.30712    -1.49679    12.15440
 1788    407     9.31837    -1.49679    12.15440
 1791    407     9.35213    -1.49679    12.15440
 1792    407     9.36339    -1.49679    12.15440
 1793    407     9.37464    -1.49679    12.15440
 1794    407     9.38590    -1.49679    12.15440
 1795    407     9.39715    -1.49679    12.15440
 1796    407     9.40840    -1.49679    12.15440
 1797    407     9.41966    -1.49679    12.15440
 1798    407     9.43091    -1.49679    12.15440
  674    408    -3.19821    -1.47610    12.07717
  675    408    -3.18703    -1.47610    12.07717
  676    408    -3.17585    -1.47610    12.07717
  677    408    -3.16467    -1.47610    12.07717
  678    408    -3.15348    -1.47610    12.07717
  679    408    -3.14230    -1.47610    12.07717
  680    408    -3.13112    -1.47610    12.07717
  683    408    -3.09757    -1.47610    12.07717
  684    408    -3.08639    -1.47610    12.07717
  685    408    -3.07521    -1.47610    12.07717
  686    408    -3.06402    -1.47610    12.07717
  687    408    -3.05284    -1.47610    12.07717
  688    408    -3.04166    -1.47610    12.07717
 1235    408     3.07521    -1.47610    12.07717
 1236    408     3.08639    -1.47610    12.07717
 1237    408     3.09757    -1.47610    12.07717
 1238    408     3.10875    -1.47610    12.07717
 1240    408     3.13112    -1.47610    12.07717
 1241    408     3.14230    -1.47610    12.07717
 1242    408     3.15348    -1.47610    12.07717
 1243    408     3.16467    -1.47610    12.07717
 1244    408     3.17585    -1.47610    12.07717
 1246    408     3.19821    -1.47610    12.07717
 1247    408     3.20940    -1.47610    12.07717
 1248    408     3.22058    -1.47610    12.07717
 1249    408     3.23176    -1.47610    12.07717
 1250    408     3.24294    -1.47610    12.07717
 1251    408     3.25413    -1.47610    12.07717
 1252    408     3.26531    -1.47610    12.07717
 1784    408     9.21443    -1.47610    12.07717
 1785    408     9.22562    -1.47610    12.07717
 1786    408     9.23680    -1.47610    12.07717
 1787    408     9.24798    -1.47610    12.07717
 1788    408     9.25916    -1.47610    12.07717
 1789    408     9.27035    -1.47610    12.07717
 1790    408     9.28153    -1.47610    12.07717
 1791    408     9.29271    -1.47610    12.07717
 1794    408     9.32626    -1.47610    12.07717
 1795    408     9.33744    -1.47610    12.07717
 1796    408     9.34862    -1.47610    12.07717
 1797    408     9.35981    -1.47610    12.07717
 1798    408     9.37099    -1.47610    12.07717
 1799    408     9.38217    -1.47610    12.07717
  673    409    -3.18913    -1.45567    12.00092
  674    409    -3.17802    -1.45567    12.00092
  675    409    -3.16691    -1.45567    12.00092
  676    409    -3.15580    -1.45567    12.00092
  677    409    -3.14469    -1.45567    12.00092
  678    409    -3.13357    -1.45567    12.00092
  679    409    -3.12246    -1.45567    12.00092
  683    409    -3.07801    -1.45567    12.00092
  684    409    -3.06690    -1.45567    12.00092
  685    409    -3.05579    -1.45567    12.00092
  686    409    -3.04468    -1.45567    12.00092
  687    409    -3.03357    -1.45567    12.00092
 1236    409     3.06690    -1.45567    12.00092
 1237    409     3.07801    -1.45567    12.00092
 1238    409     3.08913    -1.45567    12.00092
 1239    409     3.10024    -1.45567    12.00092
 1241    409     3.12246    -1.45567    12.00092
 1242    409     3.13357    -1.45567    12.00092
 1243    409     3.14469    -1.45567    12.00092
 1244    409     3.15580    -1.45567    12.00092
 1247    409     3.18913    -1.45567    12.00092
 1248    409     3.20025    -1.45567    12.00092
 1249    409     3.21136    -1.45567    12.00092
 1250    409     3.22247    -1.45567    12.00092
 1251    409     3.23358    -1.45567    12.00092
 1252    409     3.24469    -1.45567    12.00092
 1786    409     9.17848    -1.45567    12.00092
 1787    409     9.18959    -1.45567    12.00092
 1788    409     9.20070    -1.45567    12.00092
 1789    409     9.21182    -1.45567    12.00092
 1790    409     9.22293    -1.45567    12.00092
 1791    409     9.23404    -1.45567    12.00092
 1792    409     9.24515    -1.45567    12.00092
 1793    409     9.25626    -1.45567    12.00092
 1796    409     9.28960    -1.45567    12.00092
 1797    409     9.30071    -1.45567    12.00092
 1798    409     9.31182    -1.45567    12.00092
 1799    409     9.32294    -1.45567    12.00092
 1800    409     9.33405    -1.45567    12.00092
  672    410    -3.18017    -1.43549    11.92562
  673    410    -3.16912    -1.43549    11.92562
  674    410    -3.15808    -1.43549    11.92562
  675    410    -3.14704    -1.43549    11.92562
  676    410    -3.13600    -1.43549    11.92562
  677    410    -3.12496    -1.43549    11.92562
  682    410    -3.06974    -1.43549    11.92562
  683    410    -3.05870    -1.43549    11.92562
  684    410    -3.04766    -1.43549    11.92562
  685    410    -3.03662    -1.43549    11.92562
  686    410    -3.02557    -1.43549    11.92562
  687    410    -3.01453    -1.43549    11.92562
 1237    410     3.05870    -1.43549    11.92562
 1238    410     3.06974    -1.43549    11.92562
 1239    410     3.08079    -1.43549    11.92562
 1240    410     3.09183    -1.43549    11.92562
 1242    410     3.11391    -1.43549    11.92562
 1243    410     3.12496    -1.43549    11.92562
 1244    410     3.13600    -1.43549    11.92562
 1245    410     3.14704    -1.43549    11.92562
 1248    410     3.18017    -1.43549    11.92562
 1249    410     3.19121    -1.43549    11.92562
 1250    410     3.20225    -1.43549    11.92562
 1251    410     3.21329    -1.43549    11.92562
 1789    410     9.15402    -1.43549    11.92562
 1790    410     9.16506    -1.43549    11.92562
 1791    410     9.17610    -1.43549    11.92562
 1792    410     9.18715    -1.43549    11.92562
 1793    410     9.19819    -1.43549    11.92562
 1794    410     9.20923    -1.43549    11.92562
 1795    410     9.22027    -1.43549    11.92562
 1798    410     9.25340    -1.43549    11.92562
 1799    410     9.26444    -1.43549    11.92562
 1800    410     9.27549    -1.43549    11.92562
 1801    410     9.28653    -1.43549    11.92562
  671    411    -3.17131    -1.41557    11.85127
  672    411    -3.16034    -1.41557    11.85127
  673    411    -3.14936    -1.41557    11.85127
  674    411    -3.13839    -1.41557    11.85127
  675    411    -3.12742    -1.41557    11.85127
  676    411    -3.11644    -1.41557    11.85127
  681    411    -3.06158    -1.41557    11.85127
  682    411    -3.05060    -1.41557    11.85127
  683    411    -3.03963    -1.41557    11.85127
  684    411    -3.02866    -1.41557    11.85127
  685    411    -3.01768    -1.41557    11.85127
  686    411    -3.00671    -1.41557    11.85127
 1237    411     3.03963    -1.41557    11.85127
 1238    411     3.05060    -1.41557    11.85127
 1239    411     3.06158    -1.41557    11.85127
 1240    411     3.07255    -1.41557    11.85127
 1241    411     3.08352    -1.41557    11.85127
 1243    411     3.10547    -1.41557    11.85127
 1244    411     3.11644    -1.41557    11.85127
 1245    411     3.12742    -1.41557    11.85127
 1246    411     3.13839    -1.41557    11.85127
 1248    411     3.16034    -1.41557    11.85127
 1249    411     3.17131    -1.41557    11.85127
 1250    411     3.18228    -1.41557    11.85127
 1791    411     9.11889    -1.41557    11.85127
 1792    411     9.12987    -1.41557    11.85127
 1793    411     9.14084    -1.41557    11.85127
 1794    411     9.15181    -1.41557    11.85127
 1795    411     9.16279    -1.41557    11.85127
 1796    411     9.17376    -1.41557    11.85127
 1797    411     9.18473    -1.41557    11.85127
 1798    411     9.19571    -1.41557    11.85127
 1799    411     9.20668    -1.41557    11.85127
 1800    411     9.21765    -1.41557    11.85127
 1801    411     9.22863    -1.41557    11.85127
 1803    411     9.25057    -1.41557    11.85127
 1804    411     9.26155    -1.41557    11.85127
 1805    411     9.27252    -1.41557    11.85127
 1806    411     9.28349    -1.41557    11.85127
 1807    411     9.29447    -1.41557    11.85127
 1808    411     9.30544    -1.41557    11.85127
  670    412    -3.16257    -1.39589    11.77783
  671    412    -3.15166    -1.39589    11.77783
  672    412    -3.14076    -1.39589    11.77783
  673    412    -3.12985    -1.39589    11.77783
  674    412    -3.11894    -1.39589    11.77783
  675    412    -3.10804    -1.39589    11.77783
  680    412    -3.05351    -1.39589    11.77783
  681    412    -3.04261    -1.39589    11.77783
  682    412    -3.03170    -1.39589    11.77783
  683    412    -3.02080    -1.39589    11.77783
  684    412    -3.00989    -1.39589    11.77783
  685    412    -2.99899    -1.39589    11.77783
  686    412    -2.98808    -1.39589    11.77783
 1238    412     3.03170    -1.39589    11.77783
 1239    412     3.04261    -1.39589    11.77783
 1240    412     3.05351    -1.39589    11.77783
 1241    412     3.06442    -1.39589    11.77783
 1242    412     3.07532    -1.39589    11.77783
 1244    412     3.09713    -1.39589    11.77783
 1245    412     3.10804    -1.39589    11.77783
 1246    412     3.11894    -1.39589    11.77783
 1247    412     3.12985    -1.39589    11.77783
 1248    412     3.14076    -1.39589    11.77783
 1249    412     3.15166    -1.39589    11.77783
 1261    412     3.28253    -1.39589    11.77783
 1262    412     3.29343    -1.39589    11.77783
 1263    412     3.30434    -1.39589    11.77783
 1264    412     3.31524    -1.39589    11.77783
 1793    412     9.08420    -1.39589    11.77783
 1794    412     9.09510    -1.39589    11.77783
 1795    412     9.10601    -1.39589    11.77783
 1796    412     9.11692    -1.39589    11.77783
 1797    412     9.12782    -1.39589    11.77783
 1798    412     9.13873    -1.39589    11.77783
 1799    412     9.14963    -1.39589    11.77783
 1800    412     9.16054    -1.39589    11.77783
 1803    412     9.19325    -1.39589    11.77783
 1804    412     9.20416    -1.39589    11.77783
 1805    412     9.21506    -1.39589    11.77783
 1806    412     9.22597    -1.39589    11.77783
 1807    412     9.23687    -1.39589    11.77783
 1808    412     9.24778    -1.39589    11.77783
 1809    412     9.25869    -1.39589    11.77783
 1810    412     9.26959    -1.39589    11.77783
  670    413    -3.14309    -1.37646    11.70530
  671    413    -3.13225    -1.37646    11.70530
  672    413    -3.12141    -1.37646    11.70530
  673    413    -3.11058    -1.37646    11.70530
  674    413    -3.09974    -1.37646    11.70530
  676    413    -3.07806    -1.37646    11.70530
  677    413    -3.06722    -1.37646    11.70530
  678    413    -3.05638    -1.37646    11.70530
  679    413    -3.04555    -1.37646    11.70530
  680    413    -3.03471    -1.37646    11.70530
  681    413    -3.02387    -1.37646    11.70530
  682    413    -3.01303    -1.37646    11.70530
  683    413    -3.00219    -1.37646    11.70530
  684    413    -2.99136    -1.37646    11.70530
  685    413    -2.98052    -1.37646    11.70530
 1239    413     3.02387    -1.37646    11.70530
 1240    413     3.03471    -1.37646    11.70530
 1241    413     3.04555    -1.37646    11.70530
 1242    413     3.05638    -1.37646    11.70530
 1243    413     3.06722    -1.37646    11.70530
 1245    413     3.08890    -1.37646    11.70530
 1246    413     3.09974    -1.37646    11.70530
 1247    413     3.11058    -1.37646    11.70530
 1248    413     3.12141    -1.37646    11.70530
 1260    413     3.25147    -1.37646    11.70530
 1261    413     3.26231    -1.37646    11.70530
 1262    413     3.27315    -1.37646    11.70530
 1263    413     3.28399    -1.37646    11.70530
 1264    413     3.29483    -1.37646    11.70530
 1265    413     3.30566    -1.37646    11.70530
 1796    413     9.06077    -1.37646    11.70530
 1797    413     9.07161    -1.37646    11.70530
 1798    413     9.08245    -1.37646    11.70530
 1799    413     9.09329    -1.37646    11.70530
 1800    413     9.10412    -1.37646    11.70530
 1803    413     9.13664    -1.37646    11.70530
 1804    413     9.14748    -1.37646    11.70530
 1806    413     9.16915    -1.37646    11.70530
 1807    413     9.17999    -1.37646    11.70530
 1808    413     9.19083    -1.37646    11.70530
 1809    413     9.20167    -1.37646    11.70530
 1810    413     9.21251    -1.37646    11.70530
 1811    413     9.22334    -1.37646    11.70530
 1812    413     9.23418    -1.37646    11.70530
  670    414    -3.12385    -1.35726    11.63366
  671    414    -3.11308    -1.35726    11.63366
  672    414    -3.10231    -1.35726    11.63366
  673    414    -3.09154    -1.35726    11.63366
  674    414    -3.08077    -1.35726    11.63366
  675    414    -3.06999    -1.35726    11.63366
  676    414    -3.05922    -1.35726    11.63366
  677    414    -3.04845    -1.35726    11.63366
  678    414    -3.03768    -1.35726    11.63366
  679    414    -3.02691    -1.35726    11.63366
  680    414    -3.01613    -1.35726    11.63366
  681    414    -3.00536    -1.35726    11.63366
  682    414    -2.99459    -1.35726    11.63366
  683    414    -2.98382    -1.35726    11.63366
  684    414    -2.97305    -1.35726    11.63366
 1240    414     3.01613    -1.35726    11.63366
 1241    414     3.02691    -1.35726    11.63366
 1242    414     3.03768    -1.35726    11.63366
 1243    414     3.04845    -1.35726    11.63366
 1244    414     3.05922    -1.35726    11.63366
 1245    414     3.06999    -1.35726    11.63366
 1246    414     3.08077    -1.35726    11.63366
 1247    414     3.09154    -1.35726    11.63366
 1248    414     3.10231    -1.35726    11.63366
 1249    414     3.11308    -1.35726    11.63366
 1260    414     3.23157    -1.35726    11.63366
 1261    414     3.24234    -1.35726    11.63366
 1264    414     3.27466    -1.35726    11.63366
 1265    414     3.28543    -1.35726    11.63366
 1266    414     3.29620    -1.35726    11.63366
 1802    414     9.06995    -1.35726    11.63366
 1803    414     9.08072    -1.35726    11.63366
 1804    414     9.09149    -1.35726    11.63366
 1805    414     9.10226    -1.35726    11.63366
 1806    414     9.11303    -1.35726    11.63366
 1809    414     9.14535    -1.35726    11.63366
 1810    414     9.15612    -1.35726    11.63366
 1811    414     9.16689    -1.35726    11.63366
 1812    414     9.17767    -1.35726    11.63366
 1813    414     9.18844    -1.35726    11.63366
 1814    414     9.19921    -1.35726    11.63366
 1815    414     9.20998    -1.35726    11.63366
 1816    414     9.22075    -1.35726    11.63366
  670    415    -3.10485    -1.33830    11.56289
  671    415    -3.09414    -1.33830    11.56289
  672    415    -3.08344    -1.33830    11.56289
  673    415    -3.07273    -1.33830    11.56289
  674    415    -3.06202    -1.33830    11.56289
  675    415    -3.05132    -1.33830    11.56289
  676    415    -3.04061    -1.33830    11.56289
  677    415    -3.02991    -1.33830    11.56289
  678    415    -3.01920    -1.33830    11.56289
  679    415    -3.00849    -1.33830    11.56289
  680    415    -2.99779    -1.33830    11.56289
  681    415    -2.98708    -1.33830    11.56289
  682    415    -2.97637    -1.33830    11.56289
  683    415    -2.96567    -1.33830    11.56289
  684    415    -2.95496    -1.33830    11.56289
 1241    415     3.00849    -1.33830    11.56289
 1242    415     3.01920    -1.33830    11.56289
 1243    415     3.02991    -1.33830    11.56289
 1244    415     3.04061    -1.33830    11.56289
 1246    415     3.06202    -1.33830    11.56289
 1247    415     3.07273    -1.33830    11.56289
 1248    415     3.08344    -1.33830    11.56289
 1249    415     3.09414    -1.33830    11.56289
 1255    415     3.15838    -1.33830    11.56289
 1261    415     3.22262    -1.33830    11.56289
 1262    415     3.23333    -1.33830    11.56289
 1265    415     3.26545    -1.33830    11.56289
 1266    415     3.27615    -1.33830    11.56289
 1803    415     9.02548    -1.33830    11.56289
 1804    415     9.03618    -1.33830    11.56289
 1805    415     9.04689    -1.33830    11.56289
 1806    415     9.05760    -1.33830    11.56289
 1807    415     9.06830    -1.33830    11.56289
 1808    415     9.07901    -1.33830    11.56289
 1811    415     9.11113    -1.33830    11.56289
 1812    415     9.12184    -1.33830    11.56289
 1813    415     9.13254    -1.33830    11.56289
 1814    415     9.14325    -1.33830    11.56289
 1815    415     9.15395    -1.33830    11.56289
 1816    415     9.16466    -1.33830    11.56289
 1817    415     9.17537    -1.33830    11.56289
 1818    415     9.18607    -1.33830    11.56289
  670    416    -3.08608    -1.31956    11.49297
  671    416    -3.07543    -1.31956    11.49297
  672    416    -3.06479    -1.31956    11.49297
  673    416    -3.05415    -1.31956    11.49297
  674    416    -3.04351    -1.31956    11.49297
  675    416    -3.03287    -1.31956    11.49297
  676    416    -3.02223    -1.31956    11.49297
  677    416    -3.01159    -1.31956    11.49297
  678    416    -3.00094    -1.31956    11.49297
  679    416    -2.99030    -1.31956    11.49297
  680    416    -2.97966    -1.31956    11.49297
  681    416    -2.96902    -1.31956    11.49297
  682    416    -2.95838    -1.31956    11.49297
  683    416    -2.94774    -1.31956    11.49297
 1242    416     3.00094    -1.31956    11.49297
 1243    416     3.01159    -1.31956    11.49297
 1244    416     3.02223    -1.31956    11.49297
 1245    416     3.03287    -1.31956    11.49297
 1247    416     3.05415    -1.31956    11.49297
 1248    416     3.06479    -1.31956    11.49297
 1249    416     3.07543    -1.31956    11.49297
 1250    416     3.08608    -1.31956    11.49297
 1253    416     3.11800    -1.31956    11.49297
 1256    416     3.14993    -1.31956    11.49297
 1261    416     3.20313    -1.31956    11.49297
 1262    416     3.21378    -1.31956    11.49297
 1263    416     3.22442    -1.31956    11.49297
 1266    416     3.25634    -1.31956    11.49297
 1267    416     3.26698    -1.31956    11.49297
 1804    416     8.98155    -1.31956    11.49297
 1805    416     8.99219    -1.31956    11.49297
 1806    416     9.00283    -1.31956    11.49297
 1807    416     9.01347    -1.31956    11.49297
 1808    416     9.02411    -1.31956    11.49297
 1809    416     9.03476    -1.31956    11.49297
 1810    416     9.04540    -1.31956    11.49297
 1813    416     9.07732    -1.31956    11.49297
 1814    416     9.08796    -1.31956    11.49297
 1815    416     9.09860    -1.31956    11.49297
 1816    416     9.10925    -1.31956    11.49297
 1817    416     9.11989    -1.31956    11.49297
 1818    416     9.13053    -1.31956    11.49297
 1819    416     9.14117    -1.31956    11.49297
 1820    416     9.15181    -1.31956    11.49297
  670    417    -3.06753    -1.30106    11.42390
  671    417    -3.05695    -1.30106    11.42390
  672    417    -3.04637    -1.30106    11.42390
  673    417    -3.03580    -1.30106    11.42390
  674    417    -3.02522    -1.30106    11.42390
  675    417    -3.01464    -1.30106    11.42390
  676    417    -3.00406    -1.30106    11.42390
  677    417    -2.99348    -1.30106    11.42390
  678    417    -2.98291    -1.30106    11.42390
  679    417    -2.97233    -1.30106    11.42390
  680    417    -2.96175    -1.30106    11.42390
  681    417    -2.95117    -1.30106    11.42390
  682    417    -2.94060    -1.30106    11.42390
 1243    417     2.99348    -1.30106    11.42390
 1244    417     3.00406    -1.30106    11.42390
 1245    417     3.01464    -1.30106    11.42390
 1246    417     3.02522    -1.30106    11.42390
 1248    417     3.04637    -1.30106    11.42390
 1249    417     3.05695    -1.30106    11.42390
 1250    417     3.06753    -1.30106    11.42390
 1251    417     3.07811    -1.30106    11.42390
 1252    417     3.08868    -1.30106    11.42390
 1256    417     3.13099    -1.30106    11.42390
 1262    417     3.19446    -1.30106    11.42390
 1263    417     3.20504    -1.30106    11.42390
 1264    417     3.21562    -1.30106    11.42390
 1266    417     3.23677    -1.30106    11.42390
 1267    417     3.24735    -1.30106    11.42390
 1268    417     3.25793    -1.30106    11.42390
 1806    417     8.94872    -1.30106    11.42390
 1807    417     8.95930    -1.30106    11.42390
 1808    417     8.96988    -1.30106    11.42390
 1809    417     8.98045    -1.30106    11.42390
 1810    417     8.99103    -1.30106    11.42390
 1811    417     9.00161    -1.30106    11.42390
 1812    417     9.01219    -1.30106    11.42390
 1813    417     9.02277    -1.30106    11.42390
 1816    417     9.05450    -1.30106    11.42390
 1817    417     9.06508    -1.30106    11.42390
 1818    417     9.07565    -1.30106    11.42390
 1819    417     9.08623    -1.30106    11.42390
 1820    417     9.09681    -1.30106    11.42390
 1821    417     9.10739    -1.30106    11.42390
 1822    417     9.11796    -1.30106    11.42390
 1823    417     9.12854    -1.30106    11.42390
 1824    417     9.13912    -1.30106    11.42390
  671    418    -3.03869    -1.28277    11.35565
  672    418    -3.02817    -1.28277    11.35565
  673    418    -3.01766    -1.28277    11.35565
  677    418    -2.97560    -1.28277    11.35565
  678    418    -2.96509    -1.28277    11.35565
  679    418    -2.95457    -1.28277    11.35565
  680    418    -2.94406    -1.28277    11.35565
 1243    418     2.97560    -1.28277    11.35565
 1244    418     2.98612    -1.28277    11.35565
 1245    418     2.99663    -1.28277    11.35565
 1246    418     3.00714    -1.28277    11.35565
 1247    418     3.01766    -1.28277    11.35565
 1249    418     3.03869    -1.28277    11.35565
 1250    418     3.04920    -1.28277    11.35565
 1251    418     3.05972    -1.28277    11.35565
 1252    418     3.07023    -1.28277    11.35565
 1263    418     3.18589    -1.28277    11.35565
 1264    418     3.19641    -1.28277    11.35565
 1267    418     3.22795    -1.28277    11.35565
 1268    418     3.23846    -1.28277    11.35565
 1269    418     3.24898    -1.28277    11.35565
 1809    418     8.92680    -1.28277    11.35565
 1810    418     8.93732    -1.28277    11.35565
 1811    418     8.94783    -1.28277    11.35565
 1812    418     8.95835    -1.28277    11.35565
 1813    418     8.96886    -1.28277    11.35565
 1814    418     8.97938    -1.28277    11.35565
 1815    418     8.98989    -1.28277    11.35565
 1816    418     9.00040    -1.28277    11.35565
 1819    418     9.03195    -1.28277    11.35565
 1820    418     9.04246    -1.28277    11.35565
 1821    418     9.05298    -1.28277    11.35565
 1822    418     9.06349    -1.28277    11.35565
 1823    418     9.07401    -1.28277    11.35565
 1824    418     9.08452    -1.28277    11.35565
 1825    418     9.09504    -1.28277    11.35565
 1826    418     9.10555    -1.28277    11.35565
 1244    419     2.96838    -1.26470    11.28821
 1245    419     2.97883    -1.26470    11.28821
 1246    419     2.98929    -1.26470    11.28821
 1247    419     2.99974    -1.26470    11.28821
 1248    419     3.01019    -1.26470    11.28821
 1250    419     3.03109    -1.26470    11.28821
 1251    419     3.04155    -1.26470    11.28821
 1252    419     3.05200    -1.26470    11.28821
 1263    419     3.16697    -1.26470    11.28821
 1264    419     3.17742    -1.26470    11.28821
 1268    419     3.21923    -1.26470    11.28821
 1269    419     3.22968    -1.26470    11.28821
 1270    419     3.24014    -1.26470    11.28821
 1811    419     8.89469    -1.26470    11.28821
 1812    419     8.90515    -1.26470    11.28821
 1813    419     8.91560    -1.26470    11.28821
 1814    419     8.92605    -1.26470    11.28821
 1815    419     8.93650    -1.26470    11.28821
 1816    419     8.94695    -1.26470    11.28821
 1817    419     8.95741    -1.26470    11.28821
 1818    419     8.96786    -1.26470    11.28821
 1821    419     8.99921    -1.26470    11.28821
 1822    419     9.00967    -1.26470    11.28821
 1823    419     9.02012    -1.26470    11.28821
 1824    419     9.03057    -1.26470    11.28821
 1825    419     9.04102    -1.26470    11.28821
 1826    419     9.05147    -1.26470    11.28821
 1827    419     9.06193    -1.26470    11.28821
 1828    419     9.07238    -1.26470    11.28821
 1829    419     9.08283    -1.26470    11.28821
  668    420    -3.03398    -1.24684    11.22157
  669    420    -3.02359    -1.24684    11.22157
  670    420    -3.01320    -1.24684    11.22157
  671    420    -3.00281    -1.24684    11.22157
  672    420    -2.99242    -1.24684    11.22157
  673    420    -2.98203    -1.24684    11.22157
  674    420    -2.97164    -1.24684    11.22157
 1245    420     2.96125    -1.24684    11.22157
 1246    420     2.97164    -1.24684    11.22157
 1247    420     2.98203    -1.24684    11.22157
 1248    420     2.99242    -1.24684    11.22157
 1249    420     3.00281    -1.24684    11.22157
 1252    420     3.03398    -1.24684    11.22157
 1253    420     3.04437    -1.24684    11.22157
 1264    420     3.15866    -1.24684    11.22157
 1269    420     3.21062    -1.24684    11.22157
 1270    420     3.22101    -1.24684    11.22157
 1813    420     8.86296    -1.24684    11.22157
 1814    420     8.87335    -1.24684    11.22157
 1815    420     8.88374    -1.24684    11.22157
 1816    420     8.89413    -1.24684    11.22157
 1817    420     8.90452    -1.24684    11.22157
 1818    420     8.91491    -1.24684    11.22157
 1819    420     8.92530    -1.24684    11.22157
 1820    420     8.93569    -1.24684    11.22157
 1821    420     8.94608    -1.24684    11.22157
 1824    420     8.97726    -1.24684    11.22157
 1825    420     8.98765    -1.24684    11.22157
 1826    420     8.99804    -1.24684    11.22157
 1827    420     9.00843    -1.24684    11.22157
 1828    420     9.01882    -1.24684    11.22157
 1829    420     9.02921    -1.24684    11.22157
 1830    420     9.03960    -1.24684    11.22157
  667    421    -3.02650    -1.22919    11.15571
  668    421    -3.01617    -1.22919    11.15571
  669    421    -3.00584    -1.22919    11.15571
  670    421    -2.99551    -1.22919    11.15571
  671    421    -2.98519    -1.22919    11.15571
  672    421    -2.97486    -1.22919    11.15571
  673    421    -2.96453    -1.22919    11.15571
  674    421    -2.95420    -1.22919    11.15571
  675    421    -2.94387    -1.22919    11.15571
  676    421    -2.93354    -1.22919    11.15571
 1246    421     2.95420    -1.22919    11.15571
 1247    421     2.96453    -1.22919    11.15571
 1248    421     2.97486    -1.22919    11.15571
 1249    421     2.98519    -1.22919    11.15571
 1252    421     3.01617    -1.22919    11.15571
 1253    421     3.02650    -1.22919    11.15571
 1266    421     3.16078    -1.22919    11.15571
 1267    421     3.17111    -1.22919    11.15571
 1816    421     8.84193    -1.22919    11.15571
 1817    421     8.85226    -1.22919    11.15571
 1818    421     8.86259    -1.22919    11.15571
 1819    421     8.87292    -1.22919    11.15571
 1820    421     8.88325    -1.22919    11.15571
 1821    421     8.89358    -1.22919    11.15571
 1822    421     8.90391    -1.22919    11.15571
 1823    421     8.91424    -1.22919    11.15571
 1824    421     8.92457    -1.22919    11.15571
 1826    421     8.94523    -1.22919    11.15571
 1827    421     8.95556    -1.22919    11.15571
 1828    421     8.96589    -1.22919    11.15571
 1829    421     8.97621    -1.22919    11.15571
 1830    421     8.98654    -1.22919    11.15571
 1831    421     8.99687    -1.22919    11.15571
 1832    421     9.00720    -1.22919    11.15571
 1833    421     9.01753    -1.22919    11.15571
  666    422    -3.01911    -1.21175    11.09062
  667    422    -3.00884    -1.21175    11.09062
  668    422    -2.99857    -1.21175    11.09062
  669    422    -2.98831    -1.21175    11.09062
  670    422    -2.97804    -1.21175    11.09062
  671    422    -2.96777    -1.21175    11.09062
  672    422    -2.95750    -1.21175    11.09062
  673    422    -2.94723    -1.21175    11.09062
  674    422    -2.93696    -1.21175    11.09062
  675    422    -2.92669    -1.21175    11.09062
  676    422    -2.91642    -1.21175    11.09062
 1247    422     2.94723    -1.21175    11.09062
 1248    422     2.95750    -1.21175    11.09062
 1249    422     2.96777    -1.21175    11.09062
 1250    422     2.97804    -1.21175    11.09062
 1252    422     2.99857    -1.21175    11.09062
 1253    422     3.00884    -1.21175    11.09062
 1254    422     3.01911    -1.21175    11.09062
 1267    422     3.15261    -1.21175    11.09062
 1268    422     3.16288    -1.21175    11.09062
 1819    422     8.82115    -1.21175    11.09062
 1820    422     8.83142    -1.21175    11.09062
 1821    422     8.84169    -1.21175    11.09062
 1822    422     8.85196    -1.21175    11.09062
 1823    422     8.86223    -1.21175    11.09062
 1824    422     8.87249    -1.21175    11.09062
 1825    422     8.88276    -1.21175    11.09062
 1826    422     8.89303    -1.21175    11.09062
 1829    422     8.92384    -1.21175    11.09062
 1830    422     8.93411    -1.21175    11.09062
 1831    422     8.94438    -1.21175    11.09062
 1832    422     8.95465    -1.21175    11.09062
 1833    422     8.96492    -1.21175    11.09062
 1834    422     8.97519    -1.21175    11.09062
 1835    422     8.98545    -1.21175    11.09062
 1836    422     8.99572    -1.21175    11.09062
  666    423    -3.00160    -1.19451    11.02628
  667    423    -2.99139    -1.19451    11.02628
  668    423    -2.98118    -1.19451    11.02628
  669    423    -2.97097    -1.19451    11.02628
  670    423    -2.96076    -1.19451    11.02628
  671    423    -2.95055    -1.19451    11.02628
  672    423    -2.94034    -1.19451    11.02628
  673    423    -2.93013    -1.19451    11.02628
  674    423    -2.91992    -1.19451    11.02628
  675    423    -2.90971    -1.19451    11.02628
  676    423    -2.89950    -1.19451    11.02628
 1248    423     2.94034    -1.19451    11.02628
 1249    423     2.95055    -1.19451    11.02628
 1250    423     2.96076    -1.19451    11.02628
 1251    423     2.97097    -1.19451    11.02628
 1253    423     2.99139    -1.19451    11.02628
 1254    423     3.00160    -1.19451    11.02628
 1255    423     3.01181    -1.19451    11.02628
 1256    423     3.02202    -1.19451    11.02628
 1257    423     3.03223    -1.19451    11.02628
 1258    423     3.04244    -1.19451    11.02628
 1821    423     8.79040    -1.19451    11.02628
 1822    423     8.80061    -1.19451    11.02628
 1823    423     8.81082    -1.19451    11.02628
 1824    423     8.82103    -1.19451    11.02628
 1825    423     8.83124    -1.19451    11.02628
 1826    423     8.84144    -1.19451    11.02628
 1827    423     8.85165    -1.19451    11.02628
 1828    423     8.86186    -1.19451    11.02628
 1832    423     8.90270    -1.19451    11.02628
 1833    423     8.91291    -1.19451    11.02628
 1834    423     8.92312    -1.19451    11.02628
 1835    423     8.93333    -1.19451    11.02628
 1836    423     8.94354    -1.19451    11.02628
 1837    423     8.95375    -1.19451    11.02628
 1838    423     8.96396    -1.19451    11.02628
  666    424    -2.98429    -1.17747    10.96269
  667    424    -2.97414    -1.17747    10.96269
  668    424    -2.96399    -1.17747    10.96269
  669    424    -2.95384    -1.17747    10.96269
  670    424    -2.94368    -1.17747    10.96269
  672    424    -2.92338    -1.17747    10.96269
  673    424    -2.91323    -1.17747    10.96269
  674    424    -2.90308    -1.17747    10.96269
  675    424    -2.89293    -1.17747    10.96269
  676    424    -2.88278    -1.17747    10.96269
 1249    424     2.93353    -1.17747    10.96269
 1250    424     2.94368    -1.17747    10.96269
 1251    424     2.95384    -1.17747    10.96269
 1252    424     2.96399    -1.17747    10.96269
 1254    424     2.98429    -1.17747    10.96269
 1255    424     2.99444    -1.17747    10.96269
 1256    424     3.00459    -1.17747    10.96269
 1257    424     3.01474    -1.17747    10.96269
 1258    424     3.02489    -1.17747    10.96269
 1259    424     3.03504    -1.17747    10.96269
 1823    424     8.76000    -1.17747    10.96269
 1824    424     8.77015    -1.17747    10.96269
 1825    424     8.78030    -1.17747    10.96269
 1826    424     8.79045    -1.17747    10.96269
 1827    424     8.80060    -1.17747    10.96269
 1828    424     8.81075    -1.17747    10.96269
 1829    424     8.82090    -1.17747    10.96269
 1830    424     8.83105    -1.17747    10.96269
 1831    424     8.84120    -1.17747    10.96269
 1834    424     8.87166    -1.17747    10.96269
 1835    424     8.88181    -1.17747    10.96269
 1836    424     8.89196    -1.17747    10.96269
 1837    424     8.90211    -1.17747    10.96269
 1838    424     8.91226    -1.17747    10.96269
 1839    424     8.92241    -1.17747    10.96269
 1840    424     8.93256    -1.17747    10.96269
 1841    424     8.94271    -1.17747    10.96269
  667    425    -2.95708    -1.16063    10.89982
  668    425    -2.94699    -1.16063    10.89982
  669    425    -2.93690    -1.16063    10.89982
  670    425    -2.92680    -1.16063    10.89982
  671    425    -2.91671    -1.16063    10.89982
  672    425    -2.90662    -1.16063    10.89982
  673    425    -2.89653    -1.16063    10.89982
  674    425    -2.88643    -1.16063    10.89982
  675    425    -2.87634    -1.16063    10.89982
 1250    425     2.92680    -1.16063    10.89982
 1251    425     2.93690    -1.16063    10.89982
 1252    425     2.94699    -1.16063    10.89982
 1253    425     2.95708    -1.16063    10.89982
 1256    425     2.98736    -1.16063    10.89982
 1257    425     2.99745    -1.16063    10.89982
 1258    425     3.00754    -1.16063    10.89982
 1259    425     3.01764    -1.16063    10.89982
 1260    425     3.02773    -1.16063    10.89982
 1827    425     8.75014    -1.16063    10.89982
 1828    425     8.76023    -1.16063    10.89982
 1829    425     8.77032    -1.16063    10.89982
 1830    425     8.78041    -1.16063    10.89982
 1831    425     8.79051    -1.16063    10.89982
 1832    425     8.80060    -1.16063    10.89982
 1833    425     8.81069    -1.16063    10.89982
 1834    425     8.82078    -1.16063    10.89982
 1837    425     8.85106    -1.16063    10.89982
 1838    425     8.86115    -1.16063    10.89982
 1839    425     8.87125    -1.16063    10.89982
 1840    425     8.88134    -1.16063    10.89982
 1841    425     8.89143    -1.16063    10.89982
 1842    425     8.90152    -1.16063    10.89982
 1843    425     8.91161    -1.16063    10.89982
 1844    425     8.92171    -1.16063    10.89982
  667    426    -2.94022    -1.14398    10.83768
  668    426    -2.93019    -1.14398    10.83768
  669    426    -2.92015    -1.14398    10.83768
  670    426    -2.91012    -1.14398    10.83768
  671    426    -2.90008    -1.14398    10.83768
  672    426    -2.89005    -1.14398    10.83768
  673    426    -2.88001    -1.14398    10.83768
  674    426    -2.86998    -1.14398    10.83768
  675    426    -2.85994    -1.14398    10.83768
 1250    426     2.91012    -1.14398    10.83768
 1251    426     2.92015    -1.14398    10.83768
 1252    426     2.93019    -1.14398    10.83768
 1253    426     2.94022    -1.14398    10.83768
 1254    426     2.95026    -1.14398    10.83768
 1257    426     2.98036    -1.14398    10.83768
 1258    426     2.99040    -1.14398    10.83768
 1259    426     3.00043    -1.14398    10.83768
 1260    426     3.01047    -1.14398    10.83768
 1261    426     3.02050    -1.14398    10.83768
 1262    426     3.03054    -1.14398    10.83768
 1829    426     8.72031    -1.14398    10.83768
 1830    426     8.73035    -1.14398    10.83768
 1831    426     8.74038    -1.14398    10.83768
 1832    426     8.75042    -1.14398    10.83768
 1833    426     8.76045    -1.14398    10.83768
 1834    426     8.77049    -1.14398    10.83768
 1835    426     8.78052    -1.14398    10.83768
 1836    426     8.79056    -1.14398    10.83768
 1840    426     8.83070    -1.14398    10.83768
 1841    426     8.84073    -1.14398    10.83768
 1842    426     8.85077    -1.14398    10.83768
 1843    426     8.86080    -1.14398    10.83768
 1844    426     8.87084    -1.14398    10.83768
 1845    426     8.88087    -1.14398    10.83768
 1846    426     8.89091    -1.14398    10.83768
 1847    426     8.90094    -1.14398    10.83768
  668    427    -2.91357    -1.12751    10.77623
  669    427    -2.90360    -1.12751    10.77623
  670    427    -2.89362    -1.12751    10.77623
  671    427    -2.88364    -1.12751    10.77623
  672    427    -2.87366    -1.12751    10.77623
  673    427    -2.86368    -1.12751    10.77623
  674    427    -2.85371    -1.12751    10.77623
 1251    427     2.90360    -1.12751    10.77623
 1252    427     2.91357    -1.12751    10.77623
 1253    427     2.92355    -1.12751    10.77623
 1254    427     2.93353    -1.12751    10.77623
 1255    427     2.94351    -1.12751    10.77623
 1257    427     2.96346    -1.12751    10.77623
 1258    427     2.97344    -1.12751    10.77623
 1259    427     2.98342    -1.12751    10.77623
 1260    427     2.99340    -1.12751    10.77623
 1261    427     3.00338    -1.12751    10.77623
 1262    427     3.01335    -1.12751    10.77623
 1263    427     3.02333    -1.12751    10.77623
 1270    427     3.09318    -1.12751    10.77623
 1273    427     3.12311    -1.12751    10.77623
 1832    427     8.70081    -1.12751    10.77623
 1833    427     8.71079    -1.12751    10.77623
 1834    427     8.72077    -1.12751    10.77623
 1835    427     8.73074    -1.12751    10.77623
 1836    427     8.74072    -1.12751    10.77623
 1837    427     8.75070    -1.12751    10.77623
 1838    427     8.76068    -1.12751    10.77623
 1839    427     8.77066    -1.12751    10.77623
 1842    427     8.80059    -1.12751    10.77623
 1843    427     8.81057    -1.12751    10.77623
 1844    427     8.82055    -1.12751    10.77623
 1845    427     8.83052    -1.12751    10.77623
 1846    427     8.84050    -1.12751    10.77623
 1847    427     8.85048    -1.12751    10.77623
 1848    427     8.86046    -1.12751    10.77623
 1849    427     8.87044    -1.12751    10.77623
  668    428    -2.89715    -1.11124    10.71548
  669    428    -2.88723    -1.11124    10.71548
  670    428    -2.87731    -1.11124    10.71548
  671    428    -2.86738    -1.11124    10.71548
  672    428    -2.85746    -1.11124    10.71548
  673    428    -2.84754    -1.11124    10.71548
 1253    428     2.90707    -1.11124    10.71548
 1254    428     2.91699    -1.11124    10.71548
 1255    428     2.92691    -1.11124    10.71548
 1256    428     2.93684    -1.11124    10.71548
 1258    428     2.95668    -1.11124    10.71548
 1259    428     2.96660    -1.11124    10.71548
 1260    428     2.97652    -1.11124    10.71548
 1261    428     2.98644    -1.11124    10.71548
 1262    428     2.99637    -1.11124    10.71548
 1263    428     3.00629    -1.11124    10.71548
 1835    428     8.68152    -1.11124    10.71548
 1836    428     8.69145    -1.11124    10.71548
 1837    428     8.70137    -1.11124    10.71548
 1838    428     8.71129    -1.11124    10.71548
 1839    428     8.72121    -1.11124    10.71548
 1840    428     8.73113    -1.11124    10.71548
 1841    428     8.74105    -1.11124    10.71548
 1842    428     8.75098    -1.11124    10.71548
 1845    428     8.78074    -1.11124    10.71548
 1846    428     8.79066    -1.11124    10.71548
 1847    428     8.80059    -1.11124    10.71548
 1848    428     8.81051    -1.11124    10.71548
 1849    428     8.82043    -1.11124    10.71548
 1850    428     8.83035    -1.11124    10.71548
  670    429    -2.86118    -1.09514    10.65541
  671    429    -2.85131    -1.09514    10.65541
  672    429    -2.84144    -1.09514    10.65541
 1253    429     2.89077    -1.09514    10.65541
 1254    429     2.90064    -1.09514    10.65541
 1255    429     2.91051    -1.09514    10.65541
 1256    429     2.92037    -1.09514    10.65541
 1257    429     2.93024    -1.09514    10.65541
 1259    429     2.94997    -1.09514    10.65541
 1260    429     2.95984    -1.09514    10.65541
 1261    429     2.96970    -1.09514    10.65541
 1262    429     2.97957    -1.09514    10.65541
 1263    429     2.98944    -1.09514    10.65541
 1264    429     2.99930    -1.09514    10.65541
 1270    429     3.05850    -1.09514    10.65541
 1838    429     8.66246    -1.09514    10.65541
 1839    429     8.67232    -1.09514    10.65541
 1840    429     8.68219    -1.09514    10.65541
 1841    429     8.69205    -1.09514    10.65541
 1842    429     8.70192    -1.09514    10.65541
 1843    429     8.71179    -1.09514    10.65541
 1844    429     8.72165    -1.09514    10.65541
 1847    429     8.75125    -1.09514    10.65541
 1848    429     8.76112    -1.09514    10.65541
 1849    429     8.77098    -1.09514    10.65541
 1850    429     8.78085    -1.09514    10.65541
 1851    429     8.79072    -1.09514    10.65541
 1852    429     8.80058    -1.09514    10.65541
 1853    429     8.81045    -1.09514    10.65541
  662    430    -2.92371    -1.07922    10.59601
  663    430    -2.91390    -1.07922    10.59601
  664    430    -2.90409    -1.07922    10.59601
  665    430    -2.89428    -1.07922    10.59601
  666    430    -2.88447    -1.07922    10.59601
  667    430    -2.87466    -1.07922    10.59601
  668    430    -2.86485    -1.07922    10.59601
 1254    430     2.88447    -1.07922    10.59601
 1255    430     2.89428    -1.07922    10.59601
 1256    430     2.90409    -1.07922    10.59601
 1257    430     2.91390    -1.07922    10.59601
 1258    430     2.92371    -1.07922    10.59601
 1261    430     2.95315    -1.07922    10.59601
 1262    430     2.96296    -1.07922    10.59601
 1263    430     2.97277    -1.07922    10.59601
 1264    430     2.98258    -1.07922    10.59601
 1840    430     8.63379    -1.07922    10.59601
 1841    430     8.64360    -1.07922    10.59601
 1842    430     8.65341    -1.07922    10.59601
 1843    430     8.66322    -1.07922    10.59601
 1844    430     8.67303    -1.07922    10.59601
 1845    430     8.68284    -1.07922    10.59601
 1846    430     8.69265    -1.07922    10.59601
 1847    430     8.70247    -1.07922    10.59601
 1850    430     8.73190    -1.07922    10.59601
 1851    430     8.74171    -1.07922    10.59601
 1852    430     8.75152    -1.07922    10.59601
 1853    430     8.76133    -1.07922    10.59601
 1854    430     8.77114    -1.07922    10.59601
 1855    430     8.78095    -1.07922    10.59601
 1856    430     8.79077    -1.07922    10.59601
 1857    430     8.80058    -1.07922    10.59601
 1858    430     8.81039    -1.07922    10.59601
  660    431    -2.92702    -1.06348    10.53727
  661    431    -2.91726    -1.06348    10.53727
  662    431    -2.90751    -1.06348    10.53727
  663    431    -2.89775    -1.06348    10.53727
  664    431    -2.88799    -1.06348    10.53727
  665    431    -2.87824    -1.06348    10.53727
  666    431    -2.86848    -1.06348    10.53727
  667    431    -2.85872    -1.06348    10.53727
  668    431    -2.84897    -1.06348    10.53727
  669    431    -2.83921    -1.06348    10.53727
 1255    431     2.87824    -1.06348    10.53727
 1256    431     2.88799    -1.06348    10.53727
 1257    431     2.89775    -1.06348    10.53727
 1258    431     2.90751    -1.06348    10.53727
 1259    431     2.91726    -1.06348    10.53727
 1261    431     2.93678    -1.06348    10.53727
 1262    431     2.94653    -1.06348    10.53727
 1263    431     2.95629    -1.06348    10.53727
 1264    431     2.96605    -1.06348    10.53727
 1842    431     8.60544    -1.06348    10.53727
 1843    431     8.61520    -1.06348    10.53727
 1844    431     8.62495    -1.06348    10.53727
 1845    431     8.63471    -1.06348    10.53727
 1846    431     8.64447    -1.06348    10.53727
 1847    431     8.65422    -1.06348    10.53727
 1848    431     8.66398    -1.06348    10.53727
 1849    431     8.67374    -1.06348    10.53727
 1853    431     8.71276    -1.06348    10.53727
 1854    431     8.72252    -1.06348    10.53727
 1855    431     8.73228    -1.06348    10.53727
 1856    431     8.74203    -1.06348    10.53727
 1857    431     8.75179    -1.06348    10.53727
 1858    431     8.76155    -1.06348    10.53727
 1859    431     8.77130    -1.06348    10.53727
 1860    431     8.78106    -1.06348    10.53727
 1861    431     8.79082    -1.06348    10.53727
  659    432    -2.92059    -1.04792    10.47918
  660    432    -2.91088    -1.04792    10.47918
  661    432    -2.90118    -1.04792    10.47918
  662    432    -2.89148    -1.04792    10.47918
  663    432    -2.88177    -1.04792    10.47918
  664    432    -2.87207    -1.04792    10.47918
  665    432    -2.86237    -1.04792    10.47918
  666    432    -2.85267    -1.04792    10.47918
  667    432    -2.84296    -1.04792    10.47918
  668    432    -2.83326    -1.04792    10.47918
  669    432    -2.82356    -1.04792    10.47918
 1256    432     2.87207    -1.04792    10.47918
 1257    432     2.88177    -1.04792    10.47918
 1258    432     2.89148    -1.04792    10.47918
 1259    432     2.90118    -1.04792    10.47918
 1262    432     2.93029    -1.04792    10.47918
 1263    432     2.93999    -1.04792    10.47918
 1264    432     2.94969    -1.04792    10.47918
 1276    432     3.06613    -1.04792    10.47918
 1845    432     8.58710    -1.04792    10.47918
 1846    432     8.59681    -1.04792    10.47918
 1847    432     8.60651    -1.04792    10.47918
 1848    432     8.61621    -1.04792    10.47918
 1849    432     8.62592    -1.04792    10.47918
 1850    432     8.63562    -1.04792    10.47918
 1851    432     8.64532    -1.04792    10.47918
 1852    432     8.65502    -1.04792    10.47918
 1855    432     8.68413    -1.04792    10.47918
 1856    432     8.69384    -1.04792    10.47918
 1857    432     8.70354    -1.04792    10.47918
 1858    432     8.71324    -1.04792    10.47918
 1859    432     8.72295    -1.04792    10.47918
 1860    432     8.73265    -1.04792    10.47918
 1861    432     8.74235    -1.04792    10.47918
 1862    432     8.75205    -1.04792    10.47918
  658    433    -2.91422    -1.03252    10.42172
  659    433    -2.90457    -1.03252    10.42172
  660    433    -2.89492    -1.03252    10.42172
  661    433    -2.88527    -1.03252    10.42172
  662    433    -2.87562    -1.03252    10.42172
  663    433    -2.86597    -1.03252    10.42172
  664    433    -2.85632    -1.03252    10.42172
  665    433    -2.84667    -1.03252    10.42172
  666    433    -2.83702    -1.03252    10.42172
  667    433    -2.82737    -1.03252    10.42172
  668    433    -2.81772    -1.03252    10.42172
  669    433    -2.80808    -1.03252    10.42172
 1257    433     2.86597    -1.03252    10.42172
 1258    433     2.87562    -1.03252    10.42172
 1259    433     2.88527    -1.03252    10.42172
 1260    433     2.89492    -1.03252    10.42172
 1262    433     2.91422    -1.03252    10.42172
 1263    433     2.92387    -1.03252    10.42172
 1264    433     2.93352    -1.03252    10.42172
 1849    433     8.57862    -1.03252    10.42172
 1850    433     8.58827    -1.03252    10.42172
 1851    433     8.59792    -1.03252    10.42172
 1852    433     8.60757    -1.03252    10.42172
 1853    433     8.61722    -1.03252    10.42172
 1854    433     8.62687    -1.03252    10.42172
 1855    433     8.63652    -1.03252    10.42172
 1858    433     8.66547    -1.03252    10.42172
 1859    433     8.67512    -1.03252    10.42172
 1860    433     8.68477    -1.03252    10.42172
 1861    433     8.69442    -1.03252    10.42172
 1862    433     8.70407    -1.03252    10.42172
 1863    433     8.71372    -1.03252    10.42172
  658    434    -2.89833    -1.01729    10.36489
  659    434    -2.88873    -1.01729    10.36489
  660    434    -2.87914    -1.01729    10.36489
  661    434    -2.86954    -1.01729    10.36489
  662    434    -2.85994    -1.01729    10.36489
  663    434    -2.85035    -1.01729    10.36489
  664    434    -2.84075    -1.01729    10.36489
  665    434    -2.83115    -1.01729    10.36489
  666    434    -2.82155    -1.01729    10.36489
  667    434    -2.81196    -1.01729    10.36489
  668    434    -2.80236    -1.01729    10.36489
 1258    434     2.85994    -1.01729    10.36489
 1259    434     2.86954    -1.01729    10.36489
 1260    434     2.87914    -1.01729    10.36489
 1261    434     2.88873    -1.01729    10.36489
 1263    434     2.90793    -1.01729    10.36489
 1264    434     2.91753    -1.01729    10.36489
 1265    434     2.92712    -1.01729    10.36489
 1852    434     8.56063    -1.01729    10.36489
 1853    434     8.57023    -1.01729    10.36489
 1854    434     8.57983    -1.01729    10.36489
 1855    434     8.58942    -1.01729    10.36489
 1856    434     8.59902    -1.01729    10.36489
 1857    434     8.60862    -1.01729    10.36489
 1858    434     8.61822    -1.01729    10.36489
 1861    434     8.64701    -1.01729    10.36489
 1862    434     8.65660    -1.01729    10.36489
 1863    434     8.66620    -1.01729    10.36489
 1864    434     8.67580    -1.01729    10.36489
  658    435    -2.88261    -1.00223    10.30868
  659    435    -2.87307    -1.00223    10.30868
  660    435    -2.86352    -1.00223    10.30868
  661    435    -2.85398    -1.00223    10.30868
  663    435    -2.83489    -1.00223    10.30868
  664    435    -2.82534    -1.00223    10.30868
  665    435    -2.81580    -1.00223    10.30868
  666    435    -2.80625    -1.00223    10.30868
  667    435    -2.79671    -1.00223    10.30868
 1259    435     2.85398    -1.00223    10.30868
 1260    435     2.86352    -1.00223    10.30868
 1261    435     2.87307    -1.00223    10.30868
 1263    435     2.89216    -1.00223    10.30868
 1264    435     2.90170    -1.00223    10.30868
 1265    435     2.91125    -1.00223    10.30868
 1266    435     2.92079    -1.00223    10.30868
 1284    435     3.09260    -1.00223    10.30868
 1854    435     8.53330    -1.00223    10.30868
 1855    435     8.54284    -1.00223    10.30868
 1856    435     8.55239    -1.00223    10.30868
 1857    435     8.56193    -1.00223    10.30868
 1858    435     8.57148    -1.00223    10.30868
 1859    435     8.58102    -1.00223    10.30868
 1860    435     8.59057    -1.00223    10.30868
 1861    435     8.60011    -1.00223    10.30868
 1864    435     8.62875    -1.00223    10.30868
  645    436    -2.99048    -0.98733    10.25307
  657    436    -2.87656    -0.98733    10.25307
  658    436    -2.86706    -0.98733    10.25307
  659    436    -2.85757    -0.98733    10.25307
  660    436    -2.84808    -0.98733    10.25307
  661    436    -2.83858    -0.98733    10.25307
  662    436    -2.82909    -0.98733    10.25307
  663    436    -2.81959    -0.98733    10.25307
  664    436    -2.81010    -0.98733    10.25307
  665    436    -2.80061    -0.98733    10.25307
  666    436    -2.79111    -0.98733    10.25307
  667    436    -2.78162    -0.98733    10.25307
 1259    436     2.83858    -0.98733    10.25307
 1260    436     2.84808    -0.98733    10.25307
 1261    436     2.85757    -0.98733    10.25307
 1262    436     2.86706    -0.98733    10.25307
 1264    436     2.88605    -0.98733    10.25307
 1265    436     2.89554    -0.98733    10.25307
 1266    436     2.90504    -0.98733    10.25307
 1285    436     3.08542    -0.98733    10.25307
 1856    436     8.50625    -0.98733    10.25307
 1857    436     8.51575    -0.98733    10.25307
 1858    436     8.52524    -0.98733    10.25307
 1859    436     8.53473    -0.98733    10.25307
 1860    436     8.54423    -0.98733    10.25307
 1861    436     8.55372    -0.98733    10.25307
 1862    436     8.56321    -0.98733    10.25307
  643    437    -2.99332    -0.97259    10.19806
  644    437    -2.98388    -0.97259    10.19806
  645    437    -2.97443    -0.97259    10.19806
  646    437    -2.96499    -0.97259    10.19806
  647    437    -2.95555    -0.97259    10.19806
  657    437    -2.86112    -0.97259    10.19806
  658    437    -2.85168    -0.97259    10.19806
  659    437    -2.84224    -0.97259    10.19806
  660    437    -2.83279    -0.97259    10.19806
  661    437    -2.82335    -0.97259    10.19806
  662    437    -2.81391    -0.97259    10.19806
  663    437    -2.80447    -0.97259    10.19806
  664    437    -2.79502    -0.97259    10.19806
  665    437    -2.78558    -0.97259    10.19806
  666    437    -2.77614    -0.97259    10.19806
 1260    437     2.83279    -0.97259    10.19806
 1261    437     2.84224    -0.97259    10.19806
 1262    437     2.85168    -0.97259    10.19806
 1263    437     2.86112    -0.97259    10.19806
 1265    437     2.88001    -0.97259    10.19806
 1266    437     2.88945    -0.97259    10.19806
 1267    437     2.89889    -0.97259    10.19806
 1286    437     3.07830    -0.97259    10.19806
 1859    437     8.48894    -0.97259    10.19806
 1860    437     8.49838    -0.97259    10.19806
 1861    437     8.50783    -0.97259    10.19806
 1862    437     8.51727    -0.97259    10.19806
 1863    437     8.52671    -0.97259    10.19806
 1870    437     8.59281    -0.97259    10.19806
 1871    437     8.60225    -0.97259    10.19806
 1872    437     8.61170    -0.97259    10.19806
 1873    437     8.62114    -0.97259    10.19806
 1874    437     8.63058    -0.97259    10.19806
 1875    437     8.64002    -0.97259    10.19806
 1876    437     8.64947    -0.97259    10.19806
  643    438    -2.97735    -0.95801    10.14364
  644    438    -2.96795    -0.95801    10.14364
  645    438    -2.95856    -0.95801    10.14364
  646    438    -2.94917    -0.95801    10.14364
  647    438    -2.93978    -0.95801    10.14364
  649    438    -2.92099    -0.95801    10.14364
  650    438    -2.91160    -0.95801    10.14364
  651    438    -2.90221    -0.95801    10.14364
  652    438    -2.89282    -0.95801    10.14364
  653    438    -2.88342    -0.95801    10.14364
  654    438    -2.87403    -0.95801    10.14364
  655    438    -2.86464    -0.95801    10.14364
  656    438    -2.85525    -0.95801    10.14364
  657    438    -2.84585    -0.95801    10.14364
  658    438    -2.83646    -0.95801    10.14364
  659    438    -2.82707    -0.95801    10.14364
  660    438    -2.81768    -0.95801    10.14364
  661    438    -2.80829    -0.95801    10.14364
  662    438    -2.79889    -0.95801    10.14364
  663    438    -2.78950    -0.95801    10.14364
  664    438    -2.78011    -0.95801    10.14364
  665    438    -2.77072    -0.95801    10.14364
 1261    438     2.82707    -0.95801    10.14364
 1262    438     2.83646    -0.95801    10.14364
 1263    438     2.84585    -0.95801    10.14364
 1264    438     2.85525    -0.95801    10.14364
 1266    438     2.87403    -0.95801    10.14364
 1267    438     2.88342    -0.95801    10.14364
 1268    438     2.89282    -0.95801    10.14364
 1872    438     8.56574    -0.95801    10.14364
 1873    438     8.57513    -0.95801    10.14364
 1874    438     8.58452    -0.95801    10.14364
 1875    438     8.59392    -0.95801    10.14364
 1876    438     8.60331    -0.95801    10.14364
 1877    438     8.61270    -0.95801    10.14364
 1878    438     8.62209    -0.95801    10.14364
 1879    438     8.63149    -0.95801    10.14364
  642    439    -2.97088    -0.94358    10.08979
  643    439    -2.96154    -0.94358    10.08979
  644    439    -2.95220    -0.94358    10.08979
  646    439    -2.93351    -0.94358    10.08979
  649    439    -2.90549    -0.94358    10.08979
  650    439    -2.89614    -0.94358    10.08979
  651    439    -2.88680    -0.94358    10.08979
  652    439    -2.87746    -0.94358    10.08979
  653    439    -2.86812    -0.94358    10.08979
  654    439    -2.85877    -0.94358    10.08979
  655    439    -2.84943    -0.94358    10.08979
  656    439    -2.84009    -0.94358    10.08979
  657    439    -2.83075    -0.94358    10.08979
  658    439    -2.82141    -0.94358    10.08979
  659    439    -2.81206    -0.94358    10.08979
  661    439    -2.79338    -0.94358    10.08979
  662    439    -2.78404    -0.94358    10.08979
  663    439    -2.77469    -0.94358    10.08979
  664    439    -2.76535    -0.94358    10.08979
 1262    439     2.82141    -0.94358    10.08979
 1263    439     2.83075    -0.94358    10.08979
 1264    439     2.84009    -0.94358    10.08979
 1265    439     2.84943    -0.94358    10.08979
 1267    439     2.86812    -0.94358    10.08979
 1268    439     2.87746    -0.94358    10.08979
 1869    439     8.49224    -0.94358    10.08979
 1873    439     8.52961    -0.94358    10.08979
 1874    439     8.53895    -0.94358    10.08979
 1875    439     8.54830    -0.94358    10.08979
 1876    439     8.55764    -0.94358    10.08979
 1877    439     8.56698    -0.94358    10.08979
 1878    439     8.57632    -0.94358    10.08979
 1879    439     8.58567    -0.94358    10.08979
 1880    439     8.59501    -0.94358    10.08979
 1881    439     8.60435    -0.94358    10.08979
 1882    439     8.61369    -0.94358    10.08979
  641    440    -2.96449    -0.92931    10.03652
  642    440    -2.95520    -0.92931    10.03652
  643    440    -2.94590    -0.92931    10.03652
  645    440    -2.92732    -0.92931    10.03652
  646    440    -2.91802    -0.92931    10.03652
  648    440    -2.89944    -0.92931    10.03652
  649    440    -2.89015    -0.92931    10.03652
  650    440    -2.88085    -0.92931    10.03652
  651    440    -2.87156    -0.92931    10.03652
  652    440    -2.86227    -0.92931    10.03652
  653    440    -2.85297    -0.92931    10.03652
  654    440    -2.84368    -0.92931    10.03652
  655    440    -2.83439    -0.92931    10.03652
  656    440    -2.82509    -0.92931    10.03652
  657    440    -2.81580    -0.92931    10.03652
  658    440    -2.80651    -0.92931    10.03652
  660    440    -2.78792    -0.92931    10.03652
  661    440    -2.77863    -0.92931    10.03652
  662    440    -2.76934    -0.92931    10.03652
  663    440    -2.76004    -0.92931    10.03652
 1262    440     2.80651    -0.92931    10.03652
 1263    440     2.81580    -0.92931    10.03652
 1264    440     2.82509    -0.92931    10.03652
 1265    440     2.83439    -0.92931    10.03652
 1267    440     2.85297    -0.92931    10.03652
 1268    440     2.86227    -0.92931    10.03652
 1269    440     2.87156    -0.92931    10.03652
 1289    440     3.05742    -0.92931    10.03652
 1870    440     8.45669    -0.92931    10.03652
 1871    440     8.46599    -0.92931    10.03652
 1872    440     8.47528    -0.92931    10.03652
 1873    440     8.48457    -0.92931    10.03652
 1874    440     8.49387    -0.92931    10.03652
 1877    440     8.52175    -0.92931    10.03652
 1878    440     8.53104    -0.92931    10.03652
 1879    440     8.54033    -0.92931    10.03652
 1880    440     8.54963    -0.92931    10.03652
 1881    440     8.55892    -0.92931    10.03652
 1882    440     8.56821    -0.92931    10.03652
 1883    440     8.57750    -0.92931    10.03652
  640    441    -2.95816    -0.91518     9.98380
  641    441    -2.94892    -0.91518     9.98380
  642    441    -2.93967    -0.91518     9.98380
  645    441    -2.91194    -0.91518     9.98380
  648    441    -2.88421    -0.91518     9.98380
  649    441    -2.87496    -0.91518     9.98380
  650    441    -2.86572    -0.91518     9.98380
  651    441    -2.85648    -0.91518     9.98380
  652    441    -2.84723    -0.91518     9.98380
  653    441    -2.83799    -0.91518     9.98380
  654    441    -2.82874    -0.91518     9.98380
  655    441    -2.81950    -0.91518     9.98380
  656    441    -2.81025    -0.91518     9.98380
  657    441    -2.80101    -0.91518     9.98380
  658    441    -2.79177    -0.91518     9.98380
  660    441    -2.77328    -0.91518     9.98380
  661    441    -2.76403    -0.91518     9.98380
  662    441    -2.75479    -0.91518     9.98380
 1263    441     2.80101    -0.91518     9.98380
 1264    441     2.81025    -0.91518     9.98380
 1265    441     2.81950    -0.91518     9.98380
 1266    441     2.82874    -0.91518     9.98380
 1268    441     2.84723    -0.91518     9.98380
 1269    441     2.85648    -0.91518     9.98380
 1270    441     2.86572    -0.91518     9.98380
 1271    441     2.87496    -0.91518     9.98380
 1289    441     3.04136    -0.91518     9.98380
 1290    441     3.05061    -0.91518     9.98380
 1291    441     3.05985    -0.91518     9.98380
 1871    441     8.42152    -0.91518     9.98380
 1872    441     8.43076    -0.91518     9.98380
 1873    441     8.44001    -0.91518     9.98380
 1874    441     8.44925    -0.91518     9.98380
 1875    441     8.45850    -0.91518     9.98380
 1876    441     8.46774    -0.91518     9.98380
 1880    441     8.50472    -0.91518     9.98380
 1881    441     8.51396    -0.91518     9.98380
 1882    441     8.52321    -0.91518     9.98380
 1883    441     8.53245    -0.91518     9.98380
 1884    441     8.54170    -0.91518     9.98380
  640    442    -2.94271    -0.90120     9.93163
  641    442    -2.93351    -0.90120     9.93163
  642    442    -2.92431    -0.90120     9.93163
  644    442    -2.90592    -0.90120     9.93163
  645    442    -2.89673    -0.90120     9.93163
  647    442    -2.87833    -0.90120     9.93163
  648    442    -2.86914    -0.90120     9.93163
  649    442    -2.85994    -0.90120     9.93163
  650    442    -2.85075    -0.90120     9.93163
  651    442    -2.84155    -0.90120     9.93163
  652    442    -2.83235    -0.90120     9.93163
  653    442    -2.82316    -0.90120     9.93163
  654    442    -2.81396    -0.90120     9.93163
  655    442    -2.80477    -0.90120     9.93163
  656    442    -2.79557    -0.90120     9.93163
  657    442    -2.78638    -0.90120     9.93163
  658    442    -2.77718    -0.90120     9.93163
  659    442    -2.76798    -0.90120     9.93163
  660    442    -2.75879    -0.90120     9.93163
  661    442    -2.74959    -0.90120     9.93163
  662    442    -2.74040    -0.90120     9.93163
 1264    442     2.79557    -0.90120     9.93163
 1265    442     2.80477    -0.90120     9.93163
 1266    442     2.81396    -0.90120     9.93163
 1267    442     2.82316    -0.90120     9.93163
 1269    442     2.84155    -0.90120     9.93163
 1270    442     2.85075    -0.90120     9.93163
 1271    442     2.85994    -0.90120     9.93163
 1272    442     2.86914    -0.90120     9.93163
 1279    442     2.93351    -0.90120     9.93163
 1289    442     3.02547    -0.90120     9.93163
 1290    442     3.03467    -0.90120     9.93163
 1291    442     3.04386    -0.90120     9.93163
 1292    442     3.05306    -0.90120     9.93163
 1872    442     8.38671    -0.90120     9.93163
 1873    442     8.39591    -0.90120     9.93163
 1874    442     8.40511    -0.90120     9.93163
 1875    442     8.41430    -0.90120     9.93163
 1876    442     8.42350    -0.90120     9.93163
 1877    442     8.43269    -0.90120     9.93163
 1878    442     8.44189    -0.90120     9.93163
 1879    442     8.45108    -0.90120     9.93163
 1882    442     8.47867    -0.90120     9.93163
 1883    442     8.48787    -0.90120     9.93163
 1884    442     8.49706    -0.90120     9.93163
 1885    442     8.50626    -0.90120     9.93163
  640    443    -2.92741    -0.88737     9.88001
  641    443    -2.91826    -0.88737     9.88001
  643    443    -2.89997    -0.88737     9.88001
  644    443    -2.89082    -0.88737     9.88001
  645    443    -2.88167    -0.88737     9.88001
  647    443    -2.86337    -0.88737     9.88001
  648    443    -2.85423    -0.88737     9.88001
  649    443    -2.84508    -0.88737     9.88001
  650    443    -2.83593    -0.88737     9.88001
  651    443    -2.82678    -0.88737     9.88001
  655    443    -2.79019    -0.88737     9.88001
  656    443    -2.78104    -0.88737     9.88001
  657    443    -2.77189    -0.88737     9.88001
  658    443    -2.76274    -0.88737     9.88001
  659    443    -2.75360    -0.88737     9.88001
  660    443    -2.74445    -0.88737     9.88001
  661    443    -2.73530    -0.88737     9.88001
 1265    443     2.79019    -0.88737     9.88001
 1266    443     2.79934    -0.88737     9.88001
 1267    443     2.80848    -0.88737     9.88001
 1268    443     2.81763    -0.88737     9.88001
 1270    443     2.83593    -0.88737     9.88001
 1271    443     2.84508    -0.88737     9.88001
 1272    443     2.85423    -0.88737     9.88001
 1273    443     2.86337    -0.88737     9.88001
 1279    443     2.91826    -0.88737     9.88001
 1280    443     2.92741    -0.88737     9.88001
 1287    443     2.99145    -0.88737     9.88001
 1288    443     3.00060    -0.88737     9.88001
 1290    443     3.01889    -0.88737     9.88001
 1291    443     3.02804    -0.88737     9.88001
 1292    443     3.03719    -0.88737     9.88001
 1874    443     8.36142    -0.88737     9.88001
 1875    443     8.37056    -0.88737     9.88001
 1876    443     8.37971    -0.88737     9.88001
 1877    443     8.38886    -0.88737     9.88001
 1878    443     8.39801    -0.88737     9.88001
 1879    443     8.40716    -0.88737     9.88001
 1880    443     8.41631    -0.88737     9.88001
 1881    443     8.42545    -0.88737     9.88001
 1882    443     8.43460    -0.88737     9.88001
 1883    443     8.44375    -0.88737     9.88001
 1884    443     8.45290    -0.88737     9.88001
 1887    443     8.48034    -0.88737     9.88001
 1888    443     8.48949    -0.88737     9.88001
 1889    443     8.49864    -0.88737     9.88001
 1890    443     8.50779    -0.88737     9.88001
  643    444    -2.88497    -0.87368     9.82892
  644    444    -2.87587    -0.87368     9.82892
  646    444    -2.85767    -0.87368     9.82892
  647    444    -2.84857    -0.87368     9.82892
  648    444    -2.83947    -0.87368     9.82892
  649    444    -2.83037    -0.87368     9.82892
  650    444    -2.82126    -0.87368     9.82892
  655    444    -2.77576    -0.87368     9.82892
  656    444    -2.76666    -0.87368     9.82892
  657    444    -2.75756    -0.87368     9.82892
  658    444    -2.74846    -0.87368     9.82892
  659    444    -2.73936    -0.87368     9.82892
  660    444    -2.73026    -0.87368     9.82892
 1266    444     2.78486    -0.87368     9.82892
 1267    444     2.79396    -0.87368     9.82892
 1268    444     2.80306    -0.87368     9.82892
 1269    444     2.81216    -0.87368     9.82892
 1271    444     2.83037    -0.87368     9.82892
 1272    444     2.83947    -0.87368     9.82892
 1273    444     2.84857    -0.87368     9.82892
 1280    444     2.91227    -0.87368     9.82892
 1281    444     2.92137    -0.87368     9.82892
 1287    444     2.97598    -0.87368     9.82892
 1288    444     2.98508    -0.87368     9.82892
 1289    444     2.99418    -0.87368     9.82892
 1291    444     3.01238    -0.87368     9.82892
 1292    444     3.02148    -0.87368     9.82892
 1293    444     3.03058    -0.87368     9.82892
 1877    444     8.34548    -0.87368     9.82892
 1878    444     8.35458    -0.87368     9.82892
 1879    444     8.36368    -0.87368     9.82892
 1880    444     8.37278    -0.87368     9.82892
 1881    444     8.38189    -0.87368     9.82892
 1882    444     8.39099    -0.87368     9.82892
 1883    444     8.40009    -0.87368     9.82892
 1887    444     8.43649    -0.87368     9.82892
 1888    444     8.44559    -0.87368     9.82892
 1889    444     8.45469    -0.87368     9.82892
 1890    444     8.46379    -0.87368     9.82892
 1891    444     8.47289    -0.87368     9.82892
  642    445    -2.87918    -0.86013     9.77836
  643    445    -2.87013    -0.86013     9.77836
  646    445    -2.84297    -0.86013     9.77836
  647    445    -2.83391    -0.86013     9.77836
  648    445    -2.82486    -0.86013     9.77836
  649    445    -2.81580    -0.86013     9.77836
  650    445    -2.80675    -0.86013     9.77836
  655    445    -2.76148    -0.86013     9.77836
  656    445    -2.75243    -0.86013     9.77836
  657    445    -2.74337    -0.86013     9.77836
  658    445    -2.73432    -0.86013     9.77836
  659    445    -2.72526    -0.86013     9.77836
  660    445    -2.71621    -0.86013     9.77836
 1266    445     2.77053    -0.86013     9.77836
 1267    445     2.77959    -0.86013     9.77836
 1268    445     2.78864    -0.86013     9.77836
 1269    445     2.79770    -0.86013     9.77836
 1270    445     2.80675    -0.86013     9.77836
 1272    445     2.82486    -0.86013     9.77836
 1273    445     2.83391    -0.86013     9.77836
 1274    445     2.84297    -0.86013     9.77836
 1288    445     2.96972    -0.86013     9.77836
 1289    445     2.97878    -0.86013     9.77836
 1290    445     2.98783    -0.86013     9.77836
 1291    445     2.99689    -0.86013     9.77836
 1292    445     3.00594    -0.86013     9.77836
 1293    445     3.01499    -0.86013     9.77836
 1880    445     8.32971    -0.86013     9.77836
 1881    445     8.33877    -0.86013     9.77836
 1882    445     8.34782    -0.86013     9.77836
 1883    445     8.35687    -0.86013     9.77836
 1884    445     8.36593    -0.86013     9.77836
 1890    445     8.42025    -0.86013     9.77836
 1891    445     8.42931    -0.86013     9.77836
  645    446    -2.83742    -0.84672     9.72831
  646    446    -2.82842    -0.84672     9.72831
  647    446    -2.81941    -0.84672     9.72831
  648    446    -2.81040    -0.84672     9.72831
  649    446    -2.80139    -0.84672     9.72831
  652    446    -2.77437    -0.84672     9.72831
  653    446    -2.76536    -0.84672     9.72831
  654    446    -2.75635    -0.84672     9.72831
  655    446    -2.74735    -0.84672     9.72831
  656    446    -2.73834    -0.84672     9.72831
  657    446    -2.72933    -0.84672     9.72831
  658    446    -2.72032    -0.84672     9.72831
  659    446    -2.71132    -0.84672     9.72831
 1267    446     2.76536    -0.84672     9.72831
 1268    446     2.77437    -0.84672     9.72831
 1269    446     2.78338    -0.84672     9.72831
 1270    446     2.79239    -0.84672     9.72831
 1273    446     2.81941    -0.84672     9.72831
 1274    446     2.82842    -0.84672     9.72831
 1275    446     2.83742    -0.84672     9.72831
 1288    446     2.95452    -0.84672     9.72831
 1289    446     2.96353    -0.84672     9.72831
 1290    446     2.97254    -0.84672     9.72831
 1291    446     2.98155    -0.84672     9.72831
 1292    446     2.99055    -0.84672     9.72831
 1886    446     8.34112    -0.84672     9.72831
 1887    446     8.35013    -0.84672     9.72831
 1888    446     8.35914    -0.84672     9.72831
 1889    446     8.36815    -0.84672     9.72831
 1890    446     8.37716    -0.84672     9.72831
 1891    446     8.38616    -0.84672     9.72831
  636    447    -2.90363    -0.83345     9.67877
  644    447    -2.83194    -0.83345     9.67877
  645    447    -2.82298    -0.83345     9.67877
  646    447    -2.81401    -0.83345     9.67877
  647    447    -2.80505    -0.83345     9.67877
  648    447    -2.79609    -0.83345     9.67877
  649    447    -2.78713    -0.83345     9.67877
  652    447    -2.76024    -0.83345     9.67877
  653    447    -2.75128    -0.83345     9.67877
  654    447    -2.74232    -0.83345     9.67877
  655    447    -2.73336    -0.83345     9.67877
  656    447    -2.72440    -0.83345     9.67877
  657    447    -2.71543    -0.83345     9.67877
  658    447    -2.70647    -0.83345     9.67877
  659    447    -2.69751    -0.83345     9.67877
 1269    447     2.76920    -0.83345     9.67877
 1270    447     2.77817    -0.83345     9.67877
 1271    447     2.78713    -0.83345     9.67877
 1273    447     2.80505    -0.83345     9.67877
 1274    447     2.81401    -0.83345     9.67877
 1275    447     2.82298    -0.83345     9.67877
 1276    447     2.83194    -0.83345     9.67877
 1289    447     2.94844    -0.83345     9.67877
 1290    447     2.95740    -0.83345     9.67877
 1291    447     2.96636    -0.83345     9.67877
 1886    447     8.29865    -0.83345     9.67877
 1887    447     8.30761    -0.83345     9.67877
 1888    447     8.31658    -0.83345     9.67877
 1889    447     8.32554    -0.83345     9.67877
 1890    447     8.33450    -0.83345     9.67877
 1891    447     8.34346    -0.83345     9.67877
 1898    447     8.40619    -0.83345     9.67877
 1899    447     8.41516    -0.83345     9.67877
 1900    447     8.42412    -0.83345     9.67877
  634    448    -2.90675    -0.82031     9.62974
  635    448    -2.89784    -0.82031     9.62974
  636    448    -2.88892    -0.82031     9.62974
  644    448    -2.81759    -0.82031     9.62974
  645    448    -2.80867    -0.82031     9.62974
  646    448    -2.79976    -0.82031     9.62974
  647    448    -2.79084    -0.82031     9.62974
  648    448    -2.78192    -0.82031     9.62974
  651    448    -2.75518    -0.82031     9.62974
  652    448    -2.74626    -0.82031     9.62974
  653    448    -2.73734    -0.82031     9.62974
  654    448    -2.72843    -0.82031     9.62974
  655    448    -2.71951    -0.82031     9.62974
  656    448    -2.71059    -0.82031     9.62974
  657    448    -2.70168    -0.82031     9.62974
  658    448    -2.69276    -0.82031     9.62974
 1270    448     2.76409    -0.82031     9.62974
 1271    448     2.77301    -0.82031     9.62974
 1272    448     2.78192    -0.82031     9.62974
 1274    448     2.79976    -0.82031     9.62974
 1275    448     2.80867    -0.82031     9.62974
 1276    448     2.81759    -0.82031     9.62974
 1277    448     2.82651    -0.82031     9.62974
 1283    448     2.88000    -0.82031     9.62974
 1888    448     8.27444    -0.82031     9.62974
 1889    448     8.28336    -0.82031     9.62974
 1890    448     8.29227    -0.82031     9.62974
 1898    448     8.36361    -0.82031     9.62974
 1899    448     8.37252    -0.82031     9.62974
 1900    448     8.38144    -0.82031     9.62974
 1901    448     8.39036    -0.82031     9.62974
  633    449    -2.90097    -0.80730     9.58120
  634    449    -2.89210    -0.80730     9.58120
  635    449    -2.88323    -0.80730     9.58120
  636    449    -2.87436    -0.80730     9.58120
  637    449    -2.86549    -0.80730     9.58120
  638    449    -2.85662    -0.80730     9.58120
  644    449    -2.80339    -0.80730     9.58120
  645    449    -2.79452    -0.80730     9.58120
  646    449    -2.78564    -0.80730     9.58120
  647    449    -2.77677    -0.80730     9.58120
  648    449    -2.76790    -0.80730     9.58120
  650    449    -2.75016    -0.80730     9.58120
  651    449    -2.74129    -0.80730     9.58120
  652    449    -2.73242    -0.80730     9.58120
  653    449    -2.72354    -0.80730     9.58120
  654    449    -2.71467    -0.80730     9.58120
  655    449    -2.70580    -0.80730     9.58120
  656    449    -2.69693    -0.80730     9.58120
  657    449    -2.68806    -0.80730     9.58120
 1270    449     2.75016    -0.80730     9.58120
 1271    449     2.75903    -0.80730     9.58120
 1272    449     2.76790    -0.80730     9.58120
 1273    449     2.77677    -0.80730     9.58120
 1275    449     2.79452    -0.80730     9.58120
 1276    449     2.80339    -0.80730     9.58120
 1277    449     2.81226    -0.80730     9.58120
 1278    449     2.82113    -0.80730     9.58120
 1279    449     2.83000    -0.80730     9.58120
 1901    449     8.34806    -0.80730     9.58120
 1907    449     8.40129    -0.80730     9.58120
  632    450    -2.89525    -0.79443     9.53314
  633    450    -2.88642    -0.79443     9.53314
  634    450    -2.87760    -0.79443     9.53314
  635    450    -2.86877    -0.79443     9.53314
  637    450    -2.85112    -0.79443     9.53314
  638    450    -2.84229    -0.79443     9.53314
  644    450    -2.78933    -0.79443     9.53314
  645    450    -2.78050    -0.79443     9.53314
  646    450    -2.77167    -0.79443     9.53314
  647    450    -2.76285    -0.79443     9.53314
  649    450    -2.74519    -0.79443     9.53314
  650    450    -2.73637    -0.79443     9.53314
  651    450    -2.72754    -0.79443     9.53314
  652    450    -2.71871    -0.79443     9.53314
  653    450    -2.70988    -0.79443     9.53314
  654    450    -2.70106    -0.79443     9.53314
  655    450    -2.69223    -0.79443     9.53314
  656    450    -2.68340    -0.79443     9.53314
 1271    450     2.74519    -0.79443     9.53314
 1272    450     2.75402    -0.79443     9.53314
 1273    450     2.76285    -0.79443     9.53314
 1276    450     2.78933    -0.79443     9.53314
 1277    450     2.79815    -0.79443     9.53314
 1278    450     2.80698    -0.79443     9.53314
 1279    450     2.81581    -0.79443     9.53314
 1280    450     2.82464    -0.79443     9.53314
 1289    450     2.90408    -0.79443     9.53314
 1290    450     2.91291    -0.79443     9.53314
 1291    450     2.92173    -0.79443     9.53314
 1297    450     2.97469    -0.79443     9.53314
 1298    450     2.98352    -0.79443     9.53314
 1897    450     8.27088    -0.79443     9.53314
 1898    450     8.27971    -0.79443     9.53314
 1899    450     8.28854    -0.79443     9.53314
 1900    450     8.29737    -0.79443     9.53314
 1901    450     8.30619    -0.79443     9.53314
 1905    450     8.34150    -0.79443     9.53314
 1906    450     8.35033    -0.79443     9.53314
 1907    450     8.35915    -0.79443     9.53314
 1908    450     8.36798    -0.79443     9.53314
 1909    450     8.37681    -0.79443     9.53314
 1910    450     8.38564    -0.79443     9.53314
 1911    450     8.39446    -0.79443     9.53314
  632    451    -2.88080    -0.78168     9.48557
  633    451    -2.87202    -0.78168     9.48557
  634    451    -2.86324    -0.78168     9.48557
  636    451    -2.84567    -0.78168     9.48557
  637    451    -2.83689    -0.78168     9.48557
  638    451    -2.82810    -0.78168     9.48557
  643    451    -2.78419    -0.78168     9.48557
  644    451    -2.77541    -0.78168     9.48557
  645    451    -2.76662    -0.78168     9.48557
  646    451    -2.75784    -0.78168     9.48557
  647    451    -2.74906    -0.78168     9.48557
  649    451    -2.73149    -0.78168     9.48557
  650    451    -2.72271    -0.78168     9.48557
  651    451    -2.71393    -0.78168     9.48557
  652    451    -2.70514    -0.78168     9.48557
  653    451    -2.69636    -0.78168     9.48557
  654    451    -2.68758    -0.78168     9.48557
  655    451    -2.67880    -0.78168     9.48557
 1272    451     2.74028    -0.78168     9.48557
 1273    451     2.74906    -0.78168     9.48557
 1274    451     2.75784    -0.78168     9.48557
 1275    451     2.76662    -0.78168     9.48557
 1278    451     2.79297    -0.78168     9.48557
 1279    451     2.80176    -0.78168     9.48557
 1280    451     2.81054    -0.78168     9.48557
 1281    451     2.81932    -0.78168     9.48557
 1287    451     2.87202    -0.78168     9.48557
 1288    451     2.88080    -0.78168     9.48557
 1289    451     2.88959    -0.78168     9.48557
 1290    451     2.89837    -0.78168     9.48557
 1291    451     2.90715    -0.78168     9.48557
 1292    451     2.91593    -0.78168     9.48557
 1293    451     2.92472    -0.78168     9.48557
 1298    451     2.96863    -0.78168     9.48557
 1299    451     2.97741    -0.78168     9.48557
 1898    451     8.23839    -0.78168     9.48557
 1899    451     8.24718    -0.78168     9.48557
 1900    451     8.25596    -0.78168     9.48557
 1904    451     8.29109    -0.78168     9.48557
 1905    451     8.29987    -0.78168     9.48557
 1906    451     8.30866    -0.78168     9.48557
 1907    451     8.31744    -0.78168     9.48557
 1908    451     8.32622    -0.78168     9.48557
 1909    451     8.33501    -0.78168     9.48557
 1910    451     8.34379    -0.78168     9.48557
 1911    451     8.35257    -0.78168     9.48557
 1912    451     8.36135    -0.78168     9.48557
 1913    451     8.37014    -0.78168     9.48557
 1914    451     8.37892    -0.78168     9.48557
 1915    451     8.38770    -0.78168     9.48557
 1916    451     8.39649    -0.78168     9.48557
 1917    451     8.40527    -0.78168     9.48557
  631    452    -2.87524    -0.76906     9.43847
  632    452    -2.86650    -0.76906     9.43847
  633    452    -2.85776    -0.76906     9.43847
  635    452    -2.84028    -0.76906     9.43847
  636    452    -2.83154    -0.76906     9.43847
  637    452    -2.82280    -0.76906     9.43847
  640    452    -2.79658    -0.76906     9.43847
  641    452    -2.78784    -0.76906     9.43847
  643    452    -2.77037    -0.76906     9.43847
  644    452    -2.76163    -0.76906     9.43847
  645    452    -2.75289    -0.76906     9.43847
  646    452    -2.74415    -0.76906     9.43847
  647    452    -2.73541    -0.76906     9.43847
  649    452    -2.71793    -0.76906     9.43847
  650    452    -2.70919    -0.76906     9.43847
  651    452    -2.70045    -0.76906     9.43847
  652    452    -2.69171    -0.76906     9.43847
  653    452    -2.68297    -0.76906     9.43847
  654    452    -2.67423    -0.76906     9.43847
 1273    452     2.73541    -0.76906     9.43847
 1274    452     2.74415    -0.76906     9.43847
 1275    452     2.75289    -0.76906     9.43847
 1276    452     2.76163    -0.76906     9.43847
 1278    452     2.77910    -0.76906     9.43847
 1279    452     2.78784    -0.76906     9.43847
 1280    452     2.79658    -0.76906     9.43847
 1281    452     2.80532    -0.76906     9.43847
 1287    452     2.85776    -0.76906     9.43847
 1288    452     2.86650    -0.76906     9.43847
 1289    452     2.87524    -0.76906     9.43847
 1290    452     2.88398    -0.76906     9.43847
 1291    452     2.89272    -0.76906     9.43847
 1292    452     2.90145    -0.76906     9.43847
 1293    452     2.91019    -0.76906     9.43847
 1294    452     2.91893    -0.76906     9.43847
 1299    452     2.96263    -0.76906     9.43847
 1300    452     2.97137    -0.76906     9.43847
 1904    452     8.24992    -0.76906     9.43847
 1905    452     8.25866    -0.76906     9.43847
 1906    452     8.26740    -0.76906     9.43847
 1907    452     8.27614    -0.76906     9.43847
 1908    452     8.28488    -0.76906     9.43847
 1909    452     8.29362    -0.76906     9.43847
 1910    452     8.30236    -0.76906     9.43847
 1911    452     8.31110    -0.76906     9.43847
 1912    452     8.31983    -0.76906     9.43847
 1913    452     8.32857    -0.76906     9.43847
 1914    452     8.33731    -0.76906     9.43847
 1915    452     8.34605    -0.76906     9.43847
 1916    452     8.35479    -0.76906     9.43847
 1917    452     8.36353    -0.76906     9.43847
 1918    452     8.37227    -0.76906     9.43847
  631    453    -2.86103    -0.75656     9.39183
  634    453    -2.83494    -0.75656     9.39183
  635    453    -2.82625    -0.75656     9.39183
  636    453    -2.81755    -0.75656     9.39183
  640    453    -2.78276    -0.75656     9.39183
  641    453    -2.77407    -0.75656     9.39183
  642    453    -2.76537    -0.75656     9.39183
  643    453    -2.75668    -0.75656     9.39183
  644    453    -2.74798    -0.75656     9.39183
  645    453    -2.73928    -0.75656     9.39183
  646    453    -2.73059    -0.75656     9.39183
  647    453    -2.72189    -0.75656     9.39183
  649    453    -2.70450    -0.75656     9.39183
  650    453    -2.69580    -0.75656     9.39183
  651    453    -2.68711    -0.75656     9.39183
  652    453    -2.67841    -0.75656     9.39183
  653    453    -2.66972    -0.75656     9.39183
 1274    453     2.73059    -0.75656     9.39183
 1275    453     2.73928    -0.75656     9.39183
 1276    453     2.74798    -0.75656     9.39183
 1277    453     2.75668    -0.75656     9.39183
 1279    453     2.77407    -0.75656     9.39183
 1280    453     2.78276    -0.75656     9.39183
 1281    453     2.79146    -0.75656     9.39183
 1287    453     2.84364    -0.75656     9.39183
 1288    453     2.85233    -0.75656     9.39183
 1289    453     2.86103    -0.75656     9.39183
 1290    453     2.86973    -0.75656     9.39183
 1291    453     2.87842    -0.75656     9.39183
 1292    453     2.88712    -0.75656     9.39183
 1293    453     2.89581    -0.75656     9.39183
 1294    453     2.90451    -0.75656     9.39183
 1299    453     2.94799    -0.75656     9.39183
 1300    453     2.95669    -0.75656     9.39183
 1301    453     2.96538    -0.75656     9.39183
 1904    453     8.20916    -0.75656     9.39183
 1905    453     8.21785    -0.75656     9.39183
 1906    453     8.22655    -0.75656     9.39183
 1907    453     8.23525    -0.75656     9.39183
 1908    453     8.24394    -0.75656     9.39183
 1912    453     8.27873    -0.75656     9.39183
 1913    453     8.28742    -0.75656     9.39183
 1914    453     8.29612    -0.75656     9.39183
 1915    453     8.30481    -0.75656     9.39183
 1916    453     8.31351    -0.75656     9.39183
 1917    453     8.32221    -0.75656     9.39183
 1918    453     8.33090    -0.75656     9.39183
  634    454    -2.82100    -0.74419     9.34565
  635    454    -2.81235    -0.74419     9.34565
  641    454    -2.76043    -0.74419     9.34565
  642    454    -2.75178    -0.74419     9.34565
  643    454    -2.74312    -0.74419     9.34565
  644    454    -2.73447    -0.74419     9.34565
  645    454    -2.72582    -0.74419     9.34565
  646    454    -2.71716    -0.74419     9.34565
  647    454    -2.70851    -0.74419     9.34565
  648    454    -2.69986    -0.74419     9.34565
  649    454    -2.69120    -0.74419     9.34565
  650    454    -2.68255    -0.74419     9.34565
  651    454    -2.67390    -0.74419     9.34565
  652    454    -2.66524    -0.74419     9.34565
  653    454    -2.65659    -0.74419     9.34565
 1275    454     2.72582    -0.74419     9.34565
 1276    454     2.73447    -0.74419     9.34565
 1277    454     2.74312    -0.74419     9.34565
 1279    454     2.76043    -0.74419     9.34565
 1280    454     2.76908    -0.74419     9.34565
 1281    454     2.77774    -0.74419     9.34565
 1287    454     2.82966    -0.74419     9.34565
 1288    454     2.83831    -0.74419     9.34565
 1289    454     2.84696    -0.74419     9.34565
 1293    454     2.88158    -0.74419     9.34565
 1294    454     2.89023    -0.74419     9.34565
 1295    454     2.89888    -0.74419     9.34565
 1299    454     2.93350    -0.74419     9.34565
 1300    454     2.94215    -0.74419     9.34565
 1301    454     2.95080    -0.74419     9.34565
 1302    454     2.95946    -0.74419     9.34565
 1303    454     2.96811    -0.74419     9.34565
 1905    454     8.17745    -0.74419     9.34565
 1906    454     8.18610    -0.74419     9.34565
 1907    454     8.19475    -0.74419     9.34565
 1908    454     8.20341    -0.74419     9.34565
 1909    454     8.21206    -0.74419     9.34565
 1910    454     8.22071    -0.74419     9.34565
 1911    454     8.22937    -0.74419     9.34565
 1915    454     8.26398    -0.74419     9.34565
 1916    454     8.27263    -0.74419     9.34565
 1917    454     8.28129    -0.74419     9.34565
 1918    454     8.28994    -0.74419     9.34565
  633    455    -2.81581    -0.73194     9.29993
  634    455    -2.80720    -0.73194     9.29993
  638    455    -2.77276    -0.73194     9.29993
  639    455    -2.76415    -0.73194     9.29993
  642    455    -2.73831    -0.73194     9.29993
  644    455    -2.72109    -0.73194     9.29993
  645    455    -2.71248    -0.73194     9.29993
  646    455    -2.70387    -0.73194     9.29993
  647    455    -2.69526    -0.73194     9.29993
  648    455    -2.68665    -0.73194     9.29993
  649    455    -2.67803    -0.73194     9.29993
  650    455    -2.66942    -0.73194     9.29993
  651    455    -2.66081    -0.73194     9.29993
  652    455    -2.65220    -0.73194     9.29993
 1275    455     2.71248    -0.73194     9.29993
 1276    455     2.72109    -0.73194     9.29993
 1277    455     2.72970    -0.73194     9.29993
 1278    455     2.73831    -0.73194     9.29993
 1280    455     2.75553    -0.73194     9.29993
 1281    455     2.76415    -0.73194     9.29993
 1288    455     2.82442    -0.73194     9.29993
 1289    455     2.83303    -0.73194     9.29993
 1290    455     2.84164    -0.73194     9.29993
 1291    455     2.85026    -0.73194     9.29993
 1292    455     2.85887    -0.73194     9.29993
 1293    455     2.86748    -0.73194     9.29993
 1294    455     2.87609    -0.73194     9.29993
 1295    455     2.88470    -0.73194     9.29993
 1296    455     2.89331    -0.73194     9.29993
 1297    455     2.90192    -0.73194     9.29993
 1298    455     2.91053    -0.73194     9.29993
 1299    455     2.91914    -0.73194     9.29993
 1300    455     2.92776    -0.73194     9.29993
 1301    455     2.93637    -0.73194     9.29993
 1302    455     2.94498    -0.73194     9.29993
 1303    455     2.95359    -0.73194     9.29993
 1304    455     2.96220    -0.73194     9.29993
 1906    455     8.14605    -0.73194     9.29993
 1907    455     8.15466    -0.73194     9.29993
 1908    455     8.16327    -0.73194     9.29993
 1909    455     8.17188    -0.73194     9.29993
 1910    455     8.18049    -0.73194     9.29993
 1911    455     8.18910    -0.73194     9.29993
 1912    455     8.19771    -0.73194     9.29993
 1913    455     8.20633    -0.73194     9.29993
 1914    455     8.21494    -0.73194     9.29993
 1918    455     8.24938    -0.73194     9.29993
  638    456    -2.75926    -0.71981     9.25465
  639    456    -2.75069    -0.71981     9.25465
  640    456    -2.74212    -0.71981     9.25465
  641    456    -2.73355    -0.71981     9.25465
  642    456    -2.72498    -0.71981     9.25465
  645    456    -2.69927    -0.71981     9.25465
  646    456    -2.69070    -0.71981     9.25465
  647    456    -2.68213    -0.71981     9.25465
  648    456    -2.67356    -0.71981     9.25465
  649    456    -2.66500    -0.71981     9.25465
  650    456    -2.65643    -0.71981     9.25465
  651    456    -2.64786    -0.71981     9.25465
 1276    456     2.70784    -0.71981     9.25465
 1277    456     2.71641    -0.71981     9.25465
 1278    456     2.72498    -0.71981     9.25465
 1279    456     2.73355    -0.71981     9.25465
 1280    456     2.74212    -0.71981     9.25465
 1281    456     2.75069    -0.71981     9.25465
 1282    456     2.75926    -0.71981     9.25465
 1289    456     2.81924    -0.71981     9.25465
 1290    456     2.82781    -0.71981     9.25465
 1291    456     2.83638    -0.71981     9.25465
 1292    456     2.84495    -0.71981     9.25465
 1293    456     2.85352    -0.71981     9.25465
 1296    456     2.87922    -0.71981     9.25465
 1297    456     2.88779    -0.71981     9.25465
 1298    456     2.89636    -0.71981     9.25465
 1299    456     2.90493    -0.71981     9.25465
 1301    456     2.92207    -0.71981     9.25465
 1302    456     2.93064    -0.71981     9.25465
 1303    456     2.93921    -0.71981     9.25465
 1304    456     2.94778    -0.71981     9.25465
 1909    456     8.13209    -0.71981     9.25465
 1910    456     8.14066    -0.71981     9.25465
 1911    456     8.14923    -0.71981     9.25465
 1912    456     8.15780    -0.71981     9.25465
 1913    456     8.16637    -0.71981     9.25465
 1914    456     8.17494    -0.71981     9.25465
 1915    456     8.18351    -0.71981     9.25465
 1916    456     8.19208    -0.71981     9.25465
 1917    456     8.20065    -0.71981     9.25465
  638    457    -2.74589    -0.70779     9.20981
  639    457    -2.73736    -0.70779     9.20981
  640    457    -2.72883    -0.70779     9.20981
  641    457    -2.72030    -0.70779     9.20981
  642    457    -2.71178    -0.70779     9.20981
  643    457    -2.70325    -0.70779     9.20981
  646    457    -2.67767    -0.70779     9.20981
  647    457    -2.66914    -0.70779     9.20981
  648    457    -2.66061    -0.70779     9.20981
  649    457    -2.65208    -0.70779     9.20981
  650    457    -2.64356    -0.70779     9.20981
 1277    457     2.70325    -0.70779     9.20981
 1278    457     2.71178    -0.70779     9.20981
 1279    457     2.72030    -0.70779     9.20981
 1282    457     2.74589    -0.70779     9.20981
 1283    457     2.75441    -0.70779     9.20981
 1290    457     2.81411    -0.70779     9.20981
 1291    457     2.82264    -0.70779     9.20981
 1292    457     2.83116    -0.70779     9.20981
 1293    457     2.83969    -0.70779     9.20981
 1294    457     2.84822    -0.70779     9.20981
 1302    457     2.91644    -0.70779     9.20981
 1303    457     2.92497    -0.70779     9.20981
 1304    457     2.93349    -0.70779     9.20981
 1305    457     2.94202    -0.70779     9.20981
 1911    457     8.10975    -0.70779     9.20981
 1912    457     8.11827    -0.70779     9.20981
 1913    457     8.12680    -0.70779     9.20981
 1914    457     8.13533    -0.70779     9.20981
 1915    457     8.14386    -0.70779     9.20981
 1916    457     8.15238    -0.70779     9.20981
 1917    457     8.16091    -0.70779     9.20981
 1918    457     8.16944    -0.70779     9.20981
  638    458    -2.73265    -0.69589     9.16540
  639    458    -2.72416    -0.69589     9.16540
  640    458    -2.71567    -0.69589     9.16540
  643    458    -2.69021    -0.69589     9.16540
  646    458    -2.66475    -0.69589     9.16540
  647    458    -2.65627    -0.69589     9.16540
  648    458    -2.64778    -0.69589     9.16540
  649    458    -2.63929    -0.69589     9.16540
 1278    458     2.69870    -0.69589     9.16540
 1279    458     2.70719    -0.69589     9.16540
 1280    458     2.71567    -0.69589     9.16540
 1282    458     2.73265    -0.69589     9.16540
 1283    458     2.74113    -0.69589     9.16540
 1284    458     2.74962    -0.69589     9.16540
 1292    458     2.81751    -0.69589     9.16540
 1293    458     2.82600    -0.69589     9.16540
 1294    458     2.83448    -0.69589     9.16540
 1295    458     2.84297    -0.69589     9.16540
 1299    458     2.87692    -0.69589     9.16540
 1300    458     2.88540    -0.69589     9.16540
 1301    458     2.89389    -0.69589     9.16540
 1303    458     2.91086    -0.69589     9.16540
 1304    458     2.91935    -0.69589     9.16540
 1305    458     2.92784    -0.69589     9.16540
 1914    458     8.09610    -0.69589     9.16540
 1915    458     8.10459    -0.69589     9.16540
 1916    458     8.11307    -0.69589     9.16540
 1917    458     8.12156    -0.69589     9.16540
 1918    458     8.13005    -0.69589     9.16540
  638    459    -2.71953    -0.68411     9.12141
  639    459    -2.71109    -0.68411     9.12141
  640    459    -2.70264    -0.68411     9.12141
  641    459    -2.69420    -0.68411     9.12141
  644    459    -2.66886    -0.68411     9.12141
  645    459    -2.66041    -0.68411     9.12141
  646    459    -2.65197    -0.68411     9.12141
  647    459    -2.64352    -0.68411     9.12141
 1279    459     2.69420    -0.68411     9.12141
 1280    459     2.70264    -0.68411     9.12141
 1281    459     2.71109    -0.68411     9.12141
 1283    459     2.72798    -0.68411     9.12141
 1284    459     2.73642    -0.68411     9.12141
 1285    459     2.74487    -0.68411     9.12141
 1293    459     2.81244    -0.68411     9.12141
 1294    459     2.82088    -0.68411     9.12141
 1295    459     2.82933    -0.68411     9.12141
 1296    459     2.83777    -0.68411     9.12141
 1298    459     2.85466    -0.68411     9.12141
 1299    459     2.86311    -0.68411     9.12141
 1300    459     2.87156    -0.68411     9.12141
 1301    459     2.88000    -0.68411     9.12141
 1302    459     2.88845    -0.68411     9.12141
 1304    459     2.90534    -0.68411     9.12141
 1305    459     2.91379    -0.68411     9.12141
 1306    459     2.92223    -0.68411     9.12141
 1917    459     8.08259    -0.68411     9.12141
 1918    459     8.09103    -0.68411     9.12141
  638    460    -2.70654    -0.67243     9.07785
  639    460    -2.69814    -0.67243     9.07785
  640    460    -2.68973    -0.67243     9.07785
  641    460    -2.68133    -0.67243     9.07785
  642    460    -2.67292    -0.67243     9.07785
  644    460    -2.65611    -0.67243     9.07785
  645    460    -2.64771    -0.67243     9.07785
  646    460    -2.63930    -0.67243     9.07785
 1280    460     2.68973    -0.67243     9.07785
 1281    460     2.69814    -0.67243     9.07785
 1282    460     2.70654    -0.67243     9.07785
 1284    460     2.72336    -0.67243     9.07785
 1285    460     2.73176    -0.67243     9.07785
 1286    460     2.74017    -0.67243     9.07785
 1287    460     2.74857    -0.67243     9.07785
 1294    460     2.80741    -0.67243     9.07785
 1295    460     2.81582    -0.67243     9.07785
 1296    460     2.82422    -0.67243     9.07785
 1298    460     2.84103    -0.67243     9.07785
 1299    460     2.84944    -0.67243     9.07785
 1300    460     2.85784    -0.67243     9.07785
 1301    460     2.86625    -0.67243     9.07785
 1302    460     2.87465    -0.67243     9.07785
 1303    460     2.88306    -0.67243     9.07785
 1305    460     2.89987    -0.67243     9.07785
 1306    460     2.90827    -0.67243     9.07785
  642    461    -2.66022    -0.66087     9.03470
  643    461    -2.65185    -0.66087     9.03470
  644    461    -2.64349    -0.66087     9.03470
  645    461    -2.63512    -0.66087     9.03470
  646    461    -2.62676    -0.66087     9.03470
 1280    461     2.67695    -0.66087     9.03470
 1281    461     2.68531    -0.66087     9.03470
 1282    461     2.69368    -0.66087     9.03470
 1283    461     2.70205    -0.66087     9.03470
 1285    461     2.71878    -0.66087     9.03470
 1286    461     2.72714    -0.66087     9.03470
 1287    461     2.73551    -0.66087     9.03470
 1293    461     2.78570    -0.66087     9.03470
 1294    461     2.79407    -0.66087     9.03470
 1295    461     2.80243    -0.66087     9.03470
 1296    461     2.81080    -0.66087     9.03470
 1297    461     2.81916    -0.66087     9.03470
 1298    461     2.82753    -0.66087     9.03470
 1299    461     2.83589    -0.66087     9.03470
 1300    461     2.84426    -0.66087     9.03470
 1302    461     2.86099    -0.66087     9.03470
 1303    461     2.86935    -0.66087     9.03470
 1304    461     2.87772    -0.66087     9.03470
 1305    461     2.88609    -0.66087     9.03470
 1306    461     2.89445    -0.66087     9.03470
  622    462    -2.81415    -0.64942     8.99196
  623    462    -2.80583    -0.64942     8.99196
  643    462    -2.63931    -0.64942     8.99196
  644    462    -2.63098    -0.64942     8.99196
  645    462    -2.62266    -0.64942     8.99196
  646    462    -2.61433    -0.64942     8.99196
 1281    462     2.67261    -0.64942     8.99196
 1282    462     2.68094    -0.64942     8.99196
 1283    462     2.68926    -0.64942     8.99196
 1284    462     2.69759    -0.64942     8.99196
 1285    462     2.70591    -0.64942     8.99196
 1286    462     2.71424    -0.64942     8.99196
 1287    462     2.72257    -0.64942     8.99196
 1288    462     2.73089    -0.64942     8.99196
 1292    462     2.76420    -0.64942     8.99196
 1293    462     2.77252    -0.64942     8.99196
 1294    462     2.78085    -0.64942     8.99196
 1295    462     2.78917    -0.64942     8.99196
 1297    462     2.80583    -0.64942     8.99196
 1298    462     2.81415    -0.64942     8.99196
 1299    462     2.82248    -0.64942     8.99196
 1300    462     2.83080    -0.64942     8.99196
 1303    462     2.85578    -0.64942     8.99196
 1304    462     2.86411    -0.64942     8.99196
 1305    462     2.87243    -0.64942     8.99196
  621    463    -2.80919    -0.63808     8.94962
  622    463    -2.80090    -0.63808     8.94962
  623    463    -2.79261    -0.63808     8.94962
  636    463    -2.68489    -0.63808     8.94962
  637    463    -2.67660    -0.63808     8.94962
  638    463    -2.66831    -0.63808     8.94962
  639    463    -2.66003    -0.63808     8.94962
  640    463    -2.65174    -0.63808     8.94962
  642    463    -2.63517    -0.63808     8.94962
  643    463    -2.62688    -0.63808     8.94962
  644    463    -2.61859    -0.63808     8.94962
 1281    463     2.66003    -0.63808     8.94962
 1282    463     2.66831    -0.63808     8.94962
 1283    463     2.67660    -0.63808     8.94962
 1284    463     2.68489    -0.63808     8.94962
 1286    463     2.70146    -0.63808     8.94962
 1287    463     2.70975    -0.63808     8.94962
 1288    463     2.71803    -0.63808     8.94962
 1291    463     2.74289    -0.63808     8.94962
 1292    463     2.75118    -0.63808     8.94962
 1293    463     2.75947    -0.63808     8.94962
 1294    463     2.76775    -0.63808     8.94962
 1297    463     2.79261    -0.63808     8.94962
 1298    463     2.80090    -0.63808     8.94962
 1299    463     2.80919    -0.63808     8.94962
  620    464    -2.80427    -0.62684     8.90768
  621    464    -2.79602    -0.62684     8.90768
  622    464    -2.78777    -0.62684     8.90768
  625    464    -2.76303    -0.62684     8.90768
  626    464    -2.75478    -0.62684     8.90768
  635    464    -2.68055    -0.62684     8.90768
  636    464    -2.67230    -0.62684     8.90768
  637    464    -2.66406    -0.62684     8.90768
  638    464    -2.65581    -0.62684     8.90768
  639    464    -2.64756    -0.62684     8.90768
  641    464    -2.63107    -0.62684     8.90768
  642    464    -2.62282    -0.62684     8.90768
  643    464    -2.61457    -0.62684     8.90768
 1282    464     2.65581    -0.62684     8.90768
 1283    464     2.66406    -0.62684     8.90768
 1284    464     2.67230    -0.62684     8.90768
 1285    464     2.68055    -0.62684     8.90768
 1287    464     2.69705    -0.62684     8.90768
 1288    464     2.70530    -0.62684     8.90768
 1289    464     2.71354    -0.62684     8.90768
 1291    464     2.73004    -0.62684     8.90768
 1292    464     2.73829    -0.62684     8.90768
 1293    464     2.74654    -0.62684     8.90768
 1296    464     2.77128    -0.62684     8.90768
 1297    464     2.77953    -0.62684     8.90768
 1298    464     2.78777    -0.62684     8.90768
 1299    464     2.79602    -0.62684     8.90768
  619    465    -2.79940    -0.61570     8.86613
  620    465    -2.79119    -0.61570     8.86613
  621    465    -2.78298    -0.61570     8.86613
  624    465    -2.75835    -0.61570     8.86613
  625    465    -2.75014    -0.61570     8.86613
  635    465    -2.66805    -0.61570     8.86613
  636    465    -2.65984    -0.61570     8.86613
  637    465    -2.65163    -0.61570     8.86613
  640    465    -2.62700    -0.61570     8.86613
  641    465    -2.61879    -0.61570     8.86613
  642    465    -2.61058    -0.61570     8.86613
  643    465    -2.60237    -0.61570     8.86613
 1284    465     2.65984    -0.61570     8.86613
 1285    465     2.66805    -0.61570     8.86613
 1286    465     2.67626    -0.61570     8.86613
 1288    465     2.69268    -0.61570     8.86613
 1289    465     2.70089    -0.61570     8.86613
 1290    465     2.70910    -0.61570     8.86613
 1292    465     2.72551    -0.61570     8.86613
 1293    465     2.73372    -0.61570     8.86613
 1296    465     2.75835    -0.61570     8.86613
 1297    465     2.76656    -0.61570     8.86613
 1298    465     2.77477    -0.61570     8.86613
 1309    465     2.86507    -0.61570     8.86613
 1310    465     2.87328    -0.61570     8.86613
 1311    465     2.88149    -0.61570     8.86613
  619    466    -2.78640    -0.60467     8.82497
  620    466    -2.77823    -0.60467     8.82497
  621    466    -2.77006    -0.60467     8.82497
  623    466    -2.75372    -0.60467     8.82497
  624    466    -2.74555    -0.60467     8.82497
  625    466    -2.73737    -0.60467     8.82497
  631    466    -2.68835    -0.60467     8.82497
  632    466    -2.68018    -0.60467     8.82497
  633    466    -2.67200    -0.60467     8.82497
  634    466    -2.66383    -0.60467     8.82497
  635    466    -2.65566    -0.60467     8.82497
  636    466    -2.64749    -0.60467     8.82497
  639    466    -2.62298    -0.60467     8.82497
  640    466    -2.61481    -0.60467     8.82497
  641    466    -2.60663    -0.60467     8.82497
  642    466    -2.59846    -0.60467     8.82497
 1285    466     2.65566    -0.60467     8.82497
 1286    466     2.66383    -0.60467     8.82497
 1287    466     2.67200    -0.60467     8.82497
 1289    466     2.68835    -0.60467     8.82497
 1290    466     2.69652    -0.60467     8.82497
 1293    466     2.72103    -0.60467     8.82497
 1296    466     2.74555    -0.60467     8.82497
 1297    466     2.75372    -0.60467     8.82497
 1311    466     2.86811    -0.60467     8.82497
 1312    466     2.87629    -0.60467     8.82497
  618    467    -2.78166    -0.59375     8.78419
  619    467    -2.77353    -0.59375     8.78419
  620    467    -2.76539    -0.59375     8.78419
  622    467    -2.74912    -0.59375     8.78419
  623    467    -2.74099    -0.59375     8.78419
  624    467    -2.73286    -0.59375     8.78419
  631    467    -2.67592    -0.59375     8.78419
  632    467    -2.66779    -0.59375     8.78419
  633    467    -2.65966    -0.59375     8.78419
  634    467    -2.65152    -0.59375     8.78419
  635    467    -2.64339    -0.59375     8.78419
  638    467    -2.61899    -0.59375     8.78419
  639    467    -2.61086    -0.59375     8.78419
  640    467    -2.60272    -0.59375     8.78419
  641    467    -2.59459    -0.59375     8.78419
 1285    467     2.64339    -0.59375     8.78419
 1286    467     2.65152    -0.59375     8.78419
 1287    467     2.65966    -0.59375     8.78419
 1290    467     2.68406    -0.59375     8.78419
 1291    467     2.69219    -0.59375     8.78419
 1296    467     2.73286    -0.59375     8.78419
 1297    467     2.74099    -0.59375     8.78419
 1303    467     2.78979    -0.59375     8.78419
 1304    467     2.79793    -0.59375     8.78419
 1305    467     2.80606    -0.59375     8.78419
 1312    467     2.86299    -0.59375     8.78419
 1313    467     2.87113    -0.59375     8.78419
  617    468    -2.77696    -0.58292     8.74378
  618    468    -2.76886    -0.58292     8.74378
  619    468    -2.76077    -0.58292     8.74378
  621    468    -2.74457    -0.58292     8.74378
  622    468    -2.73648    -0.58292     8.74378
  623    468    -2.72838    -0.58292     8.74378
  630    468    -2.67171    -0.58292     8.74378
  631    468    -2.66361    -0.58292     8.74378
  632    468    -2.65552    -0.58292     8.74378
  633    468    -2.64742    -0.58292     8.74378
  634    468    -2.63933    -0.58292     8.74378
  638    468    -2.60694    -0.58292     8.74378
  639    468    -2.59884    -0.58292     8.74378
  640    468    -2.59075    -0.58292     8.74378
 1286    468     2.63933    -0.58292     8.74378
 1287    468     2.64742    -0.58292     8.74378
 1288    468     2.65552    -0.58292     8.74378
 1291    468     2.67981    -0.58292     8.74378
 1292    468     2.68790    -0.58292     8.74378
 1295    468     2.71219    -0.58292     8.74378
 1296    468     2.72029    -0.58292     8.74378
 1297    468     2.72838    -0.58292     8.74378
 1303    468     2.77696    -0.58292     8.74378
 1304    468     2.78505    -0.58292     8.74378
 1305    468     2.79315    -0.58292     8.74378
 1306    468     2.80125    -0.58292     8.74378
 1309    468     2.82554    -0.58292     8.74378
 1313    468     2.85792    -0.58292     8.74378
 1314    468     2.86602    -0.58292     8.74378
 1315    468     2.87411    -0.58292     8.74378
  616    469    -2.77230    -0.57219     8.70374
  617    469    -2.76424    -0.57219     8.70374
  618    469    -2.75618    -0.57219     8.70374
  621    469    -2.73201    -0.57219     8.70374
  622    469    -2.72395    -0.57219     8.70374
  623    469    -2.71589    -0.57219     8.70374
  630    469    -2.65948    -0.57219     8.70374
  631    469    -2.65142    -0.57219     8.70374
  632    469    -2.64336    -0.57219     8.70374
  637    469    -2.60306    -0.57219     8.70374
  638    469    -2.59500    -0.57219     8.70374
  639    469    -2.58694    -0.57219     8.70374
 1286    469     2.62724    -0.57219     8.70374
 1287    469     2.63530    -0.57219     8.70374
 1288    469     2.64336    -0.57219     8.70374
 1289    469     2.65142    -0.57219     8.70374
 1295    469     2.69977    -0.57219     8.70374
 1296    469     2.70783    -0.57219     8.70374
 1297    469     2.71589    -0.57219     8.70374
 1302    469     2.75618    -0.57219     8.70374
 1303    469     2.76424    -0.57219     8.70374
 1304    469     2.77230    -0.57219     8.70374
 1305    469     2.78036    -0.57219     8.70374
 1306    469     2.78842    -0.57219     8.70374
 1307    469     2.79648    -0.57219     8.70374
 1310    469     2.82066    -0.57219     8.70374
 1311    469     2.82872    -0.57219     8.70374
 1313    469     2.84483    -0.57219     8.70374
 1314    469     2.85289    -0.57219     8.70374
 1315    469     2.86095    -0.57219     8.70374
 1316    469     2.86901    -0.57219     8.70374
  615    470    -2.76769    -0.56156     8.66407
  616    470    -2.75967    -0.56156     8.66407
  617    470    -2.75164    -0.56156     8.66407
  620    470    -2.72758    -0.56156     8.66407
  621    470    -2.71955    -0.56156     8.66407
  622    470    -2.71153    -0.56156     8.66407
  629    470    -2.65538    -0.56156     8.66407
  630    470    -2.64735    -0.56156     8.66407
  631    470    -2.63933    -0.56156     8.66407
  637    470    -2.59120    -0.56156     8.66407
  638    470    -2.58318    -0.56156     8.66407
  639    470    -2.57515    -0.56156     8.66407
 1287    470     2.62329    -0.56156     8.66407
 1288    470     2.63131    -0.56156     8.66407
 1289    470     2.63933    -0.56156     8.66407
 1290    470     2.64735    -0.56156     8.66407
 1291    470     2.65538    -0.56156     8.66407
 1296    470     2.69549    -0.56156     8.66407
 1297    470     2.70351    -0.56156     8.66407
 1298    470     2.71153    -0.56156     8.66407
 1301    470     2.73560    -0.56156     8.66407
 1302    470     2.74362    -0.56156     8.66407
 1303    470     2.75164    -0.56156     8.66407
 1304    470     2.75967    -0.56156     8.66407
 1306    470     2.77571    -0.56156     8.66407
 1307    470     2.78373    -0.56156     8.66407
 1308    470     2.79175    -0.56156     8.66407
 1310    470     2.80780    -0.56156     8.66407
 1311    470     2.81582    -0.56156     8.66407
 1312    470     2.82384    -0.56156     8.66407
 1315    470     2.84791    -0.56156     8.66407
 1316    470     2.85593    -0.56156     8.66407
  614    471    -2.76311    -0.55103     8.62475
  615    471    -2.75513    -0.55103     8.62475
  616    471    -2.74714    -0.55103     8.62475
  619    471    -2.72319    -0.55103     8.62475
  620    471    -2.71520    -0.55103     8.62475
  621    471    -2.70721    -0.55103     8.62475
  629    471    -2.64333    -0.55103     8.62475
  630    471    -2.63534    -0.55103     8.62475
  631    471    -2.62736    -0.55103     8.62475
  636    471    -2.58743    -0.55103     8.62475
  637    471    -2.57944    -0.55103     8.62475
  638    471    -2.57145    -0.55103     8.62475
 1289    471     2.62736    -0.55103     8.62475
 1290    471     2.63534    -0.55103     8.62475
 1291    471     2.64333    -0.55103     8.62475
 1292    471     2.65131    -0.55103     8.62475
 1296    471     2.68326    -0.55103     8.62475
 1297    471     2.69124    -0.55103     8.62475
 1298    471     2.69923    -0.55103     8.62475
 1299    471     2.70721    -0.55103     8.62475
 1300    471     2.71520    -0.55103     8.62475
 1301    471     2.72319    -0.55103     8.62475
 1302    471     2.73117    -0.55103     8.62475
 1303    471     2.73916    -0.55103     8.62475
 1305    471     2.75513    -0.55103     8.62475
 1306    471     2.76311    -0.55103     8.62475
 1307    471     2.77110    -0.55103     8.62475
 1308    471     2.77909    -0.55103     8.62475
 1311    471     2.80304    -0.55103     8.62475
 1312    471     2.81103    -0.55103     8.62475
 1313    471     2.81902    -0.55103     8.62475
 1315    471     2.83499    -0.55103     8.62475
 1316    471     2.84297    -0.55103     8.62475
 1317    471     2.85096    -0.55103     8.62475
  613    472    -2.75858    -0.54059     8.58579
  614    472    -2.75063    -0.54059     8.58579
  615    472    -2.74268    -0.54059     8.58579
  618    472    -2.71883    -0.54059     8.58579
  619    472    -2.71088    -0.54059     8.58579
  620    472    -2.70294    -0.54059     8.58579
  628    472    -2.63934    -0.54059     8.58579
  629    472    -2.63139    -0.54059     8.58579
  630    472    -2.62344    -0.54059     8.58579
  635    472    -2.58369    -0.54059     8.58579
  636    472    -2.57574    -0.54059     8.58579
  637    472    -2.56779    -0.54059     8.58579
  638    472    -2.55984    -0.54059     8.58579
 1290    472     2.62344    -0.54059     8.58579
 1291    472     2.63139    -0.54059     8.58579
 1292    472     2.63934    -0.54059     8.58579
 1293    472     2.64729    -0.54059     8.58579
 1297    472     2.67909    -0.54059     8.58579
 1298    472     2.68704    -0.54059     8.58579
 1304    472     2.73473    -0.54059     8.58579
 1305    472     2.74268    -0.54059     8.58579
 1306    472     2.75063    -0.54059     8.58579
 1307    472     2.75858    -0.54059     8.58579
 1312    472     2.79833    -0.54059     8.58579
 1313    472     2.80628    -0.54059     8.58579
 1314    472     2.81423    -0.54059     8.58579
 1316    472     2.83013    -0.54059     8.58579
 1317    472     2.83808    -0.54059     8.58579
 1318    472     2.84603    -0.54059     8.58579
  612    473    -2.75409    -0.53024     8.54719
  613    473    -2.74618    -0.53024     8.54719
  614    473    -2.73827    -0.53024     8.54719
  615    473    -2.73035    -0.53024     8.54719
  617    473    -2.71452    -0.53024     8.54719
  618    473    -2.70661    -0.53024     8.54719
  619    473    -2.69869    -0.53024     8.54719
  625    473    -2.65121    -0.53024     8.54719
  626    473    -2.64330    -0.53024     8.54719
  627    473    -2.63538    -0.53024     8.54719
  628    473    -2.62747    -0.53024     8.54719
  629    473    -2.61955    -0.53024     8.54719
  634    473    -2.57998    -0.53024     8.54719
  635    473    -2.57207    -0.53024     8.54719
  636    473    -2.56416    -0.53024     8.54719
  637    473    -2.55624    -0.53024     8.54719
 1291    473     2.61955    -0.53024     8.54719
 1292    473     2.62747    -0.53024     8.54719
 1293    473     2.63538    -0.53024     8.54719
 1294    473     2.64330    -0.53024     8.54719
 1297    473     2.66704    -0.53024     8.54719
 1298    473     2.67495    -0.53024     8.54719
 1304    473     2.72244    -0.53024     8.54719
 1305    473     2.73035    -0.53024     8.54719
 1306    473     2.73827    -0.53024     8.54719
 1307    473     2.74618    -0.53024     8.54719
 1313    473     2.79366    -0.53024     8.54719
 1314    473     2.80158    -0.53024     8.54719
 1317    473     2.82532    -0.53024     8.54719
 1318    473     2.83323    -0.53024     8.54719
 1319    473     2.84115    -0.53024     8.54719
  612    474    -2.74176    -0.51999     8.50892
  613    474    -2.73389    -0.51999     8.50892
  614    474    -2.72601    -0.51999     8.50892
  616    474    -2.71025    -0.51999     8.50892
  617    474    -2.70237    -0.51999     8.50892
  618    474    -2.69449    -0.51999     8.50892
  623    474    -2.65510    -0.51999     8.50892
  624    474    -2.64722    -0.51999     8.50892
  625    474    -2.63934    -0.51999     8.50892
  626    474    -2.63146    -0.51999     8.50892
  627    474    -2.62358    -0.51999     8.50892
  628    474    -2.61571    -0.51999     8.50892
  632    474    -2.58419    -0.51999     8.50892
  633    474    -2.57631    -0.51999     8.50892
  634    474    -2.56843    -0.51999     8.50892
  635    474    -2.56056    -0.51999     8.50892
  636    474    -2.55268    -0.51999     8.50892
 1292    474     2.61571    -0.51999     8.50892
 1293    474     2.62358    -0.51999     8.50892
 1294    474     2.63146    -0.51999     8.50892
 1295    474     2.63934    -0.51999     8.50892
 1297    474     2.65510    -0.51999     8.50892
 1298    474     2.66298    -0.51999     8.50892
 1318    474     2.82055    -0.51999     8.50892
 1319    474     2.82843    -0.51999     8.50892
 1320    474     2.83631    -0.51999     8.50892
  611    475    -2.73739    -0.50983     8.47100
  612    475    -2.72955    -0.50983     8.47100
  613    475    -2.72170    -0.50983     8.47100
  616    475    -2.69817    -0.50983     8.47100
  617    475    -2.69033    -0.50983     8.47100
  622    475    -2.65111    -0.50983     8.47100
  623    475    -2.64327    -0.50983     8.47100
  624    475    -2.63542    -0.50983     8.47100
  625    475    -2.62758    -0.50983     8.47100
  626    475    -2.61974    -0.50983     8.47100
  627    475    -2.61189    -0.50983     8.47100
  628    475    -2.60405    -0.50983     8.47100
  629    475    -2.59621    -0.50983     8.47100
  633    475    -2.56483    -0.50983     8.47100
  634    475    -2.55699    -0.50983     8.47100
  635    475    -2.54914    -0.50983     8.47100
 1293    475     2.61189    -0.50983     8.47100
 1294    475     2.61974    -0.50983     8.47100
 1295    475     2.62758    -0.50983     8.47100
 1297    475     2.64327    -0.50983     8.47100
 1298    475     2.65111    -0.50983     8.47100
 1312    475     2.76092    -0.50983     8.47100
 1313    475     2.76876    -0.50983     8.47100
 1314    475     2.77661    -0.50983     8.47100
 1315    475     2.78445    -0.50983     8.47100
 1319    475     2.81582    -0.50983     8.47100
 1320    475     2.82367    -0.50983     8.47100
 1321    475     2.83151    -0.50983     8.47100
  611    476    -2.72524    -0.49976     8.43342
  612    476    -2.71743    -0.49976     8.43342
  613    476    -2.70963    -0.49976     8.43342
  615    476    -2.69401    -0.49976     8.43342
  616    476    -2.68620    -0.49976     8.43342
  617    476    -2.67839    -0.49976     8.43342
  622    476    -2.63935    -0.49976     8.43342
  623    476    -2.63154    -0.49976     8.43342
  624    476    -2.62373    -0.49976     8.43342
  625    476    -2.61592    -0.49976     8.43342
  626    476    -2.60811    -0.49976     8.43342
  627    476    -2.60030    -0.49976     8.43342
  628    476    -2.59250    -0.49976     8.43342
  629    476    -2.58469    -0.49976     8.43342
  630    476    -2.57688    -0.49976     8.43342
  631    476    -2.56907    -0.49976     8.43342
  632    476    -2.56126    -0.49976     8.43342
  633    476    -2.55345    -0.49976     8.43342
 1294    476     2.60811    -0.49976     8.43342
 1295    476     2.61592    -0.49976     8.43342
 1296    476     2.62373    -0.49976     8.43342
 1298    476     2.63935    -0.49976     8.43342
 1299    476     2.64716    -0.49976     8.43342
 1311    476     2.74086    -0.49976     8.43342
 1312    476     2.74867    -0.49976     8.43342
 1313    476     2.75648    -0.49976     8.43342
 1314    476     2.76429    -0.49976     8.43342
 1315    476     2.77210    -0.49976     8.43342
 1320    476     2.81114    -0.49976     8.43342
 1321    476     2.81895    -0.49976     8.43342
 1322    476     2.82676    -0.49976     8.43342
  610    477    -2.72098    -0.48978     8.39617
  611    477    -2.71321    -0.48978     8.39617
  612    477    -2.70543    -0.48978     8.39617
  614    477    -2.68988    -0.48978     8.39617
  615    477    -2.68211    -0.48978     8.39617
  618    477    -2.65879    -0.48978     8.39617
  619    477    -2.65101    -0.48978     8.39617
  620    477    -2.64324    -0.48978     8.39617
  621    477    -2.63546    -0.48978     8.39617
  622    477    -2.62769    -0.48978     8.39617
  623    477    -2.61991    -0.48978     8.39617
  624    477    -2.61214    -0.48978     8.39617
  625    477    -2.60437    -0.48978     8.39617
  626    477    -2.59659    -0.48978     8.39617
  627    477    -2.58882    -0.48978     8.39617
  628    477    -2.58104    -0.48978     8.39617
  629    477    -2.57327    -0.48978     8.39617
  630    477    -2.56550    -0.48978     8.39617
  631    477    -2.55772    -0.48978     8.39617
  632    477    -2.54995    -0.48978     8.39617
 1294    477     2.59659    -0.48978     8.39617
 1295    477     2.60437    -0.48978     8.39617
 1296    477     2.61214    -0.48978     8.39617
 1299    477     2.63546    -0.48978     8.39617
 1300    477     2.64324    -0.48978     8.39617
 1311    477     2.72875    -0.48978     8.39617
 1312    477     2.73653    -0.48978     8.39617
 1313    477     2.74430    -0.48978     8.39617
 1321    477     2.80650    -0.48978     8.39617
 1322    477     2.81427    -0.48978     8.39617
 1323    477     2.82204    -0.48978     8.39617
  609    478    -2.71675    -0.47988     8.35924
  610    478    -2.70901    -0.47988     8.35924
  611    478    -2.70127    -0.47988     8.35924
  617    478    -2.65483    -0.47988     8.35924
  618    478    -2.64709    -0.47988     8.35924
  619    478    -2.63935    -0.47988     8.35924
  620    478    -2.63161    -0.47988     8.35924
  621    478    -2.62387    -0.47988     8.35924
  622    478    -2.61613    -0.47988     8.35924
  623    478    -2.60839    -0.47988     8.35924
  624    478    -2.60065    -0.47988     8.35924
  625    478    -2.59291    -0.47988     8.35924
  626    478    -2.58517    -0.47988     8.35924
  627    478    -2.57743    -0.47988     8.35924
  628    478    -2.56969    -0.47988     8.35924
  629    478    -2.56195    -0.47988     8.35924
  630    478    -2.55421    -0.47988     8.35924
  631    478    -2.54647    -0.47988     8.35924
  632    478    -2.53873    -0.47988     8.35924
 1295    478     2.59291    -0.47988     8.35924
 1296    478     2.60065    -0.47988     8.35924
 1297    478     2.60839    -0.47988     8.35924
 1300    478     2.63161    -0.47988     8.35924
 1301    478     2.63935    -0.47988     8.35924
 1302    478     2.64709    -0.47988     8.35924
 1303    478     2.65483    -0.47988     8.35924
 1304    478     2.66257    -0.47988     8.35924
 1307    478     2.68579    -0.47988     8.35924
 1308    478     2.69353    -0.47988     8.35924
 1312    478     2.72449    -0.47988     8.35924
 1313    478     2.73223    -0.47988     8.35924
 1316    478     2.75545    -0.47988     8.35924
 1317    478     2.76319    -0.47988     8.35924
 1322    478     2.80189    -0.47988     8.35924
 1323    478     2.80963    -0.47988     8.35924
  608    479    -2.71256    -0.47008     8.32264
  609    479    -2.70486    -0.47008     8.32264
  610    479    -2.69715    -0.47008     8.32264
  615    479    -2.65862    -0.47008     8.32264
  616    479    -2.65091    -0.47008     8.32264
  617    479    -2.64321    -0.47008     8.32264
  618    479    -2.63550    -0.47008     8.32264
  619    479    -2.62780    -0.47008     8.32264
  620    479    -2.62009    -0.47008     8.32264
  621    479    -2.61238    -0.47008     8.32264
  622    479    -2.60468    -0.47008     8.32264
  623    479    -2.59697    -0.47008     8.32264
  624    479    -2.58927    -0.47008     8.32264
  625    479    -2.58156    -0.47008     8.32264
  626    479    -2.57385    -0.47008     8.32264
  627    479    -2.56615    -0.47008     8.32264
  628    479    -2.55844    -0.47008     8.32264
  629    479    -2.55073    -0.47008     8.32264
  630    479    -2.54303    -0.47008     8.32264
  631    479    -2.53532    -0.47008     8.32264
  632    479    -2.52762    -0.47008     8.32264
 1296    479     2.58927    -0.47008     8.32264
 1297    479     2.59697    -0.47008     8.32264
 1298    479     2.60468    -0.47008     8.32264
 1301    479     2.62780    -0.47008     8.32264
 1302    479     2.63550    -0.47008     8.32264
 1303    479     2.64321    -0.47008     8.32264
 1304    479     2.65091    -0.47008     8.32264
 1305    479     2.65862    -0.47008     8.32264
 1306    479     2.66633    -0.47008     8.32264
 1307    479     2.67403    -0.47008     8.32264
 1308    479     2.68174    -0.47008     8.32264
 1309    479     2.68945    -0.47008     8.32264
 1310    479     2.69715    -0.47008     8.32264
 1313    479     2.72027    -0.47008     8.32264
 1314    479     2.72798    -0.47008     8.32264
 1315    479     2.73568    -0.47008     8.32264
 1316    479     2.74339    -0.47008     8.32264
 1317    479     2.75109    -0.47008     8.32264
 1318    479     2.75880    -0.47008     8.32264
 1319    479     2.76651    -0.47008     8.32264
 1320    479     2.77421    -0.47008     8.32264
 1322    479     2.78963    -0.47008     8.32264
  608    480    -2.70074    -0.46035     8.28636
  609    480    -2.69307    -0.46035     8.28636
  613    480    -2.66238    -0.46035     8.28636
  614    480    -2.65470    -0.46035     8.28636
  615    480    -2.64703    -0.46035     8.28636
  616    480    -2.63936    -0.46035     8.28636
  617    480    -2.63169    -0.46035     8.28636
  618    480    -2.62401    -0.46035     8.28636
  619    480    -2.61634    -0.46035     8.28636
  620    480    -2.60867    -0.46035     8.28636
  621    480    -2.60100    -0.46035     8.28636
  622    480    -2.59332    -0.46035     8.28636
  623    480    -2.58565    -0.46035     8.28636
  624    480    -2.57798    -0.46035     8.28636
  626    480    -2.56263    -0.46035     8.28636
  627    480    -2.55496    -0.46035     8.28636
  628    480    -2.54729    -0.46035     8.28636
  629    480    -2.53961    -0.46035     8.28636
  630    480    -2.53194    -0.46035     8.28636
  631    480    -2.52427    -0.46035     8.28636
 1297    480     2.58565    -0.46035     8.28636
 1298    480     2.59332    -0.46035     8.28636
 1299    480     2.60100    -0.46035     8.28636
 1300    480     2.60867    -0.46035     8.28636
 1301    480     2.61634    -0.46035     8.28636
 1302    480     2.62401    -0.46035     8.28636
 1303    480     2.63169    -0.46035     8.28636
 1304    480     2.63936    -0.46035     8.28636
 1305    480     2.64703    -0.46035     8.28636
 1306    480     2.65470    -0.46035     8.28636
 1307    480     2.66238    -0.46035     8.28636
 1308    480     2.67005    -0.46035     8.28636
 1309    480     2.67772    -0.46035     8.28636
 1310    480     2.68539    -0.46035     8.28636
 1313    480     2.70841    -0.46035     8.28636
 1314    480     2.71608    -0.46035     8.28636
 1315    480     2.72376    -0.46035     8.28636
 1316    480     2.73143    -0.46035     8.28636
 1317    480     2.73910    -0.46035     8.28636
 1318    480     2.74677    -0.46035     8.28636
 1319    480     2.75445    -0.46035     8.28636
 1320    480     2.76212    -0.46035     8.28636
 1321    480     2.76979    -0.46035     8.28636
  607    481    -2.69666    -0.45072     8.25039
  608    481    -2.68902    -0.45072     8.25039
  612    481    -2.65846    -0.45072     8.25039
  613    481    -2.65082    -0.45072     8.25039
  614    481    -2.64318    -0.45072     8.25039
  615    481    -2.63554    -0.45072     8.25039
  616    481    -2.62790    -0.45072     8.25039
  617    481    -2.62026    -0.45072     8.25039
  618    481    -2.61262    -0.45072     8.25039
  619    481    -2.60498    -0.45072     8.25039
  620    481    -2.59734    -0.45072     8.25039
  621    481    -2.58971    -0.45072     8.25039
  622    481    -2.58207    -0.45072     8.25039
  626    481    -2.55151    -0.45072     8.25039
  627    481    -2.54387    -0.45072     8.25039
  628    481    -2.53623    -0.45072     8.25039
  629    481    -2.52859    -0.45072     8.25039
  630    481    -2.52095    -0.45072     8.25039
 1298    481     2.58207    -0.45072     8.25039
 1299    481     2.58971    -0.45072     8.25039
 1300    481     2.59734    -0.45072     8.25039
 1301    481     2.60498    -0.45072     8.25039
 1302    481     2.61262    -0.45072     8.25039
 1303    481     2.62026    -0.45072     8.25039
 1304    481     2.62790    -0.45072     8.25039
 1305    481     2.63554    -0.45072     8.25039
 1306    481     2.64318    -0.45072     8.25039
 1307    481     2.65082    -0.45072     8.25039
 1308    481     2.65846    -0.45072     8.25039
 1309    481     2.66610    -0.45072     8.25039
 1310    481     2.67374    -0.45072     8.25039
 1311    481     2.68138    -0.45072     8.25039
 1315    481     2.71193    -0.45072     8.25039
  611    482    -2.65458    -0.44116     8.21473
  612    482    -2.64697    -0.44116     8.21473
  613    482    -2.63936    -0.44116     8.21473
  614    482    -2.63176    -0.44116     8.21473
  615    482    -2.62415    -0.44116     8.21473
  616    482    -2.61654    -0.44116     8.21473
  617    482    -2.60894    -0.44116     8.21473
  618    482    -2.60133    -0.44116     8.21473
  619    482    -2.59373    -0.44116     8.21473
  620    482    -2.58612    -0.44116     8.21473
  625    482    -2.54809    -0.44116     8.21473
  626    482    -2.54048    -0.44116     8.21473
  627    482    -2.53288    -0.44116     8.21473
  628    482    -2.52527    -0.44116     8.21473
  629    482    -2.51766    -0.44116     8.21473
  630    482    -2.51006    -0.44116     8.21473
 1298    482     2.57091    -0.44116     8.21473
 1299    482     2.57851    -0.44116     8.21473
 1300    482     2.58612    -0.44116     8.21473
 1301    482     2.59373    -0.44116     8.21473
 1310    482     2.66218    -0.44116     8.21473
 1311    482     2.66979    -0.44116     8.21473
 1312    482     2.67739    -0.44116     8.21473
  604    483    -2.69617    -0.43169     8.17938
  605    483    -2.68859    -0.43169     8.17938
  606    483    -2.68102    -0.43169     8.17938
  610    483    -2.65073    -0.43169     8.17938
  611    483    -2.64315    -0.43169     8.17938
  612    483    -2.63558    -0.43169     8.17938
  613    483    -2.62801    -0.43169     8.17938
  614    483    -2.62043    -0.43169     8.17938
  615    483    -2.61286    -0.43169     8.17938
  616    483    -2.60529    -0.43169     8.17938
  617    483    -2.59771    -0.43169     8.17938
  618    483    -2.59014    -0.43169     8.17938
  624    483    -2.54470    -0.43169     8.17938
  625    483    -2.53712    -0.43169     8.17938
  626    483    -2.52955    -0.43169     8.17938
  627    483    -2.52198    -0.43169     8.17938
  628    483    -2.51440    -0.43169     8.17938
  629    483    -2.50683    -0.43169     8.17938
 1299    483     2.56742    -0.43169     8.17938
 1300    483     2.57499    -0.43169     8.17938
 1301    483     2.58256    -0.43169     8.17938
 1302    483     2.59014    -0.43169     8.17938
 1303    483     2.59771    -0.43169     8.17938
 1304    483     2.60529    -0.43169     8.17938
 1310    483     2.65073    -0.43169     8.17938
 1311    483     2.65830    -0.43169     8.17938
 1312    483     2.66587    -0.43169     8.17938
 1321    483     2.73403    -0.43169     8.17938
 1322    483     2.74161    -0.43169     8.17938
 1323    483     2.74918    -0.43169     8.17938
 1324    483     2.75676    -0.43169     8.17938
 1325    483     2.76433    -0.43169     8.17938
 1326    483     2.77190    -0.43169     8.17938
 1327    483     2.77948    -0.43169     8.17938
 1328    483     2.78705    -0.43169     8.17938
  602    484    -2.69970    -0.42230     8.14434
  603    484    -2.69216    -0.42230     8.14434
  604    484    -2.68461    -0.42230     8.14434
  605    484    -2.67707    -0.42230     8.14434
  606    484    -2.66953    -0.42230     8.14434
  607    484    -2.66199    -0.42230     8.14434
  608    484    -2.65445    -0.42230     8.14434
  609    484    -2.64691    -0.42230     8.14434
  610    484    -2.63937    -0.42230     8.14434
  611    484    -2.63183    -0.42230     8.14434
  612    484    -2.62429    -0.42230     8.14434
  613    484    -2.61675    -0.42230     8.14434
  614    484    -2.60920    -0.42230     8.14434
  615    484    -2.60166    -0.42230     8.14434
  622    484    -2.54888    -0.42230     8.14434
  623    484    -2.54133    -0.42230     8.14434
  624    484    -2.53379    -0.42230     8.14434
  625    484    -2.52625    -0.42230     8.14434
  626    484    -2.51871    -0.42230     8.14434
  627    484    -2.51117    -0.42230     8.14434
  628    484    -2.50363    -0.42230     8.14434
  629    484    -2.49609    -0.42230     8.14434
 1300    484     2.56396    -0.42230     8.14434
 1301    484     2.57150    -0.42230     8.14434
 1302    484     2.57904    -0.42230     8.14434
 1303    484     2.58658    -0.42230     8.14434
 1309    484     2.63183    -0.42230     8.14434
 1310    484     2.63937    -0.42230     8.14434
 1311    484     2.64691    -0.42230     8.14434
 1312    484     2.65445    -0.42230     8.14434
 1319    484     2.70724    -0.42230     8.14434
 1320    484     2.71478    -0.42230     8.14434
 1321    484     2.72232    -0.42230     8.14434
 1322    484     2.72986    -0.42230     8.14434
 1323    484     2.73740    -0.42230     8.14434
 1324    484     2.74494    -0.42230     8.14434
 1327    484     2.76757    -0.42230     8.14434
 1328    484     2.77511    -0.42230     8.14434
 1329    484     2.78265    -0.42230     8.14434
  601    485    -2.69569    -0.41299     8.10959
  602    485    -2.68818    -0.41299     8.10959
  603    485    -2.68067    -0.41299     8.10959
  604    485    -2.67316    -0.41299     8.10959
  605    485    -2.66565    -0.41299     8.10959
  606    485    -2.65814    -0.41299     8.10959
  607    485    -2.65063    -0.41299     8.10959
  608    485    -2.64313    -0.41299     8.10959
  609    485    -2.63562    -0.41299     8.10959
  610    485    -2.62811    -0.41299     8.10959
  611    485    -2.62060    -0.41299     8.10959
  612    485    -2.61309    -0.41299     8.10959
  613    485    -2.60558    -0.41299     8.10959
  614    485    -2.59807    -0.41299     8.10959
  620    485    -2.55302    -0.41299     8.10959
  621    485    -2.54551    -0.41299     8.10959
  622    485    -2.53800    -0.41299     8.10959
  623    485    -2.53049    -0.41299     8.10959
  624    485    -2.52298    -0.41299     8.10959
  625    485    -2.51547    -0.41299     8.10959
  626    485    -2.50797    -0.41299     8.10959
  627    485    -2.50046    -0.41299     8.10959
  628    485    -2.49295    -0.41299     8.10959
 1301    485     2.56053    -0.41299     8.10959
 1302    485     2.56804    -0.41299     8.10959
 1303    485     2.57555    -0.41299     8.10959
 1304    485     2.58305    -0.41299     8.10959
 1308    485     2.61309    -0.41299     8.10959
 1309    485     2.62060    -0.41299     8.10959
 1310    485     2.62811    -0.41299     8.10959
 1311    485     2.63562    -0.41299     8.10959
 1318    485     2.68818    -0.41299     8.10959
 1319    485     2.69569    -0.41299     8.10959
 1329    485     2.77078    -0.41299     8.10959
 1330    485     2.77829    -0.41299     8.10959
  601    486    -2.68424    -0.40376     8.07514
  602    486    -2.67676    -0.40376     8.07514
  603    486    -2.66928    -0.40376     8.07514
  604    486    -2.66180    -0.40376     8.07514
  605    486    -2.65433    -0.40376     8.07514
  606    486    -2.64685    -0.40376     8.07514
  607    486    -2.63937    -0.40376     8.07514
  608    486    -2.63190    -0.40376     8.07514
  609    486    -2.62442    -0.40376     8.07514
  610    486    -2.61694    -0.40376     8.07514
  611    486    -2.60947    -0.40376     8.07514
  612    486    -2.60199    -0.40376     8.07514
  613    486    -2.59451    -0.40376     8.07514
  618    486    -2.55713    -0.40376     8.07514
  619    486    -2.54965    -0.40376     8.07514
  620    486    -2.54217    -0.40376     8.07514
  621    486    -2.53470    -0.40376     8.07514
  622    486    -2.52722    -0.40376     8.07514
  623    486    -2.51974    -0.40376     8.07514
  624    486    -2.51226    -0.40376     8.07514
  625    486    -2.50479    -0.40376     8.07514
  626    486    -2.49731    -0.40376     8.07514
  627    486    -2.48983    -0.40376     8.07514
 1302    486     2.55713    -0.40376     8.07514
 1303    486     2.56460    -0.40376     8.07514
 1304    486     2.57208    -0.40376     8.07514
 1305    486     2.57956    -0.40376     8.07514
 1308    486     2.60199    -0.40376     8.07514
 1309    486     2.60947    -0.40376     8.07514
 1310    486     2.61694    -0.40376     8.07514
 1311    486     2.62442    -0.40376     8.07514
 1317    486     2.66928    -0.40376     8.07514
 1318    486     2.67676    -0.40376     8.07514
 1319    486     2.68424    -0.40376     8.07514
 1330    486     2.76648    -0.40376     8.07514
 1331    486     2.77396    -0.40376     8.07514
  600    487    -2.68033    -0.39460     8.04098
  601    487    -2.67288    -0.39460     8.04098
  602    487    -2.66543    -0.39460     8.04098
  603    487    -2.65799    -0.39460     8.04098
  604    487    -2.65054    -0.39460     8.04098
  609    487    -2.61332    -0.39460     8.04098
  610    487    -2.60587    -0.39460     8.04098
  611    487    -2.59843    -0.39460     8.04098
  612    487    -2.59098    -0.39460     8.04098
  617    487    -2.55375    -0.39460     8.04098
  618    487    -2.54631    -0.39460     8.04098
  619    487    -2.53886    -0.39460     8.04098
  620    487    -2.53142    -0.39460     8.04098
  621    487    -2.52397    -0.39460     8.04098
  622    487    -2.51653    -0.39460     8.04098
  623    487    -2.50908    -0.39460     8.04098
  624    487    -2.50164    -0.39460     8.04098
  625    487    -2.49419    -0.39460     8.04098
  626    487    -2.48675    -0.39460     8.04098
 1303    487     2.55375    -0.39460     8.04098
 1304    487     2.56120    -0.39460     8.04098
 1305    487     2.56865    -0.39460     8.04098
 1306    487     2.57609    -0.39460     8.04098
 1307    487     2.58354    -0.39460     8.04098
 1308    487     2.59098    -0.39460     8.04098
 1309    487     2.59843    -0.39460     8.04098
 1310    487     2.60587    -0.39460     8.04098
 1311    487     2.61332    -0.39460     8.04098
 1316    487     2.65054    -0.39460     8.04098
 1317    487     2.65799    -0.39460     8.04098
 1318    487     2.66543    -0.39460     8.04098
 1319    487     2.67288    -0.39460     8.04098
 1322    487     2.69522    -0.39460     8.04098
 1323    487     2.70266    -0.39460     8.04098
 1324    487     2.71011    -0.39460     8.04098
 1325    487     2.71755    -0.39460     8.04098
 1326    487     2.72500    -0.39460     8.04098
 1327    487     2.73244    -0.39460     8.04098
 1330    487     2.75478    -0.39460     8.04098
 1331    487     2.76222    -0.39460     8.04098
 1332    487     2.76967    -0.39460     8.04098
  599    488    -2.67645    -0.38553     8.00710
  600    488    -2.66903    -0.38553     8.00710
  601    488    -2.66162    -0.38553     8.00710
  602    488    -2.65421    -0.38553     8.00710
  603    488    -2.64679    -0.38553     8.00710
  608    488    -2.60972    -0.38553     8.00710
  609    488    -2.60231    -0.38553     8.00710
  610    488    -2.59489    -0.38553     8.00710
  611    488    -2.58748    -0.38553     8.00710
  612    488    -2.58007    -0.38553     8.00710
  615    488    -2.55782    -0.38553     8.00710
  616    488    -2.55041    -0.38553     8.00710
  617    488    -2.54300    -0.38553     8.00710
  618    488    -2.53558    -0.38553     8.00710
  619    488    -2.52817    -0.38553     8.00710
  620    488    -2.52075    -0.38553     8.00710
  621    488    -2.51334    -0.38553     8.00710
  622    488    -2.50593    -0.38553     8.00710
  623    488    -2.49851    -0.38553     8.00710
  624    488    -2.49110    -0.38553     8.00710
  625    488    -2.48368    -0.38553     8.00710
 1303    488     2.54300    -0.38553     8.00710
 1304    488     2.55041    -0.38553     8.00710
 1305    488     2.55782    -0.38553     8.00710
 1306    488     2.56524    -0.38553     8.00710
 1307    488     2.57265    -0.38553     8.00710
 1309    488     2.58748    -0.38553     8.00710
 1310    488     2.59489    -0.38553     8.00710
 1311    488     2.60231    -0.38553     8.00710
 1312    488     2.60972    -0.38553     8.00710
 1313    488     2.61714    -0.38553     8.00710
 1315    488     2.63196    -0.38553     8.00710
 1316    488     2.63938    -0.38553     8.00710
 1317    488     2.64679    -0.38553     8.00710
 1318    488     2.65421    -0.38553     8.00710
 1319    488     2.66162    -0.38553     8.00710
 1320    488     2.66903    -0.38553     8.00710
 1321    488     2.67645    -0.38553     8.00710
 1322    488     2.68386    -0.38553     8.00710
 1323    488     2.69128    -0.38553     8.00710
 1327    488     2.72093    -0.38553     8.00710
 1328    488     2.72835    -0.38553     8.00710
 1331    488     2.75059    -0.38553     8.00710
 1332    488     2.75800    -0.38553     8.00710
 1333    488     2.76542    -0.38553     8.00710
  599    489    -2.66522    -0.37653     7.97351
  600    489    -2.65784    -0.37653     7.97351
  601    489    -2.65045    -0.37653     7.97351
  602    489    -2.64307    -0.37653     7.97351
  603    489    -2.63569    -0.37653     7.97351
  605    489    -2.62092    -0.37653     7.97351
  606    489    -2.61354    -0.37653     7.97351
  607    489    -2.60616    -0.37653     7.97351
  608    489    -2.59877    -0.37653     7.97351
  609    489    -2.59139    -0.37653     7.97351
  610    489    -2.58401    -0.37653     7.97351
  611    489    -2.57663    -0.37653     7.97351
  612    489    -2.56924    -0.37653     7.97351
  613    489    -2.56186    -0.37653     7.97351
  614    489    -2.55448    -0.37653     7.97351
  615    489    -2.54709    -0.37653     7.97351
  616    489    -2.53971    -0.37653     7.97351
  617    489    -2.53233    -0.37653     7.97351
  618    489    -2.52495    -0.37653     7.97351
  619    489    -2.51756    -0.37653     7.97351
  620    489    -2.51018    -0.37653     7.97351
  621    489    -2.50280    -0.37653     7.97351
  622    489    -2.49541    -0.37653     7.97351
  623    489    -2.48803    -0.37653     7.97351
  624    489    -2.48065    -0.37653     7.97351
 1304    489     2.53971    -0.37653     7.97351
 1305    489     2.54709    -0.37653     7.97351
 1306    489     2.55448    -0.37653     7.97351
 1307    489     2.56186    -0.37653     7.97351
 1310    489     2.58401    -0.37653     7.97351
 1311    489     2.59139    -0.37653     7.97351
 1312    489     2.59877    -0.37653     7.97351
 1313    489     2.60616    -0.37653     7.97351
 1314    489     2.61354    -0.37653     7.97351
 1315    489     2.62092    -0.37653     7.97351
 1316    489     2.62831    -0.37653     7.97351
 1317    489     2.63569    -0.37653     7.97351
 1319    489     2.65045    -0.37653     7.97351
 1320    489     2.65784    -0.37653     7.97351
 1321    489     2.66522    -0.37653     7.97351
 1328    489     2.71690    -0.37653     7.97351
 1329    489     2.72428    -0.37653     7.97351
 1332    489     2.74643    -0.37653     7.97351
 1333    489     2.75382    -0.37653     7.97351
 1334    489     2.76120    -0.37653     7.97351
  599    490    -2.65409    -0.36760     7.94021
  600    490    -2.64674    -0.36760     7.94021
  601    490    -2.63938    -0.36760     7.94021
  602    490    -2.63203    -0.36760     7.94021
  603    490    -2.62468    -0.36760     7.94021
  604    490    -2.61733    -0.36760     7.94021
  605    490    -2.60997    -0.36760     7.94021
  606    490    -2.60262    -0.36760     7.94021
  607    490    -2.59527    -0.36760     7.94021
  608    490    -2.58792    -0.36760     7.94021
  609    490    -2.58057    -0.36760     7.94021
  610    490    -2.57321    -0.36760     7.94021
  611    490    -2.56586    -0.36760     7.94021
  612    490    -2.55851    -0.36760     7.94021
  613    490    -2.55116    -0.36760     7.94021
  614    490    -2.54381    -0.36760     7.94021
  615    490    -2.53645    -0.36760     7.94021
  616    490    -2.52910    -0.36760     7.94021
  617    490    -2.52175    -0.36760     7.94021
  618    490    -2.51440    -0.36760     7.94021
  619    490    -2.50705    -0.36760     7.94021
  620    490    -2.49969    -0.36760     7.94021
  621    490    -2.49234    -0.36760     7.94021
  622    490    -2.48499    -0.36760     7.94021
  623    490    -2.47764    -0.36760     7.94021
 1305    490     2.53645    -0.36760     7.94021
 1306    490     2.54381    -0.36760     7.94021
 1307    490     2.55116    -0.36760     7.94021
 1308    490     2.55851    -0.36760     7.94021
 1312    490     2.58792    -0.36760     7.94021
 1315    490     2.60997    -0.36760     7.94021
 1316    490     2.61733    -0.36760     7.94021
 1317    490     2.62468    -0.36760     7.94021
 1319    490     2.63938    -0.36760     7.94021
 1320    490     2.64674    -0.36760     7.94021
 1321    490     2.65409    -0.36760     7.94021
 1329    490     2.71290    -0.36760     7.94021
 1330    490     2.72026    -0.36760     7.94021
 1332    490     2.73496    -0.36760     7.94021
 1333    490     2.74231    -0.36760     7.94021
 1334    490     2.74966    -0.36760     7.94021
 1335    490     2.75702    -0.36760     7.94021
  600    491    -2.63572    -0.35875     7.90717
  601    491    -2.62840    -0.35875     7.90717
  602    491    -2.62108    -0.35875     7.90717
  603    491    -2.61376    -0.35875     7.90717
  604    491    -2.60644    -0.35875     7.90717
  605    491    -2.59912    -0.35875     7.90717
  606    491    -2.59180    -0.35875     7.90717
  607    491    -2.58447    -0.35875     7.90717
  608    491    -2.57715    -0.35875     7.90717
  609    491    -2.56983    -0.35875     7.90717
  610    491    -2.56251    -0.35875     7.90717
  611    491    -2.55519    -0.35875     7.90717
  612    491    -2.54787    -0.35875     7.90717
  613    491    -2.54055    -0.35875     7.90717
  614    491    -2.53322    -0.35875     7.90717
  615    491    -2.52590    -0.35875     7.90717
  616    491    -2.51858    -0.35875     7.90717
  617    491    -2.51126    -0.35875     7.90717
  618    491    -2.50394    -0.35875     7.90717
  619    491    -2.49662    -0.35875     7.90717
  620    491    -2.48930    -0.35875     7.90717
  621    491    -2.48197    -0.35875     7.90717
  622    491    -2.47465    -0.35875     7.90717
 1306    491     2.53322    -0.35875     7.90717
 1307    491     2.54055    -0.35875     7.90717
 1308    491     2.54787    -0.35875     7.90717
 1309    491     2.55519    -0.35875     7.90717
 1312    491     2.57715    -0.35875     7.90717
 1315    491     2.59912    -0.35875     7.90717
 1316    491     2.60644    -0.35875     7.90717
 1319    491     2.62840    -0.35875     7.90717
 1320    491     2.63572    -0.35875     7.90717
 1321    491     2.64305    -0.35875     7.90717
 1330    491     2.70894    -0.35875     7.90717
 1333    491     2.73090    -0.35875     7.90717
 1334    491     2.73823    -0.35875     7.90717
 1335    491     2.74555    -0.35875     7.90717
  602    492    -2.61022    -0.34997     7.87442
  603    492    -2.60293    -0.34997     7.87442
  604    492    -2.59564    -0.34997     7.87442
  605    492    -2.58835    -0.34997     7.87442
  606    492    -2.58106    -0.34997     7.87442
  607    492    -2.57377    -0.34997     7.87442
  608    492    -2.56648    -0.34997     7.87442
  610    492    -2.55189    -0.34997     7.87442
  611    492    -2.54460    -0.34997     7.87442
  612    492    -2.53731    -0.34997     7.87442
  613    492    -2.53002    -0.34997     7.87442
  614    492    -2.52273    -0.34997     7.87442
  615    492    -2.51544    -0.34997     7.87442
  616    492    -2.50815    -0.34997     7.87442
  617    492    -2.50086    -0.34997     7.87442
  618    492    -2.49357    -0.34997     7.87442
  619    492    -2.48627    -0.34997     7.87442
  620    492    -2.47898    -0.34997     7.87442
  621    492    -2.47169    -0.34997     7.87442
 1307    492     2.53002    -0.34997     7.87442
 1308    492     2.53731    -0.34997     7.87442
 1309    492     2.54460    -0.34997     7.87442
 1310    492     2.55189    -0.34997     7.87442
 1312    492     2.56648    -0.34997     7.87442
 1313    492     2.57377    -0.34997     7.87442
 1315    492     2.58835    -0.34997     7.87442
 1316    492     2.59564    -0.34997     7.87442
 1319    492     2.61751    -0.34997     7.87442
 1320    492     2.62481    -0.34997     7.87442
 1321    492     2.63210    -0.34997     7.87442
 1327    492     2.67584    -0.34997     7.87442
 1334    492     2.72688    -0.34997     7.87442
 1335    492     2.73417    -0.34997     7.87442
 1336    492     2.74146    -0.34997     7.87442
  602    493    -2.59945    -0.34127     7.84193
  603    493    -2.59219    -0.34127     7.84193
  604    493    -2.58493    -0.34127     7.84193
  605    493    -2.57767    -0.34127     7.84193
  606    493    -2.57041    -0.34127     7.84193
  612    493    -2.52684    -0.34127     7.84193
  613    493    -2.51958    -0.34127     7.84193
  614    493    -2.51232    -0.34127     7.84193
  615    493    -2.50506    -0.34127     7.84193
  616    493    -2.49780    -0.34127     7.84193
  617    493    -2.49054    -0.34127     7.84193
 1308    493     2.52684    -0.34127     7.84193
 1309    493     2.53410    -0.34127     7.84193
 1310    493     2.54137    -0.34127     7.84193
 1312    493     2.55589    -0.34127     7.84193
 1313    493     2.56315    -0.34127     7.84193
 1314    493     2.57041    -0.34127     7.84193
 1315    493     2.57767    -0.34127     7.84193
 1316    493     2.58493    -0.34127     7.84193
 1319    493     2.60672    -0.34127     7.84193
 1320    493     2.61398    -0.34127     7.84193
 1321    493     2.62124    -0.34127     7.84193
 1327    493     2.66480    -0.34127     7.84193
 1328    493     2.67206    -0.34127     7.84193
 1336    493     2.73015    -0.34127     7.84193
 1337    493     2.73741    -0.34127     7.84193
  608    494    -2.54539    -0.33264     7.80971
  609    494    -2.53816    -0.33264     7.80971
  610    494    -2.53092    -0.33264     7.80971
  611    494    -2.52369    -0.33264     7.80971
  616    494    -2.48754    -0.33264     7.80971
 1308    494     2.51646    -0.33264     7.80971
 1309    494     2.52369    -0.33264     7.80971
 1310    494     2.53092    -0.33264     7.80971
 1311    494     2.53816    -0.33264     7.80971
 1313    494     2.55262    -0.33264     7.80971
 1314    494     2.55985    -0.33264     7.80971
 1315    494     2.56708    -0.33264     7.80971
 1318    494     2.58877    -0.33264     7.80971
 1319    494     2.59601    -0.33264     7.80971
 1320    494     2.60324    -0.33264     7.80971
 1321    494     2.61047    -0.33264     7.80971
 1327    494     2.65385    -0.33264     7.80971
 1328    494     2.66109    -0.33264     7.80971
 1331    494     2.68278    -0.33264     7.80971
 1333    494     2.69724    -0.33264     7.80971
 1337    494     2.72617    -0.33264     7.80971
  607    495    -2.54217    -0.32407     7.77775
  608    495    -2.53497    -0.32407     7.77775
  609    495    -2.52777    -0.32407     7.77775
  610    495    -2.52057    -0.32407     7.77775
  611    495    -2.51337    -0.32407     7.77775
  612    495    -2.50616    -0.32407     7.77775
 1309    495     2.51337    -0.32407     7.77775
 1310    495     2.52057    -0.32407     7.77775
 1311    495     2.52777    -0.32407     7.77775
 1312    495     2.53497    -0.32407     7.77775
 1317    495     2.57098    -0.32407     7.77775
 1318    495     2.57818    -0.32407     7.77775
 1319    495     2.58538    -0.32407     7.77775
 1320    495     2.59258    -0.32407     7.77775
 1321    495     2.59979    -0.32407     7.77775
 1327    495     2.64300    -0.32407     7.77775
 1328    495     2.65020    -0.32407     7.77775
 1330    495     2.66460    -0.32407     7.77775
 1331    495     2.67180    -0.32407     7.77775
 1333    495     2.68621    -0.32407     7.77775
 1334    495     2.69341    -0.32407     7.77775
 1338    495     2.72221    -0.32407     7.77775
  606    496    -2.53899    -0.31558     7.74606
  607    496    -2.53181    -0.31558     7.74606
  608    496    -2.52464    -0.31558     7.74606
  609    496    -2.51747    -0.31558     7.74606
  610    496    -2.51030    -0.31558     7.74606
  611    496    -2.50312    -0.31558     7.74606
  612    496    -2.49595    -0.31558     7.74606
  613    496    -2.48878    -0.31558     7.74606
 1310    496     2.51030    -0.31558     7.74606
 1311    496     2.51747    -0.31558     7.74606
 1312    496     2.52464    -0.31558     7.74606
 1313    496     2.53181    -0.31558     7.74606
 1317    496     2.56050    -0.31558     7.74606
 1318    496     2.56767    -0.31558     7.74606
 1319    496     2.57485    -0.31558     7.74606
 1321    496     2.58919    -0.31558     7.74606
 1322    496     2.59636    -0.31558     7.74606
 1323    496     2.60354    -0.31558     7.74606
 1324    496     2.61071    -0.31558     7.74606
 1327    496     2.63222    -0.31558     7.74606
 1328    496     2.63940    -0.31558     7.74606
 1329    496     2.64657    -0.31558     7.74606
 1330    496     2.65374    -0.31558     7.74606
 1331    496     2.66091    -0.31558     7.74606
 1334    496     2.68243    -0.31558     7.74606
 1335    496     2.68960    -0.31558     7.74606
  604    497    -2.54297    -0.30716     7.71462
  605    497    -2.53582    -0.30716     7.71462
  606    497    -2.52868    -0.30716     7.71462
  607    497    -2.52154    -0.30716     7.71462
  608    497    -2.51439    -0.30716     7.71462
  609    497    -2.50725    -0.30716     7.71462
  610    497    -2.50011    -0.30716     7.71462
  611    497    -2.49296    -0.30716     7.71462
  612    497    -2.48582    -0.30716     7.71462
  613    497    -2.47868    -0.30716     7.71462
 1310    497     2.50011    -0.30716     7.71462
 1311    497     2.50725    -0.30716     7.71462
 1312    497     2.51439    -0.30716     7.71462
 1313    497     2.52154    -0.30716     7.71462
 1314    497     2.52868    -0.30716     7.71462
 1317    497     2.55011    -0.30716     7.71462
 1318    497     2.55725    -0.30716     7.71462
 1321    497     2.57868    -0.30716     7.71462
 1322    497     2.58583    -0.30716     7.71462
 1323    497     2.59297    -0.30716     7.71462
 1324    497     2.60011    -0.30716     7.71462
 1325    497     2.60726    -0.30716     7.71462
 1329    497     2.63583    -0.30716     7.71462
 1330    497     2.64297    -0.30716     7.71462
  601    498    -2.55403    -0.29880     7.68343
  602    498    -2.54692    -0.29880     7.68343
  603    498    -2.53980    -0.29880     7.68343
  604    498    -2.53269    -0.29880     7.68343
  605    498    -2.52557    -0.29880     7.68343
  606    498    -2.51846    -0.29880     7.68343
  607    498    -2.51134    -0.29880     7.68343
  608    498    -2.50423    -0.29880     7.68343
  609    498    -2.49712    -0.29880     7.68343
  610    498    -2.49000    -0.29880     7.68343
  611    498    -2.48289    -0.29880     7.68343
  612    498    -2.47577    -0.29880     7.68343
  613    498    -2.46866    -0.29880     7.68343
  614    498    -2.46154    -0.29880     7.68343
  615    498    -2.45443    -0.29880     7.68343
 1311    498     2.49712    -0.29880     7.68343
 1312    498     2.50423    -0.29880     7.68343
 1313    498     2.51134    -0.29880     7.68343
 1314    498     2.51846    -0.29880     7.68343
 1317    498     2.53980    -0.29880     7.68343
 1318    498     2.54692    -0.29880     7.68343
 1321    498     2.56826    -0.29880     7.68343
 1322    498     2.57537    -0.29880     7.68343
 1323    498     2.58249    -0.29880     7.68343
 1324    498     2.58960    -0.29880     7.68343
 1325    498     2.59672    -0.29880     7.68343
 1326    498     2.60383    -0.29880     7.68343
  599    499    -2.55792    -0.29051     7.65250
  600    499    -2.55083    -0.29051     7.65250
  601    499    -2.54375    -0.29051     7.65250
  602    499    -2.53666    -0.29051     7.65250
  603    499    -2.52958    -0.29051     7.65250
  604    499    -2.52249    -0.29051     7.65250
  605    499    -2.51540    -0.29051     7.65250
  606    499    -2.50832    -0.29051     7.65250
  607    499    -2.50123    -0.29051     7.65250
  608    499    -2.49415    -0.29051     7.65250
  610    499    -2.47998    -0.29051     7.65250
  611    499    -2.47289    -0.29051     7.65250
  612    499    -2.46581    -0.29051     7.65250
  613    499    -2.45872    -0.29051     7.65250
  614    499    -2.45163    -0.29051     7.65250
 1312    499     2.49415    -0.29051     7.65250
 1313    499     2.50123    -0.29051     7.65250
 1314    499     2.50832    -0.29051     7.65250
 1315    499     2.51540    -0.29051     7.65250
 1317    499     2.52958    -0.29051     7.65250
 1318    499     2.53666    -0.29051     7.65250
 1321    499     2.55792    -0.29051     7.65250
 1322    499     2.56500    -0.29051     7.65250
 1324    499     2.57918    -0.29051     7.65250
 1325    499     2.58626    -0.29051     7.65250
 1326    499     2.59335    -0.29051     7.65250
 1327    499     2.60043    -0.29051     7.65250
  590    500    -2.61118    -0.28229     7.62181
  599    500    -2.54766    -0.28229     7.62181
  600    500    -2.54060    -0.28229     7.62181
  601    500    -2.53355    -0.28229     7.62181
  602    500    -2.52649    -0.28229     7.62181
  603    500    -2.51943    -0.28229     7.62181
  604    500    -2.51238    -0.28229     7.62181
  605    500    -2.50532    -0.28229     7.62181
  606    500    -2.49826    -0.28229     7.62181
  607    500    -2.49120    -0.28229     7.62181
  608    500    -2.48415    -0.28229     7.62181
  610    500    -2.47003    -0.28229     7.62181
  611    500    -2.46298    -0.28229     7.62181
  612    500    -2.45592    -0.28229     7.62181
  613    500    -2.44886    -0.28229     7.62181
  614    500    -2.44180    -0.28229     7.62181
 1313    500     2.49120    -0.28229     7.62181
 1314    500     2.49826    -0.28229     7.62181
 1315    500     2.50532    -0.28229     7.62181
 1316    500     2.51238    -0.28229     7.62181
 1321    500     2.54766    -0.28229     7.62181
 1322    500     2.55472    -0.28229     7.62181
 1323    500     2.56178    -0.28229     7.62181
 1325    500     2.57589    -0.28229     7.62181
 1326    500     2.58295    -0.28229     7.62181
 1327    500     2.59001    -0.28229     7.62181
 1336    500     2.65352    -0.28229     7.62181
 1337    500     2.66058    -0.28229     7.62181
 1338    500     2.66763    -0.28229     7.62181
  589    501    -2.60778    -0.27413     7.59137
  590    501    -2.60075    -0.27413     7.59137
  597    501    -2.55155    -0.27413     7.59137
  598    501    -2.54452    -0.27413     7.59137
  599    501    -2.53749    -0.27413     7.59137
  600    501    -2.53046    -0.27413     7.59137
  601    501    -2.52343    -0.27413     7.59137
  602    501    -2.51640    -0.27413     7.59137
  603    501    -2.50937    -0.27413     7.59137
  604    501    -2.50234    -0.27413     7.59137
  605    501    -2.49531    -0.27413     7.59137
  606    501    -2.48828    -0.27413     7.59137
  609    501    -2.46720    -0.27413     7.59137
  610    501    -2.46017    -0.27413     7.59137
  611    501    -2.45314    -0.27413     7.59137
  612    501    -2.44611    -0.27413     7.59137
  613    501    -2.43908    -0.27413     7.59137
 1314    501     2.48828    -0.27413     7.59137
 1315    501     2.49531    -0.27413     7.59137
 1316    501     2.50234    -0.27413     7.59137
 1322    501     2.54452    -0.27413     7.59137
 1323    501     2.55155    -0.27413     7.59137
 1324    501     2.55857    -0.27413     7.59137
 1325    501     2.56560    -0.27413     7.59137
 1326    501     2.57263    -0.27413     7.59137
 1327    501     2.57966    -0.27413     7.59137
 1335    501     2.63589    -0.27413     7.59137
 1336    501     2.64292    -0.27413     7.59137
 1337    501     2.64995    -0.27413     7.59137
 1338    501     2.65698    -0.27413     7.59137
 1339    501     2.66401    -0.27413     7.59137
  588    502    -2.60440    -0.26604     7.56118
  589    502    -2.59740    -0.26604     7.56118
  596    502    -2.54840    -0.26604     7.56118
  597    502    -2.54140    -0.26604     7.56118
  598    502    -2.53439    -0.26604     7.56118
  599    502    -2.52739    -0.26604     7.56118
  600    502    -2.52039    -0.26604     7.56118
  601    502    -2.51339    -0.26604     7.56118
  602    502    -2.50639    -0.26604     7.56118
  603    502    -2.49939    -0.26604     7.56118
  604    502    -2.49239    -0.26604     7.56118
  607    502    -2.47138    -0.26604     7.56118
  608    502    -2.46438    -0.26604     7.56118
  609    502    -2.45738    -0.26604     7.56118
  610    502    -2.45038    -0.26604     7.56118
  611    502    -2.44338    -0.26604     7.56118
  612    502    -2.43638    -0.26604     7.56118
  613    502    -2.42938    -0.26604     7.56118
 1315    502     2.48539    -0.26604     7.56118
 1316    502     2.49239    -0.26604     7.56118
 1317    502     2.49939    -0.26604     7.56118
 1320    502     2.52039    -0.26604     7.56118
 1323    502     2.54140    -0.26604     7.56118
 1326    502     2.56240    -0.26604     7.56118
 1327    502     2.56940    -0.26604     7.56118
 1328    502     2.57640    -0.26604     7.56118
 1334    502     2.61841    -0.26604     7.56118
 1335    502     2.62541    -0.26604     7.56118
 1336    502     2.63241    -0.26604     7.56118
 1337    502     2.63941    -0.26604     7.56118
 1338    502     2.64641    -0.26604     7.56118
 1339    502     2.65341    -0.26604     7.56118
  588    503    -2.59409    -0.25801     7.53122
  589    503    -2.58711    -0.25801     7.53122
  592    503    -2.56619    -0.25801     7.53122
  596    503    -2.53830    -0.25801     7.53122
  597    503    -2.53133    -0.25801     7.53122
  598    503    -2.52435    -0.25801     7.53122
  599    503    -2.51738    -0.25801     7.53122
  600    503    -2.51041    -0.25801     7.53122
  601    503    -2.50343    -0.25801     7.53122
  602    503    -2.49646    -0.25801     7.53122
  606    503    -2.46857    -0.25801     7.53122
  607    503    -2.46159    -0.25801     7.53122
  608    503    -2.45462    -0.25801     7.53122
  609    503    -2.44765    -0.25801     7.53122
  610    503    -2.44067    -0.25801     7.53122
  611    503    -2.43370    -0.25801     7.53122
  612    503    -2.42673    -0.25801     7.53122
 1316    503     2.48251    -0.25801     7.53122
 1317    503     2.48949    -0.25801     7.53122
 1318    503     2.49646    -0.25801     7.53122
 1320    503     2.51041    -0.25801     7.53122
 1321    503     2.51738    -0.25801     7.53122
 1322    503     2.52435    -0.25801     7.53122
 1323    503     2.53133    -0.25801     7.53122
 1326    503     2.55225    -0.25801     7.53122
 1327    503     2.55922    -0.25801     7.53122
 1328    503     2.56619    -0.25801     7.53122
 1334    503     2.60803    -0.25801     7.53122
 1335    503     2.61501    -0.25801     7.53122
 1336    503     2.62198    -0.25801     7.53122
 1338    503     2.63593    -0.25801     7.53122
 1339    503     2.64290    -0.25801     7.53122
  587    504    -2.59079    -0.25005     7.50149
  588    504    -2.58385    -0.25005     7.50149
  591    504    -2.56301    -0.25005     7.50149
  592    504    -2.55606    -0.25005     7.50149
  596    504    -2.52828    -0.25005     7.50149
  597    504    -2.52134    -0.25005     7.50149
  598    504    -2.51439    -0.25005     7.50149
  599    504    -2.50744    -0.25005     7.50149
  600    504    -2.50050    -0.25005     7.50149
  605    504    -2.46577    -0.25005     7.50149
  606    504    -2.45882    -0.25005     7.50149
  607    504    -2.45188    -0.25005     7.50149
  608    504    -2.44493    -0.25005     7.50149
  609    504    -2.43799    -0.25005     7.50149
  610    504    -2.43104    -0.25005     7.50149
  611    504    -2.42409    -0.25005     7.50149
 1317    504     2.47966    -0.25005     7.50149
 1318    504     2.48661    -0.25005     7.50149
 1319    504     2.49355    -0.25005     7.50149
 1321    504     2.50744    -0.25005     7.50149
 1322    504     2.51439    -0.25005     7.50149
 1323    504     2.52134    -0.25005     7.50149
 1324    504     2.52828    -0.25005     7.50149
 1325    504     2.53523    -0.25005     7.50149
 1326    504     2.54217    -0.25005     7.50149
 1327    504     2.54912    -0.25005     7.50149
 1328    504     2.55606    -0.25005     7.50149
 1334    504     2.59774    -0.25005     7.50149
 1335    504     2.60469    -0.25005     7.50149
 1336    504     2.61163    -0.25005     7.50149
 1338    504     2.62552    -0.25005     7.50149
 1339    504     2.63247    -0.25005     7.50149
  585    505    -2.59445    -0.24215     7.47201
  586    505    -2.58753    -0.24215     7.47201
  587    505    -2.58061    -0.24215     7.47201
  588    505    -2.57369    -0.24215     7.47201
  591    505    -2.55294    -0.24215     7.47201
  595    505    -2.52526    -0.24215     7.47201
  596    505    -2.51834    -0.24215     7.47201
  597    505    -2.51142    -0.24215     7.47201
  598    505    -2.50451    -0.24215     7.47201
  599    505    -2.49759    -0.24215     7.47201
  603    505    -2.46991    -0.24215     7.47201
  604    505    -2.46299    -0.24215     7.47201
  605    505    -2.45608    -0.24215     7.47201
  606    505    -2.44916    -0.24215     7.47201
  607    505    -2.44224    -0.24215     7.47201
  608    505    -2.43532    -0.24215     7.47201
  609    505    -2.42840    -0.24215     7.47201
  610    505    -2.42148    -0.24215     7.47201
 1318    505     2.47683    -0.24215     7.47201
 1319    505     2.48375    -0.24215     7.47201
 1320    505     2.49067    -0.24215     7.47201
 1326    505     2.53218    -0.24215     7.47201
 1327    505     2.53910    -0.24215     7.47201
 1328    505     2.54602    -0.24215     7.47201
 1329    505     2.55294    -0.24215     7.47201
 1334    505     2.58753    -0.24215     7.47201
 1335    505     2.59445    -0.24215     7.47201
 1336    505     2.60136    -0.24215     7.47201
 1338    505     2.61520    -0.24215     7.47201
 1339    505     2.62212    -0.24215     7.47201
 1346    505     2.67055    -0.24215     7.47201
 1347    505     2.67747    -0.24215     7.47201
 1348    505     2.68439    -0.24215     7.47201
  584    506    -2.59118    -0.23431     7.44275
  585    506    -2.58429    -0.23431     7.44275
  586    506    -2.57740    -0.23431     7.44275
  590    506    -2.54983    -0.23431     7.44275
  594    506    -2.52226    -0.23431     7.44275
  595    506    -2.51537    -0.23431     7.44275
  596    506    -2.50848    -0.23431     7.44275
  597    506    -2.50159    -0.23431     7.44275
  598    506    -2.49470    -0.23431     7.44275
  599    506    -2.48781    -0.23431     7.44275
  601    506    -2.47402    -0.23431     7.44275
  602    506    -2.46713    -0.23431     7.44275
  603    506    -2.46024    -0.23431     7.44275
  604    506    -2.45335    -0.23431     7.44275
  605    506    -2.44646    -0.23431     7.44275
  606    506    -2.43957    -0.23431     7.44275
  607    506    -2.43268    -0.23431     7.44275
  608    506    -2.42578    -0.23431     7.44275
  609    506    -2.41889    -0.23431     7.44275
 1318    506     2.46713    -0.23431     7.44275
 1319    506     2.47402    -0.23431     7.44275
 1320    506     2.48092    -0.23431     7.44275
 1321    506     2.48781    -0.23431     7.44275
 1326    506     2.52226    -0.23431     7.44275
 1327    506     2.52916    -0.23431     7.44275
 1328    506     2.53605    -0.23431     7.44275
 1329    506     2.54294    -0.23431     7.44275
 1334    506     2.57740    -0.23431     7.44275
 1335    506     2.58429    -0.23431     7.44275
 1336    506     2.59118    -0.23431     7.44275
 1337    506     2.59807    -0.23431     7.44275
 1338    506     2.60496    -0.23431     7.44275
 1339    506     2.61185    -0.23431     7.44275
 1345    506     2.65320    -0.23431     7.44275
 1346    506     2.66009    -0.23431     7.44275
 1347    506     2.66698    -0.23431     7.44275
 1348    506     2.67388    -0.23431     7.44275
 1349    506     2.68077    -0.23431     7.44275
  583    507    -2.58794    -0.22653     7.41372
  584    507    -2.58107    -0.22653     7.41372
  585    507    -2.57421    -0.22653     7.41372
  593    507    -2.51929    -0.22653     7.41372
  594    507    -2.51243    -0.22653     7.41372
  595    507    -2.50556    -0.22653     7.41372
  596    507    -2.49870    -0.22653     7.41372
  597    507    -2.49183    -0.22653     7.41372
  598    507    -2.48497    -0.22653     7.41372
  599    507    -2.47810    -0.22653     7.41372
  601    507    -2.46437    -0.22653     7.41372
  602    507    -2.45751    -0.22653     7.41372
  603    507    -2.45065    -0.22653     7.41372
  604    507    -2.44378    -0.22653     7.41372
  605    507    -2.43692    -0.22653     7.41372
  606    507    -2.43005    -0.22653     7.41372
  607    507    -2.42319    -0.22653     7.41372
  608    507    -2.41632    -0.22653     7.41372
  609    507    -2.40946    -0.22653     7.41372
 1319    507     2.46437    -0.22653     7.41372
 1320    507     2.47124    -0.22653     7.41372
 1321    507     2.47810    -0.22653     7.41372
 1322    507     2.48497    -0.22653     7.41372
 1323    507     2.49183    -0.22653     7.41372
 1326    507     2.51243    -0.22653     7.41372
 1327    507     2.51929    -0.22653     7.41372
 1328    507     2.52616    -0.22653     7.41372
 1329    507     2.53302    -0.22653     7.41372
 1335    507     2.57421    -0.22653     7.41372
 1336    507     2.58107    -0.22653     7.41372
 1337    507     2.58794    -0.22653     7.41372
 1338    507     2.59480    -0.22653     7.41372
 1339    507     2.60167    -0.22653     7.41372
 1343    507     2.62912    -0.22653     7.41372
 1344    507     2.63599    -0.22653     7.41372
 1345    507     2.64285    -0.22653     7.41372
 1346    507     2.64972    -0.22653     7.41372
 1347    507     2.65658    -0.22653     7.41372
 1348    507     2.66345    -0.22653     7.41372
 1349    507     2.67031    -0.22653     7.41372
 1350    507     2.67718    -0.22653     7.41372
  582    508    -2.58472    -0.21881     7.38491
  583    508    -2.57788    -0.21881     7.38491
  584    508    -2.57104    -0.21881     7.38491
  585    508    -2.56421    -0.21881     7.38491
  587    508    -2.55053    -0.21881     7.38491
  588    508    -2.54369    -0.21881     7.38491
  591    508    -2.52318    -0.21881     7.38491
  592    508    -2.51634    -0.21881     7.38491
  593    508    -2.50950    -0.21881     7.38491
  594    508    -2.50267    -0.21881     7.38491
  595    508    -2.49583    -0.21881     7.38491
  596    508    -2.48899    -0.21881     7.38491
  597    508    -2.48215    -0.21881     7.38491
  598    508    -2.47531    -0.21881     7.38491
  600    508    -2.46164    -0.21881     7.38491
  601    508    -2.45480    -0.21881     7.38491
  602    508    -2.44796    -0.21881     7.38491
  603    508    -2.44112    -0.21881     7.38491
  604    508    -2.43429    -0.21881     7.38491
  605    508    -2.42745    -0.21881     7.38491
  606    508    -2.42061    -0.21881     7.38491
  607    508    -2.41377    -0.21881     7.38491
  608    508    -2.40693    -0.21881     7.38491
 1320    508     2.46164    -0.21881     7.38491
 1321    508     2.46848    -0.21881     7.38491
 1322    508     2.47531    -0.21881     7.38491
 1323    508     2.48215    -0.21881     7.38491
 1324    508     2.48899    -0.21881     7.38491
 1326    508     2.50267    -0.21881     7.38491
 1327    508     2.50950    -0.21881     7.38491
 1328    508     2.51634    -0.21881     7.38491
 1329    508     2.52318    -0.21881     7.38491
 1337    508     2.57788    -0.21881     7.38491
 1343    508     2.61891    -0.21881     7.38491
 1344    508     2.62575    -0.21881     7.38491
 1345    508     2.63259    -0.21881     7.38491
 1346    508     2.63942    -0.21881     7.38491
 1348    508     2.65310    -0.21881     7.38491
 1349    508     2.65994    -0.21881     7.38491
 1350    508     2.66677    -0.21881     7.38491
 1351    508     2.67361    -0.21881     7.38491
  581    509    -2.58153    -0.21115     7.35633
  582    509    -2.57472    -0.21115     7.35633
  583    509    -2.56791    -0.21115     7.35633
  584    509    -2.56109    -0.21115     7.35633
  586    509    -2.54747    -0.21115     7.35633
  587    509    -2.54066    -0.21115     7.35633
  590    509    -2.52023    -0.21115     7.35633
  591    509    -2.51341    -0.21115     7.35633
  592    509    -2.50660    -0.21115     7.35633
  593    509    -2.49979    -0.21115     7.35633
  594    509    -2.49298    -0.21115     7.35633
  595    509    -2.48617    -0.21115     7.35633
  596    509    -2.47936    -0.21115     7.35633
  597    509    -2.47255    -0.21115     7.35633
  599    509    -2.45892    -0.21115     7.35633
  600    509    -2.45211    -0.21115     7.35633
  601    509    -2.44530    -0.21115     7.35633
  602    509    -2.43849    -0.21115     7.35633
  603    509    -2.43168    -0.21115     7.35633
  604    509    -2.42487    -0.21115     7.35633
  605    509    -2.41805    -0.21115     7.35633
  606    509    -2.41124    -0.21115     7.35633
  607    509    -2.40443    -0.21115     7.35633
 1321    509     2.45892    -0.21115     7.35633
 1322    509     2.46573    -0.21115     7.35633
 1323    509     2.47255    -0.21115     7.35633
 1324    509     2.47936    -0.21115     7.35633
 1326    509     2.49298    -0.21115     7.35633
 1327    509     2.49979    -0.21115     7.35633
 1328    509     2.50660    -0.21115     7.35633
 1329    509     2.51341    -0.21115     7.35633
 1342    509     2.60196    -0.21115     7.35633
 1343    509     2.60877    -0.21115     7.35633
 1344    509     2.61559    -0.21115     7.35633
 1349    509     2.64964    -0.21115     7.35633
 1350    509     2.65645    -0.21115     7.35633
 1351    509     2.66327    -0.21115     7.35633
  580    510    -2.57836    -0.20355     7.32797
  581    510    -2.57158    -0.20355     7.32797
  582    510    -2.56479    -0.20355     7.32797
  583    510    -2.55801    -0.20355     7.32797
  585    510    -2.54443    -0.20355     7.32797
  586    510    -2.53765    -0.20355     7.32797
  587    510    -2.53086    -0.20355     7.32797
  589    510    -2.51729    -0.20355     7.32797
  590    510    -2.51051    -0.20355     7.32797
  591    510    -2.50372    -0.20355     7.32797
  592    510    -2.49694    -0.20355     7.32797
  593    510    -2.49015    -0.20355     7.32797
  594    510    -2.48337    -0.20355     7.32797
  595    510    -2.47658    -0.20355     7.32797
  598    510    -2.45623    -0.20355     7.32797
  599    510    -2.44944    -0.20355     7.32797
  600    510    -2.44266    -0.20355     7.32797
  601    510    -2.43587    -0.20355     7.32797
  602    510    -2.42909    -0.20355     7.32797
  603    510    -2.42230    -0.20355     7.32797
  604    510    -2.41552    -0.20355     7.32797
  605    510    -2.40873    -0.20355     7.32797
 1322    510     2.45623    -0.20355     7.32797
 1323    510     2.46301    -0.20355     7.32797
 1324    510     2.46980    -0.20355     7.32797
 1325    510     2.47658    -0.20355     7.32797
 1327    510     2.49015    -0.20355     7.32797
 1328    510     2.49694    -0.20355     7.32797
 1329    510     2.50372    -0.20355     7.32797
 1330    510     2.51051    -0.20355     7.32797
 1342    510     2.59193    -0.20355     7.32797
 1343    510     2.59872    -0.20355     7.32797
 1344    510     2.60550    -0.20355     7.32797
 1347    510     2.62586    -0.20355     7.32797
 1350    510     2.64621    -0.20355     7.32797
 1351    510     2.65300    -0.20355     7.32797
 1352    510     2.65978    -0.20355     7.32797
  579    511    -2.57522    -0.19601     7.29983
  580    511    -2.56846    -0.19601     7.29983
  581    511    -2.56170    -0.19601     7.29983
  582    511    -2.55494    -0.19601     7.29983
  585    511    -2.53466    -0.19601     7.29983
  586    511    -2.52790    -0.19601     7.29983
  588    511    -2.51439    -0.19601     7.29983
  589    511    -2.50763    -0.19601     7.29983
  590    511    -2.50087    -0.19601     7.29983
  591    511    -2.49411    -0.19601     7.29983
  592    511    -2.48735    -0.19601     7.29983
  593    511    -2.48059    -0.19601     7.29983
  594    511    -2.47383    -0.19601     7.29983
  595    511    -2.46707    -0.19601     7.29983
  597    511    -2.45355    -0.19601     7.29983
  598    511    -2.44679    -0.19601     7.29983
  599    511    -2.44004    -0.19601     7.29983
  600    511    -2.43328    -0.19601     7.29983
  601    511    -2.42652    -0.19601     7.29983
  602    511    -2.41976    -0.19601     7.29983
  603    511    -2.41300    -0.19601     7.29983
 1322    511     2.44679    -0.19601     7.29983
 1323    511     2.45355    -0.19601     7.29983
 1324    511     2.46031    -0.19601     7.29983
 1325    511     2.46707    -0.19601     7.29983
 1328    511     2.48735    -0.19601     7.29983
 1329    511     2.49411    -0.19601     7.29983
 1330    511     2.50087    -0.19601     7.29983
 1331    511     2.50763    -0.19601     7.29983
 1332    511     2.51439    -0.19601     7.29983
 1333    511     2.52114    -0.19601     7.29983
 1334    511     2.52790    -0.19601     7.29983
 1342    511     2.58198    -0.19601     7.29983
 1343    511     2.58874    -0.19601     7.29983
 1344    511     2.59549    -0.19601     7.29983
 1345    511     2.60225    -0.19601     7.29983
 1346    511     2.60901    -0.19601     7.29983
 1347    511     2.61577    -0.19601     7.29983
 1348    511     2.62253    -0.19601     7.29983
 1351    511     2.64281    -0.19601     7.29983
 1352    511     2.64957    -0.19601     7.29983
 1353    511     2.65633    -0.19601     7.29983
  578    512    -2.57210    -0.18853     7.27190
  579    512    -2.56537    -0.18853     7.27190
  580    512    -2.55863    -0.18853     7.27190
  581    512    -2.55190    -0.18853     7.27190
  582    512    -2.54517    -0.18853     7.27190
  584    512    -2.53170    -0.18853     7.27190
  585    512    -2.52497    -0.18853     7.27190
  586    512    -2.51823    -0.18853     7.27190
  587    512    -2.51150    -0.18853     7.27190
  588    512    -2.50477    -0.18853     7.27190
  589    512    -2.49803    -0.18853     7.27190
  590    512    -2.49130    -0.18853     7.27190
  591    512    -2.48457    -0.18853     7.27190
  592    512    -2.47783    -0.18853     7.27190
  593    512    -2.47110    -0.18853     7.27190
  594    512    -2.46437    -0.18853     7.27190
  596    512    -2.45090    -0.18853     7.27190
  597    512    -2.44417    -0.18853     7.27190
  598    512    -2.43743    -0.18853     7.27190
  599    512    -2.43070    -0.18853     7.27190
  600    512    -2.42397    -0.18853     7.27190
  601    512    -2.41723    -0.18853     7.27190
  602    512    -2.41050    -0.18853     7.27190
 1323    512     2.44417    -0.18853     7.27190
 1324    512     2.45090    -0.18853     7.27190
 1325    512     2.45763    -0.18853     7.27190
 1326    512     2.46437    -0.18853     7.27190
 1328    512     2.47783    -0.18853     7.27190
 1329    512     2.48457    -0.18853     7.27190
 1330    512     2.49130    -0.18853     7.27190
 1331    512     2.49803    -0.18853     7.27190
 1332    512     2.50477    -0.18853     7.27190
 1333    512     2.51150    -0.18853     7.27190
 1334    512     2.51823    -0.18853     7.27190
 1335    512     2.52497    -0.18853     7.27190
 1336    512     2.53170    -0.18853     7.27190
 1343    512     2.57883    -0.18853     7.27190
 1344    512     2.58557    -0.18853     7.27190
 1345    512     2.59230    -0.18853     7.27190
 1346    512     2.59903    -0.18853     7.27190
 1347    512     2.60576    -0.18853     7.27190
 1348    512     2.61250    -0.18853     7.27190
 1352    512     2.63943    -0.18853     7.27190
 1353    512     2.64616    -0.18853     7.27190
 1354    512     2.65290    -0.18853     7.27190
  577    513    -2.56900    -0.18110     7.24419
  578    513    -2.56230    -0.18110     7.24419
  579    513    -2.55559    -0.18110     7.24419
  580    513    -2.54888    -0.18110     7.24419
  581    513    -2.54217    -0.18110     7.24419
  585    513    -2.51534    -0.18110     7.24419
  586    513    -2.50864    -0.18110     7.24419
  587    513    -2.50193    -0.18110     7.24419
  588    513    -2.49522    -0.18110     7.24419
  589    513    -2.48851    -0.18110     7.24419
  590    513    -2.48180    -0.18110     7.24419
  591    513    -2.47510    -0.18110     7.24419
  592    513    -2.46839    -0.18110     7.24419
  593    513    -2.46168    -0.18110     7.24419
  596    513    -2.44156    -0.18110     7.24419
  597    513    -2.43485    -0.18110     7.24419
  598    513    -2.42814    -0.18110     7.24419
  599    513    -2.42144    -0.18110     7.24419
  600    513    -2.41473    -0.18110     7.24419
  601    513    -2.40802    -0.18110     7.24419
 1324    513     2.44156    -0.18110     7.24419
 1325    513     2.44827    -0.18110     7.24419
 1326    513     2.45497    -0.18110     7.24419
 1327    513     2.46168    -0.18110     7.24419
 1329    513     2.47510    -0.18110     7.24419
 1330    513     2.48180    -0.18110     7.24419
 1331    513     2.48851    -0.18110     7.24419
 1332    513     2.49522    -0.18110     7.24419
 1333    513     2.50193    -0.18110     7.24419
 1334    513     2.50864    -0.18110     7.24419
 1335    513     2.51534    -0.18110     7.24419
 1336    513     2.52205    -0.18110     7.24419
 1344    513     2.57571    -0.18110     7.24419
 1345    513     2.58242    -0.18110     7.24419
 1346    513     2.58913    -0.18110     7.24419
 1353    513     2.63608    -0.18110     7.24419
 1354    513     2.64279    -0.18110     7.24419
 1355    513     2.64949    -0.18110     7.24419
  576    514    -2.56593    -0.17373     7.21668
  577    514    -2.55925    -0.17373     7.21668
  578    514    -2.55257    -0.17373     7.21668
  579    514    -2.54589    -0.17373     7.21668
  580    514    -2.53920    -0.17373     7.21668
  585    514    -2.50579    -0.17373     7.21668
  586    514    -2.49911    -0.17373     7.21668
  587    514    -2.49243    -0.17373     7.21668
  588    514    -2.48575    -0.17373     7.21668
  589    514    -2.47906    -0.17373     7.21668
  590    514    -2.47238    -0.17373     7.21668
  591    514    -2.46570    -0.17373     7.21668
  592    514    -2.45902    -0.17373     7.21668
  595    514    -2.43897    -0.17373     7.21668
  596    514    -2.43229    -0.17373     7.21668
  597    514    -2.42561    -0.17373     7.21668
  598    514    -2.41893    -0.17373     7.21668
  599    514    -2.41224    -0.17373     7.21668
  600    514    -2.40556    -0.17373     7.21668
 1325    514     2.43897    -0.17373     7.21668
 1326    514     2.44565    -0.17373     7.21668
 1327    514     2.45234    -0.17373     7.21668
 1328    514     2.45902    -0.17373     7.21668
 1331    514     2.47906    -0.17373     7.21668
 1332    514     2.48575    -0.17373     7.21668
 1334    514     2.49911    -0.17373     7.21668
 1335    514     2.50579    -0.17373     7.21668
 1336    514     2.51247    -0.17373     7.21668
 1350    514     2.60602    -0.17373     7.21668
 1354    514     2.63275    -0.17373     7.21668
 1355    514     2.63944    -0.17373     7.21668
 1356    514     2.64612    -0.17373     7.21668
  575    515    -2.56288    -0.16642     7.18939
  576    515    -2.55623    -0.16642     7.18939
  577    515    -2.54957    -0.16642     7.18939
  578    515    -2.54291    -0.16642     7.18939
  579    515    -2.53626    -0.16642     7.18939
  584    515    -2.50297    -0.16642     7.18939
  585    515    -2.49632    -0.16642     7.18939
  586    515    -2.48966    -0.16642     7.18939
  587    515    -2.48300    -0.16642     7.18939
  588    515    -2.47634    -0.16642     7.18939
  589    515    -2.46969    -0.16642     7.18939
  590    515    -2.46303    -0.16642     7.18939
  591    515    -2.45637    -0.16642     7.18939
  595    515    -2.42975    -0.16642     7.18939
  596    515    -2.42309    -0.16642     7.18939
  597    515    -2.41643    -0.16642     7.18939
  598    515    -2.40978    -0.16642     7.18939
  599    515    -2.40312    -0.16642     7.18939
  600    515    -2.39646    -0.16642     7.18939
 1326    515     2.43640    -0.16642     7.18939
 1327    515     2.44306    -0.16642     7.18939
 1328    515     2.44972    -0.16642     7.18939
 1329    515     2.45637    -0.16642     7.18939
 1334    515     2.48966    -0.16642     7.18939
 1335    515     2.49632    -0.16642     7.18939
 1336    515     2.50297    -0.16642     7.18939
 1350    515     2.59617    -0.16642     7.18939
 1351    515     2.60282    -0.16642     7.18939
 1352    515     2.60948    -0.16642     7.18939
 1355    515     2.62945    -0.16642     7.18939
 1356    515     2.63611    -0.16642     7.18939
 1357    515     2.64277    -0.16642     7.18939
  574    516    -2.55986    -0.15916     7.16230
  575    516    -2.55323    -0.15916     7.16230
  576    516    -2.54659    -0.15916     7.16230
  577    516    -2.53996    -0.15916     7.16230
  578    516    -2.53333    -0.15916     7.16230
  583    516    -2.50017    -0.15916     7.16230
  584    516    -2.49354    -0.15916     7.16230
  585    516    -2.48691    -0.15916     7.16230
  586    516    -2.48028    -0.15916     7.16230
  587    516    -2.47365    -0.15916     7.16230
  594    516    -2.42722    -0.15916     7.16230
  595    516    -2.42059    -0.15916     7.16230
  596    516    -2.41396    -0.15916     7.16230
  597    516    -2.40733    -0.15916     7.16230
  598    516    -2.40070    -0.15916     7.16230
  599    516    -2.39406    -0.15916     7.16230
  600    516    -2.38743    -0.15916     7.16230
 1326    516     2.42722    -0.15916     7.16230
 1327    516     2.43385    -0.15916     7.16230
 1328    516     2.44049    -0.15916     7.16230
 1329    516     2.44712    -0.15916     7.16230
 1330    516     2.45375    -0.15916     7.16230
 1333    516     2.47365    -0.15916     7.16230
 1334    516     2.48028    -0.15916     7.16230
 1335    516     2.48691    -0.15916     7.16230
 1336    516     2.49354    -0.15916     7.16230
 1351    516     2.59302    -0.15916     7.16230
 1352    516     2.59965    -0.15916     7.16230
 1353    516     2.60628    -0.15916     7.16230
 1356    516     2.62618    -0.15916     7.16230
 1357    516     2.63281    -0.15916     7.16230
 1358    516     2.63944    -0.15916     7.16230
  574    517    -2.55025    -0.15196     7.13541
  575    517    -2.54364    -0.15196     7.13541
  576    517    -2.53703    -0.15196     7.13541
  577    517    -2.53043    -0.15196     7.13541
  582    517    -2.49739    -0.15196     7.13541
  583    517    -2.49079    -0.15196     7.13541
  584    517    -2.48418    -0.15196     7.13541
  585    517    -2.47757    -0.15196     7.13541
  586    517    -2.47097    -0.15196     7.13541
  593    517    -2.42472    -0.15196     7.13541
  594    517    -2.41811    -0.15196     7.13541
  595    517    -2.41150    -0.15196     7.13541
  596    517    -2.40490    -0.15196     7.13541
  597    517    -2.39829    -0.15196     7.13541
  598    517    -2.39168    -0.15196     7.13541
  599    517    -2.38508    -0.15196     7.13541
  600    517    -2.37847    -0.15196     7.13541
 1327    517     2.42472    -0.15196     7.13541
 1328    517     2.43132    -0.15196     7.13541
 1329    517     2.43793    -0.15196     7.13541
 1330    517     2.44454    -0.15196     7.13541
 1333    517     2.46436    -0.15196     7.13541
 1334    517     2.47097    -0.15196     7.13541
 1335    517     2.47757    -0.15196     7.13541
 1336    517     2.48418    -0.15196     7.13541
 1352    517     2.58989    -0.15196     7.13541
 1353    517     2.59650    -0.15196     7.13541
 1354    517     2.60310    -0.15196     7.13541
 1357    517     2.62292    -0.15196     7.13541
 1358    517     2.62953    -0.15196     7.13541
 1359    517     2.63614    -0.15196     7.13541
  573    518    -2.54729    -0.14481     7.10872
  574    518    -2.54071    -0.14481     7.10872
  575    518    -2.53413    -0.14481     7.10872
  576    518    -2.52755    -0.14481     7.10872
  578    518    -2.51438    -0.14481     7.10872
  579    518    -2.50780    -0.14481     7.10872
  580    518    -2.50122    -0.14481     7.10872
  581    518    -2.49464    -0.14481     7.10872
  582    518    -2.48805    -0.14481     7.10872
  583    518    -2.48147    -0.14481     7.10872
  584    518    -2.47489    -0.14481     7.10872
  585    518    -2.46831    -0.14481     7.10872
  592    518    -2.42223    -0.14481     7.10872
  593    518    -2.41565    -0.14481     7.10872
  594    518    -2.40907    -0.14481     7.10872
  595    518    -2.40249    -0.14481     7.10872
  596    518    -2.39590    -0.14481     7.10872
  597    518    -2.38932    -0.14481     7.10872
  598    518    -2.38274    -0.14481     7.10872
  599    518    -2.37616    -0.14481     7.10872
 1328    518     2.42223    -0.14481     7.10872
 1329    518     2.42881    -0.14481     7.10872
 1330    518     2.43540    -0.14481     7.10872
 1331    518     2.44198    -0.14481     7.10872
 1333    518     2.45514    -0.14481     7.10872
 1334    518     2.46172    -0.14481     7.10872
 1335    518     2.46831    -0.14481     7.10872
 1336    518     2.47489    -0.14481     7.10872
 1337    518     2.48147    -0.14481     7.10872
 1341    518     2.50780    -0.14481     7.10872
 1342    518     2.51438    -0.14481     7.10872
 1343    518     2.52096    -0.14481     7.10872
 1353    518     2.58679    -0.14481     7.10872
 1354    518     2.59337    -0.14481     7.10872
 1355    518     2.59995    -0.14481     7.10872
 1358    518     2.61970    -0.14481     7.10872
 1359    518     2.62628    -0.14481     7.10872
 1360    518     2.63286    -0.14481     7.10872
  573    519    -2.53780    -0.13771     7.08224
  574    519    -2.53124    -0.13771     7.08224
  575    519    -2.52469    -0.13771     7.08224
  577    519    -2.51157    -0.13771     7.08224
  578    519    -2.50501    -0.13771     7.08224
  579    519    -2.49846    -0.13771     7.08224
  580    519    -2.49190    -0.13771     7.08224
  581    519    -2.48534    -0.13771     7.08224
  582    519    -2.47878    -0.13771     7.08224
  583    519    -2.47223    -0.13771     7.08224
  584    519    -2.46567    -0.13771     7.08224
  591    519    -2.41976    -0.13771     7.08224
  592    519    -2.41321    -0.13771     7.08224
  593    519    -2.40665    -0.13771     7.08224
  594    519    -2.40009    -0.13771     7.08224
  595    519    -2.39353    -0.13771     7.08224
  596    519    -2.38698    -0.13771     7.08224
  597    519    -2.38042    -0.13771     7.08224
  598    519    -2.37386    -0.13771     7.08224
  599    519    -2.36730    -0.13771     7.08224
 1329    519     2.41976    -0.13771     7.08224
 1330    519     2.42632    -0.13771     7.08224
 1331    519     2.43288    -0.13771     7.08224
 1332    519     2.43944    -0.13771     7.08224
 1334    519     2.45255    -0.13771     7.08224
 1335    519     2.45911    -0.13771     7.08224
 1336    519     2.46567    -0.13771     7.08224
 1337    519     2.47223    -0.13771     7.08224
 1338    519     2.47878    -0.13771     7.08224
 1339    519     2.48534    -0.13771     7.08224
 1340    519     2.49190    -0.13771     7.08224
 1341    519     2.49846    -0.13771     7.08224
 1342    519     2.50501    -0.13771     7.08224
 1343    519     2.51157    -0.13771     7.08224
 1344    519     2.51813    -0.13771     7.08224
 1354    519     2.58370    -0.13771     7.08224
 1355    519     2.59026    -0.13771     7.08224
 1356    519     2.59682    -0.13771     7.08224
 1358    519     2.60994    -0.13771     7.08224
 1359    519     2.61649    -0.13771     7.08224
 1360    519     2.62305    -0.13771     7.08224
  572    520    -2.53491    -0.13067     7.05595
  573    520    -2.52838    -0.13067     7.05595
  574    520    -2.52185    -0.13067     7.05595
  575    520    -2.51531    -0.13067     7.05595
  576    520    -2.50878    -0.13067     7.05595
  577    520    -2.50225    -0.13067     7.05595
  578    520    -2.49571    -0.13067     7.05595
  579    520    -2.48918    -0.13067     7.05595
  580    520    -2.48265    -0.13067     7.05595
  581    520    -2.47611    -0.13067     7.05595
  582    520    -2.46958    -0.13067     7.05595
  583    520    -2.46305    -0.13067     7.05595
  584    520    -2.45651    -0.13067     7.05595
  590    520    -2.41732    -0.13067     7.05595
  591    520    -2.41078    -0.13067     7.05595
  592    520    -2.40425    -0.13067     7.05595
  593    520    -2.39772    -0.13067     7.05595
  594    520    -2.39118    -0.13067     7.05595
  595    520    -2.38465    -0.13067     7.05595
  596    520    -2.37812    -0.13067     7.05595
  597    520    -2.37158    -0.13067     7.05595
  598    520    -2.36505    -0.13067     7.05595
 1330    520     2.41732    -0.13067     7.05595
 1331    520     2.42385    -0.13067     7.05595
 1332    520     2.43038    -0.13067     7.05595
 1333    520     2.43691    -0.13067     7.05595
 1335    520     2.44998    -0.13067     7.05595
 1336    520     2.45651    -0.13067     7.05595
 1337    520     2.46305    -0.13067     7.05595
 1338    520     2.46958    -0.13067     7.05595
 1339    520     2.47611    -0.13067     7.05595
 1340    520     2.48265    -0.13067     7.05595
 1341    520     2.48918    -0.13067     7.05595
 1342    520     2.49571    -0.13067     7.05595
 1343    520     2.50225    -0.13067     7.05595
 1344    520     2.50878    -0.13067     7.05595
 1354    520     2.57411    -0.13067     7.05595
 1355    520     2.58065    -0.13067     7.05595
 1356    520     2.58718    -0.13067     7.05595
 1359    520     2.60678    -0.13067     7.05595
 1360    520     2.61331    -0.13067     7.05595
 1361    520     2.61985    -0.13067     7.05595
  572    521    -2.52554    -0.12367     7.02985
  573    521    -2.51903    -0.12367     7.02985
  574    521    -2.51252    -0.12367     7.02985
  575    521    -2.50601    -0.12367     7.02985
  576    521    -2.49950    -0.12367     7.02985
  577    521    -2.49299    -0.12367     7.02985
  578    521    -2.48648    -0.12367     7.02985
  579    521    -2.47998    -0.12367     7.02985
  580    521    -2.47347    -0.12367     7.02985
  581    521    -2.46696    -0.12367     7.02985
  582    521    -2.46045    -0.12367     7.02985
  583    521    -2.45394    -0.12367     7.02985
  584    521    -2.44743    -0.12367     7.02985
  590    521    -2.40837    -0.12367     7.02985
  591    521    -2.40187    -0.12367     7.02985
  592    521    -2.39536    -0.12367     7.02985
  593    521    -2.38885    -0.12367     7.02985
  594    521    -2.38234    -0.12367     7.02985
  595    521    -2.37583    -0.12367     7.02985
  596    521    -2.36932    -0.12367     7.02985
  597    521    -2.36281    -0.12367     7.02985
 1330    521     2.40837    -0.12367     7.02985
 1331    521     2.41488    -0.12367     7.02985
 1332    521     2.42139    -0.12367     7.02985
 1333    521     2.42790    -0.12367     7.02985
 1334    521     2.43441    -0.12367     7.02985
 1336    521     2.44743    -0.12367     7.02985
 1337    521     2.45394    -0.12367     7.02985
 1338    521     2.46045    -0.12367     7.02985
 1339    521     2.46696    -0.12367     7.02985
 1340    521     2.47347    -0.12367     7.02985
 1341    521     2.47998    -0.12367     7.02985
 1342    521     2.48648    -0.12367     7.02985
 1343    521     2.49299    -0.12367     7.02985
 1344    521     2.49950    -0.12367     7.02985
 1345    521     2.50601    -0.12367     7.02985
 1355    521     2.57110    -0.12367     7.02985
 1356    521     2.57761    -0.12367     7.02985
 1360    521     2.60365    -0.12367     7.02985
 1361    521     2.61016    -0.12367     7.02985
 1362    521     2.61667    -0.12367     7.02985
  574    522    -2.50326    -0.11673     7.00395
  575    522    -2.49678    -0.11673     7.00395
  576    522    -2.49029    -0.11673     7.00395
  577    522    -2.48381    -0.11673     7.00395
  580    522    -2.46435    -0.11673     7.00395
  581    522    -2.45787    -0.11673     7.00395
  582    522    -2.45138    -0.11673     7.00395
  583    522    -2.44490    -0.11673     7.00395
  584    522    -2.43841    -0.11673     7.00395
  589    522    -2.40599    -0.11673     7.00395
  590    522    -2.39950    -0.11673     7.00395
  591    522    -2.39302    -0.11673     7.00395
  592    522    -2.38653    -0.11673     7.00395
  593    522    -2.38004    -0.11673     7.00395
  594    522    -2.37356    -0.11673     7.00395
  595    522    -2.36707    -0.11673     7.00395
  596    522    -2.36059    -0.11673     7.00395
 1331    522     2.40599    -0.11673     7.00395
 1332    522     2.41247    -0.11673     7.00395
 1333    522     2.41896    -0.11673     7.00395
 1334    522     2.42544    -0.11673     7.00395
 1335    522     2.43193    -0.11673     7.00395
 1337    522     2.44490    -0.11673     7.00395
 1338    522     2.45138    -0.11673     7.00395
 1342    522     2.47732    -0.11673     7.00395
 1343    522     2.48381    -0.11673     7.00395
 1344    522     2.49029    -0.11673     7.00395
 1345    522     2.49678    -0.11673     7.00395
 1355    522     2.56163    -0.11673     7.00395
 1356    522     2.56811    -0.11673     7.00395
 1362    522     2.60702    -0.11673     7.00395
 1363    522     2.61351    -0.11673     7.00395
  574    523    -2.49407    -0.10984     6.97823
  575    523    -2.48761    -0.10984     6.97823
  580    523    -2.45530    -0.10984     6.97823
  581    523    -2.44884    -0.10984     6.97823
  582    523    -2.44238    -0.10984     6.97823
  583    523    -2.43592    -0.10984     6.97823
  584    523    -2.42946    -0.10984     6.97823
  589    523    -2.39715    -0.10984     6.97823
  590    523    -2.39069    -0.10984     6.97823
  591    523    -2.38423    -0.10984     6.97823
  592    523    -2.37777    -0.10984     6.97823
  593    523    -2.37131    -0.10984     6.97823
  594    523    -2.36485    -0.10984     6.97823
  595    523    -2.35838    -0.10984     6.97823
 1332    523     2.40361    -0.10984     6.97823
 1333    523     2.41008    -0.10984     6.97823
 1334    523     2.41654    -0.10984     6.97823
 1335    523     2.42300    -0.10984     6.97823
 1336    523     2.42946    -0.10984     6.97823
 1338    523     2.44238    -0.10984     6.97823
 1342    523     2.46823    -0.10984     6.97823
 1343    523     2.47469    -0.10984     6.97823
 1344    523     2.48115    -0.10984     6.97823
 1355    523     2.55222    -0.10984     6.97823
 1356    523     2.55869    -0.10984     6.97823
 1357    523     2.56515    -0.10984     6.97823
 1362    523     2.59745    -0.10984     6.97823
 1363    523     2.60391    -0.10984     6.97823
 1364    523     2.61038    -0.10984     6.97823
  580    524    -2.44632    -0.10300     6.95271
  581    524    -2.43989    -0.10300     6.95271
  582    524    -2.43345    -0.10300     6.95271
  583    524    -2.42701    -0.10300     6.95271
  584    524    -2.42057    -0.10300     6.95271
  589    524    -2.38838    -0.10300     6.95271
  590    524    -2.38195    -0.10300     6.95271
  591    524    -2.37551    -0.10300     6.95271
  592    524    -2.36907    -0.10300     6.95271
  593    524    -2.36263    -0.10300     6.95271
  594    524    -2.35620    -0.10300     6.95271
  595    524    -2.34976    -0.10300     6.95271
 1333    524     2.40126    -0.10300     6.95271
 1334    524     2.40770    -0.10300     6.95271
 1335    524     2.41413    -0.10300     6.95271
 1336    524     2.42057    -0.10300     6.95271
 1342    524     2.45920    -0.10300     6.95271
 1343    524     2.46564    -0.10300     6.95271
 1344    524     2.47207    -0.10300     6.95271
 1356    524     2.54933    -0.10300     6.95271
 1363    524     2.59439    -0.10300     6.95271
 1364    524     2.60083    -0.10300     6.95271
  580    525    -2.43741    -0.09621     6.92737
  581    525    -2.43099    -0.09621     6.92737
  582    525    -2.42458    -0.09621     6.92737
  583    525    -2.41816    -0.09621     6.92737
  584    525    -2.41175    -0.09621     6.92737
  585    525    -2.40534    -0.09621     6.92737
  586    525    -2.39892    -0.09621     6.92737
  588    525    -2.38609    -0.09621     6.92737
  589    525    -2.37968    -0.09621     6.92737
  590    525    -2.37327    -0.09621     6.92737
  591    525    -2.36685    -0.09621     6.92737
  592    525    -2.36044    -0.09621     6.92737
  593    525    -2.35402    -0.09621     6.92737
  594    525    -2.34761    -0.09621     6.92737
 1334    525     2.39892    -0.09621     6.92737
 1335    525     2.40534    -0.09621     6.92737
 1336    525     2.41175    -0.09621     6.92737
 1337    525     2.41816    -0.09621     6.92737
 1342    525     2.45024    -0.09621     6.92737
 1343    525     2.45665    -0.09621     6.92737
 1344    525     2.46306    -0.09621     6.92737
 1363    525     2.58493    -0.09621     6.92737
 1364    525     2.59135    -0.09621     6.92737
  580    526    -2.42856    -0.08947     6.90221
  581    526    -2.42217    -0.08947     6.90221
  582    526    -2.41577    -0.08947     6.90221
  583    526    -2.40938    -0.08947     6.90221
  584    526    -2.40299    -0.08947     6.90221
  585    526    -2.39660    -0.08947     6.90221
  586    526    -2.39021    -0.08947     6.90221
  587    526    -2.38382    -0.08947     6.90221
  588    526    -2.37743    -0.08947     6.90221
  589    526    -2.37104    -0.08947     6.90221
  590    526    -2.36465    -0.08947     6.90221
  591    526    -2.35826    -0.08947     6.90221
  592    526    -2.35187    -0.08947     6.90221
  593    526    -2.34547    -0.08947     6.90221
  594    526    -2.33908    -0.08947     6.90221
 1335    526     2.39660    -0.08947     6.90221
 1336    526     2.40299    -0.08947     6.90221
 1337    526     2.40938    -0.08947     6.90221
 1338    526     2.41577    -0.08947     6.90221
 1339    526     2.42217    -0.08947     6.90221
 1342    526     2.44134    -0.08947     6.90221
 1343    526     2.44773    -0.08947     6.90221
 1344    526     2.45412    -0.08947     6.90221
 1346    526     2.46690    -0.08947     6.90221
 1347    526     2.47329    -0.08947     6.90221
 1348    526     2.47968    -0.08947     6.90221
 1349    526     2.48608    -0.08947     6.90221
 1350    526     2.49247    -0.08947     6.90221
 1358    526     2.54359    -0.08947     6.90221
 1363    526     2.57555    -0.08947     6.90221
 1364    526     2.58194    -0.08947     6.90221
  580    527    -2.41977    -0.08278     6.87724
  581    527    -2.41340    -0.08278     6.87724
  582    527    -2.40703    -0.08278     6.87724
  583    527    -2.40067    -0.08278     6.87724
  584    527    -2.39430    -0.08278     6.87724
  585    527    -2.38793    -0.08278     6.87724
  586    527    -2.38156    -0.08278     6.87724
  587    527    -2.37520    -0.08278     6.87724
  588    527    -2.36883    -0.08278     6.87724
  589    527    -2.36246    -0.08278     6.87724
  590    527    -2.35609    -0.08278     6.87724
  591    527    -2.34972    -0.08278     6.87724
  592    527    -2.34336    -0.08278     6.87724
  593    527    -2.33699    -0.08278     6.87724
 1336    527     2.39430    -0.08278     6.87724
 1337    527     2.40067    -0.08278     6.87724
 1338    527     2.40703    -0.08278     6.87724
 1339    527     2.41340    -0.08278     6.87724
 1342    527     2.43251    -0.08278     6.87724
 1343    527     2.43887    -0.08278     6.87724
 1345    527     2.45161    -0.08278     6.87724
 1346    527     2.45798    -0.08278     6.87724
 1347    527     2.46434    -0.08278     6.87724
 1348    527     2.47071    -0.08278     6.87724
 1349    527     2.47708    -0.08278     6.87724
 1350    527     2.48345    -0.08278     6.87724
 1351    527     2.48982    -0.08278     6.87724
 1358    527     2.53439    -0.08278     6.87724
 1359    527     2.54076    -0.08278     6.87724
 1363    527     2.56623    -0.08278     6.87724
  581    528    -2.40470    -0.07614     6.85245
  582    528    -2.39836    -0.07614     6.85245
  583    528    -2.39201    -0.07614     6.85245
  584    528    -2.38567    -0.07614     6.85245
  585    528    -2.37932    -0.07614     6.85245
  586    528    -2.37298    -0.07614     6.85245
  587    528    -2.36663    -0.07614     6.85245
  588    528    -2.36029    -0.07614     6.85245
  589    528    -2.35394    -0.07614     6.85245
  590    528    -2.34760    -0.07614     6.85245
  591    528    -2.34125    -0.07614     6.85245
  592    528    -2.33491    -0.07614     6.85245
 1337    528     2.39201    -0.07614     6.85245
 1338    528     2.39836    -0.07614     6.85245
 1339    528     2.40470    -0.07614     6.85245
 1340    528     2.41105    -0.07614     6.85245
 1342    528     2.42374    -0.07614     6.85245
 1343    528     2.43008    -0.07614     6.85245
 1344    528     2.43643    -0.07614     6.85245
 1345    528     2.44277    -0.07614     6.85245
 1346    528     2.44912    -0.07614     6.85245
 1347    528     2.45546    -0.07614     6.85245
 1348    528     2.46181    -0.07614     6.85245
 1349    528     2.46815    -0.07614     6.85245
 1350    528     2.47449    -0.07614     6.85245
 1351    528     2.48084    -0.07614     6.85245
 1352    528     2.48718    -0.07614     6.85245
 1358    528     2.52525    -0.07614     6.85245
 1359    528     2.53160    -0.07614     6.85245
 1360    528     2.53794    -0.07614     6.85245
 1362    528     2.55063    -0.07614     6.85245
 1363    528     2.55698    -0.07614     6.85245
  582    529    -2.38974    -0.06954     6.82783
  583    529    -2.38342    -0.06954     6.82783
  584    529    -2.37710    -0.06954     6.82783
  585    529    -2.37078    -0.06954     6.82783
  586    529    -2.36445    -0.06954     6.82783
  587    529    -2.35813    -0.06954     6.82783
  588    529    -2.35181    -0.06954     6.82783
  589    529    -2.34549    -0.06954     6.82783
  590    529    -2.33916    -0.06954     6.82783
  591    529    -2.33284    -0.06954     6.82783
 1338    529     2.38974    -0.06954     6.82783
 1339    529     2.39606    -0.06954     6.82783
 1340    529     2.40239    -0.06954     6.82783
 1343    529     2.42135    -0.06954     6.82783
 1344    529     2.42767    -0.06954     6.82783
 1345    529     2.43400    -0.06954     6.82783
 1346    529     2.44032    -0.06954     6.82783
 1347    529     2.44664    -0.06954     6.82783
 1348    529     2.45296    -0.06954     6.82783
 1349    529     2.45928    -0.06954     6.82783
 1350    529     2.46561    -0.06954     6.82783
 1351    529     2.47193    -0.06954     6.82783
 1352    529     2.47825    -0.06954     6.82783
 1353    529     2.48457    -0.06954     6.82783
 1358    529     2.51618    -0.06954     6.82783
 1359    529     2.52250    -0.06954     6.82783
 1360    529     2.52883    -0.06954     6.82783
 1362    529     2.54147    -0.06954     6.82783
 1363    529     2.54779    -0.06954     6.82783
 1364    529     2.55412    -0.06954     6.82783
 1367    529     2.57308    -0.06954     6.82783
 1368    529     2.57940    -0.06954     6.82783
 1369    529     2.58573    -0.06954     6.82783
  583    530    -2.37489    -0.06299     6.80339
  584    530    -2.36859    -0.06299     6.80339
  585    530    -2.36229    -0.06299     6.80339
  587    530    -2.34969    -0.06299     6.80339
  588    530    -2.34339    -0.06299     6.80339
  589    530    -2.33709    -0.06299     6.80339
  590    530    -2.33079    -0.06299     6.80339
 1339    530     2.38749    -0.06299     6.80339
 1340    530     2.39379    -0.06299     6.80339
 1341    530     2.40009    -0.06299     6.80339
 1343    530     2.41269    -0.06299     6.80339
 1344    530     2.41898    -0.06299     6.80339
 1345    530     2.42528    -0.06299     6.80339
 1347    530     2.43788    -0.06299     6.80339
 1348    530     2.44418    -0.06299     6.80339
 1350    530     2.45678    -0.06299     6.80339
 1351    530     2.46308    -0.06299     6.80339
 1352    530     2.46938    -0.06299     6.80339
 1353    530     2.47568    -0.06299     6.80339
 1358    530     2.50718    -0.06299     6.80339
 1359    530     2.51348    -0.06299     6.80339
 1360    530     2.51978    -0.06299     6.80339
 1362    530     2.53237    -0.06299     6.80339
 1363    530     2.53867    -0.06299     6.80339
 1366    530     2.55757    -0.06299     6.80339
 1367    530     2.56387    -0.06299     6.80339
 1368    530     2.57017    -0.06299     6.80339
 1369    530     2.57647    -0.06299     6.80339
 1370    530     2.58277    -0.06299     6.80339
  583    531    -2.36642    -0.05649     6.77913
  584    531    -2.36014    -0.05649     6.77913
  587    531    -2.34131    -0.05649     6.77913
  588    531    -2.33503    -0.05649     6.77913
  589    531    -2.32876    -0.05649     6.77913
 1339    531     2.37897    -0.05649     6.77913
 1340    531     2.38525    -0.05649     6.77913
 1341    531     2.39153    -0.05649     6.77913
 1342    531     2.39780    -0.05649     6.77913
 1344    531     2.41036    -0.05649     6.77913
 1345    531     2.41663    -0.05649     6.77913
 1348    531     2.43547    -0.05649     6.77913
 1350    531     2.44802    -0.05649     6.77913
 1351    531     2.45430    -0.05649     6.77913
 1352    531     2.46057    -0.05649     6.77913
 1353    531     2.46685    -0.05649     6.77913
 1358    531     2.49823    -0.05649     6.77913
 1359    531     2.50451    -0.05649     6.77913
 1360    531     2.51079    -0.05649     6.77913
 1361    531     2.51707    -0.05649     6.77913
 1362    531     2.52334    -0.05649     6.77913
 1366    531     2.54845    -0.05649     6.77913
 1367    531     2.55473    -0.05649     6.77913
 1368    531     2.56100    -0.05649     6.77913
 1369    531     2.56728    -0.05649     6.77913
 1370    531     2.57356    -0.05649     6.77913
 1371    531     2.57984    -0.05649     6.77913
  582    532    -2.36426    -0.05004     6.75504
  583    532    -2.35801    -0.05004     6.75504
  584    532    -2.35175    -0.05004     6.75504
  586    532    -2.33924    -0.05004     6.75504
  587    532    -2.33299    -0.05004     6.75504
  588    532    -2.32674    -0.05004     6.75504
 1340    532     2.37677    -0.05004     6.75504
 1341    532     2.38303    -0.05004     6.75504
 1342    532     2.38928    -0.05004     6.75504
 1343    532     2.39554    -0.05004     6.75504
 1348    532     2.42681    -0.05004     6.75504
 1349    532     2.43306    -0.05004     6.75504
 1350    532     2.43932    -0.05004     6.75504
 1351    532     2.44557    -0.05004     6.75504
 1352    532     2.45183    -0.05004     6.75504
 1353    532     2.45808    -0.05004     6.75504
 1359    532     2.49561    -0.05004     6.75504
 1360    532     2.50187    -0.05004     6.75504
 1361    532     2.50812    -0.05004     6.75504
 1362    532     2.51438    -0.05004     6.75504
 1365    532     2.53314    -0.05004     6.75504
 1366    532     2.53939    -0.05004     6.75504
 1367    532     2.54565    -0.05004     6.75504
 1369    532     2.55816    -0.05004     6.75504
 1370    532     2.56441    -0.05004     6.75504
 1371    532     2.57067    -0.05004     6.75504
 1372    532     2.57692    -0.05004     6.75504
  582    533    -2.35589    -0.04363     6.73112
  585    533    -2.33719    -0.04363     6.73112
  586    533    -2.33096    -0.04363     6.73112
  587    533    -2.32473    -0.04363     6.73112
 1341    533     2.37459    -0.04363     6.73112
 1342    533     2.38082    -0.04363     6.73112
 1343    533     2.38705    -0.04363     6.73112
 1344    533     2.39329    -0.04363     6.73112
 1345    533     2.39952    -0.04363     6.73112
 1346    533     2.40575    -0.04363     6.73112
 1347    533     2.41198    -0.04363     6.73112
 1348    533     2.41822    -0.04363     6.73112
 1349    533     2.42445    -0.04363     6.73112
 1350    533     2.43068    -0.04363     6.73112
 1351    533     2.43691    -0.04363     6.73112
 1352    533     2.44315    -0.04363     6.73112
 1354    533     2.45561    -0.04363     6.73112
 1355    533     2.46184    -0.04363     6.73112
 1356    533     2.46808    -0.04363     6.73112
 1361    533     2.49924    -0.04363     6.73112
 1362    533     2.50547    -0.04363     6.73112
 1363    533     2.51170    -0.04363     6.73112
 1364    533     2.51794    -0.04363     6.73112
 1365    533     2.52417    -0.04363     6.73112
 1371    533     2.56156    -0.04363     6.73112
 1372    533     2.56780    -0.04363     6.73112
 1373    533     2.57403    -0.04363     6.73112
  585    534    -2.32895    -0.03726     6.70736
  586    534    -2.32274    -0.03726     6.70736
 1341    534     2.36621    -0.03726     6.70736
 1342    534     2.37242    -0.03726     6.70736
 1343    534     2.37863    -0.03726     6.70736
 1344    534     2.38484    -0.03726     6.70736
 1345    534     2.39105    -0.03726     6.70736
 1346    534     2.39726    -0.03726     6.70736
 1347    534     2.40347    -0.03726     6.70736
 1348    534     2.40968    -0.03726     6.70736
 1349    534     2.41589    -0.03726     6.70736
 1350    534     2.42210    -0.03726     6.70736
 1351    534     2.42831    -0.03726     6.70736
 1354    534     2.44695    -0.03726     6.70736
 1355    534     2.45316    -0.03726     6.70736
 1356    534     2.45937    -0.03726     6.70736
 1357    534     2.46558    -0.03726     6.70736
 1363    534     2.50284    -0.03726     6.70736
 1364    534     2.50905    -0.03726     6.70736
 1365    534     2.51526    -0.03726     6.70736
 1367    534     2.52768    -0.03726     6.70736
 1368    534     2.53389    -0.03726     6.70736
 1369    534     2.54010    -0.03726     6.70736
 1372    534     2.55873    -0.03726     6.70736
 1373    534     2.56495    -0.03726     6.70736
 1374    534     2.57116    -0.03726     6.70736
  584    535    -2.32694    -0.03094     6.68378
  585    535    -2.32076    -0.03094     6.68378
 1342    535     2.36408    -0.03094     6.68378
 1343    535     2.37027    -0.03094     6.68378
 1344    535     2.37645    -0.03094     6.68378
 1345    535     2.38264    -0.03094     6.68378
 1346    535     2.38883    -0.03094     6.68378
 1350    535     2.41359    -0.03094     6.68378
 1353    535     2.43215    -0.03094     6.68378
 1354    535     2.43834    -0.03094     6.68378
 1355    535     2.44453    -0.03094     6.68378
 1356    535     2.45072    -0.03094     6.68378
 1357    535     2.45691    -0.03094     6.68378
 1363    535     2.49404    -0.03094     6.68378
 1364    535     2.50023    -0.03094     6.68378
 1365    535     2.50642    -0.03094     6.68378
 1366    535     2.51261    -0.03094     6.68378
 1367    535     2.51879    -0.03094     6.68378
 1368    535     2.52498    -0.03094     6.68378
 1373    535     2.55593    -0.03094     6.68378
 1374    535     2.56211    -0.03094     6.68378
 1375    535     2.56830    -0.03094     6.68378
 1344    536     2.36813    -0.02467     6.66036
 1345    536     2.37429    -0.02467     6.66036
 1346    536     2.38046    -0.02467     6.66036
 1349    536     2.39896    -0.02467     6.66036
 1350    536     2.40513    -0.02467     6.66036
 1353    536     2.42363    -0.02467     6.66036
 1354    536     2.42980    -0.02467     6.66036
 1356    536     2.44213    -0.02467     6.66036
 1357    536     2.44830    -0.02467     6.66036
 1364    536     2.49147    -0.02467     6.66036
 1365    536     2.49763    -0.02467     6.66036
 1366    536     2.50380    -0.02467     6.66036
 1374    536     2.55314    -0.02467     6.66036
 1375    536     2.55930    -0.02467     6.66036
 1376    536     2.56547    -0.02467     6.66036
 1345    537     2.36600    -0.01844     6.63710
 1346    537     2.37215    -0.01844     6.63710
 1347    537     2.37829    -0.01844     6.63710
 1349    537     2.39059    -0.01844     6.63710
 1350    537     2.39673    -0.01844     6.63710
 1351    537     2.40288    -0.01844     6.63710
 1353    537     2.41517    -0.01844     6.63710
 1354    537     2.42131    -0.01844     6.63710
 1355    537     2.42746    -0.01844     6.63710
 1365    537     2.48891    -0.01844     6.63710
 1368    537     2.50735    -0.01844     6.63710
 1375    537     2.55037    -0.01844     6.63710
 1376    537     2.55651    -0.01844     6.63710
 1377    537     2.56266    -0.01844     6.63710
 1378    537     2.56880    -0.01844     6.63710
 1346    538     2.36389    -0.01225     6.61401
 1347    538     2.37002    -0.01225     6.61401
 1348    538     2.37614    -0.01225     6.61401
 1350    538     2.38839    -0.01225     6.61401
 1351    538     2.39452    -0.01225     6.61401
 1352    538     2.40064    -0.01225     6.61401
 1354    538     2.41289    -0.01225     6.61401
 1355    538     2.41901    -0.01225     6.61401
 1359    538     2.44351    -0.01225     6.61401
 1366    538     2.48638    -0.01225     6.61401
 1367    538     2.49250    -0.01225     6.61401
 1368    538     2.49862    -0.01225     6.61401
 1370    538     2.51087    -0.01225     6.61401
 1373    538     2.52925    -0.01225     6.61401
 1374    538     2.53537    -0.01225     6.61401
 1375    538     2.54149    -0.01225     6.61401
 1376    538     2.54762    -0.01225     6.61401
 1377    538     2.55374    -0.01225     6.61401
 1378    538     2.55987    -0.01225     6.61401
 1379    538     2.56599    -0.01225     6.61401
  576    539    -2.34349    -0.00610     6.59107
 1347    539     2.36180    -0.00610     6.59107
 1348    539     2.36790    -0.00610     6.59107
 1349    539     2.37401    -0.00610     6.59107
 1351    539     2.38621    -0.00610     6.59107
 1352    539     2.39231    -0.00610     6.59107
 1353    539     2.39842    -0.00610     6.59107
 1358    539     2.42893    -0.00610     6.59107
 1359    539     2.43503    -0.00610     6.59107
 1360    539     2.44114    -0.00610     6.59107
 1366    539     2.47775    -0.00610     6.59107
 1367    539     2.48386    -0.00610     6.59107
 1368    539     2.48996    -0.00610     6.59107
 1370    539     2.50217    -0.00610     6.59107
 1373    539     2.52047    -0.00610     6.59107
 1374    539     2.52658    -0.00610     6.59107
 1375    539     2.53268    -0.00610     6.59107
 1376    539     2.53878    -0.00610     6.59107
 1377    539     2.54489    -0.00610     6.59107
 1378    539     2.55099    -0.00610     6.59107
 1379    539     2.55709    -0.00610     6.59107
 1380    539     2.56319    -0.00610     6.59107
  575    540    -2.34148     0.00000     6.56830
 1347    540     2.35364     0.00000     6.56830
 1348    540     2.35972     0.00000     6.56830
 1349    540     2.36580     0.00000     6.56830
 1350    540     2.37188     0.00000     6.56830
 1352    540     2.38405     0.00000     6.56830
 1353    540     2.39013     0.00000     6.56830
 1354    540     2.39621     0.00000     6.56830
 1359    540     2.42662     0.00000     6.56830
 1360    540     2.43270     0.00000     6.56830
 1367    540     2.47527     0.00000     6.56830
 1368    540     2.48136     0.00000     6.56830
 1372    540     2.50568     0.00000     6.56830
 1373    540     2.51176     0.00000     6.56830
 1374    540     2.51785     0.00000     6.56830
 1375    540     2.52393     0.00000     6.56830
 1377    540     2.53609     0.00000     6.56830
 1378    540     2.54217     0.00000     6.56830
 1379    540     2.54826     0.00000     6.56830
 1380    540     2.55434     0.00000     6.56830
  575    541    -2.33341     0.00606     6.54568
 1348    541     2.35159     0.00606     6.54568
 1349    541     2.35766     0.00606     6.54568
 1350    541     2.36372     0.00606     6.54568
 1353    541     2.38190     0.00606     6.54568
 1354    541     2.38796     0.00606     6.54568
 1355    541     2.39402     0.00606     6.54568
 1356    541     2.40008     0.00606     6.54568
 1359    541     2.41826     0.00606     6.54568
 1360    541     2.42432     0.00606     6.54568
 1361    541     2.43039     0.00606     6.54568
 1367    541     2.46675     0.00606     6.54568
 1368    541     2.47281     0.00606     6.54568
 1372    541     2.49705     0.00606     6.54568
 1373    541     2.50312     0.00606     6.54568
 1376    541     2.52130     0.00606     6.54568
 1378    541     2.53342     0.00606     6.54568
 1379    541     2.53948     0.00606     6.54568
 1380    541     2.54554     0.00606     6.54568
 1381    541     2.55160     0.00606     6.54568
  569    542    -2.36164     0.01208     6.52321
  570    542    -2.35560     0.01208     6.52321
  571    542    -2.34956     0.01208     6.52321
  572    542    -2.34352     0.01208     6.52321
  573    542    -2.33748     0.01208     6.52321
  574    542    -2.33144     0.01208     6.52321
  575    542    -2.32540     0.01208     6.52321
  578    542    -2.30728     0.01208     6.52321
 1348    542     2.34352     0.01208     6.52321
 1349    542     2.34956     0.01208     6.52321
 1350    542     2.35560     0.01208     6.52321
 1351    542     2.36164     0.01208     6.52321
 1354    542     2.37976     0.01208     6.52321
 1355    542     2.38580     0.01208     6.52321
 1356    542     2.39184     0.01208     6.52321
 1357    542     2.39788     0.01208     6.52321
 1359    542     2.40996     0.01208     6.52321
 1360    542     2.41600     0.01208     6.52321
 1361    542     2.42204     0.01208     6.52321
 1370    542     2.47640     0.01208     6.52321
 1371    542     2.48244     0.01208     6.52321
 1372    542     2.48848     0.01208     6.52321
 1376    542     2.51264     0.01208     6.52321
 1377    542     2.51868     0.01208     6.52321
 1379    542     2.53076     0.01208     6.52321
 1380    542     2.53680     0.01208     6.52321
 1381    542     2.54284     0.01208     6.52321
  567    543    -2.36561     0.01806     6.50090
  568    543    -2.35959     0.01806     6.50090
  569    543    -2.35357     0.01806     6.50090
  570    543    -2.34755     0.01806     6.50090
  571    543    -2.34153     0.01806     6.50090
  572    543    -2.33551     0.01806     6.50090
  573    543    -2.32949     0.01806     6.50090
  574    543    -2.32347     0.01806     6.50090
  575    543    -2.31745     0.01806     6.50090
  577    543    -2.30541     0.01806     6.50090
  578    543    -2.29939     0.01806     6.50090
 1349    543     2.34153     0.01806     6.50090
 1350    543     2.34755     0.01806     6.50090
 1351    543     2.35357     0.01806     6.50090
 1352    543     2.35959     0.01806     6.50090
 1355    543     2.37764     0.01806     6.50090
 1356    543     2.38366     0.01806     6.50090
 1357    543     2.38968     0.01806     6.50090
 1358    543     2.39570     0.01806     6.50090
 1359    543     2.40172     0.01806     6.50090
 1360    543     2.40774     0.01806     6.50090
 1361    543     2.41376     0.01806     6.50090
 1370    543     2.46794     0.01806     6.50090
 1371    543     2.47395     0.01806     6.50090
 1372    543     2.47997     0.01806     6.50090
 1373    543     2.48599     0.01806     6.50090
 1374    543     2.49201     0.01806     6.50090
 1375    543     2.49803     0.01806     6.50090
 1376    543     2.50405     0.01806     6.50090
 1377    543     2.51007     0.01806     6.50090
 1378    543     2.51609     0.01806     6.50090
 1380    543     2.52813     0.01806     6.50090
 1381    543     2.53415     0.01806     6.50090
 1382    543     2.54017     0.01806     6.50090
  566    544    -2.36354     0.02400     6.47874
  567    544    -2.35754     0.02400     6.47874
  568    544    -2.35154     0.02400     6.47874
  569    544    -2.34555     0.02400     6.47874
  570    544    -2.33955     0.02400     6.47874
  571    544    -2.33355     0.02400     6.47874
  572    544    -2.32755     0.02400     6.47874
  573    544    -2.32155     0.02400     6.47874
  574    544    -2.31555     0.02400     6.47874
  575    544    -2.30955     0.02400     6.47874
  576    544    -2.30355     0.02400     6.47874
  577    544    -2.29755     0.02400     6.47874
 1350    544     2.33955     0.02400     6.47874
 1351    544     2.34555     0.02400     6.47874
 1352    544     2.35154     0.02400     6.47874
 1353    544     2.35754     0.02400     6.47874
 1354    544     2.36354     0.02400     6.47874
 1355    544     2.36954     0.02400     6.47874
 1356    544     2.37554     0.02400     6.47874
 1357    544     2.38154     0.02400     6.47874
 1358    544     2.38754     0.02400     6.47874
 1359    544     2.39354     0.02400     6.47874
 1360    544     2.39953     0.02400     6.47874
 1361    544     2.40553     0.02400     6.47874
 1370    544     2.45952     0.02400     6.47874
 1371    544     2.46552     0.02400     6.47874
 1372    544     2.47152     0.02400     6.47874
 1373    544     2.47752     0.02400     6.47874
 1374    544     2.48352     0.02400     6.47874
 1375    544     2.48952     0.02400     6.47874
 1376    544     2.49552     0.02400     6.47874
 1377    544     2.50151     0.02400     6.47874
 1378    544     2.50751     0.02400     6.47874
 1379    544     2.51351     0.02400     6.47874
 1380    544     2.51951     0.02400     6.47874
 1381    544     2.52551     0.02400     6.47874
 1382    544     2.53151     0.02400     6.47874
  566    545    -2.35551     0.02989     6.45674
  567    545    -2.34953     0.02989     6.45674
  568    545    -2.34356     0.02989     6.45674
  569    545    -2.33758     0.02989     6.45674
  570    545    -2.33160     0.02989     6.45674
  571    545    -2.32562     0.02989     6.45674
  572    545    -2.31964     0.02989     6.45674
  573    545    -2.31366     0.02989     6.45674
  574    545    -2.30769     0.02989     6.45674
  575    545    -2.30171     0.02989     6.45674
  576    545    -2.29573     0.02989     6.45674
  577    545    -2.28975     0.02989     6.45674
 1351    545     2.33758     0.02989     6.45674
 1352    545     2.34356     0.02989     6.45674
 1353    545     2.34953     0.02989     6.45674
 1354    545     2.35551     0.02989     6.45674
 1355    545     2.36149     0.02989     6.45674
 1358    545     2.37943     0.02989     6.45674
 1359    545     2.38541     0.02989     6.45674
 1360    545     2.39138     0.02989     6.45674
 1361    545     2.39736     0.02989     6.45674
 1371    545     2.45715     0.02989     6.45674
 1372    545     2.46313     0.02989     6.45674
 1373    545     2.46910     0.02989     6.45674
 1378    545     2.49900     0.02989     6.45674
 1379    545     2.50497     0.02989     6.45674
 1380    545     2.51095     0.02989     6.45674
  565    546    -2.35350     0.03575     6.43488
  566    546    -2.34754     0.03575     6.43488
  567    546    -2.34158     0.03575     6.43488
  568    546    -2.33562     0.03575     6.43488
  569    546    -2.32966     0.03575     6.43488
  573    546    -2.30583     0.03575     6.43488
  574    546    -2.29987     0.03575     6.43488
  575    546    -2.29391     0.03575     6.43488
  576    546    -2.28796     0.03575     6.43488
  577    546    -2.28200     0.03575     6.43488
 1352    546     2.33562     0.03575     6.43488
 1353    546     2.34158     0.03575     6.43488
 1354    546     2.34754     0.03575     6.43488
 1355    546     2.35350     0.03575     6.43488
 1356    546     2.35946     0.03575     6.43488
 1358    546     2.37137     0.03575     6.43488
 1359    546     2.37733     0.03575     6.43488
 1360    546     2.38329     0.03575     6.43488
 1361    546     2.38925     0.03575     6.43488
 1380    546     2.50245     0.03575     6.43488
  566    547    -2.33962     0.04157     6.41317
  567    547    -2.33368     0.04157     6.41317
  568    547    -2.32774     0.04157     6.41317
  569    547    -2.32180     0.04157     6.41317
  570    547    -2.31587     0.04157     6.41317
  571    547    -2.30993     0.04157     6.41317
  572    547    -2.30399     0.04157     6.41317
  573    547    -2.29805     0.04157     6.41317
  574    547    -2.29211     0.04157     6.41317
  575    547    -2.28617     0.04157     6.41317
  576    547    -2.28024     0.04157     6.41317
 1353    547     2.33368     0.04157     6.41317
 1354    547     2.33962     0.04157     6.41317
 1355    547     2.34556     0.04157     6.41317
 1356    547     2.35149     0.04157     6.41317
 1357    547     2.35743     0.04157     6.41317
 1359    547     2.36931     0.04157     6.41317
 1360    547     2.37525     0.04157     6.41317
 1361    547     2.38118     0.04157     6.41317
 1362    547     2.38712     0.04157     6.41317
 1375    547     2.46432     0.04157     6.41317
 1384    547     2.51776     0.04157     6.41317
 1385    547     2.52370     0.04157     6.41317
 1386    547     2.52964     0.04157     6.41317
  566    548    -2.33175     0.04735     6.39160
  567    548    -2.32583     0.04735     6.39160
  568    548    -2.31991     0.04735     6.39160
  569    548    -2.31400     0.04735     6.39160
  570    548    -2.30808     0.04735     6.39160
  571    548    -2.30216     0.04735     6.39160
  572    548    -2.29624     0.04735     6.39160
  573    548    -2.29032     0.04735     6.39160
  574    548    -2.28441     0.04735     6.39160
  575    548    -2.27849     0.04735     6.39160
 1354    548     2.33175     0.04735     6.39160
 1355    548     2.33767     0.04735     6.39160
 1356    548     2.34359     0.04735     6.39160
 1357    548     2.34951     0.04735     6.39160
 1360    548     2.36726     0.04735     6.39160
 1361    548     2.37318     0.04735     6.39160
 1362    548     2.37910     0.04735     6.39160
 1363    548     2.38501     0.04735     6.39160
 1364    548     2.39093     0.04735     6.39160
 1374    548     2.45011     0.04735     6.39160
 1375    548     2.45603     0.04735     6.39160
 1383    548     2.50338     0.04735     6.39160
 1384    548     2.50930     0.04735     6.39160
 1385    548     2.51521     0.04735     6.39160
 1386    548     2.52113     0.04735     6.39160
 1387    548     2.52705     0.04735     6.39160
 1388    548     2.53297     0.04735     6.39160
  566    549    -2.32394     0.05308     6.37018
  567    549    -2.31804     0.05308     6.37018
  568    549    -2.31214     0.05308     6.37018
  569    549    -2.30624     0.05308     6.37018
  570    549    -2.30034     0.05308     6.37018
  571    549    -2.29444     0.05308     6.37018
  572    549    -2.28855     0.05308     6.37018
  573    549    -2.28265     0.05308     6.37018
  574    549    -2.27675     0.05308     6.37018
 1355    549     2.32983     0.05308     6.37018
 1356    549     2.33573     0.05308     6.37018
 1357    549     2.34163     0.05308     6.37018
 1358    549     2.34753     0.05308     6.37018
 1359    549     2.35343     0.05308     6.37018
 1360    549     2.35933     0.05308     6.37018
 1361    549     2.36522     0.05308     6.37018
 1362    549     2.37112     0.05308     6.37018
 1363    549     2.37702     0.05308     6.37018
 1364    549     2.38292     0.05308     6.37018
 1375    549     2.44780     0.05308     6.37018
 1379    549     2.47139     0.05308     6.37018
 1380    549     2.47729     0.05308     6.37018
 1383    549     2.49499     0.05308     6.37018
 1384    549     2.50089     0.05308     6.37018
 1385    549     2.50678     0.05308     6.37018
 1386    549     2.51268     0.05308     6.37018
 1387    549     2.51858     0.05308     6.37018
 1388    549     2.52448     0.05308     6.37018
 1389    549     2.53038     0.05308     6.37018
  567    550    -2.31030     0.05879     6.34890
  568    550    -2.30442     0.05879     6.34890
  570    550    -2.29266     0.05879     6.34890
  571    550    -2.28678     0.05879     6.34890
  572    550    -2.28090     0.05879     6.34890
  573    550    -2.27502     0.05879     6.34890
 1356    550     2.32793     0.05879     6.34890
 1357    550     2.33381     0.05879     6.34890
 1358    550     2.33969     0.05879     6.34890
 1359    550     2.34557     0.05879     6.34890
 1360    550     2.35145     0.05879     6.34890
 1361    550     2.35732     0.05879     6.34890
 1362    550     2.36320     0.05879     6.34890
 1363    550     2.36908     0.05879     6.34890
 1364    550     2.37496     0.05879     6.34890
 1365    550     2.38084     0.05879     6.34890
 1366    550     2.38672     0.05879     6.34890
 1367    550     2.39260     0.05879     6.34890
 1368    550     2.39847     0.05879     6.34890
 1375    550     2.43962     0.05879     6.34890
 1376    550     2.44550     0.05879     6.34890
 1384    550     2.49253     0.05879     6.34890
 1385    550     2.49841     0.05879     6.34890
 1386    550     2.50429     0.05879     6.34890
 1387    550     2.51017     0.05879     6.34890
 1388    550     2.51605     0.05879     6.34890
 1389    550     2.52193     0.05879     6.34890
 1390    550     2.52780     0.05879     6.34890
  566    551    -2.30846     0.06445     6.32777
  567    551    -2.30260     0.06445     6.32777
  570    551    -2.28503     0.06445     6.32777
  571    551    -2.27917     0.06445     6.32777
 1356    551     2.32018     0.06445     6.32777
 1357    551     2.32604     0.06445     6.32777
 1358    551     2.33190     0.06445     6.32777
 1359    551     2.33776     0.06445     6.32777
 1360    551     2.34362     0.06445     6.32777
 1362    551     2.35534     0.06445     6.32777
 1363    551     2.36119     0.06445     6.32777
 1364    551     2.36705     0.06445     6.32777
 1365    551     2.37291     0.06445     6.32777
 1366    551     2.37877     0.06445     6.32777
 1367    551     2.38463     0.06445     6.32777
 1368    551     2.39049     0.06445     6.32777
 1369    551     2.39635     0.06445     6.32777
 1370    551     2.40221     0.06445     6.32777
 1371    551     2.40807     0.06445     6.32777
 1376    551     2.43736     0.06445     6.32777
 1377    551     2.44322     0.06445     6.32777
 1384    551     2.48423     0.06445     6.32777
 1385    551     2.49009     0.06445     6.32777
 1388    551     2.50767     0.06445     6.32777
 1389    551     2.51353     0.06445     6.32777
 1390    551     2.51939     0.06445     6.32777
  566    552    -2.30080     0.07008     6.30677
  570    552    -2.27745     0.07008     6.30677
  571    552    -2.27161     0.07008     6.30677
 1357    552     2.31832     0.07008     6.30677
 1358    552     2.32416     0.07008     6.30677
 1359    552     2.33000     0.07008     6.30677
 1360    552     2.33584     0.07008     6.30677
 1361    552     2.34168     0.07008     6.30677
 1362    552     2.34752     0.07008     6.30677
 1363    552     2.35336     0.07008     6.30677
 1364    552     2.35920     0.07008     6.30677
 1365    552     2.36504     0.07008     6.30677
 1366    552     2.37088     0.07008     6.30677
 1367    552     2.37672     0.07008     6.30677
 1368    552     2.38256     0.07008     6.30677
 1369    552     2.38840     0.07008     6.30677
 1370    552     2.39424     0.07008     6.30677
 1371    552     2.40008     0.07008     6.30677
 1372    552     2.40592     0.07008     6.30677
 1378    552     2.44095     0.07008     6.30677
 1379    552     2.44679     0.07008     6.30677
 1380    552     2.45263     0.07008     6.30677
 1381    552     2.45847     0.07008     6.30677
 1383    552     2.47015     0.07008     6.30677
 1384    552     2.47599     0.07008     6.30677
 1385    552     2.48183     0.07008     6.30677
 1386    552     2.48767     0.07008     6.30677
 1389    552     2.50519     0.07008     6.30677
 1390    552     2.51103     0.07008     6.30677
 1391    552     2.51687     0.07008     6.30677
  565    553    -2.29902     0.07566     6.28591
  566    553    -2.29319     0.07566     6.28591
  569    553    -2.27573     0.07566     6.28591
  570    553    -2.26991     0.07566     6.28591
 1358    553     2.31648     0.07566     6.28591
 1359    553     2.32230     0.07566     6.28591
 1360    553     2.32812     0.07566     6.28591
 1361    553     2.33394     0.07566     6.28591
 1362    553     2.33976     0.07566     6.28591
 1365    553     2.35722     0.07566     6.28591
 1366    553     2.36304     0.07566     6.28591
 1367    553     2.36886     0.07566     6.28591
 1368    553     2.37468     0.07566     6.28591
 1369    553     2.38050     0.07566     6.28591
 1370    553     2.38632     0.07566     6.28591
 1371    553     2.39214     0.07566     6.28591
 1372    553     2.39796     0.07566     6.28591
 1384    553     2.46780     0.07566     6.28591
 1385    553     2.47362     0.07566     6.28591
 1386    553     2.47944     0.07566     6.28591
 1387    553     2.48526     0.07566     6.28591
 1389    553     2.49690     0.07566     6.28591
 1390    553     2.50273     0.07566     6.28591
 1391    553     2.50855     0.07566     6.28591
 1392    553     2.51437     0.07566     6.28591
  559    554    -2.32624     0.08122     6.26520
  560    554    -2.32044     0.08122     6.26520
  561    554    -2.31464     0.08122     6.26520
  562    554    -2.30884     0.08122     6.26520
  563    554    -2.30304     0.08122     6.26520
  564    554    -2.29724     0.08122     6.26520
  565    554    -2.29144     0.08122     6.26520
  568    554    -2.27403     0.08122     6.26520
  569    554    -2.26823     0.08122     6.26520
 1358    554     2.30884     0.08122     6.26520
 1359    554     2.31464     0.08122     6.26520
 1360    554     2.32044     0.08122     6.26520
 1361    554     2.32624     0.08122     6.26520
 1362    554     2.33204     0.08122     6.26520
 1363    554     2.33785     0.08122     6.26520
 1370    554     2.37845     0.08122     6.26520
 1371    554     2.38425     0.08122     6.26520
 1372    554     2.39006     0.08122     6.26520
 1373    554     2.39586     0.08122     6.26520
 1385    554     2.46547     0.08122     6.26520
 1386    554     2.47127     0.08122     6.26520
 1387    554     2.47707     0.08122     6.26520
 1388    554     2.48287     0.08122     6.26520
 1390    554     2.49448     0.08122     6.26520
 1391    554     2.50028     0.08122     6.26520
 1392    554     2.50608     0.08122     6.26520
  558    555    -2.32438     0.08673     6.24461
  559    555    -2.31860     0.08673     6.24461
  560    555    -2.31282     0.08673     6.24461
  561    555    -2.30704     0.08673     6.24461
  562    555    -2.30126     0.08673     6.24461
  563    555    -2.29547     0.08673     6.24461
  564    555    -2.28969     0.08673     6.24461
  565    555    -2.28391     0.08673     6.24461
  568    555    -2.26656     0.08673     6.24461
 1359    555     2.30704     0.08673     6.24461
 1360    555     2.31282     0.08673     6.24461
 1361    555     2.31860     0.08673     6.24461
 1362    555     2.32438     0.08673     6.24461
 1363    555     2.33017     0.08673     6.24461
 1366    555     2.34751     0.08673     6.24461
 1367    555     2.35329     0.08673     6.24461
 1368    555     2.35908     0.08673     6.24461
 1369    555     2.36486     0.08673     6.24461
 1370    555     2.37064     0.08673     6.24461
 1371    555     2.37642     0.08673     6.24461
 1372    555     2.38220     0.08673     6.24461
 1373    555     2.38799     0.08673     6.24461
 1387    555     2.46893     0.08673     6.24461
 1388    555     2.47472     0.08673     6.24461
 1389    555     2.48050     0.08673     6.24461
 1391    555     2.49206     0.08673     6.24461
 1392    555     2.49784     0.08673     6.24461
 1393    555     2.50363     0.08673     6.24461
  558    556    -2.31677     0.09221     6.22416
  559    556    -2.31101     0.09221     6.22416
  560    556    -2.30525     0.09221     6.22416
  561    556    -2.29948     0.09221     6.22416
  562    556    -2.29372     0.09221     6.22416
  563    556    -2.28796     0.09221     6.22416
  564    556    -2.28219     0.09221     6.22416
  565    556    -2.27643     0.09221     6.22416
  566    556    -2.27067     0.09221     6.22416
  567    556    -2.26490     0.09221     6.22416
 1360    556     2.30525     0.09221     6.22416
 1361    556     2.31101     0.09221     6.22416
 1362    556     2.31677     0.09221     6.22416
 1363    556     2.32254     0.09221     6.22416
 1364    556     2.32830     0.09221     6.22416
 1366    556     2.33982     0.09221     6.22416
 1367    556     2.34559     0.09221     6.22416
 1368    556     2.35135     0.09221     6.22416
 1369    556     2.35711     0.09221     6.22416
 1370    556     2.36288     0.09221     6.22416
 1371    556     2.36864     0.09221     6.22416
 1372    556     2.37440     0.09221     6.22416
 1388    556     2.46661     0.09221     6.22416
 1389    556     2.47238     0.09221     6.22416
 1390    556     2.47814     0.09221     6.22416
 1392    556     2.48967     0.09221     6.22416
 1393    556     2.49543     0.09221     6.22416
  558    557    -2.30921     0.09765     6.20385
  559    557    -2.30347     0.09765     6.20385
  560    557    -2.29772     0.09765     6.20385
  561    557    -2.29198     0.09765     6.20385
  564    557    -2.27474     0.09765     6.20385
  565    557    -2.26900     0.09765     6.20385
  566    557    -2.26326     0.09765     6.20385
  567    557    -2.25751     0.09765     6.20385
 1361    557     2.30347     0.09765     6.20385
 1362    557     2.30921     0.09765     6.20385
 1363    557     2.31495     0.09765     6.20385
 1364    557     2.32070     0.09765     6.20385
 1366    557     2.33219     0.09765     6.20385
 1367    557     2.33793     0.09765     6.20385
 1368    557     2.34368     0.09765     6.20385
 1369    557     2.34942     0.09765     6.20385
 1370    557     2.35516     0.09765     6.20385
 1371    557     2.36091     0.09765     6.20385
 1372    557     2.36665     0.09765     6.20385
 1385    557     2.44133     0.09765     6.20385
 1386    557     2.44707     0.09765     6.20385
 1390    557     2.47005     0.09765     6.20385
 1394    557     2.49303     0.09765     6.20385
 1395    557     2.49877     0.09765     6.20385
  558    558    -2.30170     0.10306     6.18367
  559    558    -2.29597     0.10306     6.18367
  560    558    -2.29025     0.10306     6.18367
  561    558    -2.28452     0.10306     6.18367
  562    558    -2.27880     0.10306     6.18367
  563    558    -2.27307     0.10306     6.18367
  564    558    -2.26734     0.10306     6.18367
  565    558    -2.26162     0.10306     6.18367
  566    558    -2.25589     0.10306     6.18367
  567    558    -2.25017     0.10306     6.18367
 1362    558     2.30170     0.10306     6.18367
 1363    558     2.30742     0.10306     6.18367
 1364    558     2.31315     0.10306     6.18367
 1365    558     2.31887     0.10306     6.18367
 1367    558     2.33033     0.10306     6.18367
 1372    558     2.35895     0.10306     6.18367
 1373    558     2.36468     0.10306     6.18367
 1385    558     2.43339     0.10306     6.18367
 1394    558     2.48492     0.10306     6.18367
 1395    558     2.49064     0.10306     6.18367
 1396    558     2.49637     0.10306     6.18367
  558    559    -2.29423     0.10843     6.16361
  559    559    -2.28853     0.10843     6.16361
  560    559    -2.28282     0.10843     6.16361
  561    559    -2.27711     0.10843     6.16361
  562    559    -2.27141     0.10843     6.16361
  563    559    -2.26570     0.10843     6.16361
  564    559    -2.25999     0.10843     6.16361
  565    559    -2.25428     0.10843     6.16361
  566    559    -2.24858     0.10843     6.16361
 1362    559     2.29423     0.10843     6.16361
 1363    559     2.29994     0.10843     6.16361
 1364    559     2.30565     0.10843     6.16361
 1365    559     2.31136     0.10843     6.16361
 1368    559     2.32848     0.10843     6.16361
 1372    559     2.35130     0.10843     6.16361
 1373    559     2.35701     0.10843     6.16361
 1385    559     2.42550     0.10843     6.16361
 1395    559     2.48257     0.10843     6.16361
 1396    559     2.48827     0.10843     6.16361
 1397    559     2.49398     0.10843     6.16361
  559    560    -2.28113     0.11377     6.14369
  560    560    -2.27544     0.11377     6.14369
  561    560    -2.26975     0.11377     6.14369
  562    560    -2.26406     0.11377     6.14369
  563    560    -2.25838     0.11377     6.14369
  564    560    -2.25269     0.11377     6.14369
  565    560    -2.24700     0.11377     6.14369
 1363    560     2.29251     0.11377     6.14369
 1364    560     2.29820     0.11377     6.14369
 1365    560     2.30388     0.11377     6.14369
 1366    560     2.30957     0.11377     6.14369
 1368    560     2.32095     0.11377     6.14369
 1369    560     2.32664     0.11377     6.14369
 1372    560     2.34370     0.11377     6.14369
 1373    560     2.34939     0.11377     6.14369
 1385    560     2.41766     0.11377     6.14369
 1392    560     2.45748     0.11377     6.14369
 1393    560     2.46317     0.11377     6.14369
 1396    560     2.48023     0.11377     6.14369
 1397    560     2.48592     0.11377     6.14369
 1398    560     2.49161     0.11377     6.14369
  562    561    -2.25677     0.11908     6.12390
  563    561    -2.25110     0.11908     6.12390
  564    561    -2.24543     0.11908     6.12390
 1364    561     2.29079     0.11908     6.12390
 1365    561     2.29646     0.11908     6.12390
 1366    561     2.30213     0.11908     6.12390
 1367    561     2.30780     0.11908     6.12390
 1370    561     2.32481     0.11908     6.12390
 1371    561     2.33048     0.11908     6.12390
 1372    561     2.33615     0.11908     6.12390
 1373    561     2.34182     0.11908     6.12390
 1374    561     2.34749     0.11908     6.12390
 1393    561     2.45523     0.11908     6.12390
 1394    561     2.46090     0.11908     6.12390
 1397    561     2.47791     0.11908     6.12390
 1398    561     2.48358     0.11908     6.12390
 1399    561     2.48925     0.11908     6.12390
 1365    562     2.28909     0.12435     6.10423
 1366    562     2.29474     0.12435     6.10423
 1367    562     2.30039     0.12435     6.10423
 1368    562     2.30604     0.12435     6.10423
 1371    562     2.32300     0.12435     6.10423
 1372    562     2.32865     0.12435     6.10423
 1373    562     2.33430     0.12435     6.10423
 1374    562     2.33996     0.12435     6.10423
 1391    562     2.43604     0.12435     6.10423
 1392    562     2.44169     0.12435     6.10423
 1399    562     2.48126     0.12435     6.10423
 1400    562     2.48691     0.12435     6.10423
 1366    563     2.28739     0.12958     6.08469
 1367    563     2.29303     0.12958     6.08469
 1368    563     2.29866     0.12958     6.08469
 1369    563     2.30430     0.12958     6.08469
 1372    563     2.32120     0.12958     6.08469
 1373    563     2.32683     0.12958     6.08469
 1374    563     2.33246     0.12958     6.08469
 1375    563     2.33810     0.12958     6.08469
 1390    563     2.42261     0.12958     6.08469
 1391    563     2.42824     0.12958     6.08469
 1392    563     2.43388     0.12958     6.08469
 1393    563     2.43951     0.12958     6.08469
 1394    563     2.44514     0.12958     6.08469
 1400    563     2.47895     0.12958     6.08469
 1367    564     2.28571     0.13478     6.06528
 1368    564     2.29133     0.13478     6.06528
 1369    564     2.29694     0.13478     6.06528
 1370    564     2.30256     0.13478     6.06528
 1372    564     2.31379     0.13478     6.06528
 1373    564     2.31941     0.13478     6.06528
 1374    564     2.32502     0.13478     6.06528
 1375    564     2.33064     0.13478     6.06528
 1376    564     2.33625     0.13478     6.06528
 1389    564     2.40926     0.13478     6.06528
 1390    564     2.41488     0.13478     6.06528
 1391    564     2.42049     0.13478     6.06528
 1392    564     2.42611     0.13478     6.06528
 1393    564     2.43173     0.13478     6.06528
 1394    564     2.43734     0.13478     6.06528
 1395    564     2.44296     0.13478     6.06528
 1401    564     2.47665     0.13478     6.06528
 1402    564     2.48227     0.13478     6.06528
 1368    565     2.28404     0.13995     6.04598
 1369    565     2.28964     0.13995     6.04598
 1370    565     2.29523     0.13995     6.04598
 1371    565     2.30083     0.13995     6.04598
 1373    565     2.31203     0.13995     6.04598
 1374    565     2.31763     0.13995     6.04598
 1375    565     2.32322     0.13995     6.04598
 1376    565     2.32882     0.13995     6.04598
 1377    565     2.33442     0.13995     6.04598
 1389    565     2.40160     0.13995     6.04598
 1390    565     2.40720     0.13995     6.04598
 1391    565     2.41279     0.13995     6.04598
 1392    565     2.41839     0.13995     6.04598
 1393    565     2.42399     0.13995     6.04598
 1394    565     2.42959     0.13995     6.04598
 1395    565     2.43519     0.13995     6.04598
 1396    565     2.44079     0.13995     6.04598
 1401    565     2.46878     0.13995     6.04598
 1402    565     2.47437     0.13995     6.04598
 1403    565     2.47997     0.13995     6.04598
  540    566    -2.34376     0.14509     6.02681
  541    566    -2.33818     0.14509     6.02681
  542    566    -2.33260     0.14509     6.02681
 1369    566     2.28238     0.14509     6.02681
 1370    566     2.28796     0.14509     6.02681
 1371    566     2.29354     0.14509     6.02681
 1372    566     2.29912     0.14509     6.02681
 1374    566     2.31028     0.14509     6.02681
 1375    566     2.31586     0.14509     6.02681
 1376    566     2.32144     0.14509     6.02681
 1377    566     2.32702     0.14509     6.02681
 1381    566     2.34934     0.14509     6.02681
 1382    566     2.35492     0.14509     6.02681
 1389    566     2.39398     0.14509     6.02681
 1390    566     2.39956     0.14509     6.02681
 1391    566     2.40514     0.14509     6.02681
 1392    566     2.41073     0.14509     6.02681
 1393    566     2.41631     0.14509     6.02681
 1394    566     2.42189     0.14509     6.02681
 1395    566     2.42747     0.14509     6.02681
 1396    566     2.43305     0.14509     6.02681
 1399    566     2.44979     0.14509     6.02681
 1402    566     2.46653     0.14509     6.02681
 1403    566     2.47211     0.14509     6.02681
  539    567    -2.34192     0.15019     6.00776
  540    567    -2.33635     0.15019     6.00776
  541    567    -2.33079     0.15019     6.00776
  542    567    -2.32523     0.15019     6.00776
  543    567    -2.31966     0.15019     6.00776
 1369    567     2.27516     0.15019     6.00776
 1370    567     2.28073     0.15019     6.00776
 1371    567     2.28629     0.15019     6.00776
 1372    567     2.29185     0.15019     6.00776
 1373    567     2.29741     0.15019     6.00776
 1375    567     2.30854     0.15019     6.00776
 1376    567     2.31410     0.15019     6.00776
 1377    567     2.31966     0.15019     6.00776
 1380    567     2.33635     0.15019     6.00776
 1381    567     2.34192     0.15019     6.00776
 1382    567     2.34748     0.15019     6.00776
 1383    567     2.35304     0.15019     6.00776
 1384    567     2.35860     0.15019     6.00776
 1389    567     2.38642     0.15019     6.00776
 1390    567     2.39198     0.15019     6.00776
 1391    567     2.39754     0.15019     6.00776
 1392    567     2.40311     0.15019     6.00776
 1394    567     2.41423     0.15019     6.00776
 1395    567     2.41979     0.15019     6.00776
 1396    567     2.42536     0.15019     6.00776
 1397    567     2.43092     0.15019     6.00776
 1399    567     2.44204     0.15019     6.00776
 1400    567     2.44761     0.15019     6.00776
 1402    567     2.45873     0.15019     6.00776
 1403    567     2.46430     0.15019     6.00776
 1404    567     2.46986     0.15019     6.00776
  537    568    -2.34563     0.15527     5.98883
  538    568    -2.34008     0.15527     5.98883
  539    568    -2.33454     0.15527     5.98883
  540    568    -2.32899     0.15527     5.98883
  541    568    -2.32345     0.15527     5.98883
  542    568    -2.31790     0.15527     5.98883
  543    568    -2.31236     0.15527     5.98883
  544    568    -2.30681     0.15527     5.98883
 1370    568     2.27354     0.15527     5.98883
 1371    568     2.27908     0.15527     5.98883
 1372    568     2.28463     0.15527     5.98883
 1373    568     2.29017     0.15527     5.98883
 1376    568     2.30681     0.15527     5.98883
 1377    568     2.31236     0.15527     5.98883
 1378    568     2.31790     0.15527     5.98883
 1379    568     2.32345     0.15527     5.98883
 1380    568     2.32899     0.15527     5.98883
 1381    568     2.33454     0.15527     5.98883
 1382    568     2.34008     0.15527     5.98883
 1383    568     2.34563     0.15527     5.98883
 1384    568     2.35117     0.15527     5.98883
 1385    568     2.35672     0.15527     5.98883
 1389    568     2.37890     0.15527     5.98883
 1390    568     2.38444     0.15527     5.98883
 1391    568     2.38999     0.15527     5.98883
 1392    568     2.39553     0.15527     5.98883
 1393    568     2.40108     0.15527     5.98883
 1394    568     2.40662     0.15527     5.98883
 1395    568     2.41217     0.15527     5.98883
 1396    568     2.41771     0.15527     5.98883
 1397    568     2.42326     0.15527     5.98883
 1399    568     2.43435     0.15527     5.98883
 1400    568     2.43990     0.15527     5.98883
 1401    568     2.44544     0.15527     5.98883
 1403    568     2.45653     0.15527     5.98883
 1404    568     2.46208     0.15527     5.98883
 1405    568     2.46762     0.15527     5.98883
  536    569    -2.34379     0.16031     5.97002
  537    569    -2.33826     0.16031     5.97002
  538    569    -2.33273     0.16031     5.97002
  539    569    -2.32720     0.16031     5.97002
  540    569    -2.32168     0.16031     5.97002
  541    569    -2.31615     0.16031     5.97002
  542    569    -2.31062     0.16031     5.97002
  543    569    -2.30509     0.16031     5.97002
  544    569    -2.29957     0.16031     5.97002
 1372    569     2.27745     0.16031     5.97002
 1373    569     2.28298     0.16031     5.97002
 1374    569     2.28851     0.16031     5.97002
 1376    569     2.29957     0.16031     5.97002
 1377    569     2.30509     0.16031     5.97002
 1378    569     2.31062     0.16031     5.97002
 1379    569     2.31615     0.16031     5.97002
 1380    569     2.32168     0.16031     5.97002
 1383    569     2.33826     0.16031     5.97002
 1384    569     2.34379     0.16031     5.97002
 1385    569     2.34932     0.16031     5.97002
 1390    569     2.37695     0.16031     5.97002
 1391    569     2.38248     0.16031     5.97002
 1392    569     2.38801     0.16031     5.97002
 1393    569     2.39354     0.16031     5.97002
 1394    569     2.39907     0.16031     5.97002
 1395    569     2.40459     0.16031     5.97002
 1396    569     2.41012     0.16031     5.97002
 1397    569     2.41565     0.16031     5.97002
 1400    569     2.43223     0.16031     5.97002
 1401    569     2.43776     0.16031     5.97002
 1404    569     2.45434     0.16031     5.97002
 1405    569     2.45987     0.16031     5.97002
 1406    569     2.46540     0.16031     5.97002
  535    570    -2.34196     0.16531     5.95133
  536    570    -2.33645     0.16531     5.95133
  537    570    -2.33094     0.16531     5.95133
  538    570    -2.32543     0.16531     5.95133
  539    570    -2.31992     0.16531     5.95133
  540    570    -2.31441     0.16531     5.95133
  541    570    -2.30890     0.16531     5.95133
  542    570    -2.30339     0.16531     5.95133
  543    570    -2.29788     0.16531     5.95133
  544    570    -2.29237     0.16531     5.95133
 1372    570     2.27032     0.16531     5.95133
 1373    570     2.27583     0.16531     5.95133
 1374    570     2.28134     0.16531     5.95133
 1375    570     2.28685     0.16531     5.95133
 1377    570     2.29788     0.16531     5.95133
 1378    570     2.30339     0.16531     5.95133
 1379    570     2.30890     0.16531     5.95133
 1384    570     2.33645     0.16531     5.95133
 1385    570     2.34196     0.16531     5.95133
 1390    570     2.36951     0.16531     5.95133
 1391    570     2.37502     0.16531     5.95133
 1392    570     2.38053     0.16531     5.95133
 1393    570     2.38604     0.16531     5.95133
 1394    570     2.39155     0.16531     5.95133
 1395    570     2.39706     0.16531     5.95133
 1396    570     2.40257     0.16531     5.95133
 1397    570     2.40809     0.16531     5.95133
 1405    570     2.45217     0.16531     5.95133
 1406    570     2.45768     0.16531     5.95133
 1407    570     2.46319     0.16531     5.95133
  534    571    -2.34014     0.17029     5.93276
  535    571    -2.33465     0.17029     5.93276
  536    571    -2.32916     0.17029     5.93276
  537    571    -2.32366     0.17029     5.93276
  538    571    -2.31817     0.17029     5.93276
  539    571    -2.31268     0.17029     5.93276
  540    571    -2.30718     0.17029     5.93276
  541    571    -2.30169     0.17029     5.93276
  542    571    -2.29620     0.17029     5.93276
  543    571    -2.29070     0.17029     5.93276
  544    571    -2.28521     0.17029     5.93276
 1373    571     2.26873     0.17029     5.93276
 1374    571     2.27422     0.17029     5.93276
 1375    571     2.27972     0.17029     5.93276
 1376    571     2.28521     0.17029     5.93276
 1378    571     2.29620     0.17029     5.93276
 1379    571     2.30169     0.17029     5.93276
 1382    571     2.31817     0.17029     5.93276
 1383    571     2.32366     0.17029     5.93276
 1384    571     2.32916     0.17029     5.93276
 1385    571     2.33465     0.17029     5.93276
 1391    571     2.36761     0.17029     5.93276
 1392    571     2.37310     0.17029     5.93276
 1393    571     2.37860     0.17029     5.93276
 1394    571     2.38409     0.17029     5.93276
 1395    571     2.38958     0.17029     5.93276
 1396    571     2.39508     0.17029     5.93276
 1406    571     2.45001     0.17029     5.93276
 1407    571     2.45550     0.17029     5.93276
 1408    571     2.46100     0.17029     5.93276
  528    572    -2.36572     0.17524     5.91430
  535    572    -2.32739     0.17524     5.91430
  538    572    -2.31096     0.17524     5.91430
  539    572    -2.30548     0.17524     5.91430
  540    572    -2.30000     0.17524     5.91430
  541    572    -2.29453     0.17524     5.91430
  542    572    -2.28905     0.17524     5.91430
  543    572    -2.28358     0.17524     5.91430
  544    572    -2.27810     0.17524     5.91430
 1374    572     2.26715     0.17524     5.91430
 1375    572     2.27262     0.17524     5.91430
 1376    572     2.27810     0.17524     5.91430
 1377    572     2.28358     0.17524     5.91430
 1379    572     2.29453     0.17524     5.91430
 1380    572     2.30000     0.17524     5.91430
 1381    572     2.30548     0.17524     5.91430
 1383    572     2.31643     0.17524     5.91430
 1384    572     2.32191     0.17524     5.91430
 1403    572     2.42596     0.17524     5.91430
 1404    572     2.43143     0.17524     5.91430
 1405    572     2.43691     0.17524     5.91430
 1407    572     2.44786     0.17524     5.91430
 1408    572     2.45334     0.17524     5.91430
 1409    572     2.45881     0.17524     5.91430
  526    573    -2.36930     0.18015     5.89595
  527    573    -2.36384     0.18015     5.89595
  528    573    -2.35838     0.18015     5.89595
  536    573    -2.31471     0.18015     5.89595
  537    573    -2.30925     0.18015     5.89595
  538    573    -2.30379     0.18015     5.89595
  539    573    -2.29833     0.18015     5.89595
  540    573    -2.29287     0.18015     5.89595
  541    573    -2.28741     0.18015     5.89595
  542    573    -2.28195     0.18015     5.89595
  543    573    -2.27649     0.18015     5.89595
  544    573    -2.27103     0.18015     5.89595
 1374    573     2.26011     0.18015     5.89595
 1375    573     2.26557     0.18015     5.89595
 1376    573     2.27103     0.18015     5.89595
 1377    573     2.27649     0.18015     5.89595
 1378    573     2.28195     0.18015     5.89595
 1380    573     2.29287     0.18015     5.89595
 1381    573     2.29833     0.18015     5.89595
 1382    573     2.30379     0.18015     5.89595
 1404    573     2.42389     0.18015     5.89595
 1405    573     2.42935     0.18015     5.89595
 1408    573     2.44573     0.18015     5.89595
 1409    573     2.45119     0.18015     5.89595
  525    574    -2.36741     0.18504     5.87772
  526    574    -2.36197     0.18504     5.87772
  527    574    -2.35653     0.18504     5.87772
  533    574    -2.32388     0.18504     5.87772
  534    574    -2.31843     0.18504     5.87772
  535    574    -2.31299     0.18504     5.87772
  536    574    -2.30755     0.18504     5.87772
  537    574    -2.30211     0.18504     5.87772
  538    574    -2.29666     0.18504     5.87772
  539    574    -2.29122     0.18504     5.87772
  540    574    -2.28578     0.18504     5.87772
  541    574    -2.28034     0.18504     5.87772
  542    574    -2.27490     0.18504     5.87772
  543    574    -2.26945     0.18504     5.87772
 1375    574     2.25857     0.18504     5.87772
 1376    574     2.26401     0.18504     5.87772
 1377    574     2.26945     0.18504     5.87772
 1378    574     2.27490     0.18504     5.87772
 1380    574     2.28578     0.18504     5.87772
 1381    574     2.29122     0.18504     5.87772
 1382    574     2.29666     0.18504     5.87772
 1383    574     2.30211     0.18504     5.87772
 1388    574     2.32932     0.18504     5.87772
 1389    574     2.33476     0.18504     5.87772
 1404    574     2.41640     0.18504     5.87772
 1405    574     2.42184     0.18504     5.87772
 1406    574     2.42728     0.18504     5.87772
 1408    574     2.43817     0.18504     5.87772
 1409    574     2.44361     0.18504     5.87772
 1410    574     2.44905     0.18504     5.87772
  525    575    -2.36012     0.18989     5.85960
  526    575    -2.35469     0.18989     5.85960
  527    575    -2.34927     0.18989     5.85960
  529    575    -2.33841     0.18989     5.85960
  530    575    -2.33299     0.18989     5.85960
  533    575    -2.31671     0.18989     5.85960
  534    575    -2.31129     0.18989     5.85960
  535    575    -2.30586     0.18989     5.85960
  536    575    -2.30044     0.18989     5.85960
  537    575    -2.29501     0.18989     5.85960
 1376    575     2.25703     0.18989     5.85960
 1377    575     2.26246     0.18989     5.85960
 1378    575     2.26788     0.18989     5.85960
 1379    575     2.27331     0.18989     5.85960
 1381    575     2.28416     0.18989     5.85960
 1382    575     2.28958     0.18989     5.85960
 1383    575     2.29501     0.18989     5.85960
 1384    575     2.30044     0.18989     5.85960
 1387    575     2.31671     0.18989     5.85960
 1388    575     2.32214     0.18989     5.85960
 1389    575     2.32756     0.18989     5.85960
 1390    575     2.33299     0.18989     5.85960
 1391    575     2.33841     0.18989     5.85960
 1405    575     2.41437     0.18989     5.85960
 1406    575     2.41980     0.18989     5.85960
 1407    575     2.42522     0.18989     5.85960
 1410    575     2.44150     0.18989     5.85960
 1411    575     2.44693     0.18989     5.85960
  523    576    -2.36368     0.19472     5.84159
  524    576    -2.35827     0.19472     5.84159
  525    576    -2.35286     0.19472     5.84159
  526    576    -2.34745     0.19472     5.84159
  528    576    -2.33664     0.19472     5.84159
  529    576    -2.33123     0.19472     5.84159
  530    576    -2.32582     0.19472     5.84159
 1377    576     2.25550     0.19472     5.84159
 1378    576     2.26091     0.19472     5.84159
 1379    576     2.26632     0.19472     5.84159
 1380    576     2.27173     0.19472     5.84159
 1382    576     2.28255     0.19472     5.84159
 1383    576     2.28796     0.19472     5.84159
 1384    576     2.29337     0.19472     5.84159
 1385    576     2.29877     0.19472     5.84159
 1387    576     2.30959     0.19472     5.84159
 1388    576     2.31500     0.19472     5.84159
 1389    576     2.32041     0.19472     5.84159
 1390    576     2.32582     0.19472     5.84159
 1391    576     2.33123     0.19472     5.84159
 1406    576     2.41236     0.19472     5.84159
 1407    576     2.41777     0.19472     5.84159
 1410    576     2.43400     0.19472     5.84159
 1411    576     2.43941     0.19472     5.84159
 1412    576     2.44481     0.19472     5.84159
  522    577    -2.36183     0.19952     5.82369
  523    577    -2.35644     0.19952     5.82369
  524    577    -2.35105     0.19952     5.82369
  525    577    -2.34565     0.19952     5.82369
  527    577    -2.33487     0.19952     5.82369
  528    577    -2.32948     0.19952     5.82369
  529    577    -2.32409     0.19952     5.82369
 1378    577     2.25399     0.19952     5.82369
 1379    577     2.25938     0.19952     5.82369
 1380    577     2.26477     0.19952     5.82369
 1381    577     2.27016     0.19952     5.82369
 1383    577     2.28095     0.19952     5.82369
 1384    577     2.28634     0.19952     5.82369
 1385    577     2.29173     0.19952     5.82369
 1387    577     2.30252     0.19952     5.82369
 1388    577     2.30791     0.19952     5.82369
 1390    577     2.31869     0.19952     5.82369
 1391    577     2.32409     0.19952     5.82369
 1392    577     2.32948     0.19952     5.82369
 1407    577     2.41036     0.19952     5.82369
 1408    577     2.41575     0.19952     5.82369
 1411    577     2.43193     0.19952     5.82369
 1412    577     2.43732     0.19952     5.82369
 1413    577     2.44272     0.19952     5.82369
  522    578    -2.35462     0.20428     5.80591
  523    578    -2.34924     0.20428     5.80591
  524    578    -2.34387     0.20428     5.80591
  527    578    -2.32774     0.20428     5.80591
  528    578    -2.32236     0.20428     5.80591
  529    578    -2.31699     0.20428     5.80591
 1379    578     2.25248     0.20428     5.80591
 1380    578     2.25785     0.20428     5.80591
 1381    578     2.26323     0.20428     5.80591
 1382    578     2.26860     0.20428     5.80591
 1384    578     2.27936     0.20428     5.80591
 1385    578     2.28473     0.20428     5.80591
 1386    578     2.29011     0.20428     5.80591
 1387    578     2.29548     0.20428     5.80591
 1388    578     2.30086     0.20428     5.80591
 1390    578     2.31161     0.20428     5.80591
 1391    578     2.31699     0.20428     5.80591
 1392    578     2.32236     0.20428     5.80591
 1393    578     2.32774     0.20428     5.80591
 1394    578     2.33311     0.20428     5.80591
 1408    578     2.40838     0.20428     5.80591
 1409    578     2.41375     0.20428     5.80591
 1412    578     2.42988     0.20428     5.80591
 1413    578     2.43525     0.20428     5.80591
 1414    578     2.44063     0.20428     5.80591
  521    579    -2.35281     0.20902     5.78823
  522    579    -2.34745     0.20902     5.78823
  523    579    -2.34209     0.20902     5.78823
  524    579    -2.33673     0.20902     5.78823
  526    579    -2.32601     0.20902     5.78823
  527    579    -2.32065     0.20902     5.78823
  528    579    -2.31529     0.20902     5.78823
 1380    579     2.25098     0.20902     5.78823
 1381    579     2.25634     0.20902     5.78823
 1382    579     2.26170     0.20902     5.78823
 1383    579     2.26705     0.20902     5.78823
 1385    579     2.27777     0.20902     5.78823
 1386    579     2.28313     0.20902     5.78823
 1387    579     2.28849     0.20902     5.78823
 1388    579     2.29385     0.20902     5.78823
 1390    579     2.30457     0.20902     5.78823
 1391    579     2.30993     0.20902     5.78823
 1392    579     2.31529     0.20902     5.78823
 1393    579     2.32065     0.20902     5.78823
 1394    579     2.32601     0.20902     5.78823
 1395    579     2.33137     0.20902     5.78823
 1396    579     2.33673     0.20902     5.78823
 1407    579     2.39568     0.20902     5.78823
 1408    579     2.40104     0.20902     5.78823
 1409    579     2.40640     0.20902     5.78823
 1413    579     2.42784     0.20902     5.78823
 1414    579     2.43320     0.20902     5.78823
 1415    579     2.43856     0.20902     5.78823
  520    580    -2.35101     0.21373     5.77065
  521    580    -2.34566     0.21373     5.77065
  522    580    -2.34032     0.21373     5.77065
  523    580    -2.33498     0.21373     5.77065
  525    580    -2.32429     0.21373     5.77065
  526    580    -2.31895     0.21373     5.77065
  527    580    -2.31360     0.21373     5.77065
  528    580    -2.30826     0.21373     5.77065
 1380    580     2.24414     0.21373     5.77065
 1381    580     2.24949     0.21373     5.77065
 1382    580     2.25483     0.21373     5.77065
 1383    580     2.26017     0.21373     5.77065
 1384    580     2.26552     0.21373     5.77065
 1386    580     2.27620     0.21373     5.77065
 1387    580     2.28154     0.21373     5.77065
 1388    580     2.28689     0.21373     5.77065
 1389    580     2.29223     0.21373     5.77065
 1390    580     2.29757     0.21373     5.77065
 1392    580     2.30826     0.21373     5.77065
 1393    580     2.31360     0.21373     5.77065
 1394    580     2.31895     0.21373     5.77065
 1395    580     2.32429     0.21373     5.77065
 1396    580     2.32963     0.21373     5.77065
 1407    580     2.38841     0.21373     5.77065
 1408    580     2.39375     0.21373     5.77065
 1414    580     2.42581     0.21373     5.77065
 1415    580     2.43115     0.21373     5.77065
 1416    580     2.43650     0.21373     5.77065
  519    581    -2.34922     0.21841     5.75319
  520    581    -2.34389     0.21841     5.75319
  521    581    -2.33856     0.21841     5.75319
  522    581    -2.33324     0.21841     5.75319
  524    581    -2.32258     0.21841     5.75319
  525    581    -2.31726     0.21841     5.75319
  526    581    -2.31193     0.21841     5.75319
  527    581    -2.30660     0.21841     5.75319
 1381    581     2.24268     0.21841     5.75319
 1382    581     2.24800     0.21841     5.75319
 1383    581     2.25333     0.21841     5.75319
 1384    581     2.25866     0.21841     5.75319
 1385    581     2.26399     0.21841     5.75319
 1386    581     2.26931     0.21841     5.75319
 1387    581     2.27464     0.21841     5.75319
 1388    581     2.27997     0.21841     5.75319
 1389    581     2.28529     0.21841     5.75319
 1390    581     2.29062     0.21841     5.75319
 1392    581     2.30127     0.21841     5.75319
 1393    581     2.30660     0.21841     5.75319
 1394    581     2.31193     0.21841     5.75319
 1395    581     2.31726     0.21841     5.75319
 1396    581     2.32258     0.21841     5.75319
 1407    581     2.38118     0.21841     5.75319
 1408    581     2.38651     0.21841     5.75319
 1411    581     2.40249     0.21841     5.75319
 1415    581     2.42380     0.21841     5.75319
 1416    581     2.42912     0.21841     5.75319
  518    582    -2.34744     0.22306     5.73582
  519    582    -2.34213     0.22306     5.73582
  520    582    -2.33682     0.22306     5.73582
  521    582    -2.33151     0.22306     5.73582
  524    582    -2.31557     0.22306     5.73582
  525    582    -2.31026     0.22306     5.73582
  526    582    -2.30495     0.22306     5.73582
  527    582    -2.29964     0.22306     5.73582
 1382    582     2.24122     0.22306     5.73582
 1383    582     2.24653     0.22306     5.73582
 1384    582     2.25184     0.22306     5.73582
 1385    582     2.25715     0.22306     5.73582
 1386    582     2.26246     0.22306     5.73582
 1387    582     2.26778     0.22306     5.73582
 1389    582     2.27840     0.22306     5.73582
 1390    582     2.28371     0.22306     5.73582
 1391    582     2.28902     0.22306     5.73582
 1392    582     2.29433     0.22306     5.73582
 1394    582     2.30495     0.22306     5.73582
 1395    582     2.31026     0.22306     5.73582
 1396    582     2.31557     0.22306     5.73582
 1397    582     2.32088     0.22306     5.73582
 1407    582     2.37399     0.22306     5.73582
 1410    582     2.38993     0.22306     5.73582
 1412    582     2.40055     0.22306     5.73582
 1413    582     2.40586     0.22306     5.73582
 1416    582     2.42179     0.22306     5.73582
 1417    582     2.42710     0.22306     5.73582
  517    583    -2.34567     0.22768     5.71857
  518    583    -2.34038     0.22768     5.71857
  519    583    -2.33508     0.22768     5.71857
  520    583    -2.32979     0.22768     5.71857
  521    583    -2.32449     0.22768     5.71857
  523    583    -2.31390     0.22768     5.71857
  524    583    -2.30861     0.22768     5.71857
  525    583    -2.30331     0.22768     5.71857
  526    583    -2.29802     0.22768     5.71857
 1383    583     2.23977     0.22768     5.71857
 1384    583     2.24507     0.22768     5.71857
 1385    583     2.25036     0.22768     5.71857
 1386    583     2.25566     0.22768     5.71857
 1387    583     2.26095     0.22768     5.71857
 1389    583     2.27154     0.22768     5.71857
 1390    583     2.27684     0.22768     5.71857
 1392    583     2.28743     0.22768     5.71857
 1394    583     2.29802     0.22768     5.71857
 1395    583     2.30331     0.22768     5.71857
 1396    583     2.30861     0.22768     5.71857
 1397    583     2.31390     0.22768     5.71857
 1398    583     2.31920     0.22768     5.71857
 1399    583     2.32449     0.22768     5.71857
 1407    583     2.36685     0.22768     5.71857
 1408    583     2.37215     0.22768     5.71857
 1410    583     2.38274     0.22768     5.71857
 1413    583     2.39862     0.22768     5.71857
 1414    583     2.40392     0.22768     5.71857
 1417    583     2.41980     0.22768     5.71857
 1418    583     2.42510     0.22768     5.71857
  516    584    -2.34392     0.23228     5.70142
  517    584    -2.33864     0.23228     5.70142
  518    584    -2.33336     0.23228     5.70142
  519    584    -2.32808     0.23228     5.70142
  520    584    -2.32280     0.23228     5.70142
  521    584    -2.31752     0.23228     5.70142
  522    584    -2.31224     0.23228     5.70142
  523    584    -2.30696     0.23228     5.70142
  524    584    -2.30168     0.23228     5.70142
  525    584    -2.29640     0.23228     5.70142
  526    584    -2.29112     0.23228     5.70142
 1384    584     2.23833     0.23228     5.70142
 1385    584     2.24361     0.23228     5.70142
 1386    584     2.24889     0.23228     5.70142
 1387    584     2.25417     0.23228     5.70142
 1388    584     2.25945     0.23228     5.70142
 1394    584     2.29112     0.23228     5.70142
 1395    584     2.29640     0.23228     5.70142
 1396    584     2.30168     0.23228     5.70142
 1397    584     2.30696     0.23228     5.70142
 1398    584     2.31224     0.23228     5.70142
 1399    584     2.31752     0.23228     5.70142
 1400    584     2.32280     0.23228     5.70142
 1408    584     2.36503     0.23228     5.70142
 1409    584     2.37031     0.23228     5.70142
 1413    584     2.39143     0.23228     5.70142
 1414    584     2.39671     0.23228     5.70142
 1415    584     2.40199     0.23228     5.70142
 1418    584     2.41782     0.23228     5.70142
 1419    584     2.42310     0.23228     5.70142
  515    585    -2.34217     0.23685     5.68436
  516    585    -2.33691     0.23685     5.68436
  517    585    -2.33164     0.23685     5.68436
  518    585    -2.32638     0.23685     5.68436
  519    585    -2.32112     0.23685     5.68436
  520    585    -2.31585     0.23685     5.68436
  521    585    -2.31059     0.23685     5.68436
  522    585    -2.30533     0.23685     5.68436
  523    585    -2.30006     0.23685     5.68436
  524    585    -2.29480     0.23685     5.68436
  525    585    -2.28954     0.23685     5.68436
 1385    585     2.23690     0.23685     5.68436
 1386    585     2.24217     0.23685     5.68436
 1387    585     2.24743     0.23685     5.68436
 1388    585     2.25269     0.23685     5.68436
 1393    585     2.27901     0.23685     5.68436
 1394    585     2.28427     0.23685     5.68436
 1397    585     2.30006     0.23685     5.68436
 1398    585     2.30533     0.23685     5.68436
 1399    585     2.31059     0.23685     5.68436
 1400    585     2.31585     0.23685     5.68436
 1414    585     2.38954     0.23685     5.68436
 1415    585     2.39480     0.23685     5.68436
 1419    585     2.41586     0.23685     5.68436
 1420    585     2.42112     0.23685     5.68436
  514    586    -2.34043     0.24139     5.66742
  515    586    -2.33519     0.24139     5.66742
  516    586    -2.32994     0.24139     5.66742
  517    586    -2.32469     0.24139     5.66742
  518    586    -2.31944     0.24139     5.66742
  519    586    -2.31419     0.24139     5.66742
  521    586    -2.30370     0.24139     5.66742
  522    586    -2.29845     0.24139     5.66742
  523    586    -2.29320     0.24139     5.66742
  524    586    -2.28796     0.24139     5.66742
 1385    586     2.23023     0.24139     5.66742
 1386    586     2.23548     0.24139     5.66742
 1387    586     2.24073     0.24139     5.66742
 1388    586     2.24598     0.24139     5.66742
 1389    586     2.25122     0.24139     5.66742
 1393    586     2.27221     0.24139     5.66742
 1394    586     2.27746     0.24139     5.66742
 1399    586     2.30370     0.24139     5.66742
 1400    586     2.30895     0.24139     5.66742
 1401    586     2.31419     0.24139     5.66742
 1415    586     2.38766     0.24139     5.66742
 1416    586     2.39291     0.24139     5.66742
 1420    586     2.41390     0.24139     5.66742
 1421    586     2.41915     0.24139     5.66742
  514    587    -2.33348     0.24590     5.65057
  515    587    -2.32824     0.24590     5.65057
  516    587    -2.32301     0.24590     5.65057
  517    587    -2.31778     0.24590     5.65057
  518    587    -2.31255     0.24590     5.65057
  521    587    -2.29685     0.24590     5.65057
  522    587    -2.29162     0.24590     5.65057
  523    587    -2.28639     0.24590     5.65057
  524    587    -2.28116     0.24590     5.65057
  525    587    -2.27592     0.24590     5.65057
 1386    587     2.22884     0.24590     5.65057
 1387    587     2.23407     0.24590     5.65057
 1388    587     2.23930     0.24590     5.65057
 1389    587     2.24453     0.24590     5.65057
 1390    587     2.24976     0.24590     5.65057
 1396    587     2.28116     0.24590     5.65057
 1397    587     2.28639     0.24590     5.65057
 1399    587     2.29685     0.24590     5.65057
 1400    587     2.30208     0.24590     5.65057
 1401    587     2.30732     0.24590     5.65057
 1416    587     2.38580     0.24590     5.65057
 1417    587     2.39103     0.24590     5.65057
 1420    587     2.40672     0.24590     5.65057
 1421    587     2.41196     0.24590     5.65057
 1422    587     2.41719     0.24590     5.65057
  513    588    -2.33178     0.25039     5.63382
  514    588    -2.32656     0.25039     5.63382
  515    588    -2.32134     0.25039     5.63382
  516    588    -2.31613     0.25039     5.63382
  517    588    -2.31091     0.25039     5.63382
  520    588    -2.29526     0.25039     5.63382
  521    588    -2.29004     0.25039     5.63382
  522    588    -2.28483     0.25039     5.63382
  523    588    -2.27961     0.25039     5.63382
  524    588    -2.27439     0.25039     5.63382
 1387    588     2.22745     0.25039     5.63382
 1388    588     2.23266     0.25039     5.63382
 1389    588     2.23788     0.25039     5.63382
 1390    588     2.24309     0.25039     5.63382
 1391    588     2.24831     0.25039     5.63382
 1393    588     2.25874     0.25039     5.63382
 1394    588     2.26396     0.25039     5.63382
 1397    588     2.27961     0.25039     5.63382
 1400    588     2.29526     0.25039     5.63382
 1401    588     2.30048     0.25039     5.63382
 1402    588     2.30569     0.25039     5.63382
 1421    588     2.40481     0.25039     5.63382
 1422    588     2.41002     0.25039     5.63382
 1423    588     2.41524     0.25039     5.63382
 1424    588     2.42046     0.25039     5.63382
  512    589    -2.33009     0.25485     5.61717
  513    589    -2.32488     0.25485     5.61717
  514    589    -2.31968     0.25485     5.61717
  515    589    -2.31448     0.25485     5.61717
  516    589    -2.30928     0.25485     5.61717
  520    589    -2.28848     0.25485     5.61717
  521    589    -2.28328     0.25485     5.61717
  522    589    -2.27807     0.25485     5.61717
  523    589    -2.27287     0.25485     5.61717
  524    589    -2.26767     0.25485     5.61717
 1388    589     2.22606     0.25485     5.61717
 1389    589     2.23127     0.25485     5.61717
 1390    589     2.23647     0.25485     5.61717
 1391    589     2.24167     0.25485     5.61717
 1394    589     2.25727     0.25485     5.61717
 1395    589     2.26247     0.25485     5.61717
 1397    589     2.27287     0.25485     5.61717
 1398    589     2.27807     0.25485     5.61717
 1400    589     2.28848     0.25485     5.61717
 1401    589     2.29368     0.25485     5.61717
 1402    589     2.29888     0.25485     5.61717
 1403    589     2.30408     0.25485     5.61717
 1418    589     2.38210     0.25485     5.61717
 1419    589     2.38730     0.25485     5.61717
 1420    589     2.39250     0.25485     5.61717
 1421    589     2.39770     0.25485     5.61717
 1422    589     2.40290     0.25485     5.61717
 1423    589     2.40810     0.25485     5.61717
 1424    589     2.41330     0.25485     5.61717
  511    590    -2.32841     0.25929     5.60062
  512    590    -2.32322     0.25929     5.60062
  513    590    -2.31803     0.25929     5.60062
  514    590    -2.31285     0.25929     5.60062
  515    590    -2.30766     0.25929     5.60062
  520    590    -2.28173     0.25929     5.60062
  521    590    -2.27655     0.25929     5.60062
  522    590    -2.27136     0.25929     5.60062
  523    590    -2.26618     0.25929     5.60062
  524    590    -2.26099     0.25929     5.60062
 1389    590     2.22469     0.25929     5.60062
 1390    590     2.22988     0.25929     5.60062
 1391    590     2.23506     0.25929     5.60062
 1392    590     2.24025     0.25929     5.60062
 1394    590     2.25062     0.25929     5.60062
 1395    590     2.25581     0.25929     5.60062
 1398    590     2.27136     0.25929     5.60062
 1400    590     2.28173     0.25929     5.60062
 1401    590     2.28692     0.25929     5.60062
 1402    590     2.29211     0.25929     5.60062
 1403    590     2.29729     0.25929     5.60062
 1404    590     2.30248     0.25929     5.60062
 1418    590     2.37508     0.25929     5.60062
 1419    590     2.38026     0.25929     5.60062
 1420    590     2.38545     0.25929     5.60062
 1421    590     2.39063     0.25929     5.60062
 1422    590     2.39582     0.25929     5.60062
 1423    590     2.40101     0.25929     5.60062
 1424    590     2.40619     0.25929     5.60062
 1425    590     2.41138     0.25929     5.60062
  511    591    -2.32157     0.26370     5.58417
  512    591    -2.31639     0.26370     5.58417
  513    591    -2.31122     0.26370     5.58417
  514    591    -2.30605     0.26370     5.58417
  515    591    -2.30088     0.26370     5.58417
  520    591    -2.27503     0.26370     5.58417
  521    591    -2.26986     0.26370     5.58417
  522    591    -2.26469     0.26370     5.58417
  523    591    -2.25952     0.26370     5.58417
  524    591    -2.25435     0.26370     5.58417
  534    591    -2.20264     0.26370     5.58417
  535    591    -2.19747     0.26370     5.58417
 1390    591     2.22333     0.26370     5.58417
 1391    591     2.22850     0.26370     5.58417
 1392    591     2.23367     0.26370     5.58417
 1393    591     2.23884     0.26370     5.58417
 1395    591     2.24918     0.26370     5.58417
 1396    591     2.25435     0.26370     5.58417
 1398    591     2.26469     0.26370     5.58417
 1399    591     2.26986     0.26370     5.58417
 1401    591     2.28020     0.26370     5.58417
 1402    591     2.28537     0.26370     5.58417
 1403    591     2.29054     0.26370     5.58417
 1404    591     2.29571     0.26370     5.58417
 1405    591     2.30088     0.26370     5.58417
 1406    591     2.30605     0.26370     5.58417
 1407    591     2.31122     0.26370     5.58417
 1418    591     2.36810     0.26370     5.58417
 1419    591     2.37327     0.26370     5.58417
 1420    591     2.37844     0.26370     5.58417
 1423    591     2.39395     0.26370     5.58417
 1424    591     2.39912     0.26370     5.58417
 1425    591     2.40429     0.26370     5.58417
 1426    591     2.40946     0.26370     5.58417
  510    592    -2.31992     0.26808     5.56781
  511    592    -2.31476     0.26808     5.56781
  512    592    -2.30961     0.26808     5.56781
  513    592    -2.30445     0.26808     5.56781
  514    592    -2.29930     0.26808     5.56781
  516    592    -2.28899     0.26808     5.56781
  517    592    -2.28383     0.26808     5.56781
  518    592    -2.27868     0.26808     5.56781
  519    592    -2.27352     0.26808     5.56781
  521    592    -2.26321     0.26808     5.56781
  522    592    -2.25806     0.26808     5.56781
  523    592    -2.25290     0.26808     5.56781
  524    592    -2.24774     0.26808     5.56781
  533    592    -2.20135     0.26808     5.56781
  534    592    -2.19619     0.26808     5.56781
 1390    592     2.21681     0.26808     5.56781
 1391    592     2.22197     0.26808     5.56781
 1392    592     2.22712     0.26808     5.56781
 1393    592     2.23228     0.26808     5.56781
 1396    592     2.24774     0.26808     5.56781
 1397    592     2.25290     0.26808     5.56781
 1398    592     2.25806     0.26808     5.56781
 1403    592     2.28383     0.26808     5.56781
 1404    592     2.28899     0.26808     5.56781
 1405    592     2.29414     0.26808     5.56781
 1406    592     2.29930     0.26808     5.56781
 1407    592     2.30445     0.26808     5.56781
 1408    592     2.30961     0.26808     5.56781
 1417    592     2.35601     0.26808     5.56781
 1418    592     2.36116     0.26808     5.56781
 1419    592     2.36632     0.26808     5.56781
 1420    592     2.37147     0.26808     5.56781
 1421    592     2.37663     0.26808     5.56781
 1422    592     2.38178     0.26808     5.56781
 1423    592     2.38694     0.26808     5.56781
 1424    592     2.39210     0.26808     5.56781
 1425    592     2.39725     0.26808     5.56781
 1426    592     2.40241     0.26808     5.56781
  509    593    -2.31828     0.27244     5.55155
  510    593    -2.31314     0.27244     5.55155
  511    593    -2.30800     0.27244     5.55155
  512    593    -2.30286     0.27244     5.55155
  513    593    -2.29772     0.27244     5.55155
  514    593    -2.29258     0.27244     5.55155
  515    593    -2.28744     0.27244     5.55155
  516    593    -2.28230     0.27244     5.55155
  517    593    -2.27716     0.27244     5.55155
  518    593    -2.27202     0.27244     5.55155
  519    593    -2.26688     0.27244     5.55155
  520    593    -2.26174     0.27244     5.55155
  521    593    -2.25660     0.27244     5.55155
  522    593    -2.25146     0.27244     5.55155
  523    593    -2.24632     0.27244     5.55155
  524    593    -2.24118     0.27244     5.55155
  532    593    -2.20006     0.27244     5.55155
  533    593    -2.19492     0.27244     5.55155
  537    593    -2.17436     0.27244     5.55155
 1391    593     2.21548     0.27244     5.55155
 1392    593     2.22062     0.27244     5.55155
 1393    593     2.22576     0.27244     5.55155
 1394    593     2.23090     0.27244     5.55155
 1396    593     2.24118     0.27244     5.55155
 1397    593     2.24632     0.27244     5.55155
 1398    593     2.25146     0.27244     5.55155
 1401    593     2.26688     0.27244     5.55155
 1402    593     2.27202     0.27244     5.55155
 1406    593     2.29258     0.27244     5.55155
 1407    593     2.29772     0.27244     5.55155
 1408    593     2.30286     0.27244     5.55155
 1417    593     2.34913     0.27244     5.55155
 1418    593     2.35427     0.27244     5.55155
 1419    593     2.35941     0.27244     5.55155
 1420    593     2.36455     0.27244     5.55155
 1421    593     2.36969     0.27244     5.55155
 1422    593     2.37483     0.27244     5.55155
 1423    593     2.37997     0.27244     5.55155
 1424    593     2.38511     0.27244     5.55155
 1425    593     2.39025     0.27244     5.55155
 1426    593     2.39539     0.27244     5.55155
  508    594    -2.31666     0.27677     5.53538
  509    594    -2.31153     0.27677     5.53538
  510    594    -2.30641     0.27677     5.53538
  511    594    -2.30128     0.27677     5.53538
  514    594    -2.28591     0.27677     5.53538
  521    594    -2.25003     0.27677     5.53538
  522    594    -2.24490     0.27677     5.53538
  523    594    -2.23978     0.27677     5.53538
  524    594    -2.23465     0.27677     5.53538
  531    594    -2.19878     0.27677     5.53538
  532    594    -2.19365     0.27677     5.53538
  533    594    -2.18853     0.27677     5.53538
  536    594    -2.17315     0.27677     5.53538
  537    594    -2.16802     0.27677     5.53538
 1392    594     2.21415     0.27677     5.53538
 1393    594     2.21928     0.27677     5.53538
 1394    594     2.22440     0.27677     5.53538
 1395    594     2.22953     0.27677     5.53538
 1396    594     2.23465     0.27677     5.53538
 1397    594     2.23978     0.27677     5.53538
 1398    594     2.24490     0.27677     5.53538
 1399    594     2.25003     0.27677     5.53538
 1400    594     2.25515     0.27677     5.53538
 1401    594     2.26028     0.27677     5.53538
 1402    594     2.26541     0.27677     5.53538
 1403    594     2.27053     0.27677     5.53538
 1407    594     2.29103     0.27677     5.53538
 1408    594     2.29616     0.27677     5.53538
 1418    594     2.34741     0.27677     5.53538
 1419    594     2.35254     0.27677     5.53538
 1420    594     2.35766     0.27677     5.53538
 1421    594     2.36279     0.27677     5.53538
 1422    594     2.36791     0.27677     5.53538
 1423    594     2.37304     0.27677     5.53538
 1424    594     2.37816     0.27677     5.53538
  507    595    -2.31504     0.28108     5.51931
  508    595    -2.30993     0.28108     5.51931
  509    595    -2.30482     0.28108     5.51931
  510    595    -2.29971     0.28108     5.51931
  517    595    -2.26394     0.28108     5.51931
  518    595    -2.25883     0.28108     5.51931
  521    595    -2.24350     0.28108     5.51931
  522    595    -2.23839     0.28108     5.51931
  523    595    -2.23327     0.28108     5.51931
  531    595    -2.19239     0.28108     5.51931
  532    595    -2.18728     0.28108     5.51931
  535    595    -2.17195     0.28108     5.51931
  536    595    -2.16684     0.28108     5.51931
 1393    595     2.21283     0.28108     5.51931
 1394    595     2.21794     0.28108     5.51931
 1395    595     2.22305     0.28108     5.51931
 1396    595     2.22816     0.28108     5.51931
 1397    595     2.23327     0.28108     5.51931
 1399    595     2.24350     0.28108     5.51931
 1400    595     2.24861     0.28108     5.51931
 1401    595     2.25372     0.28108     5.51931
 1404    595     2.26905     0.28108     5.51931
 1405    595     2.27416     0.28108     5.51931
 1406    595     2.27927     0.28108     5.51931
 1407    595     2.28438     0.28108     5.51931
 1408    595     2.28949     0.28108     5.51931
 1423    595     2.36615     0.28108     5.51931
 1424    595     2.37126     0.28108     5.51931
 1428    595     2.39170     0.28108     5.51931
 1429    595     2.39681     0.28108     5.51931
  506    596    -2.31344     0.28536     5.50333
  507    596    -2.30834     0.28536     5.50333
  508    596    -2.30324     0.28536     5.50333
  509    596    -2.29815     0.28536     5.50333
  510    596    -2.29305     0.28536     5.50333
  514    596    -2.27267     0.28536     5.50333
  515    596    -2.26757     0.28536     5.50333
  516    596    -2.26248     0.28536     5.50333
  517    596    -2.25738     0.28536     5.50333
  518    596    -2.25229     0.28536     5.50333
  519    596    -2.24719     0.28536     5.50333
  520    596    -2.24210     0.28536     5.50333
  521    596    -2.23700     0.28536     5.50333
  522    596    -2.23190     0.28536     5.50333
  523    596    -2.22681     0.28536     5.50333
  530    596    -2.19114     0.28536     5.50333
  531    596    -2.18604     0.28536     5.50333
  534    596    -2.17076     0.28536     5.50333
  535    596    -2.16566     0.28536     5.50333
 1394    596     2.21152     0.28536     5.50333
 1395    596     2.21662     0.28536     5.50333
 1396    596     2.22171     0.28536     5.50333
 1397    596     2.22681     0.28536     5.50333
 1399    596     2.23700     0.28536     5.50333
 1400    596     2.24210     0.28536     5.50333
 1401    596     2.24719     0.28536     5.50333
 1402    596     2.25229     0.28536     5.50333
 1406    596     2.27267     0.28536     5.50333
 1407    596     2.27777     0.28536     5.50333
 1428    596     2.38477     0.28536     5.50333
 1429    596     2.38987     0.28536     5.50333
 1430    596     2.39497     0.28536     5.50333
  506    597    -2.30676     0.28961     5.48744
  507    597    -2.30168     0.28961     5.48744
  508    597    -2.29659     0.28961     5.48744
  509    597    -2.29151     0.28961     5.48744
  513    597    -2.27119     0.28961     5.48744
  514    597    -2.26611     0.28961     5.48744
  515    597    -2.26103     0.28961     5.48744
  516    597    -2.25595     0.28961     5.48744
  517    597    -2.25087     0.28961     5.48744
  518    597    -2.24578     0.28961     5.48744
  519    597    -2.24070     0.28961     5.48744
  520    597    -2.23562     0.28961     5.48744
  521    597    -2.23054     0.28961     5.48744
  522    597    -2.22546     0.28961     5.48744
  530    597    -2.18481     0.28961     5.48744
  531    597    -2.17973     0.28961     5.48744
  534    597    -2.16449     0.28961     5.48744
  535    597    -2.15941     0.28961     5.48744
 1394    597     2.20514     0.28961     5.48744
 1395    597     2.21022     0.28961     5.48744
 1396    597     2.21530     0.28961     5.48744
 1397    597     2.22038     0.28961     5.48744
 1398    597     2.22546     0.28961     5.48744
 1400    597     2.23562     0.28961     5.48744
 1401    597     2.24070     0.28961     5.48744
 1402    597     2.24578     0.28961     5.48744
 1403    597     2.25087     0.28961     5.48744
 1429    597     2.38297     0.28961     5.48744
 1430    597     2.38805     0.28961     5.48744
 1431    597     2.39313     0.28961     5.48744
  505    598    -2.30518     0.29385     5.47164
  506    598    -2.30012     0.29385     5.47164
  507    598    -2.29505     0.29385     5.47164
  508    598    -2.28998     0.29385     5.47164
  509    598    -2.28492     0.29385     5.47164
  511    598    -2.27478     0.29385     5.47164
  512    598    -2.26972     0.29385     5.47164
  513    598    -2.26465     0.29385     5.47164
  514    598    -2.25959     0.29385     5.47164
  515    598    -2.25452     0.29385     5.47164
  516    598    -2.24945     0.29385     5.47164
  517    598    -2.24439     0.29385     5.47164
  518    598    -2.23932     0.29385     5.47164
  519    598    -2.23425     0.29385     5.47164
  520    598    -2.22919     0.29385     5.47164
  521    598    -2.22412     0.29385     5.47164
  522    598    -2.21905     0.29385     5.47164
  529    598    -2.18359     0.29385     5.47164
  530    598    -2.17852     0.29385     5.47164
  533    598    -2.16333     0.29385     5.47164
  534    598    -2.15826     0.29385     5.47164
 1395    598     2.20386     0.29385     5.47164
 1396    598     2.20892     0.29385     5.47164
 1397    598     2.21399     0.29385     5.47164
 1398    598     2.21905     0.29385     5.47164
 1399    598     2.22412     0.29385     5.47164
 1401    598     2.23425     0.29385     5.47164
 1402    598     2.23932     0.29385     5.47164
 1403    598     2.24439     0.29385     5.47164
 1404    598     2.24945     0.29385     5.47164
 1405    598     2.25452     0.29385     5.47164
 1430    598     2.38118     0.29385     5.47164
 1431    598     2.38624     0.29385     5.47164
 1432    598     2.39131     0.29385     5.47164
 1433    598     2.39638     0.29385     5.47164
  504    599    -2.30362     0.29806     5.45594
  505    599    -2.29857     0.29806     5.45594
  506    599    -2.29351     0.29806     5.45594
  507    599    -2.28846     0.29806     5.45594
  508    599    -2.28341     0.29806     5.45594
  511    599    -2.26826     0.29806     5.45594
  512    599    -2.26320     0.29806     5.45594
  513    599    -2.25815     0.29806     5.45594
  514    599    -2.25310     0.29806     5.45594
  515    599    -2.24805     0.29806     5.45594
  516    599    -2.24300     0.29806     5.45594
  517    599    -2.23794     0.29806     5.45594
  518    599    -2.23289     0.29806     5.45594
  519    599    -2.22784     0.29806     5.45594
  520    599    -2.22279     0.29806     5.45594
  521    599    -2.21774     0.29806     5.45594
  528    599    -2.18237     0.29806     5.45594
  529    599    -2.17732     0.29806     5.45594
  530    599    -2.17227     0.29806     5.45594
  532    599    -2.16217     0.29806     5.45594
  533    599    -2.15712     0.29806     5.45594
  534    599    -2.15206     0.29806     5.45594
 1396    599     2.20258     0.29806     5.45594
 1397    599     2.20763     0.29806     5.45594
 1398    599     2.21269     0.29806     5.45594
 1399    599     2.21774     0.29806     5.45594
 1400    599     2.22279     0.29806     5.45594
 1402    599     2.23289     0.29806     5.45594
 1403    599     2.23794     0.29806     5.45594
 1404    599     2.24300     0.29806     5.45594
 1405    599     2.24805     0.29806     5.45594
 1410    599     2.27331     0.29806     5.45594
 1430    599     2.37434     0.29806     5.45594
 1431    599     2.37939     0.29806     5.45594
 1432    599     2.38445     0.29806     5.45594
 1433    599     2.38950     0.29806     5.45594
 1434    599     2.39455     0.29806     5.45594
  503    600    -2.30206     0.30224     5.44032
  504    600    -2.29702     0.30224     5.44032
  505    600    -2.29199     0.30224     5.44032
  506    600    -2.28695     0.30224     5.44032
  507    600    -2.28191     0.30224     5.44032
  508    600    -2.27687     0.30224     5.44032
  510    600    -2.26680     0.30224     5.44032
  511    600    -2.26176     0.30224     5.44032
  512    600    -2.25673     0.30224     5.44032
  513    600    -2.25169     0.30224     5.44032
  514    600    -2.24665     0.30224     5.44032
  515    600    -2.24161     0.30224     5.44032
  517    600    -2.23154     0.30224     5.44032
  518    600    -2.22650     0.30224     5.44032
  519    600    -2.22146     0.30224     5.44032
  520    600    -2.21643     0.30224     5.44032
  521    600    -2.21139     0.30224     5.44032
  522    600    -2.20635     0.30224     5.44032
  527    600    -2.18117     0.30224     5.44032
  528    600    -2.17613     0.30224     5.44032
  529    600    -2.17109     0.30224     5.44032
  531    600    -2.16102     0.30224     5.44032
  532    600    -2.15598     0.30224     5.44032
  533    600    -2.15094     0.30224     5.44032
 1397    600     2.20131     0.30224     5.44032
 1398    600     2.20635     0.30224     5.44032
 1399    600     2.21139     0.30224     5.44032
 1400    600     2.21643     0.30224     5.44032
 1401    600     2.22146     0.30224     5.44032
 1403    600     2.23154     0.30224     5.44032
 1404    600     2.23658     0.30224     5.44032
 1405    600     2.24161     0.30224     5.44032
 1406    600     2.24665     0.30224     5.44032
 1410    600     2.26680     0.30224     5.44032
 1428    600     2.35747     0.30224     5.44032
 1429    600     2.36251     0.30224     5.44032
 1431    600     2.37258     0.30224     5.44032
 1432    600     2.37762     0.30224     5.44032
 1433    600     2.38266     0.30224     5.44032
 1434    600     2.38770     0.30224     5.44032
  502    601    -2.30051     0.30640     5.42479
  503    601    -2.29549     0.30640     5.42479
  504    601    -2.29047     0.30640     5.42479
  505    601    -2.28545     0.30640     5.42479
  506    601    -2.28042     0.30640     5.42479
  507    601    -2.27540     0.30640     5.42479
  510    601    -2.26033     0.30640     5.42479
  511    601    -2.25531     0.30640     5.42479
  512    601    -2.25028     0.30640     5.42479
  513    601    -2.24526     0.30640     5.42479
  516    601    -2.23019     0.30640     5.42479
  517    601    -2.22517     0.30640     5.42479
  518    601    -2.22015     0.30640     5.42479
  519    601    -2.21512     0.30640     5.42479
  520    601    -2.21010     0.30640     5.42479
  521    601    -2.20508     0.30640     5.42479
  522    601    -2.20006     0.30640     5.42479
  527    601    -2.17494     0.30640     5.42479
  528    601    -2.16992     0.30640     5.42479
  530    601    -2.15987     0.30640     5.42479
  531    601    -2.15485     0.30640     5.42479
  532    601    -2.14983     0.30640     5.42479
 1398    601     2.20006     0.30640     5.42479
 1399    601     2.20508     0.30640     5.42479
 1400    601     2.21010     0.30640     5.42479
 1401    601     2.21512     0.30640     5.42479
 1402    601     2.22015     0.30640     5.42479
 1404    601     2.23019     0.30640     5.42479
 1405    601     2.23522     0.30640     5.42479
 1406    601     2.24024     0.30640     5.42479
 1410    601     2.26033     0.30640     5.42479
 1428    601     2.35074     0.30640     5.42479
 1429    601     2.35577     0.30640     5.42479
 1430    601     2.36079     0.30640     5.42479
 1432    601     2.37084     0.30640     5.42479
 1433    601     2.37586     0.30640     5.42479
 1434    601     2.38088     0.30640     5.42479
 1435    601     2.38590     0.30640     5.42479
  501    602    -2.29898     0.31054     5.40936
  502    602    -2.29397     0.31054     5.40936
  503    602    -2.28896     0.31054     5.40936
  504    602    -2.28395     0.31054     5.40936
  505    602    -2.27894     0.31054     5.40936
  506    602    -2.27393     0.31054     5.40936
  508    602    -2.26392     0.31054     5.40936
  510    602    -2.25390     0.31054     5.40936
  511    602    -2.24889     0.31054     5.40936
  512    602    -2.24388     0.31054     5.40936
  515    602    -2.22885     0.31054     5.40936
  516    602    -2.22385     0.31054     5.40936
  517    602    -2.21884     0.31054     5.40936
  518    602    -2.21383     0.31054     5.40936
  519    602    -2.20882     0.31054     5.40936
  520    602    -2.20381     0.31054     5.40936
  521    602    -2.19880     0.31054     5.40936
  522    602    -2.19379     0.31054     5.40936
  526    602    -2.17376     0.31054     5.40936
  527    602    -2.16875     0.31054     5.40936
  529    602    -2.15873     0.31054     5.40936
  530    602    -2.15372     0.31054     5.40936
  531    602    -2.14872     0.31054     5.40936
  532    602    -2.14371     0.31054     5.40936
 1399    602     2.19880     0.31054     5.40936
 1400    602     2.20381     0.31054     5.40936
 1401    602     2.20882     0.31054     5.40936
 1402    602     2.21383     0.31054     5.40936
 1403    602     2.21884     0.31054     5.40936
 1405    602     2.22885     0.31054     5.40936
 1406    602     2.23386     0.31054     5.40936
 1407    602     2.23887     0.31054     5.40936
 1408    602     2.24388     0.31054     5.40936
 1409    602     2.24889     0.31054     5.40936
 1410    602     2.25390     0.31054     5.40936
 1429    602     2.34906     0.31054     5.40936
 1430    602     2.35407     0.31054     5.40936
 1431    602     2.35908     0.31054     5.40936
 1433    602     2.36910     0.31054     5.40936
 1434    602     2.37411     0.31054     5.40936
 1435    602     2.37911     0.31054     5.40936
  500    603    -2.29745     0.31465     5.39400
  501    603    -2.29245     0.31465     5.39400
  502    603    -2.28746     0.31465     5.39400
  503    603    -2.28246     0.31465     5.39400
  504    603    -2.27747     0.31465     5.39400
  505    603    -2.27247     0.31465     5.39400
  507    603    -2.26249     0.31465     5.39400
  508    603    -2.25749     0.31465     5.39400
  510    603    -2.24750     0.31465     5.39400
  511    603    -2.24251     0.31465     5.39400
  515    603    -2.22253     0.31465     5.39400
  516    603    -2.21754     0.31465     5.39400
  517    603    -2.21254     0.31465     5.39400
  518    603    -2.20755     0.31465     5.39400
  519    603    -2.20255     0.31465     5.39400
  520    603    -2.19756     0.31465     5.39400
  521    603    -2.19256     0.31465     5.39400
  522    603    -2.18757     0.31465     5.39400
  523    603    -2.18257     0.31465     5.39400
  526    603    -2.16759     0.31465     5.39400
  527    603    -2.16260     0.31465     5.39400
  528    603    -2.15760     0.31465     5.39400
  529    603    -2.15261     0.31465     5.39400
  530    603    -2.14761     0.31465     5.39400
  531    603    -2.14262     0.31465     5.39400
 1400    603     2.19756     0.31465     5.39400
 1401    603     2.20255     0.31465     5.39400
 1402    603     2.20755     0.31465     5.39400
 1403    603     2.21254     0.31465     5.39400
 1404    603     2.21754     0.31465     5.39400
 1405    603     2.22253     0.31465     5.39400
 1406    603     2.22752     0.31465     5.39400
 1407    603     2.23252     0.31465     5.39400
 1408    603     2.23751     0.31465     5.39400
 1409    603     2.24251     0.31465     5.39400
 1410    603     2.24750     0.31465     5.39400
 1411    603     2.25250     0.31465     5.39400
 1430    603     2.34739     0.31465     5.39400
 1431    603     2.35239     0.31465     5.39400
 1432    603     2.35738     0.31465     5.39400
 1434    603     2.36737     0.31465     5.39400
 1435    603     2.37236     0.31465     5.39400
 1436    603     2.37736     0.31465     5.39400
  499    604    -2.29593     0.31874     5.37874
  500    604    -2.29095     0.31874     5.37874
  501    604    -2.28596     0.31874     5.37874
  502    604    -2.28098     0.31874     5.37874
  503    604    -2.27600     0.31874     5.37874
  504    604    -2.27102     0.31874     5.37874
  505    604    -2.26604     0.31874     5.37874
  508    604    -2.25110     0.31874     5.37874
  509    604    -2.24612     0.31874     5.37874
  510    604    -2.24114     0.31874     5.37874
  511    604    -2.23616     0.31874     5.37874
  515    604    -2.21624     0.31874     5.37874
  516    604    -2.21126     0.31874     5.37874
  517    604    -2.20628     0.31874     5.37874
  518    604    -2.20130     0.31874     5.37874
  519    604    -2.19632     0.31874     5.37874
  520    604    -2.19134     0.31874     5.37874
  521    604    -2.18636     0.31874     5.37874
  522    604    -2.18138     0.31874     5.37874
  523    604    -2.17640     0.31874     5.37874
  526    604    -2.16146     0.31874     5.37874
  527    604    -2.15648     0.31874     5.37874
  528    604    -2.15150     0.31874     5.37874
  529    604    -2.14652     0.31874     5.37874
  530    604    -2.14154     0.31874     5.37874
 1401    604     2.19632     0.31874     5.37874
 1402    604     2.20130     0.31874     5.37874
 1403    604     2.20628     0.31874     5.37874
 1404    604     2.21126     0.31874     5.37874
 1405    604     2.21624     0.31874     5.37874
 1406    604     2.22122     0.31874     5.37874
 1407    604     2.22620     0.31874     5.37874
 1408    604     2.23118     0.31874     5.37874
 1409    604     2.23616     0.31874     5.37874
 1410    604     2.24114     0.31874     5.37874
 1411    604     2.24612     0.31874     5.37874
 1412    604     2.25110     0.31874     5.37874
 1413    604     2.25608     0.31874     5.37874
 1414    604     2.26106     0.31874     5.37874
 1415    604     2.26604     0.31874     5.37874
 1431    604     2.34573     0.31874     5.37874
 1432    604     2.35071     0.31874     5.37874
 1435    604     2.36565     0.31874     5.37874
 1436    604     2.37063     0.31874     5.37874
 1437    604     2.37561     0.31874     5.37874
  498    605    -2.29441     0.32281     5.36356
  499    605    -2.28945     0.32281     5.36356
  500    605    -2.28448     0.32281     5.36356
  501    605    -2.27951     0.32281     5.36356
  502    605    -2.27455     0.32281     5.36356
  503    605    -2.26958     0.32281     5.36356
  504    605    -2.26462     0.32281     5.36356
  508    605    -2.24475     0.32281     5.36356
  509    605    -2.23978     0.32281     5.36356
  510    605    -2.23482     0.32281     5.36356
  515    605    -2.20999     0.32281     5.36356
  516    605    -2.20502     0.32281     5.36356
  517    605    -2.20005     0.32281     5.36356
  518    605    -2.19509     0.32281     5.36356
  519    605    -2.19012     0.32281     5.36356
  520    605    -2.18516     0.32281     5.36356
  521    605    -2.18019     0.32281     5.36356
  522    605    -2.17522     0.32281     5.36356
  523    605    -2.17026     0.32281     5.36356
  527    605    -2.15039     0.32281     5.36356
  528    605    -2.14543     0.32281     5.36356
  529    605    -2.14046     0.32281     5.36356
 1402    605     2.19509     0.32281     5.36356
 1403    605     2.20005     0.32281     5.36356
 1404    605     2.20502     0.32281     5.36356
 1405    605     2.20999     0.32281     5.36356
 1406    605     2.21495     0.32281     5.36356
 1407    605     2.21992     0.32281     5.36356
 1408    605     2.22489     0.32281     5.36356
 1409    605     2.22985     0.32281     5.36356
 1410    605     2.23482     0.32281     5.36356
 1411    605     2.23978     0.32281     5.36356
 1412    605     2.24475     0.32281     5.36356
 1413    605     2.24972     0.32281     5.36356
 1414    605     2.25468     0.32281     5.36356
 1432    605     2.34408     0.32281     5.36356
 1436    605     2.36394     0.32281     5.36356
 1437    605     2.36891     0.32281     5.36356
 1438    605     2.37387     0.32281     5.36356
  498    606    -2.28796     0.32685     5.34847
  499    606    -2.28300     0.32685     5.34847
  500    606    -2.27805     0.32685     5.34847
  501    606    -2.27310     0.32685     5.34847
  502    606    -2.26815     0.32685     5.34847
  503    606    -2.26320     0.32685     5.34847
  515    606    -2.20377     0.32685     5.34847
  516    606    -2.19882     0.32685     5.34847
  517    606    -2.19386     0.32685     5.34847
  518    606    -2.18891     0.32685     5.34847
  519    606    -2.18396     0.32685     5.34847
  520    606    -2.17901     0.32685     5.34847
  521    606    -2.17405     0.32685     5.34847
  522    606    -2.16910     0.32685     5.34847
  523    606    -2.16415     0.32685     5.34847
  524    606    -2.15920     0.32685     5.34847
 1403    606     2.19386     0.32685     5.34847
 1404    606     2.19882     0.32685     5.34847
 1405    606     2.20377     0.32685     5.34847
 1406    606     2.20872     0.32685     5.34847
 1407    606     2.21367     0.32685     5.34847
 1409    606     2.22358     0.32685     5.34847
 1410    606     2.22853     0.32685     5.34847
 1411    606     2.23348     0.32685     5.34847
 1412    606     2.23843     0.32685     5.34847
 1416    606     2.25824     0.32685     5.34847
 1417    606     2.26320     0.32685     5.34847
 1437    606     2.36224     0.32685     5.34847
 1438    606     2.36719     0.32685     5.34847
 1439    606     2.37215     0.32685     5.34847
 1440    606     2.37710     0.32685     5.34847
  497    607    -2.28648     0.33087     5.33346
  498    607    -2.28154     0.33087     5.33346
  499    607    -2.27660     0.33087     5.33346
  500    607    -2.27166     0.33087     5.33346
  501    607    -2.26672     0.33087     5.33346
  502    607    -2.26178     0.33087     5.33346
  515    607    -2.19758     0.33087     5.33346
  516    607    -2.19265     0.33087     5.33346
  517    607    -2.18771     0.33087     5.33346
  518    607    -2.18277     0.33087     5.33346
  519    607    -2.17783     0.33087     5.33346
  520    607    -2.17289     0.33087     5.33346
  523    607    -2.15808     0.33087     5.33346
  524    607    -2.15314     0.33087     5.33346
  525    607    -2.14820     0.33087     5.33346
 1403    607     2.18771     0.33087     5.33346
 1404    607     2.19265     0.33087     5.33346
 1405    607     2.19758     0.33087     5.33346
 1406    607     2.20252     0.33087     5.33346
 1407    607     2.20746     0.33087     5.33346
 1408    607     2.21240     0.33087     5.33346
 1409    607     2.21734     0.33087     5.33346
 1410    607     2.22228     0.33087     5.33346
 1411    607     2.22721     0.33087     5.33346
 1412    607     2.23215     0.33087     5.33346
 1415    607     2.24697     0.33087     5.33346
 1416    607     2.25191     0.33087     5.33346
 1417    607     2.25685     0.33087     5.33346
 1434    607     2.34080     0.33087     5.33346
 1435    607     2.34574     0.33087     5.33346
 1438    607     2.36055     0.33087     5.33346
 1439    607     2.36549     0.33087     5.33346
 1440    607     2.37043     0.33087     5.33346
 1441    607     2.37537     0.33087     5.33346
  496    608    -2.28500     0.33487     5.31854
  497    608    -2.28008     0.33487     5.31854
  498    608    -2.27515     0.33487     5.31854
  499    608    -2.27023     0.33487     5.31854
  500    608    -2.26530     0.33487     5.31854
  501    608    -2.26038     0.33487     5.31854
  514    608    -2.19636     0.33487     5.31854
  515    608    -2.19144     0.33487     5.31854
  516    608    -2.18651     0.33487     5.31854
  517    608    -2.18159     0.33487     5.31854
  518    608    -2.17666     0.33487     5.31854
  519    608    -2.17174     0.33487     5.31854
  520    608    -2.16681     0.33487     5.31854
  524    608    -2.14711     0.33487     5.31854
  525    608    -2.14219     0.33487     5.31854
 1404    608     2.18651     0.33487     5.31854
 1405    608     2.19144     0.33487     5.31854
 1406    608     2.19636     0.33487     5.31854
 1407    608     2.20128     0.33487     5.31854
 1408    608     2.20621     0.33487     5.31854
 1409    608     2.21113     0.33487     5.31854
 1410    608     2.21606     0.33487     5.31854
 1411    608     2.22098     0.33487     5.31854
 1412    608     2.22591     0.33487     5.31854
 1413    608     2.23083     0.33487     5.31854
 1414    608     2.23576     0.33487     5.31854
 1415    608     2.24068     0.33487     5.31854
 1416    608     2.24561     0.33487     5.31854
 1432    608     2.32440     0.33487     5.31854
 1433    608     2.32932     0.33487     5.31854
 1434    608     2.33425     0.33487     5.31854
 1435    608     2.33917     0.33487     5.31854
 1436    608     2.34410     0.33487     5.31854
 1437    608     2.34902     0.33487     5.31854
 1439    608     2.35887     0.33487     5.31854
 1440    608     2.36380     0.33487     5.31854
 1441    608     2.36872     0.33487     5.31854
  495    609    -2.28354     0.33885     5.30370
  496    609    -2.27863     0.33885     5.30370
  497    609    -2.27372     0.33885     5.30370
  498    609    -2.26880     0.33885     5.30370
  499    609    -2.26389     0.33885     5.30370
  500    609    -2.25898     0.33885     5.30370
  511    609    -2.20496     0.33885     5.30370
  512    609    -2.20005     0.33885     5.30370
  513    609    -2.19514     0.33885     5.30370
  514    609    -2.19023     0.33885     5.30370
  515    609    -2.18532     0.33885     5.30370
  516    609    -2.18041     0.33885     5.30370
  517    609    -2.17550     0.33885     5.30370
  518    609    -2.17059     0.33885     5.30370
  519    609    -2.16568     0.33885     5.30370
  520    609    -2.16077     0.33885     5.30370
  521    609    -2.15586     0.33885     5.30370
  523    609    -2.14603     0.33885     5.30370
  524    609    -2.14112     0.33885     5.30370
  525    609    -2.13621     0.33885     5.30370
 1405    609     2.18532     0.33885     5.30370
 1406    609     2.19023     0.33885     5.30370
 1407    609     2.19514     0.33885     5.30370
 1408    609     2.20005     0.33885     5.30370
 1409    609     2.20496     0.33885     5.30370
 1411    609     2.21479     0.33885     5.30370
 1412    609     2.21970     0.33885     5.30370
 1413    609     2.22461     0.33885     5.30370
 1414    609     2.22952     0.33885     5.30370
 1435    609     2.33265     0.33885     5.30370
 1436    609     2.33756     0.33885     5.30370
 1437    609     2.34247     0.33885     5.30370
 1440    609     2.35720     0.33885     5.30370
 1441    609     2.36211     0.33885     5.30370
 1442    609     2.36702     0.33885     5.30370
  494    610    -2.28208     0.34280     5.28894
  495    610    -2.27718     0.34280     5.28894
  496    610    -2.27229     0.34280     5.28894
  497    610    -2.26739     0.34280     5.28894
  498    610    -2.26249     0.34280     5.28894
  499    610    -2.25759     0.34280     5.28894
  500    610    -2.25270     0.34280     5.28894
  507    610    -2.21842     0.34280     5.28894
  508    610    -2.21352     0.34280     5.28894
  509    610    -2.20862     0.34280     5.28894
  510    610    -2.20373     0.34280     5.28894
  511    610    -2.19883     0.34280     5.28894
  512    610    -2.19393     0.34280     5.28894
  513    610    -2.18903     0.34280     5.28894
  514    610    -2.18414     0.34280     5.28894
  515    610    -2.17924     0.34280     5.28894
  516    610    -2.17434     0.34280     5.28894
  517    610    -2.16945     0.34280     5.28894
  518    610    -2.16455     0.34280     5.28894
  519    610    -2.15965     0.34280     5.28894
  522    610    -2.14496     0.34280     5.28894
  523    610    -2.14006     0.34280     5.28894
  524    610    -2.13517     0.34280     5.28894
  525    610    -2.13027     0.34280     5.28894
 1406    610     2.18414     0.34280     5.28894
 1407    610     2.18903     0.34280     5.28894
 1408    610     2.19393     0.34280     5.28894
 1409    610     2.19883     0.34280     5.28894
 1410    610     2.20373     0.34280     5.28894
 1411    610     2.20862     0.34280     5.28894
 1412    610     2.21352     0.34280     5.28894
 1413    610     2.21842     0.34280     5.28894
 1414    610     2.22331     0.34280     5.28894
 1415    610     2.22821     0.34280     5.28894
 1436    610     2.33105     0.34280     5.28894
 1437    610     2.33595     0.34280     5.28894
 1438    610     2.34085     0.34280     5.28894
 1440    610     2.35064     0.34280     5.28894
 1441    610     2.35554     0.34280     5.28894
 1442    610     2.36044     0.34280     5.28894
 1443    610     2.36533     0.34280     5.28894
  494    611    -2.27575     0.34673     5.27427
  495    611    -2.27086     0.34673     5.27427
  496    611    -2.26598     0.34673     5.27427
  497    611    -2.26110     0.34673     5.27427
  498    611    -2.25621     0.34673     5.27427
  499    611    -2.25133     0.34673     5.27427
  505    611    -2.22203     0.34673     5.27427
  506    611    -2.21715     0.34673     5.27427
  507    611    -2.21226     0.34673     5.27427
  508    611    -2.20738     0.34673     5.27427
  509    611    -2.20249     0.34673     5.27427
  510    611    -2.19761     0.34673     5.27427
  511    611    -2.19273     0.34673     5.27427
  512    611    -2.18784     0.34673     5.27427
  513    611    -2.18296     0.34673     5.27427
  514    611    -2.17808     0.34673     5.27427
  515    611    -2.17319     0.34673     5.27427
  516    611    -2.16831     0.34673     5.27427
  517    611    -2.16343     0.34673     5.27427
  523    611    -2.13412     0.34673     5.27427
  524    611    -2.12924     0.34673     5.27427
 1406    611     2.17808     0.34673     5.27427
 1407    611     2.18296     0.34673     5.27427
 1408    611     2.18784     0.34673     5.27427
 1409    611     2.19273     0.34673     5.27427
 1410    611     2.19761     0.34673     5.27427
 1411    611     2.20249     0.34673     5.27427
 1412    611     2.20738     0.34673     5.27427
 1413    611     2.21226     0.34673     5.27427
 1414    611     2.21715     0.34673     5.27427
 1415    611     2.22203     0.34673     5.27427
 1416    611     2.22691     0.34673     5.27427
 1436    611     2.32458     0.34673     5.27427
 1437    611     2.32947     0.34673     5.27427
 1438    611     2.33435     0.34673     5.27427
 1439    611     2.33923     0.34673     5.27427
 1442    611     2.35389     0.34673     5.27427
 1443    611     2.35877     0.34673     5.27427
 1444    611     2.36365     0.34673     5.27427
  493    612    -2.27432     0.35064     5.25967
  494    612    -2.26945     0.35064     5.25967
  495    612    -2.26458     0.35064     5.25967
  496    612    -2.25971     0.35064     5.25967
  497    612    -2.25484     0.35064     5.25967
  498    612    -2.24997     0.35064     5.25967
  504    612    -2.22075     0.35064     5.25967
  505    612    -2.21588     0.35064     5.25967
  506    612    -2.21101     0.35064     5.25967
  507    612    -2.20614     0.35064     5.25967
  508    612    -2.20127     0.35064     5.25967
  509    612    -2.19640     0.35064     5.25967
  510    612    -2.19153     0.35064     5.25967
  511    612    -2.18666     0.35064     5.25967
  512    612    -2.18179     0.35064     5.25967
  513    612    -2.17692     0.35064     5.25967
  514    612    -2.17205     0.35064     5.25967
  517    612    -2.15744     0.35064     5.25967
  518    612    -2.15257     0.35064     5.25967
  519    612    -2.14770     0.35064     5.25967
  522    612    -2.13309     0.35064     5.25967
  523    612    -2.12822     0.35064     5.25967
 1407    612     2.17692     0.35064     5.25967
 1408    612     2.18179     0.35064     5.25967
 1409    612     2.18666     0.35064     5.25967
 1410    612     2.19153     0.35064     5.25967
 1411    612     2.19640     0.35064     5.25967
 1413    612     2.20614     0.35064     5.25967
 1414    612     2.21101     0.35064     5.25967
 1415    612     2.21588     0.35064     5.25967
 1416    612     2.22075     0.35064     5.25967
 1437    612     2.32302     0.35064     5.25967
 1438    612     2.32789     0.35064     5.25967
 1439    612     2.33276     0.35064     5.25967
 1440    612     2.33763     0.35064     5.25967
 1442    612     2.34737     0.35064     5.25967
 1443    612     2.35224     0.35064     5.25967
 1444    612     2.35711     0.35064     5.25967
 1445    612     2.36198     0.35064     5.25967
  492    613    -2.27290     0.35453     5.24516
  493    613    -2.26804     0.35453     5.24516
  494    613    -2.26319     0.35453     5.24516
  495    613    -2.25833     0.35453     5.24516
  496    613    -2.25348     0.35453     5.24516
  497    613    -2.24862     0.35453     5.24516
  498    613    -2.24376     0.35453     5.24516
  502    613    -2.22434     0.35453     5.24516
  503    613    -2.21948     0.35453     5.24516
  504    613    -2.21462     0.35453     5.24516
  505    613    -2.20977     0.35453     5.24516
  506    613    -2.20491     0.35453     5.24516
  507    613    -2.20005     0.35453     5.24516
  508    613    -2.19520     0.35453     5.24516
  509    613    -2.19034     0.35453     5.24516
  510    613    -2.18548     0.35453     5.24516
  511    613    -2.18063     0.35453     5.24516
  512    613    -2.17577     0.35453     5.24516
  513    613    -2.17091     0.35453     5.24516
  514    613    -2.16606     0.35453     5.24516
  515    613    -2.16120     0.35453     5.24516
  517    613    -2.15149     0.35453     5.24516
  518    613    -2.14663     0.35453     5.24516
  520    613    -2.13692     0.35453     5.24516
  521    613    -2.13206     0.35453     5.24516
  522    613    -2.12720     0.35453     5.24516
 1408    613     2.17577     0.35453     5.24516
 1409    613     2.18063     0.35453     5.24516
 1410    613     2.18548     0.35453     5.24516
 1411    613     2.19034     0.35453     5.24516
 1412    613     2.19520     0.35453     5.24516
 1414    613     2.20491     0.35453     5.24516
 1415    613     2.20977     0.35453     5.24516
 1416    613     2.21462     0.35453     5.24516
 1417    613     2.21948     0.35453     5.24516
 1438    613     2.32147     0.35453     5.24516
 1439    613     2.32632     0.35453     5.24516
 1440    613     2.33118     0.35453     5.24516
 1441    613     2.33604     0.35453     5.24516
 1443    613     2.34575     0.35453     5.24516
 1444    613     2.35061     0.35453     5.24516
 1445    613     2.35546     0.35453     5.24516
 1446    613     2.36032     0.35453     5.24516
  491    614    -2.27149     0.35840     5.23072
  492    614    -2.26665     0.35840     5.23072
  493    614    -2.26180     0.35840     5.23072
  494    614    -2.25696     0.35840     5.23072
  495    614    -2.25212     0.35840     5.23072
  496    614    -2.24727     0.35840     5.23072
  497    614    -2.24243     0.35840     5.23072
  500    614    -2.22790     0.35840     5.23072
  501    614    -2.22306     0.35840     5.23072
  502    614    -2.21821     0.35840     5.23072
  503    614    -2.21337     0.35840     5.23072
  504    614    -2.20853     0.35840     5.23072
  505    614    -2.20368     0.35840     5.23072
  506    614    -2.19884     0.35840     5.23072
  507    614    -2.19400     0.35840     5.23072
  508    614    -2.18915     0.35840     5.23072
  509    614    -2.18431     0.35840     5.23072
  510    614    -2.17947     0.35840     5.23072
  511    614    -2.17462     0.35840     5.23072
  513    614    -2.16494     0.35840     5.23072
  514    614    -2.16010     0.35840     5.23072
  515    614    -2.15525     0.35840     5.23072
  518    614    -2.14072     0.35840     5.23072
  519    614    -2.13588     0.35840     5.23072
  520    614    -2.13104     0.35840     5.23072
  521    614    -2.12619     0.35840     5.23072
  522    614    -2.12135     0.35840     5.23072
 1410    614     2.17947     0.35840     5.23072
 1411    614     2.18431     0.35840     5.23072
 1412    614     2.18915     0.35840     5.23072
 1413    614     2.19400     0.35840     5.23072
 1415    614     2.20368     0.35840     5.23072
 1416    614     2.20853     0.35840     5.23072
 1417    614     2.21337     0.35840     5.23072
 1418    614     2.21821     0.35840     5.23072
 1439    614     2.31992     0.35840     5.23072
 1440    614     2.32477     0.35840     5.23072
 1441    614     2.32961     0.35840     5.23072
 1442    614     2.33445     0.35840     5.23072
 1444    614     2.34414     0.35840     5.23072
 1445    614     2.34898     0.35840     5.23072
 1446    614     2.35383     0.35840     5.23072
 1447    614     2.35867     0.35840     5.23072
  490    615    -2.27009     0.36225     5.21637
  491    615    -2.26526     0.36225     5.21637
  492    615    -2.26043     0.36225     5.21637
  493    615    -2.25560     0.36225     5.21637
  494    615    -2.25077     0.36225     5.21637
  495    615    -2.24594     0.36225     5.21637
  496    615    -2.24111     0.36225     5.21637
  500    615    -2.22179     0.36225     5.21637
  501    615    -2.21696     0.36225     5.21637
  502    615    -2.21213     0.36225     5.21637
  503    615    -2.20730     0.36225     5.21637
  504    615    -2.20247     0.36225     5.21637
  505    615    -2.19764     0.36225     5.21637
  506    615    -2.19281     0.36225     5.21637
  507    615    -2.18798     0.36225     5.21637
  508    615    -2.18315     0.36225     5.21637
  509    615    -2.17832     0.36225     5.21637
  512    615    -2.16383     0.36225     5.21637
  513    615    -2.15900     0.36225     5.21637
  514    615    -2.15417     0.36225     5.21637
  517    615    -2.13968     0.36225     5.21637
  518    615    -2.13485     0.36225     5.21637
  519    615    -2.13002     0.36225     5.21637
  520    615    -2.12519     0.36225     5.21637
  521    615    -2.12036     0.36225     5.21637
 1411    615     2.17832     0.36225     5.21637
 1412    615     2.18315     0.36225     5.21637
 1413    615     2.18798     0.36225     5.21637
 1414    615     2.19281     0.36225     5.21637
 1415    615     2.19764     0.36225     5.21637
 1416    615     2.20247     0.36225     5.21637
 1417    615     2.20730     0.36225     5.21637
 1418    615     2.21213     0.36225     5.21637
 1419    615     2.21696     0.36225     5.21637
 1420    615     2.22179     0.36225     5.21637
 1421    615     2.22662     0.36225     5.21637
 1422    615     2.23145     0.36225     5.21637
 1423    615     2.23628     0.36225     5.21637
 1424    615     2.24111     0.36225     5.21637
 1425    615     2.24594     0.36225     5.21637
 1440    615     2.31839     0.36225     5.21637
 1441    615     2.32322     0.36225     5.21637
 1442    615     2.32805     0.36225     5.21637
 1443    615     2.33288     0.36225     5.21637
 1445    615     2.34254     0.36225     5.21637
 1446    615     2.34737     0.36225     5.21637
 1447    615     2.35220     0.36225     5.21637
  489    616    -2.26869     0.36607     5.20209
  490    616    -2.26387     0.36607     5.20209
  491    616    -2.25906     0.36607     5.20209
  492    616    -2.25424     0.36607     5.20209
  493    616    -2.24942     0.36607     5.20209
  494    616    -2.24461     0.36607     5.20209
  495    616    -2.23979     0.36607     5.20209
  500    616    -2.21571     0.36607     5.20209
  501    616    -2.21089     0.36607     5.20209
  502    616    -2.20607     0.36607     5.20209
  503    616    -2.20126     0.36607     5.20209
  504    616    -2.19644     0.36607     5.20209
  505    616    -2.19162     0.36607     5.20209
  506    616    -2.18681     0.36607     5.20209
  507    616    -2.18199     0.36607     5.20209
  508    616    -2.17717     0.36607     5.20209
  512    616    -2.15790     0.36607     5.20209
  513    616    -2.15309     0.36607     5.20209
  517    616    -2.13382     0.36607     5.20209
  518    616    -2.12900     0.36607     5.20209
  519    616    -2.12419     0.36607     5.20209
  520    616    -2.11937     0.36607     5.20209
 1411    616     2.17236     0.36607     5.20209
 1412    616     2.17717     0.36607     5.20209
 1413    616     2.18199     0.36607     5.20209
 1414    616     2.18681     0.36607     5.20209
 1416    616     2.19644     0.36607     5.20209
 1417    616     2.20126     0.36607     5.20209
 1418    616     2.20607     0.36607     5.20209
 1419    616     2.21089     0.36607     5.20209
 1420    616     2.21571     0.36607     5.20209
 1421    616     2.22052     0.36607     5.20209
 1422    616     2.22534     0.36607     5.20209
 1423    616     2.23016     0.36607     5.20209
 1424    616     2.23497     0.36607     5.20209
 1425    616     2.23979     0.36607     5.20209
 1426    616     2.24461     0.36607     5.20209
 1441    616     2.31686     0.36607     5.20209
 1442    616     2.32167     0.36607     5.20209
 1443    616     2.32649     0.36607     5.20209
 1446    616     2.34094     0.36607     5.20209
 1447    616     2.34576     0.36607     5.20209
 1448    616     2.35057     0.36607     5.20209
 1449    616     2.35539     0.36607     5.20209
  489    617    -2.26250     0.36988     5.18789
  490    617    -2.25769     0.36988     5.18789
  491    617    -2.25289     0.36988     5.18789
  492    617    -2.24809     0.36988     5.18789
  493    617    -2.24328     0.36988     5.18789
  494    617    -2.23848     0.36988     5.18789
  495    617    -2.23368     0.36988     5.18789
  496    617    -2.22887     0.36988     5.18789
  497    617    -2.22407     0.36988     5.18789
  498    617    -2.21927     0.36988     5.18789
  499    617    -2.21446     0.36988     5.18789
  500    617    -2.20966     0.36988     5.18789
  501    617    -2.20485     0.36988     5.18789
  502    617    -2.20005     0.36988     5.18789
  503    617    -2.19525     0.36988     5.18789
  504    617    -2.19044     0.36988     5.18789
  505    617    -2.18564     0.36988     5.18789
  506    617    -2.18084     0.36988     5.18789
  507    617    -2.17603     0.36988     5.18789
  511    617    -2.15682     0.36988     5.18789
  512    617    -2.15202     0.36988     5.18789
  513    617    -2.14721     0.36988     5.18789
  516    617    -2.13280     0.36988     5.18789
  517    617    -2.12800     0.36988     5.18789
  518    617    -2.12319     0.36988     5.18789
  519    617    -2.11839     0.36988     5.18789
 1412    617     2.17123     0.36988     5.18789
 1413    617     2.17603     0.36988     5.18789
 1414    617     2.18084     0.36988     5.18789
 1415    617     2.18564     0.36988     5.18789
 1417    617     2.19525     0.36988     5.18789
 1418    617     2.20005     0.36988     5.18789
 1419    617     2.20485     0.36988     5.18789
 1420    617     2.20966     0.36988     5.18789
 1421    617     2.21446     0.36988     5.18789
 1422    617     2.21927     0.36988     5.18789
 1423    617     2.22407     0.36988     5.18789
 1424    617     2.22887     0.36988     5.18789
 1425    617     2.23368     0.36988     5.18789
 1426    617     2.23848     0.36988     5.18789
 1442    617     2.31534     0.36988     5.18789
 1443    617     2.32014     0.36988     5.18789
 1444    617     2.32494     0.36988     5.18789
 1446    617     2.33455     0.36988     5.18789
 1447    617     2.33936     0.36988     5.18789
 1448    617     2.34416     0.36988     5.18789
 1449    617     2.34896     0.36988     5.18789
  488    618    -2.26113     0.37366     5.17377
  489    618    -2.25634     0.37366     5.17377
  490    618    -2.25155     0.37366     5.17377
  491    618    -2.24676     0.37366     5.17377
  492    618    -2.24197     0.37366     5.17377
  493    618    -2.23718     0.37366     5.17377
  494    618    -2.23239     0.37366     5.17377
  495    618    -2.22760     0.37366     5.17377
  496    618    -2.22281     0.37366     5.17377
  497    618    -2.21802     0.37366     5.17377
  498    618    -2.21322     0.37366     5.17377
  499    618    -2.20843     0.37366     5.17377
  500    618    -2.20364     0.37366     5.17377
  501    618    -2.19885     0.37366     5.17377
  502    618    -2.19406     0.37366     5.17377
  503    618    -2.18927     0.37366     5.17377
  504    618    -2.18448     0.37366     5.17377
  511    618    -2.15095     0.37366     5.17377
  512    618    -2.14616     0.37366     5.17377
  513    618    -2.14137     0.37366     5.17377
  516    618    -2.12700     0.37366     5.17377
  517    618    -2.12220     0.37366     5.17377
  518    618    -2.11741     0.37366     5.17377
 1413    618     2.17011     0.37366     5.17377
 1414    618     2.17490     0.37366     5.17377
 1415    618     2.17969     0.37366     5.17377
 1416    618     2.18448     0.37366     5.17377
 1418    618     2.19406     0.37366     5.17377
 1419    618     2.19885     0.37366     5.17377
 1420    618     2.20364     0.37366     5.17377
 1421    618     2.20843     0.37366     5.17377
 1422    618     2.21322     0.37366     5.17377
 1424    618     2.22281     0.37366     5.17377
 1425    618     2.22760     0.37366     5.17377
 1426    618     2.23239     0.37366     5.17377
 1427    618     2.23718     0.37366     5.17377
 1442    618     2.30904     0.37366     5.17377
 1443    618     2.31383     0.37366     5.17377
 1444    618     2.31862     0.37366     5.17377
 1445    618     2.32341     0.37366     5.17377
 1448    618     2.33778     0.37366     5.17377
 1449    618     2.34257     0.37366     5.17377
 1450    618     2.34736     0.37366     5.17377
  487    619    -2.25977     0.37742     5.15973
  488    619    -2.25499     0.37742     5.15973
  489    619    -2.25021     0.37742     5.15973
  490    619    -2.24544     0.37742     5.15973
  491    619    -2.24066     0.37742     5.15973
  493    619    -2.23110     0.37742     5.15973
  494    619    -2.22633     0.37742     5.15973
  495    619    -2.22155     0.37742     5.15973
  496    619    -2.21677     0.37742     5.15973
  497    619    -2.21199     0.37742     5.15973
  498    619    -2.20722     0.37742     5.15973
  499    619    -2.20244     0.37742     5.15973
  500    619    -2.19766     0.37742     5.15973
  501    619    -2.19288     0.37742     5.15973
  502    619    -2.18811     0.37742     5.15973
  503    619    -2.18333     0.37742     5.15973
  511    619    -2.14511     0.37742     5.15973
  512    619    -2.14033     0.37742     5.15973
  513    619    -2.13555     0.37742     5.15973
  516    619    -2.12122     0.37742     5.15973
  517    619    -2.11644     0.37742     5.15973
  518    619    -2.11167     0.37742     5.15973
 1414    619     2.16900     0.37742     5.15973
 1415    619     2.17377     0.37742     5.15973
 1416    619     2.17855     0.37742     5.15973
 1417    619     2.18333     0.37742     5.15973
 1420    619     2.19766     0.37742     5.15973
 1421    619     2.20244     0.37742     5.15973
 1424    619     2.21677     0.37742     5.15973
 1425    619     2.22155     0.37742     5.15973
 1426    619     2.22633     0.37742     5.15973
 1427    619     2.23110     0.37742     5.15973
 1442    619     2.30277     0.37742     5.15973
 1443    619     2.30755     0.37742     5.15973
 1444    619     2.31232     0.37742     5.15973
 1445    619     2.31710     0.37742     5.15973
 1446    619     2.32188     0.37742     5.15973
 1449    619     2.33621     0.37742     5.15973
 1450    619     2.34099     0.37742     5.15973
 1451    619     2.34577     0.37742     5.15973
  486    620    -2.25842     0.38117     5.14576
  487    620    -2.25365     0.38117     5.14576
  488    620    -2.24889     0.38117     5.14576
  489    620    -2.24412     0.38117     5.14576
  490    620    -2.23936     0.38117     5.14576
  492    620    -2.22983     0.38117     5.14576
  493    620    -2.22506     0.38117     5.14576
  494    620    -2.22030     0.38117     5.14576
  495    620    -2.21554     0.38117     5.14576
  496    620    -2.21077     0.38117     5.14576
  497    620    -2.20601     0.38117     5.14576
  498    620    -2.20124     0.38117     5.14576
  499    620    -2.19648     0.38117     5.14576
  500    620    -2.19171     0.38117     5.14576
  501    620    -2.18695     0.38117     5.14576
  502    620    -2.18218     0.38117     5.14576
  503    620    -2.17742     0.38117     5.14576
  511    620    -2.13930     0.38117     5.14576
  512    620    -2.13454     0.38117     5.14576
  515    620    -2.12024     0.38117     5.14576
  516    620    -2.11548     0.38117     5.14576
  517    620    -2.11071     0.38117     5.14576
 1414    620     2.16312     0.38117     5.14576
 1415    620     2.16789     0.38117     5.14576
 1416    620     2.17265     0.38117     5.14576
 1417    620     2.17742     0.38117     5.14576
 1418    620     2.18218     0.38117     5.14576
 1419    620     2.18695     0.38117     5.14576
 1424    620     2.21077     0.38117     5.14576
 1425    620     2.21554     0.38117     5.14576
 1426    620     2.22030     0.38117     5.14576
 1427    620     2.22506     0.38117     5.14576
 1445    620     2.31083     0.38117     5.14576
 1446    620     2.31559     0.38117     5.14576
 1447    620     2.32036     0.38117     5.14576
 1450    620     2.33465     0.38117     5.14576
 1451    620     2.33941     0.38117     5.14576
 1452    620     2.34418     0.38117     5.14576
  485    621    -2.25707     0.38489     5.13187
  486    621    -2.25232     0.38489     5.13187
  487    621    -2.24757     0.38489     5.13187
  488    621    -2.24282     0.38489     5.13187
  489    621    -2.23806     0.38489     5.13187
  491    621    -2.22856     0.38489     5.13187
  492    621    -2.22381     0.38489     5.13187
  493    621    -2.21906     0.38489     5.13187
  494    621    -2.21431     0.38489     5.13187
  495    621    -2.20955     0.38489     5.13187
  496    621    -2.20480     0.38489     5.13187
  497    621    -2.20005     0.38489     5.13187
  498    621    -2.19530     0.38489     5.13187
  499    621    -2.19055     0.38489     5.13187
  500    621    -2.18580     0.38489     5.13187
  501    621    -2.18104     0.38489     5.13187
  502    621    -2.17629     0.38489     5.13187
  509    621    -2.14303     0.38489     5.13187
  510    621    -2.13828     0.38489     5.13187
  511    621    -2.13353     0.38489     5.13187
  512    621    -2.12877     0.38489     5.13187
  514    621    -2.11927     0.38489     5.13187
  515    621    -2.11452     0.38489     5.13187
  516    621    -2.10977     0.38489     5.13187
 1415    621     2.16204     0.38489     5.13187
 1416    621     2.16679     0.38489     5.13187
 1417    621     2.17154     0.38489     5.13187
 1418    621     2.17629     0.38489     5.13187
 1419    621     2.18104     0.38489     5.13187
 1420    621     2.18580     0.38489     5.13187
 1424    621     2.20480     0.38489     5.13187
 1425    621     2.20955     0.38489     5.13187
 1426    621     2.21431     0.38489     5.13187
 1427    621     2.21906     0.38489     5.13187
 1428    621     2.22381     0.38489     5.13187
 1445    621     2.30459     0.38489     5.13187
 1446    621     2.30934     0.38489     5.13187
 1447    621     2.31409     0.38489     5.13187
 1448    621     2.31884     0.38489     5.13187
 1451    621     2.33310     0.38489     5.13187
 1452    621     2.33785     0.38489     5.13187
 1453    621     2.34260     0.38489     5.13187
 1454    621     2.34735     0.38489     5.13187
  484    622    -2.25573     0.38859     5.11805
  485    622    -2.25099     0.38859     5.11805
  486    622    -2.24625     0.38859     5.11805
  487    622    -2.24152     0.38859     5.11805
  488    622    -2.23678     0.38859     5.11805
  490    622    -2.22730     0.38859     5.11805
  491    622    -2.22256     0.38859     5.11805
  492    622    -2.21782     0.38859     5.11805
  493    622    -2.21308     0.38859     5.11805
  494    622    -2.20834     0.38859     5.11805
  495    622    -2.20360     0.38859     5.11805
  496    622    -2.19887     0.38859     5.11805
  497    622    -2.19413     0.38859     5.11805
  498    622    -2.18939     0.38859     5.11805
  499    622    -2.18465     0.38859     5.11805
  500    622    -2.17991     0.38859     5.11805
  506    622    -2.15148     0.38859     5.11805
  507    622    -2.14674     0.38859     5.11805
  508    622    -2.14200     0.38859     5.11805
  509    622    -2.13726     0.38859     5.11805
  510    622    -2.13252     0.38859     5.11805
  511    622    -2.12778     0.38859     5.11805
  513    622    -2.11830     0.38859     5.11805
  514    622    -2.11356     0.38859     5.11805
  515    622    -2.10883     0.38859     5.11805
 1416    622     2.16095     0.38859     5.11805
 1417    622     2.16569     0.38859     5.11805
 1418    622     2.17043     0.38859     5.11805
 1419    622     2.17517     0.38859     5.11805
 1420    622     2.17991     0.38859     5.11805
 1424    622     2.19887     0.38859     5.11805
 1425    622     2.20360     0.38859     5.11805
 1426    622     2.20834     0.38859     5.11805
 1427    622     2.21308     0.38859     5.11805
 1428    622     2.21782     0.38859     5.11805
 1429    622     2.22256     0.38859     5.11805
 1430    622     2.22730     0.38859     5.11805
 1431    622     2.23204     0.38859     5.11805
 1432    622     2.23678     0.38859     5.11805
 1447    622     2.30786     0.38859     5.11805
 1448    622     2.31260     0.38859     5.11805
 1449    622     2.31734     0.38859     5.11805
 1452    622     2.33156     0.38859     5.11805
 1453    622     2.33629     0.38859     5.11805
 1454    622     2.34103     0.38859     5.11805
 1455    622     2.34577     0.38859     5.11805
  484    623    -2.24967     0.39228     5.10430
  485    623    -2.24495     0.39228     5.10430
  486    623    -2.24022     0.39228     5.10430
  487    623    -2.23550     0.39228     5.10430
  489    623    -2.22604     0.39228     5.10430
  490    623    -2.22132     0.39228     5.10430
  491    623    -2.21659     0.39228     5.10430
  492    623    -2.21187     0.39228     5.10430
  493    623    -2.20714     0.39228     5.10430
  494    623    -2.20241     0.39228     5.10430
  495    623    -2.19769     0.39228     5.10430
  496    623    -2.19296     0.39228     5.10430
  497    623    -2.18823     0.39228     5.10430
  505    623    -2.15042     0.39228     5.10430
  506    623    -2.14570     0.39228     5.10430
  507    623    -2.14097     0.39228     5.10430
  508    623    -2.13625     0.39228     5.10430
  509    623    -2.13152     0.39228     5.10430
  510    623    -2.12679     0.39228     5.10430
  513    623    -2.11261     0.39228     5.10430
  514    623    -2.10789     0.39228     5.10430
  515    623    -2.10316     0.39228     5.10430
 1417    623     2.15988     0.39228     5.10430
 1418    623     2.16460     0.39228     5.10430
 1419    623     2.16933     0.39228     5.10430
 1420    623     2.17406     0.39228     5.10430
 1421    623     2.17878     0.39228     5.10430
 1425    623     2.19769     0.39228     5.10430
 1426    623     2.20241     0.39228     5.10430
 1427    623     2.20714     0.39228     5.10430
 1428    623     2.21187     0.39228     5.10430
 1429    623     2.21659     0.39228     5.10430
 1430    623     2.22132     0.39228     5.10430
 1431    623     2.22604     0.39228     5.10430
 1432    623     2.23077     0.39228     5.10430
 1433    623     2.23550     0.39228     5.10430
 1448    623     2.30639     0.39228     5.10430
 1449    623     2.31112     0.39228     5.10430
 1450    623     2.31584     0.39228     5.10430
 1453    623     2.33002     0.39228     5.10430
 1454    623     2.33475     0.39228     5.10430
 1455    623     2.33947     0.39228     5.10430
  483    624    -2.24836     0.39594     5.09063
  484    624    -2.24365     0.39594     5.09063
  485    624    -2.23894     0.39594     5.09063
  486    624    -2.23422     0.39594     5.09063
  488    624    -2.22480     0.39594     5.09063
  489    624    -2.22008     0.39594     5.09063
  490    624    -2.21537     0.39594     5.09063
  491    624    -2.21065     0.39594     5.09063
  492    624    -2.20594     0.39594     5.09063
  504    624    -2.14938     0.39594     5.09063
  505    624    -2.14467     0.39594     5.09063
  506    624    -2.13995     0.39594     5.09063
  507    624    -2.13524     0.39594     5.09063
  508    624    -2.13052     0.39594     5.09063
  511    624    -2.11638     0.39594     5.09063
  512    624    -2.11167     0.39594     5.09063
  513    624    -2.10696     0.39594     5.09063
  514    624    -2.10224     0.39594     5.09063
 1418    624     2.15881     0.39594     5.09063
 1419    624     2.16352     0.39594     5.09063
 1420    624     2.16823     0.39594     5.09063
 1421    624     2.17295     0.39594     5.09063
 1422    624     2.17766     0.39594     5.09063
 1426    624     2.19651     0.39594     5.09063
 1427    624     2.20123     0.39594     5.09063
 1428    624     2.20594     0.39594     5.09063
 1429    624     2.21065     0.39594     5.09063
 1430    624     2.21537     0.39594     5.09063
 1431    624     2.22008     0.39594     5.09063
 1432    624     2.22480     0.39594     5.09063
 1433    624     2.22951     0.39594     5.09063
 1449    624     2.30493     0.39594     5.09063
 1450    624     2.30964     0.39594     5.09063
 1451    624     2.31435     0.39594     5.09063
 1454    624     2.32849     0.39594     5.09063
 1455    624     2.33321     0.39594     5.09063
 1456    624     2.33792     0.39594     5.09063
  482    625    -2.24706     0.39958     5.07704
  483    625    -2.24236     0.39958     5.07704
  484    625    -2.23766     0.39958     5.07704
  485    625    -2.23296     0.39958     5.07704
  486    625    -2.22826     0.39958     5.07704
  487    625    -2.22355     0.39958     5.07704
  488    625    -2.21885     0.39958     5.07704
  489    625    -2.21415     0.39958     5.07704
  490    625    -2.20945     0.39958     5.07704
  491    625    -2.20475     0.39958     5.07704
  504    625    -2.14364     0.39958     5.07704
  505    625    -2.13894     0.39958     5.07704
  506    625    -2.13424     0.39958     5.07704
  510    625    -2.11543     0.39958     5.07704
  511    625    -2.11073     0.39958     5.07704
  512    625    -2.10603     0.39958     5.07704
  513    625    -2.10133     0.39958     5.07704
 1419    625     2.15774     0.39958     5.07704
 1420    625     2.16244     0.39958     5.07704
 1421    625     2.16714     0.39958     5.07704
 1422    625     2.17184     0.39958     5.07704
 1423    625     2.17654     0.39958     5.07704
 1426    625     2.19065     0.39958     5.07704
 1427    625     2.19535     0.39958     5.07704
 1428    625     2.20005     0.39958     5.07704
 1429    625     2.20475     0.39958     5.07704
 1431    625     2.21415     0.39958     5.07704
 1432    625     2.21885     0.39958     5.07704
 1433    625     2.22355     0.39958     5.07704
 1442    625     2.26586     0.39958     5.07704
 1443    625     2.27056     0.39958     5.07704
 1450    625     2.30347     0.39958     5.07704
 1451    625     2.30817     0.39958     5.07704
 1452    625     2.31287     0.39958     5.07704
 1454    625     2.32227     0.39958     5.07704
 1455    625     2.32698     0.39958     5.07704
 1456    625     2.33168     0.39958     5.07704
  481    626    -2.24576     0.40321     5.06351
  482    626    -2.24107     0.40321     5.06351
  483    626    -2.23638     0.40321     5.06351
  484    626    -2.23170     0.40321     5.06351
  485    626    -2.22701     0.40321     5.06351
  487    626    -2.21763     0.40321     5.06351
  488    626    -2.21294     0.40321     5.06351
  489    626    -2.20825     0.40321     5.06351
  490    626    -2.20357     0.40321     5.06351
  504    626    -2.13793     0.40321     5.06351
  505    626    -2.13324     0.40321     5.06351
  506    626    -2.12855     0.40321     5.06351
  508    626    -2.11917     0.40321     5.06351
  509    626    -2.11449     0.40321     5.06351
  510    626    -2.10980     0.40321     5.06351
  511    626    -2.10511     0.40321     5.06351
  512    626    -2.10042     0.40321     5.06351
 1420    626     2.15668     0.40321     5.06351
 1421    626     2.16137     0.40321     5.06351
 1422    626     2.16606     0.40321     5.06351
 1423    626     2.17075     0.40321     5.06351
 1424    626     2.17543     0.40321     5.06351
 1427    626     2.18950     0.40321     5.06351
 1428    626     2.19419     0.40321     5.06351
 1431    626     2.20825     0.40321     5.06351
 1432    626     2.21294     0.40321     5.06351
 1433    626     2.21763     0.40321     5.06351
 1434    626     2.22232     0.40321     5.06351
 1440    626     2.25045     0.40321     5.06351
 1441    626     2.25514     0.40321     5.06351
 1442    626     2.25983     0.40321     5.06351
 1443    626     2.26452     0.40321     5.06351
 1444    626     2.26920     0.40321     5.06351
 1450    626     2.29733     0.40321     5.06351
 1451    626     2.30202     0.40321     5.06351
 1452    626     2.30671     0.40321     5.06351
 1453    626     2.31140     0.40321     5.06351
 1454    626     2.31609     0.40321     5.06351
 1455    626     2.32078     0.40321     5.06351
 1456    626     2.32546     0.40321     5.06351
  480    627    -2.24447     0.40681     5.05006
  481    627    -2.23979     0.40681     5.05006
  482    627    -2.23512     0.40681     5.05006
  483    627    -2.23044     0.40681     5.05006
  484    627    -2.22577     0.40681     5.05006
  486    627    -2.21641     0.40681     5.05006
  487    627    -2.21174     0.40681     5.05006
  488    627    -2.20706     0.40681     5.05006
  489    627    -2.20239     0.40681     5.05006
  504    627    -2.13225     0.40681     5.05006
  505    627    -2.12757     0.40681     5.05006
  506    627    -2.12290     0.40681     5.05006
  508    627    -2.11354     0.40681     5.05006
  509    627    -2.10887     0.40681     5.05006
  510    627    -2.10419     0.40681     5.05006
  511    627    -2.09952     0.40681     5.05006
 1420    627     2.15095     0.40681     5.05006
 1421    627     2.15563     0.40681     5.05006
 1422    627     2.16030     0.40681     5.05006
 1423    627     2.16498     0.40681     5.05006
 1424    627     2.16965     0.40681     5.05006
 1425    627     2.17433     0.40681     5.05006
 1427    627     2.18368     0.40681     5.05006
 1428    627     2.18836     0.40681     5.05006
 1429    627     2.19303     0.40681     5.05006
 1430    627     2.19771     0.40681     5.05006
 1431    627     2.20239     0.40681     5.05006
 1432    627     2.20706     0.40681     5.05006
 1433    627     2.21174     0.40681     5.05006
 1440    627     2.24447     0.40681     5.05006
 1441    627     2.24915     0.40681     5.05006
 1442    627     2.25382     0.40681     5.05006
 1443    627     2.25850     0.40681     5.05006
 1444    627     2.26317     0.40681     5.05006
 1445    627     2.26785     0.40681     5.05006
 1451    627     2.29591     0.40681     5.05006
 1452    627     2.30058     0.40681     5.05006
 1453    627     2.30526     0.40681     5.05006
 1454    627     2.30993     0.40681     5.05006
 1455    627     2.31461     0.40681     5.05006
 1456    627     2.31929     0.40681     5.05006
  479    628    -2.24319     0.41040     5.03668
  480    628    -2.23852     0.41040     5.03668
  481    628    -2.23386     0.41040     5.03668
  482    628    -2.22920     0.41040     5.03668
  483    628    -2.22453     0.41040     5.03668
  486    628    -2.21054     0.41040     5.03668
  487    628    -2.20588     0.41040     5.03668
  488    628    -2.20121     0.41040     5.03668
  489    628    -2.19655     0.41040     5.03668
  504    628    -2.12660     0.41040     5.03668
  505    628    -2.12193     0.41040     5.03668
  506    628    -2.11727     0.41040     5.03668
  508    628    -2.10794     0.41040     5.03668
  509    628    -2.10328     0.41040     5.03668
  510    628    -2.09862     0.41040     5.03668
 1421    628     2.14991     0.41040     5.03668
 1422    628     2.15458     0.41040     5.03668
 1423    628     2.15924     0.41040     5.03668
 1424    628     2.16391     0.41040     5.03668
 1425    628     2.16857     0.41040     5.03668
 1426    628     2.17323     0.41040     5.03668
 1428    628     2.18256     0.41040     5.03668
 1429    628     2.18722     0.41040     5.03668
 1430    628     2.19189     0.41040     5.03668
 1431    628     2.19655     0.41040     5.03668
 1432    628     2.20121     0.41040     5.03668
 1433    628     2.20588     0.41040     5.03668
 1440    628     2.23852     0.41040     5.03668
 1441    628     2.24319     0.41040     5.03668
 1443    628     2.25251     0.41040     5.03668
 1444    628     2.25718     0.41040     5.03668
 1445    628     2.26184     0.41040     5.03668
 1453    628     2.29915     0.41040     5.03668
 1454    628     2.30381     0.41040     5.03668
 1455    628     2.30848     0.41040     5.03668
  478    629    -2.24191     0.41396     5.02337
  479    629    -2.23726     0.41396     5.02337
  480    629    -2.23261     0.41396     5.02337
  481    629    -2.22796     0.41396     5.02337
  482    629    -2.22330     0.41396     5.02337
  485    629    -2.20935     0.41396     5.02337
  486    629    -2.20470     0.41396     5.02337
  487    629    -2.20005     0.41396     5.02337
  488    629    -2.19540     0.41396     5.02337
  504    629    -2.12098     0.41396     5.02337
  505    629    -2.11633     0.41396     5.02337
  508    629    -2.10237     0.41396     5.02337
  509    629    -2.09772     0.41396     5.02337
 1422    629     2.14888     0.41396     5.02337
 1423    629     2.15354     0.41396     5.02337
 1424    629     2.15819     0.41396     5.02337
 1425    629     2.16284     0.41396     5.02337
 1426    629     2.16749     0.41396     5.02337
 1428    629     2.17679     0.41396     5.02337
 1429    629     2.18144     0.41396     5.02337
 1430    629     2.18609     0.41396     5.02337
 1431    629     2.19075     0.41396     5.02337
 1432    629     2.19540     0.41396     5.02337
 1440    629     2.23261     0.41396     5.02337
 1441    629     2.23726     0.41396     5.02337
 1442    629     2.24191     0.41396     5.02337
 1443    629     2.24656     0.41396     5.02337
 1444    629     2.25121     0.41396     5.02337
 1445    629     2.25586     0.41396     5.02337
 1459    629     2.32098     0.41396     5.02337
 1460    629     2.32563     0.41396     5.02337
  477    630    -2.24064     0.41751     5.01013
  478    630    -2.23600     0.41751     5.01013
  479    630    -2.23136     0.41751     5.01013
  480    630    -2.22672     0.41751     5.01013
  481    630    -2.22208     0.41751     5.01013
  485    630    -2.20353     0.41751     5.01013
  486    630    -2.19889     0.41751     5.01013
  487    630    -2.19425     0.41751     5.01013
  488    630    -2.18961     0.41751     5.01013
  507    630    -2.10147     0.41751     5.01013
  508    630    -2.09683     0.41751     5.01013
 1423    630     2.14786     0.41751     5.01013
 1424    630     2.15250     0.41751     5.01013
 1425    630     2.15714     0.41751     5.01013
 1426    630     2.16178     0.41751     5.01013
 1427    630     2.16642     0.41751     5.01013
 1429    630     2.17569     0.41751     5.01013
 1430    630     2.18033     0.41751     5.01013
 1431    630     2.18497     0.41751     5.01013
 1432    630     2.18961     0.41751     5.01013
 1435    630     2.20353     0.41751     5.01013
 1436    630     2.20817     0.41751     5.01013
 1437    630     2.21281     0.41751     5.01013
 1441    630     2.23136     0.41751     5.01013
 1442    630     2.23600     0.41751     5.01013
 1443    630     2.24064     0.41751     5.01013
 1444    630     2.24528     0.41751     5.01013
 1445    630     2.24992     0.41751     5.01013
 1459    630     2.31486     0.41751     5.01013
 1460    630     2.31950     0.41751     5.01013
 1461    630     2.32414     0.41751     5.01013
  476    631    -2.23938     0.42104     4.99695
  477    631    -2.23475     0.42104     4.99695
  478    631    -2.23012     0.42104     4.99695
  479    631    -2.22550     0.42104     4.99695
  480    631    -2.22087     0.42104     4.99695
  486    631    -2.19311     0.42104     4.99695
  487    631    -2.18848     0.42104     4.99695
  488    631    -2.18385     0.42104     4.99695
  495    631    -2.15147     0.42104     4.99695
  496    631    -2.14684     0.42104     4.99695
  497    631    -2.14221     0.42104     4.99695
  498    631    -2.13759     0.42104     4.99695
  499    631    -2.13296     0.42104     4.99695
  507    631    -2.09594     0.42104     4.99695
 1424    631     2.14684     0.42104     4.99695
 1425    631     2.15147     0.42104     4.99695
 1426    631     2.15609     0.42104     4.99695
 1427    631     2.16072     0.42104     4.99695
 1428    631     2.16535     0.42104     4.99695
 1429    631     2.16997     0.42104     4.99695
 1430    631     2.17460     0.42104     4.99695
 1431    631     2.17923     0.42104     4.99695
 1432    631     2.18385     0.42104     4.99695
 1433    631     2.18848     0.42104     4.99695
 1434    631     2.19311     0.42104     4.99695
 1435    631     2.19773     0.42104     4.99695
 1436    631     2.20236     0.42104     4.99695
 1437    631     2.20699     0.42104     4.99695
 1438    631     2.21161     0.42104     4.99695
 1441    631     2.22550     0.42104     4.99695
 1442    631     2.23012     0.42104     4.99695
 1443    631     2.23475     0.42104     4.99695
 1444    631     2.23938     0.42104     4.99695
 1457    631     2.29952     0.42104     4.99695
 1458    631     2.30415     0.42104     4.99695
 1460    631     2.31340     0.42104     4.99695
 1461    631     2.31803     0.42104     4.99695
 1462    631     2.32266     0.42104     4.99695
  476    632    -2.23350     0.42455     4.98385
  477    632    -2.22889     0.42455     4.98385
  478    632    -2.22427     0.42455     4.98385
  479    632    -2.21966     0.42455     4.98385
  485    632    -2.19197     0.42455     4.98385
  486    632    -2.18736     0.42455     4.98385
  487    632    -2.18274     0.42455     4.98385
  488    632    -2.17813     0.42455     4.98385
  494    632    -2.15044     0.42455     4.98385
  495    632    -2.14583     0.42455     4.98385
  496    632    -2.14121     0.42455     4.98385
  497    632    -2.13660     0.42455     4.98385
  498    632    -2.13198     0.42455     4.98385
  499    632    -2.12737     0.42455     4.98385
  500    632    -2.12275     0.42455     4.98385
  506    632    -2.09506     0.42455     4.98385
 1425    632     2.14583     0.42455     4.98385
 1426    632     2.15044     0.42455     4.98385
 1427    632     2.15505     0.42455     4.98385
 1428    632     2.15967     0.42455     4.98385
 1430    632     2.16890     0.42455     4.98385
 1431    632     2.17351     0.42455     4.98385
 1432    632     2.17813     0.42455     4.98385
 1433    632     2.18274     0.42455     4.98385
 1434    632     2.18736     0.42455     4.98385
 1435    632     2.19197     0.42455     4.98385
 1436    632     2.19659     0.42455     4.98385
 1437    632     2.20120     0.42455     4.98385
 1438    632     2.20582     0.42455     4.98385
 1439    632     2.21043     0.42455     4.98385
 1457    632     2.29349     0.42455     4.98385
 1458    632     2.29811     0.42455     4.98385
 1459    632     2.30272     0.42455     4.98385
 1461    632     2.31195     0.42455     4.98385
 1462    632     2.31657     0.42455     4.98385
 1463    632     2.32118     0.42455     4.98385
  475    633    -2.23227     0.42804     4.97082
  476    633    -2.22766     0.42804     4.97082
  477    633    -2.22306     0.42804     4.97082
  478    633    -2.21846     0.42804     4.97082
  485    633    -2.18624     0.42804     4.97082
  486    633    -2.18164     0.42804     4.97082
  487    633    -2.17703     0.42804     4.97082
  488    633    -2.17243     0.42804     4.97082
  494    633    -2.14482     0.42804     4.97082
  495    633    -2.14021     0.42804     4.97082
  496    633    -2.13561     0.42804     4.97082
  497    633    -2.13101     0.42804     4.97082
  498    633    -2.12641     0.42804     4.97082
  499    633    -2.12180     0.42804     4.97082
  500    633    -2.11720     0.42804     4.97082
 1426    633     2.14482     0.42804     4.97082
 1427    633     2.14942     0.42804     4.97082
 1428    633     2.15402     0.42804     4.97082
 1429    633     2.15862     0.42804     4.97082
 1431    633     2.16783     0.42804     4.97082
 1432    633     2.17243     0.42804     4.97082
 1434    633     2.18164     0.42804     4.97082
 1435    633     2.18624     0.42804     4.97082
 1437    633     2.19544     0.42804     4.97082
 1438    633     2.20005     0.42804     4.97082
 1439    633     2.20465     0.42804     4.97082
 1440    633     2.20925     0.42804     4.97082
 1458    633     2.29210     0.42804     4.97082
 1459    633     2.29670     0.42804     4.97082
 1462    633     2.31051     0.42804     4.97082
 1463    633     2.31511     0.42804     4.97082
 1464    633     2.31972     0.42804     4.97082
  474    634    -2.23103     0.43152     4.95785
  475    634    -2.22644     0.43152     4.95785
  476    634    -2.22185     0.43152     4.95785
  477    634    -2.21726     0.43152     4.95785
  478    634    -2.21267     0.43152     4.95785
  479    634    -2.20808     0.43152     4.95785
  480    634    -2.20349     0.43152     4.95785
  484    634    -2.18513     0.43152     4.95785
  485    634    -2.18054     0.43152     4.95785
  486    634    -2.17595     0.43152     4.95785
  487    634    -2.17136     0.43152     4.95785
  488    634    -2.16677     0.43152     4.95785
  494    634    -2.13922     0.43152     4.95785
  495    634    -2.13463     0.43152     4.95785
  496    634    -2.13004     0.43152     4.95785
  497    634    -2.12545     0.43152     4.95785
  498    634    -2.12086     0.43152     4.95785
  499    634    -2.11627     0.43152     4.95785
  500    634    -2.11168     0.43152     4.95785
 1426    634     2.13922     0.43152     4.95785
 1427    634     2.14381     0.43152     4.95785
 1428    634     2.14840     0.43152     4.95785
 1429    634     2.15299     0.43152     4.95785
 1430    634     2.15758     0.43152     4.95785
 1432    634     2.16677     0.43152     4.95785
 1435    634     2.18054     0.43152     4.95785
 1436    634     2.18513     0.43152     4.95785
 1438    634     2.19431     0.43152     4.95785
 1439    634     2.19890     0.43152     4.95785
 1440    634     2.20349     0.43152     4.95785
 1458    634     2.28612     0.43152     4.95785
 1459    634     2.29071     0.43152     4.95785
 1462    634     2.30448     0.43152     4.95785
 1463    634     2.30907     0.43152     4.95785
 1464    634     2.31366     0.43152     4.95785
  473    635    -2.22981     0.43497     4.94495
  474    635    -2.22523     0.43497     4.94495
  475    635    -2.22065     0.43497     4.94495
  476    635    -2.21607     0.43497     4.94495
  477    635    -2.21149     0.43497     4.94495
  478    635    -2.20691     0.43497     4.94495
  479    635    -2.20234     0.43497     4.94495
  480    635    -2.19776     0.43497     4.94495
  481    635    -2.19318     0.43497     4.94495
  482    635    -2.18860     0.43497     4.94495
  483    635    -2.18402     0.43497     4.94495
  484    635    -2.17944     0.43497     4.94495
  485    635    -2.17486     0.43497     4.94495
  486    635    -2.17029     0.43497     4.94495
  487    635    -2.16571     0.43497     4.94495
  494    635    -2.13366     0.43497     4.94495
  495    635    -2.12908     0.43497     4.94495
  496    635    -2.12450     0.43497     4.94495
  498    635    -2.11534     0.43497     4.94495
  499    635    -2.11076     0.43497     4.94495
  500    635    -2.10618     0.43497     4.94495
  501    635    -2.10161     0.43497     4.94495
 1427    635     2.13824     0.43497     4.94495
 1428    635     2.14281     0.43497     4.94495
 1429    635     2.14739     0.43497     4.94495
 1430    635     2.15197     0.43497     4.94495
 1433    635     2.16571     0.43497     4.94495
 1436    635     2.17944     0.43497     4.94495
 1438    635     2.18860     0.43497     4.94495
 1439    635     2.19318     0.43497     4.94495
 1440    635     2.19776     0.43497     4.94495
 1457    635     2.27559     0.43497     4.94495
 1458    635     2.28017     0.43497     4.94495
 1459    635     2.28475     0.43497     4.94495
 1463    635     2.30307     0.43497     4.94495
 1464    635     2.30765     0.43497     4.94495
 1465    635     2.31222     0.43497     4.94495
  472    636    -2.22859     0.43841     4.93212
  473    636    -2.22402     0.43841     4.93212
  474    636    -2.21946     0.43841     4.93212
  475    636    -2.21489     0.43841     4.93212
  476    636    -2.21032     0.43841     4.93212
  477    636    -2.20576     0.43841     4.93212
  480    636    -2.19205     0.43841     4.93212
  481    636    -2.18749     0.43841     4.93212
  482    636    -2.18292     0.43841     4.93212
  483    636    -2.17835     0.43841     4.93212
  484    636    -2.17379     0.43841     4.93212
  485    636    -2.16922     0.43841     4.93212
  486    636    -2.16465     0.43841     4.93212
  494    636    -2.12812     0.43841     4.93212
  495    636    -2.12355     0.43841     4.93212
  496    636    -2.11899     0.43841     4.93212
  497    636    -2.11442     0.43841     4.93212
  498    636    -2.10985     0.43841     4.93212
  499    636    -2.10529     0.43841     4.93212
  500    636    -2.10072     0.43841     4.93212
  501    636    -2.09615     0.43841     4.93212
 1428    636     2.13725     0.43841     4.93212
 1429    636     2.14182     0.43841     4.93212
 1430    636     2.14639     0.43841     4.93212
 1431    636     2.15095     0.43841     4.93212
 1433    636     2.16009     0.43841     4.93212
 1434    636     2.16465     0.43841     4.93212
 1435    636     2.16922     0.43841     4.93212
 1438    636     2.18292     0.43841     4.93212
 1439    636     2.18749     0.43841     4.93212
 1440    636     2.19205     0.43841     4.93212
 1455    636     2.26056     0.43841     4.93212
 1456    636     2.26512     0.43841     4.93212
 1457    636     2.26969     0.43841     4.93212
 1458    636     2.27426     0.43841     4.93212
 1464    636     2.30166     0.43841     4.93212
 1465    636     2.30622     0.43841     4.93212
 1466    636     2.31079     0.43841     4.93212
  472    637    -2.22282     0.44183     4.91936
  473    637    -2.21827     0.44183     4.91936
  474    637    -2.21371     0.44183     4.91936
  475    637    -2.20916     0.44183     4.91936
  476    637    -2.20460     0.44183     4.91936
  482    637    -2.17727     0.44183     4.91936
  483    637    -2.17272     0.44183     4.91936
  484    637    -2.16816     0.44183     4.91936
  485    637    -2.16361     0.44183     4.91936
  494    637    -2.12261     0.44183     4.91936
  495    637    -2.11806     0.44183     4.91936
  496    637    -2.11350     0.44183     4.91936
  497    637    -2.10895     0.44183     4.91936
  498    637    -2.10439     0.44183     4.91936
  499    637    -2.09984     0.44183     4.91936
  500    637    -2.09528     0.44183     4.91936
 1429    637     2.13628     0.44183     4.91936
 1430    637     2.14083     0.44183     4.91936
 1431    637     2.14539     0.44183     4.91936
 1432    637     2.14994     0.44183     4.91936
 1433    637     2.15450     0.44183     4.91936
 1434    637     2.15905     0.44183     4.91936
 1435    637     2.16361     0.44183     4.91936
 1436    637     2.16816     0.44183     4.91936
 1437    637     2.17272     0.44183     4.91936
 1438    637     2.17727     0.44183     4.91936
 1439    637     2.18183     0.44183     4.91936
 1440    637     2.18638     0.44183     4.91936
 1451    637     2.23649     0.44183     4.91936
 1452    637     2.24104     0.44183     4.91936
 1453    637     2.24560     0.44183     4.91936
 1454    637     2.25015     0.44183     4.91936
 1455    637     2.25471     0.44183     4.91936
 1456    637     2.25926     0.44183     4.91936
 1457    637     2.26382     0.44183     4.91936
 1458    637     2.26837     0.44183     4.91936
 1459    637     2.27293     0.44183     4.91936
 1466    637     2.30481     0.44183     4.91936
 1467    637     2.30937     0.44183     4.91936
  471    638    -2.22163     0.44523     4.90666
  472    638    -2.21708     0.44523     4.90666
  473    638    -2.21254     0.44523     4.90666
  474    638    -2.20800     0.44523     4.90666
  475    638    -2.20345     0.44523     4.90666
  476    638    -2.19891     0.44523     4.90666
  477    638    -2.19437     0.44523     4.90666
  478    638    -2.18982     0.44523     4.90666
  479    638    -2.18528     0.44523     4.90666
  480    638    -2.18074     0.44523     4.90666
  481    638    -2.17619     0.44523     4.90666
  482    638    -2.17165     0.44523     4.90666
  483    638    -2.16711     0.44523     4.90666
  484    638    -2.16256     0.44523     4.90666
  485    638    -2.15802     0.44523     4.90666
  494    638    -2.11713     0.44523     4.90666
  495    638    -2.11259     0.44523     4.90666
  496    638    -2.10805     0.44523     4.90666
  497    638    -2.10350     0.44523     4.90666
  498    638    -2.09896     0.44523     4.90666
  499    638    -2.09442     0.44523     4.90666
 1430    638     2.13531     0.44523     4.90666
 1431    638     2.13985     0.44523     4.90666
 1432    638     2.14439     0.44523     4.90666
 1433    638     2.14894     0.44523     4.90666
 1434    638     2.15348     0.44523     4.90666
 1435    638     2.15802     0.44523     4.90666
 1436    638     2.16256     0.44523     4.90666
 1437    638     2.16711     0.44523     4.90666
 1438    638     2.17165     0.44523     4.90666
 1439    638     2.17619     0.44523     4.90666
 1449    638     2.22163     0.44523     4.90666
 1450    638     2.22617     0.44523     4.90666
 1451    638     2.23071     0.44523     4.90666
 1452    638     2.23526     0.44523     4.90666
 1453    638     2.23980     0.44523     4.90666
 1454    638     2.24434     0.44523     4.90666
 1455    638     2.24889     0.44523     4.90666
 1456    638     2.25343     0.44523     4.90666
 1457    638     2.25797     0.44523     4.90666
 1458    638     2.26252     0.44523     4.90666
 1459    638     2.26706     0.44523     4.90666
 1460    638     2.27160     0.44523     4.90666
 1461    638     2.27615     0.44523     4.90666
 1462    638     2.28069     0.44523     4.90666
 1466    638     2.29886     0.44523     4.90666
 1467    638     2.30340     0.44523     4.90666
 1468    638     2.30795     0.44523     4.90666
  470    639    -2.22044     0.44862     4.89403
  471    639    -2.21591     0.44862     4.89403
  472    639    -2.21137     0.44862     4.89403
  473    639    -2.20684     0.44862     4.89403
  474    639    -2.20231     0.44862     4.89403
  475    639    -2.19778     0.44862     4.89403
  476    639    -2.19325     0.44862     4.89403
  477    639    -2.18872     0.44862     4.89403
  478    639    -2.18419     0.44862     4.89403
  479    639    -2.17965     0.44862     4.89403
  480    639    -2.17512     0.44862     4.89403
  481    639    -2.17059     0.44862     4.89403
  482    639    -2.16606     0.44862     4.89403
  483    639    -2.16153     0.44862     4.89403
  484    639    -2.15700     0.44862     4.89403
  495    639    -2.10715     0.44862     4.89403
  496    639    -2.10262     0.44862     4.89403
  497    639    -2.09809     0.44862     4.89403
  498    639    -2.09356     0.44862     4.89403
 1431    639     2.13434     0.44862     4.89403
 1432    639     2.13887     0.44862     4.89403
 1433    639     2.14340     0.44862     4.89403
 1434    639     2.14793     0.44862     4.89403
 1436    639     2.15700     0.44862     4.89403
 1437    639     2.16153     0.44862     4.89403
 1438    639     2.16606     0.44862     4.89403
 1439    639     2.17059     0.44862     4.89403
 1449    639     2.21591     0.44862     4.89403
 1450    639     2.22044     0.44862     4.89403
 1451    639     2.22497     0.44862     4.89403
 1452    639     2.22950     0.44862     4.89403
 1453    639     2.23403     0.44862     4.89403
 1454    639     2.23856     0.44862     4.89403
 1455    639     2.24310     0.44862     4.89403
 1456    639     2.24763     0.44862     4.89403
 1457    639     2.25216     0.44862     4.89403
 1458    639     2.25669     0.44862     4.89403
 1459    639     2.26122     0.44862     4.89403
 1460    639     2.26575     0.44862     4.89403
 1461    639     2.27028     0.44862     4.89403
 1462    639     2.27482     0.44862     4.89403
 1464    639     2.28388     0.44862     4.89403
 1467    639     2.29747     0.44862     4.89403
 1468    639     2.30201     0.44862     4.89403
 1469    639     2.30654     0.44862     4.89403
 1470    639     2.31107     0.44862     4.89403
  469    640    -2.21926     0.45199     4.88146
  470    640    -2.21474     0.45199     4.88146
  471    640    -2.21022     0.45199     4.88146
  474    640    -2.19666     0.45199     4.88146
  475    640    -2.19214     0.45199     4.88146
  476    640    -2.18762     0.45199     4.88146
  477    640    -2.18310     0.45199     4.88146
  478    640    -2.17858     0.45199     4.88146
  479    640    -2.17406     0.45199     4.88146
  480    640    -2.16954     0.45199     4.88146
  481    640    -2.16502     0.45199     4.88146
  482    640    -2.16050     0.45199     4.88146
  483    640    -2.15598     0.45199     4.88146
 1431    640     2.12886     0.45199     4.88146
 1432    640     2.13338     0.45199     4.88146
 1433    640     2.13790     0.45199     4.88146
 1434    640     2.14242     0.45199     4.88146
 1435    640     2.14694     0.45199     4.88146
 1436    640     2.15146     0.45199     4.88146
 1437    640     2.15598     0.45199     4.88146
 1438    640     2.16050     0.45199     4.88146
 1439    640     2.16502     0.45199     4.88146
 1440    640     2.16954     0.45199     4.88146
 1449    640     2.21022     0.45199     4.88146
 1450    640     2.21474     0.45199     4.88146
 1451    640     2.21926     0.45199     4.88146
 1452    640     2.22378     0.45199     4.88146
 1453    640     2.22830     0.45199     4.88146
 1457    640     2.24637     0.45199     4.88146
 1458    640     2.25089     0.45199     4.88146
 1459    640     2.25541     0.45199     4.88146
 1460    640     2.25993     0.45199     4.88146
 1461    640     2.26445     0.45199     4.88146
 1462    640     2.26897     0.45199     4.88146
 1463    640     2.27349     0.45199     4.88146
 1465    640     2.28253     0.45199     4.88146
 1466    640     2.28705     0.45199     4.88146
 1467    640     2.29157     0.45199     4.88146
 1468    640     2.29609     0.45199     4.88146
 1469    640     2.30061     0.45199     4.88146
 1470    640     2.30513     0.45199     4.88146
 1471    640     2.30965     0.45199     4.88146
  468    641    -2.21808     0.45534     4.86895
  469    641    -2.21357     0.45534     4.86895
  470    641    -2.20906     0.45534     4.86895
  478    641    -2.17300     0.45534     4.86895
  479    641    -2.16849     0.45534     4.86895
  480    641    -2.16398     0.45534     4.86895
  481    641    -2.15947     0.45534     4.86895
  482    641    -2.15496     0.45534     4.86895
  485    641    -2.14144     0.45534     4.86895
  486    641    -2.13693     0.45534     4.86895
  487    641    -2.13242     0.45534     4.86895
 1432    641     2.12791     0.45534     4.86895
 1433    641     2.13242     0.45534     4.86895
 1434    641     2.13693     0.45534     4.86895
 1435    641     2.14144     0.45534     4.86895
 1436    641     2.14595     0.45534     4.86895
 1438    641     2.15496     0.45534     4.86895
 1439    641     2.15947     0.45534     4.86895
 1440    641     2.16398     0.45534     4.86895
 1441    641     2.16849     0.45534     4.86895
 1442    641     2.17300     0.45534     4.86895
 1446    641     2.19103     0.45534     4.86895
 1447    641     2.19554     0.45534     4.86895
 1449    641     2.20455     0.45534     4.86895
 1450    641     2.20906     0.45534     4.86895
 1451    641     2.21357     0.45534     4.86895
 1452    641     2.21808     0.45534     4.86895
 1453    641     2.22259     0.45534     4.86895
 1454    641     2.22710     0.45534     4.86895
 1455    641     2.23160     0.45534     4.86895
 1456    641     2.23611     0.45534     4.86895
 1457    641     2.24062     0.45534     4.86895
 1458    641     2.24513     0.45534     4.86895
 1459    641     2.24964     0.45534     4.86895
 1460    641     2.25415     0.45534     4.86895
 1461    641     2.25865     0.45534     4.86895
 1462    641     2.26316     0.45534     4.86895
 1463    641     2.26767     0.45534     4.86895
 1465    641     2.27669     0.45534     4.86895
 1466    641     2.28119     0.45534     4.86895
 1467    641     2.28570     0.45534     4.86895
 1468    641     2.29021     0.45534     4.86895
 1469    641     2.29472     0.45534     4.86895
 1470    641     2.29923     0.45534     4.86895
 1471    641     2.30374     0.45534     4.86895
  467    642    -2.21691     0.45867     4.85651
  468    642    -2.21241     0.45867     4.85651
  469    642    -2.20791     0.45867     4.85651
  472    642    -2.19442     0.45867     4.85651
  473    642    -2.18993     0.45867     4.85651
  475    642    -2.18093     0.45867     4.85651
  476    642    -2.17644     0.45867     4.85651
  482    642    -2.14946     0.45867     4.85651
  483    642    -2.14496     0.45867     4.85651
  484    642    -2.14046     0.45867     4.85651
  485    642    -2.13597     0.45867     4.85651
  486    642    -2.13147     0.45867     4.85651
 1433    642     2.12697     0.45867     4.85651
 1434    642     2.13147     0.45867     4.85651
 1435    642     2.13597     0.45867     4.85651
 1436    642     2.14046     0.45867     4.85651
 1439    642     2.15395     0.45867     4.85651
 1440    642     2.15845     0.45867     4.85651
 1441    642     2.16295     0.45867     4.85651
 1442    642     2.16744     0.45867     4.85651
 1443    642     2.17194     0.45867     4.85651
 1445    642     2.18093     0.45867     4.85651
 1446    642     2.18543     0.45867     4.85651
 1447    642     2.18993     0.45867     4.85651
 1448    642     2.19442     0.45867     4.85651
 1449    642     2.19892     0.45867     4.85651
 1451    642     2.20791     0.45867     4.85651
 1452    642     2.21241     0.45867     4.85651
 1453    642     2.21691     0.45867     4.85651
 1454    642     2.22141     0.45867     4.85651
 1455    642     2.22590     0.45867     4.85651
 1456    642     2.23040     0.45867     4.85651
 1457    642     2.23490     0.45867     4.85651
 1458    642     2.23939     0.45867     4.85651
 1459    642     2.24389     0.45867     4.85651
 1460    642     2.24839     0.45867     4.85651
 1461    642     2.25288     0.45867     4.85651
 1462    642     2.25738     0.45867     4.85651
 1463    642     2.26188     0.45867     4.85651
 1465    642     2.27087     0.45867     4.85651
 1466    642     2.27537     0.45867     4.85651
 1467    642     2.27986     0.45867     4.85651
 1469    642     2.28886     0.45867     4.85651
 1470    642     2.29335     0.45867     4.85651
 1471    642     2.29785     0.45867     4.85651
 1472    642     2.30235     0.45867     4.85651
  467    643    -2.21126     0.46199     4.84414
  468    643    -2.20677     0.46199     4.84414
  471    643    -2.19332     0.46199     4.84414
  472    643    -2.18883     0.46199     4.84414
  475    643    -2.17538     0.46199     4.84414
  476    643    -2.17089     0.46199     4.84414
  482    643    -2.14398     0.46199     4.84414
  483    643    -2.13949     0.46199     4.84414
  484    643    -2.13501     0.46199     4.84414
  485    643    -2.13052     0.46199     4.84414
  487    643    -2.12155     0.46199     4.84414
  488    643    -2.11707     0.46199     4.84414
 1434    643     2.12604     0.46199     4.84414
 1435    643     2.13052     0.46199     4.84414
 1436    643     2.13501     0.46199     4.84414
 1437    643     2.13949     0.46199     4.84414
 1438    643     2.14398     0.46199     4.84414
 1439    643     2.14846     0.46199     4.84414
 1440    643     2.15295     0.46199     4.84414
 1441    643     2.15743     0.46199     4.84414
 1442    643     2.16192     0.46199     4.84414
 1443    643     2.16641     0.46199     4.84414
 1445    643     2.17538     0.46199     4.84414
 1452    643     2.20677     0.46199     4.84414
 1453    643     2.21126     0.46199     4.84414
 1454    643     2.21574     0.46199     4.84414
 1455    643     2.22023     0.46199     4.84414
 1456    643     2.22471     0.46199     4.84414
 1457    643     2.22920     0.46199     4.84414
 1458    643     2.23369     0.46199     4.84414
 1459    643     2.23817     0.46199     4.84414
 1460    643     2.24266     0.46199     4.84414
 1461    643     2.24714     0.46199     4.84414
 1462    643     2.25163     0.46199     4.84414
 1463    643     2.25611     0.46199     4.84414
 1466    643     2.26957     0.46199     4.84414
 1467    643     2.27405     0.46199     4.84414
 1468    643     2.27854     0.46199     4.84414
 1470    643     2.28751     0.46199     4.84414
 1471    643     2.29199     0.46199     4.84414
 1472    643     2.29648     0.46199     4.84414
  467    644    -2.20564     0.46529     4.83182
  468    644    -2.20116     0.46529     4.83182
  470    644    -2.19222     0.46529     4.83182
  471    644    -2.18774     0.46529     4.83182
  472    644    -2.18327     0.46529     4.83182
  474    644    -2.17432     0.46529     4.83182
  475    644    -2.16985     0.46529     4.83182
  476    644    -2.16537     0.46529     4.83182
  481    644    -2.14300     0.46529     4.83182
  482    644    -2.13853     0.46529     4.83182
  483    644    -2.13405     0.46529     4.83182
  484    644    -2.12958     0.46529     4.83182
  485    644    -2.12511     0.46529     4.83182
  486    644    -2.12063     0.46529     4.83182
  487    644    -2.11616     0.46529     4.83182
  488    644    -2.11169     0.46529     4.83182
 1435    644     2.12511     0.46529     4.83182
 1436    644     2.12958     0.46529     4.83182
 1437    644     2.13405     0.46529     4.83182
 1438    644     2.13853     0.46529     4.83182
 1440    644     2.14748     0.46529     4.83182
 1441    644     2.15195     0.46529     4.83182
 1442    644     2.15642     0.46529     4.83182
 1443    644     2.16090     0.46529     4.83182
 1451    644     2.19669     0.46529     4.83182
 1452    644     2.20116     0.46529     4.83182
 1453    644     2.20564     0.46529     4.83182
 1455    644     2.21459     0.46529     4.83182
 1456    644     2.21906     0.46529     4.83182
 1457    644     2.22353     0.46529     4.83182
 1458    644     2.22801     0.46529     4.83182
 1459    644     2.23248     0.46529     4.83182
 1460    644     2.23695     0.46529     4.83182
 1461    644     2.24143     0.46529     4.83182
 1462    644     2.24590     0.46529     4.83182
 1463    644     2.25038     0.46529     4.83182
 1466    644     2.26380     0.46529     4.83182
 1467    644     2.26827     0.46529     4.83182
 1468    644     2.27275     0.46529     4.83182
 1470    644     2.28169     0.46529     4.83182
 1471    644     2.28617     0.46529     4.83182
 1472    644     2.29064     0.46529     4.83182
 1473    644     2.29512     0.46529     4.83182
  466    645    -2.20451     0.46857     4.81957
  469    645    -2.19112     0.46857     4.81957
  470    645    -2.18666     0.46857     4.81957
  471    645    -2.18219     0.46857     4.81957
  474    645    -2.16881     0.46857     4.81957
  475    645    -2.16434     0.46857     4.81957
  480    645    -2.14203     0.46857     4.81957
  481    645    -2.13757     0.46857     4.81957
  482    645    -2.13311     0.46857     4.81957
  483    645    -2.12864     0.46857     4.81957
  484    645    -2.12418     0.46857     4.81957
  485    645    -2.11972     0.46857     4.81957
  486    645    -2.11526     0.46857     4.81957
  487    645    -2.11079     0.46857     4.81957
 1436    645     2.12418     0.46857     4.81957
 1437    645     2.12864     0.46857     4.81957
 1438    645     2.13311     0.46857     4.81957
 1439    645     2.13757     0.46857     4.81957
 1441    645     2.14649     0.46857     4.81957
 1442    645     2.15096     0.46857     4.81957
 1443    645     2.15542     0.46857     4.81957
 1450    645     2.18666     0.46857     4.81957
 1451    645     2.19112     0.46857     4.81957
 1455    645     2.20897     0.46857     4.81957
 1456    645     2.21343     0.46857     4.81957
 1457    645     2.21790     0.46857     4.81957
 1458    645     2.22236     0.46857     4.81957
 1459    645     2.22682     0.46857     4.81957
 1460    645     2.23128     0.46857     4.81957
 1461    645     2.23575     0.46857     4.81957
 1462    645     2.24021     0.46857     4.81957
 1463    645     2.24467     0.46857     4.81957
 1466    645     2.25806     0.46857     4.81957
 1467    645     2.26252     0.46857     4.81957
 1468    645     2.26698     0.46857     4.81957
 1470    645     2.27591     0.46857     4.81957
 1471    645     2.28037     0.46857     4.81957
 1472    645     2.28483     0.46857     4.81957
 1473    645     2.28930     0.46857     4.81957
  465    646    -2.20338     0.47184     4.80738
  469    646    -2.18558     0.47184     4.80738
  470    646    -2.18113     0.47184     4.80738
  473    646    -2.16777     0.47184     4.80738
  474    646    -2.16332     0.47184     4.80738
  475    646    -2.15887     0.47184     4.80738
  480    646    -2.13661     0.47184     4.80738
  481    646    -2.13216     0.47184     4.80738
  484    646    -2.11881     0.47184     4.80738
  485    646    -2.11436     0.47184     4.80738
  486    646    -2.10991     0.47184     4.80738
  487    646    -2.10545     0.47184     4.80738
 1436    646     2.11881     0.47184     4.80738
 1437    646     2.12326     0.47184     4.80738
 1438    646     2.12771     0.47184     4.80738
 1439    646     2.13216     0.47184     4.80738
 1440    646     2.13661     0.47184     4.80738
 1442    646     2.14552     0.47184     4.80738
 1443    646     2.14997     0.47184     4.80738
 1444    646     2.15442     0.47184     4.80738
 1450    646     2.18113     0.47184     4.80738
 1451    646     2.18558     0.47184     4.80738
 1452    646     2.19003     0.47184     4.80738
 1453    646     2.19448     0.47184     4.80738
 1454    646     2.19893     0.47184     4.80738
 1456    646     2.20783     0.47184     4.80738
 1457    646     2.21229     0.47184     4.80738
 1458    646     2.21674     0.47184     4.80738
 1459    646     2.22119     0.47184     4.80738
 1460    646     2.22564     0.47184     4.80738
 1461    646     2.23009     0.47184     4.80738
 1462    646     2.23454     0.47184     4.80738
 1463    646     2.23899     0.47184     4.80738
 1466    646     2.25235     0.47184     4.80738
 1467    646     2.25680     0.47184     4.80738
 1468    646     2.26125     0.47184     4.80738
  464    647    -2.20226     0.47509     4.79525
  465    647    -2.19782     0.47509     4.79525
  469    647    -2.18006     0.47509     4.79525
  473    647    -2.16230     0.47509     4.79525
  474    647    -2.15786     0.47509     4.79525
  475    647    -2.15342     0.47509     4.79525
  476    647    -2.14898     0.47509     4.79525
  483    647    -2.11790     0.47509     4.79525
  484    647    -2.11346     0.47509     4.79525
  485    647    -2.10902     0.47509     4.79525
  486    647    -2.10458     0.47509     4.79525
 1437    647     2.11790     0.47509     4.79525
 1438    647     2.12234     0.47509     4.79525
 1439    647     2.12678     0.47509     4.79525
 1440    647     2.13122     0.47509     4.79525
 1441    647     2.13566     0.47509     4.79525
 1443    647     2.14454     0.47509     4.79525
 1444    647     2.14898     0.47509     4.79525
 1445    647     2.15342     0.47509     4.79525
 1446    647     2.15786     0.47509     4.79525
 1450    647     2.17562     0.47509     4.79525
 1451    647     2.18006     0.47509     4.79525
 1452    647     2.18450     0.47509     4.79525
 1453    647     2.18894     0.47509     4.79525
 1454    647     2.19338     0.47509     4.79525
 1455    647     2.19782     0.47509     4.79525
 1457    647     2.20670     0.47509     4.79525
 1458    647     2.21114     0.47509     4.79525
 1459    647     2.21558     0.47509     4.79525
 1460    647     2.22002     0.47509     4.79525
 1461    647     2.22446     0.47509     4.79525
 1462    647     2.22890     0.47509     4.79525
 1463    647     2.23334     0.47509     4.79525
 1467    647     2.25110     0.47509     4.79525
 1468    647     2.25555     0.47509     4.79525
 1469    647     2.25999     0.47509     4.79525
 1475    647     2.28663     0.47509     4.79525
 1476    647     2.29107     0.47509     4.79525
  463    648    -2.20115     0.47832     4.78319
  464    648    -2.19672     0.47832     4.78319
  474    648    -2.15243     0.47832     4.78319
  475    648    -2.14800     0.47832     4.78319
  476    648    -2.14358     0.47832     4.78319
  477    648    -2.13915     0.47832     4.78319
  478    648    -2.13472     0.47832     4.78319
  479    648    -2.13029     0.47832     4.78319
  480    648    -2.12586     0.47832     4.78319
  481    648    -2.12143     0.47832     4.78319
  482    648    -2.11700     0.47832     4.78319
  483    648    -2.11257     0.47832     4.78319
  484    648    -2.10815     0.47832     4.78319
  485    648    -2.10372     0.47832     4.78319
  486    648    -2.09929     0.47832     4.78319
 1438    648     2.11700     0.47832     4.78319
 1439    648     2.12143     0.47832     4.78319
 1440    648     2.12586     0.47832     4.78319
 1441    648     2.13029     0.47832     4.78319
 1444    648     2.14358     0.47832     4.78319
 1445    648     2.14800     0.47832     4.78319
 1446    648     2.15243     0.47832     4.78319
 1449    648     2.16572     0.47832     4.78319
 1450    648     2.17015     0.47832     4.78319
 1451    648     2.17458     0.47832     4.78319
 1452    648     2.17901     0.47832     4.78319
 1453    648     2.18344     0.47832     4.78319
 1454    648     2.18786     0.47832     4.78319
 1455    648     2.19229     0.47832     4.78319
 1456    648     2.19672     0.47832     4.78319
 1458    648     2.20558     0.47832     4.78319
 1459    648     2.21001     0.47832     4.78319
 1460    648     2.21444     0.47832     4.78319
 1461    648     2.21887     0.47832     4.78319
 1462    648     2.22330     0.47832     4.78319
 1467    648     2.24544     0.47832     4.78319
 1468    648     2.24987     0.47832     4.78319
 1469    648     2.25430     0.47832     4.78319
 1470    648     2.25873     0.47832     4.78319
 1471    648     2.26316     0.47832     4.78319
 1476    648     2.28530     0.47832     4.78319
 1477    648     2.28973     0.47832     4.78319
  462    649    -2.20004     0.48154     4.77118
  463    649    -2.19563     0.48154     4.77118
  464    649    -2.19121     0.48154     4.77118
  467    649    -2.17796     0.48154     4.77118
  476    649    -2.13820     0.48154     4.77118
  477    649    -2.13378     0.48154     4.77118
  478    649    -2.12936     0.48154     4.77118
  479    649    -2.12494     0.48154     4.77118
  480    649    -2.12052     0.48154     4.77118
  481    649    -2.11611     0.48154     4.77118
  482    649    -2.11169     0.48154     4.77118
  483    649    -2.10727     0.48154     4.77118
  484    649    -2.10285     0.48154     4.77118
  485    649    -2.09844     0.48154     4.77118
  486    649    -2.09402     0.48154     4.77118
 1439    649     2.11611     0.48154     4.77118
 1440    649     2.12052     0.48154     4.77118
 1441    649     2.12494     0.48154     4.77118
 1442    649     2.12936     0.48154     4.77118
 1445    649     2.14261     0.48154     4.77118
 1446    649     2.14703     0.48154     4.77118
 1447    649     2.15145     0.48154     4.77118
 1449    649     2.16028     0.48154     4.77118
 1450    649     2.16470     0.48154     4.77118
 1451    649     2.16912     0.48154     4.77118
 1452    649     2.17354     0.48154     4.77118
 1453    649     2.17796     0.48154     4.77118
 1454    649     2.18237     0.48154     4.77118
 1455    649     2.18679     0.48154     4.77118
 1456    649     2.19121     0.48154     4.77118
 1457    649     2.19563     0.48154     4.77118
 1468    649     2.24422     0.48154     4.77118
 1469    649     2.24864     0.48154     4.77118
 1470    649     2.25306     0.48154     4.77118
 1471    649     2.25747     0.48154     4.77118
 1477    649     2.28398     0.48154     4.77118
 1478    649     2.28840     0.48154     4.77118
  462    650    -2.19454     0.48474     4.75923
  463    650    -2.19013     0.48474     4.75923
  466    650    -2.17691     0.48474     4.75923
  469    650    -2.16369     0.48474     4.75923
  470    650    -2.15928     0.48474     4.75923
  471    650    -2.15488     0.48474     4.75923
  472    650    -2.15047     0.48474     4.75923
  473    650    -2.14606     0.48474     4.75923
  474    650    -2.14166     0.48474     4.75923
  480    650    -2.11521     0.48474     4.75923
  481    650    -2.11081     0.48474     4.75923
  482    650    -2.10640     0.48474     4.75923
  483    650    -2.10199     0.48474     4.75923
  484    650    -2.09759     0.48474     4.75923
  485    650    -2.09318     0.48474     4.75923
 1440    650     2.11521     0.48474     4.75923
 1441    650     2.11962     0.48474     4.75923
 1442    650     2.12403     0.48474     4.75923
 1443    650     2.12843     0.48474     4.75923
 1446    650     2.14166     0.48474     4.75923
 1447    650     2.14606     0.48474     4.75923
 1449    650     2.15488     0.48474     4.75923
 1450    650     2.15928     0.48474     4.75923
 1452    650     2.16810     0.48474     4.75923
 1453    650     2.17250     0.48474     4.75923
 1454    650     2.17691     0.48474     4.75923
 1455    650     2.18132     0.48474     4.75923
 1456    650     2.18572     0.48474     4.75923
 1457    650     2.19013     0.48474     4.75923
 1474    650     2.26504     0.48474     4.75923
 1477    650     2.27826     0.48474     4.75923
 1478    650     2.28267     0.48474     4.75923
 1479    650     2.28708     0.48474     4.75923
  461    651    -2.19345     0.48792     4.74735
  465    651    -2.17587     0.48792     4.74735
  466    651    -2.17147     0.48792     4.74735
  469    651    -2.15828     0.48792     4.74735
  470    651    -2.15389     0.48792     4.74735
  471    651    -2.14949     0.48792     4.74735
  472    651    -2.14510     0.48792     4.74735
  473    651    -2.14070     0.48792     4.74735
  474    651    -2.13631     0.48792     4.74735
  475    651    -2.13191     0.48792     4.74735
  476    651    -2.12751     0.48792     4.74735
 1440    651     2.10993     0.48792     4.74735
 1441    651     2.11433     0.48792     4.74735
 1442    651     2.11872     0.48792     4.74735
 1443    651     2.12312     0.48792     4.74735
 1444    651     2.12751     0.48792     4.74735
 1446    651     2.13631     0.48792     4.74735
 1447    651     2.14070     0.48792     4.74735
 1449    651     2.14949     0.48792     4.74735
 1450    651     2.15389     0.48792     4.74735
 1451    651     2.15828     0.48792     4.74735
 1453    651     2.16708     0.48792     4.74735
 1454    651     2.17147     0.48792     4.74735
 1455    651     2.17587     0.48792     4.74735
 1456    651     2.18026     0.48792     4.74735
 1457    651     2.18466     0.48792     4.74735
 1478    651     2.27697     0.48792     4.74735
 1479    651     2.28136     0.48792     4.74735
 1480    651     2.28576     0.48792     4.74735
  460    652    -2.19237     0.49109     4.73552
  461    652    -2.18799     0.49109     4.73552
  464    652    -2.17483     0.49109     4.73552
  465    652    -2.17045     0.49109     4.73552
  468    652    -2.15729     0.49109     4.73552
  469    652    -2.15291     0.49109     4.73552
  470    652    -2.14852     0.49109     4.73552
  471    652    -2.14414     0.49109     4.73552
  472    652    -2.13975     0.49109     4.73552
  473    652    -2.13537     0.49109     4.73552
  474    652    -2.13098     0.49109     4.73552
  475    652    -2.12660     0.49109     4.73552
  476    652    -2.12221     0.49109     4.73552
  477    652    -2.11783     0.49109     4.73552
 1441    652     2.10906     0.49109     4.73552
 1442    652     2.11344     0.49109     4.73552
 1443    652     2.11783     0.49109     4.73552
 1444    652     2.12221     0.49109     4.73552
 1445    652     2.12660     0.49109     4.73552
 1447    652     2.13537     0.49109     4.73552
 1448    652     2.13975     0.49109     4.73552
 1450    652     2.14852     0.49109     4.73552
 1451    652     2.15291     0.49109     4.73552
 1452    652     2.15729     0.49109     4.73552
 1453    652     2.16168     0.49109     4.73552
 1454    652     2.16606     0.49109     4.73552
 1455    652     2.17045     0.49109     4.73552
 1456    652     2.17483     0.49109     4.73552
 1457    652     2.17922     0.49109     4.73552
 1479    652     2.27568     0.49109     4.73552
 1480    652     2.28006     0.49109     4.73552
 1481    652     2.28445     0.49109     4.73552
  459    653    -2.19130     0.49424     4.72375
  460    653    -2.18692     0.49424     4.72375
  463    653    -2.17380     0.49424     4.72375
  464    653    -2.16943     0.49424     4.72375
  467    653    -2.15630     0.49424     4.72375
  468    653    -2.15193     0.49424     4.72375
  469    653    -2.14756     0.49424     4.72375
  470    653    -2.14318     0.49424     4.72375
  471    653    -2.13881     0.49424     4.72375
  472    653    -2.13444     0.49424     4.72375
  473    653    -2.13006     0.49424     4.72375
  474    653    -2.12569     0.49424     4.72375
  475    653    -2.12131     0.49424     4.72375
  476    653    -2.11694     0.49424     4.72375
  477    653    -2.11257     0.49424     4.72375
 1442    653     2.10819     0.49424     4.72375
 1443    653     2.11257     0.49424     4.72375
 1444    653     2.11694     0.49424     4.72375
 1445    653     2.12131     0.49424     4.72375
 1446    653     2.12569     0.49424     4.72375
 1447    653     2.13006     0.49424     4.72375
 1448    653     2.13444     0.49424     4.72375
 1449    653     2.13881     0.49424     4.72375
 1452    653     2.15193     0.49424     4.72375
 1453    653     2.15630     0.49424     4.72375
 1454    653     2.16068     0.49424     4.72375
 1455    653     2.16505     0.49424     4.72375
 1456    653     2.16943     0.49424     4.72375
 1457    653     2.17380     0.49424     4.72375
 1471    653     2.23503     0.49424     4.72375
 1477    653     2.26128     0.49424     4.72375
 1479    653     2.27002     0.49424     4.72375
 1480    653     2.27440     0.49424     4.72375
 1481    653     2.27877     0.49424     4.72375
  462    654    -2.17277     0.49738     4.71204
  463    654    -2.16841     0.49738     4.71204
  467    654    -2.15096     0.49738     4.71204
  468    654    -2.14660     0.49738     4.71204
  469    654    -2.14223     0.49738     4.71204
  470    654    -2.13787     0.49738     4.71204
  474    654    -2.12042     0.49738     4.71204
  475    654    -2.11606     0.49738     4.71204
  476    654    -2.11169     0.49738     4.71204
  477    654    -2.10733     0.49738     4.71204
 1443    654     2.10733     0.49738     4.71204
 1444    654     2.11169     0.49738     4.71204
 1445    654     2.11606     0.49738     4.71204
 1446    654     2.12042     0.49738     4.71204
 1447    654     2.12478     0.49738     4.71204
 1448    654     2.12914     0.49738     4.71204
 1449    654     2.13351     0.49738     4.71204
 1450    654     2.13787     0.49738     4.71204
 1451    654     2.14223     0.49738     4.71204
 1453    654     2.15096     0.49738     4.71204
 1454    654     2.15532     0.49738     4.71204
 1455    654     2.15969     0.49738     4.71204
 1456    654     2.16405     0.49738     4.71204
 1457    654     2.16841     0.49738     4.71204
 1471    654     2.22949     0.49738     4.71204
 1477    654     2.25567     0.49738     4.71204
 1478    654     2.26003     0.49738     4.71204
 1479    654     2.26440     0.49738     4.71204
 1480    654     2.26876     0.49738     4.71204
 1481    654     2.27312     0.49738     4.71204
  462    655    -2.16740     0.50050     4.70039
  463    655    -2.16305     0.50050     4.70039
  467    655    -2.14564     0.50050     4.70039
  468    655    -2.14129     0.50050     4.70039
  469    655    -2.13694     0.50050     4.70039
  472    655    -2.12388     0.50050     4.70039
  473    655    -2.11953     0.50050     4.70039
  474    655    -2.11517     0.50050     4.70039
  475    655    -2.11082     0.50050     4.70039
  476    655    -2.10647     0.50050     4.70039
  477    655    -2.10212     0.50050     4.70039
 1444    655     2.10647     0.50050     4.70039
 1445    655     2.11082     0.50050     4.70039
 1446    655     2.11517     0.50050     4.70039
 1447    655     2.11953     0.50050     4.70039
 1448    655     2.12388     0.50050     4.70039
 1449    655     2.12823     0.50050     4.70039
 1450    655     2.13258     0.50050     4.70039
 1451    655     2.13694     0.50050     4.70039
 1452    655     2.14129     0.50050     4.70039
 1455    655     2.15434     0.50050     4.70039
 1456    655     2.15870     0.50050     4.70039
 1471    655     2.22398     0.50050     4.70039
 1477    655     2.25009     0.50050     4.70039
 1478    655     2.25445     0.50050     4.70039
 1479    655     2.25880     0.50050     4.70039
 1480    655     2.26315     0.50050     4.70039
  467    656    -2.14035     0.50361     4.68879
  468    656    -2.13601     0.50361     4.68879
  469    656    -2.13166     0.50361     4.68879
  470    656    -2.12732     0.50361     4.68879
  471    656    -2.12298     0.50361     4.68879
  472    656    -2.11864     0.50361     4.68879
  473    656    -2.11430     0.50361     4.68879
  474    656    -2.10996     0.50361     4.68879
  475    656    -2.10562     0.50361     4.68879
  476    656    -2.10127     0.50361     4.68879
 1445    656     2.10562     0.50361     4.68879
 1446    656     2.10996     0.50361     4.68879
 1447    656     2.11430     0.50361     4.68879
 1448    656     2.11864     0.50361     4.68879
 1449    656     2.12298     0.50361     4.68879
 1450    656     2.12732     0.50361     4.68879
 1451    656     2.13166     0.50361     4.68879
 1452    656     2.13601     0.50361     4.68879
 1453    656     2.14035     0.50361     4.68879
 1454    656     2.14469     0.50361     4.68879
 1455    656     2.14903     0.50361     4.68879
 1472    656     2.22284     0.50361     4.68879
 1473    656     2.22718     0.50361     4.68879
 1474    656     2.23152     0.50361     4.68879
 1475    656     2.23586     0.50361     4.68879
  467    657    -2.13508     0.50670     4.67726
  468    657    -2.13075     0.50670     4.67726
  469    657    -2.12642     0.50670     4.67726
  470    657    -2.12209     0.50670     4.67726
  471    657    -2.11776     0.50670     4.67726
  472    657    -2.11343     0.50670     4.67726
  473    657    -2.10910     0.50670     4.67726
  474    657    -2.10476     0.50670     4.67726
  475    657    -2.10043     0.50670     4.67726
 1445    657     2.10043     0.50670     4.67726
 1446    657     2.10476     0.50670     4.67726
 1447    657     2.10910     0.50670     4.67726
 1448    657     2.11343     0.50670     4.67726
 1449    657     2.11776     0.50670     4.67726
 1451    657     2.12642     0.50670     4.67726
 1452    657     2.13075     0.50670     4.67726
 1453    657     2.13508     0.50670     4.67726
 1454    657     2.13941     0.50670     4.67726
 1455    657     2.14374     0.50670     4.67726
 1456    657     2.14807     0.50670     4.67726
  464    658    -2.14280     0.50978     4.66577
  465    658    -2.13848     0.50978     4.66577
  468    658    -2.12552     0.50978     4.66577
  469    658    -2.12120     0.50978     4.66577
  470    658    -2.11688     0.50978     4.66577
  471    658    -2.11256     0.50978     4.66577
  472    658    -2.10824     0.50978     4.66577
  473    658    -2.10392     0.50978     4.66577
  474    658    -2.09960     0.50978     4.66577
 1446    658     2.09960     0.50978     4.66577
 1447    658     2.10392     0.50978     4.66577
 1448    658     2.10824     0.50978     4.66577
 1449    658     2.11256     0.50978     4.66577
 1450    658     2.11688     0.50978     4.66577
 1452    658     2.12552     0.50978     4.66577
 1453    658     2.12984     0.50978     4.66577
 1454    658     2.13416     0.50978     4.66577
 1455    658     2.13848     0.50978     4.66577
 1456    658     2.14280     0.50978     4.66577
 1457    658     2.14712     0.50978     4.66577
  463    659    -2.14186     0.51284     4.65435
  464    659    -2.13755     0.51284     4.65435
  469    659    -2.11601     0.51284     4.65435
  470    659    -2.11170     0.51284     4.65435
  471    659    -2.10739     0.51284     4.65435
  472    659    -2.10308     0.51284     4.65435
  483    659    -2.05567     0.51284     4.65435
 1447    659     2.09877     0.51284     4.65435
 1448    659     2.10308     0.51284     4.65435
 1449    659     2.10739     0.51284     4.65435
 1450    659     2.11170     0.51284     4.65435
 1451    659     2.11601     0.51284     4.65435
 1453    659     2.12462     0.51284     4.65435
 1454    659     2.12893     0.51284     4.65435
 1455    659     2.13324     0.51284     4.65435
 1456    659     2.13755     0.51284     4.65435
 1457    659     2.14186     0.51284     4.65435
 1458    659     2.14617     0.51284     4.65435
 1459    659     2.15048     0.51284     4.65435
  462    660    -2.14093     0.51589     4.64298
  463    660    -2.13663     0.51589     4.64298
  483    660    -2.05065     0.51589     4.64298
 1448    660     2.09794     0.51589     4.64298
 1449    660     2.10224     0.51589     4.64298
 1450    660     2.10654     0.51589     4.64298
 1451    660     2.11084     0.51589     4.64298
 1452    660     2.11514     0.51589     4.64298
 1454    660     2.12373     0.51589     4.64298
 1455    660     2.12803     0.51589     4.64298
 1456    660     2.13233     0.51589     4.64298
 1457    660     2.13663     0.51589     4.64298
 1458    660     2.14093     0.51589     4.64298
 1459    660     2.14523     0.51589     4.64298
 1460    660     2.14953     0.51589     4.64298
  465    661    -2.12285     0.51892     4.63167
  466    661    -2.11856     0.51892     4.63167
  482    661    -2.04994     0.51892     4.63167
  483    661    -2.04565     0.51892     4.63167
 1449    661     2.09712     0.51892     4.63167
 1450    661     2.10140     0.51892     4.63167
 1451    661     2.10569     0.51892     4.63167
 1452    661     2.10998     0.51892     4.63167
 1453    661     2.11427     0.51892     4.63167
 1455    661     2.12285     0.51892     4.63167
 1456    661     2.12714     0.51892     4.63167
 1457    661     2.13142     0.51892     4.63167
 1458    661     2.13571     0.51892     4.63167
 1459    661     2.14000     0.51892     4.63167
 1460    661     2.14429     0.51892     4.63167
  464    662    -2.12197     0.52193     4.62041
  465    662    -2.11769     0.52193     4.62041
  482    662    -2.04496     0.52193     4.62041
 1450    662     2.09630     0.52193     4.62041
 1451    662     2.10057     0.52193     4.62041
 1452    662     2.10485     0.52193     4.62041
 1453    662     2.10913     0.52193     4.62041
 1454    662     2.11341     0.52193     4.62041
 1455    662     2.11769     0.52193     4.62041
 1456    662     2.12197     0.52193     4.62041
 1457    662     2.12624     0.52193     4.62041
 1458    662     2.13052     0.52193     4.62041
 1459    662     2.13480     0.52193     4.62041
 1460    662     2.13908     0.52193     4.62041
 1461    662     2.14336     0.52193     4.62041
 1450    663     2.09121     0.52494     4.60920
 1451    663     2.09548     0.52494     4.60920
 1452    663     2.09975     0.52494     4.60920
 1453    663     2.10402     0.52494     4.60920
 1454    663     2.10828     0.52494     4.60920
 1455    663     2.11255     0.52494     4.60920
 1457    663     2.12109     0.52494     4.60920
 1458    663     2.12536     0.52494     4.60920
 1459    663     2.12962     0.52494     4.60920
 1460    663     2.13389     0.52494     4.60920
 1461    663     2.13816     0.52494     4.60920
 1462    663     2.14243     0.52494     4.60920
 1463    663     2.14669     0.52494     4.60920
 1464    663     2.15096     0.52494     4.60920
 1451    664     2.09041     0.52792     4.59805
 1452    664     2.09467     0.52792     4.59805
 1453    664     2.09893     0.52792     4.59805
 1454    664     2.10318     0.52792     4.59805
 1455    664     2.10744     0.52792     4.59805
 1456    664     2.11170     0.52792     4.59805
 1457    664     2.11596     0.52792     4.59805
 1458    664     2.12021     0.52792     4.59805
 1459    664     2.12447     0.52792     4.59805
 1460    664     2.12873     0.52792     4.59805
 1461    664     2.13299     0.52792     4.59805
 1462    664     2.13724     0.52792     4.59805
 1463    664     2.14150     0.52792     4.59805
 1464    664     2.14576     0.52792     4.59805
 1465    664     2.15002     0.52792     4.59805
 1466    664     2.15427     0.52792     4.59805
 1452    665     2.08961     0.53090     4.58696
 1453    665     2.09386     0.53090     4.58696
 1454    665     2.09811     0.53090     4.58696
 1455    665     2.10236     0.53090     4.58696
 1456    665     2.10660     0.53090     4.58696
 1457    665     2.11085     0.53090     4.58696
 1458    665     2.11510     0.53090     4.58696
 1459    665     2.11934     0.53090     4.58696
 1460    665     2.12359     0.53090     4.58696
 1461    665     2.12784     0.53090     4.58696
 1462    665     2.13209     0.53090     4.58696
 1463    665     2.13633     0.53090     4.58696
 1464    665     2.14058     0.53090     4.58696
 1465    665     2.14483     0.53090     4.58696
 1466    665     2.14907     0.53090     4.58696
 1467    665     2.15332     0.53090     4.58696
 1453    666     2.08882     0.53386     4.57592
 1454    666     2.09306     0.53386     4.57592
 1455    666     2.09729     0.53386     4.57592
 1456    666     2.10153     0.53386     4.57592
 1457    666     2.10577     0.53386     4.57592
 1459    666     2.11424     0.53386     4.57592
 1460    666     2.11848     0.53386     4.57592
 1462    666     2.12695     0.53386     4.57592
 1463    666     2.13119     0.53386     4.57592
 1464    666     2.13543     0.53386     4.57592
 1465    666     2.13966     0.53386     4.57592
 1466    666     2.14390     0.53386     4.57592
 1467    666     2.14814     0.53386     4.57592
 1454    667     2.08803     0.53680     4.56493
 1455    667     2.09226     0.53680     4.56493
 1456    667     2.09648     0.53680     4.56493
 1457    667     2.10071     0.53680     4.56493
 1458    667     2.10494     0.53680     4.56493
 1459    667     2.10916     0.53680     4.56493
 1460    667     2.11339     0.53680     4.56493
 1462    667     2.12184     0.53680     4.56493
 1463    667     2.12607     0.53680     4.56493
 1464    667     2.13030     0.53680     4.56493
 1465    667     2.13453     0.53680     4.56493
 1466    667     2.13875     0.53680     4.56493
 1467    667     2.14298     0.53680     4.56493
 1468    667     2.14721     0.53680     4.56493
 1491    667     2.24442     0.53680     4.56493
 1492    667     2.24865     0.53680     4.56493
 1493    667     2.25288     0.53680     4.56493
 1494    667     2.25710     0.53680     4.56493
 1455    668     2.08724     0.53973     4.55399
 1456    668     2.09146     0.53973     4.55399
 1457    668     2.09568     0.53973     4.55399
 1458    668     2.09989     0.53973     4.55399
 1461    668     2.11254     0.53973     4.55399
 1462    668     2.11676     0.53973     4.55399
 1463    668     2.12098     0.53973     4.55399
 1464    668     2.12519     0.53973     4.55399
 1465    668     2.12941     0.53973     4.55399
 1466    668     2.13363     0.53973     4.55399
 1467    668     2.13784     0.53973     4.55399
 1468    668     2.14206     0.53973     4.55399
 1487    668     2.22218     0.53973     4.55399
 1488    668     2.22639     0.53973     4.55399
 1489    668     2.23061     0.53973     4.55399
 1490    668     2.23483     0.53973     4.55399
 1491    668     2.23904     0.53973     4.55399
 1492    668     2.24326     0.53973     4.55399
 1493    668     2.24748     0.53973     4.55399
 1494    668     2.25169     0.53973     4.55399
 1455    669     2.08226     0.54265     4.54310
 1456    669     2.08646     0.54265     4.54310
 1457    669     2.09067     0.54265     4.54310
 1458    669     2.09488     0.54265     4.54310
 1459    669     2.09908     0.54265     4.54310
 1461    669     2.10750     0.54265     4.54310
 1462    669     2.11170     0.54265     4.54310
 1463    669     2.11591     0.54265     4.54310
 1465    669     2.12432     0.54265     4.54310
 1466    669     2.12853     0.54265     4.54310
 1467    669     2.13273     0.54265     4.54310
 1468    669     2.13694     0.54265     4.54310
 1487    669     2.21687     0.54265     4.54310
 1488    669     2.22107     0.54265     4.54310
 1489    669     2.22528     0.54265     4.54310
 1490    669     2.22949     0.54265     4.54310
 1491    669     2.23369     0.54265     4.54310
 1492    669     2.23790     0.54265     4.54310
 1493    669     2.24211     0.54265     4.54310
 1494    669     2.24631     0.54265     4.54310
 1495    669     2.25052     0.54265     4.54310
  445    670    -2.16122     0.54555     4.53227
  446    670    -2.15703     0.54555     4.53227
 1456    670     2.08149     0.54555     4.53227
 1457    670     2.08568     0.54555     4.53227
 1458    670     2.08988     0.54555     4.53227
 1459    670     2.09408     0.54555     4.53227
 1460    670     2.09827     0.54555     4.53227
 1464    670     2.11506     0.54555     4.53227
 1465    670     2.11926     0.54555     4.53227
 1466    670     2.12345     0.54555     4.53227
 1467    670     2.12765     0.54555     4.53227
 1468    670     2.13185     0.54555     4.53227
 1469    670     2.13604     0.54555     4.53227
 1470    670     2.14024     0.54555     4.53227
 1487    670     2.21158     0.54555     4.53227
 1488    670     2.21578     0.54555     4.53227
 1489    670     2.21997     0.54555     4.53227
 1492    670     2.23256     0.54555     4.53227
 1493    670     2.23676     0.54555     4.53227
 1494    670     2.24096     0.54555     4.53227
  443    671    -2.16445     0.54844     4.52149
  444    671    -2.16027     0.54844     4.52149
  445    671    -2.15608     0.54844     4.52149
  446    671    -2.15189     0.54844     4.52149
  447    671    -2.14771     0.54844     4.52149
  448    671    -2.14352     0.54844     4.52149
  470    671    -2.05142     0.54844     4.52149
  471    671    -2.04723     0.54844     4.52149
 1457    671     2.08072     0.54844     4.52149
 1458    671     2.08491     0.54844     4.52149
 1459    671     2.08910     0.54844     4.52149
 1460    671     2.09328     0.54844     4.52149
 1461    671     2.09747     0.54844     4.52149
 1462    671     2.10166     0.54844     4.52149
 1463    671     2.10584     0.54844     4.52149
 1464    671     2.11003     0.54844     4.52149
 1465    671     2.11422     0.54844     4.52149
 1466    671     2.11840     0.54844     4.52149
 1467    671     2.12259     0.54844     4.52149
 1468    671     2.12677     0.54844     4.52149
 1469    671     2.13096     0.54844     4.52149
 1470    671     2.13515     0.54844     4.52149
 1471    671     2.13933     0.54844     4.52149
 1472    671     2.14352     0.54844     4.52149
 1487    671     2.20632     0.54844     4.52149
 1488    671     2.21051     0.54844     4.52149
 1489    671     2.21469     0.54844     4.52149
 1492    671     2.22725     0.54844     4.52149
 1493    671     2.23144     0.54844     4.52149
  442    672    -2.16349     0.55132     4.51076
  443    672    -2.15932     0.55132     4.51076
  444    672    -2.15514     0.55132     4.51076
  445    672    -2.15096     0.55132     4.51076
  447    672    -2.14261     0.55132     4.51076
  448    672    -2.13843     0.55132     4.51076
  468    672    -2.05490     0.55132     4.51076
  469    672    -2.05073     0.55132     4.51076
  470    672    -2.04655     0.55132     4.51076
 1458    672     2.07996     0.55132     4.51076
 1459    672     2.08414     0.55132     4.51076
 1460    672     2.08831     0.55132     4.51076
 1461    672     2.09249     0.55132     4.51076
 1462    672     2.09667     0.55132     4.51076
 1463    672     2.10084     0.55132     4.51076
 1464    672     2.10502     0.55132     4.51076
 1465    672     2.10920     0.55132     4.51076
 1467    672     2.11755     0.55132     4.51076
 1468    672     2.12173     0.55132     4.51076
 1469    672     2.12590     0.55132     4.51076
 1470    672     2.13008     0.55132     4.51076
 1471    672     2.13426     0.55132     4.51076
 1472    672     2.13843     0.55132     4.51076
 1487    672     2.20108     0.55132     4.51076
 1488    672     2.20526     0.55132     4.51076
 1489    672     2.20944     0.55132     4.51076
 1490    672     2.21361     0.55132     4.51076
 1491    672     2.21779     0.55132     4.51076
  441    673    -2.16254     0.55418     4.50008
  442    673    -2.15837     0.55418     4.50008
  443    673    -2.15421     0.55418     4.50008
  444    673    -2.15004     0.55418     4.50008
  446    673    -2.14170     0.55418     4.50008
  447    673    -2.13754     0.55418     4.50008
  448    673    -2.13337     0.55418     4.50008
  468    673    -2.05004     0.55418     4.50008
  469    673    -2.04587     0.55418     4.50008
 1459    673     2.07920     0.55418     4.50008
 1460    673     2.08337     0.55418     4.50008
 1461    673     2.08754     0.55418     4.50008
 1462    673     2.09170     0.55418     4.50008
 1463    673     2.09587     0.55418     4.50008
 1467    673     2.11254     0.55418     4.50008
 1468    673     2.11670     0.55418     4.50008
 1469    673     2.12087     0.55418     4.50008
 1470    673     2.12504     0.55418     4.50008
 1471    673     2.12920     0.55418     4.50008
 1472    673     2.13337     0.55418     4.50008
 1473    673     2.13754     0.55418     4.50008
 1488    673     2.20004     0.55418     4.50008
 1489    673     2.20421     0.55418     4.50008
 1490    673     2.20837     0.55418     4.50008
 1497    673     2.23754     0.55418     4.50008
 1498    673     2.24171     0.55418     4.50008
 1499    673     2.24587     0.55418     4.50008
  441    674    -2.15743     0.55702     4.48945
  442    674    -2.15327     0.55702     4.48945
  443    674    -2.14912     0.55702     4.48945
  446    674    -2.13665     0.55702     4.48945
  447    674    -2.13249     0.55702     4.48945
  448    674    -2.12833     0.55702     4.48945
  467    674    -2.04935     0.55702     4.48945
  468    674    -2.04519     0.55702     4.48945
  471    674    -2.03272     0.55702     4.48945
  472    674    -2.02857     0.55702     4.48945
 1459    674     2.07429     0.55702     4.48945
 1460    674     2.07845     0.55702     4.48945
 1461    674     2.08261     0.55702     4.48945
 1462    674     2.08676     0.55702     4.48945
 1463    674     2.09092     0.55702     4.48945
 1467    674     2.10755     0.55702     4.48945
 1470    674     2.12002     0.55702     4.48945
 1471    674     2.12418     0.55702     4.48945
 1472    674     2.12833     0.55702     4.48945
 1473    674     2.13249     0.55702     4.48945
 1483    674     2.17406     0.55702     4.48945
 1484    674     2.17822     0.55702     4.48945
 1485    674     2.18237     0.55702     4.48945
 1486    674     2.18653     0.55702     4.48945
 1491    674     2.20731     0.55702     4.48945
 1492    674     2.21147     0.55702     4.48945
 1493    674     2.21563     0.55702     4.48945
 1494    674     2.21978     0.55702     4.48945
 1495    674     2.22394     0.55702     4.48945
 1497    674     2.23226     0.55702     4.48945
 1498    674     2.23641     0.55702     4.48945
 1499    674     2.24057     0.55702     4.48945
 1500    674     2.24473     0.55702     4.48945
  439    675    -2.16064     0.55986     4.47887
  440    675    -2.15649     0.55986     4.47887
  441    675    -2.15235     0.55986     4.47887
  442    675    -2.14820     0.55986     4.47887
  445    675    -2.13576     0.55986     4.47887
  446    675    -2.13161     0.55986     4.47887
  447    675    -2.12746     0.55986     4.47887
  467    675    -2.04452     0.55986     4.47887
  468    675    -2.04038     0.55986     4.47887
  470    675    -2.03208     0.55986     4.47887
  471    675    -2.02793     0.55986     4.47887
  472    675    -2.02379     0.55986     4.47887
 1461    675     2.07770     0.55986     4.47887
 1462    675     2.08185     0.55986     4.47887
 1463    675     2.08599     0.55986     4.47887
 1464    675     2.09014     0.55986     4.47887
 1465    675     2.09429     0.55986     4.47887
 1466    675     2.09843     0.55986     4.47887
 1467    675     2.10258     0.55986     4.47887
 1469    675     2.11088     0.55986     4.47887
 1470    675     2.11502     0.55986     4.47887
 1471    675     2.11917     0.55986     4.47887
 1472    675     2.12332     0.55986     4.47887
 1473    675     2.12746     0.55986     4.47887
 1482    675     2.16479     0.55986     4.47887
 1483    675     2.16894     0.55986     4.47887
 1484    675     2.17308     0.55986     4.47887
 1485    675     2.17723     0.55986     4.47887
 1486    675     2.18138     0.55986     4.47887
 1487    675     2.18552     0.55986     4.47887
 1488    675     2.18967     0.55986     4.47887
 1489    675     2.19382     0.55986     4.47887
 1490    675     2.19797     0.55986     4.47887
 1491    675     2.20211     0.55986     4.47887
 1492    675     2.20626     0.55986     4.47887
 1493    675     2.21041     0.55986     4.47887
 1494    675     2.21455     0.55986     4.47887
 1495    675     2.21870     0.55986     4.47887
 1497    675     2.22700     0.55986     4.47887
 1498    675     2.23114     0.55986     4.47887
 1499    675     2.23529     0.55986     4.47887
 1500    675     2.23944     0.55986     4.47887
 1501    675     2.24358     0.55986     4.47887
  439    676    -2.15556     0.56268     4.46834
  440    676    -2.15142     0.56268     4.46834
  441    676    -2.14729     0.56268     4.46834
  444    676    -2.13488     0.56268     4.46834
  445    676    -2.13074     0.56268     4.46834
  446    676    -2.12660     0.56268     4.46834
  447    676    -2.12246     0.56268     4.46834
  468    676    -2.03558     0.56268     4.46834
  469    676    -2.03144     0.56268     4.46834
  470    676    -2.02730     0.56268     4.46834
  471    676    -2.02317     0.56268     4.46834
 1462    676     2.07695     0.56268     4.46834
 1463    676     2.08109     0.56268     4.46834
 1464    676     2.08523     0.56268     4.46834
 1465    676     2.08936     0.56268     4.46834
 1466    676     2.09350     0.56268     4.46834
 1468    676     2.10178     0.56268     4.46834
 1469    676     2.10591     0.56268     4.46834
 1470    676     2.11005     0.56268     4.46834
 1471    676     2.11419     0.56268     4.46834
 1472    676     2.11833     0.56268     4.46834
 1473    676     2.12246     0.56268     4.46834
 1481    676     2.15556     0.56268     4.46834
 1482    676     2.15970     0.56268     4.46834
 1483    676     2.16384     0.56268     4.46834
 1484    676     2.16797     0.56268     4.46834
 1485    676     2.17211     0.56268     4.46834
 1486    676     2.17625     0.56268     4.46834
 1487    676     2.18039     0.56268     4.46834
 1488    676     2.18452     0.56268     4.46834
 1489    676     2.18866     0.56268     4.46834
 1490    676     2.19280     0.56268     4.46834
 1491    676     2.19694     0.56268     4.46834
 1492    676     2.20107     0.56268     4.46834
 1493    676     2.20521     0.56268     4.46834
 1494    676     2.20935     0.56268     4.46834
 1495    676     2.21349     0.56268     4.46834
 1497    676     2.22176     0.56268     4.46834
 1498    676     2.22590     0.56268     4.46834
 1499    676     2.23003     0.56268     4.46834
 1500    676     2.23417     0.56268     4.46834
 1501    676     2.23831     0.56268     4.46834
  438    677    -2.15463     0.56549     4.45786
  439    677    -2.15051     0.56549     4.45786
  440    677    -2.14638     0.56549     4.45786
  443    677    -2.13400     0.56549     4.45786
  444    677    -2.12987     0.56549     4.45786
  445    677    -2.12574     0.56549     4.45786
  446    677    -2.12161     0.56549     4.45786
  468    677    -2.03080     0.56549     4.45786
  469    677    -2.02668     0.56549     4.45786
  470    677    -2.02255     0.56549     4.45786
 1462    677     2.07208     0.56549     4.45786
 1463    677     2.07621     0.56549     4.45786
 1464    677     2.08034     0.56549     4.45786
 1465    677     2.08446     0.56549     4.45786
 1466    677     2.08859     0.56549     4.45786
 1468    677     2.09685     0.56549     4.45786
 1469    677     2.10097     0.56549     4.45786
 1470    677     2.10510     0.56549     4.45786
 1471    677     2.10923     0.56549     4.45786
 1472    677     2.11336     0.56549     4.45786
 1473    677     2.11749     0.56549     4.45786
 1481    677     2.15051     0.56549     4.45786
 1482    677     2.15463     0.56549     4.45786
 1483    677     2.15876     0.56549     4.45786
 1487    677     2.17527     0.56549     4.45786
 1488    677     2.17940     0.56549     4.45786
 1489    677     2.18353     0.56549     4.45786
 1490    677     2.18766     0.56549     4.45786
 1491    677     2.19178     0.56549     4.45786
 1492    677     2.19591     0.56549     4.45786
 1493    677     2.20004     0.56549     4.45786
 1494    677     2.20417     0.56549     4.45786
 1495    677     2.20829     0.56549     4.45786
 1499    677     2.22480     0.56549     4.45786
 1500    677     2.22893     0.56549     4.45786
 1501    677     2.23306     0.56549     4.45786
 1502    677     2.23719     0.56549     4.45786
  438    678    -2.14959     0.56828     4.44743
  439    678    -2.14548     0.56828     4.44743
  442    678    -2.13312     0.56828     4.44743
  443    678    -2.12900     0.56828     4.44743
  444    678    -2.12489     0.56828     4.44743
  445    678    -2.12077     0.56828     4.44743
 1463    678     2.07135     0.56828     4.44743
 1464    678     2.07547     0.56828     4.44743
 1465    678     2.07959     0.56828     4.44743
 1466    678     2.08371     0.56828     4.44743
 1467    678     2.08782     0.56828     4.44743
 1468    678     2.09194     0.56828     4.44743
 1469    678     2.09606     0.56828     4.44743
 1470    678     2.10018     0.56828     4.44743
 1471    678     2.10430     0.56828     4.44743
 1472    678     2.10841     0.56828     4.44743
 1473    678     2.11253     0.56828     4.44743
 1474    678     2.11665     0.56828     4.44743
 1475    678     2.12077     0.56828     4.44743
 1476    678     2.12489     0.56828     4.44743
 1482    678     2.14959     0.56828     4.44743
 1483    678     2.15371     0.56828     4.44743
 1484    678     2.15783     0.56828     4.44743
 1485    678     2.16195     0.56828     4.44743
 1487    678     2.17018     0.56828     4.44743
 1488    678     2.17430     0.56828     4.44743
 1489    678     2.17842     0.56828     4.44743
 1490    678     2.18254     0.56828     4.44743
 1491    678     2.18665     0.56828     4.44743
 1492    678     2.19077     0.56828     4.44743
 1493    678     2.19489     0.56828     4.44743
 1494    678     2.19901     0.56828     4.44743
 1495    678     2.20313     0.56828     4.44743
 1496    678     2.20724     0.56828     4.44743
 1498    678     2.21548     0.56828     4.44743
 1499    678     2.21960     0.56828     4.44743
 1500    678     2.22372     0.56828     4.44743
 1501    678     2.22783     0.56828     4.44743
  438    679    -2.14458     0.57107     4.43705
  439    679    -2.14047     0.57107     4.43705
  440    679    -2.13636     0.57107     4.43705
  441    679    -2.13225     0.57107     4.43705
  442    679    -2.12814     0.57107     4.43705
  443    679    -2.12403     0.57107     4.43705
  444    679    -2.11992     0.57107     4.43705
 1464    679     2.07062     0.57107     4.43705
 1465    679     2.07473     0.57107     4.43705
 1466    679     2.07884     0.57107     4.43705
 1467    679     2.08295     0.57107     4.43705
 1470    679     2.09527     0.57107     4.43705
 1471    679     2.09938     0.57107     4.43705
 1472    679     2.10349     0.57107     4.43705
 1473    679     2.10760     0.57107     4.43705
 1474    679     2.11171     0.57107     4.43705
 1475    679     2.11582     0.57107     4.43705
 1476    679     2.11992     0.57107     4.43705
 1477    679     2.12403     0.57107     4.43705
 1482    679     2.14458     0.57107     4.43705
 1483    679     2.14868     0.57107     4.43705
 1484    679     2.15279     0.57107     4.43705
 1485    679     2.15690     0.57107     4.43705
 1486    679     2.16101     0.57107     4.43705
 1487    679     2.16512     0.57107     4.43705
 1488    679     2.16923     0.57107     4.43705
 1489    679     2.17333     0.57107     4.43705
 1490    679     2.17744     0.57107     4.43705
 1491    679     2.18155     0.57107     4.43705
 1492    679     2.18566     0.57107     4.43705
 1493    679     2.18977     0.57107     4.43705
 1494    679     2.19388     0.57107     4.43705
 1495    679     2.19798     0.57107     4.43705
 1496    679     2.20209     0.57107     4.43705
 1497    679     2.20620     0.57107     4.43705
 1498    679     2.21031     0.57107     4.43705
 1499    679     2.21442     0.57107     4.43705
 1500    679     2.21853     0.57107     4.43705
  440    680    -2.13138     0.57383     4.42672
  441    680    -2.12728     0.57383     4.42672
  442    680    -2.12319     0.57383     4.42672
  456    680    -2.06580     0.57383     4.42672
  457    680    -2.06170     0.57383     4.42672
 1464    680     2.06580     0.57383     4.42672
 1465    680     2.06990     0.57383     4.42672
 1466    680     2.07400     0.57383     4.42672
 1467    680     2.07810     0.57383     4.42672
 1468    680     2.08220     0.57383     4.42672
 1470    680     2.09039     0.57383     4.42672
 1471    680     2.09449     0.57383     4.42672
 1472    680     2.09859     0.57383     4.42672
 1473    680     2.10269     0.57383     4.42672
 1474    680     2.10679     0.57383     4.42672
 1475    680     2.11089     0.57383     4.42672
 1476    680     2.11499     0.57383     4.42672
 1477    680     2.11909     0.57383     4.42672
 1478    680     2.12319     0.57383     4.42672
 1484    680     2.14778     0.57383     4.42672
 1485    680     2.15188     0.57383     4.42672
 1486    680     2.15598     0.57383     4.42672
 1487    680     2.16007     0.57383     4.42672
 1488    680     2.16417     0.57383     4.42672
 1489    680     2.16827     0.57383     4.42672
 1490    680     2.17237     0.57383     4.42672
 1491    680     2.17647     0.57383     4.42672
 1492    680     2.18057     0.57383     4.42672
 1493    680     2.18467     0.57383     4.42672
 1494    680     2.18877     0.57383     4.42672
 1495    680     2.19287     0.57383     4.42672
 1496    680     2.19696     0.57383     4.42672
 1497    680     2.20106     0.57383     4.42672
 1498    680     2.20516     0.57383     4.42672
 1499    680     2.20926     0.57383     4.42672
  455    681    -2.06509     0.57659     4.41643
  456    681    -2.06100     0.57659     4.41643
  457    681    -2.05691     0.57659     4.41643
 1465    681     2.06509     0.57659     4.41643
 1466    681     2.06918     0.57659     4.41643
 1467    681     2.07327     0.57659     4.41643
 1468    681     2.07736     0.57659     4.41643
 1469    681     2.08145     0.57659     4.41643
 1471    681     2.08963     0.57659     4.41643
 1472    681     2.09372     0.57659     4.41643
 1473    681     2.09781     0.57659     4.41643
 1474    681     2.10189     0.57659     4.41643
 1475    681     2.10598     0.57659     4.41643
 1476    681     2.11007     0.57659     4.41643
 1477    681     2.11416     0.57659     4.41643
 1478    681     2.11825     0.57659     4.41643
 1484    681     2.14279     0.57659     4.41643
 1485    681     2.14688     0.57659     4.41643
 1486    681     2.15097     0.57659     4.41643
 1487    681     2.15506     0.57659     4.41643
 1488    681     2.15915     0.57659     4.41643
 1489    681     2.16323     0.57659     4.41643
 1490    681     2.16732     0.57659     4.41643
 1491    681     2.17141     0.57659     4.41643
 1492    681     2.17550     0.57659     4.41643
 1493    681     2.17959     0.57659     4.41643
 1494    681     2.18368     0.57659     4.41643
 1495    681     2.18777     0.57659     4.41643
 1496    681     2.19186     0.57659     4.41643
 1497    681     2.19595     0.57659     4.41643
 1498    681     2.20004     0.57659     4.41643
 1499    681     2.20413     0.57659     4.41643
 1500    681     2.20822     0.57659     4.41643
 1503    681     2.22048     0.57659     4.41643
 1504    681     2.22457     0.57659     4.41643
  455    682    -2.06030     0.57933     4.40620
  456    682    -2.05622     0.57933     4.40620
  459    682    -2.04398     0.57933     4.40620
 1466    682     2.06438     0.57933     4.40620
 1467    682     2.06846     0.57933     4.40620
 1468    682     2.07254     0.57933     4.40620
 1469    682     2.07662     0.57933     4.40620
 1470    682     2.08070     0.57933     4.40620
 1472    682     2.08886     0.57933     4.40620
 1473    682     2.09294     0.57933     4.40620
 1474    682     2.09702     0.57933     4.40620
 1475    682     2.10110     0.57933     4.40620
 1476    682     2.10518     0.57933     4.40620
 1477    682     2.10926     0.57933     4.40620
 1478    682     2.11334     0.57933     4.40620
 1484    682     2.13782     0.57933     4.40620
 1485    682     2.14190     0.57933     4.40620
 1486    682     2.14598     0.57933     4.40620
 1487    682     2.15006     0.57933     4.40620
 1488    682     2.15414     0.57933     4.40620
 1489    682     2.15822     0.57933     4.40620
 1494    682     2.17862     0.57933     4.40620
 1495    682     2.18270     0.57933     4.40620
 1496    682     2.18678     0.57933     4.40620
 1497    682     2.19086     0.57933     4.40620
 1498    682     2.19494     0.57933     4.40620
 1499    682     2.19902     0.57933     4.40620
 1500    682     2.20310     0.57933     4.40620
 1504    682     2.21942     0.57933     4.40620
 1505    682     2.22350     0.57933     4.40620
  455    683    -2.05554     0.58206     4.39600
  456    683    -2.05147     0.58206     4.39600
  458    683    -2.04333     0.58206     4.39600
 1467    683     2.06368     0.58206     4.39600
 1468    683     2.06775     0.58206     4.39600
 1469    683     2.07182     0.58206     4.39600
 1470    683     2.07589     0.58206     4.39600
 1471    683     2.07996     0.58206     4.39600
 1473    683     2.08810     0.58206     4.39600
 1474    683     2.09217     0.58206     4.39600
 1475    683     2.09624     0.58206     4.39600
 1476    683     2.10031     0.58206     4.39600
 1477    683     2.10438     0.58206     4.39600
 1478    683     2.10845     0.58206     4.39600
 1485    683     2.13695     0.58206     4.39600
 1486    683     2.14102     0.58206     4.39600
 1487    683     2.14509     0.58206     4.39600
 1488    683     2.14916     0.58206     4.39600
 1489    683     2.15323     0.58206     4.39600
 1490    683     2.15730     0.58206     4.39600
 1491    683     2.16137     0.58206     4.39600
 1495    683     2.17765     0.58206     4.39600
 1496    683     2.18172     0.58206     4.39600
 1497    683     2.18579     0.58206     4.39600
 1498    683     2.18986     0.58206     4.39600
 1499    683     2.19393     0.58206     4.39600
 1500    683     2.19800     0.58206     4.39600
 1501    683     2.20207     0.58206     4.39600
 1505    683     2.21835     0.58206     4.39600
 1506    683     2.22242     0.58206     4.39600
  455    684    -2.05080     0.58478     4.38586
  456    684    -2.04674     0.58478     4.38586
  457    684    -2.04267     0.58478     4.38586
  458    684    -2.03861     0.58478     4.38586
 1468    684     2.06298     0.58478     4.38586
 1469    684     2.06704     0.58478     4.38586
 1470    684     2.07110     0.58478     4.38586
 1471    684     2.07516     0.58478     4.38586
 1472    684     2.07922     0.58478     4.38586
 1474    684     2.08735     0.58478     4.38586
 1475    684     2.09141     0.58478     4.38586
 1476    684     2.09547     0.58478     4.38586
 1477    684     2.09953     0.58478     4.38586
 1478    684     2.10359     0.58478     4.38586
 1479    684     2.10765     0.58478     4.38586
 1485    684     2.13202     0.58478     4.38586
 1486    684     2.13608     0.58478     4.38586
 1487    684     2.14014     0.58478     4.38586
 1488    684     2.14420     0.58478     4.38586
 1489    684     2.14826     0.58478     4.38586
 1490    684     2.15232     0.58478     4.38586
 1491    684     2.15638     0.58478     4.38586
 1492    684     2.16044     0.58478     4.38586
 1493    684     2.16450     0.58478     4.38586
 1495    684     2.17263     0.58478     4.38586
 1496    684     2.17669     0.58478     4.38586
 1497    684     2.18075     0.58478     4.38586
 1498    684     2.18481     0.58478     4.38586
 1499    684     2.18887     0.58478     4.38586
 1500    684     2.19293     0.58478     4.38586
 1501    684     2.19699     0.58478     4.38586
 1506    684     2.21730     0.58478     4.38586
 1507    684     2.22136     0.58478     4.38586
  446    685    -2.08254     0.58749     4.37576
  447    685    -2.07849     0.58749     4.37576
  448    685    -2.07444     0.58749     4.37576
 1469    685     2.06228     0.58749     4.37576
 1470    685     2.06633     0.58749     4.37576
 1471    685     2.07038     0.58749     4.37576
 1472    685     2.07444     0.58749     4.37576
 1474    685     2.08254     0.58749     4.37576
 1475    685     2.08659     0.58749     4.37576
 1476    685     2.09064     0.58749     4.37576
 1477    685     2.09469     0.58749     4.37576
 1478    685     2.09875     0.58749     4.37576
 1479    685     2.10280     0.58749     4.37576
 1480    685     2.10685     0.58749     4.37576
 1481    685     2.11090     0.58749     4.37576
 1486    685     2.13116     0.58749     4.37576
 1487    685     2.13521     0.58749     4.37576
 1488    685     2.13926     0.58749     4.37576
 1489    685     2.14331     0.58749     4.37576
 1490    685     2.14737     0.58749     4.37576
 1491    685     2.15142     0.58749     4.37576
 1492    685     2.15547     0.58749     4.37576
 1493    685     2.15952     0.58749     4.37576
 1495    685     2.16762     0.58749     4.37576
 1496    685     2.17168     0.58749     4.37576
 1498    685     2.17978     0.58749     4.37576
 1499    685     2.18383     0.58749     4.37576
 1500    685     2.18788     0.58749     4.37576
 1501    685     2.19193     0.58749     4.37576
 1502    685     2.19599     0.58749     4.37576
 1507    685     2.21624     0.58749     4.37576
 1508    685     2.22030     0.58749     4.37576
  445    686    -2.08180     0.59018     4.36571
  449    686    -2.06563     0.59018     4.36571
 1469    686     2.05754     0.59018     4.36571
 1470    686     2.06159     0.59018     4.36571
 1471    686     2.06563     0.59018     4.36571
 1472    686     2.06967     0.59018     4.36571
 1473    686     2.07371     0.59018     4.36571
 1475    686     2.08180     0.59018     4.36571
 1476    686     2.08584     0.59018     4.36571
 1477    686     2.08988     0.59018     4.36571
 1478    686     2.09393     0.59018     4.36571
 1479    686     2.09797     0.59018     4.36571
 1480    686     2.10201     0.59018     4.36571
 1481    686     2.10605     0.59018     4.36571
 1482    686     2.11010     0.59018     4.36571
 1483    686     2.11414     0.59018     4.36571
 1487    686     2.13031     0.59018     4.36571
 1488    686     2.13435     0.59018     4.36571
 1489    686     2.13839     0.59018     4.36571
 1490    686     2.14243     0.59018     4.36571
 1491    686     2.14648     0.59018     4.36571
 1492    686     2.15052     0.59018     4.36571
 1493    686     2.15456     0.59018     4.36571
 1494    686     2.15860     0.59018     4.36571
 1495    686     2.16265     0.59018     4.36571
 1496    686     2.16669     0.59018     4.36571
 1499    686     2.17881     0.59018     4.36571
 1500    686     2.18286     0.59018     4.36571
 1501    686     2.18690     0.59018     4.36571
 1502    686     2.19094     0.59018     4.36571
 1508    686     2.21520     0.59018     4.36571
  443    687    -2.08509     0.59286     4.35571
  449    687    -2.06090     0.59286     4.35571
 1470    687     2.05686     0.59286     4.35571
 1471    687     2.06090     0.59286     4.35571
 1472    687     2.06493     0.59286     4.35571
 1473    687     2.06896     0.59286     4.35571
 1474    687     2.07300     0.59286     4.35571
 1476    687     2.08106     0.59286     4.35571
 1477    687     2.08509     0.59286     4.35571
 1478    687     2.08913     0.59286     4.35571
 1479    687     2.09316     0.59286     4.35571
 1480    687     2.09719     0.59286     4.35571
 1481    687     2.10123     0.59286     4.35571
 1482    687     2.10526     0.59286     4.35571
 1483    687     2.10929     0.59286     4.35571
 1484    687     2.11333     0.59286     4.35571
 1485    687     2.11736     0.59286     4.35571
 1486    687     2.12139     0.59286     4.35571
 1487    687     2.12543     0.59286     4.35571
 1488    687     2.12946     0.59286     4.35571
 1489    687     2.13349     0.59286     4.35571
 1490    687     2.13752     0.59286     4.35571
 1491    687     2.14156     0.59286     4.35571
 1492    687     2.14559     0.59286     4.35571
 1494    687     2.15366     0.59286     4.35571
 1495    687     2.15769     0.59286     4.35571
 1496    687     2.16172     0.59286     4.35571
 1497    687     2.16576     0.59286     4.35571
 1498    687     2.16979     0.59286     4.35571
 1499    687     2.17382     0.59286     4.35571
 1500    687     2.17786     0.59286     4.35571
 1501    687     2.18189     0.59286     4.35571
 1502    687     2.18592     0.59286     4.35571
  442    688    -2.08435     0.59553     4.34575
  443    688    -2.08033     0.59553     4.34575
  444    688    -2.07630     0.59553     4.34575
  449    688    -2.05618     0.59553     4.34575
 1471    688     2.05618     0.59553     4.34575
 1472    688     2.06021     0.59553     4.34575
 1473    688     2.06423     0.59553     4.34575
 1474    688     2.06826     0.59553     4.34575
 1475    688     2.07228     0.59553     4.34575
 1477    688     2.08033     0.59553     4.34575
 1478    688     2.08435     0.59553     4.34575
 1479    688     2.08838     0.59553     4.34575
 1480    688     2.09240     0.59553     4.34575
 1481    688     2.09642     0.59553     4.34575
 1482    688     2.10045     0.59553     4.34575
 1483    688     2.10447     0.59553     4.34575
 1484    688     2.10849     0.59553     4.34575
 1485    688     2.11252     0.59553     4.34575
 1486    688     2.11654     0.59553     4.34575
 1487    688     2.12057     0.59553     4.34575
 1488    688     2.12459     0.59553     4.34575
 1489    688     2.12861     0.59553     4.34575
 1490    688     2.13264     0.59553     4.34575
 1491    688     2.13666     0.59553     4.34575
 1492    688     2.14068     0.59553     4.34575
 1496    688     2.15678     0.59553     4.34575
 1497    688     2.16080     0.59553     4.34575
 1498    688     2.16483     0.59553     4.34575
 1499    688     2.16885     0.59553     4.34575
 1500    688     2.17288     0.59553     4.34575
 1501    688     2.17690     0.59553     4.34575
 1502    688     2.18092     0.59553     4.34575
 1510    688     2.21311     0.59553     4.34575
 1511    688     2.21714     0.59553     4.34575
  440    689    -2.08763     0.59819     4.33584
  441    689    -2.08361     0.59819     4.33584
  442    689    -2.07960     0.59819     4.33584
  443    689    -2.07558     0.59819     4.33584
  444    689    -2.07157     0.59819     4.33584
  445    689    -2.06755     0.59819     4.33584
  446    689    -2.06354     0.59819     4.33584
  447    689    -2.05952     0.59819     4.33584
  448    689    -2.05551     0.59819     4.33584
  449    689    -2.05149     0.59819     4.33584
  450    689    -2.04748     0.59819     4.33584
 1472    689     2.05551     0.59819     4.33584
 1473    689     2.05952     0.59819     4.33584
 1474    689     2.06354     0.59819     4.33584
 1475    689     2.06755     0.59819     4.33584
 1476    689     2.07157     0.59819     4.33584
 1479    689     2.08361     0.59819     4.33584
 1480    689     2.08763     0.59819     4.33584
 1481    689     2.09164     0.59819     4.33584
 1482    689     2.09566     0.59819     4.33584
 1483    689     2.09967     0.59819     4.33584
 1484    689     2.10368     0.59819     4.33584
 1485    689     2.10770     0.59819     4.33584
 1486    689     2.11171     0.59819     4.33584
 1488    689     2.11974     0.59819     4.33584
 1489    689     2.12376     0.59819     4.33584
 1490    689     2.12777     0.59819     4.33584
 1491    689     2.13179     0.59819     4.33584
 1492    689     2.13580     0.59819     4.33584
 1493    689     2.13982     0.59819     4.33584
 1494    689     2.14383     0.59819     4.33584
 1496    689     2.15186     0.59819     4.33584
 1497    689     2.15588     0.59819     4.33584
 1498    689     2.15989     0.59819     4.33584
 1499    689     2.16390     0.59819     4.33584
 1500    689     2.16792     0.59819     4.33584
 1501    689     2.17193     0.59819     4.33584
 1502    689     2.17595     0.59819     4.33584
 1511    689     2.21208     0.59819     4.33584
 1512    689     2.21610     0.59819     4.33584
  439    690    -2.08688     0.60083     4.32597
  440    690    -2.08287     0.60083     4.32597
  441    690    -2.07887     0.60083     4.32597
  442    690    -2.07486     0.60083     4.32597
  443    690    -2.07086     0.60083     4.32597
  444    690    -2.06685     0.60083     4.32597
  445    690    -2.06285     0.60083     4.32597
  446    690    -2.05884     0.60083     4.32597
  447    690    -2.05484     0.60083     4.32597
  448    690    -2.05083     0.60083     4.32597
  449    690    -2.04682     0.60083     4.32597
  450    690    -2.04282     0.60083     4.32597
 1473    690     2.05484     0.60083     4.32597
 1474    690     2.05884     0.60083     4.32597
 1475    690     2.06285     0.60083     4.32597
 1476    690     2.06685     0.60083     4.32597
 1477    690     2.07086     0.60083     4.32597
 1479    690     2.07887     0.60083     4.32597
 1480    690     2.08287     0.60083     4.32597
 1481    690     2.08688     0.60083     4.32597
 1483    690     2.09489     0.60083     4.32597
 1484    690     2.09890     0.60083     4.32597
 1485    690     2.10290     0.60083     4.32597
 1486    690     2.10691     0.60083     4.32597
 1487    690     2.11091     0.60083     4.32597
 1489    690     2.11892     0.60083     4.32597
 1490    690     2.12293     0.60083     4.32597
 1491    690     2.12694     0.60083     4.32597
 1492    690     2.13094     0.60083     4.32597
 1493    690     2.13495     0.60083     4.32597
 1494    690     2.13895     0.60083     4.32597
 1495    690     2.14296     0.60083     4.32597
 1496    690     2.14696     0.60083     4.32597
 1497    690     2.15097     0.60083     4.32597
 1498    690     2.15497     0.60083     4.32597
 1499    690     2.15898     0.60083     4.32597
 1500    690     2.16299     0.60083     4.32597
 1501    690     2.16699     0.60083     4.32597
 1502    690     2.17100     0.60083     4.32597
 1512    690     2.21105     0.60083     4.32597
 1513    690     2.21506     0.60083     4.32597
  438    691    -2.08614     0.60346     4.31615
  439    691    -2.08214     0.60346     4.31615
  440    691    -2.07814     0.60346     4.31615
  441    691    -2.07415     0.60346     4.31615
  442    691    -2.07015     0.60346     4.31615
  443    691    -2.06616     0.60346     4.31615
  444    691    -2.06216     0.60346     4.31615
  445    691    -2.05816     0.60346     4.31615
  446    691    -2.05417     0.60346     4.31615
  447    691    -2.05017     0.60346     4.31615
  448    691    -2.04617     0.60346     4.31615
  449    691    -2.04218     0.60346     4.31615
  450    691    -2.03818     0.60346     4.31615
 1473    691     2.05017     0.60346     4.31615
 1474    691     2.05417     0.60346     4.31615
 1475    691     2.05816     0.60346     4.31615
 1476    691     2.06216     0.60346     4.31615
 1477    691     2.06616     0.60346     4.31615
 1478    691     2.07015     0.60346     4.31615
 1479    691     2.07415     0.60346     4.31615
 1480    691     2.07814     0.60346     4.31615
 1481    691     2.08214     0.60346     4.31615
 1483    691     2.09013     0.60346     4.31615
 1484    691     2.09413     0.60346     4.31615
 1485    691     2.09813     0.60346     4.31615
 1486    691     2.10212     0.60346     4.31615
 1487    691     2.10612     0.60346     4.31615
 1488    691     2.11012     0.60346     4.31615
 1490    691     2.11811     0.60346     4.31615
 1491    691     2.12211     0.60346     4.31615
 1492    691     2.12610     0.60346     4.31615
 1493    691     2.13010     0.60346     4.31615
 1494    691     2.13410     0.60346     4.31615
 1495    691     2.13809     0.60346     4.31615
 1496    691     2.14209     0.60346     4.31615
 1498    691     2.15008     0.60346     4.31615
 1499    691     2.15408     0.60346     4.31615
 1500    691     2.15807     0.60346     4.31615
 1501    691     2.16207     0.60346     4.31615
 1502    691     2.16607     0.60346     4.31615
 1503    691     2.17006     0.60346     4.31615
 1508    691     2.19005     0.60346     4.31615
 1512    691     2.20603     0.60346     4.31615
 1513    691     2.21003     0.60346     4.31615
 1514    691     2.21402     0.60346     4.31615
 1515    691     2.21802     0.60346     4.31615
  438    692    -2.08141     0.60608     4.30637
  439    692    -2.07742     0.60608     4.30637
  440    692    -2.07344     0.60608     4.30637
  441    692    -2.06945     0.60608     4.30637
  442    692    -2.06546     0.60608     4.30637
  443    692    -2.06147     0.60608     4.30637
  444    692    -2.05749     0.60608     4.30637
  445    692    -2.05350     0.60608     4.30637
  446    692    -2.04951     0.60608     4.30637
  447    692    -2.04553     0.60608     4.30637
  448    692    -2.04154     0.60608     4.30637
  449    692    -2.03755     0.60608     4.30637
  450    692    -2.03356     0.60608     4.30637
 1474    692     2.04951     0.60608     4.30637
 1475    692     2.05350     0.60608     4.30637
 1476    692     2.05749     0.60608     4.30637
 1477    692     2.06147     0.60608     4.30637
 1478    692     2.06546     0.60608     4.30637
 1479    692     2.06945     0.60608     4.30637
 1480    692     2.07344     0.60608     4.30637
 1483    692     2.08540     0.60608     4.30637
 1484    692     2.08939     0.60608     4.30637
 1485    692     2.09337     0.60608     4.30637
 1486    692     2.09736     0.60608     4.30637
 1487    692     2.10135     0.60608     4.30637
 1488    692     2.10534     0.60608     4.30637
 1489    692     2.10932     0.60608     4.30637
 1492    692     2.12129     0.60608     4.30637
 1493    692     2.12527     0.60608     4.30637
 1494    692     2.12926     0.60608     4.30637
 1495    692     2.13325     0.60608     4.30637
 1496    692     2.13723     0.60608     4.30637
 1497    692     2.14122     0.60608     4.30637
 1499    692     2.14920     0.60608     4.30637
 1500    692     2.15318     0.60608     4.30637
 1501    692     2.15717     0.60608     4.30637
 1502    692     2.16116     0.60608     4.30637
 1503    692     2.16515     0.60608     4.30637
 1504    692     2.16913     0.60608     4.30637
 1512    692     2.20103     0.60608     4.30637
 1513    692     2.20502     0.60608     4.30637
 1514    692     2.20901     0.60608     4.30637
 1515    692     2.21299     0.60608     4.30637
 1516    692     2.21698     0.60608     4.30637
 1517    692     2.22097     0.60608     4.30637
  437    693    -2.08068     0.60869     4.29663
  438    693    -2.07671     0.60869     4.29663
  439    693    -2.07273     0.60869     4.29663
  440    693    -2.06875     0.60869     4.29663
  441    693    -2.06477     0.60869     4.29663
  442    693    -2.06079     0.60869     4.29663
  443    693    -2.05681     0.60869     4.29663
  444    693    -2.05284     0.60869     4.29663
  445    693    -2.04886     0.60869     4.29663
  446    693    -2.04488     0.60869     4.29663
  447    693    -2.04090     0.60869     4.29663
  448    693    -2.03692     0.60869     4.29663
  449    693    -2.03294     0.60869     4.29663
  450    693    -2.02897     0.60869     4.29663
  451    693    -2.02499     0.60869     4.29663
 1475    693     2.04886     0.60869     4.29663
 1476    693     2.05284     0.60869     4.29663
 1477    693     2.05681     0.60869     4.29663
 1478    693     2.06079     0.60869     4.29663
 1479    693     2.06477     0.60869     4.29663
 1480    693     2.06875     0.60869     4.29663
 1483    693     2.08068     0.60869     4.29663
 1486    693     2.09262     0.60869     4.29663
 1487    693     2.09660     0.60869     4.29663
 1488    693     2.10058     0.60869     4.29663
 1489    693     2.10456     0.60869     4.29663
 1490    693     2.10853     0.60869     4.29663
 1491    693     2.11251     0.60869     4.29663
 1493    693     2.12047     0.60869     4.29663
 1494    693     2.12445     0.60869     4.29663
 1495    693     2.12843     0.60869     4.29663
 1496    693     2.13240     0.60869     4.29663
 1497    693     2.13638     0.60869     4.29663
 1498    693     2.14036     0.60869     4.29663
 1499    693     2.14434     0.60869     4.29663
 1500    693     2.14832     0.60869     4.29663
 1501    693     2.15230     0.60869     4.29663
 1502    693     2.15627     0.60869     4.29663
 1503    693     2.16025     0.60869     4.29663
 1504    693     2.16423     0.60869     4.29663
 1505    693     2.16821     0.60869     4.29663
 1506    693     2.17219     0.60869     4.29663
 1507    693     2.17617     0.60869     4.29663
 1510    693     2.18810     0.60869     4.29663
 1511    693     2.19208     0.60869     4.29663
 1512    693     2.19606     0.60869     4.29663
 1513    693     2.20004     0.60869     4.29663
 1514    693     2.20401     0.60869     4.29663
 1515    693     2.20799     0.60869     4.29663
 1516    693     2.21197     0.60869     4.29663
 1517    693     2.21595     0.60869     4.29663
 1518    693     2.21993     0.60869     4.29663
  437    694    -2.07599     0.61129     4.28694
  438    694    -2.07202     0.61129     4.28694
  439    694    -2.06805     0.61129     4.28694
  440    694    -2.06408     0.61129     4.28694
  441    694    -2.06011     0.61129     4.28694
  443    694    -2.05218     0.61129     4.28694
  444    694    -2.04821     0.61129     4.28694
  445    694    -2.04424     0.61129     4.28694
  446    694    -2.04027     0.61129     4.28694
  447    694    -2.03630     0.61129     4.28694
  449    694    -2.02836     0.61129     4.28694
  450    694    -2.02439     0.61129     4.28694
  451    694    -2.02042     0.61129     4.28694
  452    694    -2.01645     0.61129     4.28694
 1476    694     2.04821     0.61129     4.28694
 1477    694     2.05218     0.61129     4.28694
 1478    694     2.05615     0.61129     4.28694
 1479    694     2.06011     0.61129     4.28694
 1480    694     2.06408     0.61129     4.28694
 1484    694     2.07996     0.61129     4.28694
 1485    694     2.08393     0.61129     4.28694
 1486    694     2.08790     0.61129     4.28694
 1487    694     2.09187     0.61129     4.28694
 1488    694     2.09584     0.61129     4.28694
 1489    694     2.09981     0.61129     4.28694
 1490    694     2.10378     0.61129     4.28694
 1491    694     2.10775     0.61129     4.28694
 1494    694     2.11966     0.61129     4.28694
 1495    694     2.12362     0.61129     4.28694
 1496    694     2.12759     0.61129     4.28694
 1497    694     2.13156     0.61129     4.28694
 1498    694     2.13553     0.61129     4.28694
 1500    694     2.14347     0.61129     4.28694
 1501    694     2.14744     0.61129     4.28694
 1502    694     2.15141     0.61129     4.28694
 1503    694     2.15538     0.61129     4.28694
 1504    694     2.15935     0.61129     4.28694
 1505    694     2.16332     0.61129     4.28694
 1506    694     2.16729     0.61129     4.28694
 1507    694     2.17126     0.61129     4.28694
 1508    694     2.17523     0.61129     4.28694
 1509    694     2.17920     0.61129     4.28694
 1510    694     2.18317     0.61129     4.28694
 1511    694     2.18714     0.61129     4.28694
 1512    694     2.19110     0.61129     4.28694
 1513    694     2.19507     0.61129     4.28694
 1514    694     2.19904     0.61129     4.28694
 1515    694     2.20301     0.61129     4.28694
 1516    694     2.20698     0.61129     4.28694
 1517    694     2.21095     0.61129     4.28694
 1518    694     2.21492     0.61129     4.28694
 1519    694     2.21889     0.61129     4.28694
  436    695    -2.07528     0.61387     4.27730
  437    695    -2.07132     0.61387     4.27730
  438    695    -2.06736     0.61387     4.27730
  439    695    -2.06340     0.61387     4.27730
  440    695    -2.05944     0.61387     4.27730
  441    695    -2.05548     0.61387     4.27730
  443    695    -2.04756     0.61387     4.27730
  444    695    -2.04360     0.61387     4.27730
  445    695    -2.03964     0.61387     4.27730
  446    695    -2.03568     0.61387     4.27730
  447    695    -2.03172     0.61387     4.27730
  448    695    -2.02776     0.61387     4.27730
  450    695    -2.01983     0.61387     4.27730
  451    695    -2.01587     0.61387     4.27730
  452    695    -2.01191     0.61387     4.27730
 1477    695     2.04756     0.61387     4.27730
 1478    695     2.05152     0.61387     4.27730
 1479    695     2.05548     0.61387     4.27730
 1480    695     2.05944     0.61387     4.27730
 1481    695     2.06340     0.61387     4.27730
 1489    695     2.09508     0.61387     4.27730
 1490    695     2.09904     0.61387     4.27730
 1491    695     2.10300     0.61387     4.27730
 1492    695     2.10696     0.61387     4.27730
 1495    695     2.11885     0.61387     4.27730
 1496    695     2.12281     0.61387     4.27730
 1497    695     2.12677     0.61387     4.27730
 1498    695     2.13073     0.61387     4.27730
 1499    695     2.13469     0.61387     4.27730
 1500    695     2.13865     0.61387     4.27730
 1501    695     2.14261     0.61387     4.27730
 1502    695     2.14657     0.61387     4.27730
 1503    695     2.15053     0.61387     4.27730
 1504    695     2.15449     0.61387     4.27730
 1505    695     2.15845     0.61387     4.27730
 1506    695     2.16241     0.61387     4.27730
 1507    695     2.16637     0.61387     4.27730
 1508    695     2.17033     0.61387     4.27730
 1509    695     2.17429     0.61387     4.27730
 1510    695     2.17825     0.61387     4.27730
 1511    695     2.18221     0.61387     4.27730
 1512    695     2.18617     0.61387     4.27730
 1513    695     2.19013     0.61387     4.27730
 1514    695     2.19409     0.61387     4.27730
 1515    695     2.19806     0.61387     4.27730
 1516    695     2.20202     0.61387     4.27730
 1517    695     2.20598     0.61387     4.27730
 1518    695     2.20994     0.61387     4.27730
 1519    695     2.21390     0.61387     4.27730
  436    696    -2.07062     0.61644     4.26769
  437    696    -2.06667     0.61644     4.26769
  438    696    -2.06272     0.61644     4.26769
  439    696    -2.05877     0.61644     4.26769
  440    696    -2.05482     0.61644     4.26769
  443    696    -2.04296     0.61644     4.26769
  444    696    -2.03901     0.61644     4.26769
  445    696    -2.03506     0.61644     4.26769
  446    696    -2.03111     0.61644     4.26769
  447    696    -2.02715     0.61644     4.26769
  448    696    -2.02320     0.61644     4.26769
  450    696    -2.01530     0.61644     4.26769
  451    696    -2.01135     0.61644     4.26769
  452    696    -2.00740     0.61644     4.26769
 1478    696     2.04691     0.61644     4.26769
 1479    696     2.05086     0.61644     4.26769
 1480    696     2.05482     0.61644     4.26769
 1481    696     2.05877     0.61644     4.26769
 1482    696     2.06272     0.61644     4.26769
 1484    696     2.07062     0.61644     4.26769
 1485    696     2.07457     0.61644     4.26769
 1490    696     2.09433     0.61644     4.26769
 1491    696     2.09828     0.61644     4.26769
 1492    696     2.10223     0.61644     4.26769
 1493    696     2.10619     0.61644     4.26769
 1495    696     2.11409     0.61644     4.26769
 1496    696     2.11804     0.61644     4.26769
 1497    696     2.12199     0.61644     4.26769
 1498    696     2.12594     0.61644     4.26769
 1499    696     2.12990     0.61644     4.26769
 1501    696     2.13780     0.61644     4.26769
 1502    696     2.14175     0.61644     4.26769
 1503    696     2.14570     0.61644     4.26769
 1504    696     2.14965     0.61644     4.26769
 1505    696     2.15360     0.61644     4.26769
 1506    696     2.15756     0.61644     4.26769
 1507    696     2.16151     0.61644     4.26769
 1508    696     2.16546     0.61644     4.26769
 1509    696     2.16941     0.61644     4.26769
 1511    696     2.17731     0.61644     4.26769
 1512    696     2.18127     0.61644     4.26769
 1513    696     2.18522     0.61644     4.26769
 1516    696     2.19707     0.61644     4.26769
 1517    696     2.20102     0.61644     4.26769
 1518    696     2.20497     0.61644     4.26769
 1519    696     2.20893     0.61644     4.26769
 1520    696     2.21288     0.61644     4.26769
  435    697    -2.06993     0.61901     4.25813
  436    697    -2.06598     0.61901     4.25813
  437    697    -2.06204     0.61901     4.25813
  438    697    -2.05810     0.61901     4.25813
  439    697    -2.05415     0.61901     4.25813
  440    697    -2.05021     0.61901     4.25813
  442    697    -2.04233     0.61901     4.25813
  443    697    -2.03838     0.61901     4.25813
  444    697    -2.03444     0.61901     4.25813
  445    697    -2.03050     0.61901     4.25813
  446    697    -2.02656     0.61901     4.25813
  448    697    -2.01867     0.61901     4.25813
  449    697    -2.01473     0.61901     4.25813
  450    697    -2.01078     0.61901     4.25813
  451    697    -2.00684     0.61901     4.25813
  452    697    -2.00290     0.61901     4.25813
  453    697    -1.99896     0.61901     4.25813
 1479    697     2.04627     0.61901     4.25813
 1480    697     2.05021     0.61901     4.25813
 1481    697     2.05415     0.61901     4.25813
 1482    697     2.05810     0.61901     4.25813
 1483    697     2.06204     0.61901     4.25813
 1485    697     2.06993     0.61901     4.25813
 1486    697     2.07387     0.61901     4.25813
 1491    697     2.09358     0.61901     4.25813
 1492    697     2.09752     0.61901     4.25813
 1493    697     2.10147     0.61901     4.25813
 1494    697     2.10541     0.61901     4.25813
 1496    697     2.11330     0.61901     4.25813
 1497    697     2.11724     0.61901     4.25813
 1498    697     2.12118     0.61901     4.25813
 1499    697     2.12512     0.61901     4.25813
 1500    697     2.12907     0.61901     4.25813
 1502    697     2.13695     0.61901     4.25813
 1503    697     2.14089     0.61901     4.25813
 1504    697     2.14484     0.61901     4.25813
 1505    697     2.14878     0.61901     4.25813
 1506    697     2.15272     0.61901     4.25813
 1507    697     2.15667     0.61901     4.25813
 1508    697     2.16061     0.61901     4.25813
 1509    697     2.16455     0.61901     4.25813
 1511    697     2.17244     0.61901     4.25813
 1512    697     2.17638     0.61901     4.25813
 1513    697     2.18032     0.61901     4.25813
 1514    697     2.18426     0.61901     4.25813
 1517    697     2.19609     0.61901     4.25813
 1518    697     2.20004     0.61901     4.25813
 1519    697     2.20398     0.61901     4.25813
 1520    697     2.20792     0.61901     4.25813
 1521    697     2.21186     0.61901     4.25813
  435    698    -2.06530     0.62156     4.24861
  436    698    -2.06136     0.62156     4.24861
  437    698    -2.05743     0.62156     4.24861
  438    698    -2.05350     0.62156     4.24861
  439    698    -2.04956     0.62156     4.24861
  441    698    -2.04170     0.62156     4.24861
  442    698    -2.03776     0.62156     4.24861
  443    698    -2.03383     0.62156     4.24861
  444    698    -2.02989     0.62156     4.24861
  445    698    -2.02596     0.62156     4.24861
  446    698    -2.02203     0.62156     4.24861
  449    698    -2.01022     0.62156     4.24861
  450    698    -2.00629     0.62156     4.24861
  451    698    -2.00236     0.62156     4.24861
  452    698    -1.99842     0.62156     4.24861
 1480    698     2.04563     0.62156     4.24861
 1481    698     2.04956     0.62156     4.24861
 1482    698     2.05350     0.62156     4.24861
 1483    698     2.05743     0.62156     4.24861
 1484    698     2.06136     0.62156     4.24861
 1491    698     2.08890     0.62156     4.24861
 1492    698     2.09284     0.62156     4.24861
 1493    698     2.09677     0.62156     4.24861
 1494    698     2.10070     0.62156     4.24861
 1495    698     2.10464     0.62156     4.24861
 1497    698     2.11251     0.62156     4.24861
 1498    698     2.11644     0.62156     4.24861
 1499    698     2.12037     0.62156     4.24861
 1500    698     2.12431     0.62156     4.24861
 1501    698     2.12824     0.62156     4.24861
 1502    698     2.13218     0.62156     4.24861
 1503    698     2.13611     0.62156     4.24861
 1504    698     2.14004     0.62156     4.24861
 1505    698     2.14398     0.62156     4.24861
 1506    698     2.14791     0.62156     4.24861
 1507    698     2.15184     0.62156     4.24861
 1508    698     2.15578     0.62156     4.24861
 1509    698     2.15971     0.62156     4.24861
 1510    698     2.16365     0.62156     4.24861
 1512    698     2.17151     0.62156     4.24861
 1513    698     2.17545     0.62156     4.24861
 1514    698     2.17938     0.62156     4.24861
 1515    698     2.18332     0.62156     4.24861
 1518    698     2.19512     0.62156     4.24861
 1519    698     2.19905     0.62156     4.24861
 1520    698     2.20299     0.62156     4.24861
 1521    698     2.20692     0.62156     4.24861
 1522    698     2.21085     0.62156     4.24861
  435    699    -2.06069     0.62410     4.23914
  436    699    -2.05677     0.62410     4.23914
  437    699    -2.05284     0.62410     4.23914
  438    699    -2.04892     0.62410     4.23914
  440    699    -2.04107     0.62410     4.23914
  441    699    -2.03714     0.62410     4.23914
  442    699    -2.03322     0.62410     4.23914
  443    699    -2.02929     0.62410     4.23914
  444    699    -2.02537     0.62410     4.23914
  445    699    -2.02144     0.62410     4.23914
  446    699    -2.01752     0.62410     4.23914
  450    699    -2.00182     0.62410     4.23914
  451    699    -1.99789     0.62410     4.23914
 1480    699     2.04107     0.62410     4.23914
 1481    699     2.04499     0.62410     4.23914
 1482    699     2.04892     0.62410     4.23914
 1483    699     2.05284     0.62410     4.23914
 1484    699     2.05677     0.62410     4.23914
 1485    699     2.06069     0.62410     4.23914
 1492    699     2.08817     0.62410     4.23914
 1493    699     2.09209     0.62410     4.23914
 1494    699     2.09602     0.62410     4.23914
 1495    699     2.09994     0.62410     4.23914
 1496    699     2.10387     0.62410     4.23914
 1498    699     2.11172     0.62410     4.23914
 1499    699     2.11564     0.62410     4.23914
 1500    699     2.11957     0.62410     4.23914
 1501    699     2.12349     0.62410     4.23914
 1502    699     2.12742     0.62410     4.23914
 1503    699     2.13135     0.62410     4.23914
 1506    699     2.14312     0.62410     4.23914
 1507    699     2.14705     0.62410     4.23914
 1508    699     2.15097     0.62410     4.23914
 1509    699     2.15490     0.62410     4.23914
 1510    699     2.15882     0.62410     4.23914
 1513    699     2.17060     0.62410     4.23914
 1514    699     2.17452     0.62410     4.23914
 1515    699     2.17845     0.62410     4.23914
 1516    699     2.18237     0.62410     4.23914
 1519    699     2.19415     0.62410     4.23914
 1520    699     2.19807     0.62410     4.23914
 1521    699     2.20200     0.62410     4.23914
 1522    699     2.20592     0.62410     4.23914
 1523    699     2.20985     0.62410     4.23914
  434    700    -2.06002     0.62662     4.22971
  435    700    -2.05611     0.62662     4.22971
  436    700    -2.05219     0.62662     4.22971
  437    700    -2.04827     0.62662     4.22971
  438    700    -2.04436     0.62662     4.22971
  440    700    -2.03653     0.62662     4.22971
  441    700    -2.03261     0.62662     4.22971
  442    700    -2.02869     0.62662     4.22971
  443    700    -2.02478     0.62662     4.22971
  444    700    -2.02086     0.62662     4.22971
  445    700    -2.01694     0.62662     4.22971
  450    700    -1.99736     0.62662     4.22971
 1481    700     2.04044     0.62662     4.22971
 1482    700     2.04436     0.62662     4.22971
 1483    700     2.04827     0.62662     4.22971
 1484    700     2.05219     0.62662     4.22971
 1485    700     2.05611     0.62662     4.22971
 1494    700     2.09135     0.62662     4.22971
 1495    700     2.09527     0.62662     4.22971
 1496    700     2.09919     0.62662     4.22971
 1497    700     2.10310     0.62662     4.22971
 1499    700     2.11094     0.62662     4.22971
 1500    700     2.11485     0.62662     4.22971
 1501    700     2.11877     0.62662     4.22971
 1502    700     2.12269     0.62662     4.22971
 1503    700     2.12660     0.62662     4.22971
 1504    700     2.13052     0.62662     4.22971
 1505    700     2.13444     0.62662     4.22971
 1506    700     2.13835     0.62662     4.22971
 1508    700     2.14618     0.62662     4.22971
 1509    700     2.15010     0.62662     4.22971
 1510    700     2.15402     0.62662     4.22971
 1511    700     2.15793     0.62662     4.22971
 1515    700     2.17360     0.62662     4.22971
 1516    700     2.17752     0.62662     4.22971
 1517    700     2.18143     0.62662     4.22971
 1520    700     2.19318     0.62662     4.22971
 1521    700     2.19710     0.62662     4.22971
 1522    700     2.20101     0.62662     4.22971
 1523    700     2.20493     0.62662     4.22971
  434    701    -2.05545     0.62914     4.22031
  435    701    -2.05154     0.62914     4.22031
  436    701    -2.04763     0.62914     4.22031
  437    701    -2.04373     0.62914     4.22031
  438    701    -2.03982     0.62914     4.22031
  440    701    -2.03200     0.62914     4.22031
  441    701    -2.02810     0.62914     4.22031
  442    701    -2.02419     0.62914     4.22031
  443    701    -2.02028     0.62914     4.22031
  444    701    -2.01637     0.62914     4.22031
  449    701    -1.99683     0.62914     4.22031
 1482    701     2.03982     0.62914     4.22031
 1483    701     2.04373     0.62914     4.22031
 1484    701     2.04763     0.62914     4.22031
 1485    701     2.05154     0.62914     4.22031
 1486    701     2.05545     0.62914     4.22031
 1495    701     2.09062     0.62914     4.22031
 1496    701     2.09453     0.62914     4.22031
 1497    701     2.09843     0.62914     4.22031
 1498    701     2.10234     0.62914     4.22031
 1499    701     2.10625     0.62914     4.22031
 1500    701     2.11016     0.62914     4.22031
 1501    701     2.11407     0.62914     4.22031
 1502    701     2.11797     0.62914     4.22031
 1503    701     2.12188     0.62914     4.22031
 1504    701     2.12579     0.62914     4.22031
 1505    701     2.12970     0.62914     4.22031
 1506    701     2.13360     0.62914     4.22031
 1507    701     2.13751     0.62914     4.22031
 1508    701     2.14142     0.62914     4.22031
 1509    701     2.14533     0.62914     4.22031
 1510    701     2.14923     0.62914     4.22031
 1511    701     2.15314     0.62914     4.22031
 1515    701     2.16877     0.62914     4.22031
 1516    701     2.17268     0.62914     4.22031
 1517    701     2.17659     0.62914     4.22031
 1518    701     2.18050     0.62914     4.22031
 1519    701     2.18440     0.62914     4.22031
 1520    701     2.18831     0.62914     4.22031
 1521    701     2.19222     0.62914     4.22031
 1522    701     2.19613     0.62914     4.22031
 1523    701     2.20003     0.62914     4.22031
 1524    701     2.20394     0.62914     4.22031
 1525    701     2.20785     0.62914     4.22031
  433    702    -2.05480     0.63164     4.21097
  434    702    -2.05090     0.63164     4.21097
  435    702    -2.04700     0.63164     4.21097
  436    702    -2.04310     0.63164     4.21097
  437    702    -2.03920     0.63164     4.21097
  439    702    -2.03140     0.63164     4.21097
  440    702    -2.02750     0.63164     4.21097
  441    702    -2.02360     0.63164     4.21097
  442    702    -2.01970     0.63164     4.21097
  443    702    -2.01580     0.63164     4.21097
  449    702    -1.99241     0.63164     4.21097
 1483    702     2.03920     0.63164     4.21097
 1484    702     2.04310     0.63164     4.21097
 1485    702     2.04700     0.63164     4.21097
 1486    702     2.05090     0.63164     4.21097
 1487    702     2.05480     0.63164     4.21097
 1495    702     2.08599     0.63164     4.21097
 1496    702     2.08989     0.63164     4.21097
 1497    702     2.09379     0.63164     4.21097
 1498    702     2.09768     0.63164     4.21097
 1499    702     2.10158     0.63164     4.21097
 1500    702     2.10548     0.63164     4.21097
 1501    702     2.10938     0.63164     4.21097
 1502    702     2.11328     0.63164     4.21097
 1503    702     2.11718     0.63164     4.21097
 1504    702     2.12108     0.63164     4.21097
 1505    702     2.12498     0.63164     4.21097
 1506    702     2.12888     0.63164     4.21097
 1507    702     2.13278     0.63164     4.21097
 1508    702     2.13667     0.63164     4.21097
 1509    702     2.14057     0.63164     4.21097
 1510    702     2.14447     0.63164     4.21097
 1511    702     2.14837     0.63164     4.21097
 1514    702     2.16007     0.63164     4.21097
 1515    702     2.16397     0.63164     4.21097
 1516    702     2.16787     0.63164     4.21097
 1517    702     2.17177     0.63164     4.21097
 1518    702     2.17567     0.63164     4.21097
 1519    702     2.17956     0.63164     4.21097
 1520    702     2.18346     0.63164     4.21097
 1523    702     2.19516     0.63164     4.21097
 1524    702     2.19906     0.63164     4.21097
 1525    702     2.20296     0.63164     4.21097
 1526    702     2.20686     0.63164     4.21097
  432    703    -2.05414     0.63414     4.20166
  433    703    -2.05025     0.63414     4.20166
  434    703    -2.04636     0.63414     4.20166
  435    703    -2.04247     0.63414     4.20166
  436    703    -2.03858     0.63414     4.20166
  437    703    -2.03469     0.63414     4.20166
  439    703    -2.02691     0.63414     4.20166
  440    703    -2.02302     0.63414     4.20166
  441    703    -2.01913     0.63414     4.20166
  442    703    -2.01524     0.63414     4.20166
  445    703    -2.00357     0.63414     4.20166
  447    703    -1.99579     0.63414     4.20166
  448    703    -1.99190     0.63414     4.20166
 1484    703     2.03858     0.63414     4.20166
 1485    703     2.04247     0.63414     4.20166
 1486    703     2.04636     0.63414     4.20166
 1487    703     2.05025     0.63414     4.20166
 1488    703     2.05414     0.63414     4.20166
 1495    703     2.08138     0.63414     4.20166
 1496    703     2.08527     0.63414     4.20166
 1497    703     2.08916     0.63414     4.20166
 1498    703     2.09305     0.63414     4.20166
 1499    703     2.09694     0.63414     4.20166
 1503    703     2.11250     0.63414     4.20166
 1504    703     2.11639     0.63414     4.20166
 1505    703     2.12028     0.63414     4.20166
 1506    703     2.12417     0.63414     4.20166
 1507    703     2.12806     0.63414     4.20166
 1508    703     2.13195     0.63414     4.20166
 1509    703     2.13584     0.63414     4.20166
 1510    703     2.13973     0.63414     4.20166
 1511    703     2.14362     0.63414     4.20166
 1512    703     2.14751     0.63414     4.20166
 1513    703     2.15140     0.63414     4.20166
 1514    703     2.15529     0.63414     4.20166
 1515    703     2.15918     0.63414     4.20166
 1516    703     2.16308     0.63414     4.20166
 1517    703     2.16697     0.63414     4.20166
 1518    703     2.17086     0.63414     4.20166
 1519    703     2.17475     0.63414     4.20166
 1520    703     2.17864     0.63414     4.20166
 1521    703     2.18253     0.63414     4.20166
 1523    703     2.19031     0.63414     4.20166
 1524    703     2.19420     0.63414     4.20166
 1525    703     2.19809     0.63414     4.20166
 1526    703     2.20198     0.63414     4.20166
 1527    703     2.20587     0.63414     4.20166
  432    704    -2.04961     0.63662     4.19239
  433    704    -2.04573     0.63662     4.19239
  434    704    -2.04185     0.63662     4.19239
  435    704    -2.03797     0.63662     4.19239
  436    704    -2.03409     0.63662     4.19239
  438    704    -2.02632     0.63662     4.19239
  439    704    -2.02244     0.63662     4.19239
  440    704    -2.01856     0.63662     4.19239
  441    704    -2.01468     0.63662     4.19239
  442    704    -2.01079     0.63662     4.19239
  444    704    -2.00303     0.63662     4.19239
  447    704    -1.99139     0.63662     4.19239
  448    704    -1.98750     0.63662     4.19239
 1485    704     2.03797     0.63662     4.19239
 1486    704     2.04185     0.63662     4.19239
 1487    704     2.04573     0.63662     4.19239
 1488    704     2.04961     0.63662     4.19239
 1489    704     2.05349     0.63662     4.19239
 1490    704     2.05738     0.63662     4.19239
 1494    704     2.07290     0.63662     4.19239
 1495    704     2.07679     0.63662     4.19239
 1496    704     2.08067     0.63662     4.19239
 1497    704     2.08455     0.63662     4.19239
 1498    704     2.08843     0.63662     4.19239
 1499    704     2.09231     0.63662     4.19239
 1500    704     2.09619     0.63662     4.19239
 1501    704     2.10008     0.63662     4.19239
 1502    704     2.10396     0.63662     4.19239
 1503    704     2.10784     0.63662     4.19239
 1504    704     2.11172     0.63662     4.19239
 1505    704     2.11560     0.63662     4.19239
 1506    704     2.11949     0.63662     4.19239
 1508    704     2.12725     0.63662     4.19239
 1509    704     2.13113     0.63662     4.19239
 1510    704     2.13501     0.63662     4.19239
 1518    704     2.16607     0.63662     4.19239
 1519    704     2.16995     0.63662     4.19239
 1520    704     2.17383     0.63662     4.19239
 1521    704     2.17771     0.63662     4.19239
 1522    704     2.18160     0.63662     4.19239
 1524    704     2.18936     0.63662     4.19239
 1525    704     2.19324     0.63662     4.19239
 1526    704     2.19712     0.63662     4.19239
 1527    704     2.20100     0.63662     4.19239
 1528    704     2.20489     0.63662     4.19239
  431    705    -2.04898     0.63909     4.18316
  432    705    -2.04510     0.63909     4.18316
  433    705    -2.04123     0.63909     4.18316
  434    705    -2.03736     0.63909     4.18316
  435    705    -2.03348     0.63909     4.18316
  437    705    -2.02574     0.63909     4.18316
  438    705    -2.02186     0.63909     4.18316
  439    705    -2.01799     0.63909     4.18316
  440    705    -2.01412     0.63909     4.18316
  441    705    -2.01024     0.63909     4.18316
  442    705    -2.00637     0.63909     4.18316
  443    705    -2.00250     0.63909     4.18316
  444    705    -1.99862     0.63909     4.18316
  445    705    -1.99475     0.63909     4.18316
  446    705    -1.99088     0.63909     4.18316
  447    705    -1.98700     0.63909     4.18316
  448    705    -1.98313     0.63909     4.18316
 1485    705     2.03348     0.63909     4.18316
 1486    705     2.03736     0.63909     4.18316
 1487    705     2.04123     0.63909     4.18316
 1488    705     2.04510     0.63909     4.18316
 1489    705     2.04898     0.63909     4.18316
 1490    705     2.05285     0.63909     4.18316
 1491    705     2.05672     0.63909     4.18316
 1494    705     2.06834     0.63909     4.18316
 1495    705     2.07222     0.63909     4.18316
 1496    705     2.07609     0.63909     4.18316
 1497    705     2.07996     0.63909     4.18316
 1500    705     2.09158     0.63909     4.18316
 1501    705     2.09545     0.63909     4.18316
 1502    705     2.09933     0.63909     4.18316
 1503    705     2.10320     0.63909     4.18316
 1505    705     2.11095     0.63909     4.18316
 1506    705     2.11482     0.63909     4.18316
 1507    705     2.11869     0.63909     4.18316
 1508    705     2.12257     0.63909     4.18316
 1509    705     2.12644     0.63909     4.18316
 1515    705     2.14968     0.63909     4.18316
 1516    705     2.15355     0.63909     4.18316
 1517    705     2.15743     0.63909     4.18316
 1518    705     2.16130     0.63909     4.18316
 1521    705     2.17292     0.63909     4.18316
 1522    705     2.17679     0.63909     4.18316
 1523    705     2.18067     0.63909     4.18316
 1525    705     2.18841     0.63909     4.18316
 1526    705     2.19229     0.63909     4.18316
 1527    705     2.19616     0.63909     4.18316
 1528    705     2.20003     0.63909     4.18316
  430    706    -2.04834     0.64156     4.17398
  431    706    -2.04448     0.64156     4.17398
  432    706    -2.04061     0.64156     4.17398
  433    706    -2.03675     0.64156     4.17398
  434    706    -2.03288     0.64156     4.17398
  435    706    -2.02902     0.64156     4.17398
  437    706    -2.02129     0.64156     4.17398
  438    706    -2.01742     0.64156     4.17398
  439    706    -2.01356     0.64156     4.17398
  440    706    -2.00969     0.64156     4.17398
  441    706    -2.00583     0.64156     4.17398
  444    706    -1.99423     0.64156     4.17398
  445    706    -1.99037     0.64156     4.17398
  446    706    -1.98650     0.64156     4.17398
  447    706    -1.98264     0.64156     4.17398
 1486    706     2.03288     0.64156     4.17398
 1487    706     2.03675     0.64156     4.17398
 1488    706     2.04061     0.64156     4.17398
 1489    706     2.04448     0.64156     4.17398
 1490    706     2.04834     0.64156     4.17398
 1491    706     2.05221     0.64156     4.17398
 1495    706     2.06766     0.64156     4.17398
 1496    706     2.07153     0.64156     4.17398
 1497    706     2.07539     0.64156     4.17398
 1505    706     2.10631     0.64156     4.17398
 1506    706     2.11018     0.64156     4.17398
 1507    706     2.11404     0.64156     4.17398
 1508    706     2.11791     0.64156     4.17398
 1514    706     2.14110     0.64156     4.17398
 1515    706     2.14496     0.64156     4.17398
 1516    706     2.14883     0.64156     4.17398
 1517    706     2.15269     0.64156     4.17398
 1518    706     2.15655     0.64156     4.17398
 1519    706     2.16042     0.64156     4.17398
 1521    706     2.16815     0.64156     4.17398
 1522    706     2.17201     0.64156     4.17398
 1523    706     2.17588     0.64156     4.17398
 1524    706     2.17974     0.64156     4.17398
 1526    706     2.18747     0.64156     4.17398
 1527    706     2.19134     0.64156     4.17398
 1528    706     2.19520     0.64156     4.17398
 1529    706     2.19907     0.64156     4.17398
  429    707    -2.04771     0.64401     4.16483
  430    707    -2.04385     0.64401     4.16483
  431    707    -2.04000     0.64401     4.16483
  432    707    -2.03614     0.64401     4.16483
  433    707    -2.03228     0.64401     4.16483
  434    707    -2.02843     0.64401     4.16483
  436    707    -2.02071     0.64401     4.16483
  437    707    -2.01686     0.64401     4.16483
  438    707    -2.01300     0.64401     4.16483
  439    707    -2.00915     0.64401     4.16483
  440    707    -2.00529     0.64401     4.16483
  445    707    -1.98601     0.64401     4.16483
  446    707    -1.98215     0.64401     4.16483
 1487    707     2.03228     0.64401     4.16483
 1488    707     2.03614     0.64401     4.16483
 1489    707     2.04000     0.64401     4.16483
 1490    707     2.04385     0.64401     4.16483
 1491    707     2.04771     0.64401     4.16483
 1492    707     2.05157     0.64401     4.16483
 1495    707     2.06313     0.64401     4.16483
 1496    707     2.06699     0.64401     4.16483
 1497    707     2.07085     0.64401     4.16483
 1506    707     2.10555     0.64401     4.16483
 1507    707     2.10941     0.64401     4.16483
 1508    707     2.11327     0.64401     4.16483
 1509    707     2.11712     0.64401     4.16483
 1510    707     2.12098     0.64401     4.16483
 1511    707     2.12484     0.64401     4.16483
 1512    707     2.12869     0.64401     4.16483
 1514    707     2.13640     0.64401     4.16483
 1515    707     2.14026     0.64401     4.16483
 1516    707     2.14412     0.64401     4.16483
 1517    707     2.14797     0.64401     4.16483
 1518    707     2.15183     0.64401     4.16483
 1519    707     2.15569     0.64401     4.16483
 1522    707     2.16725     0.64401     4.16483
 1523    707     2.17111     0.64401     4.16483
 1524    707     2.17497     0.64401     4.16483
 1525    707     2.17882     0.64401     4.16483
 1527    707     2.18654     0.64401     4.16483
 1528    707     2.19039     0.64401     4.16483
 1529    707     2.19425     0.64401     4.16483
 1530    707     2.19811     0.64401     4.16483
  429    708    -2.04323     0.64645     4.15573
  430    708    -2.03938     0.64645     4.15573
  431    708    -2.03554     0.64645     4.15573
  432    708    -2.03169     0.64645     4.15573
  433    708    -2.02784     0.64645     4.15573
  435    708    -2.02014     0.64645     4.15573
  436    708    -2.01630     0.64645     4.15573
  437    708    -2.01245     0.64645     4.15573
  438    708    -2.00860     0.64645     4.15573
  439    708    -2.00475     0.64645     4.15573
 1488    708     2.03169     0.64645     4.15573
 1489    708     2.03554     0.64645     4.15573
 1490    708     2.03938     0.64645     4.15573
 1491    708     2.04323     0.64645     4.15573
 1492    708     2.04708     0.64645     4.15573
 1493    708     2.05093     0.64645     4.15573
 1495    708     2.05862     0.64645     4.15573
 1496    708     2.06247     0.64645     4.15573
 1497    708     2.06632     0.64645     4.15573
 1498    708     2.07017     0.64645     4.15573
 1500    708     2.07786     0.64645     4.15573
 1501    708     2.08171     0.64645     4.15573
 1502    708     2.08556     0.64645     4.15573
 1507    708     2.10480     0.64645     4.15573
 1508    708     2.10865     0.64645     4.15573
 1509    708     2.11249     0.64645     4.15573
 1510    708     2.11634     0.64645     4.15573
 1511    708     2.12019     0.64645     4.15573
 1512    708     2.12404     0.64645     4.15573
 1513    708     2.12789     0.64645     4.15573
 1514    708     2.13173     0.64645     4.15573
 1515    708     2.13558     0.64645     4.15573
 1517    708     2.14328     0.64645     4.15573
 1518    708     2.14712     0.64645     4.15573
 1519    708     2.15097     0.64645     4.15573
 1523    708     2.16636     0.64645     4.15573
 1524    708     2.17021     0.64645     4.15573
 1525    708     2.17406     0.64645     4.15573
 1526    708     2.17791     0.64645     4.15573
 1528    708     2.18560     0.64645     4.15573
 1529    708     2.18945     0.64645     4.15573
 1530    708     2.19330     0.64645     4.15573
  427    709    -2.04645     0.64888     4.14666
  428    709    -2.04261     0.64888     4.14666
  429    709    -2.03877     0.64888     4.14666
  430    709    -2.03493     0.64888     4.14666
  431    709    -2.03110     0.64888     4.14666
  432    709    -2.02726     0.64888     4.14666
  434    709    -2.01958     0.64888     4.14666
  435    709    -2.01574     0.64888     4.14666
  436    709    -2.01190     0.64888     4.14666
  437    709    -2.00806     0.64888     4.14666
  438    709    -2.00422     0.64888     4.14666
  439    709    -2.00038     0.64888     4.14666
 1489    709     2.03110     0.64888     4.14666
 1490    709     2.03493     0.64888     4.14666
 1491    709     2.03877     0.64888     4.14666
 1492    709     2.04261     0.64888     4.14666
 1493    709     2.04645     0.64888     4.14666
 1494    709     2.05029     0.64888     4.14666
 1496    709     2.05797     0.64888     4.14666
 1497    709     2.06181     0.64888     4.14666
 1498    709     2.06565     0.64888     4.14666
 1502    709     2.08101     0.64888     4.14666
 1503    709     2.08485     0.64888     4.14666
 1504    709     2.08869     0.64888     4.14666
 1505    709     2.09253     0.64888     4.14666
 1506    709     2.09637     0.64888     4.14666
 1507    709     2.10021     0.64888     4.14666
 1508    709     2.10405     0.64888     4.14666
 1509    709     2.10789     0.64888     4.14666
 1510    709     2.11172     0.64888     4.14666
 1511    709     2.11556     0.64888     4.14666
 1512    709     2.11940     0.64888     4.14666
 1513    709     2.12324     0.64888     4.14666
 1514    709     2.12708     0.64888     4.14666
 1515    709     2.13092     0.64888     4.14666
 1516    709     2.13476     0.64888     4.14666
 1517    709     2.13860     0.64888     4.14666
 1518    709     2.14244     0.64888     4.14666
 1519    709     2.14628     0.64888     4.14666
 1524    709     2.16548     0.64888     4.14666
 1525    709     2.16932     0.64888     4.14666
 1526    709     2.17316     0.64888     4.14666
 1527    709     2.17700     0.64888     4.14666
 1528    709     2.18084     0.64888     4.14666
 1529    709     2.18468     0.64888     4.14666
 1530    709     2.18851     0.64888     4.14666
  426    710    -2.04583     0.65129     4.13763
  427    710    -2.04200     0.65129     4.13763
  428    710    -2.03817     0.65129     4.13763
  429    710    -2.03434     0.65129     4.13763
  430    710    -2.03051     0.65129     4.13763
  431    710    -2.02667     0.65129     4.13763
  432    710    -2.02284     0.65129     4.13763
  433    710    -2.01901     0.65129     4.13763
  434    710    -2.01518     0.65129     4.13763
  435    710    -2.01135     0.65129     4.13763
  436    710    -2.00752     0.65129     4.13763
  437    710    -2.00369     0.65129     4.13763
  438    710    -1.99986     0.65129     4.13763
 1490    710     2.03051     0.65129     4.13763
 1491    710     2.03434     0.65129     4.13763
 1492    710     2.03817     0.65129     4.13763
 1493    710     2.04200     0.65129     4.13763
 1494    710     2.04583     0.65129     4.13763
 1496    710     2.05349     0.65129     4.13763
 1497    710     2.05732     0.65129     4.13763
 1498    710     2.06115     0.65129     4.13763
 1499    710     2.06499     0.65129     4.13763
 1503    710     2.08031     0.65129     4.13763
 1504    710     2.08414     0.65129     4.13763
 1505    710     2.08797     0.65129     4.13763
 1506    710     2.09180     0.65129     4.13763
 1507    710     2.09563     0.65129     4.13763
 1508    710     2.09947     0.65129     4.13763
 1511    710     2.11096     0.65129     4.13763
 1512    710     2.11479     0.65129     4.13763
 1513    710     2.11862     0.65129     4.13763
 1514    710     2.12245     0.65129     4.13763
 1515    710     2.12628     0.65129     4.13763
 1516    710     2.13011     0.65129     4.13763
 1517    710     2.13395     0.65129     4.13763
 1518    710     2.13778     0.65129     4.13763
 1519    710     2.14161     0.65129     4.13763
 1520    710     2.14544     0.65129     4.13763
 1525    710     2.16460     0.65129     4.13763
 1526    710     2.16843     0.65129     4.13763
 1527    710     2.17226     0.65129     4.13763
 1529    710     2.17992     0.65129     4.13763
 1530    710     2.18375     0.65129     4.13763
  425    711    -2.04521     0.65370     4.12865
  426    711    -2.04139     0.65370     4.12865
  427    711    -2.03756     0.65370     4.12865
  428    711    -2.03374     0.65370     4.12865
  429    711    -2.02992     0.65370     4.12865
  430    711    -2.02609     0.65370     4.12865
  431    711    -2.02227     0.65370     4.12865
  433    711    -2.01463     0.65370     4.12865
  434    711    -2.01080     0.65370     4.12865
  435    711    -2.00698     0.65370     4.12865
  436    711    -2.00316     0.65370     4.12865
  437    711    -1.99933     0.65370     4.12865
 1491    711     2.02992     0.65370     4.12865
 1492    711     2.03374     0.65370     4.12865
 1493    711     2.03756     0.65370     4.12865
 1494    711     2.04139     0.65370     4.12865
 1495    711     2.04521     0.65370     4.12865
 1497    711     2.05285     0.65370     4.12865
 1498    711     2.05668     0.65370     4.12865
 1499    711     2.06050     0.65370     4.12865
 1500    711     2.06432     0.65370     4.12865
 1503    711     2.07579     0.65370     4.12865
 1504    711     2.07961     0.65370     4.12865
 1505    711     2.08344     0.65370     4.12865
 1506    711     2.08726     0.65370     4.12865
 1507    711     2.09108     0.65370     4.12865
 1512    711     2.11020     0.65370     4.12865
 1513    711     2.11402     0.65370     4.12865
 1514    711     2.11784     0.65370     4.12865
 1515    711     2.12167     0.65370     4.12865
 1516    711     2.12549     0.65370     4.12865
 1517    711     2.12931     0.65370     4.12865
 1518    711     2.13313     0.65370     4.12865
 1519    711     2.13696     0.65370     4.12865
 1520    711     2.14078     0.65370     4.12865
 1526    711     2.16372     0.65370     4.12865
 1527    711     2.16754     0.65370     4.12865
 1529    711     2.17518     0.65370     4.12865
 1530    711     2.17901     0.65370     4.12865
  425    712    -2.04078     0.65610     4.11970
  426    712    -2.03696     0.65610     4.11970
  427    712    -2.03315     0.65610     4.11970
  428    712    -2.02933     0.65610     4.11970
  429    712    -2.02552     0.65610     4.11970
  430    712    -2.02170     0.65610     4.11970
  431    712    -2.01789     0.65610     4.11970
  432    712    -2.01407     0.65610     4.11970
  433    712    -2.01026     0.65610     4.11970
  434    712    -2.00645     0.65610     4.11970
  435    712    -2.00263     0.65610     4.11970
  436    712    -1.99882     0.65610     4.11970
 1492    712     2.02933     0.65610     4.11970
 1493    712     2.03315     0.65610     4.11970
 1494    712     2.03696     0.65610     4.11970
 1495    712     2.04078     0.65610     4.11970
 1496    712     2.04459     0.65610     4.11970
 1497    712     2.04841     0.65610     4.11970
 1498    712     2.05222     0.65610     4.11970
 1499    712     2.05603     0.65610     4.11970
 1500    712     2.05985     0.65610     4.11970
 1501    712     2.06366     0.65610     4.11970
 1502    712     2.06748     0.65610     4.11970
 1504    712     2.07511     0.65610     4.11970
 1505    712     2.07892     0.65610     4.11970
 1513    712     2.10944     0.65610     4.11970
 1514    712     2.11325     0.65610     4.11970
 1517    712     2.12470     0.65610     4.11970
 1518    712     2.12851     0.65610     4.11970
 1519    712     2.13232     0.65610     4.11970
 1526    712     2.15903     0.65610     4.11970
 1527    712     2.16284     0.65610     4.11970
 1529    712     2.17047     0.65610     4.11970
 1530    712     2.17428     0.65610     4.11970
 1531    712     2.17810     0.65610     4.11970
  424    713    -2.04017     0.65849     4.11079
  425    713    -2.03636     0.65849     4.11079
  426    713    -2.03256     0.65849     4.11079
  427    713    -2.02875     0.65849     4.11079
  428    713    -2.02494     0.65849     4.11079
  429    713    -2.02114     0.65849     4.11079
  430    713    -2.01733     0.65849     4.11079
  431    713    -2.01352     0.65849     4.11079
  432    713    -2.00972     0.65849     4.11079
  433    713    -2.00591     0.65849     4.11079
  434    713    -2.00211     0.65849     4.11079
  435    713    -1.99830     0.65849     4.11079
 1493    713     2.02875     0.65849     4.11079
 1494    713     2.03256     0.65849     4.11079
 1495    713     2.03636     0.65849     4.11079
 1496    713     2.04017     0.65849     4.11079
 1498    713     2.04778     0.65849     4.11079
 1499    713     2.05159     0.65849     4.11079
 1500    713     2.05539     0.65849     4.11079
 1501    713     2.05920     0.65849     4.11079
 1502    713     2.06301     0.65849     4.11079
 1514    713     2.10868     0.65849     4.11079
 1518    713     2.12391     0.65849     4.11079
 1525    713     2.15055     0.65849     4.11079
 1526    713     2.15436     0.65849     4.11079
 1527    713     2.15816     0.65849     4.11079
 1530    713     2.16958     0.65849     4.11079
 1531    713     2.17339     0.65849     4.11079
 1532    713     2.17719     0.65849     4.11079
  423    714    -2.03956     0.66086     4.10192
  424    714    -2.03577     0.66086     4.10192
  425    714    -2.03197     0.66086     4.10192
  426    714    -2.02817     0.66086     4.10192
  427    714    -2.02437     0.66086     4.10192
  428    714    -2.02057     0.66086     4.10192
  430    714    -2.01298     0.66086     4.10192
  431    714    -2.00918     0.66086     4.10192
  432    714    -2.00538     0.66086     4.10192
  433    714    -2.00158     0.66086     4.10192
  434    714    -1.99779     0.66086     4.10192
  435    714    -1.99399     0.66086     4.10192
 1493    714     2.02437     0.66086     4.10192
 1494    714     2.02817     0.66086     4.10192
 1495    714     2.03197     0.66086     4.10192
 1496    714     2.03577     0.66086     4.10192
 1497    714     2.03956     0.66086     4.10192
 1499    714     2.04716     0.66086     4.10192
 1500    714     2.05096     0.66086     4.10192
 1501    714     2.05476     0.66086     4.10192
 1502    714     2.05855     0.66086     4.10192
 1503    714     2.06235     0.66086     4.10192
 1514    714     2.10413     0.66086     4.10192
 1515    714     2.10793     0.66086     4.10192
 1517    714     2.11553     0.66086     4.10192
 1518    714     2.11932     0.66086     4.10192
 1523    714     2.13831     0.66086     4.10192
 1524    714     2.14211     0.66086     4.10192
 1525    714     2.14591     0.66086     4.10192
 1526    714     2.14971     0.66086     4.10192
 1527    714     2.15351     0.66086     4.10192
 1530    714     2.16490     0.66086     4.10192
 1531    714     2.16870     0.66086     4.10192
 1532    714     2.17250     0.66086     4.10192
 1533    714     2.17629     0.66086     4.10192
 1534    714     2.18009     0.66086     4.10192
 1535    714     2.18389     0.66086     4.10192
  423    715    -2.03517     0.66323     4.09308
  424    715    -2.03138     0.66323     4.09308
  425    715    -2.02759     0.66323     4.09308
  426    715    -2.02380     0.66323     4.09308
  427    715    -2.02001     0.66323     4.09308
  430    715    -2.00864     0.66323     4.09308
  431    715    -2.00485     0.66323     4.09308
  432    715    -2.00106     0.66323     4.09308
  433    715    -1.99727     0.66323     4.09308
  434    715    -1.99348     0.66323     4.09308
 1494    715     2.02380     0.66323     4.09308
 1495    715     2.02759     0.66323     4.09308
 1496    715     2.03138     0.66323     4.09308
 1497    715     2.03517     0.66323     4.09308
 1498    715     2.03896     0.66323     4.09308
 1500    715     2.04654     0.66323     4.09308
 1501    715     2.05033     0.66323     4.09308
 1502    715     2.05412     0.66323     4.09308
 1503    715     2.05791     0.66323     4.09308
 1514    715     2.09960     0.66323     4.09308
 1515    715     2.10339     0.66323     4.09308
 1516    715     2.10718     0.66323     4.09308
 1517    715     2.11097     0.66323     4.09308
 1518    715     2.11476     0.66323     4.09308
 1522    715     2.12992     0.66323     4.09308
 1523    715     2.13371     0.66323     4.09308
 1524    715     2.13750     0.66323     4.09308
 1525    715     2.14129     0.66323     4.09308
 1526    715     2.14508     0.66323     4.09308
 1527    715     2.14887     0.66323     4.09308
 1528    715     2.15266     0.66323     4.09308
 1529    715     2.15645     0.66323     4.09308
 1530    715     2.16024     0.66323     4.09308
 1531    715     2.16403     0.66323     4.09308
 1532    715     2.16782     0.66323     4.09308
 1533    715     2.17161     0.66323     4.09308
 1534    715     2.17540     0.66323     4.09308
 1535    715     2.17919     0.66323     4.09308
 1536    715     2.18298     0.66323     4.09308
  422    716    -2.03458     0.66559     4.08429
  423    716    -2.03080     0.66559     4.08429
  424    716    -2.02702     0.66559     4.08429
  425    716    -2.02324     0.66559     4.08429
  426    716    -2.01945     0.66559     4.08429
  427    716    -2.01567     0.66559     4.08429
  428    716    -2.01189     0.66559     4.08429
  429    716    -2.00811     0.66559     4.08429
  430    716    -2.00433     0.66559     4.08429
  431    716    -2.00054     0.66559     4.08429
  432    716    -1.99676     0.66559     4.08429
  433    716    -1.99298     0.66559     4.08429
  434    716    -1.98920     0.66559     4.08429
 1495    716     2.02324     0.66559     4.08429
 1496    716     2.02702     0.66559     4.08429
 1497    716     2.03080     0.66559     4.08429
 1498    716     2.03458     0.66559     4.08429
 1499    716     2.03836     0.66559     4.08429
 1500    716     2.04214     0.66559     4.08429
 1501    716     2.04593     0.66559     4.08429
 1502    716     2.04971     0.66559     4.08429
 1503    716     2.05349     0.66559     4.08429
 1504    716     2.05727     0.66559     4.08429
 1505    716     2.06105     0.66559     4.08429
 1506    716     2.06483     0.66559     4.08429
 1507    716     2.06862     0.66559     4.08429
 1515    716     2.09887     0.66559     4.08429
 1516    716     2.10265     0.66559     4.08429
 1517    716     2.10643     0.66559     4.08429
 1522    716     2.12534     0.66559     4.08429
 1523    716     2.12912     0.66559     4.08429
 1524    716     2.13291     0.66559     4.08429
 1525    716     2.13669     0.66559     4.08429
 1526    716     2.14047     0.66559     4.08429
 1527    716     2.14425     0.66559     4.08429
 1528    716     2.14803     0.66559     4.08429
 1529    716     2.15181     0.66559     4.08429
 1530    716     2.15560     0.66559     4.08429
 1531    716     2.15938     0.66559     4.08429
 1532    716     2.16316     0.66559     4.08429
 1533    716     2.16694     0.66559     4.08429
 1534    716     2.17072     0.66559     4.08429
 1535    716     2.17451     0.66559     4.08429
 1536    716     2.17829     0.66559     4.08429
 1537    716     2.18207     0.66559     4.08429
  421    717    -2.03399     0.66793     4.07553
  422    717    -2.03022     0.66793     4.07553
  423    717    -2.02644     0.66793     4.07553
  424    717    -2.02267     0.66793     4.07553
  425    717    -2.01890     0.66793     4.07553
  426    717    -2.01512     0.66793     4.07553
  427    717    -2.01135     0.66793     4.07553
  428    717    -2.00758     0.66793     4.07553
  429    717    -2.00380     0.66793     4.07553
  430    717    -2.00003     0.66793     4.07553
  431    717    -1.99626     0.66793     4.07553
  432    717    -1.99248     0.66793     4.07553
  433    717    -1.98871     0.66793     4.07553
  434    717    -1.98493     0.66793     4.07553
 1496    717     2.02267     0.66793     4.07553
 1497    717     2.02644     0.66793     4.07553
 1498    717     2.03022     0.66793     4.07553
 1499    717     2.03399     0.66793     4.07553
 1501    717     2.04154     0.66793     4.07553
 1502    717     2.04531     0.66793     4.07553
 1503    717     2.04909     0.66793     4.07553
 1504    717     2.05286     0.66793     4.07553
 1505    717     2.05663     0.66793     4.07553
 1506    717     2.06041     0.66793     4.07553
 1507    717     2.06418     0.66793     4.07553
 1508    717     2.06795     0.66793     4.07553
 1522    717     2.12079     0.66793     4.07553
 1523    717     2.12456     0.66793     4.07553
 1524    717     2.12833     0.66793     4.07553
 1533    717     2.16230     0.66793     4.07553
 1534    717     2.16607     0.66793     4.07553
 1535    717     2.16984     0.66793     4.07553
 1536    717     2.17362     0.66793     4.07553
 1537    717     2.17739     0.66793     4.07553
 1538    717     2.18116     0.66793     4.07553
  421    718    -2.02964     0.67027     4.06681
  422    718    -2.02587     0.67027     4.06681
  423    718    -2.02211     0.67027     4.06681
  424    718    -2.01834     0.67027     4.06681
  425    718    -2.01458     0.67027     4.06681
  426    718    -2.01081     0.67027     4.06681
  427    718    -2.00705     0.67027     4.06681
  428    718    -2.00328     0.67027     4.06681
  429    718    -1.99952     0.67027     4.06681
  430    718    -1.99575     0.67027     4.06681
  431    718    -1.99198     0.67027     4.06681
  432    718    -1.98822     0.67027     4.06681
  433    718    -1.98445     0.67027     4.06681
 1497    718     2.02211     0.67027     4.06681
 1498    718     2.02587     0.67027     4.06681
 1499    718     2.02964     0.67027     4.06681
 1500    718     2.03341     0.67027     4.06681
 1502    718     2.04094     0.67027     4.06681
 1503    718     2.04470     0.67027     4.06681
 1504    718     2.04847     0.67027     4.06681
 1505    718     2.05223     0.67027     4.06681
 1506    718     2.05600     0.67027     4.06681
 1507    718     2.05976     0.67027     4.06681
 1508    718     2.06353     0.67027     4.06681
 1522    718     2.11625     0.67027     4.06681
 1523    718     2.12001     0.67027     4.06681
 1524    718     2.12378     0.67027     4.06681
 1525    718     2.12754     0.67027     4.06681
 1526    718     2.13131     0.67027     4.06681
 1527    718     2.13508     0.67027     4.06681
 1528    718     2.13884     0.67027     4.06681
 1529    718     2.14261     0.67027     4.06681
 1530    718     2.14637     0.67027     4.06681
 1531    718     2.15014     0.67027     4.06681
 1532    718     2.15390     0.67027     4.06681
 1533    718     2.15767     0.67027     4.06681
 1534    718     2.16143     0.67027     4.06681
 1535    718     2.16520     0.67027     4.06681
 1536    718     2.16897     0.67027     4.06681
 1537    718     2.17273     0.67027     4.06681
 1538    718     2.17650     0.67027     4.06681
 1539    718     2.18026     0.67027     4.06681
  421    719    -2.02531     0.67260     4.05813
  422    719    -2.02155     0.67260     4.05813
  423    719    -2.01779     0.67260     4.05813
  424    719    -2.01403     0.67260     4.05813
  425    719    -2.01028     0.67260     4.05813
  426    719    -2.00652     0.67260     4.05813
  427    719    -2.00276     0.67260     4.05813
  428    719    -1.99900     0.67260     4.05813
  429    719    -1.99525     0.67260     4.05813
  430    719    -1.99149     0.67260     4.05813
  431    719    -1.98773     0.67260     4.05813
 1498    719     2.02155     0.67260     4.05813
 1499    719     2.02531     0.67260     4.05813
 1500    719     2.02906     0.67260     4.05813
 1501    719     2.03282     0.67260     4.05813
 1503    719     2.04034     0.67260     4.05813
 1504    719     2.04409     0.67260     4.05813
 1505    719     2.04785     0.67260     4.05813
 1506    719     2.05161     0.67260     4.05813
 1507    719     2.05537     0.67260     4.05813
 1508    719     2.05912     0.67260     4.05813
 1522    719     2.11173     0.67260     4.05813
 1523    719     2.11549     0.67260     4.05813
 1524    719     2.11924     0.67260     4.05813
 1525    719     2.12300     0.67260     4.05813
 1526    719     2.12676     0.67260     4.05813
 1527    719     2.13052     0.67260     4.05813
 1528    719     2.13428     0.67260     4.05813
 1529    719     2.13803     0.67260     4.05813
 1530    719     2.14179     0.67260     4.05813
 1531    719     2.14555     0.67260     4.05813
 1532    719     2.14931     0.67260     4.05813
 1533    719     2.15306     0.67260     4.05813
 1534    719     2.15682     0.67260     4.05813
 1535    719     2.16058     0.67260     4.05813
 1538    719     2.17185     0.67260     4.05813
 1539    719     2.17561     0.67260     4.05813
 1540    719     2.17937     0.67260     4.05813
  421    720    -2.02099     0.67491     4.04948
  422    720    -2.01724     0.67491     4.04948
  423    720    -2.01349     0.67491     4.04948
  424    720    -2.00974     0.67491     4.04948
  425    720    -2.00599     0.67491     4.04948
  426    720    -2.00224     0.67491     4.04948
  427    720    -1.99849     0.67491     4.04948
  428    720    -1.99475     0.67491     4.04948
  429    720    -1.99100     0.67491     4.04948
  430    720    -1.98725     0.67491     4.04948
 1498    720     2.01724     0.67491     4.04948
 1499    720     2.02099     0.67491     4.04948
 1500    720     2.02474     0.67491     4.04948
 1501    720     2.02849     0.67491     4.04948
 1502    720     2.03224     0.67491     4.04948
 1503    720     2.03599     0.67491     4.04948
 1505    720     2.04349     0.67491     4.04948
 1506    720     2.04724     0.67491     4.04948
 1507    720     2.05099     0.67491     4.04948
 1508    720     2.05474     0.67491     4.04948
 1509    720     2.05849     0.67491     4.04948
 1511    720     2.06599     0.67491     4.04948
 1512    720     2.06974     0.67491     4.04948
 1513    720     2.07349     0.67491     4.04948
 1523    720     2.11098     0.67491     4.04948
 1524    720     2.11473     0.67491     4.04948
 1525    720     2.11848     0.67491     4.04948
 1526    720     2.12223     0.67491     4.04948
 1527    720     2.12598     0.67491     4.04948
 1528    720     2.12973     0.67491     4.04948
 1529    720     2.13348     0.67491     4.04948
 1530    720     2.13723     0.67491     4.04948
 1531    720     2.14098     0.67491     4.04948
 1532    720     2.14473     0.67491     4.04948
 1533    720     2.14848     0.67491     4.04948
 1534    720     2.15223     0.67491     4.04948
 1535    720     2.15597     0.67491     4.04948
 1536    720     2.15972     0.67491     4.04948
 1538    720     2.16722     0.67491     4.04948
 1539    720     2.17097     0.67491     4.04948
 1540    720     2.17472     0.67491     4.04948
 1541    720     2.17847     0.67491     4.04948
  423    721    -2.00921     0.67722     4.04087
  424    721    -2.00547     0.67722     4.04087
  425    721    -2.00173     0.67722     4.04087
  426    721    -1.99799     0.67722     4.04087
  427    721    -1.99425     0.67722     4.04087
  428    721    -1.99050     0.67722     4.04087
  429    721    -1.98676     0.67722     4.04087
 1499    721     2.01670     0.67722     4.04087
 1500    721     2.02044     0.67722     4.04087
 1501    721     2.02418     0.67722     4.04087
 1502    721     2.02792     0.67722     4.04087
 1503    721     2.03166     0.67722     4.04087
 1504    721     2.03540     0.67722     4.04087
 1505    721     2.03914     0.67722     4.04087
 1506    721     2.04289     0.67722     4.04087
 1507    721     2.04663     0.67722     4.04087
 1508    721     2.05037     0.67722     4.04087
 1509    721     2.05411     0.67722     4.04087
 1510    721     2.05785     0.67722     4.04087
 1511    721     2.06159     0.67722     4.04087
 1512    721     2.06534     0.67722     4.04087
 1513    721     2.06908     0.67722     4.04087
 1514    721     2.07282     0.67722     4.04087
 1515    721     2.07656     0.67722     4.04087
 1536    721     2.15513     0.67722     4.04087
 1537    721     2.15887     0.67722     4.04087
 1539    721     2.16636     0.67722     4.04087
 1540    721     2.17010     0.67722     4.04087
 1541    721     2.17384     0.67722     4.04087
  424    722    -2.00122     0.67952     4.03230
  425    722    -1.99748     0.67952     4.03230
  428    722    -1.98628     0.67952     4.03230
  429    722    -1.98255     0.67952     4.03230
 1500    722     2.01615     0.67952     4.03230
 1501    722     2.01988     0.67952     4.03230
 1502    722     2.02362     0.67952     4.03230
 1503    722     2.02735     0.67952     4.03230
 1504    722     2.03109     0.67952     4.03230
 1506    722     2.03855     0.67952     4.03230
 1507    722     2.04229     0.67952     4.03230
 1508    722     2.04602     0.67952     4.03230
 1509    722     2.04975     0.67952     4.03230
 1510    722     2.05349     0.67952     4.03230
 1511    722     2.05722     0.67952     4.03230
 1512    722     2.06095     0.67952     4.03230
 1513    722     2.06469     0.67952     4.03230
 1514    722     2.06842     0.67952     4.03230
 1515    722     2.07216     0.67952     4.03230
 1516    722     2.07589     0.67952     4.03230
 1517    722     2.07962     0.67952     4.03230
 1518    722     2.08336     0.67952     4.03230
 1519    722     2.08709     0.67952     4.03230
 1526    722     2.11322     0.67952     4.03230
 1527    722     2.11696     0.67952     4.03230
 1529    722     2.12443     0.67952     4.03230
 1530    722     2.12816     0.67952     4.03230
 1536    722     2.15056     0.67952     4.03230
 1537    722     2.15429     0.67952     4.03230
 1539    722     2.16176     0.67952     4.03230
 1540    722     2.16550     0.67952     4.03230
 1541    722     2.16923     0.67952     4.03230
  425    723    -1.99325     0.68180     4.02377
  428    723    -1.98208     0.68180     4.02377
  429    723    -1.97835     0.68180     4.02377
 1501    723     2.01561     0.68180     4.02377
 1502    723     2.01933     0.68180     4.02377
 1503    723     2.02306     0.68180     4.02377
 1504    723     2.02679     0.68180     4.02377
 1505    723     2.03051     0.68180     4.02377
 1507    723     2.03796     0.68180     4.02377
 1508    723     2.04169     0.68180     4.02377
 1509    723     2.04541     0.68180     4.02377
 1510    723     2.04914     0.68180     4.02377
 1511    723     2.05287     0.68180     4.02377
 1512    723     2.05659     0.68180     4.02377
 1513    723     2.06032     0.68180     4.02377
 1514    723     2.06404     0.68180     4.02377
 1515    723     2.06777     0.68180     4.02377
 1516    723     2.07149     0.68180     4.02377
 1517    723     2.07522     0.68180     4.02377
 1518    723     2.07895     0.68180     4.02377
 1519    723     2.08267     0.68180     4.02377
 1520    723     2.08640     0.68180     4.02377
 1521    723     2.09012     0.68180     4.02377
 1526    723     2.10875     0.68180     4.02377
 1527    723     2.11248     0.68180     4.02377
 1529    723     2.11993     0.68180     4.02377
 1530    723     2.12365     0.68180     4.02377
 1531    723     2.12738     0.68180     4.02377
 1536    723     2.14601     0.68180     4.02377
 1537    723     2.14973     0.68180     4.02377
 1539    723     2.15719     0.68180     4.02377
 1540    723     2.16091     0.68180     4.02377
 1541    723     2.16464     0.68180     4.02377
  425    724    -1.98904     0.68408     4.01527
  428    724    -1.97789     0.68408     4.01527
  429    724    -1.97417     0.68408     4.01527
 1502    724     2.01507     0.68408     4.01527
 1503    724     2.01879     0.68408     4.01527
 1504    724     2.02250     0.68408     4.01527
 1505    724     2.02622     0.68408     4.01527
 1506    724     2.02994     0.68408     4.01527
 1507    724     2.03366     0.68408     4.01527
 1508    724     2.03738     0.68408     4.01527
 1509    724     2.04109     0.68408     4.01527
 1510    724     2.04481     0.68408     4.01527
 1511    724     2.04853     0.68408     4.01527
 1512    724     2.05225     0.68408     4.01527
 1513    724     2.05596     0.68408     4.01527
 1514    724     2.05968     0.68408     4.01527
 1515    724     2.06340     0.68408     4.01527
 1516    724     2.06712     0.68408     4.01527
 1517    724     2.07084     0.68408     4.01527
 1518    724     2.07455     0.68408     4.01527
 1519    724     2.07827     0.68408     4.01527
 1520    724     2.08199     0.68408     4.01527
 1521    724     2.08571     0.68408     4.01527
 1522    724     2.08943     0.68408     4.01527
 1526    724     2.10430     0.68408     4.01527
 1527    724     2.10801     0.68408     4.01527
 1528    724     2.11173     0.68408     4.01527
 1530    724     2.11917     0.68408     4.01527
 1531    724     2.12289     0.68408     4.01527
 1536    724     2.14148     0.68408     4.01527
 1537    724     2.14519     0.68408     4.01527
 1540    724     2.15635     0.68408     4.01527
 1541    724     2.16006     0.68408     4.01527
 1542    724     2.16378     0.68408     4.01527
  415    725    -2.02195     0.68635     4.00680
  416    725    -2.01824     0.68635     4.00680
  417    725    -2.01453     0.68635     4.00680
  418    725    -2.01082     0.68635     4.00680
  419    725    -2.00711     0.68635     4.00680
  425    725    -1.98485     0.68635     4.00680
  428    725    -1.97372     0.68635     4.00680
  429    725    -1.97001     0.68635     4.00680
 1502    725     2.01082     0.68635     4.00680
 1503    725     2.01453     0.68635     4.00680
 1504    725     2.01824     0.68635     4.00680
 1505    725     2.02195     0.68635     4.00680
 1506    725     2.02566     0.68635     4.00680
 1508    725     2.03308     0.68635     4.00680
 1509    725     2.03679     0.68635     4.00680
 1510    725     2.04050     0.68635     4.00680
 1511    725     2.04421     0.68635     4.00680
 1512    725     2.04792     0.68635     4.00680
 1513    725     2.05163     0.68635     4.00680
 1514    725     2.05534     0.68635     4.00680
 1515    725     2.05905     0.68635     4.00680
 1516    725     2.06276     0.68635     4.00680
 1517    725     2.06647     0.68635     4.00680
 1518    725     2.07018     0.68635     4.00680
 1520    725     2.07760     0.68635     4.00680
 1521    725     2.08131     0.68635     4.00680
 1522    725     2.08502     0.68635     4.00680
 1527    725     2.10357     0.68635     4.00680
 1528    725     2.10728     0.68635     4.00680
 1531    725     2.11841     0.68635     4.00680
 1532    725     2.12212     0.68635     4.00680
 1535    725     2.13325     0.68635     4.00680
 1536    725     2.13696     0.68635     4.00680
 1537    725     2.14067     0.68635     4.00680
 1538    725     2.14438     0.68635     4.00680
 1539    725     2.14809     0.68635     4.00680
 1540    725     2.15180     0.68635     4.00680
 1541    725     2.15551     0.68635     4.00680
 1542    725     2.15922     0.68635     4.00680
  415    726    -2.01770     0.68861     3.99837
  416    726    -2.01400     0.68861     3.99837
  417    726    -2.01029     0.68861     3.99837
  418    726    -2.00659     0.68861     3.99837
  419    726    -2.00289     0.68861     3.99837
  420    726    -1.99919     0.68861     3.99837
  428    726    -1.96957     0.68861     3.99837
 1503    726     2.01029     0.68861     3.99837
 1504    726     2.01400     0.68861     3.99837
 1505    726     2.01770     0.68861     3.99837
 1506    726     2.02140     0.68861     3.99837
 1507    726     2.02510     0.68861     3.99837
 1509    726     2.03251     0.68861     3.99837
 1510    726     2.03621     0.68861     3.99837
 1511    726     2.03991     0.68861     3.99837
 1512    726     2.04361     0.68861     3.99837
 1513    726     2.04732     0.68861     3.99837
 1514    726     2.05102     0.68861     3.99837
 1515    726     2.05472     0.68861     3.99837
 1516    726     2.05842     0.68861     3.99837
 1517    726     2.06212     0.68861     3.99837
 1518    726     2.06583     0.68861     3.99837
 1519    726     2.06953     0.68861     3.99837
 1520    726     2.07323     0.68861     3.99837
 1521    726     2.07693     0.68861     3.99837
 1526    726     2.09544     0.68861     3.99837
 1527    726     2.09915     0.68861     3.99837
 1528    726     2.10285     0.68861     3.99837
 1531    726     2.11395     0.68861     3.99837
 1532    726     2.11766     0.68861     3.99837
 1534    726     2.12506     0.68861     3.99837
 1535    726     2.12876     0.68861     3.99837
 1536    726     2.13247     0.68861     3.99837
 1537    726     2.13617     0.68861     3.99837
 1538    726     2.13987     0.68861     3.99837
 1539    726     2.14357     0.68861     3.99837
 1540    726     2.14727     0.68861     3.99837
 1541    726     2.15098     0.68861     3.99837
 1542    726     2.15468     0.68861     3.99837
  414    727    -2.01716     0.69086     3.98998
  415    727    -2.01346     0.69086     3.98998
  419    727    -1.99868     0.69086     3.98998
  420    727    -1.99499     0.69086     3.98998
  423    727    -1.98391     0.69086     3.98998
  424    727    -1.98021     0.69086     3.98998
 1504    727     2.00977     0.69086     3.98998
 1505    727     2.01346     0.69086     3.98998
 1506    727     2.01716     0.69086     3.98998
 1507    727     2.02085     0.69086     3.98998
 1508    727     2.02455     0.69086     3.98998
 1509    727     2.02824     0.69086     3.98998
 1510    727     2.03193     0.69086     3.98998
 1512    727     2.03932     0.69086     3.98998
 1513    727     2.04302     0.69086     3.98998
 1514    727     2.04671     0.69086     3.98998
 1515    727     2.05041     0.69086     3.98998
 1516    727     2.05410     0.69086     3.98998
 1517    727     2.05780     0.69086     3.98998
 1518    727     2.06149     0.69086     3.98998
 1519    727     2.06518     0.69086     3.98998
 1520    727     2.06888     0.69086     3.98998
 1521    727     2.07257     0.69086     3.98998
 1525    727     2.08735     0.69086     3.98998
 1526    727     2.09105     0.69086     3.98998
 1527    727     2.09474     0.69086     3.98998
 1530    727     2.10582     0.69086     3.98998
 1531    727     2.10952     0.69086     3.98998
 1532    727     2.11321     0.69086     3.98998
 1534    727     2.12060     0.69086     3.98998
 1535    727     2.12429     0.69086     3.98998
 1536    727     2.12799     0.69086     3.98998
 1537    727     2.13168     0.69086     3.98998
 1538    727     2.13538     0.69086     3.98998
 1539    727     2.13907     0.69086     3.98998
 1540    727     2.14277     0.69086     3.98998
 1541    727     2.14646     0.69086     3.98998
 1542    727     2.15016     0.69086     3.98998
 1543    727     2.15385     0.69086     3.98998
  414    728    -2.01293     0.69310     3.98162
  415    728    -2.00924     0.69310     3.98162
  416    728    -2.00556     0.69310     3.98162
  427    728    -1.96500     0.69310     3.98162
 1505    728     2.00924     0.69310     3.98162
 1506    728     2.01293     0.69310     3.98162
 1507    728     2.01662     0.69310     3.98162
 1508    728     2.02030     0.69310     3.98162
 1509    728     2.02399     0.69310     3.98162
 1512    728     2.03505     0.69310     3.98162
 1513    728     2.03874     0.69310     3.98162
 1514    728     2.04242     0.69310     3.98162
 1515    728     2.04611     0.69310     3.98162
 1516    728     2.04980     0.69310     3.98162
 1517    728     2.05348     0.69310     3.98162
 1518    728     2.05717     0.69310     3.98162
 1519    728     2.06086     0.69310     3.98162
 1520    728     2.06454     0.69310     3.98162
 1521    728     2.06823     0.69310     3.98162
 1525    728     2.08298     0.69310     3.98162
 1526    728     2.08666     0.69310     3.98162
 1530    728     2.10141     0.69310     3.98162
 1531    728     2.10510     0.69310     3.98162
 1534    728     2.11616     0.69310     3.98162
 1535    728     2.11984     0.69310     3.98162
 1536    728     2.12353     0.69310     3.98162
 1537    728     2.12722     0.69310     3.98162
 1538    728     2.13091     0.69310     3.98162
 1539    728     2.13459     0.69310     3.98162
 1540    728     2.13828     0.69310     3.98162
 1541    728     2.14197     0.69310     3.98162
 1542    728     2.14565     0.69310     3.98162
 1543    728     2.14934     0.69310     3.98162
  416    729    -2.00137     0.69533     3.97330
  417    729    -1.99769     0.69533     3.97330
  426    729    -1.96458     0.69533     3.97330
  427    729    -1.96090     0.69533     3.97330
 1506    729     2.00872     0.69533     3.97330
 1507    729     2.01240     0.69533     3.97330
 1508    729     2.01608     0.69533     3.97330
 1509    729     2.01976     0.69533     3.97330
 1510    729     2.02344     0.69533     3.97330
 1511    729     2.02712     0.69533     3.97330
 1512    729     2.03080     0.69533     3.97330
 1513    729     2.03448     0.69533     3.97330
 1514    729     2.03816     0.69533     3.97330
 1515    729     2.04183     0.69533     3.97330
 1516    729     2.04551     0.69533     3.97330
 1519    729     2.05655     0.69533     3.97330
 1520    729     2.06023     0.69533     3.97330
 1521    729     2.06391     0.69533     3.97330
 1525    729     2.07862     0.69533     3.97330
 1526    729     2.08230     0.69533     3.97330
 1529    729     2.09334     0.69533     3.97330
 1533    729     2.10806     0.69533     3.97330
 1534    729     2.11173     0.69533     3.97330
 1535    729     2.11541     0.69533     3.97330
 1536    729     2.11909     0.69533     3.97330
 1537    729     2.12277     0.69533     3.97330
 1538    729     2.12645     0.69533     3.97330
 1539    729     2.13013     0.69533     3.97330
 1540    729     2.13381     0.69533     3.97330
 1541    729     2.13749     0.69533     3.97330
 1542    729     2.14117     0.69533     3.97330
 1543    729     2.14485     0.69533     3.97330
 1545    729     2.15220     0.69533     3.97330
 1546    729     2.15588     0.69533     3.97330
 1547    729     2.15956     0.69533     3.97330
  413    730    -2.00820     0.69755     3.96501
  425    730    -1.96415     0.69755     3.96501
  426    730    -1.96048     0.69755     3.96501
 1507    730     2.00820     0.69755     3.96501
 1508    730     2.01188     0.69755     3.96501
 1509    730     2.01555     0.69755     3.96501
 1510    730     2.01922     0.69755     3.96501
 1511    730     2.02289     0.69755     3.96501
 1512    730     2.02656     0.69755     3.96501
 1513    730     2.03023     0.69755     3.96501
 1514    730     2.03390     0.69755     3.96501
 1519    730     2.05226     0.69755     3.96501
 1520    730     2.05593     0.69755     3.96501
 1521    730     2.05960     0.69755     3.96501
 1522    730     2.06327     0.69755     3.96501
 1524    730     2.07062     0.69755     3.96501
 1525    730     2.07429     0.69755     3.96501
 1526    730     2.07796     0.69755     3.96501
 1528    730     2.08530     0.69755     3.96501
 1529    730     2.08897     0.69755     3.96501
 1532    730     2.09999     0.69755     3.96501
 1533    730     2.10366     0.69755     3.96501
 1534    730     2.10733     0.69755     3.96501
 1535    730     2.11100     0.69755     3.96501
 1536    730     2.11467     0.69755     3.96501
 1537    730     2.11834     0.69755     3.96501
 1538    730     2.12201     0.69755     3.96501
 1539    730     2.12569     0.69755     3.96501
 1540    730     2.12936     0.69755     3.96501
 1541    730     2.13303     0.69755     3.96501
 1542    730     2.13670     0.69755     3.96501
 1544    730     2.14404     0.69755     3.96501
 1545    730     2.14771     0.69755     3.96501
 1546    730     2.15139     0.69755     3.96501
 1547    730     2.15506     0.69755     3.96501
 1548    730     2.15873     0.69755     3.96501
  412    731    -2.00769     0.69976     3.95676
  413    731    -2.00402     0.69976     3.95676
  414    731    -2.00036     0.69976     3.95676
  425    731    -1.96006     0.69976     3.95676
 1507    731     2.00402     0.69976     3.95676
 1508    731     2.00769     0.69976     3.95676
 1509    731     2.01135     0.69976     3.95676
 1510    731     2.01501     0.69976     3.95676
 1511    731     2.01868     0.69976     3.95676
 1512    731     2.02234     0.69976     3.95676
 1513    731     2.02601     0.69976     3.95676
 1514    731     2.02967     0.69976     3.95676
 1516    731     2.03700     0.69976     3.95676
 1517    731     2.04066     0.69976     3.95676
 1518    731     2.04432     0.69976     3.95676
 1519    731     2.04799     0.69976     3.95676
 1520    731     2.05165     0.69976     3.95676
 1521    731     2.05532     0.69976     3.95676
 1522    731     2.05898     0.69976     3.95676
 1524    731     2.06631     0.69976     3.95676
 1525    731     2.06997     0.69976     3.95676
 1528    731     2.08096     0.69976     3.95676
 1529    731     2.08462     0.69976     3.95676
 1531    731     2.09195     0.69976     3.95676
 1532    731     2.09562     0.69976     3.95676
 1533    731     2.09928     0.69976     3.95676
 1534    731     2.10294     0.69976     3.95676
 1535    731     2.10661     0.69976     3.95676
 1536    731     2.11027     0.69976     3.95676
 1537    731     2.11393     0.69976     3.95676
 1538    731     2.11760     0.69976     3.95676
 1539    731     2.12126     0.69976     3.95676
 1540    731     2.12492     0.69976     3.95676
 1541    731     2.12859     0.69976     3.95676
 1542    731     2.13225     0.69976     3.95676
 1544    731     2.13958     0.69976     3.95676
 1545    731     2.14324     0.69976     3.95676
 1546    731     2.14691     0.69976     3.95676
 1547    731     2.15057     0.69976     3.95676
 1548    731     2.15423     0.69976     3.95676
  411    732    -2.00717     0.70196     3.94854
  412    732    -2.00352     0.70196     3.94854
  424    732    -1.95964     0.70196     3.94854
 1508    732     2.00352     0.70196     3.94854
 1509    732     2.00717     0.70196     3.94854
 1510    732     2.01083     0.70196     3.94854
 1511    732     2.01449     0.70196     3.94854
 1512    732     2.01814     0.70196     3.94854
 1513    732     2.02180     0.70196     3.94854
 1514    732     2.02545     0.70196     3.94854
 1515    732     2.02911     0.70196     3.94854
 1516    732     2.03277     0.70196     3.94854
 1517    732     2.03642     0.70196     3.94854
 1518    732     2.04008     0.70196     3.94854
 1519    732     2.04373     0.70196     3.94854
 1520    732     2.04739     0.70196     3.94854
 1521    732     2.05105     0.70196     3.94854
 1522    732     2.05470     0.70196     3.94854
 1523    732     2.05836     0.70196     3.94854
 1524    732     2.06201     0.70196     3.94854
 1525    732     2.06567     0.70196     3.94854
 1528    732     2.07664     0.70196     3.94854
 1529    732     2.08029     0.70196     3.94854
 1531    732     2.08761     0.70196     3.94854
 1532    732     2.09126     0.70196     3.94854
 1533    732     2.09492     0.70196     3.94854
 1534    732     2.09857     0.70196     3.94854
 1535    732     2.10223     0.70196     3.94854
 1536    732     2.10589     0.70196     3.94854
 1537    732     2.10954     0.70196     3.94854
 1538    732     2.11320     0.70196     3.94854
 1539    732     2.11685     0.70196     3.94854
 1540    732     2.12051     0.70196     3.94854
 1541    732     2.12417     0.70196     3.94854
 1542    732     2.12782     0.70196     3.94854
 1544    732     2.13513     0.70196     3.94854
 1545    732     2.13879     0.70196     3.94854
 1546    732     2.14245     0.70196     3.94854
 1547    732     2.14610     0.70196     3.94854
 1548    732     2.14976     0.70196     3.94854
 1549    732     2.15342     0.70196     3.94854
  412    733    -1.99936     0.70416     3.94035
  413    733    -1.99572     0.70416     3.94035
  414    733    -1.99207     0.70416     3.94035
  415    733    -1.98842     0.70416     3.94035
  423    733    -1.95923     0.70416     3.94035
  424    733    -1.95558     0.70416     3.94035
 1509    733     2.00301     0.70416     3.94035
 1510    733     2.00666     0.70416     3.94035
 1511    733     2.01031     0.70416     3.94035
 1512    733     2.01396     0.70416     3.94035
 1515    733     2.02490     0.70416     3.94035
 1516    733     2.02855     0.70416     3.94035
 1517    733     2.03220     0.70416     3.94035
 1518    733     2.03585     0.70416     3.94035
 1519    733     2.03950     0.70416     3.94035
 1520    733     2.04315     0.70416     3.94035
 1521    733     2.04679     0.70416     3.94035
 1522    733     2.05044     0.70416     3.94035
 1523    733     2.05409     0.70416     3.94035
 1524    733     2.05774     0.70416     3.94035
 1527    733     2.06868     0.70416     3.94035
 1528    733     2.07233     0.70416     3.94035
 1531    733     2.08328     0.70416     3.94035
 1532    733     2.08693     0.70416     3.94035
 1533    733     2.09058     0.70416     3.94035
 1534    733     2.09422     0.70416     3.94035
 1535    733     2.09787     0.70416     3.94035
 1536    733     2.10152     0.70416     3.94035
 1537    733     2.10517     0.70416     3.94035
 1538    733     2.10882     0.70416     3.94035
 1539    733     2.11247     0.70416     3.94035
 1540    733     2.11611     0.70416     3.94035
 1541    733     2.11976     0.70416     3.94035
 1542    733     2.12341     0.70416     3.94035
 1543    733     2.12706     0.70416     3.94035
 1544    733     2.13071     0.70416     3.94035
 1545    733     2.13436     0.70416     3.94035
 1547    733     2.14165     0.70416     3.94035
 1548    733     2.14530     0.70416     3.94035
 1549    733     2.14895     0.70416     3.94035
 1550    733     2.15260     0.70416     3.94035
  412    734    -1.99523     0.70634     3.93220
  413    734    -1.99159     0.70634     3.93220
  414    734    -1.98795     0.70634     3.93220
  415    734    -1.98430     0.70634     3.93220
  422    734    -1.95882     0.70634     3.93220
  423    734    -1.95518     0.70634     3.93220
 1510    734     2.00251     0.70634     3.93220
 1511    734     2.00615     0.70634     3.93220
 1512    734     2.00979     0.70634     3.93220
 1513    734     2.01343     0.70634     3.93220
 1514    734     2.01707     0.70634     3.93220
 1515    734     2.02071     0.70634     3.93220
 1516    734     2.02435     0.70634     3.93220
 1517    734     2.02800     0.70634     3.93220
 1518    734     2.03164     0.70634     3.93220
 1521    734     2.04256     0.70634     3.93220
 1522    734     2.04620     0.70634     3.93220
 1523    734     2.04984     0.70634     3.93220
 1524    734     2.05348     0.70634     3.93220
 1525    734     2.05712     0.70634     3.93220
 1526    734     2.06076     0.70634     3.93220
 1527    734     2.06441     0.70634     3.93220
 1528    734     2.06805     0.70634     3.93220
 1531    734     2.07897     0.70634     3.93220
 1532    734     2.08261     0.70634     3.93220
 1533    734     2.08625     0.70634     3.93220
 1534    734     2.08989     0.70634     3.93220
 1535    734     2.09353     0.70634     3.93220
 1536    734     2.09717     0.70634     3.93220
 1537    734     2.10081     0.70634     3.93220
 1538    734     2.10446     0.70634     3.93220
 1539    734     2.10810     0.70634     3.93220
 1540    734     2.11174     0.70634     3.93220
 1543    734     2.12266     0.70634     3.93220
 1544    734     2.12630     0.70634     3.93220
 1545    734     2.12994     0.70634     3.93220
 1547    734     2.13722     0.70634     3.93220
 1548    734     2.14086     0.70634     3.93220
 1549    734     2.14451     0.70634     3.93220
 1550    734     2.14815     0.70634     3.93220
 1551    734     2.15179     0.70634     3.93220
 1552    734     2.15543     0.70634     3.93220
  422    735    -1.95477     0.70851     3.92408
 1511    735     2.00201     0.70851     3.92408
 1512    735     2.00564     0.70851     3.92408
 1513    735     2.00928     0.70851     3.92408
 1514    735     2.01291     0.70851     3.92408
 1515    735     2.01654     0.70851     3.92408
 1520    735     2.03471     0.70851     3.92408
 1521    735     2.03834     0.70851     3.92408
 1522    735     2.04198     0.70851     3.92408
 1524    735     2.04924     0.70851     3.92408
 1525    735     2.05288     0.70851     3.92408
 1526    735     2.05651     0.70851     3.92408
 1527    735     2.06014     0.70851     3.92408
 1528    735     2.06378     0.70851     3.92408
 1534    735     2.08558     0.70851     3.92408
 1542    735     2.11464     0.70851     3.92408
 1543    735     2.11828     0.70851     3.92408
 1544    735     2.12191     0.70851     3.92408
 1545    735     2.12554     0.70851     3.92408
 1547    735     2.13281     0.70851     3.92408
 1548    735     2.13644     0.70851     3.92408
 1549    735     2.14008     0.70851     3.92408
 1550    735     2.14371     0.70851     3.92408
 1551    735     2.14734     0.70851     3.92408
 1552    735     2.15098     0.70851     3.92408
 1553    735     2.15461     0.70851     3.92408
 1512    736     2.00151     0.71068     3.91600
 1513    736     2.00514     0.71068     3.91600
 1514    736     2.00876     0.71068     3.91600
 1515    736     2.01239     0.71068     3.91600
 1516    736     2.01601     0.71068     3.91600
 1519    736     2.02689     0.71068     3.91600
 1520    736     2.03052     0.71068     3.91600
 1521    736     2.03414     0.71068     3.91600
 1523    736     2.04140     0.71068     3.91600
 1524    736     2.04502     0.71068     3.91600
 1525    736     2.04865     0.71068     3.91600
 1526    736     2.05227     0.71068     3.91600
 1527    736     2.05590     0.71068     3.91600
 1528    736     2.05952     0.71068     3.91600
 1529    736     2.06315     0.71068     3.91600
 1541    736     2.10666     0.71068     3.91600
 1542    736     2.11029     0.71068     3.91600
 1543    736     2.11391     0.71068     3.91600
 1544    736     2.11754     0.71068     3.91600
 1545    736     2.12117     0.71068     3.91600
 1546    736     2.12479     0.71068     3.91600
 1547    736     2.12842     0.71068     3.91600
 1548    736     2.13204     0.71068     3.91600
 1549    736     2.13567     0.71068     3.91600
 1550    736     2.13930     0.71068     3.91600
 1551    736     2.14292     0.71068     3.91600
 1552    736     2.14655     0.71068     3.91600
 1553    736     2.15017     0.71068     3.91600
 1554    736     2.15380     0.71068     3.91600
 1512    737     1.99739     0.71284     3.90795
 1513    737     2.00101     0.71284     3.90795
 1514    737     2.00463     0.71284     3.90795
 1515    737     2.00825     0.71284     3.90795
 1516    737     2.01187     0.71284     3.90795
 1517    737     2.01549     0.71284     3.90795
 1519    737     2.02272     0.71284     3.90795
 1520    737     2.02634     0.71284     3.90795
 1521    737     2.02996     0.71284     3.90795
 1523    737     2.03720     0.71284     3.90795
 1524    737     2.04082     0.71284     3.90795
 1526    737     2.04805     0.71284     3.90795
 1527    737     2.05167     0.71284     3.90795
 1528    737     2.05529     0.71284     3.90795
 1529    737     2.05891     0.71284     3.90795
 1534    737     2.07700     0.71284     3.90795
 1535    737     2.08062     0.71284     3.90795
 1540    737     2.09871     0.71284     3.90795
 1541    737     2.10233     0.71284     3.90795
 1542    737     2.10595     0.71284     3.90795
 1543    737     2.10957     0.71284     3.90795
 1544    737     2.11319     0.71284     3.90795
 1545    737     2.11680     0.71284     3.90795
 1546    737     2.12042     0.71284     3.90795
 1547    737     2.12404     0.71284     3.90795
 1548    737     2.12766     0.71284     3.90795
 1549    737     2.13128     0.71284     3.90795
 1550    737     2.13490     0.71284     3.90795
 1551    737     2.13852     0.71284     3.90795
 1552    737     2.14213     0.71284     3.90795
 1553    737     2.14575     0.71284     3.90795
 1554    737     2.14937     0.71284     3.90795
 1555    737     2.15299     0.71284     3.90795
 1556    737     2.15661     0.71284     3.90795
 1513    738     1.99691     0.71499     3.89993
 1514    738     2.00052     0.71499     3.89993
 1515    738     2.00413     0.71499     3.89993
 1516    738     2.00774     0.71499     3.89993
 1517    738     2.01135     0.71499     3.89993
 1520    738     2.02219     0.71499     3.89993
 1521    738     2.02580     0.71499     3.89993
 1522    738     2.02941     0.71499     3.89993
 1523    738     2.03302     0.71499     3.89993
 1524    738     2.03663     0.71499     3.89993
 1526    738     2.04385     0.71499     3.89993
 1527    738     2.04746     0.71499     3.89993
 1528    738     2.05107     0.71499     3.89993
 1529    738     2.05468     0.71499     3.89993
 1533    738     2.06913     0.71499     3.89993
 1534    738     2.07274     0.71499     3.89993
 1535    738     2.07635     0.71499     3.89993
 1536    738     2.07996     0.71499     3.89993
 1537    738     2.08357     0.71499     3.89993
 1540    738     2.09441     0.71499     3.89993
 1541    738     2.09802     0.71499     3.89993
 1542    738     2.10163     0.71499     3.89993
 1543    738     2.10524     0.71499     3.89993
 1544    738     2.10885     0.71499     3.89993
 1545    738     2.11246     0.71499     3.89993
 1546    738     2.11607     0.71499     3.89993
 1547    738     2.11968     0.71499     3.89993
 1548    738     2.12329     0.71499     3.89993
 1551    738     2.13413     0.71499     3.89993
 1552    738     2.13774     0.71499     3.89993
 1553    738     2.14135     0.71499     3.89993
 1554    738     2.14496     0.71499     3.89993
 1555    738     2.14857     0.71499     3.89993
 1556    738     2.15218     0.71499     3.89993
 1557    738     2.15579     0.71499     3.89993
 1514    739     1.99642     0.71713     3.89194
 1515    739     2.00003     0.71713     3.89194
 1516    739     2.00363     0.71713     3.89194
 1517    739     2.00723     0.71713     3.89194
 1518    739     2.01084     0.71713     3.89194
 1520    739     2.01804     0.71713     3.89194
 1521    739     2.02165     0.71713     3.89194
 1522    739     2.02525     0.71713     3.89194
 1524    739     2.03246     0.71713     3.89194
 1525    739     2.03606     0.71713     3.89194
 1526    739     2.03967     0.71713     3.89194
 1527    739     2.04327     0.71713     3.89194
 1528    739     2.04687     0.71713     3.89194
 1529    739     2.05048     0.71713     3.89194
 1530    739     2.05408     0.71713     3.89194
 1531    739     2.05768     0.71713     3.89194
 1532    739     2.06129     0.71713     3.89194
 1533    739     2.06489     0.71713     3.89194
 1534    739     2.06850     0.71713     3.89194
 1535    739     2.07210     0.71713     3.89194
 1536    739     2.07570     0.71713     3.89194
 1537    739     2.07931     0.71713     3.89194
 1538    739     2.08291     0.71713     3.89194
 1540    739     2.09012     0.71713     3.89194
 1541    739     2.09372     0.71713     3.89194
 1542    739     2.09732     0.71713     3.89194
 1543    739     2.10093     0.71713     3.89194
 1544    739     2.10453     0.71713     3.89194
 1545    739     2.10814     0.71713     3.89194
 1546    739     2.11174     0.71713     3.89194
 1547    739     2.11534     0.71713     3.89194
 1552    739     2.13336     0.71713     3.89194
 1553    739     2.13696     0.71713     3.89194
 1554    739     2.14057     0.71713     3.89194
 1555    739     2.14417     0.71713     3.89194
 1556    739     2.14778     0.71713     3.89194
 1557    739     2.15138     0.71713     3.89194
 1558    739     2.15498     0.71713     3.89194
 1515    740     1.99594     0.71926     3.88399
 1516    740     1.99954     0.71926     3.88399
 1517    740     2.00313     0.71926     3.88399
 1518    740     2.00673     0.71926     3.88399
 1519    740     2.01032     0.71926     3.88399
 1520    740     2.01392     0.71926     3.88399
 1521    740     2.01752     0.71926     3.88399
 1522    740     2.02111     0.71926     3.88399
 1523    740     2.02471     0.71926     3.88399
 1524    740     2.02831     0.71926     3.88399
 1525    740     2.03190     0.71926     3.88399
 1526    740     2.03550     0.71926     3.88399
 1528    740     2.04269     0.71926     3.88399
 1529    740     2.04629     0.71926     3.88399
 1530    740     2.04988     0.71926     3.88399
 1531    740     2.05348     0.71926     3.88399
 1532    740     2.05708     0.71926     3.88399
 1533    740     2.06067     0.71926     3.88399
 1534    740     2.06427     0.71926     3.88399
 1535    740     2.06787     0.71926     3.88399
 1536    740     2.07146     0.71926     3.88399
 1537    740     2.07506     0.71926     3.88399
 1538    740     2.07865     0.71926     3.88399
 1539    740     2.08225     0.71926     3.88399
 1540    740     2.08585     0.71926     3.88399
 1541    740     2.08944     0.71926     3.88399
 1542    740     2.09304     0.71926     3.88399
 1543    740     2.09664     0.71926     3.88399
 1544    740     2.10023     0.71926     3.88399
 1545    740     2.10383     0.71926     3.88399
 1546    740     2.10742     0.71926     3.88399
 1547    740     2.11102     0.71926     3.88399
 1548    740     2.11462     0.71926     3.88399
 1549    740     2.11821     0.71926     3.88399
 1553    740     2.13260     0.71926     3.88399
 1554    740     2.13619     0.71926     3.88399
 1555    740     2.13979     0.71926     3.88399
 1556    740     2.14339     0.71926     3.88399
 1557    740     2.14698     0.71926     3.88399
 1558    740     2.15058     0.71926     3.88399
 1559    740     2.15418     0.71926     3.88399
 1516    741     1.99546     0.72138     3.87607
 1517    741     1.99905     0.72138     3.87607
 1518    741     2.00264     0.72138     3.87607
 1519    741     2.00623     0.72138     3.87607
 1520    741     2.00981     0.72138     3.87607
 1522    741     2.01699     0.72138     3.87607
 1523    741     2.02058     0.72138     3.87607
 1524    741     2.02417     0.72138     3.87607
 1529    741     2.04211     0.72138     3.87607
 1530    741     2.04570     0.72138     3.87607
 1531    741     2.04929     0.72138     3.87607
 1533    741     2.05647     0.72138     3.87607
 1534    741     2.06006     0.72138     3.87607
 1536    741     2.06724     0.72138     3.87607
 1537    741     2.07083     0.72138     3.87607
 1538    741     2.07442     0.72138     3.87607
 1539    741     2.07800     0.72138     3.87607
 1540    741     2.08159     0.72138     3.87607
 1541    741     2.08518     0.72138     3.87607
 1542    741     2.08877     0.72138     3.87607
 1543    741     2.09236     0.72138     3.87607
 1544    741     2.09595     0.72138     3.87607
 1545    741     2.09954     0.72138     3.87607
 1548    741     2.11030     0.72138     3.87607
 1549    741     2.11389     0.72138     3.87607
 1552    741     2.12466     0.72138     3.87607
 1554    741     2.13184     0.72138     3.87607
 1555    741     2.13543     0.72138     3.87607
 1556    741     2.13902     0.72138     3.87607
 1557    741     2.14261     0.72138     3.87607
 1558    741     2.14619     0.72138     3.87607
 1559    741     2.14978     0.72138     3.87607
 1560    741     2.15337     0.72138     3.87607
 1516    742     1.99140     0.72349     3.86818
 1517    742     1.99498     0.72349     3.86818
 1518    742     1.99856     0.72349     3.86818
 1519    742     2.00214     0.72349     3.86818
 1520    742     2.00572     0.72349     3.86818
 1522    742     2.01289     0.72349     3.86818
 1523    742     2.01647     0.72349     3.86818
 1524    742     2.02005     0.72349     3.86818
 1525    742     2.02363     0.72349     3.86818
 1531    742     2.04512     0.72349     3.86818
 1533    742     2.05229     0.72349     3.86818
 1534    742     2.05587     0.72349     3.86818
 1535    742     2.05945     0.72349     3.86818
 1537    742     2.06661     0.72349     3.86818
 1538    742     2.07019     0.72349     3.86818
 1539    742     2.07378     0.72349     3.86818
 1540    742     2.07736     0.72349     3.86818
 1541    742     2.08094     0.72349     3.86818
 1542    742     2.08452     0.72349     3.86818
 1543    742     2.08810     0.72349     3.86818
 1544    742     2.09168     0.72349     3.86818
 1545    742     2.09527     0.72349     3.86818
 1546    742     2.09885     0.72349     3.86818
 1548    742     2.10601     0.72349     3.86818
 1549    742     2.10959     0.72349     3.86818
 1550    742     2.11317     0.72349     3.86818
 1553    742     2.12392     0.72349     3.86818
 1555    742     2.13108     0.72349     3.86818
 1556    742     2.13466     0.72349     3.86818
 1557    742     2.13825     0.72349     3.86818
 1558    742     2.14183     0.72349     3.86818
 1559    742     2.14541     0.72349     3.86818
 1560    742     2.14899     0.72349     3.86818
 1561    742     2.15257     0.72349     3.86818
 1517    743     1.99093     0.72560     3.86033
 1518    743     1.99450     0.72560     3.86033
 1519    743     1.99808     0.72560     3.86033
 1520    743     2.00165     0.72560     3.86033
 1521    743     2.00522     0.72560     3.86033
 1523    743     2.01237     0.72560     3.86033
 1524    743     2.01595     0.72560     3.86033
 1525    743     2.01952     0.72560     3.86033
 1526    743     2.02310     0.72560     3.86033
 1529    743     2.03382     0.72560     3.86033
 1531    743     2.04097     0.72560     3.86033
 1532    743     2.04454     0.72560     3.86033
 1534    743     2.05169     0.72560     3.86033
 1535    743     2.05527     0.72560     3.86033
 1536    743     2.05884     0.72560     3.86033
 1537    743     2.06241     0.72560     3.86033
 1538    743     2.06599     0.72560     3.86033
 1539    743     2.06956     0.72560     3.86033
 1540    743     2.07314     0.72560     3.86033
 1541    743     2.07671     0.72560     3.86033
 1543    743     2.08386     0.72560     3.86033
 1544    743     2.08744     0.72560     3.86033
 1545    743     2.09101     0.72560     3.86033
 1546    743     2.09458     0.72560     3.86033
 1547    743     2.09816     0.72560     3.86033
 1549    743     2.10531     0.72560     3.86033
 1550    743     2.10888     0.72560     3.86033
 1551    743     2.11246     0.72560     3.86033
 1556    743     2.13033     0.72560     3.86033
 1557    743     2.13390     0.72560     3.86033
 1558    743     2.13748     0.72560     3.86033
 1559    743     2.14105     0.72560     3.86033
 1560    743     2.14463     0.72560     3.86033
 1561    743     2.14820     0.72560     3.86033
 1562    743     2.15177     0.72560     3.86033
 1518    744     1.99046     0.72769     3.85250
 1519    744     1.99403     0.72769     3.85250
 1520    744     1.99759     0.72769     3.85250
 1521    744     2.00116     0.72769     3.85250
 1522    744     2.00473     0.72769     3.85250
 1524    744     2.01186     0.72769     3.85250
 1525    744     2.01543     0.72769     3.85250
 1526    744     2.01900     0.72769     3.85250
 1527    744     2.02256     0.72769     3.85250
 1529    744     2.02970     0.72769     3.85250
 1530    744     2.03326     0.72769     3.85250
 1531    744     2.03683     0.72769     3.85250
 1532    744     2.04040     0.72769     3.85250
 1534    744     2.04753     0.72769     3.85250
 1535    744     2.05110     0.72769     3.85250
 1536    744     2.05467     0.72769     3.85250
 1537    744     2.05823     0.72769     3.85250
 1538    744     2.06180     0.72769     3.85250
 1539    744     2.06537     0.72769     3.85250
 1540    744     2.06894     0.72769     3.85250
 1541    744     2.07250     0.72769     3.85250
 1542    744     2.07607     0.72769     3.85250
 1543    744     2.07964     0.72769     3.85250
 1544    744     2.08320     0.72769     3.85250
 1545    744     2.08677     0.72769     3.85250
 1546    744     2.09034     0.72769     3.85250
 1547    744     2.09391     0.72769     3.85250
 1548    744     2.09747     0.72769     3.85250
 1550    744     2.10461     0.72769     3.85250
 1551    744     2.10817     0.72769     3.85250
 1552    744     2.11174     0.72769     3.85250
 1554    744     2.11888     0.72769     3.85250
 1555    744     2.12244     0.72769     3.85250
 1556    744     2.12601     0.72769     3.85250
 1557    744     2.12958     0.72769     3.85250
 1558    744     2.13314     0.72769     3.85250
 1559    744     2.13671     0.72769     3.85250
 1560    744     2.14028     0.72769     3.85250
 1561    744     2.14385     0.72769     3.85250
 1562    744     2.14741     0.72769     3.85250
 1519    745     1.98999     0.72978     3.84471
 1520    745     1.99355     0.72978     3.84471
 1521    745     1.99711     0.72978     3.84471
 1522    745     2.00067     0.72978     3.84471
 1523    745     2.00423     0.72978     3.84471
 1525    745     2.01135     0.72978     3.84471
 1526    745     2.01491     0.72978     3.84471
 1527    745     2.01847     0.72978     3.84471
 1528    745     2.02203     0.72978     3.84471
 1529    745     2.02559     0.72978     3.84471
 1530    745     2.02915     0.72978     3.84471
 1531    745     2.03271     0.72978     3.84471
 1532    745     2.03627     0.72978     3.84471
 1534    745     2.04339     0.72978     3.84471
 1535    745     2.04695     0.72978     3.84471
 1536    745     2.05051     0.72978     3.84471
 1537    745     2.05407     0.72978     3.84471
 1538    745     2.05763     0.72978     3.84471
 1540    745     2.06475     0.72978     3.84471
 1541    745     2.06831     0.72978     3.84471
 1542    745     2.07187     0.72978     3.84471
 1543    745     2.07543     0.72978     3.84471
 1544    745     2.07899     0.72978     3.84471
 1545    745     2.08255     0.72978     3.84471
 1546    745     2.08611     0.72978     3.84471
 1547    745     2.08967     0.72978     3.84471
 1548    745     2.09323     0.72978     3.84471
 1549    745     2.09679     0.72978     3.84471
 1551    745     2.10391     0.72978     3.84471
 1552    745     2.10747     0.72978     3.84471
 1555    745     2.11815     0.72978     3.84471
 1557    745     2.12527     0.72978     3.84471
 1558    745     2.12883     0.72978     3.84471
 1559    745     2.13239     0.72978     3.84471
 1560    745     2.13595     0.72978     3.84471
 1561    745     2.13951     0.72978     3.84471
 1562    745     2.14307     0.72978     3.84471
 1563    745     2.14663     0.72978     3.84471
 1519    746     1.98598     0.73186     3.83695
 1520    746     1.98953     0.73186     3.83695
 1521    746     1.99308     0.73186     3.83695
 1522    746     1.99663     0.73186     3.83695
 1523    746     2.00019     0.73186     3.83695
 1525    746     2.00729     0.73186     3.83695
 1526    746     2.01085     0.73186     3.83695
 1527    746     2.01440     0.73186     3.83695
 1528    746     2.01795     0.73186     3.83695
 1529    746     2.02150     0.73186     3.83695
 1531    746     2.02861     0.73186     3.83695
 1534    746     2.03927     0.73186     3.83695
 1535    746     2.04282     0.73186     3.83695
 1536    746     2.04637     0.73186     3.83695
 1537    746     2.04993     0.73186     3.83695
 1538    746     2.05348     0.73186     3.83695
 1539    746     2.05703     0.73186     3.83695
 1540    746     2.06058     0.73186     3.83695
 1541    746     2.06414     0.73186     3.83695
 1542    746     2.06769     0.73186     3.83695
 1543    746     2.07124     0.73186     3.83695
 1544    746     2.07479     0.73186     3.83695
 1545    746     2.07835     0.73186     3.83695
 1546    746     2.08190     0.73186     3.83695
 1547    746     2.08545     0.73186     3.83695
 1548    746     2.08901     0.73186     3.83695
 1549    746     2.09256     0.73186     3.83695
 1551    746     2.09966     0.73186     3.83695
 1552    746     2.10322     0.73186     3.83695
 1555    746     2.11387     0.73186     3.83695
 1556    746     2.11743     0.73186     3.83695
 1558    746     2.12453     0.73186     3.83695
 1559    746     2.12809     0.73186     3.83695
 1560    746     2.13164     0.73186     3.83695
 1561    746     2.13519     0.73186     3.83695
 1562    746     2.13874     0.73186     3.83695
 1563    746     2.14230     0.73186     3.83695
 1520    747     1.98552     0.73393     3.82922
 1521    747     1.98907     0.73393     3.82922
 1522    747     1.99261     0.73393     3.82922
 1523    747     1.99616     0.73393     3.82922
 1524    747     1.99970     0.73393     3.82922
 1526    747     2.00679     0.73393     3.82922
 1527    747     2.01034     0.73393     3.82922
 1528    747     2.01389     0.73393     3.82922
 1529    747     2.01743     0.73393     3.82922
 1530    747     2.02098     0.73393     3.82922
 1535    747     2.03870     0.73393     3.82922
 1536    747     2.04225     0.73393     3.82922
 1537    747     2.04580     0.73393     3.82922
 1538    747     2.04934     0.73393     3.82922
 1539    747     2.05289     0.73393     3.82922
 1540    747     2.05643     0.73393     3.82922
 1541    747     2.05998     0.73393     3.82922
 1542    747     2.06352     0.73393     3.82922
 1543    747     2.06707     0.73393     3.82922
 1545    747     2.07416     0.73393     3.82922
 1546    747     2.07771     0.73393     3.82922
 1547    747     2.08125     0.73393     3.82922
 1548    747     2.08480     0.73393     3.82922
 1549    747     2.08834     0.73393     3.82922
 1552    747     2.09898     0.73393     3.82922
 1553    747     2.10252     0.73393     3.82922
 1556    747     2.11316     0.73393     3.82922
 1557    747     2.11671     0.73393     3.82922
 1559    747     2.12380     0.73393     3.82922
 1560    747     2.12734     0.73393     3.82922
 1561    747     2.13089     0.73393     3.82922
 1562    747     2.13443     0.73393     3.82922
 1563    747     2.13798     0.73393     3.82922
 1564    747     2.14153     0.73393     3.82922
 1521    748     1.98507     0.73600     3.82152
 1522    748     1.98861     0.73600     3.82152
 1523    748     1.99214     0.73600     3.82152
 1524    748     1.99568     0.73600     3.82152
 1525    748     1.99922     0.73600     3.82152
 1527    748     2.00630     0.73600     3.82152
 1528    748     2.00984     0.73600     3.82152
 1529    748     2.01337     0.73600     3.82152
 1530    748     2.01691     0.73600     3.82152
 1531    748     2.02045     0.73600     3.82152
 1534    748     2.03107     0.73600     3.82152
 1535    748     2.03461     0.73600     3.82152
 1536    748     2.03814     0.73600     3.82152
 1537    748     2.04168     0.73600     3.82152
 1538    748     2.04522     0.73600     3.82152
 1539    748     2.04876     0.73600     3.82152
 1540    748     2.05230     0.73600     3.82152
 1541    748     2.05584     0.73600     3.82152
 1542    748     2.05937     0.73600     3.82152
 1543    748     2.06291     0.73600     3.82152
 1545    748     2.06999     0.73600     3.82152
 1546    748     2.07353     0.73600     3.82152
 1547    748     2.07707     0.73600     3.82152
 1548    748     2.08061     0.73600     3.82152
 1549    748     2.08414     0.73600     3.82152
 1552    748     2.09476     0.73600     3.82152
 1553    748     2.09830     0.73600     3.82152
 1554    748     2.10184     0.73600     3.82152
 1556    748     2.10891     0.73600     3.82152
 1557    748     2.11245     0.73600     3.82152
 1558    748     2.11599     0.73600     3.82152
 1559    748     2.11953     0.73600     3.82152
 1560    748     2.12307     0.73600     3.82152
 1561    748     2.12660     0.73600     3.82152
 1562    748     2.13014     0.73600     3.82152
 1563    748     2.13368     0.73600     3.82152
 1564    748     2.13722     0.73600     3.82152
 1565    748     2.14076     0.73600     3.82152
 1566    748     2.14430     0.73600     3.82152
 1522    749     1.98462     0.73805     3.81385
 1523    749     1.98815     0.73805     3.81385
 1524    749     1.99168     0.73805     3.81385
 1525    749     1.99521     0.73805     3.81385
 1526    749     1.99874     0.73805     3.81385
 1527    749     2.00227     0.73805     3.81385
 1528    749     2.00580     0.73805     3.81385
 1529    749     2.00933     0.73805     3.81385
 1530    749     2.01287     0.73805     3.81385
 1531    749     2.01640     0.73805     3.81385
 1532    749     2.01993     0.73805     3.81385
 1533    749     2.02346     0.73805     3.81385
 1534    749     2.02699     0.73805     3.81385
 1535    749     2.03052     0.73805     3.81385
 1536    749     2.03405     0.73805     3.81385
 1538    749     2.04112     0.73805     3.81385
 1539    749     2.04465     0.73805     3.81385
 1540    749     2.04818     0.73805     3.81385
 1541    749     2.05171     0.73805     3.81385
 1542    749     2.05524     0.73805     3.81385
 1545    749     2.06584     0.73805     3.81385
 1546    749     2.06937     0.73805     3.81385
 1547    749     2.07290     0.73805     3.81385
 1548    749     2.07643     0.73805     3.81385
 1549    749     2.07996     0.73805     3.81385
 1550    749     2.08349     0.73805     3.81385
 1553    749     2.09409     0.73805     3.81385
 1554    749     2.09762     0.73805     3.81385
 1555    749     2.10115     0.73805     3.81385
 1558    749     2.11174     0.73805     3.81385
 1559    749     2.11528     0.73805     3.81385
 1560    749     2.11881     0.73805     3.81385
 1561    749     2.12234     0.73805     3.81385
 1562    749     2.12587     0.73805     3.81385
 1563    749     2.12940     0.73805     3.81385
 1564    749     2.13293     0.73805     3.81385
 1565    749     2.13646     0.73805     3.81385
 1566    749     2.13999     0.73805     3.81385
 1567    749     2.14353     0.73805     3.81385
 1523    750     1.98417     0.74010     3.80621
 1524    750     1.98769     0.74010     3.80621
 1525    750     1.99121     0.74010     3.80621
 1526    750     1.99474     0.74010     3.80621
 1527    750     1.99826     0.74010     3.80621
 1528    750     2.00179     0.74010     3.80621
 1529    750     2.00531     0.74010     3.80621
 1530    750     2.00884     0.74010     3.80621
 1531    750     2.01236     0.74010     3.80621
 1532    750     2.01588     0.74010     3.80621
 1533    750     2.01941     0.74010     3.80621
 1534    750     2.02293     0.74010     3.80621
 1535    750     2.02646     0.74010     3.80621
 1537    750     2.03351     0.74010     3.80621
 1538    750     2.03703     0.74010     3.80621
 1539    750     2.04055     0.74010     3.80621
 1540    750     2.04408     0.74010     3.80621
 1545    750     2.06170     0.74010     3.80621
 1546    750     2.06522     0.74010     3.80621
 1547    750     2.06875     0.74010     3.80621
 1548    750     2.07227     0.74010     3.80621
 1549    750     2.07580     0.74010     3.80621
 1550    750     2.07932     0.74010     3.80621
 1551    750     2.08285     0.74010     3.80621
 1554    750     2.09342     0.74010     3.80621
 1555    750     2.09694     0.74010     3.80621
 1556    750     2.10047     0.74010     3.80621
 1561    750     2.11809     0.74010     3.80621
 1562    750     2.12161     0.74010     3.80621
 1563    750     2.12514     0.74010     3.80621
 1564    750     2.12866     0.74010     3.80621
 1565    750     2.13219     0.74010     3.80621
 1566    750     2.13571     0.74010     3.80621
 1567    750     2.13923     0.74010     3.80621
 1568    750     2.14276     0.74010     3.80621
 1524    751     1.98372     0.74214     3.79861
 1525    751     1.98723     0.74214     3.79861
 1526    751     1.99075     0.74214     3.79861
 1527    751     1.99427     0.74214     3.79861
 1529    751     2.00130     0.74214     3.79861
 1530    751     2.00482     0.74214     3.79861
 1531    751     2.00834     0.74214     3.79861
 1532    751     2.01186     0.74214     3.79861
 1533    751     2.01537     0.74214     3.79861
 1537    751     2.02944     0.74214     3.79861
 1538    751     2.03296     0.74214     3.79861
 1539    751     2.03648     0.74214     3.79861
 1545    751     2.05758     0.74214     3.79861
 1546    751     2.06110     0.74214     3.79861
 1547    751     2.06461     0.74214     3.79861
 1548    751     2.06813     0.74214     3.79861
 1549    751     2.07165     0.74214     3.79861
 1550    751     2.07517     0.74214     3.79861
 1551    751     2.07868     0.74214     3.79861
 1552    751     2.08220     0.74214     3.79861
 1555    751     2.09275     0.74214     3.79861
 1556    751     2.09627     0.74214     3.79861
 1557    751     2.09979     0.74214     3.79861
 1558    751     2.10330     0.74214     3.79861
 1560    751     2.11034     0.74214     3.79861
 1561    751     2.11386     0.74214     3.79861
 1562    751     2.11737     0.74214     3.79861
 1563    751     2.12089     0.74214     3.79861
 1564    751     2.12441     0.74214     3.79861
 1565    751     2.12792     0.74214     3.79861
 1566    751     2.13144     0.74214     3.79861
 1567    751     2.13496     0.74214     3.79861
 1568    751     2.13848     0.74214     3.79861
 1569    751     2.14199     0.74214     3.79861
 1524    752     1.97976     0.74417     3.79103
 1525    752     1.98327     0.74417     3.79103
 1526    752     1.98678     0.74417     3.79103
 1527    752     1.99029     0.74417     3.79103
 1528    752     1.99380     0.74417     3.79103
 1530    752     2.00082     0.74417     3.79103
 1531    752     2.00433     0.74417     3.79103
 1532    752     2.00784     0.74417     3.79103
 1533    752     2.01135     0.74417     3.79103
 1534    752     2.01486     0.74417     3.79103
 1536    752     2.02188     0.74417     3.79103
 1537    752     2.02539     0.74417     3.79103
 1538    752     2.02890     0.74417     3.79103
 1544    752     2.04997     0.74417     3.79103
 1545    752     2.05348     0.74417     3.79103
 1546    752     2.05699     0.74417     3.79103
 1547    752     2.06050     0.74417     3.79103
 1548    752     2.06401     0.74417     3.79103
 1549    752     2.06752     0.74417     3.79103
 1550    752     2.07103     0.74417     3.79103
 1551    752     2.07454     0.74417     3.79103
 1552    752     2.07805     0.74417     3.79103
 1553    752     2.08156     0.74417     3.79103
 1556    752     2.09209     0.74417     3.79103
 1557    752     2.09560     0.74417     3.79103
 1558    752     2.09911     0.74417     3.79103
 1559    752     2.10262     0.74417     3.79103
 1560    752     2.10613     0.74417     3.79103
 1561    752     2.10964     0.74417     3.79103
 1562    752     2.11315     0.74417     3.79103
 1563    752     2.11666     0.74417     3.79103
 1564    752     2.12017     0.74417     3.79103
 1565    752     2.12368     0.74417     3.79103
 1566    752     2.12719     0.74417     3.79103
 1567    752     2.13070     0.74417     3.79103
 1568    752     2.13421     0.74417     3.79103
 1569    752     2.13772     0.74417     3.79103
 1570    752     2.14123     0.74417     3.79103
 1525    753     1.97932     0.74619     3.78349
 1526    753     1.98283     0.74619     3.78349
 1527    753     1.98633     0.74619     3.78349
 1528    753     1.98983     0.74619     3.78349
 1529    753     1.99334     0.74619     3.78349
 1531    753     2.00034     0.74619     3.78349
 1532    753     2.00385     0.74619     3.78349
 1533    753     2.00735     0.74619     3.78349
 1534    753     2.01085     0.74619     3.78349
 1535    753     2.01436     0.74619     3.78349
 1536    753     2.01786     0.74619     3.78349
 1539    753     2.02837     0.74619     3.78349
 1540    753     2.03187     0.74619     3.78349
 1541    753     2.03538     0.74619     3.78349
 1545    753     2.04939     0.74619     3.78349
 1546    753     2.05289     0.74619     3.78349
 1547    753     2.05639     0.74619     3.78349
 1548    753     2.05990     0.74619     3.78349
 1549    753     2.06340     0.74619     3.78349
 1550    753     2.06690     0.74619     3.78349
 1551    753     2.07041     0.74619     3.78349
 1552    753     2.07391     0.74619     3.78349
 1553    753     2.07741     0.74619     3.78349
 1557    753     2.09143     0.74619     3.78349
 1558    753     2.09493     0.74619     3.78349
 1559    753     2.09843     0.74619     3.78349
 1560    753     2.10194     0.74619     3.78349
 1561    753     2.10544     0.74619     3.78349
 1564    753     2.11595     0.74619     3.78349
 1565    753     2.11945     0.74619     3.78349
 1566    753     2.12296     0.74619     3.78349
 1567    753     2.12646     0.74619     3.78349
 1568    753     2.12996     0.74619     3.78349
 1569    753     2.13347     0.74619     3.78349
 1570    753     2.13697     0.74619     3.78349
 1571    753     2.14047     0.74619     3.78349
 1526    754     1.97889     0.74820     3.77597
 1527    754     1.98238     0.74820     3.77597
 1528    754     1.98588     0.74820     3.77597
 1529    754     1.98938     0.74820     3.77597
 1530    754     1.99287     0.74820     3.77597
 1532    754     1.99987     0.74820     3.77597
 1533    754     2.00336     0.74820     3.77597
 1534    754     2.00686     0.74820     3.77597
 1535    754     2.01035     0.74820     3.77597
 1536    754     2.01385     0.74820     3.77597
 1537    754     2.01735     0.74820     3.77597
 1538    754     2.02084     0.74820     3.77597
 1539    754     2.02434     0.74820     3.77597
 1540    754     2.02784     0.74820     3.77597
 1541    754     2.03133     0.74820     3.77597
 1542    754     2.03483     0.74820     3.77597
 1545    754     2.04532     0.74820     3.77597
 1546    754     2.04881     0.74820     3.77597
 1547    754     2.05231     0.74820     3.77597
 1548    754     2.05581     0.74820     3.77597
 1549    754     2.05930     0.74820     3.77597
 1550    754     2.06280     0.74820     3.77597
 1551    754     2.06629     0.74820     3.77597
 1552    754     2.06979     0.74820     3.77597
 1553    754     2.07329     0.74820     3.77597
 1554    754     2.07678     0.74820     3.77597
 1565    754     2.11524     0.74820     3.77597
 1566    754     2.11874     0.74820     3.77597
 1567    754     2.12223     0.74820     3.77597
 1568    754     2.12573     0.74820     3.77597
 1569    754     2.12923     0.74820     3.77597
 1570    754     2.13272     0.74820     3.77597
 1571    754     2.13622     0.74820     3.77597
 1572    754     2.13972     0.74820     3.77597
 1526    755     1.97496     0.75021     3.76848
 1527    755     1.97845     0.75021     3.76848
 1528    755     1.98194     0.75021     3.76848
 1529    755     1.98543     0.75021     3.76848
 1530    755     1.98892     0.75021     3.76848
 1531    755     1.99241     0.75021     3.76848
 1533    755     1.99939     0.75021     3.76848
 1534    755     2.00288     0.75021     3.76848
 1535    755     2.00637     0.75021     3.76848
 1536    755     2.00986     0.75021     3.76848
 1537    755     2.01335     0.75021     3.76848
 1538    755     2.01684     0.75021     3.76848
 1539    755     2.02033     0.75021     3.76848
 1540    755     2.02382     0.75021     3.76848
 1541    755     2.02730     0.75021     3.76848
 1542    755     2.03079     0.75021     3.76848
 1543    755     2.03428     0.75021     3.76848
 1546    755     2.04475     0.75021     3.76848
 1547    755     2.04824     0.75021     3.76848
 1548    755     2.05173     0.75021     3.76848
 1549    755     2.05522     0.75021     3.76848
 1550    755     2.05871     0.75021     3.76848
 1551    755     2.06220     0.75021     3.76848
 1552    755     2.06569     0.75021     3.76848
 1553    755     2.06918     0.75021     3.76848
 1554    755     2.07267     0.75021     3.76848
 1567    755     2.11803     0.75021     3.76848
 1568    755     2.12152     0.75021     3.76848
 1569    755     2.12501     0.75021     3.76848
 1570    755     2.12850     0.75021     3.76848
 1571    755     2.13198     0.75021     3.76848
 1572    755     2.13547     0.75021     3.76848
 1573    755     2.13896     0.75021     3.76848
 1527    756     1.97454     0.75221     3.76103
 1528    756     1.97802     0.75221     3.76103
 1529    756     1.98150     0.75221     3.76103
 1530    756     1.98499     0.75221     3.76103
 1531    756     1.98847     0.75221     3.76103
 1532    756     1.99195     0.75221     3.76103
 1534    756     1.99892     0.75221     3.76103
 1535    756     2.00240     0.75221     3.76103
 1536    756     2.00588     0.75221     3.76103
 1537    756     2.00936     0.75221     3.76103
 1538    756     2.01285     0.75221     3.76103
 1539    756     2.01633     0.75221     3.76103
 1540    756     2.01981     0.75221     3.76103
 1541    756     2.02329     0.75221     3.76103
 1542    756     2.02678     0.75221     3.76103
 1543    756     2.03026     0.75221     3.76103
 1544    756     2.03374     0.75221     3.76103
 1545    756     2.03722     0.75221     3.76103
 1550    756     2.05464     0.75221     3.76103
 1551    756     2.05812     0.75221     3.76103
 1552    756     2.06160     0.75221     3.76103
 1553    756     2.06508     0.75221     3.76103
 1554    756     2.06856     0.75221     3.76103
 1555    756     2.07205     0.75221     3.76103
 1568    756     2.11732     0.75221     3.76103
 1569    756     2.12080     0.75221     3.76103
 1570    756     2.12428     0.75221     3.76103
 1571    756     2.12777     0.75221     3.76103
 1572    756     2.13125     0.75221     3.76103
 1573    756     2.13473     0.75221     3.76103
 1574    756     2.13821     0.75221     3.76103
 1528    757     1.97412     0.75420     3.75360
 1529    757     1.97759     0.75420     3.75360
 1530    757     1.98107     0.75420     3.75360
 1531    757     1.98454     0.75420     3.75360
 1532    757     1.98802     0.75420     3.75360
 1533    757     1.99149     0.75420     3.75360
 1535    757     1.99844     0.75420     3.75360
 1536    757     2.00192     0.75420     3.75360
 1537    757     2.00540     0.75420     3.75360
 1540    757     2.01582     0.75420     3.75360
 1541    757     2.01930     0.75420     3.75360
 1542    757     2.02277     0.75420     3.75360
 1543    757     2.02625     0.75420     3.75360
 1544    757     2.02972     0.75420     3.75360
 1545    757     2.03320     0.75420     3.75360
 1546    757     2.03668     0.75420     3.75360
 1547    757     2.04015     0.75420     3.75360
 1548    757     2.04363     0.75420     3.75360
 1549    757     2.04710     0.75420     3.75360
 1550    757     2.05058     0.75420     3.75360
 1551    757     2.05405     0.75420     3.75360
 1552    757     2.05753     0.75420     3.75360
 1553    757     2.06100     0.75420     3.75360
 1554    757     2.06448     0.75420     3.75360
 1555    757     2.06796     0.75420     3.75360
 1569    757     2.11661     0.75420     3.75360
 1570    757     2.12009     0.75420     3.75360
 1571    757     2.12356     0.75420     3.75360
 1572    757     2.12704     0.75420     3.75360
 1573    757     2.13052     0.75420     3.75360
 1574    757     2.13399     0.75420     3.75360
 1575    757     2.13747     0.75420     3.75360
 1529    758     1.97369     0.75618     3.74620
 1530    758     1.97716     0.75618     3.74620
 1531    758     1.98063     0.75618     3.74620
 1532    758     1.98410     0.75618     3.74620
 1533    758     1.98757     0.75618     3.74620
 1535    758     1.99451     0.75618     3.74620
 1536    758     1.99797     0.75618     3.74620
 1537    758     2.00144     0.75618     3.74620
 1541    758     2.01532     0.75618     3.74620
 1542    758     2.01879     0.75618     3.74620
 1543    758     2.02226     0.75618     3.74620
 1544    758     2.02572     0.75618     3.74620
 1545    758     2.02919     0.75618     3.74620
 1546    758     2.03266     0.75618     3.74620
 1547    758     2.03613     0.75618     3.74620
 1548    758     2.03960     0.75618     3.74620
 1549    758     2.04307     0.75618     3.74620
 1550    758     2.04654     0.75618     3.74620
 1551    758     2.05000     0.75618     3.74620
 1552    758     2.05347     0.75618     3.74620
 1553    758     2.05694     0.75618     3.74620
 1554    758     2.06041     0.75618     3.74620
 1555    758     2.06388     0.75618     3.74620
 1570    758     2.11591     0.75618     3.74620
 1571    758     2.11938     0.75618     3.74620
 1572    758     2.12285     0.75618     3.74620
 1573    758     2.12632     0.75618     3.74620
 1574    758     2.12979     0.75618     3.74620
 1575    758     2.13325     0.75618     3.74620
 1576    758     2.13672     0.75618     3.74620
 1529    759     1.96981     0.75815     3.73883
 1530    759     1.97327     0.75815     3.73883
 1531    759     1.97673     0.75815     3.73883
 1532    759     1.98020     0.75815     3.73883
 1533    759     1.98366     0.75815     3.73883
 1534    759     1.98712     0.75815     3.73883
 1536    759     1.99404     0.75815     3.73883
 1537    759     1.99751     0.75815     3.73883
 1538    759     2.00097     0.75815     3.73883
 1539    759     2.00443     0.75815     3.73883
 1540    759     2.00789     0.75815     3.73883
 1541    759     2.01135     0.75815     3.73883
 1542    759     2.01482     0.75815     3.73883
 1543    759     2.01828     0.75815     3.73883
 1544    759     2.02174     0.75815     3.73883
 1545    759     2.02520     0.75815     3.73883
 1546    759     2.02866     0.75815     3.73883
 1547    759     2.03212     0.75815     3.73883
 1548    759     2.03559     0.75815     3.73883
 1549    759     2.03905     0.75815     3.73883
 1550    759     2.04251     0.75815     3.73883
 1551    759     2.04597     0.75815     3.73883
 1552    759     2.04943     0.75815     3.73883
 1553    759     2.05290     0.75815     3.73883
 1554    759     2.05636     0.75815     3.73883
 1555    759     2.05982     0.75815     3.73883
 1564    759     2.09098     0.75815     3.73883
 1571    759     2.11521     0.75815     3.73883
 1572    759     2.11867     0.75815     3.73883
 1573    759     2.12213     0.75815     3.73883
 1574    759     2.12560     0.75815     3.73883
 1575    759     2.12906     0.75815     3.73883
 1576    759     2.13252     0.75815     3.73883
 1577    759     2.13598     0.75815     3.73883
 1530    760     1.96940     0.76012     3.73149
 1531    760     1.97285     0.76012     3.73149
 1532    760     1.97631     0.76012     3.73149
 1533    760     1.97976     0.76012     3.73149
 1534    760     1.98322     0.76012     3.73149
 1535    760     1.98667     0.76012     3.73149
 1537    760     1.99358     0.76012     3.73149
 1538    760     1.99704     0.76012     3.73149
 1539    760     2.00049     0.76012     3.73149
 1540    760     2.00395     0.76012     3.73149
 1541    760     2.00741     0.76012     3.73149
 1542    760     2.01086     0.76012     3.73149
 1543    760     2.01432     0.76012     3.73149
 1544    760     2.01777     0.76012     3.73149
 1545    760     2.02123     0.76012     3.73149
 1546    760     2.02468     0.76012     3.73149
 1547    760     2.02814     0.76012     3.73149
 1548    760     2.03159     0.76012     3.73149
 1549    760     2.03505     0.76012     3.73149
 1550    760     2.03850     0.76012     3.73149
 1551    760     2.04196     0.76012     3.73149
 1552    760     2.04541     0.76012     3.73149
 1553    760     2.04887     0.76012     3.73149
 1554    760     2.05232     0.76012     3.73149
 1555    760     2.05578     0.76012     3.73149
 1556    760     2.05923     0.76012     3.73149
 1568    760     2.10069     0.76012     3.73149
 1569    760     2.10415     0.76012     3.73149
 1570    760     2.10760     0.76012     3.73149
 1571    760     2.11106     0.76012     3.73149
 1572    760     2.11451     0.76012     3.73149
 1573    760     2.11797     0.76012     3.73149
 1574    760     2.12142     0.76012     3.73149
 1575    760     2.12488     0.76012     3.73149
 1576    760     2.12833     0.76012     3.73149
 1577    760     2.13179     0.76012     3.73149
 1531    761     1.96899     0.76208     3.72418
 1532    761     1.97244     0.76208     3.72418
 1533    761     1.97589     0.76208     3.72418
 1534    761     1.97933     0.76208     3.72418
 1535    761     1.98278     0.76208     3.72418
 1536    761     1.98623     0.76208     3.72418
 1538    761     1.99313     0.76208     3.72418
 1539    761     1.99658     0.76208     3.72418
 1540    761     2.00002     0.76208     3.72418
 1541    761     2.00347     0.76208     3.72418
 1542    761     2.00692     0.76208     3.72418
 1547    761     2.02416     0.76208     3.72418
 1548    761     2.02761     0.76208     3.72418
 1549    761     2.03106     0.76208     3.72418
 1550    761     2.03451     0.76208     3.72418
 1551    761     2.03796     0.76208     3.72418
 1552    761     2.04140     0.76208     3.72418
 1553    761     2.04485     0.76208     3.72418
 1554    761     2.04830     0.76208     3.72418
 1555    761     2.05175     0.76208     3.72418
 1556    761     2.05520     0.76208     3.72418
 1566    761     2.08968     0.76208     3.72418
 1567    761     2.09313     0.76208     3.72418
 1568    761     2.09658     0.76208     3.72418
 1569    761     2.10002     0.76208     3.72418
 1570    761     2.10347     0.76208     3.72418
 1571    761     2.10692     0.76208     3.72418
 1573    761     2.11382     0.76208     3.72418
 1574    761     2.11727     0.76208     3.72418
 1575    761     2.12071     0.76208     3.72418
 1576    761     2.12416     0.76208     3.72418
 1577    761     2.12761     0.76208     3.72418
 1578    761     2.13106     0.76208     3.72418
 1532    762     1.96858     0.76403     3.71690
 1533    762     1.97202     0.76403     3.71690
 1534    762     1.97546     0.76403     3.71690
 1535    762     1.97890     0.76403     3.71690
 1536    762     1.98235     0.76403     3.71690
 1537    762     1.98579     0.76403     3.71690
 1539    762     1.99267     0.76403     3.71690
 1540    762     1.99611     0.76403     3.71690
 1541    762     1.99955     0.76403     3.71690
 1548    762     2.02365     0.76403     3.71690
 1549    762     2.02709     0.76403     3.71690
 1550    762     2.03053     0.76403     3.71690
 1551    762     2.03397     0.76403     3.71690
 1552    762     2.03741     0.76403     3.71690
 1553    762     2.04085     0.76403     3.71690
 1554    762     2.04429     0.76403     3.71690
 1555    762     2.04774     0.76403     3.71690
 1556    762     2.05118     0.76403     3.71690
 1565    762     2.08215     0.76403     3.71690
 1566    762     2.08559     0.76403     3.71690
 1567    762     2.08904     0.76403     3.71690
 1568    762     2.09248     0.76403     3.71690
 1574    762     2.11313     0.76403     3.71690
 1575    762     2.11657     0.76403     3.71690
 1576    762     2.12001     0.76403     3.71690
 1577    762     2.12345     0.76403     3.71690
 1578    762     2.12689     0.76403     3.71690
 1579    762     2.13033     0.76403     3.71690
 1532    763     1.96474     0.76597     3.70965
 1533    763     1.96817     0.76597     3.70965
 1534    763     1.97161     0.76597     3.70965
 1535    763     1.97504     0.76597     3.70965
 1536    763     1.97848     0.76597     3.70965
 1537    763     1.98191     0.76597     3.70965
 1538    763     1.98535     0.76597     3.70965
 1548    763     2.01970     0.76597     3.70965
 1549    763     2.02313     0.76597     3.70965
 1550    763     2.02657     0.76597     3.70965
 1551    763     2.03000     0.76597     3.70965
 1552    763     2.03344     0.76597     3.70965
 1553    763     2.03687     0.76597     3.70965
 1554    763     2.04030     0.76597     3.70965
 1555    763     2.04374     0.76597     3.70965
 1556    763     2.04717     0.76597     3.70965
 1565    763     2.07809     0.76597     3.70965
 1566    763     2.08152     0.76597     3.70965
 1567    763     2.08496     0.76597     3.70965
 1568    763     2.08839     0.76597     3.70965
 1569    763     2.09183     0.76597     3.70965
 1573    763     2.10557     0.76597     3.70965
 1574    763     2.10900     0.76597     3.70965
 1575    763     2.11244     0.76597     3.70965
 1576    763     2.11587     0.76597     3.70965
 1577    763     2.11931     0.76597     3.70965
 1578    763     2.12274     0.76597     3.70965
 1579    763     2.12618     0.76597     3.70965
 1580    763     2.12961     0.76597     3.70965
 1533    764     1.96434     0.76791     3.70242
 1534    764     1.96777     0.76791     3.70242
 1535    764     1.97120     0.76791     3.70242
 1536    764     1.97462     0.76791     3.70242
 1537    764     1.97805     0.76791     3.70242
 1538    764     1.98148     0.76791     3.70242
 1539    764     1.98491     0.76791     3.70242
 1545    764     2.00548     0.76791     3.70242
 1546    764     2.00891     0.76791     3.70242
 1547    764     2.01233     0.76791     3.70242
 1548    764     2.01576     0.76791     3.70242
 1549    764     2.01919     0.76791     3.70242
 1550    764     2.02262     0.76791     3.70242
 1551    764     2.02605     0.76791     3.70242
 1552    764     2.02947     0.76791     3.70242
 1553    764     2.03290     0.76791     3.70242
 1554    764     2.03633     0.76791     3.70242
 1555    764     2.03976     0.76791     3.70242
 1565    764     2.07404     0.76791     3.70242
 1566    764     2.07747     0.76791     3.70242
 1567    764     2.08090     0.76791     3.70242
 1568    764     2.08433     0.76791     3.70242
 1569    764     2.08775     0.76791     3.70242
 1570    764     2.09118     0.76791     3.70242
 1571    764     2.09461     0.76791     3.70242
 1572    764     2.09804     0.76791     3.70242
 1573    764     2.10147     0.76791     3.70242
 1574    764     2.10489     0.76791     3.70242
 1575    764     2.10832     0.76791     3.70242
 1576    764     2.11175     0.76791     3.70242
 1577    764     2.11518     0.76791     3.70242
 1578    764     2.11861     0.76791     3.70242
 1579    764     2.12203     0.76791     3.70242
 1580    764     2.12546     0.76791     3.70242
 1581    764     2.12889     0.76791     3.70242
  362    765    -2.04606     0.76984     3.69522
 1534    765     1.96394     0.76984     3.69522
 1535    765     1.96736     0.76984     3.69522
 1536    765     1.97078     0.76984     3.69522
 1537    765     1.97421     0.76984     3.69522
 1538    765     1.97763     0.76984     3.69522
 1539    765     1.98105     0.76984     3.69522
 1540    765     1.98447     0.76984     3.69522
 1545    765     2.00158     0.76984     3.69522
 1546    765     2.00500     0.76984     3.69522
 1547    765     2.00842     0.76984     3.69522
 1566    765     2.07343     0.76984     3.69522
 1567    765     2.07685     0.76984     3.69522
 1568    765     2.08027     0.76984     3.69522
 1569    765     2.08369     0.76984     3.69522
 1570    765     2.08712     0.76984     3.69522
 1571    765     2.09054     0.76984     3.69522
 1572    765     2.09396     0.76984     3.69522
 1573    765     2.09738     0.76984     3.69522
 1574    765     2.10080     0.76984     3.69522
 1575    765     2.10422     0.76984     3.69522
 1576    765     2.10764     0.76984     3.69522
 1577    765     2.11107     0.76984     3.69522
 1578    765     2.11449     0.76984     3.69522
 1579    765     2.11791     0.76984     3.69522
 1580    765     2.12133     0.76984     3.69522
 1581    765     2.12475     0.76984     3.69522
 1582    765     2.12817     0.76984     3.69522
  361    766    -2.04550     0.77176     3.68805
  362    766    -2.04209     0.77176     3.68805
  363    766    -2.03867     0.77176     3.68805
  364    766    -2.03526     0.77176     3.68805
 1535    766     1.96355     0.77176     3.68805
 1536    766     1.96696     0.77176     3.68805
 1537    766     1.97038     0.77176     3.68805
 1538    766     1.97379     0.77176     3.68805
 1539    766     1.97721     0.77176     3.68805
 1540    766     1.98062     0.77176     3.68805
 1541    766     1.98404     0.77176     3.68805
 1569    766     2.07965     0.77176     3.68805
 1570    766     2.08307     0.77176     3.68805
 1571    766     2.08648     0.77176     3.68805
 1572    766     2.08990     0.77176     3.68805
 1573    766     2.09331     0.77176     3.68805
 1574    766     2.09673     0.77176     3.68805
 1576    766     2.10356     0.77176     3.68805
 1577    766     2.10697     0.77176     3.68805
 1578    766     2.11039     0.77176     3.68805
 1579    766     2.11380     0.77176     3.68805
 1580    766     2.11721     0.77176     3.68805
 1581    766     2.12063     0.77176     3.68805
 1582    766     2.12404     0.77176     3.68805
 1583    766     2.12746     0.77176     3.68805
  360    767    -2.04495     0.77367     3.68091
  361    767    -2.04154     0.77367     3.68091
  363    767    -2.03473     0.77367     3.68091
  364    767    -2.03132     0.77367     3.68091
 1536    767     1.96315     0.77367     3.68091
 1537    767     1.96656     0.77367     3.68091
 1538    767     1.96997     0.77367     3.68091
 1539    767     1.97338     0.77367     3.68091
 1540    767     1.97678     0.77367     3.68091
 1541    767     1.98019     0.77367     3.68091
 1542    767     1.98360     0.77367     3.68091
 1577    767     2.10289     0.77367     3.68091
 1578    767     2.10630     0.77367     3.68091
 1579    767     2.10971     0.77367     3.68091
 1580    767     2.11311     0.77367     3.68091
 1581    767     2.11652     0.77367     3.68091
 1582    767     2.11993     0.77367     3.68091
 1583    767     2.12334     0.77367     3.68091
  359    768    -2.04440     0.77558     3.67380
  360    768    -2.04100     0.77558     3.67380
  363    768    -2.03079     0.77558     3.67380
  364    768    -2.02739     0.77558     3.67380
 1536    768     1.95936     0.77558     3.67380
 1537    768     1.96276     0.77558     3.67380
 1538    768     1.96616     0.77558     3.67380
 1539    768     1.96956     0.77558     3.67380
 1540    768     1.97296     0.77558     3.67380
 1541    768     1.97637     0.77558     3.67380
 1542    768     1.97977     0.77558     3.67380
 1543    768     1.98317     0.77558     3.67380
 1578    768     2.10223     0.77558     3.67380
 1579    768     2.10563     0.77558     3.67380
 1580    768     2.10903     0.77558     3.67380
 1581    768     2.11243     0.77558     3.67380
 1582    768     2.11583     0.77558     3.67380
 1583    768     2.11924     0.77558     3.67380
 1584    768     2.12264     0.77558     3.67380
  358    769    -2.04385     0.77748     3.66671
  359    769    -2.04046     0.77748     3.66671
  362    769    -2.03027     0.77748     3.66671
  363    769    -2.02687     0.77748     3.66671
  364    769    -2.02348     0.77748     3.66671
 1537    769     1.95897     0.77748     3.66671
 1538    769     1.96237     0.77748     3.66671
 1539    769     1.96576     0.77748     3.66671
 1540    769     1.96916     0.77748     3.66671
 1541    769     1.97255     0.77748     3.66671
 1542    769     1.97595     0.77748     3.66671
 1543    769     1.97934     0.77748     3.66671
 1544    769     1.98274     0.77748     3.66671
 1579    769     2.10157     0.77748     3.66671
 1580    769     2.10496     0.77748     3.66671
 1581    769     2.10836     0.77748     3.66671
 1582    769     2.11175     0.77748     3.66671
 1583    769     2.11515     0.77748     3.66671
 1584    769     2.11854     0.77748     3.66671
 1585    769     2.12194     0.77748     3.66671
  358    770    -2.03992     0.77937     3.65965
  362    770    -2.02636     0.77937     3.65965
  363    770    -2.02297     0.77937     3.65965
 1538    770     1.95859     0.77937     3.65965
 1539    770     1.96198     0.77937     3.65965
 1540    770     1.96537     0.77937     3.65965
 1541    770     1.96876     0.77937     3.65965
 1542    770     1.97214     0.77937     3.65965
 1543    770     1.97553     0.77937     3.65965
 1544    770     1.97892     0.77937     3.65965
 1545    770     1.98231     0.77937     3.65965
 1580    770     2.10091     0.77937     3.65965
 1581    770     2.10430     0.77937     3.65965
 1582    770     2.10769     0.77937     3.65965
 1583    770     2.11108     0.77937     3.65965
 1584    770     2.11446     0.77937     3.65965
 1585    770     2.11785     0.77937     3.65965
 1586    770     2.12124     0.77937     3.65965
  361    771    -2.02585     0.78125     3.65262
  362    771    -2.02247     0.78125     3.65262
 1539    771     1.95821     0.78125     3.65262
 1540    771     1.96159     0.78125     3.65262
 1541    771     1.96497     0.78125     3.65262
 1542    771     1.96835     0.78125     3.65262
 1543    771     1.97174     0.78125     3.65262
 1544    771     1.97512     0.78125     3.65262
 1545    771     1.97850     0.78125     3.65262
 1546    771     1.98188     0.78125     3.65262
 1581    771     2.10025     0.78125     3.65262
 1582    771     2.10364     0.78125     3.65262
 1583    771     2.10702     0.78125     3.65262
 1584    771     2.11040     0.78125     3.65262
 1585    771     2.11378     0.78125     3.65262
 1586    771     2.11716     0.78125     3.65262
 1587    771     2.12055     0.78125     3.65262
  360    772    -2.02534     0.78313     3.64561
  361    772    -2.02196     0.78313     3.64561
 1540    772     1.95783     0.78313     3.64561
 1541    772     1.96120     0.78313     3.64561
 1542    772     1.96458     0.78313     3.64561
 1543    772     1.96795     0.78313     3.64561
 1544    772     1.97133     0.78313     3.64561
 1545    772     1.97471     0.78313     3.64561
 1546    772     1.97808     0.78313     3.64561
 1547    772     1.98146     0.78313     3.64561
 1548    772     1.98483     0.78313     3.64561
 1549    772     1.98821     0.78313     3.64561
 1582    772     2.09960     0.78313     3.64561
 1583    772     2.10298     0.78313     3.64561
 1584    772     2.10635     0.78313     3.64561
 1585    772     2.10973     0.78313     3.64561
 1586    772     2.11310     0.78313     3.64561
 1587    772     2.11648     0.78313     3.64561
 1541    773     1.95745     0.78500     3.63863
 1542    773     1.96082     0.78500     3.63863
 1543    773     1.96419     0.78500     3.63863
 1544    773     1.96756     0.78500     3.63863
 1545    773     1.97093     0.78500     3.63863
 1546    773     1.97429     0.78500     3.63863
 1547    773     1.97766     0.78500     3.63863
 1548    773     1.98103     0.78500     3.63863
 1549    773     1.98440     0.78500     3.63863
 1550    773     1.98777     0.78500     3.63863
 1551    773     1.99114     0.78500     3.63863
 1552    773     1.99451     0.78500     3.63863
 1582    773     2.09558     0.78500     3.63863
 1583    773     2.09895     0.78500     3.63863
 1584    773     2.10232     0.78500     3.63863
 1585    773     2.10569     0.78500     3.63863
 1586    773     2.10906     0.78500     3.63863
 1587    773     2.11243     0.78500     3.63863
 1588    773     2.11580     0.78500     3.63863
 1542    774     1.95707     0.78686     3.63168
 1543    774     1.96043     0.78686     3.63168
 1544    774     1.96380     0.78686     3.63168
 1545    774     1.96716     0.78686     3.63168
 1546    774     1.97052     0.78686     3.63168
 1547    774     1.97389     0.78686     3.63168
 1548    774     1.97725     0.78686     3.63168
 1549    774     1.98061     0.78686     3.63168
 1550    774     1.98397     0.78686     3.63168
 1551    774     1.98734     0.78686     3.63168
 1552    774     1.99070     0.78686     3.63168
 1553    774     1.99406     0.78686     3.63168
 1554    774     1.99742     0.78686     3.63168
 1557    774     2.00751     0.78686     3.63168
 1558    774     2.01087     0.78686     3.63168
 1559    774     2.01424     0.78686     3.63168
 1560    774     2.01760     0.78686     3.63168
 1561    774     2.02096     0.78686     3.63168
 1562    774     2.02433     0.78686     3.63168
 1563    774     2.02769     0.78686     3.63168
 1564    774     2.03105     0.78686     3.63168
 1565    774     2.03441     0.78686     3.63168
 1566    774     2.03778     0.78686     3.63168
 1567    774     2.04114     0.78686     3.63168
 1568    774     2.04450     0.78686     3.63168
 1569    774     2.04786     0.78686     3.63168
 1570    774     2.05123     0.78686     3.63168
 1571    774     2.05459     0.78686     3.63168
 1572    774     2.05795     0.78686     3.63168
 1573    774     2.06131     0.78686     3.63168
 1574    774     2.06468     0.78686     3.63168
 1583    774     2.09494     0.78686     3.63168
 1584    774     2.09830     0.78686     3.63168
 1585    774     2.10167     0.78686     3.63168
 1586    774     2.10503     0.78686     3.63168
 1587    774     2.10839     0.78686     3.63168
 1588    774     2.11175     0.78686     3.63168
 1589    774     2.11512     0.78686     3.63168
 1543    775     1.95670     0.78872     3.62475
 1544    775     1.96005     0.78872     3.62475
 1545    775     1.96341     0.78872     3.62475
 1546    775     1.96676     0.78872     3.62475
 1547    775     1.97012     0.78872     3.62475
 1548    775     1.97348     0.78872     3.62475
 1549    775     1.97683     0.78872     3.62475
 1550    775     1.98019     0.78872     3.62475
 1551    775     1.98355     0.78872     3.62475
 1552    775     1.98690     0.78872     3.62475
 1553    775     1.99026     0.78872     3.62475
 1554    775     1.99361     0.78872     3.62475
 1555    775     1.99697     0.78872     3.62475
 1556    775     2.00033     0.78872     3.62475
 1557    775     2.00368     0.78872     3.62475
 1558    775     2.00704     0.78872     3.62475
 1559    775     2.01040     0.78872     3.62475
 1560    775     2.01375     0.78872     3.62475
 1561    775     2.01711     0.78872     3.62475
 1562    775     2.02046     0.78872     3.62475
 1563    775     2.02382     0.78872     3.62475
 1564    775     2.02718     0.78872     3.62475
 1565    775     2.03053     0.78872     3.62475
 1566    775     2.03389     0.78872     3.62475
 1567    775     2.03725     0.78872     3.62475
 1568    775     2.04060     0.78872     3.62475
 1569    775     2.04396     0.78872     3.62475
 1570    775     2.04731     0.78872     3.62475
 1571    775     2.05067     0.78872     3.62475
 1572    775     2.05403     0.78872     3.62475
 1573    775     2.05738     0.78872     3.62475
 1574    775     2.06074     0.78872     3.62475
 1575    775     2.06410     0.78872     3.62475
 1576    775     2.06745     0.78872     3.62475
 1577    775     2.07081     0.78872     3.62475
 1578    775     2.07416     0.78872     3.62475
 1579    775     2.07752     0.78872     3.62475
 1580    775     2.08088     0.78872     3.62475
 1584    775     2.09430     0.78872     3.62475
 1585    775     2.09766     0.78872     3.62475
 1586    775     2.10101     0.78872     3.62475
 1587    775     2.10437     0.78872     3.62475
 1588    775     2.10773     0.78872     3.62475
 1589    775     2.11108     0.78872     3.62475
 1544    776     1.95632     0.79057     3.61785
 1545    776     1.95967     0.79057     3.61785
 1546    776     1.96302     0.79057     3.61785
 1547    776     1.96637     0.79057     3.61785
 1548    776     1.96972     0.79057     3.61785
 1549    776     1.97307     0.79057     3.61785
 1550    776     1.97642     0.79057     3.61785
 1551    776     1.97977     0.79057     3.61785
 1552    776     1.98312     0.79057     3.61785
 1553    776     1.98647     0.79057     3.61785
 1554    776     1.98982     0.79057     3.61785
 1555    776     1.99317     0.79057     3.61785
 1556    776     1.99652     0.79057     3.61785
 1557    776     1.99987     0.79057     3.61785
 1558    776     2.00322     0.79057     3.61785
 1559    776     2.00657     0.79057     3.61785
 1560    776     2.00992     0.79057     3.61785
 1561    776     2.01327     0.79057     3.61785
 1562    776     2.01662     0.79057     3.61785
 1563    776     2.01997     0.79057     3.61785
 1564    776     2.02332     0.79057     3.61785
 1565    776     2.02667     0.79057     3.61785
 1566    776     2.03002     0.79057     3.61785
 1567    776     2.03337     0.79057     3.61785
 1568    776     2.03672     0.79057     3.61785
 1569    776     2.04007     0.79057     3.61785
 1570    776     2.04342     0.79057     3.61785
 1571    776     2.04677     0.79057     3.61785
 1572    776     2.05012     0.79057     3.61785
 1573    776     2.05347     0.79057     3.61785
 1574    776     2.05682     0.79057     3.61785
 1575    776     2.06017     0.79057     3.61785
 1576    776     2.06352     0.79057     3.61785
 1577    776     2.06687     0.79057     3.61785
 1578    776     2.07022     0.79057     3.61785
 1579    776     2.07357     0.79057     3.61785
 1580    776     2.07692     0.79057     3.61785
 1581    776     2.08027     0.79057     3.61785
 1582    776     2.08362     0.79057     3.61785
 1583    776     2.08697     0.79057     3.61785
 1584    776     2.09032     0.79057     3.61785
 1585    776     2.09367     0.79057     3.61785
 1586    776     2.09702     0.79057     3.61785
 1587    776     2.10037     0.79057     3.61785
 1588    776     2.10372     0.79057     3.61785
 1589    776     2.10707     0.79057     3.61785
 1590    776     2.11042     0.79057     3.61785
 1545    777     1.95595     0.79241     3.61098
 1546    777     1.95929     0.79241     3.61098
 1547    777     1.96264     0.79241     3.61098
 1548    777     1.96598     0.79241     3.61098
 1549    777     1.96932     0.79241     3.61098
 1550    777     1.97267     0.79241     3.61098
 1551    777     1.97601     0.79241     3.61098
 1552    777     1.97935     0.79241     3.61098
 1553    777     1.98270     0.79241     3.61098
 1554    777     1.98604     0.79241     3.61098
 1555    777     1.98938     0.79241     3.61098
 1556    777     1.99273     0.79241     3.61098
 1557    777     1.99607     0.79241     3.61098
 1558    777     1.99941     0.79241     3.61098
 1559    777     2.00276     0.79241     3.61098
 1560    777     2.00610     0.79241     3.61098
 1561    777     2.00944     0.79241     3.61098
 1562    777     2.01279     0.79241     3.61098
 1563    777     2.01613     0.79241     3.61098
 1564    777     2.01947     0.79241     3.61098
 1565    777     2.02282     0.79241     3.61098
 1566    777     2.02616     0.79241     3.61098
 1567    777     2.02951     0.79241     3.61098
 1568    777     2.03285     0.79241     3.61098
 1569    777     2.03619     0.79241     3.61098
 1570    777     2.03954     0.79241     3.61098
 1571    777     2.04288     0.79241     3.61098
 1572    777     2.04622     0.79241     3.61098
 1573    777     2.04957     0.79241     3.61098
 1574    777     2.05291     0.79241     3.61098
 1575    777     2.05625     0.79241     3.61098
 1576    777     2.05960     0.79241     3.61098
 1577    777     2.06294     0.79241     3.61098
 1578    777     2.06628     0.79241     3.61098
 1579    777     2.06963     0.79241     3.61098
 1580    777     2.07297     0.79241     3.61098
 1581    777     2.07631     0.79241     3.61098
 1582    777     2.07966     0.79241     3.61098
 1583    777     2.08300     0.79241     3.61098
 1584    777     2.08634     0.79241     3.61098
 1585    777     2.08969     0.79241     3.61098
 1586    777     2.09303     0.79241     3.61098
 1587    777     2.09638     0.79241     3.61098
 1588    777     2.09972     0.79241     3.61098
 1589    777     2.10306     0.79241     3.61098
 1590    777     2.10641     0.79241     3.61098
  373    778    -1.95891     0.79424     3.60413
  374    778    -1.95558     0.79424     3.60413
  375    778    -1.95224     0.79424     3.60413
  376    778    -1.94890     0.79424     3.60413
 1547    778     1.95891     0.79424     3.60413
 1548    778     1.96225     0.79424     3.60413
 1549    778     1.96559     0.79424     3.60413
 1550    778     1.96893     0.79424     3.60413
 1551    778     1.97226     0.79424     3.60413
 1552    778     1.97560     0.79424     3.60413
 1553    778     1.97894     0.79424     3.60413
 1554    778     1.98227     0.79424     3.60413
 1555    778     1.98561     0.79424     3.60413
 1556    778     1.98895     0.79424     3.60413
 1557    778     1.99229     0.79424     3.60413
 1558    778     1.99562     0.79424     3.60413
 1559    778     1.99896     0.79424     3.60413
 1560    778     2.00230     0.79424     3.60413
 1561    778     2.00563     0.79424     3.60413
 1562    778     2.00897     0.79424     3.60413
 1563    778     2.01231     0.79424     3.60413
 1564    778     2.01565     0.79424     3.60413
 1565    778     2.01898     0.79424     3.60413
 1566    778     2.02232     0.79424     3.60413
 1567    778     2.02566     0.79424     3.60413
 1568    778     2.02899     0.79424     3.60413
 1569    778     2.03233     0.79424     3.60413
 1570    778     2.03567     0.79424     3.60413
 1571    778     2.03901     0.79424     3.60413
 1572    778     2.04234     0.79424     3.60413
 1573    778     2.04568     0.79424     3.60413
 1574    778     2.04902     0.79424     3.60413
 1575    778     2.05235     0.79424     3.60413
 1576    778     2.05569     0.79424     3.60413
 1577    778     2.05903     0.79424     3.60413
 1578    778     2.06237     0.79424     3.60413
 1579    778     2.06570     0.79424     3.60413
 1580    778     2.06904     0.79424     3.60413
 1581    778     2.07238     0.79424     3.60413
 1582    778     2.07571     0.79424     3.60413
 1583    778     2.07905     0.79424     3.60413
 1584    778     2.08239     0.79424     3.60413
 1585    778     2.08573     0.79424     3.60413
 1586    778     2.08906     0.79424     3.60413
 1587    778     2.09240     0.79424     3.60413
 1588    778     2.09574     0.79424     3.60413
 1589    778     2.09907     0.79424     3.60413
 1590    778     2.10241     0.79424     3.60413
  372    779    -1.95854     0.79607     3.59731
  373    779    -1.95521     0.79607     3.59731
  374    779    -1.95188     0.79607     3.59731
  375    779    -1.94854     0.79607     3.59731
  376    779    -1.94521     0.79607     3.59731
  377    779    -1.94188     0.79607     3.59731
 1550    779     1.96520     0.79607     3.59731
 1551    779     1.96853     0.79607     3.59731
 1552    779     1.97186     0.79607     3.59731
 1553    779     1.97519     0.79607     3.59731
 1554    779     1.97852     0.79607     3.59731
 1555    779     1.98185     0.79607     3.59731
 1556    779     1.98518     0.79607     3.59731
 1557    779     1.98852     0.79607     3.59731
 1558    779     1.99185     0.79607     3.59731
 1559    779     1.99518     0.79607     3.59731
 1560    779     1.99851     0.79607     3.59731
 1561    779     2.00184     0.79607     3.59731
 1562    779     2.00517     0.79607     3.59731
 1563    779     2.00850     0.79607     3.59731
 1567    779     2.02182     0.79607     3.59731
 1568    779     2.02515     0.79607     3.59731
 1569    779     2.02849     0.79607     3.59731
 1570    779     2.03182     0.79607     3.59731
 1571    779     2.03515     0.79607     3.59731
 1572    779     2.03848     0.79607     3.59731
 1573    779     2.04181     0.79607     3.59731
 1574    779     2.04514     0.79607     3.59731
 1575    779     2.04847     0.79607     3.59731
 1576    779     2.05180     0.79607     3.59731
 1577    779     2.05513     0.79607     3.59731
 1578    779     2.05846     0.79607     3.59731
 1579    779     2.06179     0.79607     3.59731
 1580    779     2.06512     0.79607     3.59731
 1581    779     2.06846     0.79607     3.59731
 1582    779     2.07179     0.79607     3.59731
 1583    779     2.07512     0.79607     3.59731
 1584    779     2.07845     0.79607     3.59731
 1585    779     2.08178     0.79607     3.59731
 1586    779     2.08511     0.79607     3.59731
 1587    779     2.08844     0.79607     3.59731
 1588    779     2.09177     0.79607     3.59731
 1589    779     2.09510     0.79607     3.59731
 1590    779     2.09843     0.79607     3.59731
  371    780    -1.95816     0.79789     3.59052
  372    780    -1.95484     0.79789     3.59052
  373    780    -1.95151     0.79789     3.59052
  374    780    -1.94819     0.79789     3.59052
  376    780    -1.94154     0.79789     3.59052
  377    780    -1.93822     0.79789     3.59052
  378    780    -1.93489     0.79789     3.59052
 1574    780     2.04128     0.79789     3.59052
 1575    780     2.04460     0.79789     3.59052
 1576    780     2.04793     0.79789     3.59052
 1577    780     2.05125     0.79789     3.59052
 1578    780     2.05457     0.79789     3.59052
 1579    780     2.05790     0.79789     3.59052
 1580    780     2.06122     0.79789     3.59052
 1581    780     2.06455     0.79789     3.59052
 1582    780     2.06787     0.79789     3.59052
 1583    780     2.07120     0.79789     3.59052
 1584    780     2.07452     0.79789     3.59052
 1585    780     2.07785     0.79789     3.59052
 1586    780     2.08117     0.79789     3.59052
 1587    780     2.08450     0.79789     3.59052
 1588    780     2.08782     0.79789     3.59052
 1589    780     2.09114     0.79789     3.59052
  370    781    -1.95779     0.79971     3.58375
  371    781    -1.95447     0.79971     3.58375
  372    781    -1.95115     0.79971     3.58375
  373    781    -1.94783     0.79971     3.58375
  374    781    -1.94452     0.79971     3.58375
  375    781    -1.94120     0.79971     3.58375
  376    781    -1.93788     0.79971     3.58375
  377    781    -1.93456     0.79971     3.58375
  378    781    -1.93124     0.79971     3.58375
 1583    781     2.06729     0.79971     3.58375
 1584    781     2.07061     0.79971     3.58375
 1585    781     2.07393     0.79971     3.58375
 1586    781     2.07725     0.79971     3.58375
 1587    781     2.08057     0.79971     3.58375
  369    782    -1.95742     0.80151     3.57700
  370    782    -1.95410     0.80151     3.57700
  374    782    -1.94086     0.80151     3.57700
  375    782    -1.93754     0.80151     3.57700
  376    782    -1.93423     0.80151     3.57700
  377    782    -1.93092     0.80151     3.57700
  367    783    -1.96035     0.80331     3.57029
  368    783    -1.95705     0.80331     3.57029
  369    783    -1.95374     0.80331     3.57029
  370    783    -1.95043     0.80331     3.57029
  377    783    -1.92729     0.80331     3.57029
  367    784    -1.95668     0.80511     3.56359
  368    784    -1.95338     0.80511     3.56359
  369    784    -1.95008     0.80511     3.56359
  370    784    -1.94678     0.80511     3.56359
  371    784    -1.94348     0.80511     3.56359
  372    784    -1.94018     0.80511     3.56359
  373    784    -1.93688     0.80511     3.56359
  366    785    -1.95631     0.80689     3.55692
  367    785    -1.95301     0.80689     3.55692
  368    785    -1.94972     0.80689     3.55692
  369    785    -1.94643     0.80689     3.55692
  370    785    -1.94313     0.80689     3.55692
  371    785    -1.93984     0.80689     3.55692
  372    785    -1.93655     0.80689     3.55692
  373    785    -1.93325     0.80689     3.55692
  374    785    -1.92996     0.80689     3.55692
  375    785    -1.92667     0.80689     3.55692
  376    785    -1.92337     0.80689     3.55692
  364    786    -1.95923     0.80867     3.55028
  365    786    -1.95594     0.80867     3.55028
  366    786    -1.95265     0.80867     3.55028
  367    786    -1.94937     0.80867     3.55028
  368    786    -1.94608     0.80867     3.55028
  369    786    -1.94279     0.80867     3.55028
  370    786    -1.93950     0.80867     3.55028
  371    786    -1.93622     0.80867     3.55028
  372    786    -1.93293     0.80867     3.55028
  373    786    -1.92964     0.80867     3.55028
  374    786    -1.92636     0.80867     3.55028
  375    786    -1.92307     0.80867     3.55028
  376    786    -1.91978     0.80867     3.55028
  363    787    -1.95886     0.81045     3.54366
  364    787    -1.95558     0.81045     3.54366
  365    787    -1.95229     0.81045     3.54366
  366    787    -1.94901     0.81045     3.54366
  367    787    -1.94573     0.81045     3.54366
  368    787    -1.94245     0.81045     3.54366
  369    787    -1.93917     0.81045     3.54366
  370    787    -1.93589     0.81045     3.54366
  371    787    -1.93261     0.81045     3.54366
  372    787    -1.92933     0.81045     3.54366
  373    787    -1.92605     0.81045     3.54366
  374    787    -1.92276     0.81045     3.54366
  375    787    -1.91948     0.81045     3.54366
  376    787    -1.91620     0.81045     3.54366
  377    787    -1.91292     0.81045     3.54366
  362    788    -1.95849     0.81222     3.53707
  363    788    -1.95521     0.81222     3.53707
  364    788    -1.95194     0.81222     3.53707
  365    788    -1.94866     0.81222     3.53707
  366    788    -1.94539     0.81222     3.53707
  367    788    -1.94211     0.81222     3.53707
  368    788    -1.93884     0.81222     3.53707
  371    788    -1.92901     0.81222     3.53707
  372    788    -1.92574     0.81222     3.53707
  373    788    -1.92246     0.81222     3.53707
  374    788    -1.91919     0.81222     3.53707
  376    788    -1.91264     0.81222     3.53707
  377    788    -1.90936     0.81222     3.53707
  362    789    -1.95485     0.81398     3.53050
  363    789    -1.95158     0.81398     3.53050
  364    789    -1.94831     0.81398     3.53050
  365    789    -1.94504     0.81398     3.53050
  366    789    -1.94177     0.81398     3.53050
  367    789    -1.93850     0.81398     3.53050
  368    789    -1.93524     0.81398     3.53050
  369    789    -1.93197     0.81398     3.53050
  370    789    -1.92870     0.81398     3.53050
  371    789    -1.92543     0.81398     3.53050
  372    789    -1.92216     0.81398     3.53050
  373    789    -1.91889     0.81398     3.53050
  376    789    -1.90908     0.81398     3.53050
  377    789    -1.90581     0.81398     3.53050
  361    790    -1.95449     0.81573     3.52395
  362    790    -1.95123     0.81573     3.52395
  363    790    -1.94796     0.81573     3.52395
  364    790    -1.94470     0.81573     3.52395
  368    790    -1.93165     0.81573     3.52395
  369    790    -1.92838     0.81573     3.52395
  370    790    -1.92512     0.81573     3.52395
  371    790    -1.92186     0.81573     3.52395
  372    790    -1.91860     0.81573     3.52395
  373    790    -1.91533     0.81573     3.52395
  375    790    -1.90881     0.81573     3.52395
  376    790    -1.90554     0.81573     3.52395
  377    790    -1.90228     0.81573     3.52395
  361    791    -1.95087     0.81748     3.51743
  362    791    -1.94761     0.81748     3.51743
  363    791    -1.94436     0.81748     3.51743
  364    791    -1.94110     0.81748     3.51743
  368    791    -1.92807     0.81748     3.51743
  369    791    -1.92482     0.81748     3.51743
  370    791    -1.92156     0.81748     3.51743
  371    791    -1.91830     0.81748     3.51743
  372    791    -1.91505     0.81748     3.51743
  373    791    -1.91179     0.81748     3.51743
  374    791    -1.90853     0.81748     3.51743
  375    791    -1.90527     0.81748     3.51743
  376    791    -1.90202     0.81748     3.51743
  361    792    -1.94727     0.81922     3.51093
  362    792    -1.94402     0.81922     3.51093
  363    792    -1.94077     0.81922     3.51093
  364    792    -1.93752     0.81922     3.51093
  368    792    -1.92451     0.81922     3.51093
  369    792    -1.92126     0.81922     3.51093
  370    792    -1.91801     0.81922     3.51093
  373    792    -1.90826     0.81922     3.51093
  374    792    -1.90501     0.81922     3.51093
  375    792    -1.90176     0.81922     3.51093
  361    793    -1.94368     0.82095     3.50446
  362    793    -1.94043     0.82095     3.50446
  363    793    -1.93719     0.82095     3.50446
  364    793    -1.93394     0.82095     3.50446
  360    794    -1.94334     0.82268     3.49801
  361    794    -1.94010     0.82268     3.49801
  362    794    -1.93686     0.82268     3.49801
  363    794    -1.93362     0.82268     3.49801
  364    794    -1.93038     0.82268     3.49801
  365    794    -1.92714     0.82268     3.49801
  366    794    -1.92391     0.82268     3.49801
  367    794    -1.92067     0.82268     3.49801
  368    794    -1.91743     0.82268     3.49801
  369    794    -1.91419     0.82268     3.49801
  370    794    -1.91095     0.82268     3.49801
  371    794    -1.90771     0.82268     3.49801
  372    794    -1.90447     0.82268     3.49801
  336    795    -2.01736     0.82440     3.49159
  337    795    -2.01413     0.82440     3.49159
  359    795    -1.94300     0.82440     3.49159
  360    795    -1.93977     0.82440     3.49159
  361    795    -1.93654     0.82440     3.49159
  362    795    -1.93330     0.82440     3.49159
  363    795    -1.93007     0.82440     3.49159
  364    795    -1.92684     0.82440     3.49159
  365    795    -1.92360     0.82440     3.49159
  366    795    -1.92037     0.82440     3.49159
  371    795    -1.90421     0.82440     3.49159
  372    795    -1.90097     0.82440     3.49159
  373    795    -1.89774     0.82440     3.49159
  335    796    -2.01689     0.82612     3.48518
  336    796    -2.01366     0.82612     3.48518
  338    796    -2.00721     0.82612     3.48518
  359    796    -1.93944     0.82612     3.48518
  360    796    -1.93621     0.82612     3.48518
  361    796    -1.93299     0.82612     3.48518
  362    796    -1.92976     0.82612     3.48518
  363    796    -1.92653     0.82612     3.48518
  365    796    -1.92008     0.82612     3.48518
  366    796    -1.91685     0.82612     3.48518
  370    796    -1.90394     0.82612     3.48518
  371    796    -1.90072     0.82612     3.48518
  372    796    -1.89749     0.82612     3.48518
  334    797    -2.01642     0.82783     3.47880
  335    797    -2.01320     0.82783     3.47880
  358    797    -1.93911     0.82783     3.47880
  359    797    -1.93589     0.82783     3.47880
  360    797    -1.93267     0.82783     3.47880
  361    797    -1.92945     0.82783     3.47880
  362    797    -1.92623     0.82783     3.47880
  363    797    -1.92301     0.82783     3.47880
  365    797    -1.91656     0.82783     3.47880
  366    797    -1.91334     0.82783     3.47880
  369    797    -1.90368     0.82783     3.47880
  370    797    -1.90046     0.82783     3.47880
  371    797    -1.89724     0.82783     3.47880
  372    797    -1.89402     0.82783     3.47880
  334    798    -2.01273     0.82953     3.47245
  337    798    -2.00309     0.82953     3.47245
  338    798    -1.99987     0.82953     3.47245
  358    798    -1.93557     0.82953     3.47245
  359    798    -1.93235     0.82953     3.47245
  360    798    -1.92914     0.82953     3.47245
  361    798    -1.92592     0.82953     3.47245
  362    798    -1.92271     0.82953     3.47245
  363    798    -1.91949     0.82953     3.47245
  365    798    -1.91306     0.82953     3.47245
  366    798    -1.90985     0.82953     3.47245
  367    798    -1.90663     0.82953     3.47245
  368    798    -1.90342     0.82953     3.47245
  369    798    -1.90020     0.82953     3.47245
  370    798    -1.89699     0.82953     3.47245
  371    798    -1.89377     0.82953     3.47245
  335    799    -2.00585     0.83123     3.46612
  336    799    -2.00265     0.83123     3.46612
  337    799    -1.99944     0.83123     3.46612
  357    799    -1.93525     0.83123     3.46612
  358    799    -1.93204     0.83123     3.46612
  359    799    -1.92883     0.83123     3.46612
  360    799    -1.92562     0.83123     3.46612
  361    799    -1.92241     0.83123     3.46612
  362    799    -1.91920     0.83123     3.46612
  363    799    -1.91599     0.83123     3.46612
  365    799    -1.90957     0.83123     3.46612
  366    799    -1.90636     0.83123     3.46612
  367    799    -1.90316     0.83123     3.46612
  368    799    -1.89995     0.83123     3.46612
  369    799    -1.89674     0.83123     3.46612
  370    799    -1.89353     0.83123     3.46612
  355    800    -1.93813     0.83292     3.45981
  356    800    -1.93493     0.83292     3.45981
  357    800    -1.93173     0.83292     3.45981
  358    800    -1.92852     0.83292     3.45981
  359    800    -1.92532     0.83292     3.45981
  360    800    -1.92212     0.83292     3.45981
  361    800    -1.91891     0.83292     3.45981
  362    800    -1.91571     0.83292     3.45981
  363    800    -1.91250     0.83292     3.45981
  365    800    -1.90610     0.83292     3.45981
  366    800    -1.90289     0.83292     3.45981
  367    800    -1.89969     0.83292     3.45981
  368    800    -1.89649     0.83292     3.45981
  369    800    -1.89328     0.83292     3.45981
  354    801    -1.93781     0.83460     3.45352
  355    801    -1.93461     0.83460     3.45352
  356    801    -1.93141     0.83460     3.45352
  357    801    -1.92822     0.83460     3.45352
  358    801    -1.92502     0.83460     3.45352
  359    801    -1.92182     0.83460     3.45352
  360    801    -1.91862     0.83460     3.45352
  361    801    -1.91543     0.83460     3.45352
  362    801    -1.91223     0.83460     3.45352
  365    801    -1.90263     0.83460     3.45352
  366    801    -1.89944     0.83460     3.45352
  367    801    -1.89624     0.83460     3.45352
  368    801    -1.89304     0.83460     3.45352
  369    801    -1.88984     0.83460     3.45352
  353    802    -1.93749     0.83628     3.44726
  354    802    -1.93430     0.83628     3.44726
  355    802    -1.93110     0.83628     3.44726
  356    802    -1.92791     0.83628     3.44726
  357    802    -1.92472     0.83628     3.44726
  358    802    -1.92153     0.83628     3.44726
  361    802    -1.91195     0.83628     3.44726
  362    802    -1.90876     0.83628     3.44726
  363    802    -1.90557     0.83628     3.44726
  364    802    -1.90238     0.83628     3.44726
  365    802    -1.89918     0.83628     3.44726
  366    802    -1.89599     0.83628     3.44726
  367    802    -1.89280     0.83628     3.44726
  368    802    -1.88961     0.83628     3.44726
  353    803    -1.93398     0.83795     3.44102
  354    803    -1.93079     0.83795     3.44102
  355    803    -1.92761     0.83795     3.44102
  356    803    -1.92442     0.83795     3.44102
  357    803    -1.92123     0.83795     3.44102
  361    803    -1.90849     0.83795     3.44102
  362    803    -1.90530     0.83795     3.44102
  363    803    -1.90212     0.83795     3.44102
  364    803    -1.89893     0.83795     3.44102
  365    803    -1.89575     0.83795     3.44102
  366    803    -1.89256     0.83795     3.44102
  367    803    -1.88937     0.83795     3.44102
  368    803    -1.88619     0.83795     3.44102
  351    804    -1.93685     0.83962     3.43480
  352    804    -1.93367     0.83962     3.43480
  353    804    -1.93048     0.83962     3.43480
  354    804    -1.92730     0.83962     3.43480
  355    804    -1.92412     0.83962     3.43480
  356    804    -1.92094     0.83962     3.43480
  359    804    -1.91140     0.83962     3.43480
  360    804    -1.90822     0.83962     3.43480
  361    804    -1.90504     0.83962     3.43480
  362    804    -1.90186     0.83962     3.43480
  363    804    -1.89868     0.83962     3.43480
  364    804    -1.89550     0.83962     3.43480
  365    804    -1.89232     0.83962     3.43480
  366    804    -1.88914     0.83962     3.43480
  367    804    -1.88596     0.83962     3.43480
  350    805    -1.93653     0.84128     3.42860
  351    805    -1.93335     0.84128     3.42860
  352    805    -1.93018     0.84128     3.42860
  353    805    -1.92700     0.84128     3.42860
  354    805    -1.92383     0.84128     3.42860
  355    805    -1.92065     0.84128     3.42860
  358    805    -1.91113     0.84128     3.42860
  359    805    -1.90795     0.84128     3.42860
  360    805    -1.90478     0.84128     3.42860
  361    805    -1.90161     0.84128     3.42860
  362    805    -1.89843     0.84128     3.42860
  363    805    -1.89526     0.84128     3.42860
  364    805    -1.89208     0.84128     3.42860
  365    805    -1.88891     0.84128     3.42860
  366    805    -1.88573     0.84128     3.42860
  349    806    -1.93621     0.84293     3.42243
  350    806    -1.93304     0.84293     3.42243
  351    806    -1.92987     0.84293     3.42243
  352    806    -1.92670     0.84293     3.42243
  353    806    -1.92353     0.84293     3.42243
  357    806    -1.91086     0.84293     3.42243
  358    806    -1.90769     0.84293     3.42243
  359    806    -1.90452     0.84293     3.42243
  360    806    -1.90135     0.84293     3.42243
  363    806    -1.89184     0.84293     3.42243
  364    806    -1.88867     0.84293     3.42243
  349    807    -1.93273     0.84458     3.41628
  350    807    -1.92957     0.84458     3.41628
  351    807    -1.92640     0.84458     3.41628
  352    807    -1.92324     0.84458     3.41628
  353    807    -1.92008     0.84458     3.41628
  355    807    -1.91375     0.84458     3.41628
  356    807    -1.91059     0.84458     3.41628
  357    807    -1.90742     0.84458     3.41628
  358    807    -1.90426     0.84458     3.41628
  359    807    -1.90110     0.84458     3.41628
  348    808    -1.93242     0.84622     3.41015
  349    808    -1.92926     0.84622     3.41015
  350    808    -1.92610     0.84622     3.41015
  351    808    -1.92295     0.84622     3.41015
  352    808    -1.91979     0.84622     3.41015
  353    808    -1.91663     0.84622     3.41015
  354    808    -1.91347     0.84622     3.41015
  355    808    -1.91032     0.84622     3.41015
  356    808    -1.90716     0.84622     3.41015
  357    808    -1.90400     0.84622     3.41015
  358    808    -1.90084     0.84622     3.41015
  359    808    -1.89769     0.84622     3.41015
  323    809    -2.00776     0.84786     3.40404
  324    809    -2.00460     0.84786     3.40404
  346    809    -1.93526     0.84786     3.40404
  347    809    -1.93211     0.84786     3.40404
  348    809    -1.92896     0.84786     3.40404
  349    809    -1.92581     0.84786     3.40404
  350    809    -1.92265     0.84786     3.40404
  351    809    -1.91950     0.84786     3.40404
  352    809    -1.91635     0.84786     3.40404
  353    809    -1.91320     0.84786     3.40404
  354    809    -1.91005     0.84786     3.40404
  355    809    -1.90689     0.84786     3.40404
  356    809    -1.90374     0.84786     3.40404
  357    809    -1.90059     0.84786     3.40404
  358    809    -1.89744     0.84786     3.40404
  322    810    -2.00731     0.84949     3.39796
  323    810    -2.00417     0.84949     3.39796
  345    810    -1.93495     0.84949     3.39796
  346    810    -1.93180     0.84949     3.39796
  347    810    -1.92866     0.84949     3.39796
  348    810    -1.92551     0.84949     3.39796
  349    810    -1.92236     0.84949     3.39796
  350    810    -1.91922     0.84949     3.39796
  351    810    -1.91607     0.84949     3.39796
  352    810    -1.91292     0.84949     3.39796
  353    810    -1.90978     0.84949     3.39796
  354    810    -1.90663     0.84949     3.39796
  355    810    -1.90349     0.84949     3.39796
  356    810    -1.90034     0.84949     3.39796
  357    810    -1.89719     0.84949     3.39796
  321    811    -2.00687     0.85111     3.39189
  322    811    -2.00373     0.85111     3.39189
  323    811    -2.00059     0.85111     3.39189
  326    811    -1.99117     0.85111     3.39189
  344    811    -1.93464     0.85111     3.39189
  345    811    -1.93150     0.85111     3.39189
  346    811    -1.92835     0.85111     3.39189
  347    811    -1.92521     0.85111     3.39189
  348    811    -1.92207     0.85111     3.39189
  349    811    -1.91893     0.85111     3.39189
  350    811    -1.91579     0.85111     3.39189
  351    811    -1.91265     0.85111     3.39189
  352    811    -1.90951     0.85111     3.39189
  353    811    -1.90637     0.85111     3.39189
  354    811    -1.90323     0.85111     3.39189
  355    811    -1.90009     0.85111     3.39189
  356    811    -1.89695     0.85111     3.39189
  320    812    -2.00643     0.85273     3.38585
  321    812    -2.00330     0.85273     3.38585
  322    812    -2.00016     0.85273     3.38585
  325    812    -1.99076     0.85273     3.38585
  326    812    -1.98762     0.85273     3.38585
  343    812    -1.93432     0.85273     3.38585
  344    812    -1.93119     0.85273     3.38585
  345    812    -1.92805     0.85273     3.38585
  346    812    -1.92492     0.85273     3.38585
  347    812    -1.92178     0.85273     3.38585
  348    812    -1.91865     0.85273     3.38585
  349    812    -1.91551     0.85273     3.38585
  350    812    -1.91238     0.85273     3.38585
  352    812    -1.90611     0.85273     3.38585
  353    812    -1.90297     0.85273     3.38585
  354    812    -1.89984     0.85273     3.38585
  355    812    -1.89670     0.85273     3.38585
  356    812    -1.89357     0.85273     3.38585
  320    813    -2.00286     0.85435     3.37983
  321    813    -1.99973     0.85435     3.37983
  326    813    -1.98409     0.85435     3.37983
  341    813    -1.93714     0.85435     3.37983
  342    813    -1.93401     0.85435     3.37983
  343    813    -1.93089     0.85435     3.37983
  344    813    -1.92776     0.85435     3.37983
  345    813    -1.92463     0.85435     3.37983
  346    813    -1.92150     0.85435     3.37983
  347    813    -1.91837     0.85435     3.37983
  348    813    -1.91524     0.85435     3.37983
  351    813    -1.90585     0.85435     3.37983
  352    813    -1.90272     0.85435     3.37983
  353    813    -1.89959     0.85435     3.37983
  354    813    -1.89646     0.85435     3.37983
  355    813    -1.89333     0.85435     3.37983
  326    814    -1.98056     0.85595     3.37383
  327    814    -1.97744     0.85595     3.37383
  339    814    -1.93995     0.85595     3.37383
  340    814    -1.93683     0.85595     3.37383
  341    814    -1.93371     0.85595     3.37383
  342    814    -1.93058     0.85595     3.37383
  343    814    -1.92746     0.85595     3.37383
  344    814    -1.92433     0.85595     3.37383
  345    814    -1.92121     0.85595     3.37383
  346    814    -1.91809     0.85595     3.37383
  347    814    -1.91496     0.85595     3.37383
  350    814    -1.90559     0.85595     3.37383
  351    814    -1.90247     0.85595     3.37383
  352    814    -1.89934     0.85595     3.37383
  353    814    -1.89622     0.85595     3.37383
  354    814    -1.89309     0.85595     3.37383
  355    814    -1.88997     0.85595     3.37383
  327    815    -1.97394     0.85756     3.36785
  339    815    -1.93652     0.85756     3.36785
  340    815    -1.93340     0.85756     3.36785
  341    815    -1.93028     0.85756     3.36785
  342    815    -1.92716     0.85756     3.36785
  343    815    -1.92404     0.85756     3.36785
  344    815    -1.92092     0.85756     3.36785
  345    815    -1.91781     0.85756     3.36785
  346    815    -1.91469     0.85756     3.36785
  347    815    -1.91157     0.85756     3.36785
  349    815    -1.90533     0.85756     3.36785
  350    815    -1.90221     0.85756     3.36785
  351    815    -1.89910     0.85756     3.36785
  352    815    -1.89598     0.85756     3.36785
  353    815    -1.89286     0.85756     3.36785
  354    815    -1.88974     0.85756     3.36785
  355    815    -1.88662     0.85756     3.36785
  327    816    -1.97045     0.85915     3.36190
  339    816    -1.93309     0.85915     3.36190
  340    816    -1.92998     0.85915     3.36190
  341    816    -1.92687     0.85915     3.36190
  342    816    -1.92375     0.85915     3.36190
  343    816    -1.92064     0.85915     3.36190
  344    816    -1.91753     0.85915     3.36190
  345    816    -1.91441     0.85915     3.36190
  346    816    -1.91130     0.85915     3.36190
  349    816    -1.90196     0.85915     3.36190
  350    816    -1.89885     0.85915     3.36190
  351    816    -1.89574     0.85915     3.36190
  352    816    -1.89262     0.85915     3.36190
  353    816    -1.88951     0.85915     3.36190
  354    816    -1.88640     0.85915     3.36190
  355    816    -1.88329     0.85915     3.36190
  327    817    -1.96697     0.86074     3.35596
  338    817    -1.93279     0.86074     3.35596
  339    817    -1.92968     0.86074     3.35596
  340    817    -1.92657     0.86074     3.35596
  341    817    -1.92346     0.86074     3.35596
  342    817    -1.92036     0.86074     3.35596
  343    817    -1.91725     0.86074     3.35596
  344    817    -1.91414     0.86074     3.35596
  345    817    -1.91103     0.86074     3.35596
  346    817    -1.90793     0.86074     3.35596
  348    817    -1.90171     0.86074     3.35596
  349    817    -1.89860     0.86074     3.35596
  350    817    -1.89550     0.86074     3.35596
  351    817    -1.89239     0.86074     3.35596
  352    817    -1.88928     0.86074     3.35596
  353    817    -1.88618     0.86074     3.35596
  354    817    -1.88307     0.86074     3.35596
  355    817    -1.87996     0.86074     3.35596
  316    818    -1.99762     0.86233     3.35005
  326    818    -1.96660     0.86233     3.35005
  336    818    -1.93558     0.86233     3.35005
  337    818    -1.93248     0.86233     3.35005
  338    818    -1.92938     0.86233     3.35005
  339    818    -1.92628     0.86233     3.35005
  340    818    -1.92318     0.86233     3.35005
  341    818    -1.92007     0.86233     3.35005
  342    818    -1.91697     0.86233     3.35005
  343    818    -1.91387     0.86233     3.35005
  344    818    -1.91077     0.86233     3.35005
  345    818    -1.90767     0.86233     3.35005
  348    818    -1.89836     0.86233     3.35005
  349    818    -1.89526     0.86233     3.35005
  350    818    -1.89216     0.86233     3.35005
  351    818    -1.88905     0.86233     3.35005
  352    818    -1.88595     0.86233     3.35005
  353    818    -1.88285     0.86233     3.35005
  354    818    -1.87975     0.86233     3.35005
  316    819    -1.99411     0.86391     3.34415
  335    819    -1.93527     0.86391     3.34415
  336    819    -1.93218     0.86391     3.34415
  337    819    -1.92908     0.86391     3.34415
  338    819    -1.92598     0.86391     3.34415
  339    819    -1.92289     0.86391     3.34415
  340    819    -1.91979     0.86391     3.34415
  341    819    -1.91670     0.86391     3.34415
  342    819    -1.91360     0.86391     3.34415
  343    819    -1.91050     0.86391     3.34415
  344    819    -1.90741     0.86391     3.34415
  345    819    -1.90431     0.86391     3.34415
  347    819    -1.89812     0.86391     3.34415
  348    819    -1.89502     0.86391     3.34415
  349    819    -1.89192     0.86391     3.34415
  350    819    -1.88883     0.86391     3.34415
  351    819    -1.88573     0.86391     3.34415
  352    819    -1.88263     0.86391     3.34415
  353    819    -1.87954     0.86391     3.34415
  315    820    -1.99370     0.86548     3.33828
  316    820    -1.99060     0.86548     3.33828
  331    820    -1.94424     0.86548     3.33828
  332    820    -1.94115     0.86548     3.33828
  333    820    -1.93806     0.86548     3.33828
  334    820    -1.93497     0.86548     3.33828
  335    820    -1.93188     0.86548     3.33828
  336    820    -1.92878     0.86548     3.33828
  337    820    -1.92569     0.86548     3.33828
  338    820    -1.92260     0.86548     3.33828
  339    820    -1.91951     0.86548     3.33828
  340    820    -1.91642     0.86548     3.33828
  341    820    -1.91333     0.86548     3.33828
  342    820    -1.91024     0.86548     3.33828
  343    820    -1.90715     0.86548     3.33828
  346    820    -1.89787     0.86548     3.33828
  347    820    -1.89478     0.86548     3.33828
  348    820    -1.89169     0.86548     3.33828
  349    820    -1.88860     0.86548     3.33828
  350    820    -1.88551     0.86548     3.33828
  351    820    -1.88242     0.86548     3.33828
  352    820    -1.87933     0.86548     3.33828
  316    821    -1.98711     0.86705     3.33243
  331    821    -1.94083     0.86705     3.33243
  332    821    -1.93774     0.86705     3.33243
  333    821    -1.93466     0.86705     3.33243
  334    821    -1.93157     0.86705     3.33243
  336    821    -1.92540     0.86705     3.33243
  337    821    -1.92232     0.86705     3.33243
  338    821    -1.91923     0.86705     3.33243
  339    821    -1.91615     0.86705     3.33243
  340    821    -1.91306     0.86705     3.33243
  341    821    -1.90997     0.86705     3.33243
  342    821    -1.90689     0.86705     3.33243
  345    821    -1.89763     0.86705     3.33243
  346    821    -1.89455     0.86705     3.33243
  347    821    -1.89146     0.86705     3.33243
  348    821    -1.88838     0.86705     3.33243
  349    821    -1.88529     0.86705     3.33243
  350    821    -1.88220     0.86705     3.33243
  351    821    -1.87912     0.86705     3.33243
  330    822    -1.94051     0.86861     3.32660
  331    822    -1.93743     0.86861     3.32660
  332    822    -1.93435     0.86861     3.32660
  334    822    -1.92819     0.86861     3.32660
  336    822    -1.92203     0.86861     3.32660
  337    822    -1.91895     0.86861     3.32660
  338    822    -1.91587     0.86861     3.32660
  339    822    -1.91279     0.86861     3.32660
  340    822    -1.90971     0.86861     3.32660
  344    822    -1.89739     0.86861     3.32660
  345    822    -1.89431     0.86861     3.32660
  346    822    -1.89123     0.86861     3.32660
  347    822    -1.88815     0.86861     3.32660
  348    822    -1.88507     0.86861     3.32660
  349    822    -1.88199     0.86861     3.32660
  350    822    -1.87891     0.86861     3.32660
  351    822    -1.87583     0.86861     3.32660
  330    823    -1.93712     0.87017     3.32078
  331    823    -1.93405     0.87017     3.32078
  332    823    -1.93097     0.87017     3.32078
  336    823    -1.91867     0.87017     3.32078
  337    823    -1.91560     0.87017     3.32078
  338    823    -1.91253     0.87017     3.32078
  339    823    -1.90945     0.87017     3.32078
  343    823    -1.89715     0.87017     3.32078
  344    823    -1.89408     0.87017     3.32078
  345    823    -1.89100     0.87017     3.32078
  346    823    -1.88793     0.87017     3.32078
  347    823    -1.88485     0.87017     3.32078
  348    823    -1.88178     0.87017     3.32078
  349    823    -1.87870     0.87017     3.32078
  350    823    -1.87563     0.87017     3.32078
  330    824    -1.93375     0.87172     3.31499
  331    824    -1.93068     0.87172     3.31499
  332    824    -1.92761     0.87172     3.31499
  334    824    -1.92147     0.87172     3.31499
  335    824    -1.91840     0.87172     3.31499
  336    824    -1.91533     0.87172     3.31499
  337    824    -1.91226     0.87172     3.31499
  338    824    -1.90919     0.87172     3.31499
  339    824    -1.90612     0.87172     3.31499
  343    824    -1.89384     0.87172     3.31499
  344    824    -1.89077     0.87172     3.31499
  345    824    -1.88770     0.87172     3.31499
  346    824    -1.88463     0.87172     3.31499
  347    824    -1.88156     0.87172     3.31499
  348    824    -1.87850     0.87172     3.31499
  349    824    -1.87543     0.87172     3.31499
  350    824    -1.87236     0.87172     3.31499
  329    825    -1.93344     0.87327     3.30922
  330    825    -1.93038     0.87327     3.30922
  331    825    -1.92731     0.87327     3.30922
  332    825    -1.92425     0.87327     3.30922
  333    825    -1.92119     0.87327     3.30922
  334    825    -1.91812     0.87327     3.30922
  335    825    -1.91506     0.87327     3.30922
  336    825    -1.91199     0.87327     3.30922
  337    825    -1.90893     0.87327     3.30922
  338    825    -1.90587     0.87327     3.30922
  339    825    -1.90280     0.87327     3.30922
  343    825    -1.89055     0.87327     3.30922
  344    825    -1.88748     0.87327     3.30922
  345    825    -1.88442     0.87327     3.30922
  346    825    -1.88135     0.87327     3.30922
  347    825    -1.87829     0.87327     3.30922
  348    825    -1.87522     0.87327     3.30922
  349    825    -1.87216     0.87327     3.30922
  328    826    -1.93314     0.87481     3.30347
  329    826    -1.93008     0.87481     3.30347
  330    826    -1.92702     0.87481     3.30347
  331    826    -1.92396     0.87481     3.30347
  332    826    -1.92091     0.87481     3.30347
  333    826    -1.91785     0.87481     3.30347
  334    826    -1.91479     0.87481     3.30347
  335    826    -1.91173     0.87481     3.30347
  336    826    -1.90867     0.87481     3.30347
  337    826    -1.90561     0.87481     3.30347
  338    826    -1.90255     0.87481     3.30347
  342    826    -1.89032     0.87481     3.30347
  343    826    -1.88726     0.87481     3.30347
  344    826    -1.88420     0.87481     3.30347
  345    826    -1.88114     0.87481     3.30347
  346    826    -1.87808     0.87481     3.30347
  347    826    -1.87502     0.87481     3.30347
  348    826    -1.87197     0.87481     3.30347
  349    826    -1.86891     0.87481     3.30347
  328    827    -1.92979     0.87634     3.29774
  329    827    -1.92673     0.87634     3.29774
  331    827    -1.92063     0.87634     3.29774
  332    827    -1.91757     0.87634     3.29774
  333    827    -1.91452     0.87634     3.29774
  334    827    -1.91147     0.87634     3.29774
  335    827    -1.90841     0.87634     3.29774
  336    827    -1.90536     0.87634     3.29774
  341    827    -1.89009     0.87634     3.29774
  342    827    -1.88704     0.87634     3.29774
  343    827    -1.88399     0.87634     3.29774
  344    827    -1.88093     0.87634     3.29774
  345    827    -1.87788     0.87634     3.29774
  346    827    -1.87483     0.87634     3.29774
  347    827    -1.87177     0.87634     3.29774
  348    827    -1.86872     0.87634     3.29774
  328    828    -1.92645     0.87787     3.29203
  329    828    -1.92340     0.87787     3.29203
  332    828    -1.91425     0.87787     3.29203
  333    828    -1.91120     0.87787     3.29203
  334    828    -1.90816     0.87787     3.29203
  335    828    -1.90511     0.87787     3.29203
  340    828    -1.88987     0.87787     3.29203
  341    828    -1.88682     0.87787     3.29203
  342    828    -1.88377     0.87787     3.29203
  343    828    -1.88072     0.87787     3.29203
  344    828    -1.87767     0.87787     3.29203
  345    828    -1.87463     0.87787     3.29203
  346    828    -1.87158     0.87787     3.29203
  347    828    -1.86853     0.87787     3.29203
  324    829    -1.93529     0.87940     3.28633
  325    829    -1.93224     0.87940     3.28633
  326    829    -1.92920     0.87940     3.28633
  327    829    -1.92616     0.87940     3.28633
  328    829    -1.92311     0.87940     3.28633
  329    829    -1.92007     0.87940     3.28633
  330    829    -1.91703     0.87940     3.28633
  331    829    -1.91399     0.87940     3.28633
  332    829    -1.91094     0.87940     3.28633
  333    829    -1.90790     0.87940     3.28633
  334    829    -1.90486     0.87940     3.28633
  335    829    -1.90181     0.87940     3.28633
  340    829    -1.88660     0.87940     3.28633
  341    829    -1.88356     0.87940     3.28633
  342    829    -1.88051     0.87940     3.28633
  343    829    -1.87747     0.87940     3.28633
  344    829    -1.87443     0.87940     3.28633
  345    829    -1.87138     0.87940     3.28633
  346    829    -1.86834     0.87940     3.28633
  323    830    -1.93498     0.88092     3.28066
  324    830    -1.93195     0.88092     3.28066
  325    830    -1.92891     0.88092     3.28066
  326    830    -1.92587     0.88092     3.28066
  327    830    -1.92283     0.88092     3.28066
  328    830    -1.91980     0.88092     3.28066
  329    830    -1.91676     0.88092     3.28066
  330    830    -1.91372     0.88092     3.28066
  331    830    -1.91068     0.88092     3.28066
  332    830    -1.90764     0.88092     3.28066
  333    830    -1.90461     0.88092     3.28066
  334    830    -1.90157     0.88092     3.28066
  335    830    -1.89853     0.88092     3.28066
  339    830    -1.88638     0.88092     3.28066
  340    830    -1.88334     0.88092     3.28066
  341    830    -1.88031     0.88092     3.28066
  342    830    -1.87727     0.88092     3.28066
  343    830    -1.87423     0.88092     3.28066
  344    830    -1.87119     0.88092     3.28066
  304    831    -1.98927     0.88243     3.27501
  323    831    -1.93165     0.88243     3.27501
  324    831    -1.92862     0.88243     3.27501
  325    831    -1.92558     0.88243     3.27501
  326    831    -1.92255     0.88243     3.27501
  327    831    -1.91952     0.88243     3.27501
  328    831    -1.91649     0.88243     3.27501
  329    831    -1.91345     0.88243     3.27501
  330    831    -1.91042     0.88243     3.27501
  331    831    -1.90739     0.88243     3.27501
  332    831    -1.90436     0.88243     3.27501
  333    831    -1.90133     0.88243     3.27501
  334    831    -1.89829     0.88243     3.27501
  335    831    -1.89526     0.88243     3.27501
  338    831    -1.88616     0.88243     3.27501
  339    831    -1.88313     0.88243     3.27501
  340    831    -1.88010     0.88243     3.27501
  341    831    -1.87707     0.88243     3.27501
  342    831    -1.87403     0.88243     3.27501
  343    831    -1.87100     0.88243     3.27501
  344    831    -1.86797     0.88243     3.27501
  303    832    -1.98887     0.88394     3.26938
  304    832    -1.98584     0.88394     3.26938
  323    832    -1.92833     0.88394     3.26938
  324    832    -1.92530     0.88394     3.26938
  325    832    -1.92227     0.88394     3.26938
  326    832    -1.91925     0.88394     3.26938
  327    832    -1.91622     0.88394     3.26938
  328    832    -1.91319     0.88394     3.26938
  329    832    -1.91016     0.88394     3.26938
  330    832    -1.90714     0.88394     3.26938
  331    832    -1.90411     0.88394     3.26938
  332    832    -1.90108     0.88394     3.26938
  333    832    -1.89805     0.88394     3.26938
  334    832    -1.89503     0.88394     3.26938
  338    832    -1.88292     0.88394     3.26938
  339    832    -1.87989     0.88394     3.26938
  340    832    -1.87686     0.88394     3.26938
  341    832    -1.87384     0.88394     3.26938
  342    832    -1.87081     0.88394     3.26938
  343    832    -1.86778     0.88394     3.26938
  302    833    -1.98848     0.88545     3.26376
  303    833    -1.98546     0.88545     3.26376
  306    833    -1.97639     0.88545     3.26376
  322    833    -1.92804     0.88545     3.26376
  323    833    -1.92502     0.88545     3.26376
  324    833    -1.92199     0.88545     3.26376
  325    833    -1.91897     0.88545     3.26376
  326    833    -1.91595     0.88545     3.26376
  329    833    -1.90688     0.88545     3.26376
  330    833    -1.90386     0.88545     3.26376
  331    833    -1.90084     0.88545     3.26376
  332    833    -1.89782     0.88545     3.26376
  333    833    -1.89480     0.88545     3.26376
  337    833    -1.88271     0.88545     3.26376
  338    833    -1.87969     0.88545     3.26376
  339    833    -1.87666     0.88545     3.26376
  340    833    -1.87364     0.88545     3.26376
  341    833    -1.87062     0.88545     3.26376
  342    833    -1.86760     0.88545     3.26376
  343    833    -1.86458     0.88545     3.26376
  305    834    -1.97602     0.88695     3.25817
  306    834    -1.97300     0.88695     3.25817
  321    834    -1.92775     0.88695     3.25817
  322    834    -1.92473     0.88695     3.25817
  323    834    -1.92172     0.88695     3.25817
  324    834    -1.91870     0.88695     3.25817
  325    834    -1.91568     0.88695     3.25817
  329    834    -1.90362     0.88695     3.25817
  330    834    -1.90060     0.88695     3.25817
  331    834    -1.89758     0.88695     3.25817
  336    834    -1.88250     0.88695     3.25817
  337    834    -1.87948     0.88695     3.25817
  338    834    -1.87646     0.88695     3.25817
  339    834    -1.87345     0.88695     3.25817
  340    834    -1.87043     0.88695     3.25817
  341    834    -1.86741     0.88695     3.25817
  342    834    -1.86440     0.88695     3.25817
  305    835    -1.97264     0.88844     3.25259
  306    835    -1.96963     0.88844     3.25259
  321    835    -1.92445     0.88844     3.25259
  322    835    -1.92144     0.88844     3.25259
  323    835    -1.91843     0.88844     3.25259
  324    835    -1.91542     0.88844     3.25259
  329    835    -1.90036     0.88844     3.25259
  330    835    -1.89735     0.88844     3.25259
  331    835    -1.89433     0.88844     3.25259
  332    835    -1.89132     0.88844     3.25259
  333    835    -1.88831     0.88844     3.25259
  334    835    -1.88530     0.88844     3.25259
  335    835    -1.88229     0.88844     3.25259
  336    835    -1.87928     0.88844     3.25259
  337    835    -1.87626     0.88844     3.25259
  338    835    -1.87325     0.88844     3.25259
  339    835    -1.87024     0.88844     3.25259
  340    835    -1.86723     0.88844     3.25259
  341    835    -1.86422     0.88844     3.25259
  321    836    -1.92116     0.88993     3.24704
  322    836    -1.91816     0.88993     3.24704
  323    836    -1.91515     0.88993     3.24704
  324    836    -1.91214     0.88993     3.24704
  330    836    -1.89410     0.88993     3.24704
  331    836    -1.89110     0.88993     3.24704
  332    836    -1.88809     0.88993     3.24704
  333    836    -1.88509     0.88993     3.24704
  334    836    -1.88208     0.88993     3.24704
  335    836    -1.87907     0.88993     3.24704
  336    836    -1.87607     0.88993     3.24704
  337    836    -1.87306     0.88993     3.24704
  338    836    -1.87005     0.88993     3.24704
  339    836    -1.86705     0.88993     3.24704
  340    836    -1.86404     0.88993     3.24704
  321    837    -1.91789     0.89141     3.24150
  322    837    -1.91489     0.89141     3.24150
  323    837    -1.91188     0.89141     3.24150
  324    837    -1.90888     0.89141     3.24150
  328    837    -1.89688     0.89141     3.24150
  332    837    -1.88487     0.89141     3.24150
  333    837    -1.88187     0.89141     3.24150
  334    837    -1.87887     0.89141     3.24150
  335    837    -1.87587     0.89141     3.24150
  336    837    -1.87287     0.89141     3.24150
  337    837    -1.86986     0.89141     3.24150
  338    837    -1.86686     0.89141     3.24150
  339    837    -1.86386     0.89141     3.24150
  340    837    -1.86086     0.89141     3.24150
  320    838    -1.91762     0.89289     3.23598
  321    838    -1.91462     0.89289     3.23598
  322    838    -1.91163     0.89289     3.23598
  323    838    -1.90863     0.89289     3.23598
  324    838    -1.90563     0.89289     3.23598
  325    838    -1.90264     0.89289     3.23598
  327    838    -1.89664     0.89289     3.23598
  328    838    -1.89365     0.89289     3.23598
  331    838    -1.88466     0.89289     3.23598
  332    838    -1.88166     0.89289     3.23598
  333    838    -1.87867     0.89289     3.23598
  334    838    -1.87567     0.89289     3.23598
  335    838    -1.87267     0.89289     3.23598
  336    838    -1.86968     0.89289     3.23598
  337    838    -1.86668     0.89289     3.23598
  338    838    -1.86369     0.89289     3.23598
  339    838    -1.86069     0.89289     3.23598
  319    839    -1.91735     0.89436     3.23048
  320    839    -1.91436     0.89436     3.23048
  321    839    -1.91137     0.89436     3.23048
  324    839    -1.90239     0.89436     3.23048
  325    839    -1.89940     0.89436     3.23048
  326    839    -1.89641     0.89436     3.23048
  330    839    -1.88445     0.89436     3.23048
  331    839    -1.88146     0.89436     3.23048
  332    839    -1.87846     0.89436     3.23048
  333    839    -1.87547     0.89436     3.23048
  334    839    -1.87248     0.89436     3.23048
  335    839    -1.86949     0.89436     3.23048
  336    839    -1.86650     0.89436     3.23048
  337    839    -1.86351     0.89436     3.23048
  338    839    -1.86052     0.89436     3.23048
  319    840    -1.91410     0.89583     3.22500
  320    840    -1.91111     0.89583     3.22500
  324    840    -1.89917     0.89583     3.22500
  325    840    -1.89618     0.89583     3.22500
  326    840    -1.89319     0.89583     3.22500
  328    840    -1.88722     0.89583     3.22500
  329    840    -1.88424     0.89583     3.22500
  330    840    -1.88125     0.89583     3.22500
  331    840    -1.87826     0.89583     3.22500
  332    840    -1.87528     0.89583     3.22500
  333    840    -1.87229     0.89583     3.22500
  334    840    -1.86931     0.89583     3.22500
  335    840    -1.86632     0.89583     3.22500
  336    840    -1.86333     0.89583     3.22500
  319    841    -1.91086     0.89730     3.21954
  320    841    -1.90787     0.89730     3.21954
  321    841    -1.90489     0.89730     3.21954
  324    841    -1.89595     0.89730     3.21954
  325    841    -1.89297     0.89730     3.21954
  326    841    -1.88999     0.89730     3.21954
  328    841    -1.88403     0.89730     3.21954
  329    841    -1.88104     0.89730     3.21954
  330    841    -1.87806     0.89730     3.21954
  331    841    -1.87508     0.89730     3.21954
  332    841    -1.87210     0.89730     3.21954
  333    841    -1.86912     0.89730     3.21954
  334    841    -1.86614     0.89730     3.21954
  320    842    -1.90465     0.89876     3.21409
  321    842    -1.90167     0.89876     3.21409
  322    842    -1.89870     0.89876     3.21409
  323    842    -1.89572     0.89876     3.21409
  324    842    -1.89274     0.89876     3.21409
  325    842    -1.88977     0.89876     3.21409
  326    842    -1.88679     0.89876     3.21409
  328    842    -1.88084     0.89876     3.21409
  329    842    -1.87786     0.89876     3.21409
  330    842    -1.87489     0.89876     3.21409
  331    842    -1.87191     0.89876     3.21409
  332    842    -1.86894     0.89876     3.21409
  333    842    -1.86596     0.89876     3.21409
  334    842    -1.86298     0.89876     3.21409
  322    843    -1.89549     0.90021     3.20867
  323    843    -1.89252     0.90021     3.20867
  324    843    -1.88955     0.90021     3.20867
  325    843    -1.88658     0.90021     3.20867
  326    843    -1.88361     0.90021     3.20867
  327    843    -1.88064     0.90021     3.20867
  328    843    -1.87766     0.90021     3.20867
  329    843    -1.87469     0.90021     3.20867
  330    843    -1.87172     0.90021     3.20867
  331    843    -1.86875     0.90021     3.20867
  332    843    -1.86578     0.90021     3.20867
  333    843    -1.86281     0.90021     3.20867
  322    844    -1.89230     0.90166     3.20326
  323    844    -1.88933     0.90166     3.20326
  324    844    -1.88636     0.90166     3.20326
  325    844    -1.88340     0.90166     3.20326
  326    844    -1.88043     0.90166     3.20326
  327    844    -1.87747     0.90166     3.20326
  328    844    -1.87450     0.90166     3.20326
  329    844    -1.87153     0.90166     3.20326
  330    844    -1.86857     0.90166     3.20326
  331    844    -1.86560     0.90166     3.20326
  332    844    -1.86264     0.90166     3.20326
  323    845    -1.88615     0.90310     3.19787
  324    845    -1.88319     0.90310     3.19787
  325    845    -1.88023     0.90310     3.19787
  326    845    -1.87727     0.90310     3.19787
  327    845    -1.87431     0.90310     3.19787
  328    845    -1.87135     0.90310     3.19787
  329    845    -1.86839     0.90310     3.19787
  330    845    -1.86542     0.90310     3.19787
  331    845    -1.86246     0.90310     3.19787
  332    845    -1.85950     0.90310     3.19787
  305    846    -1.93619     0.90454     3.19250
  324    846    -1.88003     0.90454     3.19250
  325    846    -1.87707     0.90454     3.19250
  326    846    -1.87412     0.90454     3.19250
  327    846    -1.87116     0.90454     3.19250
  328    846    -1.86820     0.90454     3.19250
  329    846    -1.86525     0.90454     3.19250
  330    846    -1.86229     0.90454     3.19250
  331    846    -1.85934     0.90454     3.19250
  303    847    -1.93885     0.90598     3.18715
  304    847    -1.93590     0.90598     3.18715
  305    847    -1.93295     0.90598     3.18715
  306    847    -1.92999     0.90598     3.18715
  307    847    -1.92704     0.90598     3.18715
  308    847    -1.92409     0.90598     3.18715
  309    847    -1.92114     0.90598     3.18715
  310    847    -1.91819     0.90598     3.18715
  315    847    -1.90344     0.90598     3.18715
  326    847    -1.87097     0.90598     3.18715
  327    847    -1.86802     0.90598     3.18715
  328    847    -1.86507     0.90598     3.18715
  329    847    -1.86212     0.90598     3.18715
  330    847    -1.85917     0.90598     3.18715
  331    847    -1.85622     0.90598     3.18715
  301    848    -1.94149     0.90741     3.18181
  302    848    -1.93855     0.90741     3.18181
  303    848    -1.93560     0.90741     3.18181
  304    848    -1.93266     0.90741     3.18181
  305    848    -1.92971     0.90741     3.18181
  306    848    -1.92676     0.90741     3.18181
  307    848    -1.92382     0.90741     3.18181
  308    848    -1.92087     0.90741     3.18181
  309    848    -1.91793     0.90741     3.18181
  310    848    -1.91498     0.90741     3.18181
  315    848    -1.90025     0.90741     3.18181
  329    848    -1.85900     0.90741     3.18181
  330    848    -1.85606     0.90741     3.18181
  300    849    -1.94119     0.90883     3.17649
  301    849    -1.93825     0.90883     3.17649
  302    849    -1.93531     0.90883     3.17649
  303    849    -1.93237     0.90883     3.17649
  304    849    -1.92943     0.90883     3.17649
  305    849    -1.92649     0.90883     3.17649
  306    849    -1.92354     0.90883     3.17649
  311    849    -1.90884     0.90883     3.17649
  299    850    -1.94089     0.91025     3.17119
  300    850    -1.93795     0.91025     3.17119
  301    850    -1.93502     0.91025     3.17119
  302    850    -1.93208     0.91025     3.17119
  303    850    -1.92914     0.91025     3.17119
  304    850    -1.92621     0.91025     3.17119
  311    850    -1.90565     0.91025     3.17119
  312    850    -1.90272     0.91025     3.17119
  313    850    -1.89978     0.91025     3.17119
  299    851    -1.93766     0.91167     3.16591
  300    851    -1.93472     0.91167     3.16591
  301    851    -1.93179     0.91167     3.16591
  302    851    -1.92886     0.91167     3.16591
  303    851    -1.92593     0.91167     3.16591
  304    851    -1.92300     0.91167     3.16591
  305    851    -1.92007     0.91167     3.16591
  306    851    -1.91714     0.91167     3.16591
  310    851    -1.90541     0.91167     3.16591
  311    851    -1.90248     0.91167     3.16591
  312    851    -1.89955     0.91167     3.16591
  313    851    -1.89662     0.91167     3.16591
  297    852    -1.94029     0.91308     3.16065
  298    852    -1.93736     0.91308     3.16065
  299    852    -1.93443     0.91308     3.16065
  300    852    -1.93151     0.91308     3.16065
  301    852    -1.92858     0.91308     3.16065
  302    852    -1.92565     0.91308     3.16065
  303    852    -1.92273     0.91308     3.16065
  305    852    -1.91687     0.91308     3.16065
  306    852    -1.91395     0.91308     3.16065
  310    852    -1.90224     0.91308     3.16065
  311    852    -1.89932     0.91308     3.16065
  312    852    -1.89639     0.91308     3.16065
  296    853    -1.93999     0.91448     3.15540
  297    853    -1.93707     0.91448     3.15540
  298    853    -1.93414     0.91448     3.15540
  299    853    -1.93122     0.91448     3.15540
  300    853    -1.92830     0.91448     3.15540
  301    853    -1.92538     0.91448     3.15540
  302    853    -1.92246     0.91448     3.15540
  305    853    -1.91369     0.91448     3.15540
  306    853    -1.91077     0.91448     3.15540
  309    853    -1.90201     0.91448     3.15540
  310    853    -1.89908     0.91448     3.15540
  311    853    -1.89616     0.91448     3.15540
  312    853    -1.89324     0.91448     3.15540
  295    854    -1.93969     0.91588     3.15017
  296    854    -1.93677     0.91588     3.15017
  297    854    -1.93386     0.91588     3.15017
  298    854    -1.93094     0.91588     3.15017
  299    854    -1.92802     0.91588     3.15017
  300    854    -1.92511     0.91588     3.15017
  304    854    -1.91344     0.91588     3.15017
  305    854    -1.91052     0.91588     3.15017
  306    854    -1.90760     0.91588     3.15017
  307    854    -1.90469     0.91588     3.15017
  308    854    -1.90177     0.91588     3.15017
  309    854    -1.89885     0.91588     3.15017
  310    854    -1.89594     0.91588     3.15017
  311    854    -1.89302     0.91588     3.15017
  295    855    -1.93648     0.91728     3.14496
  296    855    -1.93357     0.91728     3.14496
  297    855    -1.93066     0.91728     3.14496
  298    855    -1.92774     0.91728     3.14496
  299    855    -1.92483     0.91728     3.14496
  300    855    -1.92192     0.91728     3.14496
  304    855    -1.91027     0.91728     3.14496
  305    855    -1.90736     0.91728     3.14496
  306    855    -1.90445     0.91728     3.14496
  307    855    -1.90154     0.91728     3.14496
  308    855    -1.89862     0.91728     3.14496
  309    855    -1.89571     0.91728     3.14496
  310    855    -1.89280     0.91728     3.14496
  311    855    -1.88989     0.91728     3.14496
  294    856    -1.93619     0.91867     3.13977
  295    856    -1.93328     0.91867     3.13977
  296    856    -1.93037     0.91867     3.13977
  297    856    -1.92747     0.91867     3.13977
  298    856    -1.92456     0.91867     3.13977
  299    856    -1.92165     0.91867     3.13977
  300    856    -1.91875     0.91867     3.13977
  301    856    -1.91584     0.91867     3.13977
  302    856    -1.91293     0.91867     3.13977
  303    856    -1.91002     0.91867     3.13977
  304    856    -1.90712     0.91867     3.13977
  305    856    -1.90421     0.91867     3.13977
  306    856    -1.90130     0.91867     3.13977
  307    856    -1.89839     0.91867     3.13977
  308    856    -1.89549     0.91867     3.13977
  309    856    -1.89258     0.91867     3.13977
  310    856    -1.88967     0.91867     3.13977
  293    857    -1.93590     0.92006     3.13459
  294    857    -1.93300     0.92006     3.13459
  295    857    -1.93009     0.92006     3.13459
  296    857    -1.92719     0.92006     3.13459
  297    857    -1.92429     0.92006     3.13459
  298    857    -1.92139     0.92006     3.13459
  301    857    -1.91268     0.92006     3.13459
  302    857    -1.90978     0.92006     3.13459
  303    857    -1.90687     0.92006     3.13459
  304    857    -1.90397     0.92006     3.13459
  305    857    -1.90107     0.92006     3.13459
  306    857    -1.89817     0.92006     3.13459
  307    857    -1.89526     0.92006     3.13459
  308    857    -1.89236     0.92006     3.13459
  293    858    -1.93271     0.92144     3.12943
  294    858    -1.92981     0.92144     3.12943
  295    858    -1.92692     0.92144     3.12943
  296    858    -1.92402     0.92144     3.12943
  297    858    -1.92112     0.92144     3.12943
  298    858    -1.91822     0.92144     3.12943
  301    858    -1.90953     0.92144     3.12943
  302    858    -1.90663     0.92144     3.12943
  303    858    -1.90373     0.92144     3.12943
  304    858    -1.90084     0.92144     3.12943
  305    858    -1.89794     0.92144     3.12943
  306    858    -1.89504     0.92144     3.12943
  307    858    -1.89214     0.92144     3.12943
  280    859    -1.96714     0.92282     3.12428
  281    859    -1.96425     0.92282     3.12428
  292    859    -1.93243     0.92282     3.12428
  293    859    -1.92953     0.92282     3.12428
  294    859    -1.92664     0.92282     3.12428
  295    859    -1.92375     0.92282     3.12428
  296    859    -1.92086     0.92282     3.12428
  297    859    -1.91796     0.92282     3.12428
  300    859    -1.90928     0.92282     3.12428
  301    859    -1.90639     0.92282     3.12428
  302    859    -1.90350     0.92282     3.12428
  303    859    -1.90061     0.92282     3.12428
  304    859    -1.89771     0.92282     3.12428
  305    859    -1.89482     0.92282     3.12428
  306    859    -1.89193     0.92282     3.12428
  280    860    -1.96391     0.92419     3.11916
  291    860    -1.93214     0.92419     3.11916
  292    860    -1.92926     0.92419     3.11916
  293    860    -1.92637     0.92419     3.11916
  294    860    -1.92348     0.92419     3.11916
  295    860    -1.92059     0.92419     3.11916
  296    860    -1.91770     0.92419     3.11916
  298    860    -1.91193     0.92419     3.11916
  299    860    -1.90904     0.92419     3.11916
  300    860    -1.90615     0.92419     3.11916
  301    860    -1.90326     0.92419     3.11916
  302    860    -1.90037     0.92419     3.11916
  303    860    -1.89749     0.92419     3.11916
  304    860    -1.89460     0.92419     3.11916
  305    860    -1.89171     0.92419     3.11916
  280    861    -1.96070     0.92556     3.11405
  291    861    -1.92898     0.92556     3.11405
  292    861    -1.92609     0.92556     3.11405
  293    861    -1.92321     0.92556     3.11405
  294    861    -1.92033     0.92556     3.11405
  295    861    -1.91744     0.92556     3.11405
  298    861    -1.90879     0.92556     3.11405
  299    861    -1.90591     0.92556     3.11405
  300    861    -1.90303     0.92556     3.11405
  301    861    -1.90014     0.92556     3.11405
  302    861    -1.89726     0.92556     3.11405
  303    861    -1.89438     0.92556     3.11405
  304    861    -1.89149     0.92556     3.11405
  305    861    -1.88861     0.92556     3.11405
  280    862    -1.95749     0.92693     3.10895
  281    862    -1.95461     0.92693     3.10895
  282    862    -1.95173     0.92693     3.10895
  291    862    -1.92582     0.92693     3.10895
  292    862    -1.92294     0.92693     3.10895
  293    862    -1.92007     0.92693     3.10895
  294    862    -1.91719     0.92693     3.10895
  295    862    -1.91431     0.92693     3.10895
  297    862    -1.90855     0.92693     3.10895
  298    862    -1.90567     0.92693     3.10895
  299    862    -1.90279     0.92693     3.10895
  300    862    -1.89992     0.92693     3.10895
  301    862    -1.89704     0.92693     3.10895
  302    862    -1.89416     0.92693     3.10895
  303    862    -1.89128     0.92693     3.10895
  304    862    -1.88840     0.92693     3.10895
  291    863    -1.92268     0.92829     3.10388
  292    863    -1.91980     0.92829     3.10388
  293    863    -1.91693     0.92829     3.10388
  294    863    -1.91406     0.92829     3.10388
  295    863    -1.91118     0.92829     3.10388
  297    863    -1.90543     0.92829     3.10388
  298    863    -1.90256     0.92829     3.10388
  299    863    -1.89969     0.92829     3.10388
  300    863    -1.89681     0.92829     3.10388
  301    863    -1.89394     0.92829     3.10388
  302    863    -1.89106     0.92829     3.10388
  276    864    -1.96258     0.92964     3.09882
  288    864    -1.92815     0.92964     3.09882
  291    864    -1.91954     0.92964     3.09882
  292    864    -1.91667     0.92964     3.09882
  293    864    -1.91381     0.92964     3.09882
  294    864    -1.91094     0.92964     3.09882
  295    864    -1.90807     0.92964     3.09882
  297    864    -1.90233     0.92964     3.09882
  298    864    -1.89946     0.92964     3.09882
  299    864    -1.89659     0.92964     3.09882
  300    864    -1.89372     0.92964     3.09882
  301    864    -1.89085     0.92964     3.09882
  302    864    -1.88798     0.92964     3.09882
  274    865    -1.96512     0.93100     3.09377
  275    865    -1.96225     0.93100     3.09377
  285    865    -1.93361     0.93100     3.09377
  288    865    -1.92501     0.93100     3.09377
  289    865    -1.92215     0.93100     3.09377
  290    865    -1.91928     0.93100     3.09377
  291    865    -1.91642     0.93100     3.09377
  292    865    -1.91355     0.93100     3.09377
  293    865    -1.91069     0.93100     3.09377
  294    865    -1.90783     0.93100     3.09377
  296    865    -1.90210     0.93100     3.09377
  297    865    -1.89923     0.93100     3.09377
  298    865    -1.89637     0.93100     3.09377
  299    865    -1.89350     0.93100     3.09377
  300    865    -1.89064     0.93100     3.09377
  301    865    -1.88777     0.93100     3.09377
  302    865    -1.88491     0.93100     3.09377
  273    866    -1.96478     0.93234     3.08874
  274    866    -1.96192     0.93234     3.08874
  275    866    -1.95906     0.93234     3.08874
  278    866    -1.95048     0.93234     3.08874
  285    866    -1.93046     0.93234     3.08874
  286    866    -1.92760     0.93234     3.08874
  287    866    -1.92475     0.93234     3.08874
  288    866    -1.92189     0.93234     3.08874
  289    866    -1.91903     0.93234     3.08874
  290    866    -1.91617     0.93234     3.08874
  291    866    -1.91331     0.93234     3.08874
  292    866    -1.91045     0.93234     3.08874
  293    866    -1.90759     0.93234     3.08874
  294    866    -1.90473     0.93234     3.08874
  296    866    -1.89901     0.93234     3.08874
  297    866    -1.89615     0.93234     3.08874
  298    866    -1.89329     0.93234     3.08874
  299    866    -1.89043     0.93234     3.08874
  300    866    -1.88757     0.93234     3.08874
  301    866    -1.88471     0.93234     3.08874
  273    867    -1.96160     0.93369     3.08373
  274    867    -1.95874     0.93369     3.08373
  277    867    -1.95018     0.93369     3.08373
  278    867    -1.94732     0.93369     3.08373
  285    867    -1.92733     0.93369     3.08373
  286    867    -1.92448     0.93369     3.08373
  287    867    -1.92162     0.93369     3.08373
  288    867    -1.91877     0.93369     3.08373
  289    867    -1.91591     0.93369     3.08373
  290    867    -1.91306     0.93369     3.08373
  291    867    -1.91020     0.93369     3.08373
  292    867    -1.90735     0.93369     3.08373
  293    867    -1.90449     0.93369     3.08373
  294    867    -1.90164     0.93369     3.08373
  295    867    -1.89878     0.93369     3.08373
  296    867    -1.89592     0.93369     3.08373
  297    867    -1.89307     0.93369     3.08373
  298    867    -1.89021     0.93369     3.08373
  299    867    -1.88736     0.93369     3.08373
  300    867    -1.88450     0.93369     3.08373
  272    868    -1.96127     0.93502     3.07874
  273    868    -1.95842     0.93502     3.07874
  276    868    -1.94987     0.93502     3.07874
  277    868    -1.94702     0.93502     3.07874
  285    868    -1.92421     0.93502     3.07874
  286    868    -1.92136     0.93502     3.07874
  287    868    -1.91851     0.93502     3.07874
  288    868    -1.91566     0.93502     3.07874
  289    868    -1.91281     0.93502     3.07874
  290    868    -1.90996     0.93502     3.07874
  291    868    -1.90711     0.93502     3.07874
  292    868    -1.90426     0.93502     3.07874
  293    868    -1.90141     0.93502     3.07874
  295    868    -1.89570     0.93502     3.07874
  296    868    -1.89285     0.93502     3.07874
  297    868    -1.89000     0.93502     3.07874
  298    868    -1.88715     0.93502     3.07874
  299    868    -1.88430     0.93502     3.07874
  275    869    -1.94956     0.93636     3.07376
  276    869    -1.94671     0.93636     3.07376
  277    869    -1.94387     0.93636     3.07376
  285    869    -1.92110     0.93636     3.07376
  286    869    -1.91825     0.93636     3.07376
  287    869    -1.91541     0.93636     3.07376
  288    869    -1.91256     0.93636     3.07376
  289    869    -1.90972     0.93636     3.07376
  290    869    -1.90687     0.93636     3.07376
  291    869    -1.90402     0.93636     3.07376
  292    869    -1.90118     0.93636     3.07376
  294    869    -1.89548     0.93636     3.07376
  295    869    -1.89264     0.93636     3.07376
  296    869    -1.88979     0.93636     3.07376
  297    869    -1.88695     0.93636     3.07376
  298    869    -1.88410     0.93636     3.07376
  275    870    -1.94641     0.93769     3.06880
  284    870    -1.92084     0.93769     3.06880
  285    870    -1.91800     0.93769     3.06880
  286    870    -1.91516     0.93769     3.06880
  287    870    -1.91232     0.93769     3.06880
  288    870    -1.90947     0.93769     3.06880
  289    870    -1.90663     0.93769     3.06880
  293    870    -1.89527     0.93769     3.06880
  294    870    -1.89242     0.93769     3.06880
  295    870    -1.88958     0.93769     3.06880
  296    870    -1.88674     0.93769     3.06880
  297    870    -1.88390     0.93769     3.06880
  298    870    -1.88106     0.93769     3.06880
  284    871    -1.91774     0.93901     3.06385
  285    871    -1.91491     0.93901     3.06385
  286    871    -1.91207     0.93901     3.06385
  287    871    -1.90923     0.93901     3.06385
  288    871    -1.90640     0.93901     3.06385
  289    871    -1.90356     0.93901     3.06385
  290    871    -1.90072     0.93901     3.06385
  292    871    -1.89505     0.93901     3.06385
  293    871    -1.89221     0.93901     3.06385
  294    871    -1.88937     0.93901     3.06385
  295    871    -1.88654     0.93901     3.06385
  296    871    -1.88370     0.93901     3.06385
  297    871    -1.88086     0.93901     3.06385
  284    872    -1.91466     0.94033     3.05892
  285    872    -1.91182     0.94033     3.05892
  286    872    -1.90899     0.94033     3.05892
  287    872    -1.90616     0.94033     3.05892
  288    872    -1.90333     0.94033     3.05892
  290    872    -1.89766     0.94033     3.05892
  292    872    -1.89200     0.94033     3.05892
  293    872    -1.88917     0.94033     3.05892
  294    872    -1.88633     0.94033     3.05892
  295    872    -1.88350     0.94033     3.05892
  296    872    -1.88067     0.94033     3.05892
  297    872    -1.87784     0.94033     3.05892
  283    873    -1.91441     0.94165     3.05400
  284    873    -1.91158     0.94165     3.05400
  285    873    -1.90875     0.94165     3.05400
  286    873    -1.90593     0.94165     3.05400
  287    873    -1.90310     0.94165     3.05400
  291    873    -1.89179     0.94165     3.05400
  292    873    -1.88896     0.94165     3.05400
  293    873    -1.88613     0.94165     3.05400
  294    873    -1.88330     0.94165     3.05400
  295    873    -1.88048     0.94165     3.05400
  296    873    -1.87765     0.94165     3.05400
  283    874    -1.91134     0.94296     3.04911
  284    874    -1.90851     0.94296     3.04911
  285    874    -1.90569     0.94296     3.04911
  286    874    -1.90287     0.94296     3.04911
  287    874    -1.90004     0.94296     3.04911
  290    874    -1.89157     0.94296     3.04911
  291    874    -1.88875     0.94296     3.04911
  292    874    -1.88593     0.94296     3.04911
  293    874    -1.88311     0.94296     3.04911
  294    874    -1.88028     0.94296     3.04911
  295    874    -1.87746     0.94296     3.04911
  296    874    -1.87464     0.94296     3.04911
  283    875    -1.90828     0.94427     3.04422
  284    875    -1.90546     0.94427     3.04422
  285    875    -1.90264     0.94427     3.04422
  286    875    -1.89982     0.94427     3.04422
  287    875    -1.89700     0.94427     3.04422
  288    875    -1.89418     0.94427     3.04422
  289    875    -1.89136     0.94427     3.04422
  290    875    -1.88855     0.94427     3.04422
  291    875    -1.88573     0.94427     3.04422
  292    875    -1.88291     0.94427     3.04422
  293    875    -1.88009     0.94427     3.04422
  294    875    -1.87727     0.94427     3.04422
  295    875    -1.87445     0.94427     3.04422
  296    875    -1.87163     0.94427     3.04422
  283    876    -1.90522     0.94558     3.03935
  284    876    -1.90241     0.94558     3.03935
  285    876    -1.89960     0.94558     3.03935
  286    876    -1.89678     0.94558     3.03935
  287    876    -1.89397     0.94558     3.03935
  288    876    -1.89115     0.94558     3.03935
  289    876    -1.88834     0.94558     3.03935
  293    876    -1.87708     0.94558     3.03935
  294    876    -1.87427     0.94558     3.03935
  295    876    -1.87145     0.94558     3.03935
  296    876    -1.86864     0.94558     3.03935
  297    876    -1.86583     0.94558     3.03935
  302    876    -1.85175     0.94558     3.03935
  303    876    -1.84894     0.94558     3.03935
  304    876    -1.84613     0.94558     3.03935
  283    877    -1.90218     0.94688     3.03450
  284    877    -1.89937     0.94688     3.03450
  285    877    -1.89656     0.94688     3.03450
  286    877    -1.89375     0.94688     3.03450
  287    877    -1.89094     0.94688     3.03450
  288    877    -1.88813     0.94688     3.03450
  289    877    -1.88532     0.94688     3.03450
  293    877    -1.87409     0.94688     3.03450
  294    877    -1.87128     0.94688     3.03450
  295    877    -1.86847     0.94688     3.03450
  296    877    -1.86566     0.94688     3.03450
  297    877    -1.86285     0.94688     3.03450
  298    877    -1.86004     0.94688     3.03450
  299    877    -1.85723     0.94688     3.03450
  301    877    -1.85161     0.94688     3.03450
  302    877    -1.84880     0.94688     3.03450
  304    877    -1.84318     0.94688     3.03450
  305    877    -1.84037     0.94688     3.03450
  284    878    -1.89635     0.94817     3.02967
  285    878    -1.89354     0.94817     3.02967
  286    878    -1.89074     0.94817     3.02967
  287    878    -1.88793     0.94817     3.02967
  288    878    -1.88513     0.94817     3.02967
  289    878    -1.88232     0.94817     3.02967
  294    878    -1.86829     0.94817     3.02967
  295    878    -1.86549     0.94817     3.02967
  296    878    -1.86268     0.94817     3.02967
  297    878    -1.85988     0.94817     3.02967
  298    878    -1.85707     0.94817     3.02967
  299    878    -1.85427     0.94817     3.02967
  300    878    -1.85146     0.94817     3.02967
  301    878    -1.84866     0.94817     3.02967
  305    878    -1.83744     0.94817     3.02967
  286    879    -1.88773     0.94946     3.02484
  287    879    -1.88493     0.94946     3.02484
  288    879    -1.88213     0.94946     3.02484
  289    879    -1.87932     0.94946     3.02484
  290    879    -1.87652     0.94946     3.02484
  295    879    -1.86252     0.94946     3.02484
  296    879    -1.85972     0.94946     3.02484
  297    879    -1.85692     0.94946     3.02484
  298    879    -1.85412     0.94946     3.02484
  299    879    -1.85132     0.94946     3.02484
  300    879    -1.84852     0.94946     3.02484
  304    879    -1.83731     0.94946     3.02484
  305    879    -1.83451     0.94946     3.02484
  285    880    -1.88752     0.95075     3.02004
  286    880    -1.88473     0.95075     3.02004
  287    880    -1.88193     0.95075     3.02004
  288    880    -1.87913     0.95075     3.02004
  289    880    -1.87634     0.95075     3.02004
  290    880    -1.87354     0.95075     3.02004
  293    880    -1.86515     0.95075     3.02004
  297    880    -1.85397     0.95075     3.02004
  298    880    -1.85117     0.95075     3.02004
  299    880    -1.84838     0.95075     3.02004
  300    880    -1.84558     0.95075     3.02004
  303    880    -1.83719     0.95075     3.02004
  304    880    -1.83439     0.95075     3.02004
  284    881    -1.88732     0.95204     3.01525
  285    881    -1.88453     0.95204     3.01525
  286    881    -1.88174     0.95204     3.01525
  287    881    -1.87895     0.95204     3.01525
  288    881    -1.87615     0.95204     3.01525
  289    881    -1.87336     0.95204     3.01525
  290    881    -1.87057     0.95204     3.01525
  292    881    -1.86499     0.95204     3.01525
  293    881    -1.86219     0.95204     3.01525
  299    881    -1.84544     0.95204     3.01525
  300    881    -1.84265     0.95204     3.01525
  301    881    -1.83986     0.95204     3.01525
  302    881    -1.83707     0.95204     3.01525
  303    881    -1.83428     0.95204     3.01525
  283    882    -1.88712     0.95332     3.01047
  284    882    -1.88433     0.95332     3.01047
  285    882    -1.88154     0.95332     3.01047
  286    882    -1.87876     0.95332     3.01047
  287    882    -1.87597     0.95332     3.01047
  288    882    -1.87318     0.95332     3.01047
  289    882    -1.87039     0.95332     3.01047
  292    882    -1.86203     0.95332     3.01047
  293    882    -1.85925     0.95332     3.01047
  294    882    -1.85646     0.95332     3.01047
  295    882    -1.85367     0.95332     3.01047
  296    882    -1.85088     0.95332     3.01047
  297    882    -1.84810     0.95332     3.01047
  298    882    -1.84531     0.95332     3.01047
  299    882    -1.84252     0.95332     3.01047
  300    882    -1.83973     0.95332     3.01047
  301    882    -1.83695     0.95332     3.01047
  302    882    -1.83416     0.95332     3.01047
  281    883    -1.88970     0.95459     3.00571
  282    883    -1.88692     0.95459     3.00571
  283    883    -1.88414     0.95459     3.00571
  284    883    -1.88135     0.95459     3.00571
  285    883    -1.87857     0.95459     3.00571
  286    883    -1.87579     0.95459     3.00571
  287    883    -1.87300     0.95459     3.00571
  288    883    -1.87022     0.95459     3.00571
  291    883    -1.86187     0.95459     3.00571
  292    883    -1.85909     0.95459     3.00571
  293    883    -1.85630     0.95459     3.00571
  294    883    -1.85352     0.95459     3.00571
  295    883    -1.85074     0.95459     3.00571
  296    883    -1.84796     0.95459     3.00571
  297    883    -1.84517     0.95459     3.00571
  298    883    -1.84239     0.95459     3.00571
  299    883    -1.83961     0.95459     3.00571
  300    883    -1.83682     0.95459     3.00571
  301    883    -1.83404     0.95459     3.00571
  302    883    -1.83126     0.95459     3.00571
  280    884    -1.88950     0.95586     3.00097
  281    884    -1.88672     0.95586     3.00097
  282    884    -1.88394     0.95586     3.00097
  283    884    -1.88116     0.95586     3.00097
  284    884    -1.87838     0.95586     3.00097
  285    884    -1.87560     0.95586     3.00097
  286    884    -1.87282     0.95586     3.00097
  290    884    -1.86171     0.95586     3.00097
  291    884    -1.85893     0.95586     3.00097
  293    884    -1.85337     0.95586     3.00097
  294    884    -1.85060     0.95586     3.00097
  295    884    -1.84782     0.95586     3.00097
  298    884    -1.83948     0.95586     3.00097
  299    884    -1.83670     0.95586     3.00097
  300    884    -1.83392     0.95586     3.00097
  301    884    -1.83114     0.95586     3.00097
  280    885    -1.88652     0.95713     2.99624
  281    885    -1.88374     0.95713     2.99624
  282    885    -1.88097     0.95713     2.99624
  283    885    -1.87820     0.95713     2.99624
  284    885    -1.87542     0.95713     2.99624
  285    885    -1.87265     0.95713     2.99624
  293    885    -1.85045     0.95713     2.99624
  294    885    -1.84768     0.95713     2.99624
  295    885    -1.84490     0.95713     2.99624
  298    885    -1.83658     0.95713     2.99624
  299    885    -1.83381     0.95713     2.99624
  300    885    -1.83103     0.95713     2.99624
  280    886    -1.88355     0.95839     2.99152
  281    886    -1.88078     0.95839     2.99152
  282    886    -1.87801     0.95839     2.99152
  283    886    -1.87524     0.95839     2.99152
  284    886    -1.87247     0.95839     2.99152
  285    886    -1.86970     0.95839     2.99152
  286    886    -1.86693     0.95839     2.99152
  287    886    -1.86416     0.95839     2.99152
  288    886    -1.86139     0.95839     2.99152
  289    886    -1.85862     0.95839     2.99152
  290    886    -1.85585     0.95839     2.99152
  291    886    -1.85308     0.95839     2.99152
  292    886    -1.85031     0.95839     2.99152
  293    886    -1.84754     0.95839     2.99152
  294    886    -1.84477     0.95839     2.99152
  295    886    -1.84200     0.95839     2.99152
  297    886    -1.83646     0.95839     2.99152
  298    886    -1.83369     0.95839     2.99152
  299    886    -1.83092     0.95839     2.99152
  281    887    -1.87782     0.95965     2.98682
  282    887    -1.87506     0.95965     2.98682
  283    887    -1.87229     0.95965     2.98682
  284    887    -1.86953     0.95965     2.98682
  285    887    -1.86676     0.95965     2.98682
  286    887    -1.86400     0.95965     2.98682
  287    887    -1.86123     0.95965     2.98682
  288    887    -1.85847     0.95965     2.98682
  289    887    -1.85570     0.95965     2.98682
  290    887    -1.85293     0.95965     2.98682
  291    887    -1.85017     0.95965     2.98682
  292    887    -1.84740     0.95965     2.98682
  293    887    -1.84464     0.95965     2.98682
  294    887    -1.84187     0.95965     2.98682
  295    887    -1.83911     0.95965     2.98682
  296    887    -1.83634     0.95965     2.98682
  297    887    -1.83357     0.95965     2.98682
  298    887    -1.83081     0.95965     2.98682
  299    887    -1.82804     0.95965     2.98682
  280    888    -1.87764     0.96091     2.98213
  281    888    -1.87488     0.96091     2.98213
  282    888    -1.87212     0.96091     2.98213
  283    888    -1.86936     0.96091     2.98213
  284    888    -1.86659     0.96091     2.98213
  285    888    -1.86383     0.96091     2.98213
  286    888    -1.86107     0.96091     2.98213
  287    888    -1.85831     0.96091     2.98213
  291    888    -1.84727     0.96091     2.98213
  292    888    -1.84450     0.96091     2.98213
  293    888    -1.84174     0.96091     2.98213
  294    888    -1.83898     0.96091     2.98213
  295    888    -1.83622     0.96091     2.98213
  296    888    -1.83346     0.96091     2.98213
  297    888    -1.83070     0.96091     2.98213
  298    888    -1.82794     0.96091     2.98213
  279    889    -1.87745     0.96216     2.97746
  280    889    -1.87470     0.96216     2.97746
  281    889    -1.87194     0.96216     2.97746
  282    889    -1.86918     0.96216     2.97746
  283    889    -1.86643     0.96216     2.97746
  284    889    -1.86367     0.96216     2.97746
  285    889    -1.86091     0.96216     2.97746
  287    889    -1.85540     0.96216     2.97746
  288    889    -1.85264     0.96216     2.97746
  289    889    -1.84989     0.96216     2.97746
  290    889    -1.84713     0.96216     2.97746
  291    889    -1.84437     0.96216     2.97746
  292    889    -1.84162     0.96216     2.97746
  293    889    -1.83886     0.96216     2.97746
  295    889    -1.83334     0.96216     2.97746
  296    889    -1.83059     0.96216     2.97746
  297    889    -1.82783     0.96216     2.97746
  278    890    -1.87727     0.96341     2.97280
  279    890    -1.87452     0.96341     2.97280
  280    890    -1.87177     0.96341     2.97280
  281    890    -1.86901     0.96341     2.97280
  282    890    -1.86626     0.96341     2.97280
  283    890    -1.86351     0.96341     2.97280
  284    890    -1.86076     0.96341     2.97280
  285    890    -1.85800     0.96341     2.97280
  286    890    -1.85525     0.96341     2.97280
  287    890    -1.85250     0.96341     2.97280
  288    890    -1.84975     0.96341     2.97280
  289    890    -1.84699     0.96341     2.97280
  290    890    -1.84424     0.96341     2.97280
  291    890    -1.84149     0.96341     2.97280
  292    890    -1.83873     0.96341     2.97280
  293    890    -1.83598     0.96341     2.97280
  294    890    -1.83323     0.96341     2.97280
  295    890    -1.83048     0.96341     2.97280
  296    890    -1.82772     0.96341     2.97280
  277    891    -1.87709     0.96465     2.96816
  278    891    -1.87434     0.96465     2.96816
  279    891    -1.87159     0.96465     2.96816
  280    891    -1.86884     0.96465     2.96816
  281    891    -1.86609     0.96465     2.96816
  287    891    -1.84960     0.96465     2.96816
  288    891    -1.84686     0.96465     2.96816
  290    891    -1.84136     0.96465     2.96816
  291    891    -1.83861     0.96465     2.96816
  292    891    -1.83586     0.96465     2.96816
  293    891    -1.83312     0.96465     2.96816
  294    891    -1.83037     0.96465     2.96816
  277    892    -1.87416     0.96589     2.96353
  278    892    -1.87142     0.96589     2.96353
  279    892    -1.86867     0.96589     2.96353
  280    892    -1.86593     0.96589     2.96353
  283    892    -1.85770     0.96589     2.96353
  284    892    -1.85495     0.96589     2.96353
  285    892    -1.85221     0.96589     2.96353
  286    892    -1.84947     0.96589     2.96353
  287    892    -1.84672     0.96589     2.96353
  288    892    -1.84398     0.96589     2.96353
  290    892    -1.83849     0.96589     2.96353
  291    892    -1.83575     0.96589     2.96353
  292    892    -1.83300     0.96589     2.96353
  293    892    -1.83026     0.96589     2.96353
  294    892    -1.82751     0.96589     2.96353
  276    893    -1.87398     0.96713     2.95892
  277    893    -1.87124     0.96713     2.95892
  278    893    -1.86850     0.96713     2.95892
  279    893    -1.86576     0.96713     2.95892
  280    893    -1.86302     0.96713     2.95892
  282    893    -1.85755     0.96713     2.95892
  283    893    -1.85481     0.96713     2.95892
  284    893    -1.85207     0.96713     2.95892
  285    893    -1.84933     0.96713     2.95892
  286    893    -1.84659     0.96713     2.95892
  287    893    -1.84385     0.96713     2.95892
  288    893    -1.84111     0.96713     2.95892
  289    893    -1.83837     0.96713     2.95892
  290    893    -1.83563     0.96713     2.95892
  291    893    -1.83289     0.96713     2.95892
  292    893    -1.83015     0.96713     2.95892
  293    893    -1.82741     0.96713     2.95892
  294    893    -1.82467     0.96713     2.95892
  277    894    -1.86834     0.96836     2.95432
  278    894    -1.86560     0.96836     2.95432
  279    894    -1.86286     0.96836     2.95432
  280    894    -1.86013     0.96836     2.95432
  282    894    -1.85466     0.96836     2.95432
  283    894    -1.85192     0.96836     2.95432
  284    894    -1.84919     0.96836     2.95432
  287    894    -1.84098     0.96836     2.95432
  288    894    -1.83825     0.96836     2.95432
  289    894    -1.83551     0.96836     2.95432
  290    894    -1.83277     0.96836     2.95432
  291    894    -1.83004     0.96836     2.95432
  292    894    -1.82730     0.96836     2.95432
  293    894    -1.82457     0.96836     2.95432
  277    895    -1.86544     0.96959     2.94974
  278    895    -1.86270     0.96959     2.94974
  279    895    -1.85997     0.96959     2.94974
  280    895    -1.85724     0.96959     2.94974
  282    895    -1.85178     0.96959     2.94974
  283    895    -1.84905     0.96959     2.94974
  284    895    -1.84632     0.96959     2.94974
  285    895    -1.84359     0.96959     2.94974
  286    895    -1.84085     0.96959     2.94974
  288    895    -1.83539     0.96959     2.94974
  289    895    -1.83266     0.96959     2.94974
  290    895    -1.82993     0.96959     2.94974
  291    895    -1.82720     0.96959     2.94974
  292    895    -1.82447     0.96959     2.94974
  277    896    -1.86255     0.97081     2.94517
  278    896    -1.85982     0.97081     2.94517
  279    896    -1.85709     0.97081     2.94517
  280    896    -1.85436     0.97081     2.94517
  281    896    -1.85164     0.97081     2.94517
  283    896    -1.84618     0.97081     2.94517
  284    896    -1.84346     0.97081     2.94517
  285    896    -1.84073     0.97081     2.94517
  286    896    -1.83800     0.97081     2.94517
  287    896    -1.83528     0.97081     2.94517
  288    896    -1.83255     0.97081     2.94517
  289    896    -1.82982     0.97081     2.94517
  290    896    -1.82709     0.97081     2.94517
  291    896    -1.82437     0.97081     2.94517
  278    897    -1.85694     0.97204     2.94061
  279    897    -1.85422     0.97204     2.94061
  280    897    -1.85150     0.97204     2.94061
  281    897    -1.84877     0.97204     2.94061
  282    897    -1.84605     0.97204     2.94061
  284    897    -1.84060     0.97204     2.94061
  285    897    -1.83788     0.97204     2.94061
  286    897    -1.83516     0.97204     2.94061
  287    897    -1.83244     0.97204     2.94061
  288    897    -1.82971     0.97204     2.94061
  289    897    -1.82699     0.97204     2.94061
  290    897    -1.82427     0.97204     2.94061
  278    898    -1.85407     0.97325     2.93607
  279    898    -1.85135     0.97325     2.93607
  280    898    -1.84864     0.97325     2.93607
  281    898    -1.84592     0.97325     2.93607
  282    898    -1.84320     0.97325     2.93607
  283    898    -1.84048     0.97325     2.93607
  284    898    -1.83776     0.97325     2.93607
  285    898    -1.83504     0.97325     2.93607
  286    898    -1.83232     0.97325     2.93607
  287    898    -1.82961     0.97325     2.93607
  288    898    -1.82689     0.97325     2.93607
  289    898    -1.82417     0.97325     2.93607
  277    899    -1.85393     0.97447     2.93154
  278    899    -1.85121     0.97447     2.93154
  279    899    -1.84850     0.97447     2.93154
  280    899    -1.84578     0.97447     2.93154
  281    899    -1.84307     0.97447     2.93154
  282    899    -1.84036     0.97447     2.93154
  283    899    -1.83764     0.97447     2.93154
  284    899    -1.83493     0.97447     2.93154
  285    899    -1.83221     0.97447     2.93154
  286    899    -1.82950     0.97447     2.93154
  287    899    -1.82678     0.97447     2.93154
  288    899    -1.82407     0.97447     2.93154
  289    899    -1.82136     0.97447     2.93154
  277    900    -1.85107     0.97568     2.92703
  278    900    -1.84836     0.97568     2.92703
  281    900    -1.84023     0.97568     2.92703
  282    900    -1.83752     0.97568     2.92703
  283    900    -1.83481     0.97568     2.92703
  284    900    -1.83210     0.97568     2.92703
  285    900    -1.82939     0.97568     2.92703
  286    900    -1.82668     0.97568     2.92703
  287    900    -1.82397     0.97568     2.92703
  288    900    -1.82126     0.97568     2.92703
  277    901    -1.84823     0.97688     2.92253
  278    901    -1.84552     0.97688     2.92253
  279    901    -1.84281     0.97688     2.92253
  282    901    -1.83470     0.97688     2.92253
  283    901    -1.83199     0.97688     2.92253
  284    901    -1.82928     0.97688     2.92253
  285    901    -1.82658     0.97688     2.92253
  286    901    -1.82387     0.97688     2.92253
  287    901    -1.82117     0.97688     2.92253
  281    902    -1.83458     0.97808     2.91804
  284    902    -1.82648     0.97808     2.91804
  285    902    -1.82377     0.97808     2.91804
  286    902    -1.82107     0.97808     2.91804
  279    903    -1.83717     0.97928     2.91357
  280    903    -1.83447     0.97928     2.91357
  281    903    -1.83177     0.97928     2.91357
  283    903    -1.82637     0.97928     2.91357
  284    903    -1.82368     0.97928     2.91357
  285    903    -1.82098     0.97928     2.91357
  272    904    -1.85321     0.98048     2.90911
  273    904    -1.85052     0.98048     2.90911
  274    904    -1.84782     0.98048     2.90911
  277    904    -1.83974     0.98048     2.90911
  278    904    -1.83705     0.98048     2.90911
  279    904    -1.83435     0.98048     2.90911
  280    904    -1.83166     0.98048     2.90911
  283    904    -1.82358     0.98048     2.90911
  284    904    -1.82089     0.98048     2.90911
  285    904    -1.81819     0.98048     2.90911
  277    905    -1.83693     0.98167     2.90466
  278    905    -1.83424     0.98167     2.90466
  279    905    -1.83155     0.98167     2.90466
  282    905    -1.82348     0.98167     2.90466
  283    905    -1.82079     0.98167     2.90466
  284    905    -1.81810     0.98167     2.90466
  277    906    -1.83413     0.98286     2.90023
  278    906    -1.83144     0.98286     2.90023
  280    906    -1.82607     0.98286     2.90023
  281    906    -1.82338     0.98286     2.90023
  282    906    -1.82070     0.98286     2.90023
  283    906    -1.81801     0.98286     2.90023
  276    907    -1.83401     0.98404     2.89581
  277    907    -1.83133     0.98404     2.89581
  278    907    -1.82865     0.98404     2.89581
  280    907    -1.82329     0.98404     2.89581
  281    907    -1.82061     0.98404     2.89581
  282    907    -1.81793     0.98404     2.89581
  283    907    -1.81524     0.98404     2.89581
  276    908    -1.83122     0.98522     2.89141
  277    908    -1.82855     0.98522     2.89141
  279    908    -1.82319     0.98522     2.89141
  280    908    -1.82051     0.98522     2.89141
  281    908    -1.81784     0.98522     2.89141
  282    908    -1.81516     0.98522     2.89141
  275    909    -1.83112     0.98640     2.88701
  276    909    -1.82844     0.98640     2.88701
  278    909    -1.82310     0.98640     2.88701
  279    909    -1.82042     0.98640     2.88701
  280    909    -1.81775     0.98640     2.88701
  281    909    -1.81508     0.98640     2.88701
  269    910    -1.84435     0.98757     2.88264
  270    910    -1.84168     0.98757     2.88264
  271    910    -1.83901     0.98757     2.88264
  272    910    -1.83635     0.98757     2.88264
  273    910    -1.83368     0.98757     2.88264
  274    910    -1.83101     0.98757     2.88264
  275    910    -1.82834     0.98757     2.88264
  278    910    -1.82033     0.98757     2.88264
  279    910    -1.81766     0.98757     2.88264
  280    910    -1.81499     0.98757     2.88264
  268    911    -1.84423     0.98874     2.87827
  269    911    -1.84156     0.98874     2.87827
  270    911    -1.83890     0.98874     2.87827
  271    911    -1.83623     0.98874     2.87827
  272    911    -1.83356     0.98874     2.87827
  273    911    -1.83090     0.98874     2.87827
  274    911    -1.82823     0.98874     2.87827
  277    911    -1.82024     0.98874     2.87827
  278    911    -1.81757     0.98874     2.87827
  279    911    -1.81491     0.98874     2.87827
  268    912    -1.84144     0.98991     2.87392
  269    912    -1.83878     0.98991     2.87392
  270    912    -1.83611     0.98991     2.87392
  271    912    -1.83345     0.98991     2.87392
  272    912    -1.83079     0.98991     2.87392
  273    912    -1.82813     0.98991     2.87392
  275    912    -1.82281     0.98991     2.87392
  276    912    -1.82015     0.98991     2.87392
  277    912    -1.81749     0.98991     2.87392
  278    912    -1.81483     0.98991     2.87392
  268    913    -1.83866     0.99107     2.86958
  269    913    -1.83600     0.99107     2.86958
  270    913    -1.83334     0.99107     2.86958
  271    913    -1.83069     0.99107     2.86958
  274    913    -1.82271     0.99107     2.86958
  275    913    -1.82006     0.99107     2.86958
  276    913    -1.81740     0.99107     2.86958
  277    913    -1.81474     0.99107     2.86958
  268    914    -1.83589     0.99223     2.86525
  269    914    -1.83323     0.99223     2.86525
  270    914    -1.83058     0.99223     2.86525
  271    914    -1.82793     0.99223     2.86525
  272    914    -1.82527     0.99223     2.86525
  273    914    -1.82262     0.99223     2.86525
  274    914    -1.81997     0.99223     2.86525
  275    914    -1.81731     0.99223     2.86525
  276    914    -1.81466     0.99223     2.86525
  269    915    -1.83047     0.99338     2.86094
  270    915    -1.82782     0.99338     2.86094
  271    915    -1.82517     0.99338     2.86094
  272    915    -1.82253     0.99338     2.86094
  273    915    -1.81988     0.99338     2.86094
  274    915    -1.81723     0.99338     2.86094
  275    915    -1.81458     0.99338     2.86094
  269    916    -1.82772     0.99453     2.85664
  270    916    -1.82508     0.99453     2.85664
  271    916    -1.82243     0.99453     2.85664
  272    916    -1.81979     0.99453     2.85664
  273    916    -1.81714     0.99453     2.85664
  274    916    -1.81450     0.99453     2.85664
  270    917    -1.82234     0.99568     2.85236
  272    917    -1.81706     0.99568     2.85236
  273    917    -1.81441     0.99568     2.85236
  272    918    -1.81433     0.99683     2.84808
  226    920    -1.92986     0.99911     2.83957
  227    920    -1.92723     0.99911     2.83957
  225    921    -1.92960     1.00024     2.83534
  226    921    -1.92698     1.00024     2.83534
  229    921    -1.91910     1.00024     2.83534
  224    922    -1.92935     1.00138     2.83111
  225    922    -1.92673     1.00138     2.83111
  226    922    -1.92411     1.00138     2.83111
  228    922    -1.91887     1.00138     2.83111
  229    922    -1.91624     1.00138     2.83111
  262    922    -1.82974     1.00138     2.83111
  263    922    -1.82712     1.00138     2.83111
  264    922    -1.82449     1.00138     2.83111
  223    923    -1.92910     1.00250     2.82690
  224    923    -1.92648     1.00250     2.82690
  227    923    -1.91863     1.00250     2.82690
  228    923    -1.91601     1.00250     2.82690
  229    923    -1.91339     1.00250     2.82690
  261    923    -1.82963     1.00250     2.82690
  262    923    -1.82702     1.00250     2.82690
  263    923    -1.82440     1.00250     2.82690
  264    923    -1.82178     1.00250     2.82690
  265    923    -1.81916     1.00250     2.82690
  222    924    -1.92885     1.00363     2.82270
  223    924    -1.92623     1.00363     2.82270
  227    924    -1.91578     1.00363     2.82270
  228    924    -1.91317     1.00363     2.82270
  260    924    -1.82953     1.00363     2.82270
  261    924    -1.82692     1.00363     2.82270
  262    924    -1.82430     1.00363     2.82270
  263    924    -1.82169     1.00363     2.82270
  264    924    -1.81908     1.00363     2.82270
  265    924    -1.81646     1.00363     2.82270
  266    924    -1.81385     1.00363     2.82270
  221    925    -1.92860     1.00475     2.81852
  222    925    -1.92599     1.00475     2.81852
  223    925    -1.92338     1.00475     2.81852
  226    925    -1.91555     1.00475     2.81852
  227    925    -1.91294     1.00475     2.81852
  260    925    -1.82682     1.00475     2.81852
  261    925    -1.82421     1.00475     2.81852
  262    925    -1.82160     1.00475     2.81852
  263    925    -1.81899     1.00475     2.81852
  264    925    -1.81638     1.00475     2.81852
  265    925    -1.81377     1.00475     2.81852
  266    925    -1.81116     1.00475     2.81852
  220    926    -1.92835     1.00587     2.81435
  221    926    -1.92574     1.00587     2.81435
  222    926    -1.92314     1.00587     2.81435
  224    926    -1.91792     1.00587     2.81435
  225    926    -1.91532     1.00587     2.81435
  226    926    -1.91271     1.00587     2.81435
  260    926    -1.82411     1.00587     2.81435
  261    926    -1.82151     1.00587     2.81435
  262    926    -1.81890     1.00587     2.81435
  264    926    -1.81369     1.00587     2.81435
  265    926    -1.81108     1.00587     2.81435
  266    926    -1.80848     1.00587     2.81435
  219    927    -1.92810     1.00698     2.81018
  220    927    -1.92550     1.00698     2.81018
  221    927    -1.92289     1.00698     2.81018
  224    927    -1.91509     1.00698     2.81018
  225    927    -1.91249     1.00698     2.81018
  259    927    -1.82402     1.00698     2.81018
  260    927    -1.82142     1.00698     2.81018
  261    927    -1.81881     1.00698     2.81018
  262    927    -1.81621     1.00698     2.81018
  263    927    -1.81361     1.00698     2.81018
  264    927    -1.81101     1.00698     2.81018
  265    927    -1.80841     1.00698     2.81018
  266    927    -1.80580     1.00698     2.81018
  218    928    -1.92785     1.00809     2.80604
  219    928    -1.92525     1.00809     2.80604
  220    928    -1.92265     1.00809     2.80604
  223    928    -1.91486     1.00809     2.80604
  224    928    -1.91226     1.00809     2.80604
  225    928    -1.90966     1.00809     2.80604
  260    928    -1.81873     1.00809     2.80604
  261    928    -1.81613     1.00809     2.80604
  262    928    -1.81353     1.00809     2.80604
  263    928    -1.81093     1.00809     2.80604
  264    928    -1.80833     1.00809     2.80604
  265    928    -1.80574     1.00809     2.80604
  218    929    -1.92501     1.00920     2.80190
  219    929    -1.92241     1.00920     2.80190
  222    929    -1.91463     1.00920     2.80190
  223    929    -1.91204     1.00920     2.80190
  224    929    -1.90944     1.00920     2.80190
  262    929    -1.81086     1.00920     2.80190
  263    929    -1.80826     1.00920     2.80190
  264    929    -1.80567     1.00920     2.80190
  217    930    -1.92477     1.01031     2.79778
  218    930    -1.92218     1.01031     2.79778
  219    930    -1.91958     1.01031     2.79778
  221    930    -1.91440     1.01031     2.79778
  222    930    -1.91181     1.01031     2.79778
  223    930    -1.90922     1.01031     2.79778
  262    930    -1.80819     1.01031     2.79778
  220    931    -1.91418     1.01141     2.79366
  221    931    -1.91159     1.01141     2.79366
  222    931    -1.90900     1.01141     2.79366
  220    932    -1.91137     1.01251     2.78956
  221    932    -1.90878     1.01251     2.78956
  219    967    -1.82044     1.04903     2.65328
  220    967    -1.81799     1.04903     2.65328
  215    968    -1.82772     1.05002     2.64958
  216    968    -1.82526     1.05002     2.64958
  217    968    -1.82281     1.05002     2.64958
  218    968    -1.82036     1.05002     2.64958
  219    968    -1.81790     1.05002     2.64958
  220    968    -1.81545     1.05002     2.64958
  221    968    -1.81300     1.05002     2.64958
  222    968    -1.81054     1.05002     2.64958
  214    969    -1.82762     1.05101     2.64589
  215    969    -1.82517     1.05101     2.64589
  216    969    -1.82272     1.05101     2.64589
  217    969    -1.82027     1.05101     2.64589
  218    969    -1.81782     1.05101     2.64589
  219    969    -1.81537     1.05101     2.64589
  220    969    -1.81292     1.05101     2.64589
  221    969    -1.81047     1.05101     2.64589
  222    969    -1.80802     1.05101     2.64589
  223    969    -1.80557     1.05101     2.64589
  214    970    -1.82508     1.05199     2.64221
  215    970    -1.82264     1.05199     2.64221
  216    970    -1.82019     1.05199     2.64221
  217    970    -1.81774     1.05199     2.64221
  218    970    -1.81530     1.05199     2.64221
  219    970    -1.81285     1.05199     2.64221
  220    970    -1.81040     1.05199     2.64221
  221    970    -1.80796     1.05199     2.64221
  222    970    -1.80551     1.05199     2.64221
  223    970    -1.80306     1.05199     2.64221
  214    971    -1.82255     1.05297     2.63854
  215    971    -1.82011     1.05297     2.63854
  216    971    -1.81766     1.05297     2.63854
  217    971    -1.81522     1.05297     2.63854
  218    971    -1.81278     1.05297     2.63854
  219    971    -1.81033     1.05297     2.63854
  220    971    -1.80789     1.05297     2.63854
  221    971    -1.80545     1.05297     2.63854
  222    971    -1.80300     1.05297     2.63854
  213    972    -1.82246     1.05395     2.63489
  214    972    -1.82002     1.05395     2.63489
  215    972    -1.81758     1.05395     2.63489
  216    972    -1.81514     1.05395     2.63489
  218    972    -1.81026     1.05395     2.63489
  219    972    -1.80782     1.05395     2.63489
  220    972    -1.80538     1.05395     2.63489
  221    972    -1.80294     1.05395     2.63489
  222    972    -1.80050     1.05395     2.63489
  213    973    -1.81994     1.05493     2.63124
  214    973    -1.81750     1.05493     2.63124
  215    973    -1.81507     1.05493     2.63124
  216    973    -1.81263     1.05493     2.63124
  217    973    -1.81019     1.05493     2.63124
  218    973    -1.80776     1.05493     2.63124
  219    973    -1.80532     1.05493     2.63124
  220    973    -1.80289     1.05493     2.63124
  221    973    -1.80045     1.05493     2.63124
  213    974    -1.81742     1.05591     2.62760
  214    974    -1.81499     1.05591     2.62760
  215    974    -1.81256     1.05591     2.62760
  216    974    -1.81012     1.05591     2.62760
  217    974    -1.80769     1.05591     2.62760
  218    974    -1.80526     1.05591     2.62760
  219    974    -1.80283     1.05591     2.62760
  220    974    -1.80039     1.05591     2.62760
  221    974    -1.79796     1.05591     2.62760
  226    974    -1.78580     1.05591     2.62760
  213    975    -1.81491     1.05688     2.62397
  214    975    -1.81249     1.05688     2.62397
  215    975    -1.81006     1.05688     2.62397
  216    975    -1.80763     1.05688     2.62397
  217    975    -1.80520     1.05688     2.62397
  218    975    -1.80277     1.05688     2.62397
  219    975    -1.80034     1.05688     2.62397
  220    975    -1.79791     1.05688     2.62397
  213    976    -1.81241     1.05785     2.62036
  214    976    -1.80999     1.05785     2.62036
  215    976    -1.80756     1.05785     2.62036
  216    976    -1.80513     1.05785     2.62036
  217    976    -1.80271     1.05785     2.62036
  218    976    -1.80028     1.05785     2.62036
  219    976    -1.79786     1.05785     2.62036
  214    977    -1.80749     1.05881     2.61675
  215    977    -1.80507     1.05881     2.61675
  216    977    -1.80265     1.05881     2.61675
  217    977    -1.80023     1.05881     2.61675
  218    977    -1.79780     1.05881     2.61675
