# Inverse Perspective Mapping -- 3-D camera-frame coordinates
# Camera: height=1.70 m, pitch=15.0 deg (down)
# Intrinsics: fx=fy=1080.0 px, cx=960.0, cy=540.0
# Image: 1920 x 1080
# Format: pixel_u  pixel_v  Xc(m)  Yc(m)  Zc(m)
#
 1009    261     8.30404   -47.28218   183.02780
 1010    261     8.47351   -47.28218   183.02780
 1011    261     8.64298   -47.28218   183.02780
 1014    261     9.15139   -47.28218   183.02780
 1015    261     9.32086   -47.28218   183.02780
 1019    261     9.99874   -47.28218   183.02780
 1020    261    10.16821   -47.28218   183.02780
 1021    261    10.33768   -47.28218   183.02780
 1022    261    10.50715   -47.28218   183.02780
 1025    261    11.01556   -47.28218   183.02780
 1026    261    11.18503   -47.28218   183.02780
 1027    261    11.35450   -47.28218   183.02780
 1032    261    12.20185   -47.28218   183.02780
 1033    261    12.37132   -47.28218   183.02780
 1034    261    12.54079   -47.28218   183.02780
 1036    261    12.87973   -47.28218   183.02780
 1037    261    13.04920   -47.28218   183.02780
 1041    261    13.72708   -47.28218   183.02780
 1042    261    13.89655   -47.28218   183.02780
 1043    261    14.06603   -47.28218   183.02780
 1046    261    14.57444   -47.28218   183.02780
 1047    261    14.74391   -47.28218   183.02780
 1048    261    14.91338   -47.28218   183.02780
 1389    261    72.70271   -47.28218   183.02780
 1390    261    72.87218   -47.28218   183.02780
 1391    261    73.04165   -47.28218   183.02780
 1392    261    73.21112   -47.28218   183.02780
 1393    261    73.38059   -47.28218   183.02780
 1394    261    73.55006   -47.28218   183.02780
 1395    261    73.71953   -47.28218   183.02780
 1396    261    73.88900   -47.28218   183.02780
 1397    261    74.05847   -47.28218   183.02780
 1398    261    74.22794   -47.28218   183.02780
 1399    261    74.39741   -47.28218   183.02780
 1401    261    74.73635   -47.28218   183.02780
 1402    261    74.90582   -47.28218   183.02780
 1403    261    75.07529   -47.28218   183.02780
 1404    261    75.24476   -47.28218   183.02780
 1405    261    75.41423   -47.28218   183.02780
 1406    261    75.58370   -47.28218   183.02780
 1407    261    75.75317   -47.28218   183.02780
 1010    262     7.72925   -42.97462   166.95175
 1011    262     7.88383   -42.97462   166.95175
 1012    262     8.03842   -42.97462   166.95175
 1014    262     8.34759   -42.97462   166.95175
 1015    262     8.50217   -42.97462   166.95175
 1016    262     8.65676   -42.97462   166.95175
 1020    262     9.27510   -42.97462   166.95175
 1021    262     9.42968   -42.97462   166.95175
 1022    262     9.58427   -42.97462   166.95175
 1023    262     9.73885   -42.97462   166.95175
 1026    262    10.20261   -42.97462   166.95175
 1027    262    10.35719   -42.97462   166.95175
 1028    262    10.51178   -42.97462   166.95175
 1032    262    11.13012   -42.97462   166.95175
 1033    262    11.28470   -42.97462   166.95175
 1034    262    11.43929   -42.97462   166.95175
 1036    262    11.74846   -42.97462   166.95175
 1037    262    11.90304   -42.97462   166.95175
 1038    262    12.05763   -42.97462   166.95175
 1042    262    12.67597   -42.97462   166.95175
 1043    262    12.83055   -42.97462   166.95175
 1044    262    12.98514   -42.97462   166.95175
 1047    262    13.44889   -42.97462   166.95175
 1048    262    13.60348   -42.97462   166.95175
 1049    262    13.75806   -42.97462   166.95175
 1392    262    66.78070   -42.97462   166.95175
 1393    262    66.93529   -42.97462   166.95175
 1394    262    67.08987   -42.97462   166.95175
 1395    262    67.24446   -42.97462   166.95175
 1396    262    67.39904   -42.97462   166.95175
 1397    262    67.55363   -42.97462   166.95175
 1398    262    67.70821   -42.97462   166.95175
 1399    262    67.86280   -42.97462   166.95175
 1400    262    68.01738   -42.97462   166.95175
 1401    262    68.17197   -42.97462   166.95175
 1404    262    68.63572   -42.97462   166.95175
 1405    262    68.79031   -42.97462   166.95175
 1406    262    68.94489   -42.97462   166.95175
 1407    262    69.09948   -42.97462   166.95175
 1408    262    69.25406   -42.97462   166.95175
 1409    262    69.40865   -42.97462   166.95175
 1011    263     7.24728   -39.36266   153.47174
 1012    263     7.38938   -39.36266   153.47174
 1013    263     7.53148   -39.36266   153.47174
 1015    263     7.81569   -39.36266   153.47174
 1016    263     7.95779   -39.36266   153.47174
 1017    263     8.09990   -39.36266   153.47174
 1022    263     8.81041   -39.36266   153.47174
 1023    263     8.95252   -39.36266   153.47174
 1024    263     9.09462   -39.36266   153.47174
 1027    263     9.52093   -39.36266   153.47174
 1028    263     9.66304   -39.36266   153.47174
 1033    263    10.37355   -39.36266   153.47174
 1034    263    10.51566   -39.36266   153.47174
 1035    263    10.65776   -39.36266   153.47174
 1037    263    10.94197   -39.36266   153.47174
 1038    263    11.08407   -39.36266   153.47174
 1039    263    11.22617   -39.36266   153.47174
 1040    263    11.36828   -39.36266   153.47174
 1044    263    11.93669   -39.36266   153.47174
 1045    263    12.07879   -39.36266   153.47174
 1049    263    12.64721   -39.36266   153.47174
 1050    263    12.78931   -39.36266   153.47174
 1395    263    61.81500   -39.36266   153.47174
 1396    263    61.95711   -39.36266   153.47174
 1397    263    62.09921   -39.36266   153.47174
 1398    263    62.24132   -39.36266   153.47174
 1399    263    62.38342   -39.36266   153.47174
 1400    263    62.52552   -39.36266   153.47174
 1401    263    62.66763   -39.36266   153.47174
 1402    263    62.80973   -39.36266   153.47174
 1403    263    62.95183   -39.36266   153.47174
 1404    263    63.09394   -39.36266   153.47174
 1406    263    63.37814   -39.36266   153.47174
 1407    263    63.52025   -39.36266   153.47174
 1408    263    63.66235   -39.36266   153.47174
 1409    263    63.80445   -39.36266   153.47174
 1012    264     6.83732   -36.29040   142.00590
 1013    264     6.96881   -36.29040   142.00590
 1016    264     7.36327   -36.29040   142.00590
 1017    264     7.49476   -36.29040   142.00590
 1018    264     7.62624   -36.29040   142.00590
 1023    264     8.28368   -36.29040   142.00590
 1024    264     8.41516   -36.29040   142.00590
 1025    264     8.54665   -36.29040   142.00590
 1029    264     9.07260   -36.29040   142.00590
 1034    264     9.73003   -36.29040   142.00590
 1035    264     9.86152   -36.29040   142.00590
 1038    264    10.25598   -36.29040   142.00590
 1039    264    10.38747   -36.29040   142.00590
 1040    264    10.51896   -36.29040   142.00590
 1041    264    10.65044   -36.29040   142.00590
 1045    264    11.17639   -36.29040   142.00590
 1046    264    11.30788   -36.29040   142.00590
 1050    264    11.83382   -36.29040   142.00590
 1051    264    11.96531   -36.29040   142.00590
 1398    264    57.59128   -36.29040   142.00590
 1399    264    57.72277   -36.29040   142.00590
 1400    264    57.85425   -36.29040   142.00590
 1401    264    57.98574   -36.29040   142.00590
 1402    264    58.11723   -36.29040   142.00590
 1403    264    58.24871   -36.29040   142.00590
 1404    264    58.38020   -36.29040   142.00590
 1405    264    58.51169   -36.29040   142.00590
 1406    264    58.64318   -36.29040   142.00590
 1407    264    58.77466   -36.29040   142.00590
 1408    264    58.90615   -36.29040   142.00590
 1411    264    59.30061   -36.29040   142.00590
 1412    264    59.43210   -36.29040   142.00590
 1413    264    59.56358   -36.29040   142.00590
 1414    264    59.69507   -36.29040   142.00590
 1415    264    59.82656   -36.29040   142.00590
 1012    265     6.36202   -33.64528   132.13418
 1013    265     6.48436   -33.64528   132.13418
 1014    265     6.60671   -33.64528   132.13418
 1017    265     6.97375   -33.64528   132.13418
 1018    265     7.09609   -33.64528   132.13418
 1019    265     7.21844   -33.64528   132.13418
 1024    265     7.83017   -33.64528   132.13418
 1025    265     7.95252   -33.64528   132.13418
 1026    265     8.07487   -33.64528   132.13418
 1029    265     8.44191   -33.64528   132.13418
 1030    265     8.56425   -33.64528   132.13418
 1034    265     9.05364   -33.64528   132.13418
 1035    265     9.17598   -33.64528   132.13418
 1036    265     9.29833   -33.64528   132.13418
 1037    265     9.42068   -33.64528   132.13418
 1040    265     9.78772   -33.64528   132.13418
 1041    265     9.91006   -33.64528   132.13418
 1042    265    10.03241   -33.64528   132.13418
 1043    265    10.15476   -33.64528   132.13418
 1046    265    10.52180   -33.64528   132.13418
 1047    265    10.64414   -33.64528   132.13418
 1048    265    10.76649   -33.64528   132.13418
 1051    265    11.13353   -33.64528   132.13418
 1052    265    11.25587   -33.64528   132.13418
 1401    265    53.95479   -33.64528   132.13418
 1402    265    54.07714   -33.64528   132.13418
 1403    265    54.19948   -33.64528   132.13418
 1404    265    54.32183   -33.64528   132.13418
 1405    265    54.44418   -33.64528   132.13418
 1406    265    54.56652   -33.64528   132.13418
 1407    265    54.68887   -33.64528   132.13418
 1408    265    54.81122   -33.64528   132.13418
 1411    265    55.17825   -33.64528   132.13418
 1412    265    55.30060   -33.64528   132.13418
 1413    265    55.42295   -33.64528   132.13418
 1414    265    55.54529   -33.64528   132.13418
 1415    265    55.66764   -33.64528   132.13418
 1416    265    55.78999   -33.64528   132.13418
 1417    265    55.91233   -33.64528   132.13418
 1418    265    56.03468   -33.64528   132.13418
 1419    265    56.15703   -33.64528   132.13418
 1420    265    56.27937   -33.64528   132.13418
 1013    266     6.06289   -31.34401   123.54574
 1014    266     6.17729   -31.34401   123.54574
 1015    266     6.29168   -31.34401   123.54574
 1018    266     6.63486   -31.34401   123.54574
 1019    266     6.74926   -31.34401   123.54574
 1020    266     6.86365   -31.34401   123.54574
 1026    266     7.55002   -31.34401   123.54574
 1027    266     7.66441   -31.34401   123.54574
 1030    266     8.00759   -31.34401   123.54574
 1031    266     8.12199   -31.34401   123.54574
 1035    266     8.57957   -31.34401   123.54574
 1036    266     8.69396   -31.34401   123.54574
 1037    266     8.80835   -31.34401   123.54574
 1038    266     8.92275   -31.34401   123.54574
 1041    266     9.26593   -31.34401   123.54574
 1042    266     9.38033   -31.34401   123.54574
 1043    266     9.49472   -31.34401   123.54574
 1044    266     9.60911   -31.34401   123.54574
 1047    266     9.95230   -31.34401   123.54574
 1048    266    10.06669   -31.34401   123.54574
 1049    266    10.18108   -31.34401   123.54574
 1052    266    10.52427   -31.34401   123.54574
 1053    266    10.63866   -31.34401   123.54574
 1404    266    50.79103   -31.34401   123.54574
 1405    266    50.90542   -31.34401   123.54574
 1406    266    51.01982   -31.34401   123.54574
 1407    266    51.13421   -31.34401   123.54574
 1408    266    51.24861   -31.34401   123.54574
 1411    266    51.59179   -31.34401   123.54574
 1414    266    51.93497   -31.34401   123.54574
 1415    266    52.04936   -31.34401   123.54574
 1416    266    52.16376   -31.34401   123.54574
 1417    266    52.27815   -31.34401   123.54574
 1418    266    52.39255   -31.34401   123.54574
 1419    266    52.50694   -31.34401   123.54574
 1420    266    52.62134   -31.34401   123.54574
 1421    266    52.73573   -31.34401   123.54574
 1422    266    52.85012   -31.34401   123.54574
 1423    266    52.96452   -31.34401   123.54574
 1014    267     5.80028   -29.32365   116.00563
 1015    267     5.90769   -29.32365   116.00563
 1016    267     6.01511   -29.32365   116.00563
 1019    267     6.33734   -29.32365   116.00563
 1020    267     6.44476   -29.32365   116.00563
 1027    267     7.19665   -29.32365   116.00563
 1028    267     7.30406   -29.32365   116.00563
 1031    267     7.62630   -29.32365   116.00563
 1032    267     7.73371   -29.32365   116.00563
 1036    267     8.16336   -29.32365   116.00563
 1037    267     8.27077   -29.32365   116.00563
 1038    267     8.37818   -29.32365   116.00563
 1039    267     8.48560   -29.32365   116.00563
 1040    267     8.59301   -29.32365   116.00563
 1042    267     8.80783   -29.32365   116.00563
 1043    267     8.91525   -29.32365   116.00563
 1044    267     9.02266   -29.32365   116.00563
 1045    267     9.13007   -29.32365   116.00563
 1048    267     9.45231   -29.32365   116.00563
 1049    267     9.55972   -29.32365   116.00563
 1053    267     9.98937   -29.32365   116.00563
 1054    267    10.09679   -29.32365   116.00563
 1055    267    10.20420   -29.32365   116.00563
 1409    267    48.22827   -29.32365   116.00563
 1410    267    48.33568   -29.32365   116.00563
 1411    267    48.44309   -29.32365   116.00563
 1412    267    48.55050   -29.32365   116.00563
 1413    267    48.65792   -29.32365   116.00563
 1417    267    49.08757   -29.32365   116.00563
 1418    267    49.19498   -29.32365   116.00563
 1419    267    49.30239   -29.32365   116.00563
 1420    267    49.40981   -29.32365   116.00563
 1421    267    49.51722   -29.32365   116.00563
 1422    267    49.62463   -29.32365   116.00563
 1423    267    49.73204   -29.32365   116.00563
 1424    267    49.83946   -29.32365   116.00563
 1015    268     5.56788   -27.53570   109.33294
 1016    268     5.66912   -27.53570   109.33294
 1017    268     5.77035   -27.53570   109.33294
 1019    268     5.97282   -27.53570   109.33294
 1020    268     6.07405   -27.53570   109.33294
 1021    268     6.17529   -27.53570   109.33294
 1027    268     6.78269   -27.53570   109.33294
 1028    268     6.88393   -27.53570   109.33294
 1029    268     6.98516   -27.53570   109.33294
 1031    268     7.18763   -27.53570   109.33294
 1032    268     7.28886   -27.53570   109.33294
 1033    268     7.39010   -27.53570   109.33294
 1038    268     7.89627   -27.53570   109.33294
 1039    268     7.99750   -27.53570   109.33294
 1040    268     8.09874   -27.53570   109.33294
 1041    268     8.19997   -27.53570   109.33294
 1043    268     8.40244   -27.53570   109.33294
 1044    268     8.50367   -27.53570   109.33294
 1045    268     8.60491   -27.53570   109.33294
 1046    268     8.70614   -27.53570   109.33294
 1050    268     9.11108   -27.53570   109.33294
 1054    268     9.51601   -27.53570   109.33294
 1055    268     9.61725   -27.53570   109.33294
 1056    268     9.71848   -27.53570   109.33294
 1410    268    45.55539   -27.53570   109.33294
 1411    268    45.65662   -27.53570   109.33294
 1412    268    45.75786   -27.53570   109.33294
 1413    268    45.85909   -27.53570   109.33294
 1414    268    45.96033   -27.53570   109.33294
 1415    268    46.06156   -27.53570   109.33294
 1416    268    46.16280   -27.53570   109.33294
 1417    268    46.26403   -27.53570   109.33294
 1418    268    46.36526   -27.53570   109.33294
 1420    268    46.56773   -27.53570   109.33294
 1421    268    46.66897   -27.53570   109.33294
 1422    268    46.77020   -27.53570   109.33294
 1423    268    46.87143   -27.53570   109.33294
 1424    268    46.97267   -27.53570   109.33294
 1425    268    47.07390   -27.53570   109.33294
 1016    269     5.36076   -25.94226   103.38612
 1017    269     5.45649   -25.94226   103.38612
 1018    269     5.55222   -25.94226   103.38612
 1020    269     5.74367   -25.94226   103.38612
 1021    269     5.83940   -25.94226   103.38612
 1028    269     6.50950   -25.94226   103.38612
 1029    269     6.60522   -25.94226   103.38612
 1032    269     6.89241   -25.94226   103.38612
 1033    269     6.98814   -25.94226   103.38612
 1034    269     7.08386   -25.94226   103.38612
 1039    269     7.56250   -25.94226   103.38612
 1040    269     7.65823   -25.94226   103.38612
 1041    269     7.75396   -25.94226   103.38612
 1042    269     7.84969   -25.94226   103.38612
 1044    269     8.04114   -25.94226   103.38612
 1045    269     8.13687   -25.94226   103.38612
 1046    269     8.23260   -25.94226   103.38612
 1047    269     8.32833   -25.94226   103.38612
 1050    269     8.61551   -25.94226   103.38612
 1051    269     8.71124   -25.94226   103.38612
 1055    269     9.09415   -25.94226   103.38612
 1056    269     9.18988   -25.94226   103.38612
 1057    269     9.28561   -25.94226   103.38612
 1412    269    43.26901   -25.94226   103.38612
 1413    269    43.36473   -25.94226   103.38612
 1414    269    43.46046   -25.94226   103.38612
 1415    269    43.55619   -25.94226   103.38612
 1416    269    43.65192   -25.94226   103.38612
 1417    269    43.74765   -25.94226   103.38612
 1418    269    43.84337   -25.94226   103.38612
 1419    269    43.93910   -25.94226   103.38612
 1420    269    44.03483   -25.94226   103.38612
 1422    269    44.22629   -25.94226   103.38612
 1423    269    44.32201   -25.94226   103.38612
 1424    269    44.41774   -25.94226   103.38612
 1425    269    44.51347   -25.94226   103.38612
 1426    269    44.60920   -25.94226   103.38612
 1428    269    44.80065   -25.94226   103.38612
 1429    269    44.89638   -25.94226   103.38612
 1430    269    44.99211   -25.94226   103.38612
 1431    269    45.08784   -25.94226   103.38612
 1017    270     5.17501   -24.51321    98.05285
 1018    270     5.26580   -24.51321    98.05285
 1021    270     5.53817   -24.51321    98.05285
 1022    270     5.62896   -24.51321    98.05285
 1029    270     6.26449   -24.51321    98.05285
 1030    270     6.35528   -24.51321    98.05285
 1033    270     6.62765   -24.51321    98.05285
 1034    270     6.71844   -24.51321    98.05285
 1035    270     6.80923   -24.51321    98.05285
 1040    270     7.26317   -24.51321    98.05285
 1041    270     7.35396   -24.51321    98.05285
 1042    270     7.44475   -24.51321    98.05285
 1043    270     7.53554   -24.51321    98.05285
 1045    270     7.71712   -24.51321    98.05285
 1046    270     7.80791   -24.51321    98.05285
 1047    270     7.89870   -24.51321    98.05285
 1048    270     7.98949   -24.51321    98.05285
 1051    270     8.26186   -24.51321    98.05285
 1052    270     8.35265   -24.51321    98.05285
 1053    270     8.44344   -24.51321    98.05285
 1056    270     8.71581   -24.51321    98.05285
 1057    270     8.80660   -24.51321    98.05285
 1058    270     8.89739   -24.51321    98.05285
 1415    270    41.30930   -24.51321    98.05285
 1416    270    41.40009   -24.51321    98.05285
 1417    270    41.49088   -24.51321    98.05285
 1418    270    41.58167   -24.51321    98.05285
 1419    270    41.67246   -24.51321    98.05285
 1420    270    41.76325   -24.51321    98.05285
 1421    270    41.85404   -24.51321    98.05285
 1422    270    41.94483   -24.51321    98.05285
 1423    270    42.03562   -24.51321    98.05285
 1424    270    42.12641   -24.51321    98.05285
 1425    270    42.21720   -24.51321    98.05285
 1426    270    42.30799   -24.51321    98.05285
 1427    270    42.39878   -24.51321    98.05285
 1428    270    42.48957   -24.51321    98.05285
 1429    270    42.58036   -24.51321    98.05285
 1430    270    42.67115   -24.51321    98.05285
 1431    270    42.76194   -24.51321    98.05285
 1432    270    42.85273   -24.51321    98.05285
 1017    271     4.92115   -23.22437    93.24283
 1018    271     5.00749   -23.22437    93.24283
 1019    271     5.09382   -23.22437    93.24283
 1022    271     5.35283   -23.22437    93.24283
 1023    271     5.43917   -23.22437    93.24283
 1029    271     5.95718   -23.22437    93.24283
 1030    271     6.04352   -23.22437    93.24283
 1031    271     6.12985   -23.22437    93.24283
 1034    271     6.38886   -23.22437    93.24283
 1035    271     6.47520   -23.22437    93.24283
 1041    271     6.99321   -23.22437    93.24283
 1042    271     7.07955   -23.22437    93.24283
 1043    271     7.16588   -23.22437    93.24283
 1044    271     7.25222   -23.22437    93.24283
 1047    271     7.51123   -23.22437    93.24283
 1048    271     7.59756   -23.22437    93.24283
 1049    271     7.68390   -23.22437    93.24283
 1052    271     7.94291   -23.22437    93.24283
 1053    271     8.02924   -23.22437    93.24283
 1054    271     8.11558   -23.22437    93.24283
 1058    271     8.46092   -23.22437    93.24283
 1059    271     8.54726   -23.22437    93.24283
 1060    271     8.63360   -23.22437    93.24283
 1417    271    39.45553   -23.22437    93.24283
 1418    271    39.54187   -23.22437    93.24283
 1419    271    39.62820   -23.22437    93.24283
 1420    271    39.71454   -23.22437    93.24283
 1421    271    39.80088   -23.22437    93.24283
 1422    271    39.88721   -23.22437    93.24283
 1423    271    39.97355   -23.22437    93.24283
 1424    271    40.05988   -23.22437    93.24283
 1427    271    40.31889   -23.22437    93.24283
 1428    271    40.40523   -23.22437    93.24283
 1429    271    40.49156   -23.22437    93.24283
 1430    271    40.57790   -23.22437    93.24283
 1431    271    40.66424   -23.22437    93.24283
 1432    271    40.75057   -23.22437    93.24283
 1433    271    40.83691   -23.22437    93.24283
 1018    272     4.77333   -22.05607    88.88266
 1019    272     4.85563   -22.05607    88.88266
 1023    272     5.18482   -22.05607    88.88266
 1024    272     5.26712   -22.05607    88.88266
 1030    272     5.76091   -22.05607    88.88266
 1031    272     5.84321   -22.05607    88.88266
 1032    272     5.92551   -22.05607    88.88266
 1035    272     6.17241   -22.05607    88.88266
 1036    272     6.25471   -22.05607    88.88266
 1042    272     6.74850   -22.05607    88.88266
 1043    272     6.83080   -22.05607    88.88266
 1044    272     6.91310   -22.05607    88.88266
 1045    272     6.99539   -22.05607    88.88266
 1047    272     7.15999   -22.05607    88.88266
 1048    272     7.24229   -22.05607    88.88266
 1049    272     7.32459   -22.05607    88.88266
 1050    272     7.40689   -22.05607    88.88266
 1054    272     7.73608   -22.05607    88.88266
 1055    272     7.81838   -22.05607    88.88266
 1058    272     8.06528   -22.05607    88.88266
 1059    272     8.14758   -22.05607    88.88266
 1060    272     8.22988   -22.05607    88.88266
 1420    272    37.85743   -22.05607    88.88266
 1421    272    37.93973   -22.05607    88.88266
 1422    272    38.02203   -22.05607    88.88266
 1423    272    38.10433   -22.05607    88.88266
 1424    272    38.18662   -22.05607    88.88266
 1425    272    38.26892   -22.05607    88.88266
 1427    272    38.43352   -22.05607    88.88266
 1428    272    38.51582   -22.05607    88.88266
 1430    272    38.68042   -22.05607    88.88266
 1431    272    38.76272   -22.05607    88.88266
 1432    272    38.84501   -22.05607    88.88266
 1433    272    38.92731   -22.05607    88.88266
 1019    273     4.63871   -20.99215    84.91205
 1020    273     4.71734   -20.99215    84.91205
 1024    273     5.03183   -20.99215    84.91205
 1031    273     5.58218   -20.99215    84.91205
 1032    273     5.66080   -20.99215    84.91205
 1033    273     5.73943   -20.99215    84.91205
 1036    273     5.97529   -20.99215    84.91205
 1037    273     6.05391   -20.99215    84.91205
 1043    273     6.52565   -20.99215    84.91205
 1044    273     6.60427   -20.99215    84.91205
 1045    273     6.68289   -20.99215    84.91205
 1046    273     6.76152   -20.99215    84.91205
 1048    273     6.91876   -20.99215    84.91205
 1049    273     6.99738   -20.99215    84.91205
 1050    273     7.07600   -20.99215    84.91205
 1051    273     7.15463   -20.99215    84.91205
 1056    273     7.54774   -20.99215    84.91205
 1059    273     7.78360   -20.99215    84.91205
 1060    273     7.86223   -20.99215    84.91205
 1061    273     7.94085   -20.99215    84.91205
 1423    273    36.40211   -20.99215    84.91205
 1424    273    36.48073   -20.99215    84.91205
 1425    273    36.55935   -20.99215    84.91205
 1426    273    36.63798   -20.99215    84.91205
 1427    273    36.71660   -20.99215    84.91205
 1428    273    36.79522   -20.99215    84.91205
 1429    273    36.87384   -20.99215    84.91205
 1430    273    36.95247   -20.99215    84.91205
 1431    273    37.03109   -20.99215    84.91205
 1432    273    37.10971   -20.99215    84.91205
 1020    274     4.51561   -20.01921    81.28102
 1021    274     4.59087   -20.01921    81.28102
 1024    274     4.81665   -20.01921    81.28102
 1025    274     4.89191   -20.01921    81.28102
 1032    274     5.41873   -20.01921    81.28102
 1033    274     5.49399   -20.01921    81.28102
 1037    274     5.79504   -20.01921    81.28102
 1038    274     5.87030   -20.01921    81.28102
 1044    274     6.32186   -20.01921    81.28102
 1045    274     6.39712   -20.01921    81.28102
 1046    274     6.47238   -20.01921    81.28102
 1047    274     6.54764   -20.01921    81.28102
 1049    274     6.69816   -20.01921    81.28102
 1050    274     6.77342   -20.01921    81.28102
 1051    274     6.84868   -20.01921    81.28102
 1056    274     7.22498   -20.01921    81.28102
 1057    274     7.30024   -20.01921    81.28102
 1060    274     7.52602   -20.01921    81.28102
 1061    274     7.60128   -20.01921    81.28102
 1062    274     7.67654   -20.01921    81.28102
 1426    274    35.07126   -20.01921    81.28102
 1427    274    35.14652   -20.01921    81.28102
 1428    274    35.22178   -20.01921    81.28102
 1429    274    35.29704   -20.01921    81.28102
 1430    274    35.37230   -20.01921    81.28102
 1431    274    35.44756   -20.01921    81.28102
 1432    274    35.52282   -20.01921    81.28102
 1438    274    35.97438   -20.01921    81.28102
 1439    274    36.04964   -20.01921    81.28102
 1440    274    36.12490   -20.01921    81.28102
 1441    274    36.20016   -20.01921    81.28102
 1442    274    36.27542   -20.01921    81.28102
 1021    275     4.40261   -19.12608    77.94780
 1022    275     4.47478   -19.12608    77.94780
 1025    275     4.69130   -19.12608    77.94780
 1026    275     4.76348   -19.12608    77.94780
 1027    275     4.83565   -19.12608    77.94780
 1033    275     5.26869   -19.12608    77.94780
 1034    275     5.34087   -19.12608    77.94780
 1037    275     5.55739   -19.12608    77.94780
 1038    275     5.62956   -19.12608    77.94780
 1039    275     5.70174   -19.12608    77.94780
 1045    275     6.13478   -19.12608    77.94780
 1046    275     6.20695   -19.12608    77.94780
 1047    275     6.27913   -19.12608    77.94780
 1048    275     6.35130   -19.12608    77.94780
 1049    275     6.42348   -19.12608    77.94780
 1050    275     6.49565   -19.12608    77.94780
 1051    275     6.56782   -19.12608    77.94780
 1052    275     6.64000   -19.12608    77.94780
 1053    275     6.71217   -19.12608    77.94780
 1057    275     7.00087   -19.12608    77.94780
 1058    275     7.07304   -19.12608    77.94780
 1062    275     7.36174   -19.12608    77.94780
 1063    275     7.43391   -19.12608    77.94780
 1428    275    33.77738   -19.12608    77.94780
 1429    275    33.84955   -19.12608    77.94780
 1430    275    33.92173   -19.12608    77.94780
 1431    275    33.99390   -19.12608    77.94780
 1432    275    34.06608   -19.12608    77.94780
 1433    275    34.13825   -19.12608    77.94780
 1439    275    34.57129   -19.12608    77.94780
 1440    275    34.64347   -19.12608    77.94780
 1441    275    34.71564   -19.12608    77.94780
 1442    275    34.78781   -19.12608    77.94780
 1443    275    34.85999   -19.12608    77.94780
 1444    275    34.93216   -19.12608    77.94780
 1022    276     4.29851   -18.30331    74.87719
 1023    276     4.36784   -18.30331    74.87719
 1026    276     4.57583   -18.30331    74.87719
 1027    276     4.64516   -18.30331    74.87719
 1028    276     4.71449   -18.30331    74.87719
 1034    276     5.13047   -18.30331    74.87719
 1035    276     5.19980   -18.30331    74.87719
 1038    276     5.40780   -18.30331    74.87719
 1039    276     5.47713   -18.30331    74.87719
 1040    276     5.54646   -18.30331    74.87719
 1046    276     5.96244   -18.30331    74.87719
 1047    276     6.03177   -18.30331    74.87719
 1048    276     6.10110   -18.30331    74.87719
 1049    276     6.17044   -18.30331    74.87719
 1052    276     6.37843   -18.30331    74.87719
 1053    276     6.44776   -18.30331    74.87719
 1057    276     6.72508   -18.30331    74.87719
 1058    276     6.79441   -18.30331    74.87719
 1059    276     6.86374   -18.30331    74.87719
 1063    276     7.14107   -18.30331    74.87719
 1064    276     7.21040   -18.30331    74.87719
 1433    276    32.79344   -18.30331    74.87719
 1434    276    32.86277   -18.30331    74.87719
 1435    276    32.93210   -18.30331    74.87719
 1436    276    33.00143   -18.30331    74.87719
 1442    276    33.41741   -18.30331    74.87719
 1443    276    33.48674   -18.30331    74.87719
 1444    276    33.55607   -18.30331    74.87719
 1022    277     4.13559   -17.54291    72.03934
 1023    277     4.20229   -17.54291    72.03934
 1024    277     4.26900   -17.54291    72.03934
 1026    277     4.40240   -17.54291    72.03934
 1027    277     4.46911   -17.54291    72.03934
 1028    277     4.53581   -17.54291    72.03934
 1029    277     4.60251   -17.54291    72.03934
 1035    277     5.00273   -17.54291    72.03934
 1036    277     5.06943   -17.54291    72.03934
 1039    277     5.26954   -17.54291    72.03934
 1040    277     5.33625   -17.54291    72.03934
 1041    277     5.40295   -17.54291    72.03934
 1047    277     5.80317   -17.54291    72.03934
 1048    277     5.86987   -17.54291    72.03934
 1049    277     5.93657   -17.54291    72.03934
 1050    277     6.00328   -17.54291    72.03934
 1052    277     6.13668   -17.54291    72.03934
 1053    277     6.20339   -17.54291    72.03934
 1054    277     6.27009   -17.54291    72.03934
 1058    277     6.53690   -17.54291    72.03934
 1059    277     6.60361   -17.54291    72.03934
 1060    277     6.67031   -17.54291    72.03934
 1064    277     6.93712   -17.54291    72.03934
 1065    277     7.00382   -17.54291    72.03934
 1436    277    31.75067   -17.54291    72.03934
 1437    277    31.81737   -17.54291    72.03934
 1438    277    31.88408   -17.54291    72.03934
 1439    277    31.95078   -17.54291    72.03934
 1440    277    32.01748   -17.54291    72.03934
 1443    277    32.21759   -17.54291    72.03934
 1023    278     4.04884   -16.83804    69.40873
 1024    278     4.11311   -16.83804    69.40873
 1025    278     4.17738   -16.83804    69.40873
 1028    278     4.37018   -16.83804    69.40873
 1029    278     4.43445   -16.83804    69.40873
 1030    278     4.49871   -16.83804    69.40873
 1035    278     4.82005   -16.83804    69.40873
 1036    278     4.88432   -16.83804    69.40873
 1037    278     4.94859   -16.83804    69.40873
 1039    278     5.07712   -16.83804    69.40873
 1040    278     5.14139   -16.83804    69.40873
 1041    278     5.20566   -16.83804    69.40873
 1042    278     5.26992   -16.83804    69.40873
 1049    278     5.71979   -16.83804    69.40873
 1050    278     5.78406   -16.83804    69.40873
 1051    278     5.84833   -16.83804    69.40873
 1054    278     6.04113   -16.83804    69.40873
 1055    278     6.10540   -16.83804    69.40873
 1061    278     6.49100   -16.83804    69.40873
 1064    278     6.68380   -16.83804    69.40873
 1065    278     6.74807   -16.83804    69.40873
 1066    278     6.81234   -16.83804    69.40873
 1438    278    30.71979   -16.83804    69.40873
 1439    278    30.78406   -16.83804    69.40873
 1440    278    30.84833   -16.83804    69.40873
 1441    278    30.91259   -16.83804    69.40873
 1442    278    30.97686   -16.83804    69.40873
 1443    278    31.04113   -16.83804    69.40873
 1450    278    31.49100   -16.83804    69.40873
 1451    278    31.55527   -16.83804    69.40873
 1452    278    31.61953   -16.83804    69.40873
 1453    278    31.68380   -16.83804    69.40873
 1454    278    31.74807   -16.83804    69.40873
 1455    278    31.81234   -16.83804    69.40873
 1024    279     3.96821   -16.18284    66.96348
 1025    279     4.03021   -16.18284    66.96348
 1026    279     4.09221   -16.18284    66.96348
 1029    279     4.27822   -16.18284    66.96348
 1030    279     4.34023   -16.18284    66.96348
 1031    279     4.40223   -16.18284    66.96348
 1036    279     4.71225   -16.18284    66.96348
 1037    279     4.77425   -16.18284    66.96348
 1038    279     4.83625   -16.18284    66.96348
 1040    279     4.96026   -16.18284    66.96348
 1041    279     5.02226   -16.18284    66.96348
 1042    279     5.08426   -16.18284    66.96348
 1043    279     5.14627   -16.18284    66.96348
 1050    279     5.58029   -16.18284    66.96348
 1051    279     5.64229   -16.18284    66.96348
 1052    279     5.70430   -16.18284    66.96348
 1054    279     5.82830   -16.18284    66.96348
 1055    279     5.89031   -16.18284    66.96348
 1056    279     5.95231   -16.18284    66.96348
 1061    279     6.26233   -16.18284    66.96348
 1062    279     6.32433   -16.18284    66.96348
 1065    279     6.51034   -16.18284    66.96348
 1066    279     6.57234   -16.18284    66.96348
 1440    279    29.76155   -16.18284    66.96348
 1441    279    29.82355   -16.18284    66.96348
 1442    279    29.88556   -16.18284    66.96348
 1443    279    29.94756   -16.18284    66.96348
 1444    279    30.00956   -16.18284    66.96348
 1450    279    30.38158   -16.18284    66.96348
 1451    279    30.44358   -16.18284    66.96348
 1452    279    30.50559   -16.18284    66.96348
 1453    279    30.56759   -16.18284    66.96348
 1454    279    30.62959   -16.18284    66.96348
 1455    279    30.69160   -16.18284    66.96348
 1456    279    30.75360   -16.18284    66.96348
 1025    280     3.89306   -15.57223    64.68466
 1026    280     3.95295   -15.57223    64.68466
 1027    280     4.01284   -15.57223    64.68466
 1029    280     4.13263   -15.57223    64.68466
 1030    280     4.19252   -15.57223    64.68466
 1031    280     4.25242   -15.57223    64.68466
 1036    280     4.55188   -15.57223    64.68466
 1037    280     4.61178   -15.57223    64.68466
 1038    280     4.67167   -15.57223    64.68466
 1039    280     4.73156   -15.57223    64.68466
 1041    280     4.85135   -15.57223    64.68466
 1042    280     4.91124   -15.57223    64.68466
 1043    280     4.97114   -15.57223    64.68466
 1044    280     5.03103   -15.57223    64.68466
 1050    280     5.39039   -15.57223    64.68466
 1051    280     5.45028   -15.57223    64.68466
 1052    280     5.51017   -15.57223    64.68466
 1053    280     5.57007   -15.57223    64.68466
 1055    280     5.68985   -15.57223    64.68466
 1056    280     5.74975   -15.57223    64.68466
 1057    280     5.80964   -15.57223    64.68466
 1058    280     5.86953   -15.57223    64.68466
 1059    280     5.92943   -15.57223    64.68466
 1060    280     5.98932   -15.57223    64.68466
 1061    280     6.04921   -15.57223    64.68466
 1066    280     6.34868   -15.57223    64.68466
 1067    280     6.40857   -15.57223    64.68466
 1450    280    29.34767   -15.57223    64.68466
 1451    280    29.40756   -15.57223    64.68466
 1452    280    29.46746   -15.57223    64.68466
 1453    280    29.52735   -15.57223    64.68466
 1454    280    29.58724   -15.57223    64.68466
 1455    280    29.64714   -15.57223    64.68466
 1456    280    29.70703   -15.57223    64.68466
 1457    280    29.76692   -15.57223    64.68466
 1026    281     3.82286   -15.00182    62.55584
 1027    281     3.88078   -15.00182    62.55584
 1028    281     3.93870   -15.00182    62.55584
 1030    281     4.05454   -15.00182    62.55584
 1031    281     4.11247   -15.00182    62.55584
 1032    281     4.17039   -15.00182    62.55584
 1037    281     4.46000   -15.00182    62.55584
 1038    281     4.51792   -15.00182    62.55584
 1039    281     4.57584   -15.00182    62.55584
 1040    281     4.63377   -15.00182    62.55584
 1042    281     4.74961   -15.00182    62.55584
 1043    281     4.80753   -15.00182    62.55584
 1044    281     4.86545   -15.00182    62.55584
 1045    281     4.92338   -15.00182    62.55584
 1051    281     5.27091   -15.00182    62.55584
 1052    281     5.32883   -15.00182    62.55584
 1053    281     5.38675   -15.00182    62.55584
 1056    281     5.56052   -15.00182    62.55584
 1057    281     5.61844   -15.00182    62.55584
 1058    281     5.67636   -15.00182    62.55584
 1059    281     5.73428   -15.00182    62.55584
 1060    281     5.79221   -15.00182    62.55584
 1061    281     5.85013   -15.00182    62.55584
 1062    281     5.90805   -15.00182    62.55584
 1068    281     6.25558   -15.00182    62.55584
 1449    281    28.32389   -15.00182    62.55584
 1450    281    28.38181   -15.00182    62.55584
 1451    281    28.43974   -15.00182    62.55584
 1452    281    28.49766   -15.00182    62.55584
 1453    281    28.55558   -15.00182    62.55584
 1454    281    28.61350   -15.00182    62.55584
 1455    281    28.67142   -15.00182    62.55584
 1456    281    28.72935   -15.00182    62.55584
 1457    281    28.78727   -15.00182    62.55584
 1027    282     3.75713   -14.46775    60.56267
 1028    282     3.81321   -14.46775    60.56267
 1029    282     3.86928   -14.46775    60.56267
 1031    282     3.98143   -14.46775    60.56267
 1032    282     4.03751   -14.46775    60.56267
 1033    282     4.09359   -14.46775    60.56267
 1038    282     4.37397   -14.46775    60.56267
 1039    282     4.43005   -14.46775    60.56267
 1040    282     4.48612   -14.46775    60.56267
 1041    282     4.54220   -14.46775    60.56267
 1043    282     4.65435   -14.46775    60.56267
 1044    282     4.71043   -14.46775    60.56267
 1045    282     4.76651   -14.46775    60.56267
 1046    282     4.82258   -14.46775    60.56267
 1052    282     5.15904   -14.46775    60.56267
 1053    282     5.21512   -14.46775    60.56267
 1054    282     5.27120   -14.46775    60.56267
 1057    282     5.43942   -14.46775    60.56267
 1058    282     5.49550   -14.46775    60.56267
 1059    282     5.55158   -14.46775    60.56267
 1060    282     5.60765   -14.46775    60.56267
 1061    282     5.66373   -14.46775    60.56267
 1062    282     5.71981   -14.46775    60.56267
 1063    282     5.77588   -14.46775    60.56267
 1069    282     6.11234   -14.46775    60.56267
 1070    282     6.16842   -14.46775    60.56267
 1450    282    27.47751   -14.46775    60.56267
 1451    282    27.53358   -14.46775    60.56267
 1452    282    27.58966   -14.46775    60.56267
 1453    282    27.64574   -14.46775    60.56267
 1454    282    27.70181   -14.46775    60.56267
 1455    282    27.75789   -14.46775    60.56267
 1456    282    27.81397   -14.46775    60.56267
 1457    282    27.87004   -14.46775    60.56267
 1028    283     3.69546   -13.96666    58.69259
 1029    283     3.74980   -13.96666    58.69259
 1032    283     3.91284   -13.96666    58.69259
 1033    283     3.96718   -13.96666    58.69259
 1034    283     4.02153   -13.96666    58.69259
 1038    283     4.23891   -13.96666    58.69259
 1039    283     4.29325   -13.96666    58.69259
 1040    283     4.34760   -13.96666    58.69259
 1041    283     4.40194   -13.96666    58.69259
 1042    283     4.45629   -13.96666    58.69259
 1044    283     4.56498   -13.96666    58.69259
 1045    283     4.61932   -13.96666    58.69259
 1046    283     4.67367   -13.96666    58.69259
 1047    283     4.72801   -13.96666    58.69259
 1053    283     5.05408   -13.96666    58.69259
 1054    283     5.10843   -13.96666    58.69259
 1055    283     5.16277   -13.96666    58.69259
 1056    283     5.21712   -13.96666    58.69259
 1057    283     5.27146   -13.96666    58.69259
 1058    283     5.32581   -13.96666    58.69259
 1059    283     5.38015   -13.96666    58.69259
 1060    283     5.43450   -13.96666    58.69259
 1061    283     5.48884   -13.96666    58.69259
 1062    283     5.54319   -13.96666    58.69259
 1063    283     5.59753   -13.96666    58.69259
 1064    283     5.65188   -13.96666    58.69259
 1069    283     5.92360   -13.96666    58.69259
 1070    283     5.97795   -13.96666    58.69259
 1071    283     6.03229   -13.96666    58.69259
 1072    283     6.08664   -13.96666    58.69259
 1451    283    26.68339   -13.96666    58.69259
 1452    283    26.73774   -13.96666    58.69259
 1453    283    26.79208   -13.96666    58.69259
 1454    283    26.84643   -13.96666    58.69259
 1455    283    26.90077   -13.96666    58.69259
 1456    283    26.95512   -13.96666    58.69259
 1028    284     3.58477   -13.49560    56.93455
 1029    284     3.63748   -13.49560    56.93455
 1030    284     3.69020   -13.49560    56.93455
 1033    284     3.84835   -13.49560    56.93455
 1034    284     3.90107   -13.49560    56.93455
 1039    284     4.16466   -13.49560    56.93455
 1040    284     4.21737   -13.49560    56.93455
 1041    284     4.27009   -13.49560    56.93455
 1042    284     4.32281   -13.49560    56.93455
 1043    284     4.37553   -13.49560    56.93455
 1045    284     4.48096   -13.49560    56.93455
 1046    284     4.53368   -13.49560    56.93455
 1047    284     4.58639   -13.49560    56.93455
 1054    284     4.95541   -13.49560    56.93455
 1055    284     5.00813   -13.49560    56.93455
 1056    284     5.06085   -13.49560    56.93455
 1057    284     5.11357   -13.49560    56.93455
 1058    284     5.16628   -13.49560    56.93455
 1059    284     5.21900   -13.49560    56.93455
 1061    284     5.32443   -13.49560    56.93455
 1062    284     5.37715   -13.49560    56.93455
 1063    284     5.42987   -13.49560    56.93455
 1064    284     5.48259   -13.49560    56.93455
 1067    284     5.64074   -13.49560    56.93455
 1068    284     5.69345   -13.49560    56.93455
 1070    284     5.79889   -13.49560    56.93455
 1071    284     5.85161   -13.49560    56.93455
 1072    284     5.90432   -13.49560    56.93455
 1073    284     5.95704   -13.49560    56.93455
 1466    284    26.67489   -13.49560    56.93455
 1467    284    26.72761   -13.49560    56.93455
 1468    284    26.78032   -13.49560    56.93455
 1469    284    26.83304   -13.49560    56.93455
 1470    284    26.88576   -13.49560    56.93455
 1471    284    26.93847   -13.49560    56.93455
 1472    284    26.99119   -13.49560    56.93455
 1029    285     3.53170   -13.05193    55.27876
 1030    285     3.58288   -13.05193    55.27876
 1031    285     3.63407   -13.05193    55.27876
 1032    285     3.68525   -13.05193    55.27876
 1033    285     3.73643   -13.05193    55.27876
 1034    285     3.78762   -13.05193    55.27876
 1035    285     3.83880   -13.05193    55.27876
 1040    285     4.09472   -13.05193    55.27876
 1041    285     4.14591   -13.05193    55.27876
 1042    285     4.19709   -13.05193    55.27876
 1043    285     4.24827   -13.05193    55.27876
 1044    285     4.29946   -13.05193    55.27876
 1047    285     4.45301   -13.05193    55.27876
 1048    285     4.50419   -13.05193    55.27876
 1055    285     4.86248   -13.05193    55.27876
 1056    285     4.91367   -13.05193    55.27876
 1057    285     4.96485   -13.05193    55.27876
 1058    285     5.01604   -13.05193    55.27876
 1059    285     5.06722   -13.05193    55.27876
 1060    285     5.11840   -13.05193    55.27876
 1061    285     5.16959   -13.05193    55.27876
 1062    285     5.22077   -13.05193    55.27876
 1063    285     5.27196   -13.05193    55.27876
 1064    285     5.32314   -13.05193    55.27876
 1067    285     5.47669   -13.05193    55.27876
 1068    285     5.52788   -13.05193    55.27876
 1069    285     5.57906   -13.05193    55.27876
 1071    285     5.68143   -13.05193    55.27876
 1072    285     5.73261   -13.05193    55.27876
 1073    285     5.78380   -13.05193    55.27876
 1468    285    26.00149   -13.05193    55.27876
 1469    285    26.05267   -13.05193    55.27876
 1470    285    26.10386   -13.05193    55.27876
 1471    285    26.15504   -13.05193    55.27876
 1472    285    26.20622   -13.05193    55.27876
 1473    285    26.25741   -13.05193    55.27876
 1030    286     3.48163   -12.63334    53.71655
 1031    286     3.53137   -12.63334    53.71655
 1032    286     3.58110   -12.63334    53.71655
 1036    286     3.78005   -12.63334    53.71655
 1042    286     4.07848   -12.63334    53.71655
 1043    286     4.12822   -12.63334    53.71655
 1044    286     4.17795   -12.63334    53.71655
 1045    286     4.22769   -12.63334    53.71655
 1047    286     4.32717   -12.63334    53.71655
 1048    286     4.37690   -12.63334    53.71655
 1049    286     4.42664   -12.63334    53.71655
 1056    286     4.77480   -12.63334    53.71655
 1057    286     4.82454   -12.63334    53.71655
 1058    286     4.87428   -12.63334    53.71655
 1059    286     4.92402   -12.63334    53.71655
 1060    286     4.97375   -12.63334    53.71655
 1061    286     5.02349   -12.63334    53.71655
 1062    286     5.07323   -12.63334    53.71655
 1063    286     5.12297   -12.63334    53.71655
 1064    286     5.17271   -12.63334    53.71655
 1067    286     5.32192   -12.63334    53.71655
 1068    286     5.37166   -12.63334    53.71655
 1069    286     5.42139   -12.63334    53.71655
 1070    286     5.47113   -12.63334    53.71655
 1072    286     5.57061   -12.63334    53.71655
 1073    286     5.62034   -12.63334    53.71655
 1074    286     5.67008   -12.63334    53.71655
 1471    286    25.41589   -12.63334    53.71655
 1472    286    25.46562   -12.63334    53.71655
 1473    286    25.51536   -12.63334    53.71655
 1474    286    25.56510   -12.63334    53.71655
 1475    286    25.61484   -12.63334    53.71655
 1031    287     3.43431   -12.23776    52.24022
 1032    287     3.48268   -12.23776    52.24022
 1036    287     3.67616   -12.23776    52.24022
 1037    287     3.72453   -12.23776    52.24022
 1038    287     3.77290   -12.23776    52.24022
 1044    287     4.06313   -12.23776    52.24022
 1045    287     4.11150   -12.23776    52.24022
 1048    287     4.25661   -12.23776    52.24022
 1049    287     4.30498   -12.23776    52.24022
 1050    287     4.35335   -12.23776    52.24022
 1057    287     4.69195   -12.23776    52.24022
 1058    287     4.74032   -12.23776    52.24022
 1059    287     4.78869   -12.23776    52.24022
 1060    287     4.83706   -12.23776    52.24022
 1061    287     4.88543   -12.23776    52.24022
 1062    287     4.93380   -12.23776    52.24022
 1063    287     4.98217   -12.23776    52.24022
 1064    287     5.03054   -12.23776    52.24022
 1068    287     5.22402   -12.23776    52.24022
 1069    287     5.27239   -12.23776    52.24022
 1070    287     5.32076   -12.23776    52.24022
 1071    287     5.36913   -12.23776    52.24022
 1074    287     5.51425   -12.23776    52.24022
 1075    287     5.56262   -12.23776    52.24022
 1076    287     5.61099   -12.23776    52.24022
 1466    287    24.47551   -12.23776    52.24022
 1467    287    24.52388   -12.23776    52.24022
 1468    287    24.57225   -12.23776    52.24022
 1469    287    24.62062   -12.23776    52.24022
 1470    287    24.66899   -12.23776    52.24022
 1471    287    24.71736   -12.23776    52.24022
 1475    287    24.91085   -12.23776    52.24022
 1476    287    24.95922   -12.23776    52.24022
 1477    287    25.00759   -12.23776    52.24022
 1478    287    25.05596   -12.23776    52.24022
 1033    288     3.43660   -11.86334    50.84287
 1036    288     3.57783   -11.86334    50.84287
 1037    288     3.62491   -11.86334    50.84287
 1038    288     3.67198   -11.86334    50.84287
 1039    288     3.71906   -11.86334    50.84287
 1045    288     4.00152   -11.86334    50.84287
 1046    288     4.04860   -11.86334    50.84287
 1049    288     4.18983   -11.86334    50.84287
 1050    288     4.23691   -11.86334    50.84287
 1051    288     4.28398   -11.86334    50.84287
 1058    288     4.61352   -11.86334    50.84287
 1059    288     4.66060   -11.86334    50.84287
 1060    288     4.70767   -11.86334    50.84287
 1061    288     4.75475   -11.86334    50.84287
 1063    288     4.84890   -11.86334    50.84287
 1064    288     4.89598   -11.86334    50.84287
 1065    288     4.94306   -11.86334    50.84287
 1070    288     5.17844   -11.86334    50.84287
 1071    288     5.22552   -11.86334    50.84287
 1075    288     5.41382   -11.86334    50.84287
 1076    288     5.46090   -11.86334    50.84287
 1077    288     5.50798   -11.86334    50.84287
 1467    288    23.86790   -11.86334    50.84287
 1468    288    23.91498   -11.86334    50.84287
 1469    288    23.96205   -11.86334    50.84287
 1470    288    24.00913   -11.86334    50.84287
 1471    288    24.05621   -11.86334    50.84287
 1472    288    24.10328   -11.86334    50.84287
 1478    288    24.38575   -11.86334    50.84287
 1479    288    24.43282   -11.86334    50.84287
 1033    289     3.34707   -11.50842    49.51832
 1034    289     3.39292   -11.50842    49.51832
 1035    289     3.43877   -11.50842    49.51832
 1037    289     3.53047   -11.50842    49.51832
 1038    289     3.57632   -11.50842    49.51832
 1039    289     3.62217   -11.50842    49.51832
 1045    289     3.89728   -11.50842    49.51832
 1046    289     3.94313   -11.50842    49.51832
 1047    289     3.98898   -11.50842    49.51832
 1050    289     4.12653   -11.50842    49.51832
 1051    289     4.17238   -11.50842    49.51832
 1059    289     4.53918   -11.50842    49.51832
 1060    289     4.58503   -11.50842    49.51832
 1061    289     4.63088   -11.50842    49.51832
 1064    289     4.76843   -11.50842    49.51832
 1065    289     4.81428   -11.50842    49.51832
 1066    289     4.86013   -11.50842    49.51832
 1071    289     5.08938   -11.50842    49.51832
 1072    289     5.13523   -11.50842    49.51832
 1073    289     5.18108   -11.50842    49.51832
 1076    289     5.31863   -11.50842    49.51832
 1077    289     5.36448   -11.50842    49.51832
 1078    289     5.41034   -11.50842    49.51832
 1469    289    23.33780   -11.50842    49.51832
 1470    289    23.38365   -11.50842    49.51832
 1471    289    23.42950   -11.50842    49.51832
 1472    289    23.47535   -11.50842    49.51832
 1473    289    23.52120   -11.50842    49.51832
 1474    289    23.56705   -11.50842    49.51832
 1480    289    23.84215   -11.50842    49.51832
 1034    290     3.30677   -11.17154    48.26104
 1035    290     3.35146   -11.17154    48.26104
 1036    290     3.39615   -11.17154    48.26104
 1038    290     3.48552   -11.17154    48.26104
 1039    290     3.53021   -11.17154    48.26104
 1040    290     3.57489   -11.17154    48.26104
 1046    290     3.84301   -11.17154    48.26104
 1047    290     3.88769   -11.17154    48.26104
 1048    290     3.93238   -11.17154    48.26104
 1051    290     4.06644   -11.17154    48.26104
 1052    290     4.11113   -11.17154    48.26104
 1053    290     4.15581   -11.17154    48.26104
 1060    290     4.46861   -11.17154    48.26104
 1061    290     4.51330   -11.17154    48.26104
 1062    290     4.55799   -11.17154    48.26104
 1065    290     4.69205   -11.17154    48.26104
 1066    290     4.73673   -11.17154    48.26104
 1067    290     4.78142   -11.17154    48.26104
 1072    290     5.00485   -11.17154    48.26104
 1073    290     5.04953   -11.17154    48.26104
 1074    290     5.09422   -11.17154    48.26104
 1077    290     5.22828   -11.17154    48.26104
 1078    290     5.27297   -11.17154    48.26104
 1079    290     5.31765   -11.17154    48.26104
 1474    290    22.96868   -11.17154    48.26104
 1475    290    23.01336   -11.17154    48.26104
 1476    290    23.05805   -11.17154    48.26104
 1477    290    23.10274   -11.17154    48.26104
 1034    291     3.22489   -10.85133    47.06602
 1035    291     3.26847   -10.85133    47.06602
 1036    291     3.31205   -10.85133    47.06602
 1037    291     3.35563   -10.85133    47.06602
 1039    291     3.44279   -10.85133    47.06602
 1040    291     3.48637   -10.85133    47.06602
 1041    291     3.52995   -10.85133    47.06602
 1047    291     3.79143   -10.85133    47.06602
 1048    291     3.83501   -10.85133    47.06602
 1049    291     3.87859   -10.85133    47.06602
 1052    291     4.00933   -10.85133    47.06602
 1053    291     4.05291   -10.85133    47.06602
 1054    291     4.09649   -10.85133    47.06602
 1061    291     4.40154   -10.85133    47.06602
 1062    291     4.44512   -10.85133    47.06602
 1063    291     4.48870   -10.85133    47.06602
 1065    291     4.57586   -10.85133    47.06602
 1066    291     4.61944   -10.85133    47.06602
 1067    291     4.66302   -10.85133    47.06602
 1068    291     4.70660   -10.85133    47.06602
 1073    291     4.92450   -10.85133    47.06602
 1074    291     4.96808   -10.85133    47.06602
 1075    291     5.01166   -10.85133    47.06602
 1078    291     5.14240   -10.85133    47.06602
 1079    291     5.18598   -10.85133    47.06602
 1080    291     5.22956   -10.85133    47.06602
 1477    291    22.53068   -10.85133    47.06602
 1478    291    22.57426   -10.85133    47.06602
 1035    292     3.18950   -10.54660    45.92875
 1036    292     3.23202   -10.54660    45.92875
 1037    292     3.27455   -10.54660    45.92875
 1040    292     3.40213   -10.54660    45.92875
 1041    292     3.44466   -10.54660    45.92875
 1042    292     3.48718   -10.54660    45.92875
 1048    292     3.74234   -10.54660    45.92875
 1049    292     3.78487   -10.54660    45.92875
 1050    292     3.82740   -10.54660    45.92875
 1053    292     3.95498   -10.54660    45.92875
 1054    292     3.99750   -10.54660    45.92875
 1055    292     4.04003   -10.54660    45.92875
 1062    292     4.33771   -10.54660    45.92875
 1063    292     4.38024   -10.54660    45.92875
 1064    292     4.42277   -10.54660    45.92875
 1066    292     4.50782   -10.54660    45.92875
 1067    292     4.55035   -10.54660    45.92875
 1068    292     4.59287   -10.54660    45.92875
 1074    292     4.84803   -10.54660    45.92875
 1075    292     4.89056   -10.54660    45.92875
 1076    292     4.93309   -10.54660    45.92875
 1079    292     5.06067   -10.54660    45.92875
 1080    292     5.10319   -10.54660    45.92875
 1081    292     5.14572   -10.54660    45.92875
 1036    293     3.15577   -10.25625    44.84514
 1037    293     3.19729   -10.25625    44.84514
 1038    293     3.23882   -10.25625    44.84514
 1041    293     3.36339   -10.25625    44.84514
 1042    293     3.40491   -10.25625    44.84514
 1049    293     3.69557   -10.25625    44.84514
 1050    293     3.73710   -10.25625    44.84514
 1051    293     3.77862   -10.25625    44.84514
 1054    293     3.90319   -10.25625    44.84514
 1055    293     3.94471   -10.25625    44.84514
 1063    293     4.27690   -10.25625    44.84514
 1064    293     4.31842   -10.25625    44.84514
 1065    293     4.35994   -10.25625    44.84514
 1067    293     4.44299   -10.25625    44.84514
 1068    293     4.48451   -10.25625    44.84514
 1069    293     4.52604   -10.25625    44.84514
 1075    293     4.77518   -10.25625    44.84514
 1076    293     4.81670   -10.25625    44.84514
 1077    293     4.85822   -10.25625    44.84514
 1080    293     4.98279   -10.25625    44.84514
 1081    293     5.02432   -10.25625    44.84514
 1082    293     5.06584   -10.25625    44.84514
 1037    294     3.12360    -9.97928    43.81149
 1038    294     3.16416    -9.97928    43.81149
 1039    294     3.20473    -9.97928    43.81149
 1042    294     3.32643    -9.97928    43.81149
 1043    294     3.36699    -9.97928    43.81149
 1050    294     3.65096    -9.97928    43.81149
 1051    294     3.69152    -9.97928    43.81149
 1052    294     3.73209    -9.97928    43.81149
 1055    294     3.85379    -9.97928    43.81149
 1056    294     3.89435    -9.97928    43.81149
 1063    294     4.17832    -9.97928    43.81149
 1064    294     4.21888    -9.97928    43.81149
 1065    294     4.25945    -9.97928    43.81149
 1067    294     4.34058    -9.97928    43.81149
 1068    294     4.38115    -9.97928    43.81149
 1069    294     4.42172    -9.97928    43.81149
 1076    294     4.70568    -9.97928    43.81149
 1077    294     4.74624    -9.97928    43.81149
 1078    294     4.78681    -9.97928    43.81149
 1081    294     4.90851    -9.97928    43.81149
 1082    294     4.94908    -9.97928    43.81149
 1083    294     4.98964    -9.97928    43.81149
 1496    294    21.74348    -9.97928    43.81149
 1497    294    21.78405    -9.97928    43.81149
 1498    294    21.82461    -9.97928    43.81149
 1499    294    21.86518    -9.97928    43.81149
 1500    294    21.90574    -9.97928    43.81149
 1038    295     3.09287    -9.71480    42.82441
 1039    295     3.13253    -9.71480    42.82441
 1040    295     3.17218    -9.71480    42.82441
 1042    295     3.25148    -9.71480    42.82441
 1043    295     3.29114    -9.71480    42.82441
 1051    295     3.60835    -9.71480    42.82441
 1052    295     3.64801    -9.71480    42.82441
 1053    295     3.68766    -9.71480    42.82441
 1056    295     3.80661    -9.71480    42.82441
 1063    295     4.08418    -9.71480    42.82441
 1064    295     4.12383    -9.71480    42.82441
 1065    295     4.16348    -9.71480    42.82441
 1067    295     4.24279    -9.71480    42.82441
 1068    295     4.28244    -9.71480    42.82441
 1069    295     4.32209    -9.71480    42.82441
 1070    295     4.36175    -9.71480    42.82441
 1077    295     4.63931    -9.71480    42.82441
 1078    295     4.67896    -9.71480    42.82441
 1079    295     4.71862    -9.71480    42.82441
 1082    295     4.83757    -9.71480    42.82441
 1083    295     4.87722    -9.71480    42.82441
 1496    295    21.25360    -9.71480    42.82441
 1497    295    21.29325    -9.71480    42.82441
 1498    295    21.33290    -9.71480    42.82441
 1499    295    21.37255    -9.71480    42.82441
 1500    295    21.41221    -9.71480    42.82441
 1501    295    21.45186    -9.71480    42.82441
 1502    295    21.49151    -9.71480    42.82441
 1503    295    21.53116    -9.71480    42.82441
 1039    296     3.06351    -9.46197    41.88084
 1040    296     3.10228    -9.46197    41.88084
 1043    296     3.21862    -9.46197    41.88084
 1044    296     3.25740    -9.46197    41.88084
 1052    296     3.56763    -9.46197    41.88084
 1053    296     3.60641    -9.46197    41.88084
 1063    296     3.99419    -9.46197    41.88084
 1064    296     4.03297    -9.46197    41.88084
 1065    296     4.07175    -9.46197    41.88084
 1067    296     4.14930    -9.46197    41.88084
 1068    296     4.18808    -9.46197    41.88084
 1069    296     4.22686    -9.46197    41.88084
 1070    296     4.26564    -9.46197    41.88084
 1078    296     4.57587    -9.46197    41.88084
 1079    296     4.61465    -9.46197    41.88084
 1080    296     4.65343    -9.46197    41.88084
 1499    296    20.90164    -9.46197    41.88084
 1500    296    20.94042    -9.46197    41.88084
 1501    296    20.97920    -9.46197    41.88084
 1502    296    21.01797    -9.46197    41.88084
 1503    296    21.05675    -9.46197    41.88084
 1504    296    21.09553    -9.46197    41.88084
 1040    297     3.03540    -9.22004    40.97794
 1041    297     3.07335    -9.22004    40.97794
 1044    297     3.18717    -9.22004    40.97794
 1045    297     3.22512    -9.22004    40.97794
 1054    297     3.56660    -9.22004    40.97794
 1063    297     3.90808    -9.22004    40.97794
 1064    297     3.94602    -9.22004    40.97794
 1065    297     3.98397    -9.22004    40.97794
 1066    297     4.02191    -9.22004    40.97794
 1067    297     4.05985    -9.22004    40.97794
 1068    297     4.09779    -9.22004    40.97794
 1069    297     4.13574    -9.22004    40.97794
 1079    297     4.51516    -9.22004    40.97794
 1080    297     4.55310    -9.22004    40.97794
 1081    297     4.59105    -9.22004    40.97794
 1495    297    20.29926    -9.22004    40.97794
 1496    297    20.33720    -9.22004    40.97794
 1497    297    20.37514    -9.22004    40.97794
 1498    297    20.41309    -9.22004    40.97794
 1502    297    20.56486    -9.22004    40.97794
 1503    297    20.60280    -9.22004    40.97794
 1504    297    20.64074    -9.22004    40.97794
 1041    298     3.00849    -8.98832    40.11316
 1042    298     3.04563    -8.98832    40.11316
 1044    298     3.11991    -8.98832    40.11316
 1045    298     3.15705    -8.98832    40.11316
 1046    298     3.19420    -8.98832    40.11316
 1063    298     3.82561    -8.98832    40.11316
 1064    298     3.86275    -8.98832    40.11316
 1065    298     3.89989    -8.98832    40.11316
 1066    298     3.93703    -8.98832    40.11316
 1067    298     3.97417    -8.98832    40.11316
 1068    298     4.01132    -8.98832    40.11316
 1069    298     4.04846    -8.98832    40.11316
 1086    298     4.67987    -8.98832    40.11316
 1496    298    19.90801    -8.98832    40.11316
 1497    298    19.94515    -8.98832    40.11316
 1498    298    19.98229    -8.98832    40.11316
 1499    298    20.01944    -8.98832    40.11316
 1500    298    20.05658    -8.98832    40.11316
 1501    298    20.09372    -8.98832    40.11316
 1502    298    20.13086    -8.98832    40.11316
 1503    298    20.16800    -8.98832    40.11316
 1504    298    20.20515    -8.98832    40.11316
 1505    298    20.24229    -8.98832    40.11316
 1041    299     2.94631    -8.76618    39.28412
 1042    299     2.98268    -8.76618    39.28412
 1043    299     3.01906    -8.76618    39.28412
 1045    299     3.09181    -8.76618    39.28412
 1046    299     3.12818    -8.76618    39.28412
 1047    299     3.16455    -8.76618    39.28412
 1063    299     3.74654    -8.76618    39.28412
 1064    299     3.78292    -8.76618    39.28412
 1065    299     3.81929    -8.76618    39.28412
 1066    299     3.85566    -8.76618    39.28412
 1067    299     3.89204    -8.76618    39.28412
 1068    299     3.92841    -8.76618    39.28412
 1086    299     4.58315    -8.76618    39.28412
 1087    299     4.61952    -8.76618    39.28412
 1498    299    19.56931    -8.76618    39.28412
 1499    299    19.60568    -8.76618    39.28412
 1500    299    19.64206    -8.76618    39.28412
 1501    299    19.67843    -8.76618    39.28412
 1502    299    19.71481    -8.76618    39.28412
 1503    299    19.75118    -8.76618    39.28412
 1504    299    19.78756    -8.76618    39.28412
 1042    300     2.92229    -8.55303    38.48865
 1043    300     2.95792    -8.55303    38.48865
 1046    300     3.06484    -8.55303    38.48865
 1047    300     3.10047    -8.55303    38.48865
 1048    300     3.13611    -8.55303    38.48865
 1083    300     4.38343    -8.55303    38.48865
 1087    300     4.52598    -8.55303    38.48865
 1088    300     4.56162    -8.55303    38.48865
 1499    300    19.20869    -8.55303    38.48865
 1500    300    19.24433    -8.55303    38.48865
 1501    300    19.27996    -8.55303    38.48865
 1502    300    19.31560    -8.55303    38.48865
 1503    300    19.35124    -8.55303    38.48865
 1516    300    19.81453    -8.55303    38.48865
 1517    300    19.85017    -8.55303    38.48865
 1042    301     2.86429    -8.34835    37.72476
 1043    301     2.89922    -8.34835    37.72476
 1044    301     2.93415    -8.34835    37.72476
 1046    301     3.00401    -8.34835    37.72476
 1047    301     3.03894    -8.34835    37.72476
 1048    301     3.07387    -8.34835    37.72476
 1084    301     4.33136    -8.34835    37.72476
 1085    301     4.36629    -8.34835    37.72476
 1088    301     4.47108    -8.34835    37.72476
 1089    301     4.50601    -8.34835    37.72476
 1515    301    19.38634    -8.34835    37.72476
 1516    301    19.42127    -8.34835    37.72476
 1517    301    19.45620    -8.34835    37.72476
 1518    301    19.49113    -8.34835    37.72476
 1519    301    19.52606    -8.34835    37.72476
 1520    301    19.56099    -8.34835    37.72476
 1043    302     2.84280    -8.15163    36.99061
 1044    302     2.87705    -8.15163    36.99061
 1045    302     2.91130    -8.15163    36.99061
 1047    302     2.97980    -8.15163    36.99061
 1048    302     3.01405    -8.15163    36.99061
 1084    302     4.24707    -8.15163    36.99061
 1085    302     4.28132    -8.15163    36.99061
 1086    302     4.31557    -8.15163    36.99061
 1089    302     4.41832    -8.15163    36.99061
 1090    302     4.45257    -8.15163    36.99061
 1514    302    18.97481    -8.15163    36.99061
 1515    302    19.00906    -8.15163    36.99061
 1516    302    19.04331    -8.15163    36.99061
 1517    302    19.07756    -8.15163    36.99061
 1518    302    19.11181    -8.15163    36.99061
 1519    302    19.14606    -8.15163    36.99061
 1520    302    19.18031    -8.15163    36.99061
 1521    302    19.21457    -8.15163    36.99061
 1522    302    19.24882    -8.15163    36.99061
 1523    302    19.28307    -8.15163    36.99061
 1524    302    19.31732    -8.15163    36.99061
 1044    303     2.82213    -7.96243    36.28448
 1045    303     2.85572    -7.96243    36.28448
 1048    303     2.95651    -7.96243    36.28448
 1049    303     2.99011    -7.96243    36.28448
 1061    303     3.39327    -7.96243    36.28448
 1062    303     3.42687    -7.96243    36.28448
 1063    303     3.46046    -7.96243    36.28448
 1064    303     3.49406    -7.96243    36.28448
 1085    303     4.19959    -7.96243    36.28448
 1086    303     4.23319    -7.96243    36.28448
 1087    303     4.26679    -7.96243    36.28448
 1090    303     4.36758    -7.96243    36.28448
 1514    303    18.61259    -7.96243    36.28448
 1515    303    18.64619    -7.96243    36.28448
 1516    303    18.67979    -7.96243    36.28448
 1519    303    18.78058    -7.96243    36.28448
 1520    303    18.81417    -7.96243    36.28448
 1521    303    18.84777    -7.96243    36.28448
 1522    303    18.88137    -7.96243    36.28448
 1523    303    18.91496    -7.96243    36.28448
 1524    303    18.94856    -7.96243    36.28448
 1525    303    18.98216    -7.96243    36.28448
 1526    303    19.01575    -7.96243    36.28448
 1044    304     2.76926    -7.78031    35.60481
 1045    304     2.80223    -7.78031    35.60481
 1046    304     2.83520    -7.78031    35.60481
 1049    304     2.93410    -7.78031    35.60481
 1061    304     3.32971    -7.78031    35.60481
 1062    304     3.36268    -7.78031    35.60481
 1063    304     3.39564    -7.78031    35.60481
 1064    304     3.42861    -7.78031    35.60481
 1065    304     3.46158    -7.78031    35.60481
 1076    304     3.82422    -7.78031    35.60481
 1077    304     3.85719    -7.78031    35.60481
 1086    304     4.15389    -7.78031    35.60481
 1087    304     4.18686    -7.78031    35.60481
 1091    304     4.31873    -7.78031    35.60481
 1515    304    18.29691    -7.78031    35.60481
 1516    304    18.32988    -7.78031    35.60481
 1517    304    18.36285    -7.78031    35.60481
 1518    304    18.39582    -7.78031    35.60481
 1522    304    18.52769    -7.78031    35.60481
 1523    304    18.56065    -7.78031    35.60481
 1524    304    18.59362    -7.78031    35.60481
 1525    304    18.62659    -7.78031    35.60481
 1526    304    18.65956    -7.78031    35.60481
 1527    304    18.69252    -7.78031    35.60481
 1045    305     2.75070    -7.60489    34.95013
 1046    305     2.78307    -7.60489    34.95013
 1049    305     2.88015    -7.60489    34.95013
 1050    305     2.91251    -7.60489    34.95013
 1060    305     3.23612    -7.60489    34.95013
 1061    305     3.26848    -7.60489    34.95013
 1064    305     3.36557    -7.60489    34.95013
 1065    305     3.39793    -7.60489    34.95013
 1066    305     3.43029    -7.60489    34.95013
 1074    305     3.68918    -7.60489    34.95013
 1077    305     3.78626    -7.60489    34.95013
 1078    305     3.81862    -7.60489    34.95013
 1087    305     4.10988    -7.60489    34.95013
 1088    305     4.14224    -7.60489    34.95013
 1515    305    17.96048    -7.60489    34.95013
 1516    305    17.99284    -7.60489    34.95013
 1517    305    18.02520    -7.60489    34.95013
 1518    305    18.05757    -7.60489    34.95013
 1519    305    18.08993    -7.60489    34.95013
 1520    305    18.12229    -7.60489    34.95013
 1521    305    18.15465    -7.60489    34.95013
 1525    305    18.28409    -7.60489    34.95013
 1526    305    18.31645    -7.60489    34.95013
 1527    305    18.34882    -7.60489    34.95013
 1528    305    18.38118    -7.60489    34.95013
 1046    306     2.73282    -7.43580    34.31909
 1047    306     2.76459    -7.43580    34.31909
 1050    306     2.85992    -7.43580    34.31909
 1051    306     2.89170    -7.43580    34.31909
 1061    306     3.20947    -7.43580    34.31909
 1062    306     3.24125    -7.43580    34.31909
 1065    306     3.33658    -7.43580    34.31909
 1066    306     3.36835    -7.43580    34.31909
 1067    306     3.40013    -7.43580    34.31909
 1074    306     3.62257    -7.43580    34.31909
 1078    306     3.74968    -7.43580    34.31909
 1079    306     3.78146    -7.43580    34.31909
 1089    306     4.09922    -7.43580    34.31909
 1517    306    17.69975    -7.43580    34.31909
 1518    306    17.73153    -7.43580    34.31909
 1519    306    17.76331    -7.43580    34.31909
 1520    306    17.79508    -7.43580    34.31909
 1521    306    17.82686    -7.43580    34.31909
 1522    306    17.85864    -7.43580    34.31909
 1523    306    17.89041    -7.43580    34.31909
 1524    306    17.92219    -7.43580    34.31909
 1525    306    17.95397    -7.43580    34.31909
 1526    306    17.98574    -7.43580    34.31909
 1527    306    18.01752    -7.43580    34.31909
 1528    306    18.04930    -7.43580    34.31909
 1529    306    18.08107    -7.43580    34.31909
 1046    307     2.68435    -7.27271    33.71043
 1047    307     2.71556    -7.27271    33.71043
 1048    307     2.74678    -7.27271    33.71043
 1050    307     2.80920    -7.27271    33.71043
 1051    307     2.84042    -7.27271    33.71043
 1052    307     2.87163    -7.27271    33.71043
 1061    307     3.15255    -7.27271    33.71043
 1062    307     3.18376    -7.27271    33.71043
 1063    307     3.21498    -7.27271    33.71043
 1066    307     3.30862    -7.27271    33.71043
 1067    307     3.33983    -7.27271    33.71043
 1068    307     3.37104    -7.27271    33.71043
 1075    307     3.58954    -7.27271    33.71043
 1079    307     3.71439    -7.27271    33.71043
 1080    307     3.74560    -7.27271    33.71043
 1093    307     4.15138    -7.27271    33.71043
 1094    307     4.18259    -7.27271    33.71043
 1520    307    17.47948    -7.27271    33.71043
 1521    307    17.51070    -7.27271    33.71043
 1522    307    17.54191    -7.27271    33.71043
 1523    307    17.57312    -7.27271    33.71043
 1524    307    17.60434    -7.27271    33.71043
 1525    307    17.63555    -7.27271    33.71043
 1526    307    17.66676    -7.27271    33.71043
 1530    307    17.79162    -7.27271    33.71043
 1047    308     2.66824    -7.11531    33.12299
 1048    308     2.69891    -7.11531    33.12299
 1051    308     2.79092    -7.11531    33.12299
 1052    308     2.82159    -7.11531    33.12299
 1062    308     3.12828    -7.11531    33.12299
 1063    308     3.15895    -7.11531    33.12299
 1064    308     3.18962    -7.11531    33.12299
 1067    308     3.28163    -7.11531    33.12299
 1068    308     3.31230    -7.11531    33.12299
 1069    308     3.34297    -7.11531    33.12299
 1075    308     3.52699    -7.11531    33.12299
 1076    308     3.55765    -7.11531    33.12299
 1079    308     3.64966    -7.11531    33.12299
 1080    308     3.68033    -7.11531    33.12299
 1081    308     3.71100    -7.11531    33.12299
 1094    308     4.10970    -7.11531    33.12299
 1095    308     4.14037    -7.11531    33.12299
 1522    308    17.23622    -7.11531    33.12299
 1523    308    17.26689    -7.11531    33.12299
 1524    308    17.29756    -7.11531    33.12299
 1525    308    17.32823    -7.11531    33.12299
 1526    308    17.35890    -7.11531    33.12299
 1531    308    17.51225    -7.11531    33.12299
 1048    309     2.65268    -6.96330    32.55567
 1049    309     2.68283    -6.96330    32.55567
 1052    309     2.77326    -6.96330    32.55567
 1053    309     2.80341    -6.96330    32.55567
 1063    309     3.10485    -6.96330    32.55567
 1064    309     3.13499    -6.96330    32.55567
 1065    309     3.16513    -6.96330    32.55567
 1068    309     3.25557    -6.96330    32.55567
 1069    309     3.28571    -6.96330    32.55567
 1076    309     3.49672    -6.96330    32.55567
 1077    309     3.52686    -6.96330    32.55567
 1080    309     3.61730    -6.96330    32.55567
 1081    309     3.64744    -6.96330    32.55567
 1082    309     3.67759    -6.96330    32.55567
 1091    309     3.94888    -6.96330    32.55567
 1092    309     3.97903    -6.96330    32.55567
 1095    309     4.06946    -6.96330    32.55567
 1096    309     4.09960    -6.96330    32.55567
 1048    310     2.60802    -6.81640    32.00746
 1049    310     2.63765    -6.81640    32.00746
 1050    310     2.66729    -6.81640    32.00746
 1053    310     2.75620    -6.81640    32.00746
 1054    310     2.78583    -6.81640    32.00746
 1064    310     3.08220    -6.81640    32.00746
 1065    310     3.11184    -6.81640    32.00746
 1066    310     3.14147    -6.81640    32.00746
 1068    310     3.20075    -6.81640    32.00746
 1069    310     3.23038    -6.81640    32.00746
 1070    310     3.26002    -6.81640    32.00746
 1077    310     3.46747    -6.81640    32.00746
 1078    310     3.49711    -6.81640    32.00746
 1081    310     3.58602    -6.81640    32.00746
 1082    310     3.61566    -6.81640    32.00746
 1091    310     3.88239    -6.81640    32.00746
 1092    310     3.91202    -6.81640    32.00746
 1093    310     3.94166    -6.81640    32.00746
 1096    310     4.03057    -6.81640    32.00746
 1097    310     4.06021    -6.81640    32.00746
 1524    310    16.71501    -6.81640    32.00746
 1525    310    16.74464    -6.81640    32.00746
 1049    311     2.59397    -6.67438    31.47740
 1050    311     2.62312    -6.67438    31.47740
 1054    311     2.73970    -6.67438    31.47740
 1055    311     2.76885    -6.67438    31.47740
 1065    311     3.06030    -6.67438    31.47740
 1066    311     3.08945    -6.67438    31.47740
 1069    311     3.17689    -6.67438    31.47740
 1070    311     3.20603    -6.67438    31.47740
 1077    311     3.41005    -6.67438    31.47740
 1078    311     3.43920    -6.67438    31.47740
 1079    311     3.46834    -6.67438    31.47740
 1082    311     3.55578    -6.67438    31.47740
 1083    311     3.58493    -6.67438    31.47740
 1092    311     3.84724    -6.67438    31.47740
 1093    311     3.87638    -6.67438    31.47740
 1094    311     3.90553    -6.67438    31.47740
 1097    311     3.99297    -6.67438    31.47740
 1098    311     4.02211    -6.67438    31.47740
 1507    311    15.94272    -6.67438    31.47740
 1508    311    15.97187    -6.67438    31.47740
 1509    311    16.00101    -6.67438    31.47740
 1510    311    16.03016    -6.67438    31.47740
 1524    311    16.43820    -6.67438    31.47740
 1525    311    16.46735    -6.67438    31.47740
 1050    312     2.58038    -6.53698    30.96462
 1051    312     2.60906    -6.53698    30.96462
 1054    312     2.69507    -6.53698    30.96462
 1055    312     2.72374    -6.53698    30.96462
 1066    312     3.03912    -6.53698    30.96462
 1067    312     3.06779    -6.53698    30.96462
 1070    312     3.15380    -6.53698    30.96462
 1071    312     3.18247    -6.53698    30.96462
 1078    312     3.38317    -6.53698    30.96462
 1079    312     3.41184    -6.53698    30.96462
 1080    312     3.44051    -6.53698    30.96462
 1083    312     3.52653    -6.53698    30.96462
 1093    312     3.81324    -6.53698    30.96462
 1094    312     3.84191    -6.53698    30.96462
 1098    312     3.95659    -6.53698    30.96462
 1099    312     3.98526    -6.53698    30.96462
 1493    312    15.28161    -6.53698    30.96462
 1494    312    15.31028    -6.53698    30.96462
 1495    312    15.33895    -6.53698    30.96462
 1496    312    15.36763    -6.53698    30.96462
 1497    312    15.39630    -6.53698    30.96462
 1507    312    15.68301    -6.53698    30.96462
 1508    312    15.71168    -6.53698    30.96462
 1509    312    15.74035    -6.53698    30.96462
 1510    312    15.76902    -6.53698    30.96462
 1511    312    15.79769    -6.53698    30.96462
 1524    312    16.17041    -6.53698    30.96462
 1525    312    16.19908    -6.53698    30.96462
 1527    312    16.25642    -6.53698    30.96462
 1528    312    16.28510    -6.53698    30.96462
 1529    312    16.31377    -6.53698    30.96462
 1530    312    16.34244    -6.53698    30.96462
 1051    313     2.56723    -6.40398    30.46827
 1052    313     2.59545    -6.40398    30.46827
 1055    313     2.68008    -6.40398    30.46827
 1067    313     3.01862    -6.40398    30.46827
 1071    313     3.13146    -6.40398    30.46827
 1079    313     3.35715    -6.40398    30.46827
 1080    313     3.38536    -6.40398    30.46827
 1084    313     3.49821    -6.40398    30.46827
 1094    313     3.78032    -6.40398    30.46827
 1095    313     3.80853    -6.40398    30.46827
 1099    313     3.92138    -6.40398    30.46827
 1100    313     3.94959    -6.40398    30.46827
 1491    313    14.98023    -6.40398    30.46827
 1492    313    15.00845    -6.40398    30.46827
 1493    313    15.03666    -6.40398    30.46827
 1494    313    15.06487    -6.40398    30.46827
 1495    313    15.09308    -6.40398    30.46827
 1496    313    15.12129    -6.40398    30.46827
 1497    313    15.14950    -6.40398    30.46827
 1498    313    15.17771    -6.40398    30.46827
 1499    313    15.20592    -6.40398    30.46827
 1500    313    15.23414    -6.40398    30.46827
 1510    313    15.51625    -6.40398    30.46827
 1511    313    15.54446    -6.40398    30.46827
 1525    313    15.93942    -6.40398    30.46827
 1526    313    15.96763    -6.40398    30.46827
 1527    313    15.99584    -6.40398    30.46827
 1528    313    16.02405    -6.40398    30.46827
 1052    314     2.55450    -6.27518    29.98759
 1053    314     2.58226    -6.27518    29.98759
 1067    314     2.97099    -6.27518    29.98759
 1068    314     2.99876    -6.27518    29.98759
 1072    314     3.10982    -6.27518    29.98759
 1081    314     3.35972    -6.27518    29.98759
 1095    314     3.74845    -6.27518    29.98759
 1096    314     3.77621    -6.27518    29.98759
 1100    314     3.88728    -6.27518    29.98759
 1101    314     3.91505    -6.27518    29.98759
 1102    314     3.94281    -6.27518    29.98759
 1489    314    14.68836    -6.27518    29.98759
 1490    314    14.71613    -6.27518    29.98759
 1491    314    14.74390    -6.27518    29.98759
 1492    314    14.77166    -6.27518    29.98759
 1493    314    14.79943    -6.27518    29.98759
 1494    314    14.82720    -6.27518    29.98759
 1495    314    14.85496    -6.27518    29.98759
 1496    314    14.88273    -6.27518    29.98759
 1497    314    14.91049    -6.27518    29.98759
 1498    314    14.93826    -6.27518    29.98759
 1499    314    14.96603    -6.27518    29.98759
 1500    314    14.99379    -6.27518    29.98759
 1501    314    15.02156    -6.27518    29.98759
 1502    314    15.04933    -6.27518    29.98759
 1514    314    15.38252    -6.27518    29.98759
 1515    314    15.41029    -6.27518    29.98759
 1516    314    15.43805    -6.27518    29.98759
 1517    314    15.46582    -6.27518    29.98759
 1518    314    15.49359    -6.27518    29.98759
 1519    314    15.52135    -6.27518    29.98759
 1520    314    15.54912    -6.27518    29.98759
 1521    314    15.57689    -6.27518    29.98759
 1053    315     2.54216    -6.15038    29.52183
 1057    315     2.65150    -6.15038    29.52183
 1068    315     2.95218    -6.15038    29.52183
 1069    315     2.97952    -6.15038    29.52183
 1073    315     3.08886    -6.15038    29.52183
 1074    315     3.11619    -6.15038    29.52183
 1086    315     3.44421    -6.15038    29.52183
 1096    315     3.71756    -6.15038    29.52183
 1097    315     3.74490    -6.15038    29.52183
 1101    315     3.85424    -6.15038    29.52183
 1102    315     3.88157    -6.15038    29.52183
 1103    315     3.90891    -6.15038    29.52183
 1488    315    14.43290    -6.15038    29.52183
 1489    315    14.46023    -6.15038    29.52183
 1490    315    14.48757    -6.15038    29.52183
 1491    315    14.51490    -6.15038    29.52183
 1492    315    14.54224    -6.15038    29.52183
 1493    315    14.56957    -6.15038    29.52183
 1494    315    14.59691    -6.15038    29.52183
 1495    315    14.62424    -6.15038    29.52183
 1496    315    14.65158    -6.15038    29.52183
 1497    315    14.67891    -6.15038    29.52183
 1498    315    14.70625    -6.15038    29.52183
 1499    315    14.73358    -6.15038    29.52183
 1500    315    14.76092    -6.15038    29.52183
 1501    315    14.78825    -6.15038    29.52183
 1502    315    14.81559    -6.15038    29.52183
 1503    315    14.84292    -6.15038    29.52183
 1504    315    14.87026    -6.15038    29.52183
 1505    315    14.89759    -6.15038    29.52183
 1511    315    15.06160    -6.15038    29.52183
 1512    315    15.08894    -6.15038    29.52183
 1513    315    15.11627    -6.15038    29.52183
 1514    315    15.14361    -6.15038    29.52183
 1515    315    15.17094    -6.15038    29.52183
 1516    315    15.19828    -6.15038    29.52183
 1517    315    15.22561    -6.15038    29.52183
 1518    315    15.25295    -6.15038    29.52183
 1519    315    15.28028    -6.15038    29.52183
 1520    315    15.30762    -6.15038    29.52183
 1521    315    15.33495    -6.15038    29.52183
 1522    315    15.36229    -6.15038    29.52183
 1523    315    15.38962    -6.15038    29.52183
 1524    315    15.41696    -6.15038    29.52183
 1525    315    15.44429    -6.15038    29.52183
 1526    315    15.47163    -6.15038    29.52183
 1527    315    15.49896    -6.15038    29.52183
 1528    315    15.52630    -6.15038    29.52183
 1529    315    15.55363    -6.15038    29.52183
 1530    315    15.58097    -6.15038    29.52183
 1531    315    15.60830    -6.15038    29.52183
 1532    315    15.63564    -6.15038    29.52183
 1533    315    15.66297    -6.15038    29.52183
 1534    315    15.69031    -6.15038    29.52183
 1535    315    15.71764    -6.15038    29.52183
 1058    316     2.63786    -6.02940    29.07033
 1073    316     3.04162    -6.02940    29.07033
 1074    316     3.06853    -6.02940    29.07033
 1075    316     3.09545    -6.02940    29.07033
 1087    316     3.41846    -6.02940    29.07033
 1097    316     3.68762    -6.02940    29.07033
 1098    316     3.71454    -6.02940    29.07033
 1099    316     3.74146    -6.02940    29.07033
 1102    316     3.82221    -6.02940    29.07033
 1103    316     3.84913    -6.02940    29.07033
 1104    316     3.87604    -6.02940    29.07033
 1487    316    14.18524    -6.02940    29.07033
 1488    316    14.21216    -6.02940    29.07033
 1489    316    14.23908    -6.02940    29.07033
 1490    316    14.26599    -6.02940    29.07033
 1491    316    14.29291    -6.02940    29.07033
 1492    316    14.31983    -6.02940    29.07033
 1495    316    14.40058    -6.02940    29.07033
 1496    316    14.42750    -6.02940    29.07033
 1500    316    14.53516    -6.02940    29.07033
 1501    316    14.56208    -6.02940    29.07033
 1502    316    14.58900    -6.02940    29.07033
 1503    316    14.61591    -6.02940    29.07033
 1504    316    14.64283    -6.02940    29.07033
 1505    316    14.66975    -6.02940    29.07033
 1511    316    14.83125    -6.02940    29.07033
 1512    316    14.85817    -6.02940    29.07033
 1513    316    14.88508    -6.02940    29.07033
 1514    316    14.91200    -6.02940    29.07033
 1515    316    14.93892    -6.02940    29.07033
 1516    316    14.96584    -6.02940    29.07033
 1517    316    14.99275    -6.02940    29.07033
 1518    316    15.01967    -6.02940    29.07033
 1519    316    15.04659    -6.02940    29.07033
 1520    316    15.07350    -6.02940    29.07033
 1521    316    15.10042    -6.02940    29.07033
 1522    316    15.12734    -6.02940    29.07033
 1523    316    15.15425    -6.02940    29.07033
 1524    316    15.18117    -6.02940    29.07033
 1525    316    15.20809    -6.02940    29.07033
 1526    316    15.23500    -6.02940    29.07033
 1527    316    15.26192    -6.02940    29.07033
 1528    316    15.28884    -6.02940    29.07033
 1529    316    15.31576    -6.02940    29.07033
 1530    316    15.34267    -6.02940    29.07033
 1531    316    15.36959    -6.02940    29.07033
 1532    316    15.39651    -6.02940    29.07033
 1533    316    15.42342    -6.02940    29.07033
 1534    316    15.45034    -6.02940    29.07033
 1535    316    15.47726    -6.02940    29.07033
 1536    316    15.50417    -6.02940    29.07033
  683    317    -7.34369    -5.91207    28.63242
 1055    317     2.51859    -5.91207    28.63242
 1059    317     2.62464    -5.91207    28.63242
 1070    317     2.91627    -5.91207    28.63242
 1071    317     2.94278    -5.91207    28.63242
 1074    317     3.02231    -5.91207    28.63242
 1075    317     3.04882    -5.91207    28.63242
 1076    317     3.07533    -5.91207    28.63242
 1098    317     3.65859    -5.91207    28.63242
 1099    317     3.68510    -5.91207    28.63242
 1100    317     3.71161    -5.91207    28.63242
 1103    317     3.79114    -5.91207    28.63242
 1104    317     3.81766    -5.91207    28.63242
 1487    317    13.97156    -5.91207    28.63242
 1488    317    13.99807    -5.91207    28.63242
 1489    317    14.02459    -5.91207    28.63242
 1490    317    14.05110    -5.91207    28.63242
 1491    317    14.07761    -5.91207    28.63242
 1492    317    14.10412    -5.91207    28.63242
 1493    317    14.13063    -5.91207    28.63242
 1494    317    14.15714    -5.91207    28.63242
 1495    317    14.18365    -5.91207    28.63242
 1496    317    14.21017    -5.91207    28.63242
 1497    317    14.23668    -5.91207    28.63242
 1498    317    14.26319    -5.91207    28.63242
 1499    317    14.28970    -5.91207    28.63242
 1500    317    14.31621    -5.91207    28.63242
 1501    317    14.34272    -5.91207    28.63242
 1513    317    14.66086    -5.91207    28.63242
 1514    317    14.68737    -5.91207    28.63242
 1515    317    14.71388    -5.91207    28.63242
 1516    317    14.74040    -5.91207    28.63242
 1519    317    14.81993    -5.91207    28.63242
 1520    317    14.84644    -5.91207    28.63242
 1521    317    14.87295    -5.91207    28.63242
 1522    317    14.89946    -5.91207    28.63242
 1523    317    14.92598    -5.91207    28.63242
 1524    317    14.95249    -5.91207    28.63242
 1525    317    14.97900    -5.91207    28.63242
 1526    317    15.00551    -5.91207    28.63242
 1527    317    15.03202    -5.91207    28.63242
 1528    317    15.05853    -5.91207    28.63242
 1529    317    15.08505    -5.91207    28.63242
 1530    317    15.11156    -5.91207    28.63242
 1531    317    15.13807    -5.91207    28.63242
 1532    317    15.16458    -5.91207    28.63242
 1533    317    15.19109    -5.91207    28.63242
 1534    317    15.21760    -5.91207    28.63242
 1535    317    15.24411    -5.91207    28.63242
 1536    317    15.27063    -5.91207    28.63242
  682    318    -7.26082    -5.79821    28.20752
 1056    318     2.50733    -5.79821    28.20752
 1060    318     2.61181    -5.79821    28.20752
 1061    318     2.63793    -5.79821    28.20752
 1071    318     2.89911    -5.79821    28.20752
 1072    318     2.92522    -5.79821    28.20752
 1075    318     3.00358    -5.79821    28.20752
 1076    318     3.02970    -5.79821    28.20752
 1084    318     3.23864    -5.79821    28.20752
 1085    318     3.26476    -5.79821    28.20752
 1099    318     3.63041    -5.79821    28.20752
 1100    318     3.65653    -5.79821    28.20752
 1101    318     3.68265    -5.79821    28.20752
 1104    318     3.76100    -5.79821    28.20752
 1105    318     3.78712    -5.79821    28.20752
 1488    318    13.79034    -5.79821    28.20752
 1489    318    13.81646    -5.79821    28.20752
 1490    318    13.84258    -5.79821    28.20752
 1491    318    13.86870    -5.79821    28.20752
 1492    318    13.89481    -5.79821    28.20752
 1493    318    13.92093    -5.79821    28.20752
 1494    318    13.94705    -5.79821    28.20752
 1495    318    13.97317    -5.79821    28.20752
 1496    318    13.99929    -5.79821    28.20752
 1497    318    14.02540    -5.79821    28.20752
 1498    318    14.05152    -5.79821    28.20752
 1499    318    14.07764    -5.79821    28.20752
 1500    318    14.10376    -5.79821    28.20752
 1501    318    14.12988    -5.79821    28.20752
 1502    318    14.15599    -5.79821    28.20752
 1503    318    14.18211    -5.79821    28.20752
 1504    318    14.20823    -5.79821    28.20752
 1505    318    14.23435    -5.79821    28.20752
 1506    318    14.26047    -5.79821    28.20752
 1507    318    14.28658    -5.79821    28.20752
 1508    318    14.31270    -5.79821    28.20752
 1509    318    14.33882    -5.79821    28.20752
 1510    318    14.36494    -5.79821    28.20752
 1511    318    14.39106    -5.79821    28.20752
 1512    318    14.41717    -5.79821    28.20752
 1513    318    14.44329    -5.79821    28.20752
 1514    318    14.46941    -5.79821    28.20752
 1515    318    14.49553    -5.79821    28.20752
 1516    318    14.52165    -5.79821    28.20752
 1517    318    14.54777    -5.79821    28.20752
 1518    318    14.57388    -5.79821    28.20752
 1519    318    14.60000    -5.79821    28.20752
 1520    318    14.62612    -5.79821    28.20752
 1521    318    14.65224    -5.79821    28.20752
 1522    318    14.67836    -5.79821    28.20752
 1534    318    14.99177    -5.79821    28.20752
 1535    318    15.01789    -5.79821    28.20752
 1536    318    15.04401    -5.79821    28.20752
  685    319    -7.07744    -5.68769    27.79504
 1057    319     2.49641    -5.68769    27.79504
 1061    319     2.59935    -5.68769    27.79504
 1062    319     2.62509    -5.68769    27.79504
 1071    319     2.85671    -5.68769    27.79504
 1072    319     2.88245    -5.68769    27.79504
 1073    319     2.90818    -5.68769    27.79504
 1076    319     2.98539    -5.68769    27.79504
 1077    319     3.01113    -5.68769    27.79504
 1085    319     3.21702    -5.68769    27.79504
 1100    319     3.60306    -5.68769    27.79504
 1101    319     3.62880    -5.68769    27.79504
 1102    319     3.65453    -5.68769    27.79504
 1105    319     3.73174    -5.68769    27.79504
 1106    319     3.75748    -5.68769    27.79504
 1488    319    13.58868    -5.68769    27.79504
 1489    319    13.61442    -5.68769    27.79504
 1490    319    13.64016    -5.68769    27.79504
 1491    319    13.66589    -5.68769    27.79504
 1492    319    13.69163    -5.68769    27.79504
 1493    319    13.71736    -5.68769    27.79504
 1494    319    13.74310    -5.68769    27.79504
 1495    319    13.76884    -5.68769    27.79504
 1496    319    13.79457    -5.68769    27.79504
 1497    319    13.82031    -5.68769    27.79504
 1498    319    13.84605    -5.68769    27.79504
 1499    319    13.87178    -5.68769    27.79504
 1500    319    13.89752    -5.68769    27.79504
 1501    319    13.92325    -5.68769    27.79504
 1502    319    13.94899    -5.68769    27.79504
 1503    319    13.97473    -5.68769    27.79504
 1504    319    14.00046    -5.68769    27.79504
 1505    319    14.02620    -5.68769    27.79504
 1506    319    14.05193    -5.68769    27.79504
 1507    319    14.07767    -5.68769    27.79504
 1508    319    14.10341    -5.68769    27.79504
 1509    319    14.12914    -5.68769    27.79504
 1510    319    14.15488    -5.68769    27.79504
 1511    319    14.18062    -5.68769    27.79504
 1512    319    14.20635    -5.68769    27.79504
 1513    319    14.23209    -5.68769    27.79504
 1514    319    14.25782    -5.68769    27.79504
 1515    319    14.28356    -5.68769    27.79504
 1516    319    14.30930    -5.68769    27.79504
 1517    319    14.33503    -5.68769    27.79504
 1518    319    14.36077    -5.68769    27.79504
 1519    319    14.38650    -5.68769    27.79504
 1520    319    14.41224    -5.68769    27.79504
 1521    319    14.43798    -5.68769    27.79504
 1522    319    14.46371    -5.68769    27.79504
 1523    319    14.48945    -5.68769    27.79504
 1524    319    14.51519    -5.68769    27.79504
 1525    319    14.54092    -5.68769    27.79504
 1526    319    14.56666    -5.68769    27.79504
 1527    319    14.59239    -5.68769    27.79504
 1528    319    14.61813    -5.68769    27.79504
 1529    319    14.64387    -5.68769    27.79504
 1530    319    14.66960    -5.68769    27.79504
 1531    319    14.69534    -5.68769    27.79504
 1532    319    14.72107    -5.68769    27.79504
 1533    319    14.74681    -5.68769    27.79504
 1534    319    14.77255    -5.68769    27.79504
 1535    319    14.79828    -5.68769    27.79504
 1536    319    14.82402    -5.68769    27.79504
  680    320    -7.10226    -5.58035    27.39444
  681    320    -7.07690    -5.58035    27.39444
 1058    320     2.48579    -5.58035    27.39444
 1061    320     2.56189    -5.58035    27.39444
 1062    320     2.58725    -5.58035    27.39444
 1063    320     2.61262    -5.58035    27.39444
 1072    320     2.84091    -5.58035    27.39444
 1073    320     2.86627    -5.58035    27.39444
 1074    320     2.89164    -5.58035    27.39444
 1077    320     2.96773    -5.58035    27.39444
 1090    320     3.29748    -5.58035    27.39444
 1091    320     3.32284    -5.58035    27.39444
 1092    320     3.34821    -5.58035    27.39444
 1101    320     3.57650    -5.58035    27.39444
 1102    320     3.60186    -5.58035    27.39444
 1103    320     3.62723    -5.58035    27.39444
 1106    320     3.70332    -5.58035    27.39444
 1107    320     3.72869    -5.58035    27.39444
 1511    320    13.97624    -5.58035    27.39444
 1512    320    14.00161    -5.58035    27.39444
 1513    320    14.02697    -5.58035    27.39444
 1514    320    14.05234    -5.58035    27.39444
 1515    320    14.07770    -5.58035    27.39444
 1516    320    14.10307    -5.58035    27.39444
 1517    320    14.12843    -5.58035    27.39444
 1518    320    14.15380    -5.58035    27.39444
 1519    320    14.17916    -5.58035    27.39444
 1520    320    14.20453    -5.58035    27.39444
 1521    320    14.22989    -5.58035    27.39444
 1522    320    14.25526    -5.58035    27.39444
 1523    320    14.28062    -5.58035    27.39444
 1524    320    14.30599    -5.58035    27.39444
 1525    320    14.33135    -5.58035    27.39444
 1526    320    14.35672    -5.58035    27.39444
 1527    320    14.38208    -5.58035    27.39444
 1528    320    14.40745    -5.58035    27.39444
 1529    320    14.43281    -5.58035    27.39444
 1530    320    14.45818    -5.58035    27.39444
 1531    320    14.48354    -5.58035    27.39444
 1532    320    14.50891    -5.58035    27.39444
 1533    320    14.53427    -5.58035    27.39444
 1534    320    14.55964    -5.58035    27.39444
 1535    320    14.58501    -5.58035    27.39444
  680    321    -7.00136    -5.47606    27.00524
 1058    321     2.45048    -5.47606    27.00524
 1059    321     2.47548    -5.47606    27.00524
 1062    321     2.55049    -5.47606    27.00524
 1063    321     2.57550    -5.47606    27.00524
 1064    321     2.60050    -5.47606    27.00524
 1073    321     2.82555    -5.47606    27.00524
 1074    321     2.85055    -5.47606    27.00524
 1078    321     2.95057    -5.47606    27.00524
 1088    321     3.20062    -5.47606    27.00524
 1091    321     3.27564    -5.47606    27.00524
 1092    321     3.30064    -5.47606    27.00524
 1093    321     3.32564    -5.47606    27.00524
 1102    321     3.55069    -5.47606    27.00524
 1103    321     3.57569    -5.47606    27.00524
 1104    321     3.60070    -5.47606    27.00524
 1107    321     3.67571    -5.47606    27.00524
 1108    321     3.70072    -5.47606    27.00524
 1516    321    13.90270    -5.47606    27.00524
 1517    321    13.92770    -5.47606    27.00524
 1518    321    13.95271    -5.47606    27.00524
 1519    321    13.97771    -5.47606    27.00524
 1520    321    14.00272    -5.47606    27.00524
 1526    321    14.15274    -5.47606    27.00524
 1527    321    14.17775    -5.47606    27.00524
 1528    321    14.20275    -5.47606    27.00524
 1529    321    14.22776    -5.47606    27.00524
 1530    321    14.25276    -5.47606    27.00524
 1531    321    14.27777    -5.47606    27.00524
 1532    321    14.30277    -5.47606    27.00524
 1533    321    14.32778    -5.47606    27.00524
 1534    321    14.35278    -5.47606    27.00524
  679    322    -6.92793    -5.37470    26.62693
  680    322    -6.90328    -5.37470    26.62693
  683    322    -6.82932    -5.37470    26.62693
 1059    322     2.44080    -5.37470    26.62693
 1060    322     2.46546    -5.37470    26.62693
 1063    322     2.53942    -5.37470    26.62693
 1064    322     2.56408    -5.37470    26.62693
 1065    322     2.58873    -5.37470    26.62693
 1074    322     2.81062    -5.37470    26.62693
 1075    322     2.83528    -5.37470    26.62693
 1079    322     2.93389    -5.37470    26.62693
 1088    322     3.15578    -5.37470    26.62693
 1089    322     3.18044    -5.37470    26.62693
 1092    322     3.25440    -5.37470    26.62693
 1093    322     3.27906    -5.37470    26.62693
 1094    322     3.30371    -5.37470    26.62693
 1103    322     3.52560    -5.37470    26.62693
 1104    322     3.55026    -5.37470    26.62693
 1105    322     3.57491    -5.37470    26.62693
 1108    322     3.64888    -5.37470    26.62693
 1109    322     3.67353    -5.37470    26.62693
 1575    322    15.16256    -5.37470    26.62693
 1576    322    15.18721    -5.37470    26.62693
 1577    322    15.21187    -5.37470    26.62693
 1578    322    15.23652    -5.37470    26.62693
 1579    322    15.26118    -5.37470    26.62693
 1580    322    15.28583    -5.37470    26.62693
 1581    322    15.31049    -5.37470    26.62693
 1582    322    15.33514    -5.37470    26.62693
  679    323    -6.83222    -5.27613    26.25908
  682    323    -6.75928    -5.27613    26.25908
  683    323    -6.73497    -5.27613    26.25908
 1060    323     2.43140    -5.27613    26.25908
 1061    323     2.45571    -5.27613    26.25908
 1063    323     2.50434    -5.27613    26.25908
 1064    323     2.52865    -5.27613    26.25908
 1065    323     2.55297    -5.27613    26.25908
 1076    323     2.82042    -5.27613    26.25908
 1080    323     2.91768    -5.27613    26.25908
 1081    323     2.94199    -5.27613    26.25908
 1088    323     3.11219    -5.27613    26.25908
 1089    323     3.13650    -5.27613    26.25908
 1090    323     3.16082    -5.27613    26.25908
 1093    323     3.23376    -5.27613    26.25908
 1094    323     3.25807    -5.27613    26.25908
 1104    323     3.50121    -5.27613    26.25908
 1105    323     3.52553    -5.27613    26.25908
 1106    323     3.54984    -5.27613    26.25908
 1109    323     3.62278    -5.27613    26.25908
 1110    323     3.64709    -5.27613    26.25908
 1111    323     3.67141    -5.27613    26.25908
 1575    323    14.95309    -5.27613    26.25908
 1576    323    14.97740    -5.27613    26.25908
 1577    323    15.00172    -5.27613    26.25908
 1578    323    15.02603    -5.27613    26.25908
 1579    323    15.05034    -5.27613    26.25908
 1580    323    15.07466    -5.27613    26.25908
 1581    323    15.09897    -5.27613    26.25908
 1582    323    15.12329    -5.27613    26.25908
 1583    323    15.14760    -5.27613    26.25908
 1584    323    15.17191    -5.27613    26.25908
  679    324    -6.73912    -5.18025    25.90126
  681    324    -6.69116    -5.18025    25.90126
  682    324    -6.66718    -5.18025    25.90126
 1060    324     2.39826    -5.18025    25.90126
 1061    324     2.42225    -5.18025    25.90126
 1062    324     2.44623    -5.18025    25.90126
 1064    324     2.49420    -5.18025    25.90126
 1065    324     2.51818    -5.18025    25.90126
 1066    324     2.54216    -5.18025    25.90126
 1076    324     2.78199    -5.18025    25.90126
 1077    324     2.80597    -5.18025    25.90126
 1080    324     2.87792    -5.18025    25.90126
 1081    324     2.90190    -5.18025    25.90126
 1082    324     2.92588    -5.18025    25.90126
 1089    324     3.09376    -5.18025    25.90126
 1090    324     3.11774    -5.18025    25.90126
 1091    324     3.14173    -5.18025    25.90126
 1094    324     3.21367    -5.18025    25.90126
 1095    324     3.23766    -5.18025    25.90126
 1105    324     3.47748    -5.18025    25.90126
 1106    324     3.50147    -5.18025    25.90126
 1109    324     3.57341    -5.18025    25.90126
 1110    324     3.59740    -5.18025    25.90126
 1111    324     3.62138    -5.18025    25.90126
 1112    324     3.64536    -5.18025    25.90126
 1578    324    14.82127    -5.18025    25.90126
 1579    324    14.84526    -5.18025    25.90126
 1580    324    14.86924    -5.18025    25.90126
 1581    324    14.89322    -5.18025    25.90126
 1582    324    14.91721    -5.18025    25.90126
 1583    324    14.94119    -5.18025    25.90126
 1584    324    14.96517    -5.18025    25.90126
 1585    324    14.98915    -5.18025    25.90126
 1586    324    15.01314    -5.18025    25.90126
  681    325    -6.60121    -5.08695    25.55305
 1061    325     2.38968    -5.08695    25.55305
 1062    325     2.41334    -5.08695    25.55305
 1063    325     2.43700    -5.08695    25.55305
 1065    325     2.48432    -5.08695    25.55305
 1066    325     2.50798    -5.08695    25.55305
 1067    325     2.53165    -5.08695    25.55305
 1077    325     2.76825    -5.08695    25.55305
 1078    325     2.79191    -5.08695    25.55305
 1081    325     2.86289    -5.08695    25.55305
 1082    325     2.88655    -5.08695    25.55305
 1090    325     3.07583    -5.08695    25.55305
 1091    325     3.09949    -5.08695    25.55305
 1092    325     3.12315    -5.08695    25.55305
 1095    325     3.19413    -5.08695    25.55305
 1106    325     3.45439    -5.08695    25.55305
 1107    325     3.47805    -5.08695    25.55305
 1108    325     3.50171    -5.08695    25.55305
 1110    325     3.54904    -5.08695    25.55305
 1111    325     3.57270    -5.08695    25.55305
 1112    325     3.59636    -5.08695    25.55305
 1574    325    14.52738    -5.08695    25.55305
 1575    325    14.55104    -5.08695    25.55305
 1576    325    14.57470    -5.08695    25.55305
 1577    325    14.59836    -5.08695    25.55305
 1578    325    14.62202    -5.08695    25.55305
 1579    325    14.64568    -5.08695    25.55305
 1582    325    14.71667    -5.08695    25.55305
 1583    325    14.74033    -5.08695    25.55305
 1584    325    14.76399    -5.08695    25.55305
 1585    325    14.78765    -5.08695    25.55305
 1586    325    14.81131    -5.08695    25.55305
 1587    325    14.83497    -5.08695    25.55305
 1588    325    14.85863    -5.08695    25.55305
 1589    325    14.88229    -5.08695    25.55305
 1061    326     2.35798    -4.99612    25.21409
 1062    326     2.38133    -4.99612    25.21409
 1063    326     2.40468    -4.99612    25.21409
 1066    326     2.47472    -4.99612    25.21409
 1067    326     2.49806    -4.99612    25.21409
 1078    326     2.75487    -4.99612    25.21409
 1079    326     2.77822    -4.99612    25.21409
 1082    326     2.84826    -4.99612    25.21409
 1083    326     2.87160    -4.99612    25.21409
 1092    326     3.08172    -4.99612    25.21409
 1107    326     3.43192    -4.99612    25.21409
 1108    326     3.45526    -4.99612    25.21409
 1109    326     3.47861    -4.99612    25.21409
 1111    326     3.52530    -4.99612    25.21409
 1112    326     3.54865    -4.99612    25.21409
 1113    326     3.57200    -4.99612    25.21409
 1575    326    14.35802    -4.99612    25.21409
 1576    326    14.38137    -4.99612    25.21409
 1577    326    14.40471    -4.99612    25.21409
 1578    326    14.42806    -4.99612    25.21409
 1579    326    14.45141    -4.99612    25.21409
 1580    326    14.47475    -4.99612    25.21409
 1581    326    14.49810    -4.99612    25.21409
 1584    326    14.56814    -4.99612    25.21409
 1585    326    14.59148    -4.99612    25.21409
 1586    326    14.61483    -4.99612    25.21409
 1587    326    14.63818    -4.99612    25.21409
 1588    326    14.66152    -4.99612    25.21409
 1589    326    14.68487    -4.99612    25.21409
 1590    326    14.70822    -4.99612    25.21409
 1591    326    14.73156    -4.99612    25.21409
 1592    326    14.75491    -4.99612    25.21409
 1062    327     2.35015    -4.90768    24.88399
 1063    327     2.37320    -4.90768    24.88399
 1064    327     2.39624    -4.90768    24.88399
 1066    327     2.44232    -4.90768    24.88399
 1067    327     2.46536    -4.90768    24.88399
 1068    327     2.48840    -4.90768    24.88399
 1078    327     2.71881    -4.90768    24.88399
 1079    327     2.74185    -4.90768    24.88399
 1080    327     2.76489    -4.90768    24.88399
 1083    327     2.83401    -4.90768    24.88399
 1084    327     2.85705    -4.90768    24.88399
 1096    327     3.13354    -4.90768    24.88399
 1097    327     3.15658    -4.90768    24.88399
 1107    327     3.38699    -4.90768    24.88399
 1108    327     3.41003    -4.90768    24.88399
 1109    327     3.43307    -4.90768    24.88399
 1110    327     3.45611    -4.90768    24.88399
 1113    327     3.52523    -4.90768    24.88399
 1114    327     3.54827    -4.90768    24.88399
 1577    327    14.21613    -4.90768    24.88399
 1578    327    14.23917    -4.90768    24.88399
 1579    327    14.26222    -4.90768    24.88399
 1580    327    14.28526    -4.90768    24.88399
 1581    327    14.30830    -4.90768    24.88399
 1582    327    14.33134    -4.90768    24.88399
 1583    327    14.35438    -4.90768    24.88399
 1584    327    14.37742    -4.90768    24.88399
 1587    327    14.44654    -4.90768    24.88399
 1588    327    14.46958    -4.90768    24.88399
 1589    327    14.49262    -4.90768    24.88399
 1590    327    14.51566    -4.90768    24.88399
 1591    327    14.53870    -4.90768    24.88399
 1592    327    14.56174    -4.90768    24.88399
 1593    327    14.58479    -4.90768    24.88399
 1594    327    14.60783    -4.90768    24.88399
 1595    327    14.63087    -4.90768    24.88399
  664    328    -6.73193    -4.82151    24.56243
  665    328    -6.70918    -4.82151    24.56243
 1063    328     2.34253    -4.82151    24.56243
 1064    328     2.36527    -4.82151    24.56243
 1067    328     2.43350    -4.82151    24.56243
 1068    328     2.45624    -4.82151    24.56243
 1079    328     2.70642    -4.82151    24.56243
 1080    328     2.72916    -4.82151    24.56243
 1081    328     2.75190    -4.82151    24.56243
 1084    328     2.82013    -4.82151    24.56243
 1085    328     2.84287    -4.82151    24.56243
 1096    328     3.09305    -4.82151    24.56243
 1097    328     3.11579    -4.82151    24.56243
 1098    328     3.13853    -4.82151    24.56243
 1108    328     3.36596    -4.82151    24.56243
 1109    328     3.38871    -4.82151    24.56243
 1110    328     3.41145    -4.82151    24.56243
 1113    328     3.47968    -4.82151    24.56243
 1114    328     3.50242    -4.82151    24.56243
 1115    328     3.52516    -4.82151    24.56243
 1578    328    14.05517    -4.82151    24.56243
 1579    328    14.07791    -4.82151    24.56243
 1580    328    14.10066    -4.82151    24.56243
 1581    328    14.12340    -4.82151    24.56243
 1582    328    14.14614    -4.82151    24.56243
 1583    328    14.16889    -4.82151    24.56243
 1584    328    14.19163    -4.82151    24.56243
 1585    328    14.21437    -4.82151    24.56243
 1586    328    14.23711    -4.82151    24.56243
 1587    328    14.25986    -4.82151    24.56243
 1590    328    14.32809    -4.82151    24.56243
 1591    328    14.35083    -4.82151    24.56243
 1592    328    14.37357    -4.82151    24.56243
 1593    328    14.39632    -4.82151    24.56243
 1594    328    14.41906    -4.82151    24.56243
 1595    328    14.44180    -4.82151    24.56243
 1596    328    14.46454    -4.82151    24.56243
 1597    328    14.48729    -4.82151    24.56243
  663    329    -6.66850    -4.73755    24.24908
  664    329    -6.64604    -4.73755    24.24908
  666    329    -6.60114    -4.73755    24.24908
 1064    329     2.33510    -4.73755    24.24908
 1065    329     2.35755    -4.73755    24.24908
 1068    329     2.42491    -4.73755    24.24908
 1069    329     2.44736    -4.73755    24.24908
 1080    329     2.69434    -4.73755    24.24908
 1081    329     2.71679    -4.73755    24.24908
 1084    329     2.78415    -4.73755    24.24908
 1085    329     2.80661    -4.73755    24.24908
 1086    329     2.82906    -4.73755    24.24908
 1094    329     3.00868    -4.73755    24.24908
 1097    329     3.07604    -4.73755    24.24908
 1098    329     3.09849    -4.73755    24.24908
 1099    329     3.12095    -4.73755    24.24908
 1110    329     3.36793    -4.73755    24.24908
 1111    329     3.39038    -4.73755    24.24908
 1114    329     3.45774    -4.73755    24.24908
 1115    329     3.48019    -4.73755    24.24908
 1116    329     3.50264    -4.73755    24.24908
 1581    329    13.94322    -4.73755    24.24908
 1582    329    13.96567    -4.73755    24.24908
 1583    329    13.98813    -4.73755    24.24908
 1584    329    14.01058    -4.73755    24.24908
 1585    329    14.03303    -4.73755    24.24908
 1586    329    14.05548    -4.73755    24.24908
 1587    329    14.07794    -4.73755    24.24908
 1588    329    14.10039    -4.73755    24.24908
 1589    329    14.12284    -4.73755    24.24908
 1590    329    14.14530    -4.73755    24.24908
 1593    329    14.21265    -4.73755    24.24908
 1594    329    14.23511    -4.73755    24.24908
 1595    329    14.25756    -4.73755    24.24908
 1596    329    14.28001    -4.73755    24.24908
 1597    329    14.30247    -4.73755    24.24908
 1598    329    14.32492    -4.73755    24.24908
 1599    329    14.34737    -4.73755    24.24908
 1600    329    14.36982    -4.73755    24.24908
  662    330    -6.60666    -4.65570    23.94362
  663    330    -6.58449    -4.65570    23.94362
  666    330    -6.51798    -4.65570    23.94362
  667    330    -6.49581    -4.65570    23.94362
 1064    330     2.30568    -4.65570    23.94362
 1065    330     2.32785    -4.65570    23.94362
 1066    330     2.35002    -4.65570    23.94362
 1068    330     2.39436    -4.65570    23.94362
 1069    330     2.41653    -4.65570    23.94362
 1070    330     2.43870    -4.65570    23.94362
 1081    330     2.68257    -4.65570    23.94362
 1082    330     2.70474    -4.65570    23.94362
 1085    330     2.77125    -4.65570    23.94362
 1086    330     2.79342    -4.65570    23.94362
 1087    330     2.81559    -4.65570    23.94362
 1094    330     2.97078    -4.65570    23.94362
 1095    330     2.99295    -4.65570    23.94362
 1098    330     3.05946    -4.65570    23.94362
 1099    330     3.08163    -4.65570    23.94362
 1111    330     3.34767    -4.65570    23.94362
 1112    330     3.36984    -4.65570    23.94362
 1115    330     3.43635    -4.65570    23.94362
 1116    330     3.45852    -4.65570    23.94362
 1117    330     3.48069    -4.65570    23.94362
 1585    330    13.85626    -4.65570    23.94362
 1586    330    13.87843    -4.65570    23.94362
 1587    330    13.90060    -4.65570    23.94362
 1588    330    13.92277    -4.65570    23.94362
 1589    330    13.94494    -4.65570    23.94362
 1590    330    13.96711    -4.65570    23.94362
 1591    330    13.98928    -4.65570    23.94362
 1592    330    14.01145    -4.65570    23.94362
 1593    330    14.03362    -4.65570    23.94362
 1596    330    14.10013    -4.65570    23.94362
 1597    330    14.12230    -4.65570    23.94362
 1598    330    14.14447    -4.65570    23.94362
 1599    330    14.16664    -4.65570    23.94362
 1600    330    14.18881    -4.65570    23.94362
 1601    330    14.21098    -4.65570    23.94362
 1602    330    14.23315    -4.65570    23.94362
 1603    330    14.25532    -4.65570    23.94362
  662    331    -6.52448    -4.57589    23.64576
  663    331    -6.50258    -4.57589    23.64576
  666    331    -6.43690    -4.57589    23.64576
 1065    331     2.29889    -4.57589    23.64576
 1066    331     2.32079    -4.57589    23.64576
 1069    331     2.38647    -4.57589    23.64576
 1070    331     2.40836    -4.57589    23.64576
 1071    331     2.43026    -4.57589    23.64576
 1082    331     2.67109    -4.57589    23.64576
 1083    331     2.69299    -4.57589    23.64576
 1086    331     2.75867    -4.57589    23.64576
 1087    331     2.78057    -4.57589    23.64576
 1088    331     2.80246    -4.57589    23.64576
 1094    331     2.93383    -4.57589    23.64576
 1095    331     2.95572    -4.57589    23.64576
 1096    331     2.97761    -4.57589    23.64576
 1099    331     3.04330    -4.57589    23.64576
 1111    331     3.30603    -4.57589    23.64576
 1112    331     3.32792    -4.57589    23.64576
 1113    331     3.34982    -4.57589    23.64576
 1116    331     3.41550    -4.57589    23.64576
 1117    331     3.43739    -4.57589    23.64576
 1118    331     3.45929    -4.57589    23.64576
 1588    331    13.74957    -4.57589    23.64576
 1589    331    13.77146    -4.57589    23.64576
 1590    331    13.79336    -4.57589    23.64576
 1591    331    13.81525    -4.57589    23.64576
 1592    331    13.83715    -4.57589    23.64576
 1593    331    13.85904    -4.57589    23.64576
 1594    331    13.88093    -4.57589    23.64576
 1595    331    13.90283    -4.57589    23.64576
 1598    331    13.96851    -4.57589    23.64576
 1599    331    13.99041    -4.57589    23.64576
 1600    331    14.01230    -4.57589    23.64576
 1601    331    14.03419    -4.57589    23.64576
 1602    331    14.05609    -4.57589    23.64576
 1603    331    14.07798    -4.57589    23.64576
 1604    331    14.09988    -4.57589    23.64576
  661    332    -6.46593    -4.49804    23.35521
  665    332    -6.37943    -4.49804    23.35521
  666    332    -6.35781    -4.49804    23.35521
  672    332    -6.22806    -4.49804    23.35521
 1065    332     2.27065    -4.49804    23.35521
 1066    332     2.29227    -4.49804    23.35521
 1067    332     2.31390    -4.49804    23.35521
 1070    332     2.37877    -4.49804    23.35521
 1071    332     2.40040    -4.49804    23.35521
 1072    332     2.42202    -4.49804    23.35521
 1082    332     2.63827    -4.49804    23.35521
 1083    332     2.65990    -4.49804    23.35521
 1084    332     2.68152    -4.49804    23.35521
 1087    332     2.74640    -4.49804    23.35521
 1088    332     2.76803    -4.49804    23.35521
 1089    332     2.78965    -4.49804    23.35521
 1095    332     2.91940    -4.49804    23.35521
 1096    332     2.94103    -4.49804    23.35521
 1097    332     2.96265    -4.49804    23.35521
 1112    332     3.28703    -4.49804    23.35521
 1113    332     3.30866    -4.49804    23.35521
 1114    332     3.33028    -4.49804    23.35521
 1117    332     3.39516    -4.49804    23.35521
 1118    332     3.41678    -4.49804    23.35521
 1119    332     3.43841    -4.49804    23.35521
 1590    332    13.62387    -4.49804    23.35521
 1591    332    13.64550    -4.49804    23.35521
 1592    332    13.66713    -4.49804    23.35521
 1593    332    13.68875    -4.49804    23.35521
 1594    332    13.71038    -4.49804    23.35521
 1595    332    13.73200    -4.49804    23.35521
 1596    332    13.75363    -4.49804    23.35521
 1597    332    13.77525    -4.49804    23.35521
 1601    332    13.86175    -4.49804    23.35521
 1602    332    13.88338    -4.49804    23.35521
 1603    332    13.90500    -4.49804    23.35521
 1604    332    13.92663    -4.49804    23.35521
  671    333    -6.17382    -4.42208    23.07173
  672    333    -6.15246    -4.42208    23.07173
 1066    333     2.26445    -4.42208    23.07173
 1067    333     2.28581    -4.42208    23.07173
 1068    333     2.30717    -4.42208    23.07173
 1071    333     2.37126    -4.42208    23.07173
 1072    333     2.39262    -4.42208    23.07173
 1083    333     2.62761    -4.42208    23.07173
 1084    333     2.64898    -4.42208    23.07173
 1085    333     2.67034    -4.42208    23.07173
 1088    333     2.73443    -4.42208    23.07173
 1089    333     2.75579    -4.42208    23.07173
 1096    333     2.90533    -4.42208    23.07173
 1097    333     2.92669    -4.42208    23.07173
 1113    333     3.26849    -4.42208    23.07173
 1114    333     3.28986    -4.42208    23.07173
 1115    333     3.31122    -4.42208    23.07173
 1118    333     3.37531    -4.42208    23.07173
 1119    333     3.39667    -4.42208    23.07173
 1593    333    13.52259    -4.42208    23.07173
 1594    333    13.54396    -4.42208    23.07173
 1595    333    13.56532    -4.42208    23.07173
 1596    333    13.58668    -4.42208    23.07173
 1597    333    13.60805    -4.42208    23.07173
 1598    333    13.62941    -4.42208    23.07173
 1599    333    13.65077    -4.42208    23.07173
 1600    333    13.67213    -4.42208    23.07173
 1601    333    13.69350    -4.42208    23.07173
 1602    333    13.71486    -4.42208    23.07173
 1603    333    13.73622    -4.42208    23.07173
 1604    333    13.75758    -4.42208    23.07173
  670    334    -6.12089    -4.34794    22.79504
  671    334    -6.09978    -4.34794    22.79504
  674    334    -6.03646    -4.34794    22.79504
  675    334    -6.01536    -4.34794    22.79504
 1067    334     2.25840    -4.34794    22.79504
 1068    334     2.27950    -4.34794    22.79504
 1069    334     2.30061    -4.34794    22.79504
 1071    334     2.34282    -4.34794    22.79504
 1072    334     2.36393    -4.34794    22.79504
 1084    334     2.61721    -4.34794    22.79504
 1085    334     2.63831    -4.34794    22.79504
 1086    334     2.65942    -4.34794    22.79504
 1088    334     2.70163    -4.34794    22.79504
 1089    334     2.72274    -4.34794    22.79504
 1114    334     3.25040    -4.34794    22.79504
 1115    334     3.27151    -4.34794    22.79504
 1116    334     3.29262    -4.34794    22.79504
 1118    334     3.33483    -4.34794    22.79504
 1119    334     3.35594    -4.34794    22.79504
 1120    334     3.37704    -4.34794    22.79504
 1596    334    13.42374    -4.34794    22.79504
 1597    334    13.44485    -4.34794    22.79504
 1598    334    13.46596    -4.34794    22.79504
 1599    334    13.48706    -4.34794    22.79504
 1600    334    13.50817    -4.34794    22.79504
 1601    334    13.52928    -4.34794    22.79504
 1602    334    13.55038    -4.34794    22.79504
 1603    334    13.57149    -4.34794    22.79504
 1604    334    13.59260    -4.34794    22.79504
  659    335    -6.27777    -4.27556    22.52491
  670    335    -6.04835    -4.27556    22.52491
  674    335    -5.96493    -4.27556    22.52491
 1068    335     2.25249    -4.27556    22.52491
 1069    335     2.27335    -4.27556    22.52491
 1070    335     2.29420    -4.27556    22.52491
 1073    335     2.35677    -4.27556    22.52491
 1074    335     2.37763    -4.27556    22.52491
 1085    335     2.60705    -4.27556    22.52491
 1086    335     2.62791    -4.27556    22.52491
 1087    335     2.64876    -4.27556    22.52491
 1115    335     3.23274    -4.27556    22.52491
 1116    335     3.25360    -4.27556    22.52491
 1117    335     3.27445    -4.27556    22.52491
 1120    335     3.33702    -4.27556    22.52491
 1598    335    13.30638    -4.27556    22.52491
 1599    335    13.32724    -4.27556    22.52491
 1600    335    13.34809    -4.27556    22.52491
 1601    335    13.36895    -4.27556    22.52491
 1602    335    13.38981    -4.27556    22.52491
 1603    335    13.41066    -4.27556    22.52491
  657    336    -6.24548    -4.20487    22.26110
  658    336    -6.22486    -4.20487    22.26110
  659    336    -6.20425    -4.20487    22.26110
  673    336    -5.91568    -4.20487    22.26110
  674    336    -5.89507    -4.20487    22.26110
 1069    336     2.24672    -4.20487    22.26110
 1070    336     2.26733    -4.20487    22.26110
 1073    336     2.32917    -4.20487    22.26110
 1074    336     2.34978    -4.20487    22.26110
 1075    336     2.37040    -4.20487    22.26110
 1086    336     2.59713    -4.20487    22.26110
 1087    336     2.61774    -4.20487    22.26110
 1091    336     2.70019    -4.20487    22.26110
 1104    336     2.96815    -4.20487    22.26110
 1105    336     2.98876    -4.20487    22.26110
 1116    336     3.21549    -4.20487    22.26110
 1117    336     3.23610    -4.20487    22.26110
 1121    336     3.31855    -4.20487    22.26110
  656    337    -6.19355    -4.13583    22.00341
  657    337    -6.17318    -4.13583    22.00341
  658    337    -6.15280    -4.13583    22.00341
  660    337    -6.11206    -4.13583    22.00341
  661    337    -6.09168    -4.13583    22.00341
 1070    337     2.24109    -4.13583    22.00341
 1071    337     2.26146    -4.13583    22.00341
 1074    337     2.32258    -4.13583    22.00341
 1075    337     2.34296    -4.13583    22.00341
 1076    337     2.36333    -4.13583    22.00341
 1091    337     2.66893    -4.13583    22.00341
 1092    337     2.68931    -4.13583    22.00341
 1104    337     2.93379    -4.13583    22.00341
 1105    337     2.95416    -4.13583    22.00341
 1106    337     2.97453    -4.13583    22.00341
 1121    337     3.28014    -4.13583    22.00341
 1122    337     3.30051    -4.13583    22.00341
  655    338    -6.14282    -4.06836    21.75161
  656    338    -6.12267    -4.06836    21.75161
  657    338    -6.10253    -4.06836    21.75161
  660    338    -6.04211    -4.06836    21.75161
  661    338    -6.02197    -4.06836    21.75161
 1071    338     2.23558    -4.06836    21.75161
 1072    338     2.25572    -4.06836    21.75161
 1075    338     2.31614    -4.06836    21.75161
 1076    338     2.33628    -4.06836    21.75161
 1089    338     2.59811    -4.06836    21.75161
 1092    338     2.65853    -4.06836    21.75161
 1093    338     2.67867    -4.06836    21.75161
 1102    338     2.85993    -4.06836    21.75161
 1103    338     2.88007    -4.06836    21.75161
 1105    338     2.92035    -4.06836    21.75161
 1106    338     2.94050    -4.06836    21.75161
 1107    338     2.96064    -4.06836    21.75161
 1118    338     3.18218    -4.06836    21.75161
 1119    338     3.20232    -4.06836    21.75161
 1122    338     3.26274    -4.06836    21.75161
 1123    338     3.28288    -4.06836    21.75161
  655    339    -6.07331    -4.00241    21.50551
  656    339    -6.05340    -4.00241    21.50551
  659    339    -5.99366    -4.00241    21.50551
  660    339    -5.97375    -4.00241    21.50551
  661    339    -5.95384    -4.00241    21.50551
 1071    339     2.21029    -4.00241    21.50551
 1072    339     2.23020    -4.00241    21.50551
 1073    339     2.25011    -4.00241    21.50551
 1076    339     2.30985    -4.00241    21.50551
 1077    339     2.32976    -4.00241    21.50551
 1089    339     2.56871    -4.00241    21.50551
 1090    339     2.58863    -4.00241    21.50551
 1093    339     2.64836    -4.00241    21.50551
 1094    339     2.66828    -4.00241    21.50551
 1102    339     2.82758    -4.00241    21.50551
 1103    339     2.84749    -4.00241    21.50551
 1106    339     2.90723    -4.00241    21.50551
 1107    339     2.92714    -4.00241    21.50551
 1108    339     2.94705    -4.00241    21.50551
 1119    339     3.16609    -4.00241    21.50551
 1120    339     3.18600    -4.00241    21.50551
 1123    339     3.24574    -4.00241    21.50551
 1124    339     3.26565    -4.00241    21.50551
  654    340    -6.02506    -3.93795    21.26491
  655    340    -6.00537    -3.93795    21.26491
  658    340    -5.94630    -3.93795    21.26491
  659    340    -5.92661    -3.93795    21.26491
  660    340    -5.90692    -3.93795    21.26491
 1072    340     2.20525    -3.93795    21.26491
 1073    340     2.22494    -3.93795    21.26491
 1074    340     2.24463    -3.93795    21.26491
 1077    340     2.30370    -3.93795    21.26491
 1078    340     2.32339    -3.93795    21.26491
 1079    340     2.34308    -3.93795    21.26491
 1089    340     2.53998    -3.93795    21.26491
 1090    340     2.55967    -3.93795    21.26491
 1094    340     2.63842    -3.93795    21.26491
 1095    340     2.65811    -3.93795    21.26491
 1102    340     2.79594    -3.93795    21.26491
 1103    340     2.81563    -3.93795    21.26491
 1104    340     2.83532    -3.93795    21.26491
 1107    340     2.89439    -3.93795    21.26491
 1108    340     2.91408    -3.93795    21.26491
 1109    340     2.93377    -3.93795    21.26491
 1119    340     3.13067    -3.93795    21.26491
 1120    340     3.15036    -3.93795    21.26491
 1121    340     3.17005    -3.93795    21.26491
 1124    340     3.22912    -3.93795    21.26491
 1125    340     3.24881    -3.93795    21.26491
  653    341    -5.97787    -3.87491    21.02964
  654    341    -5.95840    -3.87491    21.02964
  657    341    -5.89998    -3.87491    21.02964
  658    341    -5.88051    -3.87491    21.02964
  659    341    -5.86104    -3.87491    21.02964
 1073    341     2.20032    -3.87491    21.02964
 1074    341     2.21980    -3.87491    21.02964
 1077    341     2.27821    -3.87491    21.02964
 1078    341     2.29768    -3.87491    21.02964
 1079    341     2.31716    -3.87491    21.02964
 1080    341     2.33663    -3.87491    21.02964
 1090    341     2.53135    -3.87491    21.02964
 1091    341     2.55082    -3.87491    21.02964
 1094    341     2.60923    -3.87491    21.02964
 1095    341     2.62871    -3.87491    21.02964
 1096    341     2.64818    -3.87491    21.02964
 1103    341     2.78448    -3.87491    21.02964
 1104    341     2.80395    -3.87491    21.02964
 1105    341     2.82342    -3.87491    21.02964
 1108    341     2.88184    -3.87491    21.02964
 1109    341     2.90131    -3.87491    21.02964
 1120    341     3.11550    -3.87491    21.02964
 1121    341     3.13497    -3.87491    21.02964
 1125    341     3.21286    -3.87491    21.02964
 1126    341     3.23233    -3.87491    21.02964
  652    342    -5.93172    -3.81325    20.79952
  653    342    -5.91246    -3.81325    20.79952
  654    342    -5.89320    -3.81325    20.79952
  657    342    -5.83542    -3.81325    20.79952
  658    342    -5.81616    -3.81325    20.79952
  663    342    -5.71987    -3.81325    20.79952
  664    342    -5.70061    -3.81325    20.79952
 1074    342     2.19551    -3.81325    20.79952
 1075    342     2.21476    -3.81325    20.79952
 1076    342     2.23402    -3.81325    20.79952
 1078    342     2.27254    -3.81325    20.79952
 1079    342     2.29180    -3.81325    20.79952
 1080    342     2.31106    -3.81325    20.79952
 1091    342     2.52291    -3.81325    20.79952
 1092    342     2.54216    -3.81325    20.79952
 1095    342     2.59994    -3.81325    20.79952
 1096    342     2.61920    -3.81325    20.79952
 1097    342     2.63846    -3.81325    20.79952
 1104    342     2.77327    -3.81325    20.79952
 1105    342     2.79253    -3.81325    20.79952
 1106    342     2.81179    -3.81325    20.79952
 1109    342     2.86956    -3.81325    20.79952
 1110    342     2.88882    -3.81325    20.79952
 1121    342     3.10067    -3.81325    20.79952
 1122    342     3.11993    -3.81325    20.79952
 1126    342     3.19696    -3.81325    20.79952
 1127    342     3.21622    -3.81325    20.79952
 1630    342    12.90341    -3.81325    20.79952
 1631    342    12.92267    -3.81325    20.79952
 1632    342    12.94193    -3.81325    20.79952
 1633    342    12.96118    -3.81325    20.79952
 1634    342    12.98044    -3.81325    20.79952
 1635    342    12.99970    -3.81325    20.79952
 1636    342    13.01896    -3.81325    20.79952
 1637    342    13.03822    -3.81325    20.79952
 1638    342    13.05748    -3.81325    20.79952
  651    343    -5.88656    -3.75292    20.57438
  652    343    -5.86751    -3.75292    20.57438
  653    343    -5.84846    -3.75292    20.57438
  654    343    -5.82941    -3.75292    20.57438
  655    343    -5.81036    -3.75292    20.57438
  656    343    -5.79131    -3.75292    20.57438
  657    343    -5.77226    -3.75292    20.57438
  663    343    -5.65796    -3.75292    20.57438
  664    343    -5.63891    -3.75292    20.57438
 1075    343     2.19079    -3.75292    20.57438
 1076    343     2.20984    -3.75292    20.57438
 1077    343     2.22889    -3.75292    20.57438
 1079    343     2.26699    -3.75292    20.57438
 1080    343     2.28604    -3.75292    20.57438
 1081    343     2.30509    -3.75292    20.57438
 1092    343     2.51465    -3.75292    20.57438
 1093    343     2.53370    -3.75292    20.57438
 1096    343     2.59085    -3.75292    20.57438
 1097    343     2.60990    -3.75292    20.57438
 1105    343     2.76230    -3.75292    20.57438
 1106    343     2.78135    -3.75292    20.57438
 1107    343     2.80040    -3.75292    20.57438
 1110    343     2.85755    -3.75292    20.57438
 1111    343     2.87660    -3.75292    20.57438
 1122    343     3.08616    -3.75292    20.57438
 1123    343     3.10521    -3.75292    20.57438
 1127    343     3.18141    -3.75292    20.57438
 1128    343     3.20046    -3.75292    20.57438
 1629    343    12.74469    -3.75292    20.57438
 1630    343    12.76374    -3.75292    20.57438
 1631    343    12.78279    -3.75292    20.57438
 1632    343    12.80184    -3.75292    20.57438
 1633    343    12.82089    -3.75292    20.57438
 1634    343    12.83994    -3.75292    20.57438
 1635    343    12.85899    -3.75292    20.57438
 1636    343    12.87804    -3.75292    20.57438
 1637    343    12.89709    -3.75292    20.57438
 1638    343    12.91614    -3.75292    20.57438
 1639    343    12.93519    -3.75292    20.57438
 1640    343    12.95424    -3.75292    20.57438
  650    344    -5.84237    -3.69389    20.35407
  651    344    -5.82352    -3.69389    20.35407
  652    344    -5.80468    -3.69389    20.35407
  653    344    -5.78583    -3.69389    20.35407
  654    344    -5.76699    -3.69389    20.35407
  655    344    -5.74814    -3.69389    20.35407
  656    344    -5.72929    -3.69389    20.35407
  662    344    -5.61621    -3.69389    20.35407
  663    344    -5.59737    -3.69389    20.35407
  666    344    -5.54083    -3.69389    20.35407
  667    344    -5.52198    -3.69389    20.35407
 1075    344     2.16733    -3.69389    20.35407
 1076    344     2.18618    -3.69389    20.35407
 1077    344     2.20502    -3.69389    20.35407
 1079    344     2.24272    -3.69389    20.35407
 1080    344     2.26156    -3.69389    20.35407
 1081    344     2.28041    -3.69389    20.35407
 1092    344     2.48772    -3.69389    20.35407
 1093    344     2.50657    -3.69389    20.35407
 1094    344     2.52541    -3.69389    20.35407
 1097    344     2.58195    -3.69389    20.35407
 1098    344     2.60080    -3.69389    20.35407
 1106    344     2.75157    -3.69389    20.35407
 1107    344     2.77041    -3.69389    20.35407
 1108    344     2.78926    -3.69389    20.35407
 1110    344     2.82695    -3.69389    20.35407
 1111    344     2.84580    -3.69389    20.35407
 1112    344     2.86465    -3.69389    20.35407
 1123    344     3.07196    -3.69389    20.35407
 1124    344     3.09080    -3.69389    20.35407
 1125    344     3.10965    -3.69389    20.35407
 1128    344     3.16619    -3.69389    20.35407
 1129    344     3.18503    -3.69389    20.35407
 1629    344    12.60821    -3.69389    20.35407
 1630    344    12.62706    -3.69389    20.35407
 1631    344    12.64591    -3.69389    20.35407
 1634    344    12.70244    -3.69389    20.35407
 1635    344    12.72129    -3.69389    20.35407
 1636    344    12.74014    -3.69389    20.35407
 1637    344    12.75898    -3.69389    20.35407
 1638    344    12.77783    -3.69389    20.35407
 1639    344    12.79668    -3.69389    20.35407
 1640    344    12.81552    -3.69389    20.35407
 1641    344    12.83437    -3.69389    20.35407
 1642    344    12.85322    -3.69389    20.35407
  650    345    -5.78047    -3.63610    20.13842
  651    345    -5.76182    -3.63610    20.13842
  652    345    -5.74318    -3.63610    20.13842
  654    345    -5.70588    -3.63610    20.13842
  655    345    -5.68724    -3.63610    20.13842
  656    345    -5.66859    -3.63610    20.13842
  665    345    -5.50077    -3.63610    20.13842
  666    345    -5.48212    -3.63610    20.13842
 1076    345     2.16302    -3.63610    20.13842
 1077    345     2.18166    -3.63610    20.13842
 1078    345     2.20031    -3.63610    20.13842
 1080    345     2.23760    -3.63610    20.13842
 1081    345     2.25625    -3.63610    20.13842
 1082    345     2.27490    -3.63610    20.13842
 1093    345     2.48001    -3.63610    20.13842
 1094    345     2.49866    -3.63610    20.13842
 1095    345     2.51730    -3.63610    20.13842
 1097    345     2.55460    -3.63610    20.13842
 1098    345     2.57324    -3.63610    20.13842
 1099    345     2.59189    -3.63610    20.13842
 1107    345     2.74106    -3.63610    20.13842
 1108    345     2.75971    -3.63610    20.13842
 1111    345     2.81565    -3.63610    20.13842
 1112    345     2.83430    -3.63610    20.13842
 1124    345     3.05806    -3.63610    20.13842
 1125    345     3.07670    -3.63610    20.13842
 1126    345     3.09535    -3.63610    20.13842
 1128    345     3.13264    -3.63610    20.13842
 1129    345     3.15129    -3.63610    20.13842
 1130    345     3.16994    -3.63610    20.13842
 1629    345    12.47463    -3.63610    20.13842
 1630    345    12.49328    -3.63610    20.13842
 1631    345    12.51192    -3.63610    20.13842
 1632    345    12.53057    -3.63610    20.13842
 1633    345    12.54922    -3.63610    20.13842
 1634    345    12.56786    -3.63610    20.13842
 1638    345    12.64245    -3.63610    20.13842
 1639    345    12.66110    -3.63610    20.13842
 1640    345    12.67974    -3.63610    20.13842
 1641    345    12.69839    -3.63610    20.13842
 1642    345    12.71704    -3.63610    20.13842
 1643    345    12.73568    -3.63610    20.13842
 1644    345    12.75433    -3.63610    20.13842
  650    346    -5.71987    -3.57953    19.92729
  651    346    -5.70142    -3.57953    19.92729
  652    346    -5.68297    -3.57953    19.92729
  653    346    -5.66452    -3.57953    19.92729
  654    346    -5.64607    -3.57953    19.92729
  655    346    -5.62761    -3.57953    19.92729
  657    346    -5.59071    -3.57953    19.92729
  658    346    -5.57226    -3.57953    19.92729
  659    346    -5.55381    -3.57953    19.92729
  665    346    -5.44310    -3.57953    19.92729
 1076    346     2.14034    -3.57953    19.92729
 1077    346     2.15879    -3.57953    19.92729
 1078    346     2.17724    -3.57953    19.92729
 1081    346     2.23259    -3.57953    19.92729
 1082    346     2.25105    -3.57953    19.92729
 1094    346     2.47246    -3.57953    19.92729
 1095    346     2.49091    -3.57953    19.92729
 1098    346     2.54626    -3.57953    19.92729
 1099    346     2.56472    -3.57953    19.92729
 1100    346     2.58317    -3.57953    19.92729
 1108    346     2.73078    -3.57953    19.92729
 1109    346     2.74923    -3.57953    19.92729
 1125    346     3.04445    -3.57953    19.92729
 1126    346     3.06290    -3.57953    19.92729
 1129    346     3.11825    -3.57953    19.92729
 1130    346     3.13670    -3.57953    19.92729
 1131    346     3.15515    -3.57953    19.92729
 1630    346    12.36230    -3.57953    19.92729
 1631    346    12.38075    -3.57953    19.92729
 1632    346    12.39920    -3.57953    19.92729
 1633    346    12.41765    -3.57953    19.92729
 1634    346    12.43610    -3.57953    19.92729
 1635    346    12.45456    -3.57953    19.92729
 1636    346    12.47301    -3.57953    19.92729
 1637    346    12.49146    -3.57953    19.92729
 1640    346    12.54681    -3.57953    19.92729
 1641    346    12.56526    -3.57953    19.92729
 1642    346    12.58371    -3.57953    19.92729
 1643    346    12.60217    -3.57953    19.92729
 1644    346    12.62062    -3.57953    19.92729
 1645    346    12.63907    -3.57953    19.92729
 1646    346    12.65752    -3.57953    19.92729
  651    347    -5.64227    -3.52413    19.72054
  652    347    -5.62401    -3.52413    19.72054
  653    347    -5.60575    -3.52413    19.72054
  656    347    -5.55097    -3.52413    19.72054
  657    347    -5.53271    -3.52413    19.72054
  658    347    -5.51445    -3.52413    19.72054
  659    347    -5.49619    -3.52413    19.72054
  660    347    -5.47793    -3.52413    19.72054
 1077    347     2.13639    -3.52413    19.72054
 1078    347     2.15465    -3.52413    19.72054
 1079    347     2.17291    -3.52413    19.72054
 1082    347     2.22769    -3.52413    19.72054
 1083    347     2.24595    -3.52413    19.72054
 1095    347     2.46507    -3.52413    19.72054
 1096    347     2.48333    -3.52413    19.72054
 1099    347     2.53811    -3.52413    19.72054
 1100    347     2.55637    -3.52413    19.72054
 1109    347     2.72070    -3.52413    19.72054
 1110    347     2.73896    -3.52413    19.72054
 1114    347     2.81200    -3.52413    19.72054
 1115    347     2.83026    -3.52413    19.72054
 1126    347     3.03112    -3.52413    19.72054
 1127    347     3.04938    -3.52413    19.72054
 1130    347     3.10416    -3.52413    19.72054
 1131    347     3.12242    -3.52413    19.72054
 1632    347    12.27056    -3.52413    19.72054
 1633    347    12.28882    -3.52413    19.72054
 1634    347    12.30708    -3.52413    19.72054
 1635    347    12.32534    -3.52413    19.72054
 1636    347    12.34360    -3.52413    19.72054
 1637    347    12.36186    -3.52413    19.72054
 1638    347    12.38012    -3.52413    19.72054
 1639    347    12.39838    -3.52413    19.72054
 1640    347    12.41664    -3.52413    19.72054
 1643    347    12.47142    -3.52413    19.72054
 1644    347    12.48968    -3.52413    19.72054
 1645    347    12.50794    -3.52413    19.72054
 1646    347    12.52620    -3.52413    19.72054
  655    348    -5.51204    -3.46987    19.51804
  656    348    -5.49397    -3.46987    19.51804
  657    348    -5.47590    -3.46987    19.51804
  658    348    -5.45782    -3.46987    19.51804
  659    348    -5.43975    -3.46987    19.51804
  660    348    -5.42168    -3.46987    19.51804
  661    348    -5.40361    -3.46987    19.51804
 1078    348     2.13253    -3.46987    19.51804
 1079    348     2.15060    -3.46987    19.51804
 1080    348     2.16867    -3.46987    19.51804
 1083    348     2.22289    -3.46987    19.51804
 1084    348     2.24096    -3.46987    19.51804
 1096    348     2.45783    -3.46987    19.51804
 1097    348     2.47590    -3.46987    19.51804
 1100    348     2.53012    -3.46987    19.51804
 1101    348     2.54819    -3.46987    19.51804
 1114    348     2.78313    -3.46987    19.51804
 1115    348     2.80120    -3.46987    19.51804
 1116    348     2.81927    -3.46987    19.51804
 1127    348     3.01807    -3.46987    19.51804
 1128    348     3.03614    -3.46987    19.51804
 1132    348     3.10843    -3.46987    19.51804
 1133    348     3.12650    -3.46987    19.51804
 1635    348    12.19878    -3.46987    19.51804
 1636    348    12.21685    -3.46987    19.51804
 1637    348    12.23492    -3.46987    19.51804
 1638    348    12.25299    -3.46987    19.51804
 1639    348    12.27107    -3.46987    19.51804
 1640    348    12.28914    -3.46987    19.51804
 1641    348    12.30721    -3.46987    19.51804
 1642    348    12.32528    -3.46987    19.51804
 1643    348    12.34335    -3.46987    19.51804
 1644    348    12.36143    -3.46987    19.51804
 1645    348    12.37950    -3.46987    19.51804
 1646    348    12.39757    -3.46987    19.51804
 1648    348    12.43372    -3.46987    19.51804
 1649    348    12.45179    -3.46987    19.51804
 1650    348    12.46986    -3.46987    19.51804
 1651    348    12.48793    -3.46987    19.51804
 1652    348    12.50601    -3.46987    19.51804
 1653    348    12.52408    -3.46987    19.51804
 1654    348    12.54215    -3.46987    19.51804
  653    349    -5.49179    -3.41672    19.31966
  654    349    -5.47390    -3.41672    19.31966
  655    349    -5.45601    -3.41672    19.31966
  656    349    -5.43813    -3.41672    19.31966
  657    349    -5.42024    -3.41672    19.31966
  658    349    -5.40235    -3.41672    19.31966
  659    349    -5.38446    -3.41672    19.31966
  660    349    -5.36657    -3.41672    19.31966
  661    349    -5.34868    -3.41672    19.31966
  662    349    -5.33079    -3.41672    19.31966
 1079    349     2.12874    -3.41672    19.31966
 1080    349     2.14663    -3.41672    19.31966
 1083    349     2.20029    -3.41672    19.31966
 1084    349     2.21818    -3.41672    19.31966
 1085    349     2.23607    -3.41672    19.31966
 1096    349     2.43285    -3.41672    19.31966
 1097    349     2.45073    -3.41672    19.31966
 1098    349     2.46862    -3.41672    19.31966
 1101    349     2.52229    -3.41672    19.31966
 1102    349     2.54018    -3.41672    19.31966
 1111    349     2.70117    -3.41672    19.31966
 1112    349     2.71906    -3.41672    19.31966
 1115    349     2.77273    -3.41672    19.31966
 1116    349     2.79062    -3.41672    19.31966
 1128    349     3.00528    -3.41672    19.31966
 1129    349     3.02317    -3.41672    19.31966
 1133    349     3.09472    -3.41672    19.31966
 1134    349     3.11261    -3.41672    19.31966
 1638    349    12.12845    -3.41672    19.31966
 1639    349    12.14634    -3.41672    19.31966
 1640    349    12.16423    -3.41672    19.31966
 1641    349    12.18212    -3.41672    19.31966
 1642    349    12.20001    -3.41672    19.31966
 1643    349    12.21790    -3.41672    19.31966
 1644    349    12.23578    -3.41672    19.31966
 1645    349    12.25367    -3.41672    19.31966
 1648    349    12.30734    -3.41672    19.31966
 1649    349    12.32523    -3.41672    19.31966
 1650    349    12.34312    -3.41672    19.31966
 1651    349    12.36100    -3.41672    19.31966
 1652    349    12.37889    -3.41672    19.31966
 1653    349    12.39678    -3.41672    19.31966
 1654    349    12.41467    -3.41672    19.31966
 1655    349    12.43256    -3.41672    19.31966
 1656    349    12.45045    -3.41672    19.31966
  652    350    -5.45424    -3.36463    19.12527
  653    350    -5.43653    -3.36463    19.12527
  654    350    -5.41883    -3.36463    19.12527
  655    350    -5.40112    -3.36463    19.12527
  656    350    -5.38341    -3.36463    19.12527
  657    350    -5.36570    -3.36463    19.12527
  659    350    -5.33028    -3.36463    19.12527
  660    350    -5.31257    -3.36463    19.12527
  661    350    -5.29487    -3.36463    19.12527
  662    350    -5.27716    -3.36463    19.12527
 1080    350     2.12503    -3.36463    19.12527
 1081    350     2.14274    -3.36463    19.12527
 1084    350     2.19586    -3.36463    19.12527
 1085    350     2.21357    -3.36463    19.12527
 1086    350     2.23128    -3.36463    19.12527
 1097    350     2.42608    -3.36463    19.12527
 1098    350     2.44378    -3.36463    19.12527
 1102    350     2.51462    -3.36463    19.12527
 1103    350     2.53233    -3.36463    19.12527
 1112    350     2.69170    -3.36463    19.12527
 1113    350     2.70941    -3.36463    19.12527
 1116    350     2.76254    -3.36463    19.12527
 1117    350     2.78025    -3.36463    19.12527
 1129    350     2.99275    -3.36463    19.12527
 1130    350     3.01046    -3.36463    19.12527
 1133    350     3.06358    -3.36463    19.12527
 1134    350     3.08129    -3.36463    19.12527
 1135    350     3.09900    -3.36463    19.12527
 1641    350    12.05954    -3.36463    19.12527
 1642    350    12.07725    -3.36463    19.12527
 1643    350    12.09496    -3.36463    19.12527
 1644    350    12.11267    -3.36463    19.12527
 1645    350    12.13038    -3.36463    19.12527
 1648    350    12.18350    -3.36463    19.12527
 1649    350    12.20121    -3.36463    19.12527
 1650    350    12.21892    -3.36463    19.12527
 1651    350    12.23663    -3.36463    19.12527
 1652    350    12.25434    -3.36463    19.12527
 1653    350    12.27205    -3.36463    19.12527
 1654    350    12.28975    -3.36463    19.12527
 1655    350    12.30746    -3.36463    19.12527
 1656    350    12.32517    -3.36463    19.12527
 1657    350    12.34288    -3.36463    19.12527
 1658    350    12.36059    -3.36463    19.12527
 1659    350    12.37830    -3.36463    19.12527
  651    351    -5.41744    -3.31358    18.93475
  652    351    -5.39991    -3.31358    18.93475
  653    351    -5.38238    -3.31358    18.93475
  654    351    -5.36485    -3.31358    18.93475
  655    351    -5.34731    -3.31358    18.93475
  656    351    -5.32978    -3.31358    18.93475
  657    351    -5.31225    -3.31358    18.93475
  658    351    -5.29472    -3.31358    18.93475
  659    351    -5.27718    -3.31358    18.93475
  660    351    -5.25965    -3.31358    18.93475
  661    351    -5.24212    -3.31358    18.93475
  662    351    -5.22459    -3.31358    18.93475
 1081    351     2.12139    -3.31358    18.93475
 1082    351     2.13893    -3.31358    18.93475
 1085    351     2.19152    -3.31358    18.93475
 1086    351     2.20905    -3.31358    18.93475
 1098    351     2.41944    -3.31358    18.93475
 1099    351     2.43697    -3.31358    18.93475
 1103    351     2.50710    -3.31358    18.93475
 1104    351     2.52463    -3.31358    18.93475
 1112    351     2.66489    -3.31358    18.93475
 1113    351     2.68242    -3.31358    18.93475
 1114    351     2.69995    -3.31358    18.93475
 1117    351     2.75255    -3.31358    18.93475
 1118    351     2.77008    -3.31358    18.93475
 1130    351     2.98047    -3.31358    18.93475
 1131    351     2.99800    -3.31358    18.93475
 1134    351     3.05060    -3.31358    18.93475
 1135    351     3.06813    -3.31358    18.93475
 1136    351     3.08566    -3.31358    18.93475
 1647    351    12.04460    -3.31358    18.93475
 1648    351    12.06214    -3.31358    18.93475
 1649    351    12.07967    -3.31358    18.93475
 1650    351    12.09720    -3.31358    18.93475
 1651    351    12.11473    -3.31358    18.93475
 1653    351    12.14980    -3.31358    18.93475
 1654    351    12.16733    -3.31358    18.93475
 1655    351    12.18486    -3.31358    18.93475
 1656    351    12.20239    -3.31358    18.93475
 1657    351    12.21993    -3.31358    18.93475
 1658    351    12.23746    -3.31358    18.93475
 1659    351    12.25499    -3.31358    18.93475
 1660    351    12.27252    -3.31358    18.93475
 1661    351    12.29005    -3.31358    18.93475
 1662    351    12.30759    -3.31358    18.93475
 1663    351    12.32512    -3.31358    18.93475
  651    352    -5.36401    -3.26354    18.74799
  652    352    -5.34665    -3.26354    18.74799
  653    352    -5.32929    -3.26354    18.74799
  654    352    -5.31193    -3.26354    18.74799
  655    352    -5.29457    -3.26354    18.74799
  656    352    -5.27721    -3.26354    18.74799
  657    352    -5.25985    -3.26354    18.74799
  658    352    -5.24249    -3.26354    18.74799
  659    352    -5.22513    -3.26354    18.74799
  660    352    -5.20777    -3.26354    18.74799
  661    352    -5.19041    -3.26354    18.74799
 1081    352     2.10047    -3.26354    18.74799
 1082    352     2.11783    -3.26354    18.74799
 1083    352     2.13519    -3.26354    18.74799
 1085    352     2.16991    -3.26354    18.74799
 1086    352     2.18727    -3.26354    18.74799
 1087    352     2.20462    -3.26354    18.74799
 1099    352     2.41294    -3.26354    18.74799
 1100    352     2.43029    -3.26354    18.74799
 1103    352     2.48237    -3.26354    18.74799
 1104    352     2.49973    -3.26354    18.74799
 1113    352     2.65596    -3.26354    18.74799
 1114    352     2.67332    -3.26354    18.74799
 1118    352     2.74276    -3.26354    18.74799
 1131    352     2.96843    -3.26354    18.74799
 1132    352     2.98579    -3.26354    18.74799
 1135    352     3.03787    -3.26354    18.74799
 1136    352     3.05523    -3.26354    18.74799
 1137    352     3.07259    -3.26354    18.74799
 1648    352    11.94316    -3.26354    18.74799
 1649    352    11.96052    -3.26354    18.74799
 1650    352    11.97788    -3.26354    18.74799
 1651    352    11.99524    -3.26354    18.74799
 1652    352    12.01260    -3.26354    18.74799
 1653    352    12.02996    -3.26354    18.74799
 1656    352    12.08204    -3.26354    18.74799
 1657    352    12.09940    -3.26354    18.74799
 1658    352    12.11675    -3.26354    18.74799
 1659    352    12.13411    -3.26354    18.74799
 1660    352    12.15147    -3.26354    18.74799
 1661    352    12.16883    -3.26354    18.74799
 1662    352    12.18619    -3.26354    18.74799
 1663    352    12.20355    -3.26354    18.74799
 1664    352    12.22091    -3.26354    18.74799
 1665    352    12.23827    -3.26354    18.74799
 1666    352    12.25563    -3.26354    18.74799
  652    353    -5.29443    -3.21447    18.56487
  653    353    -5.27724    -3.21447    18.56487
  654    353    -5.26005    -3.21447    18.56487
  655    353    -5.24286    -3.21447    18.56487
  656    353    -5.22567    -3.21447    18.56487
  657    353    -5.20848    -3.21447    18.56487
  658    353    -5.19129    -3.21447    18.56487
  659    353    -5.17410    -3.21447    18.56487
  660    353    -5.15691    -3.21447    18.56487
  661    353    -5.13972    -3.21447    18.56487
 1082    353     2.09714    -3.21447    18.56487
 1083    353     2.11433    -3.21447    18.56487
 1084    353     2.13152    -3.21447    18.56487
 1086    353     2.16590    -3.21447    18.56487
 1087    353     2.18309    -3.21447    18.56487
 1088    353     2.20028    -3.21447    18.56487
 1100    353     2.40656    -3.21447    18.56487
 1101    353     2.42375    -3.21447    18.56487
 1104    353     2.47532    -3.21447    18.56487
 1105    353     2.49251    -3.21447    18.56487
 1114    353     2.64721    -3.21447    18.56487
 1115    353     2.66440    -3.21447    18.56487
 1119    353     2.73316    -3.21447    18.56487
 1132    353     2.95663    -3.21447    18.56487
 1133    353     2.97382    -3.21447    18.56487
 1137    353     3.04258    -3.21447    18.56487
 1649    353    11.84370    -3.21447    18.56487
 1650    353    11.86089    -3.21447    18.56487
 1651    353    11.87808    -3.21447    18.56487
 1652    353    11.89527    -3.21447    18.56487
 1653    353    11.91246    -3.21447    18.56487
 1654    353    11.92965    -3.21447    18.56487
 1655    353    11.94684    -3.21447    18.56487
 1656    353    11.96403    -3.21447    18.56487
 1660    353    12.03279    -3.21447    18.56487
 1661    353    12.04998    -3.21447    18.56487
 1662    353    12.06717    -3.21447    18.56487
 1663    353    12.08436    -3.21447    18.56487
 1664    353    12.10155    -3.21447    18.56487
 1665    353    12.11874    -3.21447    18.56487
 1666    353    12.13593    -3.21447    18.56487
 1667    353    12.15312    -3.21447    18.56487
 1668    353    12.17031    -3.21447    18.56487
 1669    353    12.18750    -3.21447    18.56487
  654    354    -5.20917    -3.16636    18.38530
  655    354    -5.19215    -3.16636    18.38530
  656    354    -5.17512    -3.16636    18.38530
  657    354    -5.15810    -3.16636    18.38530
  658    354    -5.14108    -3.16636    18.38530
  659    354    -5.12405    -3.16636    18.38530
  660    354    -5.10703    -3.16636    18.38530
 1083    354     2.09388    -3.16636    18.38530
 1084    354     2.11091    -3.16636    18.38530
 1087    354     2.16198    -3.16636    18.38530
 1088    354     2.17900    -3.16636    18.38530
 1089    354     2.19602    -3.16636    18.38530
 1101    354     2.40030    -3.16636    18.38530
 1102    354     2.41733    -3.16636    18.38530
 1116    354     2.65566    -3.16636    18.38530
 1120    354     2.72375    -3.16636    18.38530
 1133    354     2.94505    -3.16636    18.38530
 1134    354     2.96208    -3.16636    18.38530
 1138    354     3.03017    -3.16636    18.38530
 1650    354    11.74617    -3.16636    18.38530
 1651    354    11.76319    -3.16636    18.38530
 1652    354    11.78021    -3.16636    18.38530
 1653    354    11.79724    -3.16636    18.38530
 1654    354    11.81426    -3.16636    18.38530
 1655    354    11.83128    -3.16636    18.38530
 1656    354    11.84831    -3.16636    18.38530
 1657    354    11.86533    -3.16636    18.38530
 1658    354    11.88235    -3.16636    18.38530
 1659    354    11.89938    -3.16636    18.38530
 1662    354    11.95045    -3.16636    18.38530
 1663    354    11.96747    -3.16636    18.38530
 1664    354    11.98449    -3.16636    18.38530
 1665    354    12.00152    -3.16636    18.38530
 1666    354    12.01854    -3.16636    18.38530
 1667    354    12.03557    -3.16636    18.38530
 1668    354    12.05259    -3.16636    18.38530
 1669    354    12.06961    -3.16636    18.38530
 1670    354    12.08664    -3.16636    18.38530
 1671    354    12.10366    -3.16636    18.38530
  655    355    -5.14241    -3.11916    18.20918
  656    355    -5.12555    -3.11916    18.20918
  657    355    -5.10869    -3.11916    18.20918
  658    355    -5.09182    -3.11916    18.20918
  659    355    -5.07496    -3.11916    18.20918
 1083    355     2.07382    -3.11916    18.20918
 1084    355     2.09068    -3.11916    18.20918
 1085    355     2.10754    -3.11916    18.20918
 1088    355     2.15812    -3.11916    18.20918
 1089    355     2.17498    -3.11916    18.20918
 1090    355     2.19185    -3.11916    18.20918
 1102    355     2.39417    -3.11916    18.20918
 1106    355     2.46161    -3.11916    18.20918
 1117    355     2.64707    -3.11916    18.20918
 1121    355     2.71452    -3.11916    18.20918
 1134    355     2.93370    -3.11916    18.20918
 1135    355     2.95056    -3.11916    18.20918
 1139    355     3.01800    -3.11916    18.20918
 1653    355    11.68422    -3.11916    18.20918
 1654    355    11.70108    -3.11916    18.20918
 1655    355    11.71794    -3.11916    18.20918
 1656    355    11.73480    -3.11916    18.20918
 1657    355    11.75166    -3.11916    18.20918
 1658    355    11.76852    -3.11916    18.20918
 1659    355    11.78538    -3.11916    18.20918
 1660    355    11.80224    -3.11916    18.20918
 1661    355    11.81910    -3.11916    18.20918
 1662    355    11.83596    -3.11916    18.20918
 1665    355    11.88654    -3.11916    18.20918
 1666    355    11.90341    -3.11916    18.20918
 1667    355    11.92027    -3.11916    18.20918
 1668    355    11.93713    -3.11916    18.20918
 1669    355    11.95399    -3.11916    18.20918
 1670    355    11.97085    -3.11916    18.20918
 1671    355    11.98771    -3.11916    18.20918
 1672    355    12.00457    -3.11916    18.20918
 1673    355    12.02143    -3.11916    18.20918
 1674    355    12.03829    -3.11916    18.20918
 1084    356     2.07084    -3.07287    18.03639
 1085    356     2.08754    -3.07287    18.03639
 1086    356     2.10425    -3.07287    18.03639
 1089    356     2.15435    -3.07287    18.03639
 1090    356     2.17105    -3.07287    18.03639
 1091    356     2.18775    -3.07287    18.03639
 1103    356     2.38815    -3.07287    18.03639
 1107    356     2.45495    -3.07287    18.03639
 1118    356     2.63866    -3.07287    18.03639
 1122    356     2.70546    -3.07287    18.03639
 1136    356     2.93926    -3.07287    18.03639
 1656    356    11.62345    -3.07287    18.03639
 1657    356    11.64015    -3.07287    18.03639
 1658    356    11.65685    -3.07287    18.03639
 1659    356    11.67355    -3.07287    18.03639
 1660    356    11.69025    -3.07287    18.03639
 1661    356    11.70695    -3.07287    18.03639
 1662    356    11.72365    -3.07287    18.03639
 1663    356    11.74035    -3.07287    18.03639
 1664    356    11.75705    -3.07287    18.03639
 1665    356    11.77375    -3.07287    18.03639
 1666    356    11.79045    -3.07287    18.03639
 1668    356    11.82385    -3.07287    18.03639
 1669    356    11.84055    -3.07287    18.03639
 1670    356    11.85726    -3.07287    18.03639
 1671    356    11.87396    -3.07287    18.03639
 1672    356    11.89066    -3.07287    18.03639
 1673    356    11.90736    -3.07287    18.03639
 1674    356    11.92406    -3.07287    18.03639
 1675    356    11.94076    -3.07287    18.03639
 1676    356    11.95746    -3.07287    18.03639
 1677    356    11.97416    -3.07287    18.03639
 1085    357     2.06792    -3.02744    17.86685
 1086    357     2.08447    -3.02744    17.86685
 1087    357     2.10101    -3.02744    17.86685
 1090    357     2.15064    -3.02744    17.86685
 1091    357     2.16718    -3.02744    17.86685
 1092    357     2.18373    -3.02744    17.86685
 1104    357     2.38225    -3.02744    17.86685
 1118    357     2.61385    -3.02744    17.86685
 1119    357     2.63040    -3.02744    17.86685
 1122    357     2.68003    -3.02744    17.86685
 1123    357     2.69657    -3.02744    17.86685
 1137    357     2.92818    -3.02744    17.86685
 1141    357     2.99435    -3.02744    17.86685
 1142    357     3.01090    -3.02744    17.86685
 1659    357    11.56382    -3.02744    17.86685
 1660    357    11.58037    -3.02744    17.86685
 1661    357    11.59691    -3.02744    17.86685
 1662    357    11.61345    -3.02744    17.86685
 1663    357    11.63000    -3.02744    17.86685
 1664    357    11.64654    -3.02744    17.86685
 1665    357    11.66308    -3.02744    17.86685
 1666    357    11.67963    -3.02744    17.86685
 1667    357    11.69617    -3.02744    17.86685
 1668    357    11.71271    -3.02744    17.86685
 1671    357    11.76234    -3.02744    17.86685
 1672    357    11.77889    -3.02744    17.86685
 1673    357    11.79543    -3.02744    17.86685
 1674    357    11.81197    -3.02744    17.86685
 1675    357    11.82852    -3.02744    17.86685
 1676    357    11.84506    -3.02744    17.86685
 1677    357    11.86160    -3.02744    17.86685
 1678    357    11.87815    -3.02744    17.86685
 1679    357    11.89469    -3.02744    17.86685
 1680    357    11.91123    -3.02744    17.86685
 1086    358     2.06505    -2.98286    17.70047
 1087    358     2.08144    -2.98286    17.70047
 1088    358     2.09783    -2.98286    17.70047
 1090    358     2.13061    -2.98286    17.70047
 1091    358     2.14700    -2.98286    17.70047
 1092    358     2.16339    -2.98286    17.70047
 1105    358     2.37645    -2.98286    17.70047
 1119    358     2.60590    -2.98286    17.70047
 1120    358     2.62229    -2.98286    17.70047
 1123    358     2.67146    -2.98286    17.70047
 1124    358     2.68785    -2.98286    17.70047
 1141    358     2.96647    -2.98286    17.70047
 1142    358     2.98286    -2.98286    17.70047
 1143    358     2.99925    -2.98286    17.70047
 1662    358    11.50530    -2.98286    17.70047
 1663    358    11.52169    -2.98286    17.70047
 1664    358    11.53808    -2.98286    17.70047
 1665    358    11.55447    -2.98286    17.70047
 1666    358    11.57086    -2.98286    17.70047
 1667    358    11.58725    -2.98286    17.70047
 1668    358    11.60364    -2.98286    17.70047
 1669    358    11.62003    -2.98286    17.70047
 1670    358    11.63642    -2.98286    17.70047
 1673    358    11.68559    -2.98286    17.70047
 1674    358    11.70198    -2.98286    17.70047
 1675    358    11.71837    -2.98286    17.70047
 1676    358    11.73476    -2.98286    17.70047
 1677    358    11.75114    -2.98286    17.70047
 1678    358    11.76753    -2.98286    17.70047
 1679    358    11.78392    -2.98286    17.70047
 1680    358    11.80031    -2.98286    17.70047
 1681    358    11.81670    -2.98286    17.70047
 1682    358    11.83309    -2.98286    17.70047
 1683    358    11.84948    -2.98286    17.70047
 1087    359     2.06224    -2.93910    17.53716
 1088    359     2.07848    -2.93910    17.53716
 1089    359     2.09472    -2.93910    17.53716
 1091    359     2.12719    -2.93910    17.53716
 1092    359     2.14343    -2.93910    17.53716
 1093    359     2.15967    -2.93910    17.53716
 1120    359     2.59810    -2.93910    17.53716
 1124    359     2.66305    -2.93910    17.53716
 1138    359     2.89038    -2.93910    17.53716
 1139    359     2.90662    -2.93910    17.53716
 1140    359     2.92286    -2.93910    17.53716
 1141    359     2.93910    -2.93910    17.53716
 1142    359     2.95534    -2.93910    17.53716
 1143    359     2.97157    -2.93910    17.53716
 1144    359     2.98781    -2.93910    17.53716
 1665    359    11.44787    -2.93910    17.53716
 1666    359    11.46410    -2.93910    17.53716
 1667    359    11.48034    -2.93910    17.53716
 1668    359    11.49658    -2.93910    17.53716
 1669    359    11.51282    -2.93910    17.53716
 1670    359    11.52906    -2.93910    17.53716
 1671    359    11.54530    -2.93910    17.53716
 1672    359    11.56153    -2.93910    17.53716
 1673    359    11.57777    -2.93910    17.53716
 1674    359    11.59401    -2.93910    17.53716
 1677    359    11.64272    -2.93910    17.53716
 1678    359    11.65896    -2.93910    17.53716
 1679    359    11.67520    -2.93910    17.53716
 1680    359    11.69144    -2.93910    17.53716
 1681    359    11.70768    -2.93910    17.53716
 1682    359    11.72391    -2.93910    17.53716
 1683    359    11.74015    -2.93910    17.53716
 1684    359    11.75639    -2.93910    17.53716
 1685    359    11.77263    -2.93910    17.53716
 1686    359    11.78887    -2.93910    17.53716
 1687    359    11.80511    -2.93910    17.53716
 1088    360     2.05948    -2.89614    17.37683
 1089    360     2.07557    -2.89614    17.37683
 1090    360     2.09166    -2.89614    17.37683
 1092    360     2.12384    -2.89614    17.37683
 1093    360     2.13992    -2.89614    17.37683
 1120    360     2.57435    -2.89614    17.37683
 1121    360     2.59044    -2.89614    17.37683
 1125    360     2.65479    -2.89614    17.37683
 1139    360     2.88005    -2.89614    17.37683
 1140    360     2.89614    -2.89614    17.37683
 1143    360     2.94441    -2.89614    17.37683
 1144    360     2.96050    -2.89614    17.37683
 1145    360     2.97659    -2.89614    17.37683
 1668    360    11.39148    -2.89614    17.37683
 1669    360    11.40757    -2.89614    17.37683
 1670    360    11.42366    -2.89614    17.37683
 1671    360    11.43975    -2.89614    17.37683
 1672    360    11.45584    -2.89614    17.37683
 1673    360    11.47193    -2.89614    17.37683
 1674    360    11.48802    -2.89614    17.37683
 1675    360    11.50411    -2.89614    17.37683
 1676    360    11.52020    -2.89614    17.37683
 1677    360    11.53629    -2.89614    17.37683
 1680    360    11.58456    -2.89614    17.37683
 1681    360    11.60064    -2.89614    17.37683
 1682    360    11.61673    -2.89614    17.37683
 1683    360    11.63282    -2.89614    17.37683
 1684    360    11.64891    -2.89614    17.37683
 1685    360    11.66500    -2.89614    17.37683
 1686    360    11.68109    -2.89614    17.37683
 1687    360    11.69718    -2.89614    17.37683
 1688    360    11.71327    -2.89614    17.37683
 1689    360    11.72936    -2.89614    17.37683
 1690    360    11.74545    -2.89614    17.37683
 1089    361     2.05676    -2.85396    17.21941
 1090    361     2.07271    -2.85396    17.21941
 1093    361     2.12054    -2.85396    17.21941
 1094    361     2.13648    -2.85396    17.21941
 1122    361     2.58291    -2.85396    17.21941
 1126    361     2.64669    -2.85396    17.21941
 1139    361     2.85396    -2.85396    17.21941
 1140    361     2.86990    -2.85396    17.21941
 1141    361     2.88585    -2.85396    17.21941
 1144    361     2.93368    -2.85396    17.21941
 1145    361     2.94962    -2.85396    17.21941
 1671    361    11.33611    -2.85396    17.21941
 1672    361    11.35206    -2.85396    17.21941
 1673    361    11.36800    -2.85396    17.21941
 1674    361    11.38395    -2.85396    17.21941
 1675    361    11.39989    -2.85396    17.21941
 1676    361    11.41583    -2.85396    17.21941
 1677    361    11.43178    -2.85396    17.21941
 1678    361    11.44772    -2.85396    17.21941
 1679    361    11.46366    -2.85396    17.21941
 1680    361    11.47961    -2.85396    17.21941
 1682    361    11.51150    -2.85396    17.21941
 1683    361    11.52744    -2.85396    17.21941
 1684    361    11.54338    -2.85396    17.21941
 1685    361    11.55933    -2.85396    17.21941
 1686    361    11.57527    -2.85396    17.21941
 1687    361    11.59122    -2.85396    17.21941
 1688    361    11.60716    -2.85396    17.21941
 1689    361    11.62310    -2.85396    17.21941
 1690    361    11.63905    -2.85396    17.21941
 1691    361    11.65499    -2.85396    17.21941
 1692    361    11.67094    -2.85396    17.21941
 1090    362     2.05410    -2.81254    17.06482
 1091    362     2.06990    -2.81254    17.06482
 1093    362     2.10150    -2.81254    17.06482
 1094    362     2.11730    -2.81254    17.06482
 1095    362     2.13310    -2.81254    17.06482
 1123    362     2.57552    -2.81254    17.06482
 1127    362     2.63873    -2.81254    17.06482
 1140    362     2.84414    -2.81254    17.06482
 1141    362     2.85994    -2.81254    17.06482
 1142    362     2.87574    -2.81254    17.06482
 1144    362     2.90734    -2.81254    17.06482
 1145    362     2.92314    -2.81254    17.06482
 1146    362     2.93894    -2.81254    17.06482
 1674    362    11.28174    -2.81254    17.06482
 1675    362    11.29754    -2.81254    17.06482
 1676    362    11.31334    -2.81254    17.06482
 1677    362    11.32914    -2.81254    17.06482
 1678    362    11.34494    -2.81254    17.06482
 1679    362    11.36075    -2.81254    17.06482
 1680    362    11.37655    -2.81254    17.06482
 1681    362    11.39235    -2.81254    17.06482
 1682    362    11.40815    -2.81254    17.06482
 1683    362    11.42395    -2.81254    17.06482
 1686    362    11.47135    -2.81254    17.06482
 1687    362    11.48715    -2.81254    17.06482
 1688    362    11.50295    -2.81254    17.06482
 1689    362    11.51875    -2.81254    17.06482
 1690    362    11.53455    -2.81254    17.06482
 1691    362    11.55035    -2.81254    17.06482
 1692    362    11.56616    -2.81254    17.06482
 1693    362    11.58196    -2.81254    17.06482
 1694    362    11.59776    -2.81254    17.06482
 1090    363     2.03582    -2.77185    16.91298
 1091    363     2.05148    -2.77185    16.91298
 1094    363     2.09846    -2.77185    16.91298
 1095    363     2.11412    -2.77185    16.91298
 1096    363     2.12978    -2.77185    16.91298
 1113    363     2.39601    -2.77185    16.91298
 1114    363     2.41167    -2.77185    16.91298
 1124    363     2.56827    -2.77185    16.91298
 1128    363     2.63091    -2.77185    16.91298
 1129    363     2.64657    -2.77185    16.91298
 1141    363     2.83449    -2.77185    16.91298
 1142    363     2.85015    -2.77185    16.91298
 1143    363     2.86581    -2.77185    16.91298
 1146    363     2.91279    -2.77185    16.91298
 1147    363     2.92845    -2.77185    16.91298
 1677    363    11.22834    -2.77185    16.91298
 1678    363    11.24400    -2.77185    16.91298
 1679    363    11.25966    -2.77185    16.91298
 1680    363    11.27532    -2.77185    16.91298
 1681    363    11.29098    -2.77185    16.91298
 1682    363    11.30664    -2.77185    16.91298
 1683    363    11.32230    -2.77185    16.91298
 1684    363    11.33796    -2.77185    16.91298
 1685    363    11.35362    -2.77185    16.91298
 1686    363    11.36928    -2.77185    16.91298
 1689    363    11.41626    -2.77185    16.91298
 1690    363    11.43192    -2.77185    16.91298
 1691    363    11.44758    -2.77185    16.91298
 1692    363    11.46324    -2.77185    16.91298
 1693    363    11.47890    -2.77185    16.91298
 1694    363    11.49456    -2.77185    16.91298
 1695    363    11.51022    -2.77185    16.91298
 1696    363    11.52588    -2.77185    16.91298
 1697    363    11.54154    -2.77185    16.91298
 1091    364     2.03339    -2.73188    16.76381
 1092    364     2.04891    -2.73188    16.76381
 1095    364     2.09548    -2.73188    16.76381
 1096    364     2.11100    -2.73188    16.76381
 1113    364     2.37487    -2.73188    16.76381
 1114    364     2.39040    -2.73188    16.76381
 1115    364     2.40592    -2.73188    16.76381
 1125    364     2.56114    -2.73188    16.76381
 1129    364     2.62323    -2.73188    16.76381
 1142    364     2.82501    -2.73188    16.76381
 1143    364     2.84053    -2.73188    16.76381
 1147    364     2.90262    -2.73188    16.76381
 1148    364     2.91815    -2.73188    16.76381
 1679    364    11.16035    -2.73188    16.76381
 1680    364    11.17588    -2.73188    16.76381
 1681    364    11.19140    -2.73188    16.76381
 1682    364    11.20692    -2.73188    16.76381
 1683    364    11.22244    -2.73188    16.76381
 1684    364    11.23796    -2.73188    16.76381
 1685    364    11.25349    -2.73188    16.76381
 1686    364    11.26901    -2.73188    16.76381
 1687    364    11.28453    -2.73188    16.76381
 1688    364    11.30005    -2.73188    16.76381
 1689    364    11.31557    -2.73188    16.76381
 1691    364    11.34662    -2.73188    16.76381
 1692    364    11.36214    -2.73188    16.76381
 1693    364    11.37766    -2.73188    16.76381
 1694    364    11.39318    -2.73188    16.76381
 1695    364    11.40871    -2.73188    16.76381
 1696    364    11.42423    -2.73188    16.76381
 1697    364    11.43975    -2.73188    16.76381
 1698    364    11.45527    -2.73188    16.76381
 1699    364    11.47079    -2.73188    16.76381
 1700    364    11.48632    -2.73188    16.76381
 1091    365     2.01561    -2.69261    16.61726
 1092    365     2.03100    -2.69261    16.61726
 1093    365     2.04638    -2.69261    16.61726
 1095    365     2.07716    -2.69261    16.61726
 1096    365     2.09254    -2.69261    16.61726
 1097    365     2.10793    -2.69261    16.61726
 1111    365     2.32334    -2.69261    16.61726
 1112    365     2.33873    -2.69261    16.61726
 1114    365     2.36950    -2.69261    16.61726
 1115    365     2.38488    -2.69261    16.61726
 1116    365     2.40027    -2.69261    16.61726
 1125    365     2.53875    -2.69261    16.61726
 1126    365     2.55413    -2.69261    16.61726
 1129    365     2.60029    -2.69261    16.61726
 1130    365     2.61568    -2.69261    16.61726
 1143    365     2.81570    -2.69261    16.61726
 1144    365     2.83109    -2.69261    16.61726
 1147    365     2.87725    -2.69261    16.61726
 1148    365     2.89263    -2.69261    16.61726
 1149    365     2.90802    -2.69261    16.61726
 1682    365    11.10894    -2.69261    16.61726
 1683    365    11.12433    -2.69261    16.61726
 1684    365    11.13972    -2.69261    16.61726
 1685    365    11.15510    -2.69261    16.61726
 1686    365    11.17049    -2.69261    16.61726
 1687    365    11.18588    -2.69261    16.61726
 1688    365    11.20126    -2.69261    16.61726
 1689    365    11.21665    -2.69261    16.61726
 1690    365    11.23203    -2.69261    16.61726
 1691    365    11.24742    -2.69261    16.61726
 1694    365    11.29358    -2.69261    16.61726
 1695    365    11.30897    -2.69261    16.61726
 1696    365    11.32435    -2.69261    16.61726
 1697    365    11.33974    -2.69261    16.61726
 1698    365    11.35513    -2.69261    16.61726
 1699    365    11.37051    -2.69261    16.61726
 1700    365    11.38590    -2.69261    16.61726
 1701    365    11.40128    -2.69261    16.61726
 1702    365    11.41667    -2.69261    16.61726
 1703    365    11.43206    -2.69261    16.61726
  634    366    -4.97248    -2.65402    16.47324
  635    366    -4.95723    -2.65402    16.47324
  636    366    -4.94197    -2.65402    16.47324
  637    366    -4.92672    -2.65402    16.47324
  638    366    -4.91147    -2.65402    16.47324
  643    366    -4.83520    -2.65402    16.47324
  644    366    -4.81995    -2.65402    16.47324
  645    366    -4.80470    -2.65402    16.47324
 1092    366     2.01340    -2.65402    16.47324
 1093    366     2.02865    -2.65402    16.47324
 1094    366     2.04390    -2.65402    16.47324
 1096    366     2.07441    -2.65402    16.47324
 1097    366     2.08966    -2.65402    16.47324
 1098    366     2.10491    -2.65402    16.47324
 1111    366     2.30320    -2.65402    16.47324
 1112    366     2.31846    -2.65402    16.47324
 1115    366     2.36422    -2.65402    16.47324
 1116    366     2.37947    -2.65402    16.47324
 1126    366     2.53200    -2.65402    16.47324
 1127    366     2.54725    -2.65402    16.47324
 1130    366     2.59301    -2.65402    16.47324
 1131    366     2.60826    -2.65402    16.47324
 1144    366     2.80655    -2.65402    16.47324
 1145    366     2.82181    -2.65402    16.47324
 1148    366     2.86756    -2.65402    16.47324
 1149    366     2.88282    -2.65402    16.47324
 1150    366     2.89807    -2.65402    16.47324
 1685    366    11.05843    -2.65402    16.47324
 1686    366    11.07368    -2.65402    16.47324
 1687    366    11.08893    -2.65402    16.47324
 1688    366    11.10418    -2.65402    16.47324
 1689    366    11.11944    -2.65402    16.47324
 1690    366    11.13469    -2.65402    16.47324
 1691    366    11.14994    -2.65402    16.47324
 1692    366    11.16520    -2.65402    16.47324
 1693    366    11.18045    -2.65402    16.47324
 1697    366    11.24146    -2.65402    16.47324
 1698    366    11.25671    -2.65402    16.47324
 1699    366    11.27197    -2.65402    16.47324
 1700    366    11.28722    -2.65402    16.47324
 1701    366    11.30247    -2.65402    16.47324
 1702    366    11.31773    -2.65402    16.47324
 1703    366    11.33298    -2.65402    16.47324
 1704    366    11.34823    -2.65402    16.47324
 1705    366    11.36349    -2.65402    16.47324
 1706    366    11.37874    -2.65402    16.47324
 1707    366    11.39399    -2.65402    16.47324
  631    367    -4.97512    -2.61610    16.33170
  632    367    -4.96000    -2.61610    16.33170
  633    367    -4.94488    -2.61610    16.33170
  634    367    -4.92975    -2.61610    16.33170
  635    367    -4.91463    -2.61610    16.33170
  636    367    -4.89951    -2.61610    16.33170
  637    367    -4.88439    -2.61610    16.33170
  638    367    -4.86927    -2.61610    16.33170
  639    367    -4.85414    -2.61610    16.33170
  640    367    -4.83902    -2.61610    16.33170
  641    367    -4.82390    -2.61610    16.33170
  642    367    -4.80878    -2.61610    16.33170
  643    367    -4.79366    -2.61610    16.33170
  644    367    -4.77853    -2.61610    16.33170
  645    367    -4.76341    -2.61610    16.33170
  646    367    -4.74829    -2.61610    16.33170
 1093    367     2.01122    -2.61610    16.33170
 1094    367     2.02634    -2.61610    16.33170
 1097    367     2.07171    -2.61610    16.33170
 1098    367     2.08683    -2.61610    16.33170
 1099    367     2.10195    -2.61610    16.33170
 1111    367     2.28341    -2.61610    16.33170
 1112    367     2.29854    -2.61610    16.33170
 1113    367     2.31366    -2.61610    16.33170
 1116    367     2.35902    -2.61610    16.33170
 1126    367     2.51024    -2.61610    16.33170
 1127    367     2.52536    -2.61610    16.33170
 1128    367     2.54049    -2.61610    16.33170
 1130    367     2.57073    -2.61610    16.33170
 1131    367     2.58585    -2.61610    16.33170
 1132    367     2.60097    -2.61610    16.33170
 1145    367     2.79756    -2.61610    16.33170
 1146    367     2.81268    -2.61610    16.33170
 1149    367     2.85805    -2.61610    16.33170
 1150    367     2.87317    -2.61610    16.33170
 1151    367     2.88829    -2.61610    16.33170
 1688    367    11.00878    -2.61610    16.33170
 1689    367    11.02390    -2.61610    16.33170
 1690    367    11.03902    -2.61610    16.33170
 1691    367    11.05414    -2.61610    16.33170
 1692    367    11.06926    -2.61610    16.33170
 1693    367    11.08439    -2.61610    16.33170
 1694    367    11.09951    -2.61610    16.33170
 1695    367    11.11463    -2.61610    16.33170
 1696    367    11.12975    -2.61610    16.33170
 1697    367    11.14487    -2.61610    16.33170
 1700    367    11.19024    -2.61610    16.33170
 1701    367    11.20536    -2.61610    16.33170
 1702    367    11.22048    -2.61610    16.33170
 1703    367    11.23561    -2.61610    16.33170
 1704    367    11.25073    -2.61610    16.33170
 1705    367    11.26585    -2.61610    16.33170
 1706    367    11.28097    -2.61610    16.33170
 1707    367    11.29609    -2.61610    16.33170
 1708    367    11.31121    -2.61610    16.33170
 1709    367    11.32634    -2.61610    16.33170
  630    368    -4.94773    -2.57882    16.19257
  631    368    -4.93274    -2.57882    16.19257
  632    368    -4.91774    -2.57882    16.19257
  633    368    -4.90275    -2.57882    16.19257
  634    368    -4.88776    -2.57882    16.19257
  635    368    -4.87276    -2.57882    16.19257
  636    368    -4.85777    -2.57882    16.19257
  637    368    -4.84278    -2.57882    16.19257
  638    368    -4.82779    -2.57882    16.19257
  639    368    -4.81279    -2.57882    16.19257
  640    368    -4.79780    -2.57882    16.19257
  641    368    -4.78281    -2.57882    16.19257
  642    368    -4.76781    -2.57882    16.19257
  643    368    -4.75282    -2.57882    16.19257
  645    368    -4.72283    -2.57882    16.19257
  646    368    -4.70784    -2.57882    16.19257
  647    368    -4.69285    -2.57882    16.19257
 1093    368     1.99409    -2.57882    16.19257
 1094    368     2.00908    -2.57882    16.19257
 1095    368     2.02407    -2.57882    16.19257
 1098    368     2.06905    -2.57882    16.19257
 1099    368     2.08404    -2.57882    16.19257
 1112    368     2.27895    -2.57882    16.19257
 1113    368     2.29395    -2.57882    16.19257
 1114    368     2.30894    -2.57882    16.19257
 1127    368     2.50385    -2.57882    16.19257
 1128    368     2.51884    -2.57882    16.19257
 1131    368     2.56382    -2.57882    16.19257
 1132    368     2.57882    -2.57882    16.19257
 1146    368     2.78872    -2.57882    16.19257
 1147    368     2.80371    -2.57882    16.19257
 1150    368     2.84869    -2.57882    16.19257
 1151    368     2.86369    -2.57882    16.19257
 1152    368     2.87868    -2.57882    16.19257
 1691    368    10.95997    -2.57882    16.19257
 1692    368    10.97497    -2.57882    16.19257
 1693    368    10.98996    -2.57882    16.19257
 1694    368    11.00495    -2.57882    16.19257
 1695    368    11.01994    -2.57882    16.19257
 1696    368    11.03494    -2.57882    16.19257
 1697    368    11.04993    -2.57882    16.19257
 1698    368    11.06492    -2.57882    16.19257
 1699    368    11.07992    -2.57882    16.19257
 1700    368    11.09491    -2.57882    16.19257
 1702    368    11.12490    -2.57882    16.19257
 1703    368    11.13989    -2.57882    16.19257
 1704    368    11.15488    -2.57882    16.19257
 1705    368    11.16988    -2.57882    16.19257
 1706    368    11.18487    -2.57882    16.19257
 1707    368    11.19986    -2.57882    16.19257
 1708    368    11.21486    -2.57882    16.19257
 1709    368    11.22985    -2.57882    16.19257
 1710    368    11.24484    -2.57882    16.19257
 1711    368    11.25983    -2.57882    16.19257
  629    369    -4.92080    -2.54217    16.05579
  630    369    -4.90594    -2.54217    16.05579
  631    369    -4.89107    -2.54217    16.05579
  632    369    -4.87620    -2.54217    16.05579
  633    369    -4.86134    -2.54217    16.05579
  634    369    -4.84647    -2.54217    16.05579
  635    369    -4.83160    -2.54217    16.05579
  636    369    -4.81674    -2.54217    16.05579
  637    369    -4.80187    -2.54217    16.05579
  638    369    -4.78700    -2.54217    16.05579
  639    369    -4.77214    -2.54217    16.05579
  640    369    -4.75727    -2.54217    16.05579
  641    369    -4.74241    -2.54217    16.05579
  645    369    -4.68294    -2.54217    16.05579
  646    369    -4.66807    -2.54217    16.05579
  647    369    -4.65321    -2.54217    16.05579
 1094    369     1.99211    -2.54217    16.05579
 1095    369     2.00697    -2.54217    16.05579
 1096    369     2.02184    -2.54217    16.05579
 1098    369     2.05157    -2.54217    16.05579
 1099    369     2.06644    -2.54217    16.05579
 1100    369     2.08131    -2.54217    16.05579
 1113    369     2.27457    -2.54217    16.05579
 1114    369     2.28944    -2.54217    16.05579
 1127    369     2.48270    -2.54217    16.05579
 1128    369     2.49757    -2.54217    16.05579
 1129    369     2.51243    -2.54217    16.05579
 1132    369     2.55703    -2.54217    16.05579
 1146    369     2.76516    -2.54217    16.05579
 1147    369     2.78003    -2.54217    16.05579
 1148    369     2.79490    -2.54217    16.05579
 1151    369     2.83950    -2.54217    16.05579
 1152    369     2.85436    -2.54217    16.05579
 1153    369     2.86923    -2.54217    16.05579
 1694    369    10.91199    -2.54217    16.05579
 1695    369    10.92686    -2.54217    16.05579
 1696    369    10.94173    -2.54217    16.05579
 1697    369    10.95659    -2.54217    16.05579
 1698    369    10.97146    -2.54217    16.05579
 1699    369    10.98632    -2.54217    16.05579
 1700    369    11.00119    -2.54217    16.05579
 1701    369    11.01606    -2.54217    16.05579
 1702    369    11.03092    -2.54217    16.05579
 1703    369    11.04579    -2.54217    16.05579
 1706    369    11.09039    -2.54217    16.05579
 1707    369    11.10526    -2.54217    16.05579
 1708    369    11.12012    -2.54217    16.05579
 1709    369    11.13499    -2.54217    16.05579
 1710    369    11.14986    -2.54217    16.05579
 1711    369    11.16472    -2.54217    16.05579
 1712    369    11.17959    -2.54217    16.05579
 1713    369    11.19446    -2.54217    16.05579
 1714    369    11.20932    -2.54217    16.05579
  628    370    -4.89433    -2.50613    15.92131
  629    370    -4.87959    -2.50613    15.92131
  630    370    -4.86484    -2.50613    15.92131
  631    370    -4.85010    -2.50613    15.92131
  632    370    -4.83536    -2.50613    15.92131
  634    370    -4.80588    -2.50613    15.92131
  635    370    -4.79113    -2.50613    15.92131
  636    370    -4.77639    -2.50613    15.92131
  637    370    -4.76165    -2.50613    15.92131
  638    370    -4.74691    -2.50613    15.92131
  639    370    -4.73217    -2.50613    15.92131
  640    370    -4.71742    -2.50613    15.92131
  641    370    -4.70268    -2.50613    15.92131
  644    370    -4.65846    -2.50613    15.92131
  645    370    -4.64371    -2.50613    15.92131
  646    370    -4.62897    -2.50613    15.92131
 1095    370     1.99016    -2.50613    15.92131
 1096    370     2.00491    -2.50613    15.92131
 1097    370     2.01965    -2.50613    15.92131
 1099    370     2.04913    -2.50613    15.92131
 1100    370     2.06387    -2.50613    15.92131
 1101    370     2.07861    -2.50613    15.92131
 1128    370     2.47665    -2.50613    15.92131
 1129    370     2.49139    -2.50613    15.92131
 1130    370     2.50613    -2.50613    15.92131
 1133    370     2.55036    -2.50613    15.92131
 1147    370     2.75674    -2.50613    15.92131
 1148    370     2.77149    -2.50613    15.92131
 1149    370     2.78623    -2.50613    15.92131
 1152    370     2.83045    -2.50613    15.92131
 1153    370     2.84520    -2.50613    15.92131
 1697    370    10.86482    -2.50613    15.92131
 1698    370    10.87956    -2.50613    15.92131
 1699    370    10.89430    -2.50613    15.92131
 1700    370    10.90904    -2.50613    15.92131
 1701    370    10.92378    -2.50613    15.92131
 1702    370    10.93853    -2.50613    15.92131
 1703    370    10.95327    -2.50613    15.92131
 1704    370    10.96801    -2.50613    15.92131
 1705    370    10.98275    -2.50613    15.92131
 1706    370    10.99749    -2.50613    15.92131
 1708    370    11.02698    -2.50613    15.92131
 1709    370    11.04172    -2.50613    15.92131
 1710    370    11.05646    -2.50613    15.92131
 1711    370    11.07120    -2.50613    15.92131
 1712    370    11.08595    -2.50613    15.92131
 1713    370    11.10069    -2.50613    15.92131
 1714    370    11.11543    -2.50613    15.92131
 1715    370    11.13017    -2.50613    15.92131
 1716    370    11.14491    -2.50613    15.92131
 1717    370    11.15966    -2.50613    15.92131
 1718    370    11.17440    -2.50613    15.92131
  628    371    -4.85367    -2.47069    15.78905
  629    371    -4.83905    -2.47069    15.78905
  630    371    -4.82443    -2.47069    15.78905
  631    371    -4.80981    -2.47069    15.78905
  632    371    -4.79519    -2.47069    15.78905
  633    371    -4.78057    -2.47069    15.78905
  634    371    -4.76595    -2.47069    15.78905
  635    371    -4.75134    -2.47069    15.78905
  636    371    -4.73672    -2.47069    15.78905
  638    371    -4.70748    -2.47069    15.78905
  639    371    -4.69286    -2.47069    15.78905
  640    371    -4.67824    -2.47069    15.78905
  641    371    -4.66362    -2.47069    15.78905
  642    371    -4.64900    -2.47069    15.78905
  643    371    -4.63438    -2.47069    15.78905
  644    371    -4.61976    -2.47069    15.78905
  645    371    -4.60514    -2.47069    15.78905
 1096    371     1.98825    -2.47069    15.78905
 1097    371     2.00287    -2.47069    15.78905
 1100    371     2.04673    -2.47069    15.78905
 1101    371     2.06135    -2.47069    15.78905
 1119    371     2.32450    -2.47069    15.78905
 1129    371     2.47069    -2.47069    15.78905
 1130    371     2.48531    -2.47069    15.78905
 1134    371     2.54379    -2.47069    15.78905
 1148    371     2.74846    -2.47069    15.78905
 1149    371     2.76308    -2.47069    15.78905
 1150    371     2.77770    -2.47069    15.78905
 1153    371     2.82156    -2.47069    15.78905
 1154    371     2.83618    -2.47069    15.78905
 1700    371    10.81842    -2.47069    15.78905
 1701    371    10.83304    -2.47069    15.78905
 1702    371    10.84766    -2.47069    15.78905
 1703    371    10.86228    -2.47069    15.78905
 1704    371    10.87690    -2.47069    15.78905
 1705    371    10.89152    -2.47069    15.78905
 1706    371    10.90614    -2.47069    15.78905
 1707    371    10.92076    -2.47069    15.78905
 1708    371    10.93538    -2.47069    15.78905
 1711    371    10.97924    -2.47069    15.78905
 1712    371    10.99386    -2.47069    15.78905
 1713    371    11.00848    -2.47069    15.78905
 1714    371    11.02310    -2.47069    15.78905
 1715    371    11.03772    -2.47069    15.78905
 1716    371    11.05234    -2.47069    15.78905
 1717    371    11.06696    -2.47069    15.78905
 1718    371    11.08158    -2.47069    15.78905
 1719    371    11.09620    -2.47069    15.78905
 1720    371    11.11081    -2.47069    15.78905
  628    372    -4.81369    -2.43584    15.65898
  629    372    -4.79919    -2.43584    15.65898
  630    372    -4.78469    -2.43584    15.65898
  631    372    -4.77019    -2.43584    15.65898
  632    372    -4.75569    -2.43584    15.65898
  633    372    -4.74119    -2.43584    15.65898
  634    372    -4.72669    -2.43584    15.65898
  635    372    -4.71219    -2.43584    15.65898
  636    372    -4.69769    -2.43584    15.65898
  638    372    -4.66870    -2.43584    15.65898
  639    372    -4.65420    -2.43584    15.65898
  640    372    -4.63970    -2.43584    15.65898
  641    372    -4.62520    -2.43584    15.65898
  642    372    -4.61070    -2.43584    15.65898
  643    372    -4.59620    -2.43584    15.65898
 1096    372     1.97187    -2.43584    15.65898
 1097    372     1.98637    -2.43584    15.65898
 1098    372     2.00087    -2.43584    15.65898
 1101    372     2.04437    -2.43584    15.65898
 1102    372     2.05887    -2.43584    15.65898
 1120    372     2.31985    -2.43584    15.65898
 1131    372     2.47934    -2.43584    15.65898
 1135    372     2.53733    -2.43584    15.65898
 1149    372     2.74032    -2.43584    15.65898
 1150    372     2.75482    -2.43584    15.65898
 1151    372     2.76932    -2.43584    15.65898
 1154    372     2.81282    -2.43584    15.65898
 1155    372     2.82732    -2.43584    15.65898
 1156    372     2.84181    -2.43584    15.65898
 1702    372    10.75830    -2.43584    15.65898
 1703    372    10.77280    -2.43584    15.65898
 1704    372    10.78730    -2.43584    15.65898
 1705    372    10.80180    -2.43584    15.65898
 1706    372    10.81629    -2.43584    15.65898
 1707    372    10.83079    -2.43584    15.65898
 1708    372    10.84529    -2.43584    15.65898
 1709    372    10.85979    -2.43584    15.65898
 1710    372    10.87429    -2.43584    15.65898
 1711    372    10.88879    -2.43584    15.65898
 1714    372    10.93229    -2.43584    15.65898
 1715    372    10.94679    -2.43584    15.65898
 1716    372    10.96128    -2.43584    15.65898
 1717    372    10.97578    -2.43584    15.65898
 1718    372    10.99028    -2.43584    15.65898
 1719    372    11.00478    -2.43584    15.65898
 1720    372    11.01928    -2.43584    15.65898
 1721    372    11.03378    -2.43584    15.65898
 1722    372    11.04828    -2.43584    15.65898
 1723    372    11.06278    -2.43584    15.65898
  630    373    -4.74559    -2.40156    15.53103
  631    373    -4.73121    -2.40156    15.53103
  632    373    -4.71683    -2.40156    15.53103
  633    373    -4.70245    -2.40156    15.53103
  634    373    -4.68807    -2.40156    15.53103
  635    373    -4.67369    -2.40156    15.53103
  636    373    -4.65931    -2.40156    15.53103
  638    373    -4.63055    -2.40156    15.53103
  639    373    -4.61617    -2.40156    15.53103
  640    373    -4.60179    -2.40156    15.53103
  641    373    -4.58741    -2.40156    15.53103
  642    373    -4.57303    -2.40156    15.53103
  643    373    -4.55864    -2.40156    15.53103
 1097    373     1.97014    -2.40156    15.53103
 1098    373     1.98452    -2.40156    15.53103
 1099    373     1.99890    -2.40156    15.53103
 1102    373     2.04204    -2.40156    15.53103
 1117    373     2.25775    -2.40156    15.53103
 1121    373     2.31527    -2.40156    15.53103
 1122    373     2.32965    -2.40156    15.53103
 1132    373     2.47346    -2.40156    15.53103
 1136    373     2.53098    -2.40156    15.53103
 1150    373     2.73231    -2.40156    15.53103
 1151    373     2.74669    -2.40156    15.53103
 1155    373     2.80421    -2.40156    15.53103
 1156    373     2.81859    -2.40156    15.53103
 1157    373     2.83297    -2.40156    15.53103
 1705    373    10.71353    -2.40156    15.53103
 1706    373    10.72792    -2.40156    15.53103
 1707    373    10.74230    -2.40156    15.53103
 1708    373    10.75668    -2.40156    15.53103
 1709    373    10.77106    -2.40156    15.53103
 1710    373    10.78544    -2.40156    15.53103
 1711    373    10.79982    -2.40156    15.53103
 1712    373    10.81420    -2.40156    15.53103
 1713    373    10.82858    -2.40156    15.53103
 1714    373    10.84296    -2.40156    15.53103
 1717    373    10.88610    -2.40156    15.53103
 1718    373    10.90048    -2.40156    15.53103
 1719    373    10.91486    -2.40156    15.53103
 1720    373    10.92924    -2.40156    15.53103
 1721    373    10.94362    -2.40156    15.53103
 1722    373    10.95800    -2.40156    15.53103
 1723    373    10.97238    -2.40156    15.53103
 1724    373    10.98677    -2.40156    15.53103
 1725    373    11.00115    -2.40156    15.53103
 1726    373    11.01553    -2.40156    15.53103
 1727    373    11.02991    -2.40156    15.53103
 1728    373    11.04429    -2.40156    15.53103
 1729    373    11.05867    -2.40156    15.53103
  630    374    -4.70713    -2.36783    15.40516
  631    374    -4.69287    -2.36783    15.40516
  632    374    -4.67860    -2.36783    15.40516
  633    374    -4.66434    -2.36783    15.40516
  634    374    -4.65007    -2.36783    15.40516
  635    374    -4.63581    -2.36783    15.40516
  638    374    -4.59302    -2.36783    15.40516
  639    374    -4.57875    -2.36783    15.40516
  640    374    -4.56449    -2.36783    15.40516
  641    374    -4.55023    -2.36783    15.40516
  642    374    -4.53596    -2.36783    15.40516
  643    374    -4.52170    -2.36783    15.40516
 1098    374     1.96844    -2.36783    15.40516
 1099    374     1.98270    -2.36783    15.40516
 1103    374     2.03976    -2.36783    15.40516
 1104    374     2.05402    -2.36783    15.40516
 1118    374     2.25372    -2.36783    15.40516
 1122    374     2.31077    -2.36783    15.40516
 1123    374     2.32504    -2.36783    15.40516
 1124    374     2.33930    -2.36783    15.40516
 1133    374     2.46768    -2.36783    15.40516
 1137    374     2.52473    -2.36783    15.40516
 1151    374     2.72443    -2.36783    15.40516
 1152    374     2.73869    -2.36783    15.40516
 1153    374     2.75296    -2.36783    15.40516
 1155    374     2.78149    -2.36783    15.40516
 1156    374     2.79575    -2.36783    15.40516
 1157    374     2.81001    -2.36783    15.40516
 1158    374     2.82428    -2.36783    15.40516
 1708    374    10.66950    -2.36783    15.40516
 1709    374    10.68376    -2.36783    15.40516
 1710    374    10.69802    -2.36783    15.40516
 1711    374    10.71229    -2.36783    15.40516
 1712    374    10.72655    -2.36783    15.40516
 1713    374    10.74082    -2.36783    15.40516
 1714    374    10.75508    -2.36783    15.40516
 1715    374    10.76934    -2.36783    15.40516
 1716    374    10.78361    -2.36783    15.40516
 1717    374    10.79787    -2.36783    15.40516
 1720    374    10.84066    -2.36783    15.40516
 1721    374    10.85493    -2.36783    15.40516
 1722    374    10.86919    -2.36783    15.40516
 1723    374    10.88346    -2.36783    15.40516
 1724    374    10.89772    -2.36783    15.40516
 1725    374    10.91199    -2.36783    15.40516
 1726    374    10.92625    -2.36783    15.40516
 1727    374    10.94051    -2.36783    15.40516
 1728    374    10.95478    -2.36783    15.40516
 1729    374    10.96904    -2.36783    15.40516
 1730    374    10.98331    -2.36783    15.40516
  629    375    -4.68344    -2.33464    15.28130
  630    375    -4.66929    -2.33464    15.28130
  631    375    -4.65514    -2.33464    15.28130
  632    375    -4.64099    -2.33464    15.28130
  633    375    -4.62684    -2.33464    15.28130
  634    375    -4.61269    -2.33464    15.28130
  637    375    -4.57024    -2.33464    15.28130
  638    375    -4.55609    -2.33464    15.28130
  639    375    -4.54194    -2.33464    15.28130
  640    375    -4.52779    -2.33464    15.28130
  641    375    -4.51364    -2.33464    15.28130
  642    375    -4.49950    -2.33464    15.28130
 1100    375     1.98091    -2.33464    15.28130
 1103    375     2.02336    -2.33464    15.28130
 1104    375     2.03751    -2.33464    15.28130
 1105    375     2.05166    -2.33464    15.28130
 1119    375     2.24975    -2.33464    15.28130
 1122    375     2.29220    -2.33464    15.28130
 1123    375     2.30635    -2.33464    15.28130
 1124    375     2.32049    -2.33464    15.28130
 1134    375     2.46199    -2.33464    15.28130
 1138    375     2.51859    -2.33464    15.28130
 1152    375     2.71668    -2.33464    15.28130
 1153    375     2.73083    -2.33464    15.28130
 1154    375     2.74498    -2.33464    15.28130
 1157    375     2.78742    -2.33464    15.28130
 1158    375     2.80157    -2.33464    15.28130
 1159    375     2.81572    -2.33464    15.28130
 1711    375    10.62617    -2.33464    15.28130
 1712    375    10.64032    -2.33464    15.28130
 1713    375    10.65447    -2.33464    15.28130
 1714    375    10.66861    -2.33464    15.28130
 1715    375    10.68276    -2.33464    15.28130
 1716    375    10.69691    -2.33464    15.28130
 1717    375    10.71106    -2.33464    15.28130
 1718    375    10.72521    -2.33464    15.28130
 1719    375    10.73936    -2.33464    15.28130
 1722    375    10.78181    -2.33464    15.28130
 1723    375    10.79596    -2.33464    15.28130
 1724    375    10.81011    -2.33464    15.28130
 1725    375    10.82426    -2.33464    15.28130
 1726    375    10.83841    -2.33464    15.28130
 1727    375    10.85256    -2.33464    15.28130
 1728    375    10.86671    -2.33464    15.28130
 1729    375    10.88086    -2.33464    15.28130
 1730    375    10.89500    -2.33464    15.28130
 1731    375    10.90915    -2.33464    15.28130
 1732    375    10.92330    -2.33464    15.28130
 1733    375    10.93745    -2.33464    15.28130
 1734    375    10.95160    -2.33464    15.28130
 1735    375    10.96575    -2.33464    15.28130
 1736    375    10.97990    -2.33464    15.28130
  628    376    -4.66012    -2.30199    15.15943
  629    376    -4.64608    -2.30199    15.15943
  630    376    -4.63205    -2.30199    15.15943
  631    376    -4.61801    -2.30199    15.15943
  632    376    -4.60398    -2.30199    15.15943
  633    376    -4.58994    -2.30199    15.15943
  634    376    -4.57590    -2.30199    15.15943
  637    376    -4.53379    -2.30199    15.15943
  638    376    -4.51976    -2.30199    15.15943
  639    376    -4.50572    -2.30199    15.15943
  640    376    -4.49168    -2.30199    15.15943
  641    376    -4.47765    -2.30199    15.15943
  642    376    -4.46361    -2.30199    15.15943
 1100    376     1.96511    -2.30199    15.15943
 1101    376     1.97915    -2.30199    15.15943
 1104    376     2.02126    -2.30199    15.15943
 1105    376     2.03529    -2.30199    15.15943
 1106    376     2.04933    -2.30199    15.15943
 1119    376     2.23180    -2.30199    15.15943
 1120    376     2.24584    -2.30199    15.15943
 1121    376     2.25988    -2.30199    15.15943
 1123    376     2.28795    -2.30199    15.15943
 1124    376     2.30199    -2.30199    15.15943
 1125    376     2.31602    -2.30199    15.15943
 1135    376     2.45639    -2.30199    15.15943
 1139    376     2.51254    -2.30199    15.15943
 1153    376     2.70905    -2.30199    15.15943
 1154    376     2.72308    -2.30199    15.15943
 1155    376     2.73712    -2.30199    15.15943
 1158    376     2.77923    -2.30199    15.15943
 1159    376     2.79327    -2.30199    15.15943
 1160    376     2.80730    -2.30199    15.15943
 1714    376    10.58353    -2.30199    15.15943
 1715    376    10.59756    -2.30199    15.15943
 1716    376    10.61160    -2.30199    15.15943
 1717    376    10.62564    -2.30199    15.15943
 1718    376    10.63967    -2.30199    15.15943
 1719    376    10.65371    -2.30199    15.15943
 1720    376    10.66775    -2.30199    15.15943
 1721    376    10.68178    -2.30199    15.15943
 1722    376    10.69582    -2.30199    15.15943
 1725    376    10.73793    -2.30199    15.15943
 1726    376    10.75197    -2.30199    15.15943
 1727    376    10.76600    -2.30199    15.15943
 1728    376    10.78004    -2.30199    15.15943
 1729    376    10.79408    -2.30199    15.15943
 1730    376    10.80811    -2.30199    15.15943
 1731    376    10.82215    -2.30199    15.15943
 1732    376    10.83619    -2.30199    15.15943
 1733    376    10.85022    -2.30199    15.15943
 1734    376    10.86426    -2.30199    15.15943
 1735    376    10.87829    -2.30199    15.15943
 1736    376    10.89233    -2.30199    15.15943
 1737    376    10.90637    -2.30199    15.15943
  623    377    -4.69288    -2.26985    15.03948
  624    377    -4.67895    -2.26985    15.03948
  627    377    -4.63717    -2.26985    15.03948
  628    377    -4.62325    -2.26985    15.03948
  629    377    -4.60932    -2.26985    15.03948
  630    377    -4.59540    -2.26985    15.03948
  631    377    -4.58147    -2.26985    15.03948
  632    377    -4.56755    -2.26985    15.03948
  633    377    -4.55362    -2.26985    15.03948
  636    377    -4.51185    -2.26985    15.03948
  637    377    -4.49792    -2.26985    15.03948
  638    377    -4.48399    -2.26985    15.03948
  639    377    -4.47007    -2.26985    15.03948
  640    377    -4.45614    -2.26985    15.03948
  641    377    -4.44222    -2.26985    15.03948
 1101    377     1.96349    -2.26985    15.03948
 1102    377     1.97741    -2.26985    15.03948
 1105    377     2.01919    -2.26985    15.03948
 1106    377     2.03312    -2.26985    15.03948
 1107    377     2.04704    -2.26985    15.03948
 1120    377     2.22807    -2.26985    15.03948
 1121    377     2.24200    -2.26985    15.03948
 1122    377     2.25592    -2.26985    15.03948
 1124    377     2.28377    -2.26985    15.03948
 1125    377     2.29770    -2.26985    15.03948
 1136    377     2.45088    -2.26985    15.03948
 1140    377     2.50658    -2.26985    15.03948
 1141    377     2.52051    -2.26985    15.03948
 1154    377     2.70154    -2.26985    15.03948
 1155    377     2.71546    -2.26985    15.03948
 1156    377     2.72939    -2.26985    15.03948
 1159    377     2.77116    -2.26985    15.03948
 1160    377     2.78509    -2.26985    15.03948
 1717    377    10.54156    -2.26985    15.03948
 1718    377    10.55549    -2.26985    15.03948
 1719    377    10.56941    -2.26985    15.03948
 1720    377    10.58334    -2.26985    15.03948
 1721    377    10.59727    -2.26985    15.03948
 1722    377    10.61119    -2.26985    15.03948
 1723    377    10.62512    -2.26985    15.03948
 1724    377    10.63904    -2.26985    15.03948
 1725    377    10.65297    -2.26985    15.03948
 1729    377    10.70867    -2.26985    15.03948
 1730    377    10.72259    -2.26985    15.03948
 1731    377    10.73652    -2.26985    15.03948
 1732    377    10.75045    -2.26985    15.03948
 1733    377    10.76437    -2.26985    15.03948
 1734    377    10.77830    -2.26985    15.03948
 1735    377    10.79222    -2.26985    15.03948
 1736    377    10.80615    -2.26985    15.03948
 1737    377    10.82007    -2.26985    15.03948
 1738    377    10.83400    -2.26985    15.03948
 1739    377    10.84792    -2.26985    15.03948
  627    378    -4.60077    -2.23821    14.92142
  628    378    -4.58696    -2.23821    14.92142
  629    378    -4.57314    -2.23821    14.92142
  630    378    -4.55932    -2.23821    14.92142
  631    378    -4.54551    -2.23821    14.92142
  632    378    -4.53169    -2.23821    14.92142
  633    378    -4.51787    -2.23821    14.92142
  635    378    -4.49024    -2.23821    14.92142
  636    378    -4.47643    -2.23821    14.92142
  637    378    -4.46261    -2.23821    14.92142
  638    378    -4.44879    -2.23821    14.92142
  639    378    -4.43498    -2.23821    14.92142
  640    378    -4.42116    -2.23821    14.92142
 1101    378     1.94807    -2.23821    14.92142
 1102    378     1.96189    -2.23821    14.92142
 1103    378     1.97571    -2.23821    14.92142
 1105    378     2.00334    -2.23821    14.92142
 1106    378     2.01716    -2.23821    14.92142
 1107    378     2.03097    -2.23821    14.92142
 1120    378     2.21058    -2.23821    14.92142
 1121    378     2.22440    -2.23821    14.92142
 1122    378     2.23821    -2.23821    14.92142
 1124    378     2.26585    -2.23821    14.92142
 1125    378     2.27966    -2.23821    14.92142
 1126    378     2.29348    -2.23821    14.92142
 1137    378     2.44546    -2.23821    14.92142
 1140    378     2.48690    -2.23821    14.92142
 1141    378     2.50072    -2.23821    14.92142
 1142    378     2.51454    -2.23821    14.92142
 1155    378     2.69415    -2.23821    14.92142
 1156    378     2.70796    -2.23821    14.92142
 1157    378     2.72178    -2.23821    14.92142
 1160    378     2.76323    -2.23821    14.92142
 1161    378     2.77704    -2.23821    14.92142
 1719    378    10.48644    -2.23821    14.92142
 1720    378    10.50026    -2.23821    14.92142
 1721    378    10.51408    -2.23821    14.92142
 1722    378    10.52789    -2.23821    14.92142
 1723    378    10.54171    -2.23821    14.92142
 1724    378    10.55552    -2.23821    14.92142
 1725    378    10.56934    -2.23821    14.92142
 1726    378    10.58316    -2.23821    14.92142
 1727    378    10.59697    -2.23821    14.92142
 1728    378    10.61079    -2.23821    14.92142
 1731    378    10.65224    -2.23821    14.92142
 1732    378    10.66605    -2.23821    14.92142
 1733    378    10.67987    -2.23821    14.92142
 1734    378    10.69368    -2.23821    14.92142
 1735    378    10.70750    -2.23821    14.92142
 1736    378    10.72132    -2.23821    14.92142
 1737    378    10.73513    -2.23821    14.92142
 1738    378    10.74895    -2.23821    14.92142
 1739    378    10.76277    -2.23821    14.92142
 1740    378    10.77658    -2.23821    14.92142
 1741    378    10.79040    -2.23821    14.92142
  627    379    -4.56494    -2.20707    14.80520
  628    379    -4.55123    -2.20707    14.80520
  629    379    -4.53752    -2.20707    14.80520
  630    379    -4.52381    -2.20707    14.80520
  631    379    -4.51010    -2.20707    14.80520
  632    379    -4.49639    -2.20707    14.80520
  635    379    -4.45527    -2.20707    14.80520
  636    379    -4.44156    -2.20707    14.80520
  637    379    -4.42785    -2.20707    14.80520
  638    379    -4.41414    -2.20707    14.80520
  639    379    -4.40043    -2.20707    14.80520
  640    379    -4.38672    -2.20707    14.80520
 1102    379     1.94661    -2.20707    14.80520
 1103    379     1.96032    -2.20707    14.80520
 1104    379     1.97403    -2.20707    14.80520
 1106    379     2.00144    -2.20707    14.80520
 1107    379     2.01515    -2.20707    14.80520
 1108    379     2.02886    -2.20707    14.80520
 1121    379     2.20707    -2.20707    14.80520
 1122    379     2.22078    -2.20707    14.80520
 1123    379     2.23449    -2.20707    14.80520
 1125    379     2.26191    -2.20707    14.80520
 1126    379     2.27561    -2.20707    14.80520
 1127    379     2.28932    -2.20707    14.80520
 1137    379     2.42641    -2.20707    14.80520
 1138    379     2.44012    -2.20707    14.80520
 1141    379     2.48124    -2.20707    14.80520
 1142    379     2.49495    -2.20707    14.80520
 1143    379     2.50866    -2.20707    14.80520
 1156    379     2.68687    -2.20707    14.80520
 1157    379     2.70058    -2.20707    14.80520
 1158    379     2.71429    -2.20707    14.80520
 1160    379     2.74170    -2.20707    14.80520
 1161    379     2.75541    -2.20707    14.80520
 1162    379     2.76912    -2.20707    14.80520
 1722    379    10.44589    -2.20707    14.80520
 1723    379    10.45960    -2.20707    14.80520
 1724    379    10.47331    -2.20707    14.80520
 1725    379    10.48701    -2.20707    14.80520
 1726    379    10.50072    -2.20707    14.80520
 1727    379    10.51443    -2.20707    14.80520
 1728    379    10.52814    -2.20707    14.80520
 1729    379    10.54185    -2.20707    14.80520
 1730    379    10.55556    -2.20707    14.80520
 1731    379    10.56927    -2.20707    14.80520
 1735    379    10.62410    -2.20707    14.80520
 1736    379    10.63781    -2.20707    14.80520
 1737    379    10.65152    -2.20707    14.80520
 1738    379    10.66523    -2.20707    14.80520
 1739    379    10.67893    -2.20707    14.80520
 1740    379    10.69264    -2.20707    14.80520
 1741    379    10.70635    -2.20707    14.80520
 1742    379    10.72006    -2.20707    14.80520
 1743    379    10.73377    -2.20707    14.80520
 1744    379    10.74748    -2.20707    14.80520
 1745    379    10.76118    -2.20707    14.80520
 1746    379    10.77489    -2.20707    14.80520
  627    380    -4.52965    -2.17641    14.69077
  628    380    -4.51605    -2.17641    14.69077
  629    380    -4.50245    -2.17641    14.69077
  630    380    -4.48885    -2.17641    14.69077
  631    380    -4.47524    -2.17641    14.69077
  634    380    -4.43444    -2.17641    14.69077
  635    380    -4.42083    -2.17641    14.69077
  636    380    -4.40723    -2.17641    14.69077
  637    380    -4.39363    -2.17641    14.69077
  638    380    -4.38003    -2.17641    14.69077
  639    380    -4.36642    -2.17641    14.69077
 1102    380     1.93156    -2.17641    14.69077
 1103    380     1.94517    -2.17641    14.69077
 1104    380     1.95877    -2.17641    14.69077
 1107    380     1.99958    -2.17641    14.69077
 1108    380     2.01318    -2.17641    14.69077
 1109    380     2.02678    -2.17641    14.69077
 1122    380     2.20362    -2.17641    14.69077
 1123    380     2.21722    -2.17641    14.69077
 1126    380     2.25803    -2.17641    14.69077
 1127    380     2.27163    -2.17641    14.69077
 1128    380     2.28523    -2.17641    14.69077
 1138    380     2.42126    -2.17641    14.69077
 1139    380     2.43486    -2.17641    14.69077
 1142    380     2.47567    -2.17641    14.69077
 1143    380     2.48927    -2.17641    14.69077
 1144    380     2.50287    -2.17641    14.69077
 1157    380     2.67971    -2.17641    14.69077
 1158    380     2.69331    -2.17641    14.69077
 1161    380     2.73412    -2.17641    14.69077
 1162    380     2.74772    -2.17641    14.69077
 1163    380     2.76132    -2.17641    14.69077
 1725    380    10.40596    -2.17641    14.69077
 1726    380    10.41956    -2.17641    14.69077
 1727    380    10.43317    -2.17641    14.69077
 1728    380    10.44677    -2.17641    14.69077
 1729    380    10.46037    -2.17641    14.69077
 1730    380    10.47397    -2.17641    14.69077
 1731    380    10.48758    -2.17641    14.69077
 1732    380    10.50118    -2.17641    14.69077
 1733    380    10.51478    -2.17641    14.69077
 1734    380    10.52838    -2.17641    14.69077
 1737    380    10.56919    -2.17641    14.69077
 1738    380    10.58279    -2.17641    14.69077
 1739    380    10.59640    -2.17641    14.69077
 1740    380    10.61000    -2.17641    14.69077
 1741    380    10.62360    -2.17641    14.69077
 1742    380    10.63721    -2.17641    14.69077
 1743    380    10.65081    -2.17641    14.69077
 1744    380    10.66441    -2.17641    14.69077
 1745    380    10.67801    -2.17641    14.69077
 1746    380    10.69162    -2.17641    14.69077
 1747    380    10.70522    -2.17641    14.69077
 1748    380    10.71882    -2.17641    14.69077
 1749    380    10.73242    -2.17641    14.69077
  625    381    -4.52191    -2.14622    14.57810
  626    381    -4.50841    -2.14622    14.57810
  627    381    -4.49491    -2.14622    14.57810
  628    381    -4.48142    -2.14622    14.57810
  629    381    -4.46792    -2.14622    14.57810
  630    381    -4.45442    -2.14622    14.57810
  631    381    -4.44092    -2.14622    14.57810
  633    381    -4.41392    -2.14622    14.57810
  634    381    -4.40043    -2.14622    14.57810
  635    381    -4.38693    -2.14622    14.57810
  636    381    -4.37343    -2.14622    14.57810
  637    381    -4.35993    -2.14622    14.57810
  638    381    -4.34643    -2.14622    14.57810
 1103    381     1.93025    -2.14622    14.57810
 1104    381     1.94375    -2.14622    14.57810
 1105    381     1.95724    -2.14622    14.57810
 1107    381     1.98424    -2.14622    14.57810
 1108    381     1.99774    -2.14622    14.57810
 1109    381     2.01124    -2.14622    14.57810
 1110    381     2.02474    -2.14622    14.57810
 1123    381     2.20021    -2.14622    14.57810
 1124    381     2.21371    -2.14622    14.57810
 1127    381     2.25421    -2.14622    14.57810
 1128    381     2.26770    -2.14622    14.57810
 1138    381     2.40269    -2.14622    14.57810
 1139    381     2.41618    -2.14622    14.57810
 1140    381     2.42968    -2.14622    14.57810
 1143    381     2.47018    -2.14622    14.57810
 1144    381     2.48368    -2.14622    14.57810
 1145    381     2.49717    -2.14622    14.57810
 1158    381     2.67265    -2.14622    14.57810
 1159    381     2.68615    -2.14622    14.57810
 1162    381     2.72664    -2.14622    14.57810
 1163    381     2.74014    -2.14622    14.57810
 1728    381    10.36665    -2.14622    14.57810
 1729    381    10.38015    -2.14622    14.57810
 1730    381    10.39364    -2.14622    14.57810
 1731    381    10.40714    -2.14622    14.57810
 1732    381    10.42064    -2.14622    14.57810
 1733    381    10.43414    -2.14622    14.57810
 1734    381    10.44764    -2.14622    14.57810
 1735    381    10.46113    -2.14622    14.57810
 1736    381    10.47463    -2.14622    14.57810
 1737    381    10.48813    -2.14622    14.57810
 1740    381    10.52863    -2.14622    14.57810
 1741    381    10.54212    -2.14622    14.57810
 1742    381    10.55562    -2.14622    14.57810
 1743    381    10.56912    -2.14622    14.57810
 1744    381    10.58262    -2.14622    14.57810
 1745    381    10.59612    -2.14622    14.57810
 1746    381    10.60962    -2.14622    14.57810
 1747    381    10.62311    -2.14622    14.57810
 1748    381    10.63661    -2.14622    14.57810
 1749    381    10.65011    -2.14622    14.57810
 1750    381    10.66361    -2.14622    14.57810
 1751    381    10.67711    -2.14622    14.57810
  623    382    -4.51428    -2.11649    14.46714
  624    382    -4.50089    -2.11649    14.46714
  625    382    -4.48749    -2.11649    14.46714
  626    382    -4.47410    -2.11649    14.46714
  627    382    -4.46070    -2.11649    14.46714
  628    382    -4.44731    -2.11649    14.46714
  629    382    -4.43391    -2.11649    14.46714
  630    382    -4.42052    -2.11649    14.46714
  632    382    -4.39372    -2.11649    14.46714
  633    382    -4.38033    -2.11649    14.46714
  634    382    -4.36693    -2.11649    14.46714
  635    382    -4.35354    -2.11649    14.46714
  636    382    -4.34014    -2.11649    14.46714
  637    382    -4.32675    -2.11649    14.46714
 1104    382     1.92895    -2.11649    14.46714
 1105    382     1.94235    -2.11649    14.46714
 1106    382     1.95574    -2.11649    14.46714
 1108    382     1.98253    -2.11649    14.46714
 1109    382     1.99593    -2.11649    14.46714
 1110    382     2.00933    -2.11649    14.46714
 1111    382     2.02272    -2.11649    14.46714
 1123    382     2.18347    -2.11649    14.46714
 1124    382     2.19686    -2.11649    14.46714
 1125    382     2.21026    -2.11649    14.46714
 1127    382     2.23705    -2.11649    14.46714
 1128    382     2.25044    -2.11649    14.46714
 1129    382     2.26384    -2.11649    14.46714
 1139    382     2.39779    -2.11649    14.46714
 1140    382     2.41119    -2.11649    14.46714
 1141    382     2.42459    -2.11649    14.46714
 1144    382     2.46477    -2.11649    14.46714
 1145    382     2.47817    -2.11649    14.46714
 1146    382     2.49156    -2.11649    14.46714
 1159    382     2.66570    -2.11649    14.46714
 1160    382     2.67910    -2.11649    14.46714
 1164    382     2.73268    -2.11649    14.46714
 1730    382    10.31454    -2.11649    14.46714
 1731    382    10.32793    -2.11649    14.46714
 1732    382    10.34133    -2.11649    14.46714
 1733    382    10.35472    -2.11649    14.46714
 1734    382    10.36812    -2.11649    14.46714
 1735    382    10.38151    -2.11649    14.46714
 1736    382    10.39491    -2.11649    14.46714
 1737    382    10.40830    -2.11649    14.46714
 1738    382    10.42170    -2.11649    14.46714
 1739    382    10.43509    -2.11649    14.46714
 1740    382    10.44849    -2.11649    14.46714
 1743    382    10.48868    -2.11649    14.46714
 1744    382    10.50207    -2.11649    14.46714
 1745    382    10.51547    -2.11649    14.46714
 1746    382    10.52886    -2.11649    14.46714
 1747    382    10.54226    -2.11649    14.46714
 1748    382    10.55565    -2.11649    14.46714
 1749    382    10.56905    -2.11649    14.46714
 1750    382    10.58245    -2.11649    14.46714
 1751    382    10.59584    -2.11649    14.46714
 1752    382    10.60924    -2.11649    14.46714
 1753    382    10.62263    -2.11649    14.46714
 1754    382    10.63603    -2.11649    14.46714
  623    383    -4.48018    -2.08721    14.35786
  624    383    -4.46689    -2.08721    14.35786
  625    383    -4.45360    -2.08721    14.35786
  626    383    -4.44030    -2.08721    14.35786
  627    383    -4.42701    -2.08721    14.35786
  628    383    -4.41371    -2.08721    14.35786
  629    383    -4.40042    -2.08721    14.35786
  632    383    -4.36054    -2.08721    14.35786
  633    383    -4.34724    -2.08721    14.35786
  634    383    -4.33395    -2.08721    14.35786
  635    383    -4.32065    -2.08721    14.35786
  636    383    -4.30736    -2.08721    14.35786
  637    383    -4.29406    -2.08721    14.35786
 1105    383     1.92768    -2.08721    14.35786
 1106    383     1.94097    -2.08721    14.35786
 1107    383     1.95426    -2.08721    14.35786
 1109    383     1.98085    -2.08721    14.35786
 1110    383     1.99415    -2.08721    14.35786
 1111    383     2.00744    -2.08721    14.35786
 1112    383     2.02074    -2.08721    14.35786
 1124    383     2.18027    -2.08721    14.35786
 1125    383     2.19356    -2.08721    14.35786
 1126    383     2.20686    -2.08721    14.35786
 1128    383     2.23344    -2.08721    14.35786
 1129    383     2.24674    -2.08721    14.35786
 1140    383     2.39298    -2.08721    14.35786
 1141    383     2.40627    -2.08721    14.35786
 1142    383     2.41957    -2.08721    14.35786
 1145    383     2.45945    -2.08721    14.35786
 1146    383     2.47274    -2.08721    14.35786
 1147    383     2.48604    -2.08721    14.35786
 1160    383     2.65886    -2.08721    14.35786
 1161    383     2.67216    -2.08721    14.35786
 1165    383     2.72533    -2.08721    14.35786
 1166    383     2.73863    -2.08721    14.35786
 1733    383    10.27651    -2.08721    14.35786
 1734    383    10.28980    -2.08721    14.35786
 1735    383    10.30309    -2.08721    14.35786
 1736    383    10.31639    -2.08721    14.35786
 1737    383    10.32968    -2.08721    14.35786
 1738    383    10.34298    -2.08721    14.35786
 1739    383    10.35627    -2.08721    14.35786
 1740    383    10.36957    -2.08721    14.35786
 1741    383    10.38286    -2.08721    14.35786
 1742    383    10.39615    -2.08721    14.35786
 1743    383    10.40945    -2.08721    14.35786
 1744    383    10.42274    -2.08721    14.35786
 1747    383    10.46263    -2.08721    14.35786
 1748    383    10.47592    -2.08721    14.35786
 1749    383    10.48921    -2.08721    14.35786
 1750    383    10.50251    -2.08721    14.35786
 1751    383    10.51580    -2.08721    14.35786
 1752    383    10.52910    -2.08721    14.35786
 1753    383    10.54239    -2.08721    14.35786
 1754    383    10.55569    -2.08721    14.35786
 1755    383    10.56898    -2.08721    14.35786
 1756    383    10.58227    -2.08721    14.35786
 1757    383    10.59557    -2.08721    14.35786
  622    384    -4.45979    -2.05836    14.25022
  623    384    -4.44660    -2.05836    14.25022
  624    384    -4.43340    -2.05836    14.25022
  625    384    -4.42021    -2.05836    14.25022
  626    384    -4.40701    -2.05836    14.25022
  627    384    -4.39382    -2.05836    14.25022
  628    384    -4.38062    -2.05836    14.25022
  629    384    -4.36743    -2.05836    14.25022
  631    384    -4.34104    -2.05836    14.25022
  632    384    -4.32784    -2.05836    14.25022
  633    384    -4.31465    -2.05836    14.25022
  634    384    -4.30145    -2.05836    14.25022
  635    384    -4.28826    -2.05836    14.25022
  636    384    -4.27507    -2.05836    14.25022
 1105    384     1.91322    -2.05836    14.25022
 1106    384     1.92642    -2.05836    14.25022
 1107    384     1.93961    -2.05836    14.25022
 1108    384     1.95281    -2.05836    14.25022
 1110    384     1.97920    -2.05836    14.25022
 1111    384     1.99239    -2.05836    14.25022
 1112    384     2.00559    -2.05836    14.25022
 1124    384     2.16392    -2.05836    14.25022
 1125    384     2.17712    -2.05836    14.25022
 1126    384     2.19031    -2.05836    14.25022
 1129    384     2.22990    -2.05836    14.25022
 1141    384     2.38823    -2.05836    14.25022
 1142    384     2.40143    -2.05836    14.25022
 1143    384     2.41462    -2.05836    14.25022
 1146    384     2.45420    -2.05836    14.25022
 1147    384     2.46740    -2.05836    14.25022
 1161    384     2.65212    -2.05836    14.25022
 1162    384     2.66532    -2.05836    14.25022
 1165    384     2.70490    -2.05836    14.25022
 1166    384     2.71810    -2.05836    14.25022
 1167    384     2.73129    -2.05836    14.25022
 1736    384    10.23905    -2.05836    14.25022
 1737    384    10.25224    -2.05836    14.25022
 1738    384    10.26543    -2.05836    14.25022
 1739    384    10.27863    -2.05836    14.25022
 1740    384    10.29182    -2.05836    14.25022
 1741    384    10.30502    -2.05836    14.25022
 1742    384    10.31821    -2.05836    14.25022
 1743    384    10.33141    -2.05836    14.25022
 1744    384    10.34460    -2.05836    14.25022
 1745    384    10.35780    -2.05836    14.25022
 1746    384    10.37099    -2.05836    14.25022
 1747    384    10.38419    -2.05836    14.25022
 1748    384    10.39738    -2.05836    14.25022
 1749    384    10.41058    -2.05836    14.25022
 1750    384    10.42377    -2.05836    14.25022
 1751    384    10.43696    -2.05836    14.25022
 1752    384    10.45016    -2.05836    14.25022
 1753    384    10.46335    -2.05836    14.25022
 1754    384    10.47655    -2.05836    14.25022
 1755    384    10.48974    -2.05836    14.25022
 1756    384    10.50294    -2.05836    14.25022
 1757    384    10.51613    -2.05836    14.25022
 1758    384    10.52933    -2.05836    14.25022
  621    385    -4.43970    -2.02995    14.14418
  622    385    -4.42660    -2.02995    14.14418
  623    385    -4.41351    -2.02995    14.14418
  624    385    -4.40041    -2.02995    14.14418
  625    385    -4.38731    -2.02995    14.14418
  626    385    -4.37422    -2.02995    14.14418
  627    385    -4.36112    -2.02995    14.14418
  630    385    -4.32183    -2.02995    14.14418
  631    385    -4.30874    -2.02995    14.14418
  632    385    -4.29564    -2.02995    14.14418
  633    385    -4.28254    -2.02995    14.14418
  634    385    -4.26945    -2.02995    14.14418
  635    385    -4.25635    -2.02995    14.14418
 1106    385     1.91208    -2.02995    14.14418
 1107    385     1.92518    -2.02995    14.14418
 1108    385     1.93828    -2.02995    14.14418
 1109    385     1.95137    -2.02995    14.14418
 1111    385     1.97757    -2.02995    14.14418
 1112    385     1.99066    -2.02995    14.14418
 1113    385     2.00376    -2.02995    14.14418
 1126    385     2.17401    -2.02995    14.14418
 1130    385     2.22640    -2.02995    14.14418
 1131    385     2.23949    -2.02995    14.14418
 1142    385     2.38356    -2.02995    14.14418
 1143    385     2.39665    -2.02995    14.14418
 1144    385     2.40975    -2.02995    14.14418
 1146    385     2.43594    -2.02995    14.14418
 1147    385     2.44904    -2.02995    14.14418
 1148    385     2.46213    -2.02995    14.14418
 1162    385     2.64549    -2.02995    14.14418
 1163    385     2.65858    -2.02995    14.14418
 1166    385     2.69787    -2.02995    14.14418
 1167    385     2.71097    -2.02995    14.14418
 1168    385     2.72406    -2.02995    14.14418
 1739    385    10.20214    -2.02995    14.14418
 1740    385    10.21524    -2.02995    14.14418
 1741    385    10.22834    -2.02995    14.14418
 1742    385    10.24143    -2.02995    14.14418
 1743    385    10.25453    -2.02995    14.14418
 1744    385    10.26762    -2.02995    14.14418
 1745    385    10.28072    -2.02995    14.14418
 1746    385    10.29382    -2.02995    14.14418
 1747    385    10.30691    -2.02995    14.14418
 1748    385    10.32001    -2.02995    14.14418
 1749    385    10.33311    -2.02995    14.14418
 1751    385    10.35930    -2.02995    14.14418
 1752    385    10.37240    -2.02995    14.14418
 1753    385    10.38549    -2.02995    14.14418
 1754    385    10.39859    -2.02995    14.14418
 1755    385    10.41169    -2.02995    14.14418
 1756    385    10.42478    -2.02995    14.14418
 1757    385    10.43788    -2.02995    14.14418
 1758    385    10.45098    -2.02995    14.14418
 1759    385    10.46407    -2.02995    14.14418
 1760    385    10.47717    -2.02995    14.14418
 1761    385    10.49026    -2.02995    14.14418
  620    386    -4.41991    -2.00196    14.03970
  621    386    -4.40691    -2.00196    14.03970
  622    386    -4.39391    -2.00196    14.03970
  623    386    -4.38091    -2.00196    14.03970
  624    386    -4.36791    -2.00196    14.03970
  625    386    -4.35491    -2.00196    14.03970
  626    386    -4.34191    -2.00196    14.03970
  629    386    -4.30291    -2.00196    14.03970
  630    386    -4.28991    -2.00196    14.03970
  631    386    -4.27691    -2.00196    14.03970
  632    386    -4.26391    -2.00196    14.03970
  633    386    -4.25091    -2.00196    14.03970
  634    386    -4.23791    -2.00196    14.03970
 1107    386     1.91096    -2.00196    14.03970
 1108    386     1.92396    -2.00196    14.03970
 1109    386     1.93696    -2.00196    14.03970
 1111    386     1.96296    -2.00196    14.03970
 1112    386     1.97596    -2.00196    14.03970
 1113    386     1.98896    -2.00196    14.03970
 1127    386     2.17095    -2.00196    14.03970
 1131    386     2.22295    -2.00196    14.03970
 1132    386     2.23595    -2.00196    14.03970
 1143    386     2.37895    -2.00196    14.03970
 1144    386     2.39195    -2.00196    14.03970
 1145    386     2.40495    -2.00196    14.03970
 1147    386     2.43095    -2.00196    14.03970
 1148    386     2.44395    -2.00196    14.03970
 1149    386     2.45695    -2.00196    14.03970
 1163    386     2.63894    -2.00196    14.03970
 1164    386     2.65194    -2.00196    14.03970
 1167    386     2.69094    -2.00196    14.03970
 1168    386     2.70394    -2.00196    14.03970
 1742    386    10.16579    -2.00196    14.03970
 1743    386    10.17879    -2.00196    14.03970
 1744    386    10.19178    -2.00196    14.03970
 1745    386    10.20478    -2.00196    14.03970
 1746    386    10.21778    -2.00196    14.03970
 1747    386    10.23078    -2.00196    14.03970
 1748    386    10.24378    -2.00196    14.03970
 1749    386    10.25678    -2.00196    14.03970
 1750    386    10.26978    -2.00196    14.03970
 1751    386    10.28278    -2.00196    14.03970
 1755    386    10.33478    -2.00196    14.03970
 1756    386    10.34778    -2.00196    14.03970
 1757    386    10.36078    -2.00196    14.03970
 1758    386    10.37378    -2.00196    14.03970
 1759    386    10.38678    -2.00196    14.03970
 1760    386    10.39978    -2.00196    14.03970
 1761    386    10.41278    -2.00196    14.03970
 1762    386    10.42578    -2.00196    14.03970
  618    387    -4.41331    -1.97437    13.93676
  619    387    -4.40040    -1.97437    13.93676
  620    387    -4.38750    -1.97437    13.93676
  621    387    -4.37459    -1.97437    13.93676
  622    387    -4.36169    -1.97437    13.93676
  623    387    -4.34879    -1.97437    13.93676
  624    387    -4.33588    -1.97437    13.93676
  625    387    -4.32298    -1.97437    13.93676
  628    387    -4.28426    -1.97437    13.93676
  629    387    -4.27136    -1.97437    13.93676
  630    387    -4.25846    -1.97437    13.93676
  631    387    -4.24555    -1.97437    13.93676
  632    387    -4.23265    -1.97437    13.93676
  633    387    -4.21974    -1.97437    13.93676
 1107    387     1.89695    -1.97437    13.93676
 1108    387     1.90985    -1.97437    13.93676
 1109    387     1.92276    -1.97437    13.93676
 1110    387     1.93566    -1.97437    13.93676
 1112    387     1.96147    -1.97437    13.93676
 1113    387     1.97437    -1.97437    13.93676
 1114    387     1.98728    -1.97437    13.93676
 1128    387     2.16794    -1.97437    13.93676
 1132    387     2.21956    -1.97437    13.93676
 1133    387     2.23246    -1.97437    13.93676
 1143    387     2.36151    -1.97437    13.93676
 1144    387     2.37441    -1.97437    13.93676
 1145    387     2.38732    -1.97437    13.93676
 1148    387     2.42603    -1.97437    13.93676
 1149    387     2.43893    -1.97437    13.93676
 1150    387     2.45184    -1.97437    13.93676
 1163    387     2.61960    -1.97437    13.93676
 1164    387     2.63250    -1.97437    13.93676
 1165    387     2.64540    -1.97437    13.93676
 1168    387     2.68412    -1.97437    13.93676
 1169    387     2.69702    -1.97437    13.93676
 1745    387    10.12996    -1.97437    13.93676
 1746    387    10.14287    -1.97437    13.93676
 1747    387    10.15577    -1.97437    13.93676
 1748    387    10.16867    -1.97437    13.93676
 1749    387    10.18158    -1.97437    13.93676
 1750    387    10.19448    -1.97437    13.93676
 1751    387    10.20739    -1.97437    13.93676
 1752    387    10.22029    -1.97437    13.93676
 1753    387    10.23320    -1.97437    13.93676
 1754    387    10.24610    -1.97437    13.93676
 1757    387    10.28481    -1.97437    13.93676
 1758    387    10.29772    -1.97437    13.93676
 1759    387    10.31062    -1.97437    13.93676
 1760    387    10.32353    -1.97437    13.93676
 1761    387    10.33643    -1.97437    13.93676
 1762    387    10.34934    -1.97437    13.93676
 1763    387    10.36224    -1.97437    13.93676
 1764    387    10.37515    -1.97437    13.93676
 1765    387    10.38805    -1.97437    13.93676
  617    388    -4.39399    -1.94719    13.83532
  618    388    -4.38118    -1.94719    13.83532
  619    388    -4.36837    -1.94719    13.83532
  620    388    -4.35556    -1.94719    13.83532
  621    388    -4.34275    -1.94719    13.83532
  622    388    -4.32994    -1.94719    13.83532
  623    388    -4.31713    -1.94719    13.83532
  624    388    -4.30432    -1.94719    13.83532
  627    388    -4.26589    -1.94719    13.83532
  628    388    -4.25308    -1.94719    13.83532
  629    388    -4.24027    -1.94719    13.83532
  630    388    -4.22746    -1.94719    13.83532
  631    388    -4.21465    -1.94719    13.83532
  632    388    -4.20184    -1.94719    13.83532
  633    388    -4.18903    -1.94719    13.83532
 1108    388     1.89595    -1.94719    13.83532
 1109    388     1.90876    -1.94719    13.83532
 1110    388     1.92157    -1.94719    13.83532
 1111    388     1.93438    -1.94719    13.83532
 1113    388     1.96000    -1.94719    13.83532
 1114    388     1.97281    -1.94719    13.83532
 1115    388     1.98562    -1.94719    13.83532
 1129    388     2.16497    -1.94719    13.83532
 1133    388     2.21621    -1.94719    13.83532
 1134    388     2.22902    -1.94719    13.83532
 1144    388     2.35713    -1.94719    13.83532
 1145    388     2.36994    -1.94719    13.83532
 1146    388     2.38275    -1.94719    13.83532
 1149    388     2.42118    -1.94719    13.83532
 1150    388     2.43399    -1.94719    13.83532
 1151    388     2.44680    -1.94719    13.83532
 1164    388     2.61334    -1.94719    13.83532
 1165    388     2.62615    -1.94719    13.83532
 1166    388     2.63896    -1.94719    13.83532
 1169    388     2.67739    -1.94719    13.83532
 1170    388     2.69020    -1.94719    13.83532
 1747    388    10.08185    -1.94719    13.83532
 1748    388    10.09466    -1.94719    13.83532
 1749    388    10.10747    -1.94719    13.83532
 1750    388    10.12028    -1.94719    13.83532
 1751    388    10.13309    -1.94719    13.83532
 1752    388    10.14590    -1.94719    13.83532
 1753    388    10.15871    -1.94719    13.83532
 1754    388    10.17152    -1.94719    13.83532
 1755    388    10.18433    -1.94719    13.83532
 1756    388    10.19714    -1.94719    13.83532
 1760    388    10.24838    -1.94719    13.83532
 1761    388    10.26119    -1.94719    13.83532
 1762    388    10.27401    -1.94719    13.83532
 1763    388    10.28682    -1.94719    13.83532
 1764    388    10.29963    -1.94719    13.83532
 1765    388    10.31244    -1.94719    13.83532
 1766    388    10.32525    -1.94719    13.83532
 1767    388    10.33806    -1.94719    13.83532
 1768    388    10.35087    -1.94719    13.83532
  613    389    -4.41311    -1.92040    13.73534
  615    389    -4.38768    -1.92040    13.73534
  616    389    -4.37496    -1.92040    13.73534
  617    389    -4.36224    -1.92040    13.73534
  618    389    -4.34952    -1.92040    13.73534
  619    389    -4.33681    -1.92040    13.73534
  620    389    -4.32409    -1.92040    13.73534
  621    389    -4.31137    -1.92040    13.73534
  622    389    -4.29865    -1.92040    13.73534
  623    389    -4.28594    -1.92040    13.73534
  626    389    -4.24778    -1.92040    13.73534
  627    389    -4.23506    -1.92040    13.73534
  628    389    -4.22235    -1.92040    13.73534
  629    389    -4.20963    -1.92040    13.73534
  630    389    -4.19691    -1.92040    13.73534
  631    389    -4.18419    -1.92040    13.73534
  632    389    -4.17147    -1.92040    13.73534
 1109    389     1.89497    -1.92040    13.73534
 1110    389     1.90769    -1.92040    13.73534
 1111    389     1.92040    -1.92040    13.73534
 1113    389     1.94584    -1.92040    13.73534
 1114    389     1.95856    -1.92040    13.73534
 1115    389     1.97128    -1.92040    13.73534
 1116    389     1.98399    -1.92040    13.73534
 1129    389     2.14933    -1.92040    13.73534
 1130    389     2.16204    -1.92040    13.73534
 1134    389     2.21292    -1.92040    13.73534
 1145    389     2.35281    -1.92040    13.73534
 1146    389     2.36553    -1.92040    13.73534
 1147    389     2.37825    -1.92040    13.73534
 1150    389     2.41640    -1.92040    13.73534
 1151    389     2.42912    -1.92040    13.73534
 1152    389     2.44184    -1.92040    13.73534
 1165    389     2.60717    -1.92040    13.73534
 1166    389     2.61989    -1.92040    13.73534
 1167    389     2.63261    -1.92040    13.73534
 1170    389     2.67076    -1.92040    13.73534
 1171    389     2.68348    -1.92040    13.73534
 1750    389    10.04715    -1.92040    13.73534
 1751    389    10.05987    -1.92040    13.73534
 1752    389    10.07258    -1.92040    13.73534
 1753    389    10.08530    -1.92040    13.73534
 1754    389    10.09802    -1.92040    13.73534
 1755    389    10.11074    -1.92040    13.73534
 1756    389    10.12346    -1.92040    13.73534
 1757    389    10.13617    -1.92040    13.73534
 1758    389    10.14889    -1.92040    13.73534
 1759    389    10.16161    -1.92040    13.73534
 1762    389    10.19976    -1.92040    13.73534
 1763    389    10.21248    -1.92040    13.73534
 1764    389    10.22520    -1.92040    13.73534
 1765    389    10.23792    -1.92040    13.73534
 1766    389    10.25063    -1.92040    13.73534
 1767    389    10.26335    -1.92040    13.73534
 1768    389    10.27607    -1.92040    13.73534
 1769    389    10.28879    -1.92040    13.73534
 1770    389    10.30151    -1.92040    13.73534
 1776    389    10.37781    -1.92040    13.73534
 1777    389    10.39053    -1.92040    13.73534
  611    390    -4.40671    -1.89400    13.63680
  612    390    -4.39408    -1.89400    13.63680
  613    390    -4.38145    -1.89400    13.63680
  614    390    -4.36883    -1.89400    13.63680
  615    390    -4.35620    -1.89400    13.63680
  616    390    -4.34357    -1.89400    13.63680
  617    390    -4.33095    -1.89400    13.63680
  618    390    -4.31832    -1.89400    13.63680
  619    390    -4.30569    -1.89400    13.63680
  620    390    -4.29307    -1.89400    13.63680
  621    390    -4.28044    -1.89400    13.63680
  624    390    -4.24256    -1.89400    13.63680
  625    390    -4.22993    -1.89400    13.63680
  626    390    -4.21731    -1.89400    13.63680
  627    390    -4.20468    -1.89400    13.63680
  628    390    -4.19205    -1.89400    13.63680
  629    390    -4.17943    -1.89400    13.63680
  630    390    -4.16680    -1.89400    13.63680
  631    390    -4.15417    -1.89400    13.63680
 1110    390     1.89400    -1.89400    13.63680
 1111    390     1.90663    -1.89400    13.63680
 1112    390     1.91925    -1.89400    13.63680
 1114    390     1.94451    -1.89400    13.63680
 1115    390     1.95713    -1.89400    13.63680
 1116    390     1.96976    -1.89400    13.63680
 1130    390     2.14653    -1.89400    13.63680
 1131    390     2.15916    -1.89400    13.63680
 1134    390     2.19704    -1.89400    13.63680
 1135    390     2.20967    -1.89400    13.63680
 1147    390     2.36119    -1.89400    13.63680
 1148    390     2.37381    -1.89400    13.63680
 1151    390     2.41169    -1.89400    13.63680
 1152    390     2.42432    -1.89400    13.63680
 1166    390     2.60109    -1.89400    13.63680
 1167    390     2.61372    -1.89400    13.63680
 1168    390     2.62635    -1.89400    13.63680
 1170    390     2.65160    -1.89400    13.63680
 1171    390     2.66423    -1.89400    13.63680
 1172    390     2.67685    -1.89400    13.63680
 1753    390    10.01295    -1.89400    13.63680
 1754    390    10.02557    -1.89400    13.63680
 1755    390    10.03820    -1.89400    13.63680
 1756    390    10.05083    -1.89400    13.63680
 1757    390    10.06345    -1.89400    13.63680
 1758    390    10.07608    -1.89400    13.63680
 1759    390    10.08871    -1.89400    13.63680
 1760    390    10.10133    -1.89400    13.63680
 1761    390    10.11396    -1.89400    13.63680
 1762    390    10.12659    -1.89400    13.63680
 1764    390    10.15184    -1.89400    13.63680
 1765    390    10.16447    -1.89400    13.63680
 1766    390    10.17709    -1.89400    13.63680
 1767    390    10.18972    -1.89400    13.63680
 1768    390    10.20235    -1.89400    13.63680
 1769    390    10.21497    -1.89400    13.63680
 1770    390    10.22760    -1.89400    13.63680
 1771    390    10.24023    -1.89400    13.63680
 1772    390    10.25285    -1.89400    13.63680
 1773    390    10.26548    -1.89400    13.63680
 1774    390    10.27811    -1.89400    13.63680
 1775    390    10.29073    -1.89400    13.63680
 1776    390    10.30336    -1.89400    13.63680
 1777    390    10.31599    -1.89400    13.63680
 1778    390    10.32861    -1.89400    13.63680
 1779    390    10.34124    -1.89400    13.63680
  610    391    -4.38785    -1.86797    13.53966
  611    391    -4.37532    -1.86797    13.53966
  612    391    -4.36278    -1.86797    13.53966
  613    391    -4.35024    -1.86797    13.53966
  614    391    -4.33771    -1.86797    13.53966
  616    391    -4.31263    -1.86797    13.53966
  617    391    -4.30010    -1.86797    13.53966
  618    391    -4.28756    -1.86797    13.53966
  619    391    -4.27502    -1.86797    13.53966
  620    391    -4.26249    -1.86797    13.53966
  621    391    -4.24995    -1.86797    13.53966
  622    391    -4.23741    -1.86797    13.53966
  623    391    -4.22488    -1.86797    13.53966
  624    391    -4.21234    -1.86797    13.53966
  625    391    -4.19980    -1.86797    13.53966
  626    391    -4.18727    -1.86797    13.53966
  627    391    -4.17473    -1.86797    13.53966
  628    391    -4.16219    -1.86797    13.53966
  629    391    -4.14966    -1.86797    13.53966
  630    391    -4.13712    -1.86797    13.53966
 1111    391     1.89305    -1.86797    13.53966
 1112    391     1.90558    -1.86797    13.53966
 1113    391     1.91812    -1.86797    13.53966
 1115    391     1.94319    -1.86797    13.53966
 1116    391     1.95573    -1.86797    13.53966
 1117    391     1.96827    -1.86797    13.53966
 1131    391     2.14378    -1.86797    13.53966
 1132    391     2.15632    -1.86797    13.53966
 1135    391     2.19393    -1.86797    13.53966
 1136    391     2.20646    -1.86797    13.53966
 1147    391     2.34437    -1.86797    13.53966
 1148    391     2.35690    -1.86797    13.53966
 1149    391     2.36944    -1.86797    13.53966
 1151    391     2.39451    -1.86797    13.53966
 1152    391     2.40705    -1.86797    13.53966
 1153    391     2.41959    -1.86797    13.53966
 1167    391     2.59510    -1.86797    13.53966
 1168    391     2.60764    -1.86797    13.53966
 1169    391     2.62018    -1.86797    13.53966
 1171    391     2.64525    -1.86797    13.53966
 1172    391     2.65779    -1.86797    13.53966
 1173    391     2.67032    -1.86797    13.53966
 1756    391     9.97923    -1.86797    13.53966
 1757    391     9.99177    -1.86797    13.53966
 1758    391    10.00431    -1.86797    13.53966
 1759    391    10.01684    -1.86797    13.53966
 1760    391    10.02938    -1.86797    13.53966
 1761    391    10.04192    -1.86797    13.53966
 1762    391    10.05445    -1.86797    13.53966
 1763    391    10.06699    -1.86797    13.53966
 1764    391    10.07953    -1.86797    13.53966
 1765    391    10.09206    -1.86797    13.53966
 1767    391    10.11714    -1.86797    13.53966
 1768    391    10.12967    -1.86797    13.53966
 1769    391    10.14221    -1.86797    13.53966
 1770    391    10.15475    -1.86797    13.53966
 1771    391    10.16728    -1.86797    13.53966
 1772    391    10.17982    -1.86797    13.53966
 1773    391    10.19236    -1.86797    13.53966
 1774    391    10.20489    -1.86797    13.53966
 1775    391    10.21743    -1.86797    13.53966
 1776    391    10.22997    -1.86797    13.53966
 1777    391    10.24250    -1.86797    13.53966
 1778    391    10.25504    -1.86797    13.53966
 1779    391    10.26758    -1.86797    13.53966
 1780    391    10.28011    -1.86797    13.53966
  610    392    -4.35682    -1.84231    13.44390
  611    392    -4.34437    -1.84231    13.44390
  612    392    -4.33192    -1.84231    13.44390
  616    392    -4.28213    -1.84231    13.44390
  617    392    -4.26968    -1.84231    13.44390
  618    392    -4.25723    -1.84231    13.44390
  619    392    -4.24479    -1.84231    13.44390
  620    392    -4.23234    -1.84231    13.44390
  621    392    -4.21989    -1.84231    13.44390
  622    392    -4.20744    -1.84231    13.44390
  623    392    -4.19499    -1.84231    13.44390
  624    392    -4.18255    -1.84231    13.44390
  625    392    -4.17010    -1.84231    13.44390
  626    392    -4.15765    -1.84231    13.44390
  627    392    -4.14520    -1.84231    13.44390
  628    392    -4.13275    -1.84231    13.44390
  629    392    -4.12031    -1.84231    13.44390
  630    392    -4.10786    -1.84231    13.44390
 1111    392     1.87966    -1.84231    13.44390
 1112    392     1.89210    -1.84231    13.44390
 1113    392     1.90455    -1.84231    13.44390
 1116    392     1.94190    -1.84231    13.44390
 1117    392     1.95434    -1.84231    13.44390
 1118    392     1.96679    -1.84231    13.44390
 1132    392     2.14107    -1.84231    13.44390
 1136    392     2.19086    -1.84231    13.44390
 1148    392     2.34023    -1.84231    13.44390
 1149    392     2.35268    -1.84231    13.44390
 1152    392     2.39003    -1.84231    13.44390
 1153    392     2.40247    -1.84231    13.44390
 1168    392     2.58919    -1.84231    13.44390
 1169    392     2.60164    -1.84231    13.44390
 1172    392     2.63899    -1.84231    13.44390
 1173    392     2.65144    -1.84231    13.44390
 1174    392     2.66388    -1.84231    13.44390
 1759    392     9.94599    -1.84231    13.44390
 1760    392     9.95844    -1.84231    13.44390
 1761    392     9.97089    -1.84231    13.44390
 1762    392     9.98334    -1.84231    13.44390
 1763    392     9.99579    -1.84231    13.44390
 1764    392    10.00823    -1.84231    13.44390
 1765    392    10.02068    -1.84231    13.44390
 1766    392    10.03313    -1.84231    13.44390
 1767    392    10.04558    -1.84231    13.44390
 1770    392    10.08292    -1.84231    13.44390
 1771    392    10.09537    -1.84231    13.44390
 1772    392    10.10782    -1.84231    13.44390
 1773    392    10.12027    -1.84231    13.44390
 1774    392    10.13271    -1.84231    13.44390
 1775    392    10.14516    -1.84231    13.44390
 1776    392    10.15761    -1.84231    13.44390
 1777    392    10.17006    -1.84231    13.44390
 1778    392    10.18251    -1.84231    13.44390
 1779    392    10.19496    -1.84231    13.44390
 1780    392    10.20740    -1.84231    13.44390
 1781    392    10.21985    -1.84231    13.44390
 1782    392    10.23230    -1.84231    13.44390
 1783    392    10.24475    -1.84231    13.44390
  610    393    -4.32622    -1.81701    13.34948
  611    393    -4.31386    -1.81701    13.34948
  612    393    -4.30150    -1.81701    13.34948
  613    393    -4.28914    -1.81701    13.34948
  614    393    -4.27678    -1.81701    13.34948
  615    393    -4.26442    -1.81701    13.34948
  616    393    -4.25206    -1.81701    13.34948
  617    393    -4.23970    -1.81701    13.34948
  618    393    -4.22733    -1.81701    13.34948
  619    393    -4.21497    -1.81701    13.34948
  620    393    -4.20261    -1.81701    13.34948
  621    393    -4.19025    -1.81701    13.34948
  622    393    -4.17789    -1.81701    13.34948
  623    393    -4.16553    -1.81701    13.34948
  624    393    -4.15317    -1.81701    13.34948
  625    393    -4.14081    -1.81701    13.34948
  626    393    -4.12845    -1.81701    13.34948
  627    393    -4.11609    -1.81701    13.34948
  628    393    -4.10373    -1.81701    13.34948
 1112    393     1.87882    -1.81701    13.34948
 1113    393     1.89118    -1.81701    13.34948
 1114    393     1.90354    -1.81701    13.34948
 1116    393     1.92826    -1.81701    13.34948
 1117    393     1.94062    -1.81701    13.34948
 1118    393     1.95298    -1.81701    13.34948
 1119    393     1.96534    -1.81701    13.34948
 1132    393     2.12603    -1.81701    13.34948
 1133    393     2.13839    -1.81701    13.34948
 1136    393     2.17547    -1.81701    13.34948
 1137    393     2.18783    -1.81701    13.34948
 1149    393     2.33616    -1.81701    13.34948
 1150    393     2.34852    -1.81701    13.34948
 1153    393     2.38560    -1.81701    13.34948
 1154    393     2.39796    -1.81701    13.34948
 1168    393     2.57101    -1.81701    13.34948
 1169    393     2.58337    -1.81701    13.34948
 1170    393     2.59573    -1.81701    13.34948
 1173    393     2.63281    -1.81701    13.34948
 1174    393     2.64517    -1.81701    13.34948
 1762    393     9.91322    -1.81701    13.34948
 1763    393     9.92558    -1.81701    13.34948
 1764    393     9.93794    -1.81701    13.34948
 1765    393     9.95031    -1.81701    13.34948
 1766    393     9.96267    -1.81701    13.34948
 1767    393     9.97503    -1.81701    13.34948
 1768    393     9.98739    -1.81701    13.34948
 1769    393     9.99975    -1.81701    13.34948
 1770    393    10.01211    -1.81701    13.34948
 1773    393    10.04919    -1.81701    13.34948
 1774    393    10.06155    -1.81701    13.34948
 1775    393    10.07391    -1.81701    13.34948
 1776    393    10.08627    -1.81701    13.34948
 1777    393    10.09863    -1.81701    13.34948
 1778    393    10.11099    -1.81701    13.34948
 1779    393    10.12335    -1.81701    13.34948
 1780    393    10.13571    -1.81701    13.34948
 1781    393    10.14808    -1.81701    13.34948
 1782    393    10.16044    -1.81701    13.34948
 1783    393    10.17280    -1.81701    13.34948
 1784    393    10.18516    -1.81701    13.34948
  611    394    -4.28377    -1.79207    13.25638
  612    394    -4.27150    -1.79207    13.25638
  613    394    -4.25922    -1.79207    13.25638
  614    394    -4.24695    -1.79207    13.25638
  615    394    -4.23468    -1.79207    13.25638
  616    394    -4.22240    -1.79207    13.25638
  617    394    -4.21013    -1.79207    13.25638
  618    394    -4.19785    -1.79207    13.25638
  619    394    -4.18558    -1.79207    13.25638
  620    394    -4.17330    -1.79207    13.25638
  621    394    -4.16103    -1.79207    13.25638
  622    394    -4.14875    -1.79207    13.25638
  623    394    -4.13648    -1.79207    13.25638
  624    394    -4.12421    -1.79207    13.25638
  625    394    -4.11193    -1.79207    13.25638
  626    394    -4.09966    -1.79207    13.25638
  627    394    -4.08738    -1.79207    13.25638
 1112    394     1.86571    -1.79207    13.25638
 1113    394     1.87799    -1.79207    13.25638
 1114    394     1.89026    -1.79207    13.25638
 1115    394     1.90254    -1.79207    13.25638
 1117    394     1.92708    -1.79207    13.25638
 1118    394     1.93936    -1.79207    13.25638
 1119    394     1.95163    -1.79207    13.25638
 1120    394     1.96391    -1.79207    13.25638
 1133    394     2.12347    -1.79207    13.25638
 1134    394     2.13575    -1.79207    13.25638
 1137    394     2.17257    -1.79207    13.25638
 1138    394     2.18485    -1.79207    13.25638
 1150    394     2.33214    -1.79207    13.25638
 1154    394     2.38124    -1.79207    13.25638
 1155    394     2.39351    -1.79207    13.25638
 1156    394     2.40579    -1.79207    13.25638
 1169    394     2.56535    -1.79207    13.25638
 1170    394     2.57763    -1.79207    13.25638
 1171    394     2.58990    -1.79207    13.25638
 1174    394     2.62673    -1.79207    13.25638
 1175    394     2.63900    -1.79207    13.25638
 1764    394     9.86863    -1.79207    13.25638
 1765    394     9.88091    -1.79207    13.25638
 1766    394     9.89318    -1.79207    13.25638
 1767    394     9.90546    -1.79207    13.25638
 1768    394     9.91773    -1.79207    13.25638
 1769    394     9.93001    -1.79207    13.25638
 1770    394     9.94228    -1.79207    13.25638
 1771    394     9.95456    -1.79207    13.25638
 1772    394     9.96683    -1.79207    13.25638
 1773    394     9.97910    -1.79207    13.25638
 1778    394    10.04048    -1.79207    13.25638
 1779    394    10.05275    -1.79207    13.25638
 1780    394    10.06503    -1.79207    13.25638
 1781    394    10.07730    -1.79207    13.25638
 1782    394    10.08957    -1.79207    13.25638
 1783    394    10.10185    -1.79207    13.25638
 1784    394    10.11412    -1.79207    13.25638
 1785    394    10.12640    -1.79207    13.25638
  613    395    -4.22973    -1.76746    13.16456
  619    395    -4.15659    -1.76746    13.16456
  620    395    -4.14440    -1.76746    13.16456
  621    395    -4.13221    -1.76746    13.16456
  622    395    -4.12002    -1.76746    13.16456
  623    395    -4.10783    -1.76746    13.16456
 1113    395     1.86498    -1.76746    13.16456
 1114    395     1.87717    -1.76746    13.16456
 1115    395     1.88936    -1.76746    13.16456
 1116    395     1.90155    -1.76746    13.16456
 1118    395     1.92593    -1.76746    13.16456
 1119    395     1.93812    -1.76746    13.16456
 1120    395     1.95031    -1.76746    13.16456
 1134    395     2.12096    -1.76746    13.16456
 1135    395     2.13315    -1.76746    13.16456
 1138    395     2.16971    -1.76746    13.16456
 1139    395     2.18190    -1.76746    13.16456
 1151    395     2.32818    -1.76746    13.16456
 1152    395     2.34037    -1.76746    13.16456
 1155    395     2.37693    -1.76746    13.16456
 1156    395     2.38912    -1.76746    13.16456
 1157    395     2.40131    -1.76746    13.16456
 1170    395     2.55978    -1.76746    13.16456
 1171    395     2.57197    -1.76746    13.16456
 1172    395     2.58415    -1.76746    13.16456
 1175    395     2.62072    -1.76746    13.16456
 1176    395     2.63291    -1.76746    13.16456
 1767    395     9.83685    -1.76746    13.16456
 1768    395     9.84904    -1.76746    13.16456
 1769    395     9.86123    -1.76746    13.16456
 1770    395     9.87342    -1.76746    13.16456
 1771    395     9.88561    -1.76746    13.16456
 1772    395     9.89780    -1.76746    13.16456
 1773    395     9.90999    -1.76746    13.16456
 1774    395     9.92218    -1.76746    13.16456
 1775    395     9.93437    -1.76746    13.16456
 1776    395     9.94656    -1.76746    13.16456
 1780    395     9.99532    -1.76746    13.16456
 1781    395    10.00751    -1.76746    13.16456
 1782    395    10.01969    -1.76746    13.16456
 1783    395    10.03188    -1.76746    13.16456
 1784    395    10.04407    -1.76746    13.16456
 1785    395    10.05626    -1.76746    13.16456
 1786    395    10.06845    -1.76746    13.16456
 1787    395    10.08064    -1.76746    13.16456
 1788    395    10.09283    -1.76746    13.16456
 1789    395    10.10502    -1.76746    13.16456
 1790    395    10.11721    -1.76746    13.16456
 1114    396     1.86426    -1.74320    13.07401
 1115    396     1.87636    -1.74320    13.07401
 1116    396     1.88847    -1.74320    13.07401
 1119    396     1.92479    -1.74320    13.07401
 1120    396     1.93689    -1.74320    13.07401
 1121    396     1.94900    -1.74320    13.07401
 1134    396     2.10637    -1.74320    13.07401
 1135    396     2.11847    -1.74320    13.07401
 1136    396     2.13058    -1.74320    13.07401
 1139    396     2.16690    -1.74320    13.07401
 1140    396     2.17900    -1.74320    13.07401
 1152    396     2.32427    -1.74320    13.07401
 1153    396     2.33637    -1.74320    13.07401
 1156    396     2.37269    -1.74320    13.07401
 1157    396     2.38480    -1.74320    13.07401
 1158    396     2.39690    -1.74320    13.07401
 1171    396     2.55427    -1.74320    13.07401
 1172    396     2.56638    -1.74320    13.07401
 1173    396     2.57849    -1.74320    13.07401
 1176    396     2.61480    -1.74320    13.07401
 1177    396     2.62691    -1.74320    13.07401
 1770    396     9.80551    -1.74320    13.07401
 1771    396     9.81762    -1.74320    13.07401
 1772    396     9.82972    -1.74320    13.07401
 1773    396     9.84183    -1.74320    13.07401
 1774    396     9.85393    -1.74320    13.07401
 1775    396     9.86604    -1.74320    13.07401
 1776    396     9.87814    -1.74320    13.07401
 1777    396     9.89025    -1.74320    13.07401
 1778    396     9.90235    -1.74320    13.07401
 1779    396     9.91446    -1.74320    13.07401
 1782    396     9.95078    -1.74320    13.07401
 1783    396     9.96288    -1.74320    13.07401
 1784    396     9.97499    -1.74320    13.07401
 1785    396     9.98709    -1.74320    13.07401
 1786    396     9.99920    -1.74320    13.07401
 1787    396    10.01130    -1.74320    13.07401
 1788    396    10.02341    -1.74320    13.07401
 1789    396    10.03552    -1.74320    13.07401
 1790    396    10.04762    -1.74320    13.07401
 1791    396    10.05973    -1.74320    13.07401
 1792    396    10.07183    -1.74320    13.07401
 1115    397     1.86355    -1.71927    12.98470
 1116    397     1.87557    -1.71927    12.98470
 1117    397     1.88759    -1.71927    12.98470
 1119    397     1.91164    -1.71927    12.98470
 1120    397     1.92366    -1.71927    12.98470
 1121    397     1.93568    -1.71927    12.98470
 1135    397     2.10400    -1.71927    12.98470
 1136    397     2.11603    -1.71927    12.98470
 1137    397     2.12805    -1.71927    12.98470
 1139    397     2.15209    -1.71927    12.98470
 1140    397     2.16412    -1.71927    12.98470
 1141    397     2.17614    -1.71927    12.98470
 1152    397     2.30839    -1.71927    12.98470
 1153    397     2.32041    -1.71927    12.98470
 1154    397     2.33244    -1.71927    12.98470
 1157    397     2.36851    -1.71927    12.98470
 1158    397     2.38053    -1.71927    12.98470
 1172    397     2.54885    -1.71927    12.98470
 1173    397     2.56087    -1.71927    12.98470
 1174    397     2.57289    -1.71927    12.98470
 1177    397     2.60896    -1.71927    12.98470
 1178    397     2.62099    -1.71927    12.98470
 1772    397     9.76257    -1.71927    12.98470
 1773    397     9.77459    -1.71927    12.98470
 1774    397     9.78662    -1.71927    12.98470
 1775    397     9.79864    -1.71927    12.98470
 1776    397     9.81066    -1.71927    12.98470
 1777    397     9.82269    -1.71927    12.98470
 1778    397     9.83471    -1.71927    12.98470
 1779    397     9.84673    -1.71927    12.98470
 1780    397     9.85875    -1.71927    12.98470
 1781    397     9.87078    -1.71927    12.98470
 1782    397     9.88280    -1.71927    12.98470
 1784    397     9.90685    -1.71927    12.98470
 1785    397     9.91887    -1.71927    12.98470
 1786    397     9.93089    -1.71927    12.98470
 1787    397     9.94291    -1.71927    12.98470
 1788    397     9.95494    -1.71927    12.98470
 1789    397     9.96696    -1.71927    12.98470
 1790    397     9.97898    -1.71927    12.98470
 1791    397     9.99101    -1.71927    12.98470
 1792    397    10.00303    -1.71927    12.98470
 1793    397    10.01505    -1.71927    12.98470
 1115    398     1.85090    -1.69566    12.89660
 1116    398     1.86284    -1.69566    12.89660
 1117    398     1.87478    -1.69566    12.89660
 1118    398     1.88672    -1.69566    12.89660
 1120    398     1.91061    -1.69566    12.89660
 1121    398     1.92255    -1.69566    12.89660
 1122    398     1.93449    -1.69566    12.89660
 1136    398     2.10167    -1.69566    12.89660
 1137    398     2.11361    -1.69566    12.89660
 1140    398     2.14943    -1.69566    12.89660
 1141    398     2.16137    -1.69566    12.89660
 1142    398     2.17332    -1.69566    12.89660
 1153    398     2.30467    -1.69566    12.89660
 1154    398     2.31661    -1.69566    12.89660
 1155    398     2.32855    -1.69566    12.89660
 1157    398     2.35244    -1.69566    12.89660
 1158    398     2.36438    -1.69566    12.89660
 1173    398     2.54350    -1.69566    12.89660
 1174    398     2.55544    -1.69566    12.89660
 1175    398     2.56738    -1.69566    12.89660
 1178    398     2.60320    -1.69566    12.89660
 1179    398     2.61514    -1.69566    12.89660
 1775    398     9.73216    -1.69566    12.89660
 1776    398     9.74410    -1.69566    12.89660
 1777    398     9.75604    -1.69566    12.89660
 1778    398     9.76798    -1.69566    12.89660
 1779    398     9.77992    -1.69566    12.89660
 1780    398     9.79186    -1.69566    12.89660
 1781    398     9.80380    -1.69566    12.89660
 1782    398     9.81575    -1.69566    12.89660
 1783    398     9.82769    -1.69566    12.89660
 1784    398     9.83963    -1.69566    12.89660
 1787    398     9.87545    -1.69566    12.89660
 1788    398     9.88739    -1.69566    12.89660
 1789    398     9.89933    -1.69566    12.89660
 1790    398     9.91128    -1.69566    12.89660
 1791    398     9.92322    -1.69566    12.89660
 1792    398     9.93516    -1.69566    12.89660
 1793    398     9.94710    -1.69566    12.89660
 1794    398     9.95904    -1.69566    12.89660
 1116    399     1.85029    -1.67238    12.80969
 1117    399     1.86215    -1.67238    12.80969
 1118    399     1.87401    -1.67238    12.80969
 1121    399     1.90959    -1.67238    12.80969
 1122    399     1.92145    -1.67238    12.80969
 1137    399     2.09937    -1.67238    12.80969
 1138    399     2.11123    -1.67238    12.80969
 1141    399     2.14681    -1.67238    12.80969
 1142    399     2.15867    -1.67238    12.80969
 1143    399     2.17053    -1.67238    12.80969
 1154    399     2.30100    -1.67238    12.80969
 1155    399     2.31286    -1.67238    12.80969
 1156    399     2.32472    -1.67238    12.80969
 1174    399     2.53822    -1.67238    12.80969
 1175    399     2.55008    -1.67238    12.80969
 1179    399     2.59752    -1.67238    12.80969
 1180    399     2.60938    -1.67238    12.80969
 1778    399     9.70215    -1.67238    12.80969
 1779    399     9.71401    -1.67238    12.80969
 1780    399     9.72587    -1.67238    12.80969
 1781    399     9.73773    -1.67238    12.80969
 1782    399     9.74960    -1.67238    12.80969
 1783    399     9.76146    -1.67238    12.80969
 1784    399     9.77332    -1.67238    12.80969
 1785    399     9.78518    -1.67238    12.80969
 1786    399     9.79704    -1.67238    12.80969
 1787    399     9.80890    -1.67238    12.80969
 1788    399     9.82076    -1.67238    12.80969
 1791    399     9.85634    -1.67238    12.80969
 1792    399     9.86820    -1.67238    12.80969
 1793    399     9.88006    -1.67238    12.80969
 1794    399     9.89193    -1.67238    12.80969
 1795    399     9.90379    -1.67238    12.80969
 1796    399     9.91565    -1.67238    12.80969
 1797    399     9.92751    -1.67238    12.80969
 1117    400     1.84968    -1.64940    12.72394
 1118    400     1.86146    -1.64940    12.72394
 1119    400     1.87325    -1.64940    12.72394
 1121    400     1.89681    -1.64940    12.72394
 1122    400     1.90859    -1.64940    12.72394
 1123    400     1.92037    -1.64940    12.72394
 1137    400     2.08531    -1.64940    12.72394
 1138    400     2.09709    -1.64940    12.72394
 1139    400     2.10887    -1.64940    12.72394
 1141    400     2.13244    -1.64940    12.72394
 1142    400     2.14422    -1.64940    12.72394
 1143    400     2.15600    -1.64940    12.72394
 1155    400     2.29738    -1.64940    12.72394
 1156    400     2.30916    -1.64940    12.72394
 1175    400     2.53301    -1.64940    12.72394
 1176    400     2.54479    -1.64940    12.72394
 1177    400     2.55657    -1.64940    12.72394
 1180    400     2.59191    -1.64940    12.72394
 1181    400     2.60369    -1.64940    12.72394
 1781    400     9.67255    -1.64940    12.72394
 1782    400     9.68433    -1.64940    12.72394
 1783    400     9.69611    -1.64940    12.72394
 1784    400     9.70789    -1.64940    12.72394
 1785    400     9.71967    -1.64940    12.72394
 1786    400     9.73146    -1.64940    12.72394
 1787    400     9.74324    -1.64940    12.72394
 1788    400     9.75502    -1.64940    12.72394
 1789    400     9.76680    -1.64940    12.72394
 1790    400     9.77858    -1.64940    12.72394
 1792    400     9.80214    -1.64940    12.72394
 1793    400     9.81393    -1.64940    12.72394
 1794    400     9.82571    -1.64940    12.72394
 1795    400     9.83749    -1.64940    12.72394
 1796    400     9.84927    -1.64940    12.72394
 1797    400     9.86105    -1.64940    12.72394
 1798    400     9.87283    -1.64940    12.72394
 1799    400     9.88461    -1.64940    12.72394
 1800    400     9.89640    -1.64940    12.72394
 1801    400     9.90818    -1.64940    12.72394
 1802    400     9.91996    -1.64940    12.72394
 1803    400     9.93174    -1.64940    12.72394
 1804    400     9.94352    -1.64940    12.72394
 1805    400     9.95530    -1.64940    12.72394
 1118    401     1.84909    -1.62673    12.63933
 1119    401     1.86079    -1.62673    12.63933
 1120    401     1.87249    -1.62673    12.63933
 1122    401     1.89590    -1.62673    12.63933
 1123    401     1.90760    -1.62673    12.63933
 1124    401     1.91931    -1.62673    12.63933
 1138    401     2.08315    -1.62673    12.63933
 1139    401     2.09485    -1.62673    12.63933
 1140    401     2.10655    -1.62673    12.63933
 1142    401     2.12996    -1.62673    12.63933
 1143    401     2.14166    -1.62673    12.63933
 1144    401     2.15337    -1.62673    12.63933
 1176    401     2.52787    -1.62673    12.63933
 1177    401     2.53957    -1.62673    12.63933
 1178    401     2.55127    -1.62673    12.63933
 1181    401     2.58638    -1.62673    12.63933
 1784    401     9.64334    -1.62673    12.63933
 1785    401     9.65504    -1.62673    12.63933
 1786    401     9.66675    -1.62673    12.63933
 1787    401     9.67845    -1.62673    12.63933
 1788    401     9.69015    -1.62673    12.63933
 1789    401     9.70186    -1.62673    12.63933
 1790    401     9.71356    -1.62673    12.63933
 1791    401     9.72526    -1.62673    12.63933
 1794    401     9.76037    -1.62673    12.63933
 1795    401     9.77207    -1.62673    12.63933
 1796    401     9.78378    -1.62673    12.63933
 1797    401     9.79548    -1.62673    12.63933
 1798    401     9.80718    -1.62673    12.63933
 1799    401     9.81889    -1.62673    12.63933
 1800    401     9.83059    -1.62673    12.63933
 1801    401     9.84229    -1.62673    12.63933
 1802    401     9.85400    -1.62673    12.63933
 1803    401     9.86570    -1.62673    12.63933
 1804    401     9.87740    -1.62673    12.63933
 1805    401     9.88910    -1.62673    12.63933
 1806    401     9.90081    -1.62673    12.63933
 1807    401     9.91251    -1.62673    12.63933
 1808    401     9.92421    -1.62673    12.63933
 1118    402     1.83687    -1.60436    12.55584
 1119    402     1.84850    -1.60436    12.55584
 1120    402     1.86012    -1.60436    12.55584
 1123    402     1.89500    -1.60436    12.55584
 1124    402     1.90663    -1.60436    12.55584
 1138    402     2.06939    -1.60436    12.55584
 1139    402     2.08101    -1.60436    12.55584
 1140    402     2.09264    -1.60436    12.55584
 1141    402     2.10427    -1.60436    12.55584
 1143    402     2.12752    -1.60436    12.55584
 1144    402     2.13914    -1.60436    12.55584
 1145    402     2.15077    -1.60436    12.55584
 1177    402     2.52279    -1.60436    12.55584
 1178    402     2.53442    -1.60436    12.55584
 1182    402     2.58092    -1.60436    12.55584
 1183    402     2.59255    -1.60436    12.55584
 1787    402     9.61452    -1.60436    12.55584
 1788    402     9.62614    -1.60436    12.55584
 1789    402     9.63777    -1.60436    12.55584
 1790    402     9.64939    -1.60436    12.55584
 1791    402     9.66102    -1.60436    12.55584
 1792    402     9.67265    -1.60436    12.55584
 1793    402     9.68427    -1.60436    12.55584
 1794    402     9.69590    -1.60436    12.55584
 1797    402     9.73077    -1.60436    12.55584
 1798    402     9.74240    -1.60436    12.55584
 1799    402     9.75403    -1.60436    12.55584
 1800    402     9.76565    -1.60436    12.55584
 1801    402     9.77728    -1.60436    12.55584
 1802    402     9.78890    -1.60436    12.55584
 1803    402     9.80053    -1.60436    12.55584
 1804    402     9.81215    -1.60436    12.55584
 1805    402     9.82378    -1.60436    12.55584
 1806    402     9.83541    -1.60436    12.55584
 1807    402     9.84703    -1.60436    12.55584
 1808    402     9.85866    -1.60436    12.55584
 1809    402     9.87028    -1.60436    12.55584
 1810    402     9.88191    -1.60436    12.55584
 1119    403     1.83637    -1.58228    12.47344
 1120    403     1.84792    -1.58228    12.47344
 1121    403     1.85947    -1.58228    12.47344
 1123    403     1.88257    -1.58228    12.47344
 1124    403     1.89412    -1.58228    12.47344
 1125    403     1.90566    -1.58228    12.47344
 1139    403     2.06736    -1.58228    12.47344
 1140    403     2.07891    -1.58228    12.47344
 1141    403     2.09046    -1.58228    12.47344
 1144    403     2.12510    -1.58228    12.47344
 1145    403     2.13665    -1.58228    12.47344
 1146    403     2.14820    -1.58228    12.47344
 1162    403     2.33300    -1.58228    12.47344
 1178    403     2.51779    -1.58228    12.47344
 1179    403     2.52934    -1.58228    12.47344
 1182    403     2.56399    -1.58228    12.47344
 1183    403     2.57553    -1.58228    12.47344
 1184    403     2.58708    -1.58228    12.47344
 1789    403     9.57452    -1.58228    12.47344
 1790    403     9.58607    -1.58228    12.47344
 1791    403     9.59762    -1.58228    12.47344
 1792    403     9.60917    -1.58228    12.47344
 1793    403     9.62072    -1.58228    12.47344
 1794    403     9.63227    -1.58228    12.47344
 1795    403     9.64382    -1.58228    12.47344
 1796    403     9.65537    -1.58228    12.47344
 1797    403     9.66692    -1.58228    12.47344
 1800    403     9.70157    -1.58228    12.47344
 1801    403     9.71312    -1.58228    12.47344
 1802    403     9.72467    -1.58228    12.47344
 1803    403     9.73621    -1.58228    12.47344
 1804    403     9.74776    -1.58228    12.47344
 1805    403     9.75931    -1.58228    12.47344
 1806    403     9.77086    -1.58228    12.47344
 1807    403     9.78241    -1.58228    12.47344
 1808    403     9.79396    -1.58228    12.47344
 1809    403     9.80551    -1.58228    12.47344
 1810    403     9.81706    -1.58228    12.47344
 1811    403     9.82861    -1.58228    12.47344
 1120    404     1.83587    -1.56049    12.39212
 1121    404     1.84734    -1.56049    12.39212
 1122    404     1.85882    -1.56049    12.39212
 1124    404     1.88177    -1.56049    12.39212
 1125    404     1.89324    -1.56049    12.39212
 1126    404     1.90471    -1.56049    12.39212
 1140    404     2.06535    -1.56049    12.39212
 1141    404     2.07683    -1.56049    12.39212
 1142    404     2.08830    -1.56049    12.39212
 1145    404     2.12272    -1.56049    12.39212
 1146    404     2.13420    -1.56049    12.39212
 1163    404     2.32926    -1.56049    12.39212
 1164    404     2.34073    -1.56049    12.39212
 1179    404     2.51285    -1.56049    12.39212
 1180    404     2.52432    -1.56049    12.39212
 1183    404     2.55874    -1.56049    12.39212
 1184    404     2.57022    -1.56049    12.39212
 1791    404     9.53505    -1.56049    12.39212
 1792    404     9.54652    -1.56049    12.39212
 1793    404     9.55800    -1.56049    12.39212
 1794    404     9.56947    -1.56049    12.39212
 1795    404     9.58095    -1.56049    12.39212
 1796    404     9.59242    -1.56049    12.39212
 1797    404     9.60389    -1.56049    12.39212
 1798    404     9.61537    -1.56049    12.39212
 1799    404     9.62684    -1.56049    12.39212
 1800    404     9.63832    -1.56049    12.39212
 1805    404     9.69569    -1.56049    12.39212
 1806    404     9.70716    -1.56049    12.39212
 1807    404     9.71864    -1.56049    12.39212
 1808    404     9.73011    -1.56049    12.39212
 1809    404     9.74158    -1.56049    12.39212
 1810    404     9.75306    -1.56049    12.39212
 1811    404     9.76453    -1.56049    12.39212
 1812    404     9.77601    -1.56049    12.39212
 1813    404     9.78748    -1.56049    12.39212
 1814    404     9.79895    -1.56049    12.39212
 1121    405     1.83538    -1.53898    12.31185
 1122    405     1.84678    -1.53898    12.31185
 1125    405     1.88098    -1.53898    12.31185
 1126    405     1.89238    -1.53898    12.31185
 1141    405     2.06338    -1.53898    12.31185
 1142    405     2.07478    -1.53898    12.31185
 1143    405     2.08618    -1.53898    12.31185
 1145    405     2.10897    -1.53898    12.31185
 1146    405     2.12037    -1.53898    12.31185
 1147    405     2.13177    -1.53898    12.31185
 1160    405     2.27997    -1.53898    12.31185
 1164    405     2.32557    -1.53898    12.31185
 1180    405     2.50797    -1.53898    12.31185
 1181    405     2.51937    -1.53898    12.31185
 1184    405     2.55357    -1.53898    12.31185
 1794    405     9.50749    -1.53898    12.31185
 1795    405     9.51889    -1.53898    12.31185
 1796    405     9.53029    -1.53898    12.31185
 1797    405     9.54169    -1.53898    12.31185
 1798    405     9.55309    -1.53898    12.31185
 1799    405     9.56449    -1.53898    12.31185
 1800    405     9.57589    -1.53898    12.31185
 1801    405     9.58729    -1.53898    12.31185
 1802    405     9.59869    -1.53898    12.31185
 1803    405     9.61009    -1.53898    12.31185
 1807    405     9.65569    -1.53898    12.31185
 1808    405     9.66708    -1.53898    12.31185
 1809    405     9.67848    -1.53898    12.31185
 1810    405     9.68988    -1.53898    12.31185
 1811    405     9.70128    -1.53898    12.31185
 1812    405     9.71268    -1.53898    12.31185
 1813    405     9.72408    -1.53898    12.31185
 1814    405     9.73548    -1.53898    12.31185
 1815    405     9.74688    -1.53898    12.31185
 1816    405     9.75828    -1.53898    12.31185
 1817    405     9.76968    -1.53898    12.31185
 1818    405     9.78108    -1.53898    12.31185
 1121    406     1.82357    -1.51775    12.23262
 1122    406     1.83489    -1.51775    12.23262
 1123    406     1.84622    -1.51775    12.23262
 1126    406     1.88020    -1.51775    12.23262
 1127    406     1.89153    -1.51775    12.23262
 1142    406     2.06142    -1.51775    12.23262
 1143    406     2.07275    -1.51775    12.23262
 1144    406     2.08408    -1.51775    12.23262
 1146    406     2.10673    -1.51775    12.23262
 1147    406     2.11806    -1.51775    12.23262
 1160    406     2.26530    -1.51775    12.23262
 1161    406     2.27663    -1.51775    12.23262
 1164    406     2.31061    -1.51775    12.23262
 1180    406     2.49183    -1.51775    12.23262
 1181    406     2.50316    -1.51775    12.23262
 1182    406     2.51448    -1.51775    12.23262
 1797    406     9.48028    -1.51775    12.23262
 1798    406     9.49161    -1.51775    12.23262
 1799    406     9.50293    -1.51775    12.23262
 1800    406     9.51426    -1.51775    12.23262
 1801    406     9.52559    -1.51775    12.23262
 1802    406     9.53691    -1.51775    12.23262
 1803    406     9.54824    -1.51775    12.23262
 1804    406     9.55957    -1.51775    12.23262
 1805    406     9.57089    -1.51775    12.23262
 1806    406     9.58222    -1.51775    12.23262
 1809    406     9.61620    -1.51775    12.23262
 1810    406     9.62752    -1.51775    12.23262
 1811    406     9.63885    -1.51775    12.23262
 1812    406     9.65018    -1.51775    12.23262
 1813    406     9.66150    -1.51775    12.23262
 1814    406     9.67283    -1.51775    12.23262
 1815    406     9.68416    -1.51775    12.23262
 1816    406     9.69548    -1.51775    12.23262
 1817    406     9.70681    -1.51775    12.23262
 1818    406     9.71814    -1.51775    12.23262
 1819    406     9.72946    -1.51775    12.23262
 1820    406     9.74079    -1.51775    12.23262
 1122    407     1.82316    -1.49679    12.15440
 1123    407     1.83441    -1.49679    12.15440
 1124    407     1.84567    -1.49679    12.15440
 1127    407     1.87943    -1.49679    12.15440
 1128    407     1.89068    -1.49679    12.15440
 1143    407     2.05950    -1.49679    12.15440
 1144    407     2.07075    -1.49679    12.15440
 1161    407     2.26207    -1.49679    12.15440
 1162    407     2.27332    -1.49679    12.15440
 1182    407     2.49840    -1.49679    12.15440
 1186    407     2.54342    -1.49679    12.15440
 1800    407     9.45342    -1.49679    12.15440
 1801    407     9.46467    -1.49679    12.15440
 1802    407     9.47593    -1.49679    12.15440
 1803    407     9.48718    -1.49679    12.15440
 1804    407     9.49844    -1.49679    12.15440
 1805    407     9.50969    -1.49679    12.15440
 1806    407     9.52095    -1.49679    12.15440
 1807    407     9.53220    -1.49679    12.15440
 1808    407     9.54345    -1.49679    12.15440
 1809    407     9.55471    -1.49679    12.15440
 1812    407     9.58847    -1.49679    12.15440
 1813    407     9.59972    -1.49679    12.15440
 1814    407     9.61098    -1.49679    12.15440
 1815    407     9.62223    -1.49679    12.15440
 1816    407     9.63349    -1.49679    12.15440
 1817    407     9.64474    -1.49679    12.15440
 1818    407     9.65599    -1.49679    12.15440
 1819    407     9.66725    -1.49679    12.15440
 1820    407     9.67850    -1.49679    12.15440
 1821    407     9.68976    -1.49679    12.15440
 1123    408     1.82276    -1.47610    12.07717
 1124    408     1.83394    -1.47610    12.07717
 1127    408     1.86749    -1.47610    12.07717
 1128    408     1.87867    -1.47610    12.07717
 1129    408     1.88985    -1.47610    12.07717
 1144    408     2.05759    -1.47610    12.07717
 1145    408     2.06877    -1.47610    12.07717
 1187    408     2.53844    -1.47610    12.07717
 1803    408     9.42690    -1.47610    12.07717
 1804    408     9.43809    -1.47610    12.07717
 1805    408     9.44927    -1.47610    12.07717
 1806    408     9.46045    -1.47610    12.07717
 1807    408     9.47163    -1.47610    12.07717
 1808    408     9.48282    -1.47610    12.07717
 1809    408     9.49400    -1.47610    12.07717
 1810    408     9.50518    -1.47610    12.07717
 1811    408     9.51636    -1.47610    12.07717
 1812    408     9.52755    -1.47610    12.07717
 1815    408     9.56109    -1.47610    12.07717
 1816    408     9.57228    -1.47610    12.07717
 1817    408     9.58346    -1.47610    12.07717
 1818    408     9.59464    -1.47610    12.07717
 1819    408     9.60582    -1.47610    12.07717
 1820    408     9.61701    -1.47610    12.07717
 1821    408     9.62819    -1.47610    12.07717
 1822    408     9.63937    -1.47610    12.07717
 1823    408     9.65055    -1.47610    12.07717
 1824    408     9.66174    -1.47610    12.07717
 1825    408     9.67292    -1.47610    12.07717
 1826    408     9.68410    -1.47610    12.07717
 1124    409     1.82236    -1.45567    12.00092
 1125    409     1.83347    -1.45567    12.00092
 1128    409     1.86681    -1.45567    12.00092
 1129    409     1.87792    -1.45567    12.00092
 1130    409     1.88903    -1.45567    12.00092
 1184    409     2.48908    -1.45567    12.00092
 1188    409     2.53353    -1.45567    12.00092
 1805    409     9.38961    -1.45567    12.00092
 1806    409     9.40072    -1.45567    12.00092
 1807    409     9.41183    -1.45567    12.00092
 1808    409     9.42294    -1.45567    12.00092
 1809    409     9.43406    -1.45567    12.00092
 1810    409     9.44517    -1.45567    12.00092
 1811    409     9.45628    -1.45567    12.00092
 1812    409     9.46739    -1.45567    12.00092
 1813    409     9.47850    -1.45567    12.00092
 1814    409     9.48962    -1.45567    12.00092
 1815    409     9.50073    -1.45567    12.00092
 1819    409     9.54518    -1.45567    12.00092
 1820    409     9.55629    -1.45567    12.00092
 1821    409     9.56740    -1.45567    12.00092
 1822    409     9.57851    -1.45567    12.00092
 1823    409     9.58962    -1.45567    12.00092
 1824    409     9.60074    -1.45567    12.00092
 1825    409     9.61185    -1.45567    12.00092
 1826    409     9.62296    -1.45567    12.00092
 1827    409     9.63407    -1.45567    12.00092
 1828    409     9.64518    -1.45567    12.00092
 1829    409     9.65629    -1.45567    12.00092
  608    410    -3.88687    -1.43549    11.92562
  609    410    -3.87583    -1.43549    11.92562
  610    410    -3.86479    -1.43549    11.92562
  611    410    -3.85374    -1.43549    11.92562
  612    410    -3.84270    -1.43549    11.92562
 1125    410     1.82197    -1.43549    11.92562
 1126    410     1.83301    -1.43549    11.92562
 1129    410     1.86614    -1.43549    11.92562
 1130    410     1.87718    -1.43549    11.92562
 1149    410     2.08698    -1.43549    11.92562
 1150    410     2.09803    -1.43549    11.92562
 1151    410     2.10907    -1.43549    11.92562
 1168    410     2.29679    -1.43549    11.92562
 1169    410     2.30783    -1.43549    11.92562
 1184    410     2.47346    -1.43549    11.92562
 1185    410     2.48450    -1.43549    11.92562
 1189    410     2.52867    -1.43549    11.92562
 1808    410     9.36382    -1.43549    11.92562
 1809    410     9.37487    -1.43549    11.92562
 1810    410     9.38591    -1.43549    11.92562
 1811    410     9.39695    -1.43549    11.92562
 1812    410     9.40799    -1.43549    11.92562
 1813    410     9.41903    -1.43549    11.92562
 1814    410     9.43008    -1.43549    11.92562
 1815    410     9.44112    -1.43549    11.92562
 1816    410     9.45216    -1.43549    11.92562
 1817    410     9.46320    -1.43549    11.92562
 1820    410     9.49633    -1.43549    11.92562
 1821    410     9.50737    -1.43549    11.92562
 1822    410     9.51841    -1.43549    11.92562
 1823    410     9.52946    -1.43549    11.92562
 1824    410     9.54050    -1.43549    11.92562
 1825    410     9.55154    -1.43549    11.92562
 1826    410     9.56258    -1.43549    11.92562
 1827    410     9.57363    -1.43549    11.92562
 1828    410     9.58467    -1.43549    11.92562
 1829    410     9.59571    -1.43549    11.92562
 1830    410     9.60675    -1.43549    11.92562
 1831    410     9.61779    -1.43549    11.92562
  603    411    -3.91750    -1.41557    11.85127
  604    411    -3.90653    -1.41557    11.85127
  605    411    -3.89556    -1.41557    11.85127
  606    411    -3.88458    -1.41557    11.85127
  607    411    -3.87361    -1.41557    11.85127
  608    411    -3.86264    -1.41557    11.85127
  609    411    -3.85166    -1.41557    11.85127
  610    411    -3.84069    -1.41557    11.85127
  611    411    -3.82972    -1.41557    11.85127
  612    411    -3.81874    -1.41557    11.85127
 1125    411     1.81061    -1.41557    11.85127
 1126    411     1.82158    -1.41557    11.85127
 1127    411     1.83256    -1.41557    11.85127
 1129    411     1.85450    -1.41557    11.85127
 1130    411     1.86548    -1.41557    11.85127
 1131    411     1.87645    -1.41557    11.85127
 1147    411     2.05203    -1.41557    11.85127
 1148    411     2.06300    -1.41557    11.85127
 1150    411     2.08495    -1.41557    11.85127
 1151    411     2.09592    -1.41557    11.85127
 1168    411     2.28247    -1.41557    11.85127
 1169    411     2.29344    -1.41557    11.85127
 1170    411     2.30441    -1.41557    11.85127
 1185    411     2.46901    -1.41557    11.85127
 1186    411     2.47999    -1.41557    11.85127
 1811    411     9.33836    -1.41557    11.85127
 1812    411     9.34933    -1.41557    11.85127
 1813    411     9.36031    -1.41557    11.85127
 1814    411     9.37128    -1.41557    11.85127
 1815    411     9.38225    -1.41557    11.85127
 1816    411     9.39323    -1.41557    11.85127
 1817    411     9.40420    -1.41557    11.85127
 1818    411     9.41517    -1.41557    11.85127
 1819    411     9.42615    -1.41557    11.85127
 1822    411     9.45907    -1.41557    11.85127
 1823    411     9.47004    -1.41557    11.85127
 1824    411     9.48101    -1.41557    11.85127
 1825    411     9.49199    -1.41557    11.85127
 1826    411     9.50296    -1.41557    11.85127
 1827    411     9.51393    -1.41557    11.85127
 1828    411     9.52491    -1.41557    11.85127
 1829    411     9.53588    -1.41557    11.85127
 1830    411     9.54685    -1.41557    11.85127
 1831    411     9.55783    -1.41557    11.85127
 1832    411     9.56880    -1.41557    11.85127
  601    412    -3.91504    -1.39589    11.77783
  602    412    -3.90413    -1.39589    11.77783
  603    412    -3.89323    -1.39589    11.77783
  604    412    -3.88232    -1.39589    11.77783
  605    412    -3.87142    -1.39589    11.77783
  606    412    -3.86051    -1.39589    11.77783
  607    412    -3.84961    -1.39589    11.77783
  608    412    -3.83870    -1.39589    11.77783
  609    412    -3.82780    -1.39589    11.77783
  610    412    -3.81689    -1.39589    11.77783
  611    412    -3.80598    -1.39589    11.77783
  612    412    -3.79508    -1.39589    11.77783
  613    412    -3.78417    -1.39589    11.77783
 1126    412     1.81030    -1.39589    11.77783
 1127    412     1.82120    -1.39589    11.77783
 1130    412     1.85392    -1.39589    11.77783
 1131    412     1.86482    -1.39589    11.77783
 1147    412     2.03931    -1.39589    11.77783
 1148    412     2.05022    -1.39589    11.77783
 1150    412     2.07203    -1.39589    11.77783
 1151    412     2.08293    -1.39589    11.77783
 1152    412     2.09384    -1.39589    11.77783
 1166    412     2.24651    -1.39589    11.77783
 1167    412     2.25742    -1.39589    11.77783
 1169    412     2.27923    -1.39589    11.77783
 1170    412     2.29013    -1.39589    11.77783
 1171    412     2.30104    -1.39589    11.77783
 1186    412     2.46462    -1.39589    11.77783
 1191    412     2.51915    -1.39589    11.77783
 1813    412     9.30231    -1.39589    11.77783
 1814    412     9.31321    -1.39589    11.77783
 1815    412     9.32412    -1.39589    11.77783
 1816    412     9.33502    -1.39589    11.77783
 1817    412     9.34593    -1.39589    11.77783
 1818    412     9.35683    -1.39589    11.77783
 1819    412     9.36774    -1.39589    11.77783
 1820    412     9.37864    -1.39589    11.77783
 1821    412     9.38955    -1.39589    11.77783
 1822    412     9.40046    -1.39589    11.77783
 1826    412     9.44408    -1.39589    11.77783
 1827    412     9.45498    -1.39589    11.77783
 1828    412     9.46589    -1.39589    11.77783
 1829    412     9.47679    -1.39589    11.77783
 1830    412     9.48770    -1.39589    11.77783
 1831    412     9.49860    -1.39589    11.77783
 1832    412     9.50951    -1.39589    11.77783
 1833    412     9.52041    -1.39589    11.77783
 1834    412     9.53132    -1.39589    11.77783
 1835    412     9.54223    -1.39589    11.77783
 1836    412     9.55313    -1.39589    11.77783
 1837    412     9.56404    -1.39589    11.77783
  593    413    -3.97764    -1.37646    11.70530
  594    413    -3.96680    -1.37646    11.70530
  595    413    -3.95596    -1.37646    11.70530
  596    413    -3.94512    -1.37646    11.70530
  598    413    -3.92344    -1.37646    11.70530
  599    413    -3.91261    -1.37646    11.70530
  600    413    -3.90177    -1.37646    11.70530
  601    413    -3.89093    -1.37646    11.70530
  602    413    -3.88009    -1.37646    11.70530
  603    413    -3.86925    -1.37646    11.70530
  604    413    -3.85841    -1.37646    11.70530
  605    413    -3.84758    -1.37646    11.70530
  606    413    -3.83674    -1.37646    11.70530
  607    413    -3.82590    -1.37646    11.70530
  608    413    -3.81506    -1.37646    11.70530
  609    413    -3.80422    -1.37646    11.70530
  610    413    -3.79339    -1.37646    11.70530
  611    413    -3.78255    -1.37646    11.70530
  612    413    -3.77171    -1.37646    11.70530
 1126    413     1.79915    -1.37646    11.70530
 1127    413     1.80999    -1.37646    11.70530
 1128    413     1.82082    -1.37646    11.70530
 1130    413     1.84250    -1.37646    11.70530
 1131    413     1.85334    -1.37646    11.70530
 1132    413     1.86418    -1.37646    11.70530
 1147    413     2.02675    -1.37646    11.70530
 1148    413     2.03759    -1.37646    11.70530
 1151    413     2.07010    -1.37646    11.70530
 1152    413     2.08094    -1.37646    11.70530
 1166    413     2.23268    -1.37646    11.70530
 1167    413     2.24352    -1.37646    11.70530
 1170    413     2.27603    -1.37646    11.70530
 1171    413     2.28687    -1.37646    11.70530
 1192    413     2.51447    -1.37646    11.70530
 1193    413     2.52531    -1.37646    11.70530
 1817    413     9.28837    -1.37646    11.70530
 1818    413     9.29921    -1.37646    11.70530
 1819    413     9.31005    -1.37646    11.70530
 1820    413     9.32089    -1.37646    11.70530
 1821    413     9.33173    -1.37646    11.70530
 1822    413     9.34257    -1.37646    11.70530
 1823    413     9.35340    -1.37646    11.70530
 1824    413     9.36424    -1.37646    11.70530
 1825    413     9.37508    -1.37646    11.70530
 1826    413     9.38592    -1.37646    11.70530
 1829    413     9.41843    -1.37646    11.70530
 1830    413     9.42927    -1.37646    11.70530
 1831    413     9.44011    -1.37646    11.70530
 1832    413     9.45095    -1.37646    11.70530
 1833    413     9.46179    -1.37646    11.70530
 1834    413     9.47262    -1.37646    11.70530
 1835    413     9.48346    -1.37646    11.70530
 1836    413     9.49430    -1.37646    11.70530
 1837    413     9.50514    -1.37646    11.70530
 1838    413     9.51598    -1.37646    11.70530
 1839    413     9.52682    -1.37646    11.70530
  591    414    -3.97483    -1.35726    11.63366
  592    414    -3.96406    -1.35726    11.63366
  593    414    -3.95329    -1.35726    11.63366
  594    414    -3.94252    -1.35726    11.63366
  595    414    -3.93175    -1.35726    11.63366
  596    414    -3.92097    -1.35726    11.63366
  597    414    -3.91020    -1.35726    11.63366
  598    414    -3.89943    -1.35726    11.63366
  599    414    -3.88866    -1.35726    11.63366
  600    414    -3.87789    -1.35726    11.63366
  601    414    -3.86711    -1.35726    11.63366
  602    414    -3.85634    -1.35726    11.63366
  603    414    -3.84557    -1.35726    11.63366
  604    414    -3.83480    -1.35726    11.63366
  605    414    -3.82403    -1.35726    11.63366
  606    414    -3.81326    -1.35726    11.63366
  607    414    -3.80248    -1.35726    11.63366
  608    414    -3.79171    -1.35726    11.63366
  609    414    -3.78094    -1.35726    11.63366
  610    414    -3.77017    -1.35726    11.63366
  611    414    -3.75940    -1.35726    11.63366
  612    414    -3.74862    -1.35726    11.63366
 1127    414     1.79891    -1.35726    11.63366
 1128    414     1.80968    -1.35726    11.63366
 1129    414     1.82045    -1.35726    11.63366
 1131    414     1.84200    -1.35726    11.63366
 1132    414     1.85277    -1.35726    11.63366
 1133    414     1.86354    -1.35726    11.63366
 1148    414     2.02512    -1.35726    11.63366
 1149    414     2.03589    -1.35726    11.63366
 1150    414     2.04666    -1.35726    11.63366
 1166    414     2.21901    -1.35726    11.63366
 1167    414     2.22978    -1.35726    11.63366
 1168    414     2.24056    -1.35726    11.63366
 1171    414     2.27287    -1.35726    11.63366
 1172    414     2.28364    -1.35726    11.63366
 1189    414     2.46677    -1.35726    11.63366
 1192    414     2.49908    -1.35726    11.63366
 1193    414     2.50985    -1.35726    11.63366
 1194    414     2.52063    -1.35726    11.63366
 1819    414     9.25307    -1.35726    11.63366
 1820    414     9.26384    -1.35726    11.63366
 1821    414     9.27461    -1.35726    11.63366
 1822    414     9.28538    -1.35726    11.63366
 1823    414     9.29616    -1.35726    11.63366
 1824    414     9.30693    -1.35726    11.63366
 1825    414     9.31770    -1.35726    11.63366
 1826    414     9.32847    -1.35726    11.63366
 1827    414     9.33924    -1.35726    11.63366
 1828    414     9.35002    -1.35726    11.63366
 1829    414     9.36079    -1.35726    11.63366
 1831    414     9.38233    -1.35726    11.63366
 1832    414     9.39310    -1.35726    11.63366
 1833    414     9.40388    -1.35726    11.63366
 1834    414     9.41465    -1.35726    11.63366
 1835    414     9.42542    -1.35726    11.63366
 1836    414     9.43619    -1.35726    11.63366
 1837    414     9.44696    -1.35726    11.63366
 1838    414     9.45773    -1.35726    11.63366
 1839    414     9.46851    -1.35726    11.63366
 1840    414     9.47928    -1.35726    11.63366
 1841    414     9.49005    -1.35726    11.63366
  590    415    -3.96136    -1.33830    11.56289
  591    415    -3.95065    -1.33830    11.56289
  592    415    -3.93995    -1.33830    11.56289
  593    415    -3.92924    -1.33830    11.56289
  594    415    -3.91853    -1.33830    11.56289
  595    415    -3.90783    -1.33830    11.56289
  596    415    -3.89712    -1.33830    11.56289
  597    415    -3.88642    -1.33830    11.56289
  598    415    -3.87571    -1.33830    11.56289
  599    415    -3.86500    -1.33830    11.56289
  600    415    -3.85430    -1.33830    11.56289
  601    415    -3.84359    -1.33830    11.56289
  602    415    -3.83288    -1.33830    11.56289
  603    415    -3.82218    -1.33830    11.56289
  604    415    -3.81147    -1.33830    11.56289
  605    415    -3.80076    -1.33830    11.56289
  606    415    -3.79006    -1.33830    11.56289
  607    415    -3.77935    -1.33830    11.56289
  608    415    -3.76865    -1.33830    11.56289
  609    415    -3.75794    -1.33830    11.56289
  610    415    -3.74723    -1.33830    11.56289
  611    415    -3.73653    -1.33830    11.56289
 1128    415     1.79867    -1.33830    11.56289
 1129    415     1.80938    -1.33830    11.56289
 1132    415     1.84150    -1.33830    11.56289
 1133    415     1.85220    -1.33830    11.56289
 1134    415     1.86291    -1.33830    11.56289
 1149    415     2.02351    -1.33830    11.56289
 1150    415     2.03421    -1.33830    11.56289
 1167    415     2.21622    -1.33830    11.56289
 1168    415     2.22693    -1.33830    11.56289
 1169    415     2.23763    -1.33830    11.56289
 1172    415     2.26975    -1.33830    11.56289
 1189    415     2.45176    -1.33830    11.56289
 1190    415     2.46247    -1.33830    11.56289
 1193    415     2.49459    -1.33830    11.56289
 1194    415     2.50529    -1.33830    11.56289
 1195    415     2.51600    -1.33830    11.56289
 1821    415     9.21819    -1.33830    11.56289
 1822    415     9.22890    -1.33830    11.56289
 1823    415     9.23961    -1.33830    11.56289
 1824    415     9.25031    -1.33830    11.56289
 1825    415     9.26102    -1.33830    11.56289
 1826    415     9.27172    -1.33830    11.56289
 1827    415     9.28243    -1.33830    11.56289
 1828    415     9.29314    -1.33830    11.56289
 1829    415     9.30384    -1.33830    11.56289
 1830    415     9.31455    -1.33830    11.56289
 1831    415     9.32526    -1.33830    11.56289
 1835    415     9.36808    -1.33830    11.56289
 1836    415     9.37879    -1.33830    11.56289
 1837    415     9.38949    -1.33830    11.56289
 1838    415     9.40020    -1.33830    11.56289
 1839    415     9.41091    -1.33830    11.56289
 1840    415     9.42161    -1.33830    11.56289
 1841    415     9.43232    -1.33830    11.56289
 1842    415     9.44303    -1.33830    11.56289
 1843    415     9.45373    -1.33830    11.56289
 1844    415     9.46444    -1.33830    11.56289
 1845    415     9.47515    -1.33830    11.56289
 1846    415     9.48585    -1.33830    11.56289
 1847    415     9.49656    -1.33830    11.56289
  588    416    -3.95869    -1.31956    11.49297
  589    416    -3.94805    -1.31956    11.49297
  590    416    -3.93741    -1.31956    11.49297
  591    416    -3.92677    -1.31956    11.49297
  592    416    -3.91612    -1.31956    11.49297
  593    416    -3.90548    -1.31956    11.49297
  594    416    -3.89484    -1.31956    11.49297
  595    416    -3.88420    -1.31956    11.49297
  596    416    -3.87356    -1.31956    11.49297
  597    416    -3.86292    -1.31956    11.49297
  598    416    -3.85227    -1.31956    11.49297
  599    416    -3.84163    -1.31956    11.49297
  600    416    -3.83099    -1.31956    11.49297
  601    416    -3.82035    -1.31956    11.49297
  602    416    -3.80971    -1.31956    11.49297
  603    416    -3.79907    -1.31956    11.49297
  605    416    -3.77778    -1.31956    11.49297
  606    416    -3.76714    -1.31956    11.49297
  607    416    -3.75650    -1.31956    11.49297
  608    416    -3.74586    -1.31956    11.49297
  609    416    -3.73522    -1.31956    11.49297
  610    416    -3.72458    -1.31956    11.49297
 1129    416     1.79844    -1.31956    11.49297
 1130    416     1.80908    -1.31956    11.49297
 1133    416     1.84100    -1.31956    11.49297
 1134    416     1.85165    -1.31956    11.49297
 1135    416     1.86229    -1.31956    11.49297
 1155    416     2.07512    -1.31956    11.49297
 1156    416     2.08576    -1.31956    11.49297
 1168    416     2.21346    -1.31956    11.49297
 1169    416     2.22410    -1.31956    11.49297
 1173    416     2.26667    -1.31956    11.49297
 1190    416     2.44758    -1.31956    11.49297
 1191    416     2.45822    -1.31956    11.49297
 1194    416     2.49014    -1.31956    11.49297
 1195    416     2.50079    -1.31956    11.49297
 1825    416     9.20502    -1.31956    11.49297
 1826    416     9.21566    -1.31956    11.49297
 1827    416     9.22630    -1.31956    11.49297
 1828    416     9.23695    -1.31956    11.49297
 1829    416     9.24759    -1.31956    11.49297
 1830    416     9.25823    -1.31956    11.49297
 1831    416     9.26887    -1.31956    11.49297
 1832    416     9.27951    -1.31956    11.49297
 1833    416     9.29015    -1.31956    11.49297
 1834    416     9.30080    -1.31956    11.49297
 1835    416     9.31144    -1.31956    11.49297
 1839    416     9.35400    -1.31956    11.49297
 1840    416     9.36465    -1.31956    11.49297
 1841    416     9.37529    -1.31956    11.49297
 1842    416     9.38593    -1.31956    11.49297
 1843    416     9.39657    -1.31956    11.49297
 1844    416     9.40721    -1.31956    11.49297
 1845    416     9.41785    -1.31956    11.49297
 1846    416     9.42850    -1.31956    11.49297
 1847    416     9.43914    -1.31956    11.49297
 1848    416     9.44978    -1.31956    11.49297
 1849    416     9.46042    -1.31956    11.49297
  587    417    -3.94548    -1.30106    11.42390
  588    417    -3.93490    -1.30106    11.42390
  589    417    -3.92432    -1.30106    11.42390
  590    417    -3.91374    -1.30106    11.42390
  591    417    -3.90317    -1.30106    11.42390
  592    417    -3.89259    -1.30106    11.42390
  593    417    -3.88201    -1.30106    11.42390
  594    417    -3.87143    -1.30106    11.42390
  595    417    -3.86086    -1.30106    11.42390
  596    417    -3.85028    -1.30106    11.42390
  597    417    -3.83970    -1.30106    11.42390
  598    417    -3.82912    -1.30106    11.42390
  599    417    -3.81854    -1.30106    11.42390
  600    417    -3.80797    -1.30106    11.42390
  601    417    -3.79739    -1.30106    11.42390
  604    417    -3.76566    -1.30106    11.42390
  605    417    -3.75508    -1.30106    11.42390
  606    417    -3.74450    -1.30106    11.42390
  607    417    -3.73392    -1.30106    11.42390
  608    417    -3.72335    -1.30106    11.42390
  609    417    -3.71277    -1.30106    11.42390
 1129    417     1.78763    -1.30106    11.42390
 1130    417     1.79821    -1.30106    11.42390
 1131    417     1.80878    -1.30106    11.42390
 1134    417     1.84052    -1.30106    11.42390
 1135    417     1.85109    -1.30106    11.42390
 1136    417     1.86167    -1.30106    11.42390
 1155    417     2.06265    -1.30106    11.42390
 1156    417     2.07323    -1.30106    11.42390
 1157    417     2.08380    -1.30106    11.42390
 1170    417     2.22131    -1.30106    11.42390
 1174    417     2.26362    -1.30106    11.42390
 1190    417     2.43287    -1.30106    11.42390
 1191    417     2.44345    -1.30106    11.42390
 1192    417     2.45402    -1.30106    11.42390
 1194    417     2.47518    -1.30106    11.42390
 1195    417     2.48576    -1.30106    11.42390
 1196    417     2.49633    -1.30106    11.42390
 1827    417     9.17085    -1.30106    11.42390
 1828    417     9.18143    -1.30106    11.42390
 1829    417     9.19201    -1.30106    11.42390
 1830    417     9.20259    -1.30106    11.42390
 1831    417     9.21316    -1.30106    11.42390
 1832    417     9.22374    -1.30106    11.42390
 1833    417     9.23432    -1.30106    11.42390
 1834    417     9.24490    -1.30106    11.42390
 1835    417     9.25547    -1.30106    11.42390
 1836    417     9.26605    -1.30106    11.42390
 1837    417     9.27663    -1.30106    11.42390
 1838    417     9.28721    -1.30106    11.42390
 1841    417     9.31894    -1.30106    11.42390
 1842    417     9.32952    -1.30106    11.42390
 1843    417     9.34010    -1.30106    11.42390
 1844    417     9.35067    -1.30106    11.42390
 1845    417     9.36125    -1.30106    11.42390
 1846    417     9.37183    -1.30106    11.42390
 1847    417     9.38241    -1.30106    11.42390
 1848    417     9.39298    -1.30106    11.42390
 1849    417     9.40356    -1.30106    11.42390
 1850    417     9.41414    -1.30106    11.42390
  586    418    -3.93242    -1.28277    11.35565
  587    418    -3.92191    -1.28277    11.35565
  588    418    -3.91139    -1.28277    11.35565
  589    418    -3.90088    -1.28277    11.35565
  590    418    -3.89036    -1.28277    11.35565
  591    418    -3.87985    -1.28277    11.35565
  592    418    -3.86933    -1.28277    11.35565
  593    418    -3.85882    -1.28277    11.35565
  594    418    -3.84830    -1.28277    11.35565
  595    418    -3.83779    -1.28277    11.35565
  596    418    -3.82727    -1.28277    11.35565
  597    418    -3.81676    -1.28277    11.35565
  598    418    -3.80625    -1.28277    11.35565
  599    418    -3.79573    -1.28277    11.35565
  603    418    -3.75367    -1.28277    11.35565
  604    418    -3.74316    -1.28277    11.35565
  605    418    -3.73264    -1.28277    11.35565
  606    418    -3.72213    -1.28277    11.35565
  607    418    -3.71162    -1.28277    11.35565
  608    418    -3.70110    -1.28277    11.35565
 1130    418     1.78746    -1.28277    11.35565
 1131    418     1.79798    -1.28277    11.35565
 1132    418     1.80849    -1.28277    11.35565
 1134    418     1.82952    -1.28277    11.35565
 1135    418     1.84004    -1.28277    11.35565
 1136    418     1.85055    -1.28277    11.35565
 1153    418     2.02930    -1.28277    11.35565
 1156    418     2.06084    -1.28277    11.35565
 1157    418     2.07135    -1.28277    11.35565
 1158    418     2.08187    -1.28277    11.35565
 1171    418     2.21856    -1.28277    11.35565
 1191    418     2.42885    -1.28277    11.35565
 1192    418     2.43936    -1.28277    11.35565
 1193    418     2.44988    -1.28277    11.35565
 1195    418     2.47091    -1.28277    11.35565
 1196    418     2.48142    -1.28277    11.35565
 1197    418     2.49193    -1.28277    11.35565
 1832    418     9.16864    -1.28277    11.35565
 1833    418     9.17915    -1.28277    11.35565
 1834    418     9.18967    -1.28277    11.35565
 1835    418     9.20018    -1.28277    11.35565
 1836    418     9.21069    -1.28277    11.35565
 1837    418     9.22121    -1.28277    11.35565
 1838    418     9.23172    -1.28277    11.35565
 1839    418     9.24224    -1.28277    11.35565
 1840    418     9.25275    -1.28277    11.35565
 1841    418     9.26327    -1.28277    11.35565
 1843    418     9.28430    -1.28277    11.35565
 1844    418     9.29481    -1.28277    11.35565
 1845    418     9.30532    -1.28277    11.35565
 1846    418     9.31584    -1.28277    11.35565
 1847    418     9.32635    -1.28277    11.35565
 1848    418     9.33687    -1.28277    11.35565
 1849    418     9.34738    -1.28277    11.35565
 1850    418     9.35790    -1.28277    11.35565
 1853    418     9.38944    -1.28277    11.35565
 1854    418     9.39996    -1.28277    11.35565
 1855    418     9.41047    -1.28277    11.35565
 1856    418     9.42098    -1.28277    11.35565
 1857    418     9.43150    -1.28277    11.35565
 1858    418     9.44201    -1.28277    11.35565
  586    419    -3.90907    -1.26470    11.28821
  587    419    -3.89861    -1.26470    11.28821
  588    419    -3.88816    -1.26470    11.28821
  589    419    -3.87771    -1.26470    11.28821
  590    419    -3.86726    -1.26470    11.28821
  591    419    -3.85681    -1.26470    11.28821
  592    419    -3.84635    -1.26470    11.28821
  593    419    -3.83590    -1.26470    11.28821
  602    419    -3.74183    -1.26470    11.28821
  603    419    -3.73138    -1.26470    11.28821
  604    419    -3.72093    -1.26470    11.28821
  605    419    -3.71048    -1.26470    11.28821
  606    419    -3.70003    -1.26470    11.28821
  607    419    -3.68957    -1.26470    11.28821
  608    419    -3.67912    -1.26470    11.28821
 1131    419     1.78730    -1.26470    11.28821
 1132    419     1.79775    -1.26470    11.28821
 1133    419     1.80820    -1.26470    11.28821
 1135    419     1.82911    -1.26470    11.28821
 1136    419     1.83956    -1.26470    11.28821
 1137    419     1.85001    -1.26470    11.28821
 1153    419     2.01725    -1.26470    11.28821
 1154    419     2.02770    -1.26470    11.28821
 1157    419     2.05905    -1.26470    11.28821
 1158    419     2.06951    -1.26470    11.28821
 1172    419     2.21583    -1.26470    11.28821
 1192    419     2.42488    -1.26470    11.28821
 1193    419     2.43533    -1.26470    11.28821
 1196    419     2.46668    -1.26470    11.28821
 1197    419     2.47714    -1.26470    11.28821
 1198    419     2.48759    -1.26470    11.28821
 1835    419     9.14554    -1.26470    11.28821
 1836    419     9.15599    -1.26470    11.28821
 1837    419     9.16645    -1.26470    11.28821
 1838    419     9.17690    -1.26470    11.28821
 1839    419     9.18735    -1.26470    11.28821
 1840    419     9.19780    -1.26470    11.28821
 1841    419     9.20825    -1.26470    11.28821
 1842    419     9.21871    -1.26470    11.28821
 1843    419     9.22916    -1.26470    11.28821
 1846    419     9.26051    -1.26470    11.28821
 1847    419     9.27097    -1.26470    11.28821
 1848    419     9.28142    -1.26470    11.28821
 1849    419     9.29187    -1.26470    11.28821
 1850    419     9.30232    -1.26470    11.28821
 1851    419     9.31278    -1.26470    11.28821
 1852    419     9.32323    -1.26470    11.28821
 1853    419     9.33368    -1.26470    11.28821
 1854    419     9.34413    -1.26470    11.28821
 1855    419     9.35458    -1.26470    11.28821
 1856    419     9.36504    -1.26470    11.28821
 1857    419     9.37549    -1.26470    11.28821
 1858    419     9.38594    -1.26470    11.28821
 1859    419     9.39639    -1.26470    11.28821
 1860    419     9.40684    -1.26470    11.28821
 1861    419     9.41730    -1.26470    11.28821
  585    420    -3.89638    -1.24684    11.22157
  586    420    -3.88599    -1.24684    11.22157
  587    420    -3.87560    -1.24684    11.22157
  588    420    -3.86521    -1.24684    11.22157
  589    420    -3.85482    -1.24684    11.22157
  592    420    -3.82365    -1.24684    11.22157
  593    420    -3.81326    -1.24684    11.22157
  594    420    -3.80287    -1.24684    11.22157
  601    420    -3.73013    -1.24684    11.22157
  602    420    -3.71974    -1.24684    11.22157
  603    420    -3.70935    -1.24684    11.22157
  604    420    -3.69896    -1.24684    11.22157
  605    420    -3.68857    -1.24684    11.22157
  606    420    -3.67818    -1.24684    11.22157
  607    420    -3.66779    -1.24684    11.22157
 1131    420     1.77675    -1.24684    11.22157
 1132    420     1.78714    -1.24684    11.22157
 1133    420     1.79753    -1.24684    11.22157
 1135    420     1.81831    -1.24684    11.22157
 1136    420     1.82870    -1.24684    11.22157
 1137    420     1.83909    -1.24684    11.22157
 1154    420     2.01573    -1.24684    11.22157
 1155    420     2.02612    -1.24684    11.22157
 1158    420     2.05729    -1.24684    11.22157
 1159    420     2.06768    -1.24684    11.22157
 1192    420     2.41056    -1.24684    11.22157
 1193    420     2.42095    -1.24684    11.22157
 1194    420     2.43134    -1.24684    11.22157
 1197    420     2.46251    -1.24684    11.22157
 1198    420     2.47290    -1.24684    11.22157
 1199    420     2.48329    -1.24684    11.22157
 1838    420     9.12272    -1.24684    11.22157
 1839    420     9.13311    -1.24684    11.22157
 1840    420     9.14350    -1.24684    11.22157
 1841    420     9.15389    -1.24684    11.22157
 1842    420     9.16428    -1.24684    11.22157
 1843    420     9.17467    -1.24684    11.22157
 1844    420     9.18506    -1.24684    11.22157
 1845    420     9.19545    -1.24684    11.22157
 1846    420     9.20584    -1.24684    11.22157
 1850    420     9.24740    -1.24684    11.22157
 1851    420     9.25780    -1.24684    11.22157
 1852    420     9.26819    -1.24684    11.22157
 1853    420     9.27858    -1.24684    11.22157
 1854    420     9.28897    -1.24684    11.22157
 1855    420     9.29936    -1.24684    11.22157
 1856    420     9.30975    -1.24684    11.22157
 1857    420     9.32014    -1.24684    11.22157
 1858    420     9.33053    -1.24684    11.22157
 1859    420     9.34092    -1.24684    11.22157
 1860    420     9.35131    -1.24684    11.22157
 1861    420     9.36170    -1.24684    11.22157
  584    421    -3.88384    -1.22919    11.15571
  585    421    -3.87351    -1.22919    11.15571
  586    421    -3.86318    -1.22919    11.15571
  587    421    -3.85285    -1.22919    11.15571
  588    421    -3.84252    -1.22919    11.15571
  590    421    -3.82186    -1.22919    11.15571
  591    421    -3.81153    -1.22919    11.15571
  592    421    -3.80120    -1.22919    11.15571
  593    421    -3.79088    -1.22919    11.15571
  594    421    -3.78055    -1.22919    11.15571
  595    421    -3.77022    -1.22919    11.15571
  600    421    -3.71857    -1.22919    11.15571
  601    421    -3.70824    -1.22919    11.15571
  602    421    -3.69791    -1.22919    11.15571
  603    421    -3.68758    -1.22919    11.15571
  604    421    -3.67725    -1.22919    11.15571
  605    421    -3.66692    -1.22919    11.15571
  606    421    -3.65659    -1.22919    11.15571
 1132    421     1.77665    -1.22919    11.15571
 1133    421     1.78698    -1.22919    11.15571
 1134    421     1.79731    -1.22919    11.15571
 1136    421     1.81797    -1.22919    11.15571
 1137    421     1.82830    -1.22919    11.15571
 1138    421     1.83863    -1.22919    11.15571
 1154    421     2.00390    -1.22919    11.15571
 1155    421     2.01423    -1.22919    11.15571
 1156    421     2.02455    -1.22919    11.15571
 1159    421     2.05554    -1.22919    11.15571
 1160    421     2.06587    -1.22919    11.15571
 1193    421     2.40674    -1.22919    11.15571
 1194    421     2.41707    -1.22919    11.15571
 1195    421     2.42740    -1.22919    11.15571
 1198    421     2.45839    -1.22919    11.15571
 1199    421     2.46872    -1.22919    11.15571
 1200    421     2.47905    -1.22919    11.15571
 1840    421     9.08984    -1.22919    11.15571
 1841    421     9.10017    -1.22919    11.15571
 1842    421     9.11050    -1.22919    11.15571
 1843    421     9.12083    -1.22919    11.15571
 1844    421     9.13116    -1.22919    11.15571
 1845    421     9.14148    -1.22919    11.15571
 1846    421     9.15181    -1.22919    11.15571
 1847    421     9.16214    -1.22919    11.15571
 1848    421     9.17247    -1.22919    11.15571
 1852    421     9.21379    -1.22919    11.15571
 1853    421     9.22412    -1.22919    11.15571
 1854    421     9.23445    -1.22919    11.15571
 1855    421     9.24478    -1.22919    11.15571
 1856    421     9.25511    -1.22919    11.15571
 1857    421     9.26544    -1.22919    11.15571
 1858    421     9.27577    -1.22919    11.15571
 1859    421     9.28610    -1.22919    11.15571
 1860    421     9.29642    -1.22919    11.15571
 1861    421     9.30675    -1.22919    11.15571
 1862    421     9.31708    -1.22919    11.15571
  583    422    -3.87145    -1.21175    11.09062
  584    422    -3.86118    -1.21175    11.09062
  585    422    -3.85091    -1.21175    11.09062
  586    422    -3.84064    -1.21175    11.09062
  587    422    -3.83037    -1.21175    11.09062
  589    422    -3.80983    -1.21175    11.09062
  590    422    -3.79956    -1.21175    11.09062
  591    422    -3.78929    -1.21175    11.09062
  592    422    -3.77903    -1.21175    11.09062
  593    422    -3.76876    -1.21175    11.09062
  594    422    -3.75849    -1.21175    11.09062
  595    422    -3.74822    -1.21175    11.09062
  598    422    -3.71741    -1.21175    11.09062
  599    422    -3.70714    -1.21175    11.09062
  600    422    -3.69687    -1.21175    11.09062
  601    422    -3.68660    -1.21175    11.09062
  602    422    -3.67633    -1.21175    11.09062
  603    422    -3.66607    -1.21175    11.09062
  604    422    -3.65580    -1.21175    11.09062
  605    422    -3.64553    -1.21175    11.09062
  606    422    -3.63526    -1.21175    11.09062
 1133    422     1.77655    -1.21175    11.09062
 1134    422     1.78682    -1.21175    11.09062
 1135    422     1.79709    -1.21175    11.09062
 1137    422     1.81763    -1.21175    11.09062
 1138    422     1.82790    -1.21175    11.09062
 1139    422     1.83817    -1.21175    11.09062
 1155    422     2.00247    -1.21175    11.09062
 1156    422     2.01274    -1.21175    11.09062
 1157    422     2.02301    -1.21175    11.09062
 1159    422     2.04355    -1.21175    11.09062
 1160    422     2.05382    -1.21175    11.09062
 1178    422     2.23866    -1.21175    11.09062
 1194    422     2.40297    -1.21175    11.09062
 1195    422     2.41324    -1.21175    11.09062
 1196    422     2.42351    -1.21175    11.09062
 1199    422     2.45431    -1.21175    11.09062
 1200    422     2.46458    -1.21175    11.09062
 1201    422     2.47485    -1.21175    11.09062
 1842    422     9.05734    -1.21175    11.09062
 1843    422     9.06761    -1.21175    11.09062
 1844    422     9.07788    -1.21175    11.09062
 1845    422     9.08815    -1.21175    11.09062
 1846    422     9.09841    -1.21175    11.09062
 1847    422     9.10868    -1.21175    11.09062
 1848    422     9.11895    -1.21175    11.09062
 1849    422     9.12922    -1.21175    11.09062
 1850    422     9.13949    -1.21175    11.09062
 1851    422     9.14976    -1.21175    11.09062
 1852    422     9.16003    -1.21175    11.09062
 1856    422     9.20111    -1.21175    11.09062
 1857    422     9.21137    -1.21175    11.09062
 1858    422     9.22164    -1.21175    11.09062
 1859    422     9.23191    -1.21175    11.09062
 1860    422     9.24218    -1.21175    11.09062
 1861    422     9.25245    -1.21175    11.09062
 1862    422     9.26272    -1.21175    11.09062
 1863    422     9.27299    -1.21175    11.09062
 1864    422     9.28326    -1.21175    11.09062
  583    423    -3.84899    -1.19451    11.02628
  584    423    -3.83878    -1.19451    11.02628
  585    423    -3.82857    -1.19451    11.02628
  586    423    -3.81836    -1.19451    11.02628
  587    423    -3.80815    -1.19451    11.02628
  588    423    -3.79794    -1.19451    11.02628
  589    423    -3.78773    -1.19451    11.02628
  591    423    -3.76731    -1.19451    11.02628
  592    423    -3.75710    -1.19451    11.02628
  593    423    -3.74689    -1.19451    11.02628
  594    423    -3.73668    -1.19451    11.02628
  595    423    -3.72648    -1.19451    11.02628
  596    423    -3.71627    -1.19451    11.02628
  597    423    -3.70606    -1.19451    11.02628
  598    423    -3.69585    -1.19451    11.02628
  599    423    -3.68564    -1.19451    11.02628
  600    423    -3.67543    -1.19451    11.02628
  601    423    -3.66522    -1.19451    11.02628
  602    423    -3.65501    -1.19451    11.02628
  603    423    -3.64480    -1.19451    11.02628
  604    423    -3.63459    -1.19451    11.02628
  605    423    -3.62438    -1.19451    11.02628
 1133    423     1.76625    -1.19451    11.02628
 1134    423     1.77646    -1.19451    11.02628
 1135    423     1.78667    -1.19451    11.02628
 1138    423     1.81729    -1.19451    11.02628
 1139    423     1.82750    -1.19451    11.02628
 1140    423     1.83771    -1.19451    11.02628
 1156    423     2.00107    -1.19451    11.02628
 1157    423     2.01128    -1.19451    11.02628
 1160    423     2.04190    -1.19451    11.02628
 1161    423     2.05211    -1.19451    11.02628
 1179    423     2.23589    -1.19451    11.02628
 1195    423     2.39924    -1.19451    11.02628
 1196    423     2.40945    -1.19451    11.02628
 1197    423     2.41966    -1.19451    11.02628
 1200    423     2.45028    -1.19451    11.02628
 1201    423     2.46049    -1.19451    11.02628
 1845    423     9.03543    -1.19451    11.02628
 1846    423     9.04564    -1.19451    11.02628
 1847    423     9.05584    -1.19451    11.02628
 1848    423     9.06605    -1.19451    11.02628
 1849    423     9.07626    -1.19451    11.02628
 1850    423     9.08647    -1.19451    11.02628
 1851    423     9.09668    -1.19451    11.02628
 1852    423     9.10689    -1.19451    11.02628
 1853    423     9.11710    -1.19451    11.02628
 1854    423     9.12731    -1.19451    11.02628
 1855    423     9.13752    -1.19451    11.02628
 1856    423     9.14773    -1.19451    11.02628
 1858    423     9.16815    -1.19451    11.02628
 1859    423     9.17836    -1.19451    11.02628
 1860    423     9.18857    -1.19451    11.02628
 1861    423     9.19878    -1.19451    11.02628
 1862    423     9.20899    -1.19451    11.02628
 1863    423     9.21920    -1.19451    11.02628
 1864    423     9.22941    -1.19451    11.02628
 1865    423     9.23962    -1.19451    11.02628
  582    424    -3.83694    -1.17747    10.96269
  583    424    -3.82679    -1.17747    10.96269
  584    424    -3.81664    -1.17747    10.96269
  585    424    -3.80649    -1.17747    10.96269
  586    424    -3.79634    -1.17747    10.96269
  587    424    -3.78619    -1.17747    10.96269
  588    424    -3.77604    -1.17747    10.96269
  589    424    -3.76589    -1.17747    10.96269
  590    424    -3.75574    -1.17747    10.96269
  591    424    -3.74559    -1.17747    10.96269
  592    424    -3.73543    -1.17747    10.96269
  593    424    -3.72528    -1.17747    10.96269
  597    424    -3.68468    -1.17747    10.96269
  598    424    -3.67453    -1.17747    10.96269
  599    424    -3.66438    -1.17747    10.96269
  600    424    -3.65423    -1.17747    10.96269
  601    424    -3.64408    -1.17747    10.96269
  602    424    -3.63393    -1.17747    10.96269
  603    424    -3.62378    -1.17747    10.96269
  604    424    -3.61363    -1.17747    10.96269
 1134    424     1.76621    -1.17747    10.96269
 1135    424     1.77636    -1.17747    10.96269
 1136    424     1.78651    -1.17747    10.96269
 1138    424     1.80681    -1.17747    10.96269
 1139    424     1.81696    -1.17747    10.96269
 1140    424     1.82711    -1.17747    10.96269
 1157    424     1.99968    -1.17747    10.96269
 1158    424     2.00983    -1.17747    10.96269
 1161    424     2.04028    -1.17747    10.96269
 1176    424     2.19254    -1.17747    10.96269
 1196    424     2.39555    -1.17747    10.96269
 1197    424     2.40570    -1.17747    10.96269
 1198    424     2.41585    -1.17747    10.96269
 1201    424     2.44630    -1.17747    10.96269
 1202    424     2.45645    -1.17747    10.96269
 1849    424     9.02392    -1.17747    10.96269
 1850    424     9.03407    -1.17747    10.96269
 1851    424     9.04422    -1.17747    10.96269
 1852    424     9.05437    -1.17747    10.96269
 1853    424     9.06452    -1.17747    10.96269
 1854    424     9.07467    -1.17747    10.96269
 1855    424     9.08482    -1.17747    10.96269
 1856    424     9.09497    -1.17747    10.96269
 1857    424     9.10512    -1.17747    10.96269
 1858    424     9.11527    -1.17747    10.96269
 1860    424     9.13557    -1.17747    10.96269
 1861    424     9.14572    -1.17747    10.96269
 1862    424     9.15587    -1.17747    10.96269
 1863    424     9.16603    -1.17747    10.96269
 1864    424     9.17618    -1.17747    10.96269
 1865    424     9.18633    -1.17747    10.96269
 1866    424     9.19648    -1.17747    10.96269
  581    425    -3.82503    -1.16063    10.89982
  582    425    -3.81494    -1.16063    10.89982
  583    425    -3.80485    -1.16063    10.89982
  584    425    -3.79475    -1.16063    10.89982
  585    425    -3.78466    -1.16063    10.89982
  586    425    -3.77457    -1.16063    10.89982
  587    425    -3.76448    -1.16063    10.89982
  588    425    -3.75438    -1.16063    10.89982
  589    425    -3.74429    -1.16063    10.89982
  590    425    -3.73420    -1.16063    10.89982
  591    425    -3.72411    -1.16063    10.89982
  592    425    -3.71401    -1.16063    10.89982
  593    425    -3.70392    -1.16063    10.89982
  597    425    -3.66355    -1.16063    10.89982
  598    425    -3.65346    -1.16063    10.89982
  599    425    -3.64337    -1.16063    10.89982
  600    425    -3.63327    -1.16063    10.89982
  601    425    -3.62318    -1.16063    10.89982
  602    425    -3.61309    -1.16063    10.89982
  603    425    -3.60300    -1.16063    10.89982
 1135    425     1.76618    -1.16063    10.89982
 1136    425     1.77627    -1.16063    10.89982
 1137    425     1.78636    -1.16063    10.89982
 1139    425     1.80654    -1.16063    10.89982
 1140    425     1.81664    -1.16063    10.89982
 1141    425     1.82673    -1.16063    10.89982
 1158    425     1.99830    -1.16063    10.89982
 1177    425     2.19006    -1.16063    10.89982
 1197    425     2.39191    -1.16063    10.89982
 1198    425     2.40200    -1.16063    10.89982
 1199    425     2.41209    -1.16063    10.89982
 1202    425     2.44237    -1.16063    10.89982
 1203    425     2.45246    -1.16063    10.89982
 1851    425     8.99235    -1.16063    10.89982
 1852    425     9.00245    -1.16063    10.89982
 1853    425     9.01254    -1.16063    10.89982
 1854    425     9.02263    -1.16063    10.89982
 1855    425     9.03272    -1.16063    10.89982
 1856    425     9.04282    -1.16063    10.89982
 1857    425     9.05291    -1.16063    10.89982
 1858    425     9.06300    -1.16063    10.89982
 1859    425     9.07309    -1.16063    10.89982
 1862    425     9.10337    -1.16063    10.89982
 1863    425     9.11346    -1.16063    10.89982
 1864    425     9.12356    -1.16063    10.89982
 1865    425     9.13365    -1.16063    10.89982
 1866    425     9.14374    -1.16063    10.89982
 1867    425     9.15383    -1.16063    10.89982
 1868    425     9.16393    -1.16063    10.89982
 1869    425     9.17402    -1.16063    10.89982
 1870    425     9.18411    -1.16063    10.89982
 1871    425     9.19420    -1.16063    10.89982
 1872    425     9.20430    -1.16063    10.89982
  580    426    -3.81326    -1.14398    10.83768
  581    426    -3.80322    -1.14398    10.83768
  582    426    -3.79319    -1.14398    10.83768
  583    426    -3.78315    -1.14398    10.83768
  584    426    -3.77312    -1.14398    10.83768
  585    426    -3.76308    -1.14398    10.83768
  586    426    -3.75305    -1.14398    10.83768
  588    426    -3.73298    -1.14398    10.83768
  589    426    -3.72294    -1.14398    10.83768
  590    426    -3.71291    -1.14398    10.83768
  591    426    -3.70287    -1.14398    10.83768
  592    426    -3.69284    -1.14398    10.83768
  593    426    -3.68280    -1.14398    10.83768
  594    426    -3.67277    -1.14398    10.83768
  597    426    -3.64266    -1.14398    10.83768
  598    426    -3.63263    -1.14398    10.83768
  599    426    -3.62259    -1.14398    10.83768
  600    426    -3.61256    -1.14398    10.83768
  601    426    -3.60252    -1.14398    10.83768
  602    426    -3.59249    -1.14398    10.83768
 1136    426     1.76614    -1.14398    10.83768
 1137    426     1.77617    -1.14398    10.83768
 1138    426     1.78621    -1.14398    10.83768
 1141    426     1.81631    -1.14398    10.83768
 1142    426     1.82635    -1.14398    10.83768
 1182    426     2.22774    -1.14398    10.83768
 1198    426     2.38830    -1.14398    10.83768
 1199    426     2.39834    -1.14398    10.83768
 1203    426     2.43848    -1.14398    10.83768
 1204    426     2.44851    -1.14398    10.83768
 1205    426     2.45855    -1.14398    10.83768
 1854    426     8.97119    -1.14398    10.83768
 1855    426     8.98122    -1.14398    10.83768
 1856    426     8.99126    -1.14398    10.83768
 1857    426     9.00129    -1.14398    10.83768
 1858    426     9.01133    -1.14398    10.83768
 1859    426     9.02136    -1.14398    10.83768
 1860    426     9.03140    -1.14398    10.83768
 1861    426     9.04143    -1.14398    10.83768
 1864    426     9.07154    -1.14398    10.83768
 1865    426     9.08157    -1.14398    10.83768
 1866    426     9.09161    -1.14398    10.83768
 1867    426     9.10164    -1.14398    10.83768
 1868    426     9.11168    -1.14398    10.83768
 1869    426     9.12171    -1.14398    10.83768
 1870    426     9.13174    -1.14398    10.83768
 1871    426     9.14178    -1.14398    10.83768
 1872    426     9.15181    -1.14398    10.83768
 1873    426     9.16185    -1.14398    10.83768
 1874    426     9.17188    -1.14398    10.83768
  580    427    -3.79164    -1.12751    10.77623
  581    427    -3.78166    -1.12751    10.77623
  582    427    -3.77168    -1.12751    10.77623
  583    427    -3.76170    -1.12751    10.77623
  584    427    -3.75173    -1.12751    10.77623
  585    427    -3.74175    -1.12751    10.77623
  597    427    -3.62201    -1.12751    10.77623
  598    427    -3.61203    -1.12751    10.77623
  599    427    -3.60206    -1.12751    10.77623
  600    427    -3.59208    -1.12751    10.77623
  601    427    -3.58210    -1.12751    10.77623
 1137    427     1.76610    -1.12751    10.77623
 1138    427     1.77608    -1.12751    10.77623
 1141    427     1.80602    -1.12751    10.77623
 1142    427     1.81599    -1.12751    10.77623
 1143    427     1.82597    -1.12751    10.77623
 1163    427     2.02553    -1.12751    10.77623
 1164    427     2.03551    -1.12751    10.77623
 1182    427     2.21511    -1.12751    10.77623
 1183    427     2.22509    -1.12751    10.77623
 1199    427     2.38474    -1.12751    10.77623
 1200    427     2.39472    -1.12751    10.77623
 1201    427     2.40470    -1.12751    10.77623
 1204    427     2.43463    -1.12751    10.77623
 1205    427     2.44461    -1.12751    10.77623
 1206    427     2.45459    -1.12751    10.77623
 1856    427     8.94028    -1.12751    10.77623
 1857    427     8.95026    -1.12751    10.77623
 1858    427     8.96024    -1.12751    10.77623
 1859    427     8.97022    -1.12751    10.77623
 1860    427     8.98019    -1.12751    10.77623
 1861    427     8.99017    -1.12751    10.77623
 1862    427     9.00015    -1.12751    10.77623
 1863    427     9.01013    -1.12751    10.77623
 1864    427     9.02011    -1.12751    10.77623
 1868    427     9.06002    -1.12751    10.77623
 1869    427     9.07000    -1.12751    10.77623
 1870    427     9.07997    -1.12751    10.77623
 1871    427     9.08995    -1.12751    10.77623
 1872    427     9.09993    -1.12751    10.77623
 1873    427     9.10991    -1.12751    10.77623
 1874    427     9.11989    -1.12751    10.77623
 1875    427     9.12986    -1.12751    10.77623
 1876    427     9.13984    -1.12751    10.77623
  579    428    -3.78018    -1.11124    10.71548
  580    428    -3.77026    -1.11124    10.71548
  581    428    -3.76034    -1.11124    10.71548
  582    428    -3.75042    -1.11124    10.71548
  583    428    -3.74050    -1.11124    10.71548
  584    428    -3.73058    -1.11124    10.71548
  596    428    -3.61151    -1.11124    10.71548
  597    428    -3.60159    -1.11124    10.71548
  598    428    -3.59167    -1.11124    10.71548
  599    428    -3.58175    -1.11124    10.71548
  600    428    -3.57183    -1.11124    10.71548
  601    428    -3.56191    -1.11124    10.71548
 1138    428     1.76607    -1.11124    10.71548
 1139    428     1.77599    -1.11124    10.71548
 1140    428     1.78591    -1.11124    10.71548
 1141    428     1.79584    -1.11124    10.71548
 1142    428     1.80576    -1.11124    10.71548
 1143    428     1.81568    -1.11124    10.71548
 1144    428     1.82560    -1.11124    10.71548
 1160    428     1.98435    -1.11124    10.71548
 1164    428     2.02404    -1.11124    10.71548
 1165    428     2.03396    -1.11124    10.71548
 1179    428     2.17286    -1.11124    10.71548
 1182    428     2.20263    -1.11124    10.71548
 1183    428     2.21255    -1.11124    10.71548
 1184    428     2.22247    -1.11124    10.71548
 1200    428     2.38122    -1.11124    10.71548
 1201    428     2.39114    -1.11124    10.71548
 1202    428     2.40106    -1.11124    10.71548
 1205    428     2.43083    -1.11124    10.71548
 1206    428     2.44075    -1.11124    10.71548
 1207    428     2.45067    -1.11124    10.71548
 1858    428     8.90972    -1.11124    10.71548
 1859    428     8.91965    -1.11124    10.71548
 1860    428     8.92957    -1.11124    10.71548
 1861    428     8.93949    -1.11124    10.71548
 1862    428     8.94941    -1.11124    10.71548
 1863    428     8.95933    -1.11124    10.71548
 1864    428     8.96925    -1.11124    10.71548
 1865    428     8.97918    -1.11124    10.71548
 1866    428     8.98910    -1.11124    10.71548
 1870    428     9.02879    -1.11124    10.71548
 1871    428     9.03871    -1.11124    10.71548
 1872    428     9.04863    -1.11124    10.71548
 1873    428     9.05855    -1.11124    10.71548
 1874    428     9.06847    -1.11124    10.71548
 1875    428     9.07839    -1.11124    10.71548
 1876    428     9.08832    -1.11124    10.71548
 1877    428     9.09824    -1.11124    10.71548
 1878    428     9.10816    -1.11124    10.71548
 1879    428     9.11808    -1.11124    10.71548
 1880    428     9.12800    -1.11124    10.71548
 1881    428     9.13792    -1.11124    10.71548
 1882    428     9.14785    -1.11124    10.71548
  578    429    -3.76886    -1.09514    10.65541
  579    429    -3.75899    -1.09514    10.65541
  580    429    -3.74913    -1.09514    10.65541
  581    429    -3.73926    -1.09514    10.65541
  582    429    -3.72939    -1.09514    10.65541
  583    429    -3.71953    -1.09514    10.65541
  584    429    -3.70966    -1.09514    10.65541
  595    429    -3.60113    -1.09514    10.65541
  596    429    -3.59127    -1.09514    10.65541
  597    429    -3.58140    -1.09514    10.65541
  598    429    -3.57154    -1.09514    10.65541
  599    429    -3.56167    -1.09514    10.65541
  600    429    -3.55180    -1.09514    10.65541
 1139    429     1.76604    -1.09514    10.65541
 1140    429     1.77590    -1.09514    10.65541
 1142    429     1.79563    -1.09514    10.65541
 1143    429     1.80550    -1.09514    10.65541
 1144    429     1.81537    -1.09514    10.65541
 1161    429     1.98309    -1.09514    10.65541
 1164    429     2.01269    -1.09514    10.65541
 1165    429     2.02256    -1.09514    10.65541
 1179    429     2.16068    -1.09514    10.65541
 1180    429     2.17055    -1.09514    10.65541
 1183    429     2.20015    -1.09514    10.65541
 1184    429     2.21001    -1.09514    10.65541
 1201    429     2.37774    -1.09514    10.65541
 1202    429     2.38760    -1.09514    10.65541
 1203    429     2.39747    -1.09514    10.65541
 1206    429     2.42707    -1.09514    10.65541
 1207    429     2.43693    -1.09514    10.65541
 1861    429     8.88938    -1.09514    10.65541
 1862    429     8.89924    -1.09514    10.65541
 1863    429     8.90911    -1.09514    10.65541
 1864    429     8.91897    -1.09514    10.65541
 1865    429     8.92884    -1.09514    10.65541
 1866    429     8.93871    -1.09514    10.65541
 1867    429     8.94857    -1.09514    10.65541
 1868    429     8.95844    -1.09514    10.65541
 1869    429     8.96831    -1.09514    10.65541
 1870    429     8.97817    -1.09514    10.65541
 1871    429     8.98804    -1.09514    10.65541
 1873    429     9.00777    -1.09514    10.65541
 1874    429     9.01764    -1.09514    10.65541
 1875    429     9.02750    -1.09514    10.65541
 1876    429     9.03737    -1.09514    10.65541
 1877    429     9.04723    -1.09514    10.65541
 1878    429     9.05710    -1.09514    10.65541
 1879    429     9.06697    -1.09514    10.65541
 1880    429     9.07683    -1.09514    10.65541
 1881    429     9.08670    -1.09514    10.65541
 1882    429     9.09656    -1.09514    10.65541
 1883    429     9.10643    -1.09514    10.65541
 1884    429     9.11630    -1.09514    10.65541
 1885    429     9.12616    -1.09514    10.65541
 1886    429     9.13603    -1.09514    10.65541
  577    430    -3.75766    -1.07922    10.59601
  578    430    -3.74785    -1.07922    10.59601
  579    430    -3.73804    -1.07922    10.59601
  580    430    -3.72823    -1.07922    10.59601
  581    430    -3.71842    -1.07922    10.59601
  582    430    -3.70860    -1.07922    10.59601
  583    430    -3.69879    -1.07922    10.59601
  594    430    -3.59087    -1.07922    10.59601
  595    430    -3.58106    -1.07922    10.59601
  596    430    -3.57125    -1.07922    10.59601
  597    430    -3.56144    -1.07922    10.59601
  598    430    -3.55163    -1.07922    10.59601
  599    430    -3.54182    -1.07922    10.59601
  600    430    -3.53200    -1.07922    10.59601
 1139    430     1.75619    -1.07922    10.59601
 1140    430     1.76600    -1.07922    10.59601
 1141    430     1.77581    -1.07922    10.59601
 1143    430     1.79544    -1.07922    10.59601
 1144    430     1.80525    -1.07922    10.59601
 1145    430     1.81506    -1.07922    10.59601
 1161    430     1.97204    -1.07922    10.59601
 1162    430     1.98185    -1.07922    10.59601
 1165    430     2.01128    -1.07922    10.59601
 1166    430     2.02109    -1.07922    10.59601
 1180    430     2.15845    -1.07922    10.59601
 1181    430     2.16826    -1.07922    10.59601
 1184    430     2.19769    -1.07922    10.59601
 1185    430     2.20750    -1.07922    10.59601
 1202    430     2.37429    -1.07922    10.59601
 1203    430     2.38410    -1.07922    10.59601
 1204    430     2.39391    -1.07922    10.59601
 1207    430     2.42335    -1.07922    10.59601
 1208    430     2.43316    -1.07922    10.59601
 1865    430     8.87907    -1.07922    10.59601
 1866    430     8.88888    -1.07922    10.59601
 1867    430     8.89869    -1.07922    10.59601
 1868    430     8.90850    -1.07922    10.59601
 1869    430     8.91831    -1.07922    10.59601
 1870    430     8.92812    -1.07922    10.59601
 1871    430     8.93793    -1.07922    10.59601
 1872    430     8.94774    -1.07922    10.59601
 1873    430     8.95756    -1.07922    10.59601
 1876    430     8.98699    -1.07922    10.59601
 1877    430     8.99680    -1.07922    10.59601
 1878    430     9.00661    -1.07922    10.59601
 1879    430     9.01642    -1.07922    10.59601
 1880    430     9.02623    -1.07922    10.59601
 1881    430     9.03604    -1.07922    10.59601
 1882    430     9.04586    -1.07922    10.59601
 1883    430     9.05567    -1.07922    10.59601
 1884    430     9.06548    -1.07922    10.59601
 1885    430     9.07529    -1.07922    10.59601
 1886    430     9.08510    -1.07922    10.59601
 1887    430     9.09491    -1.07922    10.59601
 1888    430     9.10472    -1.07922    10.59601
  576    431    -3.74659    -1.06348    10.53727
  577    431    -3.73683    -1.06348    10.53727
  578    431    -3.72707    -1.06348    10.53727
  579    431    -3.71732    -1.06348    10.53727
  580    431    -3.70756    -1.06348    10.53727
  581    431    -3.69780    -1.06348    10.53727
  582    431    -3.68805    -1.06348    10.53727
  583    431    -3.67829    -1.06348    10.53727
  593    431    -3.58072    -1.06348    10.53727
  594    431    -3.57096    -1.06348    10.53727
  595    431    -3.56121    -1.06348    10.53727
  596    431    -3.55145    -1.06348    10.53727
  597    431    -3.54169    -1.06348    10.53727
  598    431    -3.53194    -1.06348    10.53727
  599    431    -3.52218    -1.06348    10.53727
 1139    431     1.74646    -1.06348    10.53727
 1140    431     1.75621    -1.06348    10.53727
 1141    431     1.76597    -1.06348    10.53727
 1142    431     1.77573    -1.06348    10.53727
 1143    431     1.78548    -1.06348    10.53727
 1144    431     1.79524    -1.06348    10.53727
 1145    431     1.80500    -1.06348    10.53727
 1162    431     1.97086    -1.06348    10.53727
 1163    431     1.98062    -1.06348    10.53727
 1166    431     2.00989    -1.06348    10.53727
 1167    431     2.01964    -1.06348    10.53727
 1180    431     2.14648    -1.06348    10.53727
 1181    431     2.15624    -1.06348    10.53727
 1182    431     2.16599    -1.06348    10.53727
 1185    431     2.19526    -1.06348    10.53727
 1186    431     2.20502    -1.06348    10.53727
 1203    431     2.37089    -1.06348    10.53727
 1204    431     2.38064    -1.06348    10.53727
 1205    431     2.39040    -1.06348    10.53727
 1208    431     2.41967    -1.06348    10.53727
 1209    431     2.42943    -1.06348    10.53727
 1868    431     8.85911    -1.06348    10.53727
 1869    431     8.86887    -1.06348    10.53727
 1870    431     8.87863    -1.06348    10.53727
 1871    431     8.88838    -1.06348    10.53727
 1872    431     8.89814    -1.06348    10.53727
 1873    431     8.90790    -1.06348    10.53727
 1874    431     8.91765    -1.06348    10.53727
 1875    431     8.92741    -1.06348    10.53727
 1876    431     8.93717    -1.06348    10.53727
 1881    431     8.98595    -1.06348    10.53727
 1882    431     8.99571    -1.06348    10.53727
 1883    431     9.00546    -1.06348    10.53727
 1884    431     9.01522    -1.06348    10.53727
 1885    431     9.02498    -1.06348    10.53727
 1886    431     9.03473    -1.06348    10.53727
 1887    431     9.04449    -1.06348    10.53727
 1888    431     9.05425    -1.06348    10.53727
 1889    431     9.06400    -1.06348    10.53727
 1890    431     9.07376    -1.06348    10.53727
 1891    431     9.08352    -1.06348    10.53727
  575    432    -3.73563    -1.04792    10.47918
  576    432    -3.72593    -1.04792    10.47918
  577    432    -3.71623    -1.04792    10.47918
  578    432    -3.70652    -1.04792    10.47918
  579    432    -3.69682    -1.04792    10.47918
  580    432    -3.68712    -1.04792    10.47918
  581    432    -3.67742    -1.04792    10.47918
  582    432    -3.66771    -1.04792    10.47918
  592    432    -3.57068    -1.04792    10.47918
  593    432    -3.56098    -1.04792    10.47918
  594    432    -3.55128    -1.04792    10.47918
  595    432    -3.54157    -1.04792    10.47918
  596    432    -3.53187    -1.04792    10.47918
  597    432    -3.52217    -1.04792    10.47918
  598    432    -3.51247    -1.04792    10.47918
 1140    432     1.74653    -1.04792    10.47918
 1141    432     1.75623    -1.04792    10.47918
 1142    432     1.76594    -1.04792    10.47918
 1144    432     1.78534    -1.04792    10.47918
 1145    432     1.79504    -1.04792    10.47918
 1146    432     1.80475    -1.04792    10.47918
 1163    432     1.96970    -1.04792    10.47918
 1164    432     1.97940    -1.04792    10.47918
 1167    432     2.00851    -1.04792    10.47918
 1168    432     2.01821    -1.04792    10.47918
 1182    432     2.15405    -1.04792    10.47918
 1183    432     2.16376    -1.04792    10.47918
 1186    432     2.19287    -1.04792    10.47918
 1187    432     2.20257    -1.04792    10.47918
 1204    432     2.36752    -1.04792    10.47918
 1205    432     2.37722    -1.04792    10.47918
 1208    432     2.40633    -1.04792    10.47918
 1209    432     2.41603    -1.04792    10.47918
 1210    432     2.42574    -1.04792    10.47918
 1870    432     8.82968    -1.04792    10.47918
 1871    432     8.83938    -1.04792    10.47918
 1872    432     8.84908    -1.04792    10.47918
 1873    432     8.85879    -1.04792    10.47918
 1874    432     8.86849    -1.04792    10.47918
 1875    432     8.87819    -1.04792    10.47918
 1876    432     8.88790    -1.04792    10.47918
 1877    432     8.89760    -1.04792    10.47918
 1878    432     8.90730    -1.04792    10.47918
 1879    432     8.91700    -1.04792    10.47918
 1883    432     8.95582    -1.04792    10.47918
 1884    432     8.96552    -1.04792    10.47918
 1885    432     8.97522    -1.04792    10.47918
 1886    432     8.98492    -1.04792    10.47918
 1887    432     8.99463    -1.04792    10.47918
 1888    432     9.00433    -1.04792    10.47918
 1889    432     9.01403    -1.04792    10.47918
 1890    432     9.02374    -1.04792    10.47918
 1891    432     9.03344    -1.04792    10.47918
 1892    432     9.04314    -1.04792    10.47918
 1893    432     9.05285    -1.04792    10.47918
 1894    432     9.06255    -1.04792    10.47918
 1895    432     9.07225    -1.04792    10.47918
  574    433    -3.72480    -1.03252    10.42172
  575    433    -3.71515    -1.03252    10.42172
  576    433    -3.70550    -1.03252    10.42172
  577    433    -3.69585    -1.03252    10.42172
  578    433    -3.68620    -1.03252    10.42172
  579    433    -3.67655    -1.03252    10.42172
  580    433    -3.66690    -1.03252    10.42172
  581    433    -3.65725    -1.03252    10.42172
  591    433    -3.56075    -1.03252    10.42172
  592    433    -3.55111    -1.03252    10.42172
  593    433    -3.54146    -1.03252    10.42172
  594    433    -3.53181    -1.03252    10.42172
  595    433    -3.52216    -1.03252    10.42172
  596    433    -3.51251    -1.03252    10.42172
  597    433    -3.50286    -1.03252    10.42172
 1141    433     1.74660    -1.03252    10.42172
 1142    433     1.75625    -1.03252    10.42172
 1145    433     1.78520    -1.03252    10.42172
 1146    433     1.79485    -1.03252    10.42172
 1163    433     1.95890    -1.03252    10.42172
 1164    433     1.96855    -1.03252    10.42172
 1168    433     2.00715    -1.03252    10.42172
 1169    433     2.01680    -1.03252    10.42172
 1183    433     2.15189    -1.03252    10.42172
 1184    433     2.16154    -1.03252    10.42172
 1186    433     2.18084    -1.03252    10.42172
 1187    433     2.19049    -1.03252    10.42172
 1188    433     2.20014    -1.03252    10.42172
 1205    433     2.36419    -1.03252    10.42172
 1206    433     2.37384    -1.03252    10.42172
 1209    433     2.40279    -1.03252    10.42172
 1210    433     2.41244    -1.03252    10.42172
 1873    433     8.81021    -1.03252    10.42172
 1874    433     8.81986    -1.03252    10.42172
 1875    433     8.82951    -1.03252    10.42172
 1876    433     8.83916    -1.03252    10.42172
 1877    433     8.84881    -1.03252    10.42172
 1878    433     8.85846    -1.03252    10.42172
 1879    433     8.86811    -1.03252    10.42172
 1880    433     8.87776    -1.03252    10.42172
 1881    433     8.88741    -1.03252    10.42172
 1887    433     8.94531    -1.03252    10.42172
 1888    433     8.95496    -1.03252    10.42172
 1889    433     8.96461    -1.03252    10.42172
 1890    433     8.97426    -1.03252    10.42172
 1891    433     8.98391    -1.03252    10.42172
 1892    433     8.99356    -1.03252    10.42172
 1893    433     9.00321    -1.03252    10.42172
 1894    433     9.01286    -1.03252    10.42172
 1895    433     9.02251    -1.03252    10.42172
 1896    433     9.03216    -1.03252    10.42172
  573    434    -3.71409    -1.01729    10.36489
  574    434    -3.70449    -1.01729    10.36489
  575    434    -3.69489    -1.01729    10.36489
  576    434    -3.68529    -1.01729    10.36489
  577    434    -3.67570    -1.01729    10.36489
  578    434    -3.66610    -1.01729    10.36489
  579    434    -3.65650    -1.01729    10.36489
  580    434    -3.64691    -1.01729    10.36489
  590    434    -3.55094    -1.01729    10.36489
  591    434    -3.54134    -1.01729    10.36489
  592    434    -3.53174    -1.01729    10.36489
  593    434    -3.52214    -1.01729    10.36489
  594    434    -3.51255    -1.01729    10.36489
  595    434    -3.50295    -1.01729    10.36489
  596    434    -3.49335    -1.01729    10.36489
 1142    434     1.74668    -1.01729    10.36489
 1143    434     1.75627    -1.01729    10.36489
 1146    434     1.78506    -1.01729    10.36489
 1147    434     1.79466    -1.01729    10.36489
 1164    434     1.95781    -1.01729    10.36489
 1165    434     1.96741    -1.01729    10.36489
 1168    434     1.99620    -1.01729    10.36489
 1169    434     2.00580    -1.01729    10.36489
 1170    434     2.01540    -1.01729    10.36489
 1183    434     2.14016    -1.01729    10.36489
 1184    434     2.14976    -1.01729    10.36489
 1185    434     2.15935    -1.01729    10.36489
 1187    434     2.17855    -1.01729    10.36489
 1188    434     2.18814    -1.01729    10.36489
 1189    434     2.19774    -1.01729    10.36489
 1206    434     2.36089    -1.01729    10.36489
 1207    434     2.37049    -1.01729    10.36489
 1210    434     2.39928    -1.01729    10.36489
 1211    434     2.40888    -1.01729    10.36489
 1876    434     8.79096    -1.01729    10.36489
 1877    434     8.80056    -1.01729    10.36489
 1878    434     8.81016    -1.01729    10.36489
 1879    434     8.81976    -1.01729    10.36489
 1880    434     8.82935    -1.01729    10.36489
 1881    434     8.83895    -1.01729    10.36489
 1882    434     8.84855    -1.01729    10.36489
 1883    434     8.85814    -1.01729    10.36489
 1884    434     8.86774    -1.01729    10.36489
 1885    434     8.87734    -1.01729    10.36489
 1886    434     8.88694    -1.01729    10.36489
 1889    434     8.91573    -1.01729    10.36489
 1890    434     8.92532    -1.01729    10.36489
 1891    434     8.93492    -1.01729    10.36489
 1892    434     8.94452    -1.01729    10.36489
 1893    434     8.95412    -1.01729    10.36489
 1894    434     8.96371    -1.01729    10.36489
 1895    434     8.97331    -1.01729    10.36489
 1896    434     8.98291    -1.01729    10.36489
 1897    434     8.99250    -1.01729    10.36489
 1898    434     9.00210    -1.01729    10.36489
 1899    434     9.01170    -1.01729    10.36489
  572    435    -3.70349    -1.00223    10.30868
  573    435    -3.69394    -1.00223    10.30868
  574    435    -3.68440    -1.00223    10.30868
  575    435    -3.67485    -1.00223    10.30868
  576    435    -3.66531    -1.00223    10.30868
  577    435    -3.65576    -1.00223    10.30868
  578    435    -3.64622    -1.00223    10.30868
  579    435    -3.63667    -1.00223    10.30868
  589    435    -3.54122    -1.00223    10.30868
  590    435    -3.53168    -1.00223    10.30868
  591    435    -3.52213    -1.00223    10.30868
  592    435    -3.51259    -1.00223    10.30868
  593    435    -3.50304    -1.00223    10.30868
  594    435    -3.49350    -1.00223    10.30868
  595    435    -3.48395    -1.00223    10.30868
 1142    435     1.73720    -1.00223    10.30868
 1143    435     1.74675    -1.00223    10.30868
 1144    435     1.75629    -1.00223    10.30868
 1146    435     1.77538    -1.00223    10.30868
 1147    435     1.78493    -1.00223    10.30868
 1148    435     1.79447    -1.00223    10.30868
 1165    435     1.95674    -1.00223    10.30868
 1166    435     1.96629    -1.00223    10.30868
 1169    435     1.99492    -1.00223    10.30868
 1170    435     2.00447    -1.00223    10.30868
 1171    435     2.01401    -1.00223    10.30868
 1183    435     2.12855    -1.00223    10.30868
 1184    435     2.13810    -1.00223    10.30868
 1185    435     2.14764    -1.00223    10.30868
 1188    435     2.17628    -1.00223    10.30868
 1189    435     2.18582    -1.00223    10.30868
 1207    435     2.35763    -1.00223    10.30868
 1208    435     2.36718    -1.00223    10.30868
 1211    435     2.39581    -1.00223    10.30868
 1212    435     2.40536    -1.00223    10.30868
 1213    435     2.41490    -1.00223    10.30868
 1879    435     8.77192    -1.00223    10.30868
 1880    435     8.78147    -1.00223    10.30868
 1881    435     8.79101    -1.00223    10.30868
 1882    435     8.80056    -1.00223    10.30868
 1883    435     8.81010    -1.00223    10.30868
 1884    435     8.81965    -1.00223    10.30868
 1885    435     8.82919    -1.00223    10.30868
 1886    435     8.83874    -1.00223    10.30868
 1887    435     8.84828    -1.00223    10.30868
 1888    435     8.85783    -1.00223    10.30868
 1890    435     8.87692    -1.00223    10.30868
 1891    435     8.88646    -1.00223    10.30868
 1892    435     8.89601    -1.00223    10.30868
 1893    435     8.90555    -1.00223    10.30868
 1894    435     8.91510    -1.00223    10.30868
 1895    435     8.92464    -1.00223    10.30868
 1896    435     8.93419    -1.00223    10.30868
 1897    435     8.94373    -1.00223    10.30868
 1898    435     8.95328    -1.00223    10.30868
 1899    435     8.96282    -1.00223    10.30868
 1900    435     8.97237    -1.00223    10.30868
 1901    435     8.98191    -1.00223    10.30868
 1902    435     8.99146    -1.00223    10.30868
 1906    435     9.02964    -1.00223    10.30868
 1907    435     9.03918    -1.00223    10.30868
 1908    435     9.04873    -1.00223    10.30868
  572    436    -3.68351    -0.98733    10.25307
  573    436    -3.67402    -0.98733    10.25307
  574    436    -3.66452    -0.98733    10.25307
  575    436    -3.65503    -0.98733    10.25307
  576    436    -3.64554    -0.98733    10.25307
  577    436    -3.63604    -0.98733    10.25307
  578    436    -3.62655    -0.98733    10.25307
  589    436    -3.52212    -0.98733    10.25307
  590    436    -3.51263    -0.98733    10.25307
  591    436    -3.50313    -0.98733    10.25307
  592    436    -3.49364    -0.98733    10.25307
  593    436    -3.48415    -0.98733    10.25307
  594    436    -3.47465    -0.98733    10.25307
 1143    436     1.73733    -0.98733    10.25307
 1144    436     1.74682    -0.98733    10.25307
 1147    436     1.77530    -0.98733    10.25307
 1148    436     1.78479    -0.98733    10.25307
 1166    436     1.95568    -0.98733    10.25307
 1167    436     1.96517    -0.98733    10.25307
 1170    436     1.99365    -0.98733    10.25307
 1171    436     2.00315    -0.98733    10.25307
 1172    436     2.01264    -0.98733    10.25307
 1184    436     2.12656    -0.98733    10.25307
 1185    436     2.13606    -0.98733    10.25307
 1186    436     2.14555    -0.98733    10.25307
 1189    436     2.17403    -0.98733    10.25307
 1190    436     2.18352    -0.98733    10.25307
 1208    436     2.35441    -0.98733    10.25307
 1209    436     2.36390    -0.98733    10.25307
 1212    436     2.39238    -0.98733    10.25307
 1213    436     2.40188    -0.98733    10.25307
 1881    436     8.74359    -0.98733    10.25307
 1882    436     8.75309    -0.98733    10.25307
 1883    436     8.76258    -0.98733    10.25307
 1884    436     8.77207    -0.98733    10.25307
 1885    436     8.78157    -0.98733    10.25307
 1886    436     8.79106    -0.98733    10.25307
 1887    436     8.80055    -0.98733    10.25307
 1888    436     8.81005    -0.98733    10.25307
 1889    436     8.81954    -0.98733    10.25307
 1890    436     8.82903    -0.98733    10.25307
 1891    436     8.83853    -0.98733    10.25307
 1895    436     8.87650    -0.98733    10.25307
 1896    436     8.88600    -0.98733    10.25307
 1897    436     8.89549    -0.98733    10.25307
 1898    436     8.90498    -0.98733    10.25307
 1899    436     8.91448    -0.98733    10.25307
 1900    436     8.92397    -0.98733    10.25307
 1901    436     8.93346    -0.98733    10.25307
 1902    436     8.94296    -0.98733    10.25307
 1903    436     8.95245    -0.98733    10.25307
 1906    436     8.98093    -0.98733    10.25307
 1907    436     8.99043    -0.98733    10.25307
 1908    436     8.99992    -0.98733    10.25307
 1909    436     9.00941    -0.98733    10.25307
 1910    436     9.01891    -0.98733    10.25307
  571    437    -3.67319    -0.97259    10.19806
  572    437    -3.66375    -0.97259    10.19806
  573    437    -3.65431    -0.97259    10.19806
  574    437    -3.64486    -0.97259    10.19806
  575    437    -3.63542    -0.97259    10.19806
  576    437    -3.62598    -0.97259    10.19806
  577    437    -3.61653    -0.97259    10.19806
  588    437    -3.51267    -0.97259    10.19806
  589    437    -3.50322    -0.97259    10.19806
  590    437    -3.49378    -0.97259    10.19806
  591    437    -3.48434    -0.97259    10.19806
  592    437    -3.47490    -0.97259    10.19806
  593    437    -3.46545    -0.97259    10.19806
  594    437    -3.45601    -0.97259    10.19806
 1144    437     1.73745    -0.97259    10.19806
 1145    437     1.74689    -0.97259    10.19806
 1149    437     1.78466    -0.97259    10.19806
 1166    437     1.94519    -0.97259    10.19806
 1167    437     1.95463    -0.97259    10.19806
 1168    437     1.96407    -0.97259    10.19806
 1171    437     1.99240    -0.97259    10.19806
 1172    437     2.00184    -0.97259    10.19806
 1173    437     2.01128    -0.97259    10.19806
 1185    437     2.12460    -0.97259    10.19806
 1186    437     2.13404    -0.97259    10.19806
 1187    437     2.14348    -0.97259    10.19806
 1190    437     2.17181    -0.97259    10.19806
 1191    437     2.18125    -0.97259    10.19806
 1209    437     2.35122    -0.97259    10.19806
 1210    437     2.36066    -0.97259    10.19806
 1213    437     2.38899    -0.97259    10.19806
 1214    437     2.39843    -0.97259    10.19806
 1885    437     8.73445    -0.97259    10.19806
 1886    437     8.74389    -0.97259    10.19806
 1887    437     8.75334    -0.97259    10.19806
 1888    437     8.76278    -0.97259    10.19806
 1889    437     8.77222    -0.97259    10.19806
 1890    437     8.78166    -0.97259    10.19806
 1891    437     8.79111    -0.97259    10.19806
 1892    437     8.80055    -0.97259    10.19806
 1893    437     8.80999    -0.97259    10.19806
 1894    437     8.81943    -0.97259    10.19806
 1895    437     8.82888    -0.97259    10.19806
 1897    437     8.84776    -0.97259    10.19806
 1898    437     8.85721    -0.97259    10.19806
 1899    437     8.86665    -0.97259    10.19806
 1900    437     8.87609    -0.97259    10.19806
 1901    437     8.88553    -0.97259    10.19806
 1902    437     8.89498    -0.97259    10.19806
 1903    437     8.90442    -0.97259    10.19806
 1906    437     8.93275    -0.97259    10.19806
 1907    437     8.94219    -0.97259    10.19806
 1908    437     8.95163    -0.97259    10.19806
 1909    437     8.96107    -0.97259    10.19806
 1910    437     8.97052    -0.97259    10.19806
 1911    437     8.97996    -0.97259    10.19806
 1912    437     8.98940    -0.97259    10.19806
  570    438    -3.66298    -0.95801    10.14364
  571    438    -3.65359    -0.95801    10.14364
  572    438    -3.64420    -0.95801    10.14364
  573    438    -3.63480    -0.95801    10.14364
  574    438    -3.62541    -0.95801    10.14364
  575    438    -3.61602    -0.95801    10.14364
  576    438    -3.60663    -0.95801    10.14364
  588    438    -3.49392    -0.95801    10.14364
  589    438    -3.48453    -0.95801    10.14364
  590    438    -3.47514    -0.95801    10.14364
  591    438    -3.46574    -0.95801    10.14364
  592    438    -3.45635    -0.95801    10.14364
  593    438    -3.44696    -0.95801    10.14364
 1145    438     1.73757    -0.95801    10.14364
 1149    438     1.77514    -0.95801    10.14364
 1150    438     1.78453    -0.95801    10.14364
 1167    438     1.94420    -0.95801    10.14364
 1168    438     1.95359    -0.95801    10.14364
 1169    438     1.96298    -0.95801    10.14364
 1172    438     1.99116    -0.95801    10.14364
 1173    438     2.00055    -0.95801    10.14364
 1186    438     2.12265    -0.95801    10.14364
 1187    438     2.13204    -0.95801    10.14364
 1188    438     2.14143    -0.95801    10.14364
 1190    438     2.16022    -0.95801    10.14364
 1191    438     2.16961    -0.95801    10.14364
 1192    438     2.17900    -0.95801    10.14364
 1210    438     2.34806    -0.95801    10.14364
 1211    438     2.35746    -0.95801    10.14364
 1214    438     2.38563    -0.95801    10.14364
 1215    438     2.39503    -0.95801    10.14364
 1887    438     8.70662    -0.95801    10.14364
 1888    438     8.71602    -0.95801    10.14364
 1889    438     8.72541    -0.95801    10.14364
 1890    438     8.73480    -0.95801    10.14364
 1891    438     8.74419    -0.95801    10.14364
 1892    438     8.75358    -0.95801    10.14364
 1893    438     8.76298    -0.95801    10.14364
 1894    438     8.77237    -0.95801    10.14364
 1895    438     8.78176    -0.95801    10.14364
 1896    438     8.79115    -0.95801    10.14364
 1897    438     8.80055    -0.95801    10.14364
 1898    438     8.80994    -0.95801    10.14364
 1900    438     8.82872    -0.95801    10.14364
 1901    438     8.83811    -0.95801    10.14364
 1902    438     8.84751    -0.95801    10.14364
 1903    438     8.85690    -0.95801    10.14364
 1904    438     8.86629    -0.95801    10.14364
 1907    438     8.89447    -0.95801    10.14364
 1908    438     8.90386    -0.95801    10.14364
 1909    438     8.91325    -0.95801    10.14364
 1910    438     8.92265    -0.95801    10.14364
 1911    438     8.93204    -0.95801    10.14364
 1912    438     8.94143    -0.95801    10.14364
 1913    438     8.95082    -0.95801    10.14364
  569    439    -3.65288    -0.94358    10.08979
  570    439    -3.64354    -0.94358    10.08979
  571    439    -3.63419    -0.94358    10.08979
  572    439    -3.62485    -0.94358    10.08979
  573    439    -3.61551    -0.94358    10.08979
  574    439    -3.60617    -0.94358    10.08979
  575    439    -3.59682    -0.94358    10.08979
  587    439    -3.48472    -0.94358    10.08979
  588    439    -3.47537    -0.94358    10.08979
  589    439    -3.46603    -0.94358    10.08979
  590    439    -3.45669    -0.94358    10.08979
  591    439    -3.44735    -0.94358    10.08979
  592    439    -3.43800    -0.94358    10.08979
 1146    439     1.73769    -0.94358    10.08979
 1147    439     1.74703    -0.94358    10.08979
 1149    439     1.76571    -0.94358    10.08979
 1150    439     1.77506    -0.94358    10.08979
 1151    439     1.78440    -0.94358    10.08979
 1168    439     1.94322    -0.94358    10.08979
 1169    439     1.95256    -0.94358    10.08979
 1170    439     1.96190    -0.94358    10.08979
 1173    439     1.98993    -0.94358    10.08979
 1174    439     1.99927    -0.94358    10.08979
 1187    439     2.12073    -0.94358    10.08979
 1188    439     2.13007    -0.94358    10.08979
 1190    439     2.14875    -0.94358    10.08979
 1191    439     2.15809    -0.94358    10.08979
 1192    439     2.16744    -0.94358    10.08979
 1210    439     2.33560    -0.94358    10.08979
 1211    439     2.34494    -0.94358    10.08979
 1215    439     2.38231    -0.94358    10.08979
 1891    439     8.69778    -0.94358    10.08979
 1892    439     8.70712    -0.94358    10.08979
 1893    439     8.71646    -0.94358    10.08979
 1894    439     8.72580    -0.94358    10.08979
 1895    439     8.73515    -0.94358    10.08979
 1896    439     8.74449    -0.94358    10.08979
 1897    439     8.75383    -0.94358    10.08979
 1898    439     8.76317    -0.94358    10.08979
 1899    439     8.77252    -0.94358    10.08979
 1900    439     8.78186    -0.94358    10.08979
 1903    439     8.80988    -0.94358    10.08979
 1904    439     8.81923    -0.94358    10.08979
 1909    439     8.86594    -0.94358    10.08979
 1910    439     8.87528    -0.94358    10.08979
 1911    439     8.88462    -0.94358    10.08979
 1912    439     8.89397    -0.94358    10.08979
 1913    439     8.90331    -0.94358    10.08979
 1914    439     8.91265    -0.94358    10.08979
 1915    439     8.92199    -0.94358    10.08979
  568    440    -3.64288    -0.92931    10.03652
  569    440    -3.63359    -0.92931    10.03652
  570    440    -3.62430    -0.92931    10.03652
  571    440    -3.61500    -0.92931    10.03652
  572    440    -3.60571    -0.92931    10.03652
  573    440    -3.59642    -0.92931    10.03652
  574    440    -3.58713    -0.92931    10.03652
  586    440    -3.47561    -0.92931    10.03652
  587    440    -3.46632    -0.92931    10.03652
  588    440    -3.45702    -0.92931    10.03652
  589    440    -3.44773    -0.92931    10.03652
  590    440    -3.43844    -0.92931    10.03652
  591    440    -3.42914    -0.92931    10.03652
 1146    440     1.72851    -0.92931    10.03652
 1147    440     1.73780    -0.92931    10.03652
 1150    440     1.76568    -0.92931    10.03652
 1151    440     1.77498    -0.92931    10.03652
 1169    440     1.94225    -0.92931    10.03652
 1170    440     1.95154    -0.92931    10.03652
 1171    440     1.96084    -0.92931    10.03652
 1173    440     1.97942    -0.92931    10.03652
 1174    440     1.98872    -0.92931    10.03652
 1175    440     1.99801    -0.92931    10.03652
 1187    440     2.10953    -0.92931    10.03652
 1188    440     2.11882    -0.92931    10.03652
 1189    440     2.12811    -0.92931    10.03652
 1191    440     2.14670    -0.92931    10.03652
 1192    440     2.15599    -0.92931    10.03652
 1193    440     2.16529    -0.92931    10.03652
 1211    440     2.33256    -0.92931    10.03652
 1212    440     2.34185    -0.92931    10.03652
 1216    440     2.37903    -0.92931    10.03652
 1217    440     2.38832    -0.92931    10.03652
 1894    440     8.67973    -0.92931    10.03652
 1895    440     8.68902    -0.92931    10.03652
 1896    440     8.69831    -0.92931    10.03652
 1897    440     8.70761    -0.92931    10.03652
 1898    440     8.71690    -0.92931    10.03652
 1899    440     8.72619    -0.92931    10.03652
 1900    440     8.73549    -0.92931    10.03652
 1901    440     8.74478    -0.92931    10.03652
 1910    440     8.82842    -0.92931    10.03652
 1911    440     8.83771    -0.92931    10.03652
 1912    440     8.84700    -0.92931    10.03652
 1913    440     8.85630    -0.92931    10.03652
 1914    440     8.86559    -0.92931    10.03652
 1915    440     8.87488    -0.92931    10.03652
 1916    440     8.88418    -0.92931    10.03652
 1917    440     8.89347    -0.92931    10.03652
 1918    440     8.90276    -0.92931    10.03652
  568    441    -3.62375    -0.91518     9.98380
  569    441    -3.61451    -0.91518     9.98380
  570    441    -3.60526    -0.91518     9.98380
  571    441    -3.59602    -0.91518     9.98380
  572    441    -3.58677    -0.91518     9.98380
  573    441    -3.57753    -0.91518     9.98380
  574    441    -3.56828    -0.91518     9.98380
  575    441    -3.55904    -0.91518     9.98380
  576    441    -3.54980    -0.91518     9.98380
  577    441    -3.54055    -0.91518     9.98380
  578    441    -3.53131    -0.91518     9.98380
  579    441    -3.52206    -0.91518     9.98380
  580    441    -3.51282    -0.91518     9.98380
  581    441    -3.50357    -0.91518     9.98380
  582    441    -3.49433    -0.91518     9.98380
  583    441    -3.48509    -0.91518     9.98380
  584    441    -3.47584    -0.91518     9.98380
  585    441    -3.46660    -0.91518     9.98380
  586    441    -3.45735    -0.91518     9.98380
  587    441    -3.44811    -0.91518     9.98380
  588    441    -3.43886    -0.91518     9.98380
  589    441    -3.42962    -0.91518     9.98380
  590    441    -3.42038    -0.91518     9.98380
  591    441    -3.41113    -0.91518     9.98380
 1147    441     1.72868    -0.91518     9.98380
 1148    441     1.73792    -0.91518     9.98380
 1151    441     1.76565    -0.91518     9.98380
 1152    441     1.77490    -0.91518     9.98380
 1170    441     1.94129    -0.91518     9.98380
 1171    441     1.95054    -0.91518     9.98380
 1174    441     1.97827    -0.91518     9.98380
 1175    441     1.98752    -0.91518     9.98380
 1176    441     1.99676    -0.91518     9.98380
 1188    441     2.10769    -0.91518     9.98380
 1189    441     2.11694    -0.91518     9.98380
 1190    441     2.12618    -0.91518     9.98380
 1192    441     2.14467    -0.91518     9.98380
 1193    441     2.15391    -0.91518     9.98380
 1213    441     2.33880    -0.91518     9.98380
 1216    441     2.36653    -0.91518     9.98380
 1217    441     2.37577    -0.91518     9.98380
 1218    441     2.38502    -0.91518     9.98380
 1897    441     8.66187    -0.91518     9.98380
 1898    441     8.67112    -0.91518     9.98380
 1899    441     8.68036    -0.91518     9.98380
 1900    441     8.68960    -0.91518     9.98380
 1901    441     8.69885    -0.91518     9.98380
 1902    441     8.70809    -0.91518     9.98380
 1903    441     8.71734    -0.91518     9.98380
 1904    441     8.72658    -0.91518     9.98380
 1905    441     8.73583    -0.91518     9.98380
 1912    441     8.80053    -0.91518     9.98380
 1913    441     8.80978    -0.91518     9.98380
 1914    441     8.81902    -0.91518     9.98380
 1915    441     8.82827    -0.91518     9.98380
 1916    441     8.83751    -0.91518     9.98380
 1917    441     8.84676    -0.91518     9.98380
 1918    441     8.85600    -0.91518     9.98380
  567    442    -3.61401    -0.90120     9.93163
  568    442    -3.60482    -0.90120     9.93163
  569    442    -3.59562    -0.90120     9.93163
  570    442    -3.58642    -0.90120     9.93163
  571    442    -3.57723    -0.90120     9.93163
  573    442    -3.55884    -0.90120     9.93163
  574    442    -3.54964    -0.90120     9.93163
  575    442    -3.54044    -0.90120     9.93163
  576    442    -3.53125    -0.90120     9.93163
  577    442    -3.52205    -0.90120     9.93163
  578    442    -3.51286    -0.90120     9.93163
  579    442    -3.50366    -0.90120     9.93163
  580    442    -3.49446    -0.90120     9.93163
  581    442    -3.48527    -0.90120     9.93163
  582    442    -3.47607    -0.90120     9.93163
  583    442    -3.46688    -0.90120     9.93163
  584    442    -3.45768    -0.90120     9.93163
  585    442    -3.44848    -0.90120     9.93163
  586    442    -3.43929    -0.90120     9.93163
  587    442    -3.43009    -0.90120     9.93163
  588    442    -3.42090    -0.90120     9.93163
  589    442    -3.41170    -0.90120     9.93163
  590    442    -3.40250    -0.90120     9.93163
 1147    442     1.71964    -0.90120     9.93163
 1148    442     1.72884    -0.90120     9.93163
 1149    442     1.73804    -0.90120     9.93163
 1152    442     1.76562    -0.90120     9.93163
 1171    442     1.94035    -0.90120     9.93163
 1172    442     1.94954    -0.90120     9.93163
 1175    442     1.97713    -0.90120     9.93163
 1176    442     1.98633    -0.90120     9.93163
 1177    442     1.99552    -0.90120     9.93163
 1188    442     2.09668    -0.90120     9.93163
 1189    442     2.10587    -0.90120     9.93163
 1190    442     2.11507    -0.90120     9.93163
 1193    442     2.14266    -0.90120     9.93163
 1194    442     2.15185    -0.90120     9.93163
 1213    442     2.32658    -0.90120     9.93163
 1214    442     2.33577    -0.90120     9.93163
 1217    442     2.36336    -0.90120     9.93163
 1218    442     2.37256    -0.90120     9.93163
 1219    442     2.38175    -0.90120     9.93163
 1900    442     8.64420    -0.90120     9.93163
 1901    442     8.65340    -0.90120     9.93163
 1902    442     8.66259    -0.90120     9.93163
 1903    442     8.67179    -0.90120     9.93163
 1904    442     8.68098    -0.90120     9.93163
 1905    442     8.69018    -0.90120     9.93163
 1906    442     8.69938    -0.90120     9.93163
 1907    442     8.70857    -0.90120     9.93163
 1908    442     8.71777    -0.90120     9.93163
 1909    442     8.72696    -0.90120     9.93163
 1913    442     8.76375    -0.90120     9.93163
 1914    442     8.77294    -0.90120     9.93163
 1915    442     8.78214    -0.90120     9.93163
 1916    442     8.79134    -0.90120     9.93163
 1917    442     8.80053    -0.90120     9.93163
 1918    442     8.80973    -0.90120     9.93163
  567    443    -3.59523    -0.88737     9.88001
  568    443    -3.58608    -0.88737     9.88001
  569    443    -3.57693    -0.88737     9.88001
  570    443    -3.56778    -0.88737     9.88001
  571    443    -3.55863    -0.88737     9.88001
  572    443    -3.54949    -0.88737     9.88001
  573    443    -3.54034    -0.88737     9.88001
  574    443    -3.53119    -0.88737     9.88001
  575    443    -3.52204    -0.88737     9.88001
  576    443    -3.51289    -0.88737     9.88001
  577    443    -3.50374    -0.88737     9.88001
  578    443    -3.49460    -0.88737     9.88001
  579    443    -3.48545    -0.88737     9.88001
  580    443    -3.47630    -0.88737     9.88001
  581    443    -3.46715    -0.88737     9.88001
  582    443    -3.45800    -0.88737     9.88001
  583    443    -3.44886    -0.88737     9.88001
  584    443    -3.43971    -0.88737     9.88001
  585    443    -3.43056    -0.88737     9.88001
  586    443    -3.42141    -0.88737     9.88001
  587    443    -3.41226    -0.88737     9.88001
  588    443    -3.40311    -0.88737     9.88001
  589    443    -3.39397    -0.88737     9.88001
  590    443    -3.38482    -0.88737     9.88001
 1148    443     1.71985    -0.88737     9.88001
 1149    443     1.72900    -0.88737     9.88001
 1152    443     1.75645    -0.88737     9.88001
 1153    443     1.76559    -0.88737     9.88001
 1171    443     1.93026    -0.88737     9.88001
 1172    443     1.93941    -0.88737     9.88001
 1173    443     1.94856    -0.88737     9.88001
 1176    443     1.97600    -0.88737     9.88001
 1177    443     1.98515    -0.88737     9.88001
 1189    443     2.09493    -0.88737     9.88001
 1190    443     2.10408    -0.88737     9.88001
 1191    443     2.11322    -0.88737     9.88001
 1192    443     2.12237    -0.88737     9.88001
 1214    443     2.32363    -0.88737     9.88001
 1215    443     2.33278    -0.88737     9.88001
 1218    443     2.36022    -0.88737     9.88001
 1219    443     2.36937    -0.88737     9.88001
 1902    443     8.61756    -0.88737     9.88001
 1903    443     8.62671    -0.88737     9.88001
 1904    443     8.63586    -0.88737     9.88001
 1905    443     8.64501    -0.88737     9.88001
 1906    443     8.65416    -0.88737     9.88001
 1907    443     8.66331    -0.88737     9.88001
 1908    443     8.67245    -0.88737     9.88001
 1909    443     8.68160    -0.88737     9.88001
 1910    443     8.69075    -0.88737     9.88001
 1911    443     8.69990    -0.88737     9.88001
 1912    443     8.70905    -0.88737     9.88001
 1915    443     8.73649    -0.88737     9.88001
 1916    443     8.74564    -0.88737     9.88001
 1917    443     8.75479    -0.88737     9.88001
  567    444    -3.57663    -0.87368     9.82892
  568    444    -3.56753    -0.87368     9.82892
  569    444    -3.55843    -0.87368     9.82892
  570    444    -3.54933    -0.87368     9.82892
  571    444    -3.54023    -0.87368     9.82892
  572    444    -3.53113    -0.87368     9.82892
  573    444    -3.52203    -0.87368     9.82892
  574    444    -3.51293    -0.87368     9.82892
  575    444    -3.50383    -0.87368     9.82892
  576    444    -3.49473    -0.87368     9.82892
  577    444    -3.48563    -0.87368     9.82892
  578    444    -3.47653    -0.87368     9.82892
  579    444    -3.46742    -0.87368     9.82892
  580    444    -3.45832    -0.87368     9.82892
  581    444    -3.44922    -0.87368     9.82892
  582    444    -3.44012    -0.87368     9.82892
  583    444    -3.43102    -0.87368     9.82892
  584    444    -3.42192    -0.87368     9.82892
  585    444    -3.41282    -0.87368     9.82892
  586    444    -3.40372    -0.87368     9.82892
  587    444    -3.39462    -0.87368     9.82892
  588    444    -3.38552    -0.87368     9.82892
 1149    444     1.72006    -0.87368     9.82892
 1150    444     1.72916    -0.87368     9.82892
 1153    444     1.75646    -0.87368     9.82892
 1154    444     1.76557    -0.87368     9.82892
 1172    444     1.92938    -0.87368     9.82892
 1173    444     1.93848    -0.87368     9.82892
 1174    444     1.94758    -0.87368     9.82892
 1176    444     1.96578    -0.87368     9.82892
 1177    444     1.97488    -0.87368     9.82892
 1178    444     1.98399    -0.87368     9.82892
 1191    444     2.10230    -0.87368     9.82892
 1192    444     2.11140    -0.87368     9.82892
 1215    444     2.32072    -0.87368     9.82892
 1216    444     2.32982    -0.87368     9.82892
 1220    444     2.36622    -0.87368     9.82892
 1906    444     8.60941    -0.87368     9.82892
 1907    444     8.61851    -0.87368     9.82892
 1908    444     8.62761    -0.87368     9.82892
 1909    444     8.63671    -0.87368     9.82892
 1910    444     8.64581    -0.87368     9.82892
 1911    444     8.65491    -0.87368     9.82892
 1912    444     8.66401    -0.87368     9.82892
 1913    444     8.67311    -0.87368     9.82892
 1914    444     8.68221    -0.87368     9.82892
 1917    444     8.70952    -0.87368     9.82892
 1918    444     8.71862    -0.87368     9.82892
  567    445    -3.55824    -0.86013     9.77836
  568    445    -3.54918    -0.86013     9.77836
  569    445    -3.54013    -0.86013     9.77836
  570    445    -3.53107    -0.86013     9.77836
  571    445    -3.52202    -0.86013     9.77836
  572    445    -3.51297    -0.86013     9.77836
  573    445    -3.50391    -0.86013     9.77836
  574    445    -3.49486    -0.86013     9.77836
  575    445    -3.48580    -0.86013     9.77836
  576    445    -3.47675    -0.86013     9.77836
  577    445    -3.46769    -0.86013     9.77836
  578    445    -3.45864    -0.86013     9.77836
  579    445    -3.44959    -0.86013     9.77836
  580    445    -3.44053    -0.86013     9.77836
  581    445    -3.43148    -0.86013     9.77836
  582    445    -3.42242    -0.86013     9.77836
  583    445    -3.41337    -0.86013     9.77836
  584    445    -3.40432    -0.86013     9.77836
  585    445    -3.39526    -0.86013     9.77836
  586    445    -3.38621    -0.86013     9.77836
  587    445    -3.37715    -0.86013     9.77836
 1150    445     1.72027    -0.86013     9.77836
 1151    445     1.72932    -0.86013     9.77836
 1153    445     1.74743    -0.86013     9.77836
 1154    445     1.75648    -0.86013     9.77836
 1155    445     1.76554    -0.86013     9.77836
 1173    445     1.92851    -0.86013     9.77836
 1174    445     1.93756    -0.86013     9.77836
 1177    445     1.96473    -0.86013     9.77836
 1178    445     1.97378    -0.86013     9.77836
 1216    445     2.31783    -0.86013     9.77836
 1217    445     2.32689    -0.86013     9.77836
 1221    445     2.36310    -0.86013     9.77836
 1908    445     8.58322    -0.86013     9.77836
 1909    445     8.59228    -0.86013     9.77836
 1910    445     8.60133    -0.86013     9.77836
 1911    445     8.61039    -0.86013     9.77836
 1912    445     8.61944    -0.86013     9.77836
 1913    445     8.62849    -0.86013     9.77836
 1914    445     8.63755    -0.86013     9.77836
 1915    445     8.64660    -0.86013     9.77836
 1916    445     8.65566    -0.86013     9.77836
 1917    445     8.66471    -0.86013     9.77836
  568    446    -3.53102    -0.84672     9.72831
  569    446    -3.52201    -0.84672     9.72831
  570    446    -3.51300    -0.84672     9.72831
  571    446    -3.50399    -0.84672     9.72831
  572    446    -3.49499    -0.84672     9.72831
  573    446    -3.48598    -0.84672     9.72831
  574    446    -3.47697    -0.84672     9.72831
  577    446    -3.44995    -0.84672     9.72831
  578    446    -3.44094    -0.84672     9.72831
  579    446    -3.43193    -0.84672     9.72831
  580    446    -3.42292    -0.84672     9.72831
  581    446    -3.41392    -0.84672     9.72831
  582    446    -3.40491    -0.84672     9.72831
  583    446    -3.39590    -0.84672     9.72831
 1150    446     1.71146    -0.84672     9.72831
 1151    446     1.72047    -0.84672     9.72831
 1152    446     1.72948    -0.84672     9.72831
 1154    446     1.74749    -0.84672     9.72831
 1155    446     1.75650    -0.84672     9.72831
 1156    446     1.76551    -0.84672     9.72831
 1174    446     1.92765    -0.84672     9.72831
 1175    446     1.93665    -0.84672     9.72831
 1178    446     1.96368    -0.84672     9.72831
 1179    446     1.97269    -0.84672     9.72831
 1221    446     2.35101    -0.84672     9.72831
 1222    446     2.36002    -0.84672     9.72831
 1911    446     8.56632    -0.84672     9.72831
 1912    446     8.57532    -0.84672     9.72831
 1913    446     8.58433    -0.84672     9.72831
 1914    446     8.59334    -0.84672     9.72831
 1915    446     8.60235    -0.84672     9.72831
 1916    446     8.61136    -0.84672     9.72831
 1917    446     8.62036    -0.84672     9.72831
 1918    446     8.62937    -0.84672     9.72831
 1151    447     1.71171    -0.83345     9.67877
 1152    447     1.72067    -0.83345     9.67877
 1155    447     1.74756    -0.83345     9.67877
 1156    447     1.75652    -0.83345     9.67877
 1157    447     1.76548    -0.83345     9.67877
 1175    447     1.92679    -0.83345     9.67877
 1176    447     1.93575    -0.83345     9.67877
 1179    447     1.96264    -0.83345     9.67877
 1180    447     1.97160    -0.83345     9.67877
 1218    447     2.31215    -0.83345     9.67877
 1219    447     2.32111    -0.83345     9.67877
 1222    447     2.34800    -0.83345     9.67877
 1223    447     2.35696    -0.83345     9.67877
 1913    447     8.54062    -0.83345     9.67877
 1914    447     8.54958    -0.83345     9.67877
 1915    447     8.55854    -0.83345     9.67877
 1916    447     8.56751    -0.83345     9.67877
 1917    447     8.57647    -0.83345     9.67877
 1918    447     8.58543    -0.83345     9.67877
 1151    448     1.70304    -0.82031     9.62974
 1152    448     1.71195    -0.82031     9.62974
 1153    448     1.72087    -0.82031     9.62974
 1155    448     1.73870    -0.82031     9.62974
 1156    448     1.74762    -0.82031     9.62974
 1157    448     1.75654    -0.82031     9.62974
 1175    448     1.91703    -0.82031     9.62974
 1176    448     1.92595    -0.82031     9.62974
 1179    448     1.95270    -0.82031     9.62974
 1180    448     1.96161    -0.82031     9.62974
 1181    448     1.97053    -0.82031     9.62974
 1219    448     2.30935    -0.82031     9.62974
 1220    448     2.31827    -0.82031     9.62974
 1223    448     2.34502    -0.82031     9.62974
 1224    448     2.35394    -0.82031     9.62974
 1916    448     8.52410    -0.82031     9.62974
 1917    448     8.53302    -0.82031     9.62974
 1918    448     8.54193    -0.82031     9.62974
 1152    449     1.70332    -0.80730     9.58120
 1153    449     1.71220    -0.80730     9.58120
 1154    449     1.72107    -0.80730     9.58120
 1156    449     1.73881    -0.80730     9.58120
 1157    449     1.74768    -0.80730     9.58120
 1158    449     1.75655    -0.80730     9.58120
 1176    449     1.91624    -0.80730     9.58120
 1177    449     1.92511    -0.80730     9.58120
 1180    449     1.95173    -0.80730     9.58120
 1181    449     1.96060    -0.80730     9.58120
 1182    449     1.96947    -0.80730     9.58120
 1219    449     2.29771    -0.80730     9.58120
 1220    449     2.30658    -0.80730     9.58120
 1223    449     2.33320    -0.80730     9.58120
 1224    449     2.34207    -0.80730     9.58120
 1225    449     2.35094    -0.80730     9.58120
 1153    450     1.70361    -0.79443     9.53314
 1154    450     1.71244    -0.79443     9.53314
 1155    450     1.72126    -0.79443     9.53314
 1157    450     1.73892    -0.79443     9.53314
 1158    450     1.74774    -0.79443     9.53314
 1159    450     1.75657    -0.79443     9.53314
 1177    450     1.91546    -0.79443     9.53314
 1178    450     1.92428    -0.79443     9.53314
 1181    450     1.95076    -0.79443     9.53314
 1182    450     1.95959    -0.79443     9.53314
 1220    450     2.29502    -0.79443     9.53314
 1221    450     2.30384    -0.79443     9.53314
 1224    450     2.33032    -0.79443     9.53314
 1225    450     2.33915    -0.79443     9.53314
 1226    450     2.34798    -0.79443     9.53314
 1153    451     1.69511    -0.78168     9.48557
 1154    451     1.70389    -0.78168     9.48557
 1155    451     1.71267    -0.78168     9.48557
 1158    451     1.73902    -0.78168     9.48557
 1159    451     1.74780    -0.78168     9.48557
 1160    451     1.75659    -0.78168     9.48557
 1177    451     1.90590    -0.78168     9.48557
 1178    451     1.91468    -0.78168     9.48557
 1179    451     1.92346    -0.78168     9.48557
 1182    451     1.94981    -0.78168     9.48557
 1183    451     1.95859    -0.78168     9.48557
 1221    451     2.29235    -0.78168     9.48557
 1222    451     2.30113    -0.78168     9.48557
 1225    451     2.32748    -0.78168     9.48557
 1226    451     2.33626    -0.78168     9.48557
 1154    452     1.69543    -0.76906     9.43847
 1155    452     1.70417    -0.76906     9.43847
 1156    452     1.71291    -0.76906     9.43847
 1159    452     1.73913    -0.76906     9.43847
 1160    452     1.74786    -0.76906     9.43847
 1178    452     1.90517    -0.76906     9.43847
 1179    452     1.91391    -0.76906     9.43847
 1180    452     1.92265    -0.76906     9.43847
 1183    452     1.94887    -0.76906     9.43847
 1184    452     1.95761    -0.76906     9.43847
 1203    452     2.12366    -0.76906     9.43847
 1204    452     2.13239    -0.76906     9.43847
 1222    452     2.28970    -0.76906     9.43847
 1223    452     2.29844    -0.76906     9.43847
 1226    452     2.32466    -0.76906     9.43847
 1227    452     2.33340    -0.76906     9.43847
 1155    453     1.69575    -0.75656     9.39183
 1156    453     1.70444    -0.75656     9.39183
 1157    453     1.71314    -0.75656     9.39183
 1159    453     1.73053    -0.75656     9.39183
 1160    453     1.73923    -0.75656     9.39183
 1161    453     1.74792    -0.75656     9.39183
 1179    453     1.90445    -0.75656     9.39183
 1180    453     1.91315    -0.75656     9.39183
 1181    453     1.92185    -0.75656     9.39183
 1184    453     1.94794    -0.75656     9.39183
 1185    453     1.95663    -0.75656     9.39183
 1203    453     2.11316    -0.75656     9.39183
 1204    453     2.12186    -0.75656     9.39183
 1205    453     2.13055    -0.75656     9.39183
 1222    453     2.27839    -0.75656     9.39183
 1223    453     2.28708    -0.75656     9.39183
 1224    453     2.29578    -0.75656     9.39183
 1227    453     2.32187    -0.75656     9.39183
 1228    453     2.33057    -0.75656     9.39183
 1156    454     1.69606    -0.74419     9.34565
 1157    454     1.70472    -0.74419     9.34565
 1158    454     1.71337    -0.74419     9.34565
 1160    454     1.73068    -0.74419     9.34565
 1161    454     1.73933    -0.74419     9.34565
 1162    454     1.74798    -0.74419     9.34565
 1180    454     1.90374    -0.74419     9.34565
 1181    454     1.91240    -0.74419     9.34565
 1182    454     1.92105    -0.74419     9.34565
 1185    454     1.94701    -0.74419     9.34565
 1201    454     2.08547    -0.74419     9.34565
 1202    454     2.09412    -0.74419     9.34565
 1204    454     2.11143    -0.74419     9.34565
 1205    454     2.12008    -0.74419     9.34565
 1206    454     2.12873    -0.74419     9.34565
 1223    454     2.27584    -0.74419     9.34565
 1224    454     2.28449    -0.74419     9.34565
 1225    454     2.29315    -0.74419     9.34565
 1228    454     2.31911    -0.74419     9.34565
 1229    454     2.32776    -0.74419     9.34565
 1157    455     1.69638    -0.73194     9.29993
 1158    455     1.70499    -0.73194     9.29993
 1161    455     1.73082    -0.73194     9.29993
 1162    455     1.73943    -0.73194     9.29993
 1181    455     1.90304    -0.73194     9.29993
 1182    455     1.91165    -0.73194     9.29993
 1185    455     1.93749    -0.73194     9.29993
 1186    455     1.94610    -0.73194     9.29993
 1187    455     1.95471    -0.73194     9.29993
 1201    455     2.07526    -0.73194     9.29993
 1202    455     2.08387    -0.73194     9.29993
 1203    455     2.09248    -0.73194     9.29993
 1205    455     2.10971    -0.73194     9.29993
 1206    455     2.11832    -0.73194     9.29993
 1207    455     2.12693    -0.73194     9.29993
 1224    455     2.27332    -0.73194     9.29993
 1225    455     2.28193    -0.73194     9.29993
 1229    455     2.31637    -0.73194     9.29993
 1230    455     2.32498    -0.73194     9.29993
 1157    456     1.68812    -0.71981     9.25465
 1158    456     1.69669    -0.71981     9.25465
 1159    456     1.70525    -0.71981     9.25465
 1161    456     1.72239    -0.71981     9.25465
 1162    456     1.73096    -0.71981     9.25465
 1163    456     1.73953    -0.71981     9.25465
 1182    456     1.90234    -0.71981     9.25465
 1183    456     1.91091    -0.71981     9.25465
 1185    456     1.92805    -0.71981     9.25465
 1186    456     1.93662    -0.71981     9.25465
 1187    456     1.94519    -0.71981     9.25465
 1188    456     1.95376    -0.71981     9.25465
 1201    456     2.06516    -0.71981     9.25465
 1202    456     2.07373    -0.71981     9.25465
 1203    456     2.08230    -0.71981     9.25465
 1206    456     2.10800    -0.71981     9.25465
 1207    456     2.11657    -0.71981     9.25465
 1208    456     2.12514    -0.71981     9.25465
 1225    456     2.27082    -0.71981     9.25465
 1226    456     2.27939    -0.71981     9.25465
 1230    456     2.31366    -0.71981     9.25465
 1231    456     2.32223    -0.71981     9.25465
 1158    457     1.68846    -0.70779     9.20981
 1159    457     1.69699    -0.70779     9.20981
 1162    457     1.72257    -0.70779     9.20981
 1163    457     1.73110    -0.70779     9.20981
 1183    457     1.90165    -0.70779     9.20981
 1184    457     1.91018    -0.70779     9.20981
 1186    457     1.92724    -0.70779     9.20981
 1187    457     1.93576    -0.70779     9.20981
 1188    457     1.94429    -0.70779     9.20981
 1189    457     1.95282    -0.70779     9.20981
 1202    457     2.06368    -0.70779     9.20981
 1203    457     2.07221    -0.70779     9.20981
 1204    457     2.08073    -0.70779     9.20981
 1206    457     2.09779    -0.70779     9.20981
 1207    457     2.10632    -0.70779     9.20981
 1208    457     2.11484    -0.70779     9.20981
 1226    457     2.26834    -0.70779     9.20981
 1227    457     2.27687    -0.70779     9.20981
 1230    457     2.30245    -0.70779     9.20981
 1231    457     2.31098    -0.70779     9.20981
 1232    457     2.31951    -0.70779     9.20981
 1159    458     1.68881    -0.69589     9.16540
 1160    458     1.69730    -0.69589     9.16540
 1163    458     1.72276    -0.69589     9.16540
 1164    458     1.73124    -0.69589     9.16540
 1183    458     1.89248    -0.69589     9.16540
 1184    458     1.90097    -0.69589     9.16540
 1185    458     1.90946    -0.69589     9.16540
 1187    458     1.92643    -0.69589     9.16540
 1188    458     1.93492    -0.69589     9.16540
 1189    458     1.94340    -0.69589     9.16540
 1203    458     2.06221    -0.69589     9.16540
 1204    458     2.07070    -0.69589     9.16540
 1205    458     2.07919    -0.69589     9.16540
 1206    458     2.08767    -0.69589     9.16540
 1207    458     2.09616    -0.69589     9.16540
 1208    458     2.10465    -0.69589     9.16540
 1227    458     2.26589    -0.69589     9.16540
 1228    458     2.27438    -0.69589     9.16540
 1231    458     2.29984    -0.69589     9.16540
 1232    458     2.30832    -0.69589     9.16540
 1233    458     2.31681    -0.69589     9.16540
 1160    459     1.68915    -0.68411     9.12141
 1164    459     1.72293    -0.68411     9.12141
 1165    459     1.73138    -0.68411     9.12141
 1184    459     1.89185    -0.68411     9.12141
 1185    459     1.90029    -0.68411     9.12141
 1186    459     1.90874    -0.68411     9.12141
 1188    459     1.92563    -0.68411     9.12141
 1189    459     1.93408    -0.68411     9.12141
 1204    459     2.06076    -0.68411     9.12141
 1205    459     2.06921    -0.68411     9.12141
 1206    459     2.07766    -0.68411     9.12141
 1228    459     2.26346    -0.68411     9.12141
 1229    459     2.27191    -0.68411     9.12141
 1232    459     2.29725    -0.68411     9.12141
 1233    459     2.30569    -0.68411     9.12141
 1234    459     2.31414    -0.68411     9.12141
 1161    460     1.68949    -0.67243     9.07785
 1165    460     1.72311    -0.67243     9.07785
 1184    460     1.88281    -0.67243     9.07785
 1185    460     1.89122    -0.67243     9.07785
 1186    460     1.89962    -0.67243     9.07785
 1189    460     1.92484    -0.67243     9.07785
 1190    460     1.93325    -0.67243     9.07785
 1205    460     2.05933    -0.67243     9.07785
 1206    460     2.06773    -0.67243     9.07785
 1229    460     2.26106    -0.67243     9.07785
 1230    460     2.26946    -0.67243     9.07785
 1234    460     2.30308    -0.67243     9.07785
 1161    461     1.68146    -0.66087     9.03470
 1162    461     1.68982    -0.66087     9.03470
 1165    461     1.71492    -0.66087     9.03470
 1166    461     1.72329    -0.66087     9.03470
 1185    461     1.88223    -0.66087     9.03470
 1186    461     1.89060    -0.66087     9.03470
 1189    461     1.91569    -0.66087     9.03470
 1190    461     1.92406    -0.66087     9.03470
 1191    461     1.93242    -0.66087     9.03470
 1230    461     2.25868    -0.66087     9.03470
 1231    461     2.26704    -0.66087     9.03470
 1235    461     2.30050    -0.66087     9.03470
 1162    462     1.68183    -0.64942     8.99196
 1163    462     1.69016    -0.64942     8.99196
 1166    462     1.71513    -0.64942     8.99196
 1167    462     1.72346    -0.64942     8.99196
 1186    462     1.88165    -0.64942     8.99196
 1187    462     1.88998    -0.64942     8.99196
 1190    462     1.91495    -0.64942     8.99196
 1191    462     1.92328    -0.64942     8.99196
 1231    462     2.25632    -0.64942     8.99196
 1232    462     2.26464    -0.64942     8.99196
 1236    462     2.29795    -0.64942     8.99196
 1163    463     1.68220    -0.63808     8.94962
 1167    463     1.71534    -0.63808     8.94962
 1186    463     1.87279    -0.63808     8.94962
 1187    463     1.88108    -0.63808     8.94962
 1188    463     1.88937    -0.63808     8.94962
 1190    463     1.90594    -0.63808     8.94962
 1191    463     1.91423    -0.63808     8.94962
 1192    463     1.92251    -0.63808     8.94962
 1232    463     2.25398    -0.63808     8.94962
 1233    463     2.26227    -0.63808     8.94962
 1237    463     2.29541    -0.63808     8.94962
 1164    464     1.68256    -0.62684     8.90768
 1187    464     1.87226    -0.62684     8.90768
 1188    464     1.88051    -0.62684     8.90768
 1189    464     1.88876    -0.62684     8.90768
 1191    464     1.90525    -0.62684     8.90768
 1192    464     1.91350    -0.62684     8.90768
 1193    464     1.92175    -0.62684     8.90768
 1234    464     2.25991    -0.62684     8.90768
 1238    464     2.29290    -0.62684     8.90768
 1165    465     1.68292    -0.61570     8.86613
 1188    465     1.87174    -0.61570     8.86613
 1189    465     1.87995    -0.61570     8.86613
 1192    465     1.90458    -0.61570     8.86613
 1193    465     1.91279    -0.61570     8.86613
 1214    465     2.08518    -0.61570     8.86613
 1234    465     2.24937    -0.61570     8.86613
 1235    465     2.25758    -0.61570     8.86613
 1238    465     2.28221    -0.61570     8.86613
 1239    465     2.29042    -0.61570     8.86613
  560    466    -3.26851    -0.60467     8.82497
  561    466    -3.26034    -0.60467     8.82497
  562    466    -3.25216    -0.60467     8.82497
  563    466    -3.24399    -0.60467     8.82497
 1169    466     1.70779    -0.60467     8.82497
 1170    466     1.71597    -0.60467     8.82497
 1188    466     1.86305    -0.60467     8.82497
 1189    466     1.87122    -0.60467     8.82497
 1190    466     1.87939    -0.60467     8.82497
 1193    466     1.90391    -0.60467     8.82497
 1194    466     1.91208    -0.60467     8.82497
 1215    466     2.08367    -0.60467     8.82497
 1235    466     2.24710    -0.60467     8.82497
 1236    466     2.25527    -0.60467     8.82497
 1239    466     2.27978    -0.60467     8.82497
 1240    466     2.28795    -0.60467     8.82497
  548    467    -3.35100    -0.59375     8.78419
  549    467    -3.34287    -0.59375     8.78419
  550    467    -3.33474    -0.59375     8.78419
  551    467    -3.32660    -0.59375     8.78419
  552    467    -3.31847    -0.59375     8.78419
  553    467    -3.31034    -0.59375     8.78419
  556    467    -3.28594    -0.59375     8.78419
  557    467    -3.27780    -0.59375     8.78419
  558    467    -3.26967    -0.59375     8.78419
  559    467    -3.26154    -0.59375     8.78419
  560    467    -3.25340    -0.59375     8.78419
  561    467    -3.24527    -0.59375     8.78419
  562    467    -3.23713    -0.59375     8.78419
  563    467    -3.22900    -0.59375     8.78419
  564    467    -3.22087    -0.59375     8.78419
 1169    467     1.69990    -0.59375     8.78419
 1170    467     1.70804    -0.59375     8.78419
 1171    467     1.71617    -0.59375     8.78419
 1172    467     1.72430    -0.59375     8.78419
 1189    467     1.86257    -0.59375     8.78419
 1190    467     1.87071    -0.59375     8.78419
 1191    467     1.87884    -0.59375     8.78419
 1194    467     1.90324    -0.59375     8.78419
 1212    467     2.04964    -0.59375     8.78419
 1216    467     2.08218    -0.59375     8.78419
 1236    467     2.24485    -0.59375     8.78419
 1240    467     2.27738    -0.59375     8.78419
 1241    467     2.28551    -0.59375     8.78419
  546    468    -3.35178    -0.58292     8.74378
  547    468    -3.34369    -0.58292     8.74378
  548    468    -3.33559    -0.58292     8.74378
  549    468    -3.32749    -0.58292     8.74378
  550    468    -3.31940    -0.58292     8.74378
  551    468    -3.31130    -0.58292     8.74378
  552    468    -3.30320    -0.58292     8.74378
  553    468    -3.29511    -0.58292     8.74378
  554    468    -3.28701    -0.58292     8.74378
  555    468    -3.27892    -0.58292     8.74378
  556    468    -3.27082    -0.58292     8.74378
  557    468    -3.26272    -0.58292     8.74378
  558    468    -3.25463    -0.58292     8.74378
  559    468    -3.24653    -0.58292     8.74378
  560    468    -3.23844    -0.58292     8.74378
  561    468    -3.23034    -0.58292     8.74378
  562    468    -3.22224    -0.58292     8.74378
  563    468    -3.21415    -0.58292     8.74378
  564    468    -3.20605    -0.58292     8.74378
  565    468    -3.19796    -0.58292     8.74378
 1167    468     1.67589    -0.58292     8.74378
 1168    468     1.68399    -0.58292     8.74378
 1170    468     1.70018    -0.58292     8.74378
 1171    468     1.70827    -0.58292     8.74378
 1172    468     1.71637    -0.58292     8.74378
 1190    468     1.86210    -0.58292     8.74378
 1191    468     1.87020    -0.58292     8.74378
 1213    468     2.04831    -0.58292     8.74378
 1217    468     2.08070    -0.58292     8.74378
 1236    468     2.23452    -0.58292     8.74378
 1237    468     2.24262    -0.58292     8.74378
 1240    468     2.26691    -0.58292     8.74378
 1241    468     2.27500    -0.58292     8.74378
 1242    468     2.28310    -0.58292     8.74378
  544    469    -3.35255    -0.57219     8.70374
  545    469    -3.34449    -0.57219     8.70374
  546    469    -3.33643    -0.57219     8.70374
  547    469    -3.32837    -0.57219     8.70374
  548    469    -3.32032    -0.57219     8.70374
  549    469    -3.31226    -0.57219     8.70374
  550    469    -3.30420    -0.57219     8.70374
  551    469    -3.29614    -0.57219     8.70374
  552    469    -3.28808    -0.57219     8.70374
  553    469    -3.28002    -0.57219     8.70374
  554    469    -3.27196    -0.57219     8.70374
  555    469    -3.26390    -0.57219     8.70374
  556    469    -3.25584    -0.57219     8.70374
  557    469    -3.24778    -0.57219     8.70374
  558    469    -3.23972    -0.57219     8.70374
  559    469    -3.23167    -0.57219     8.70374
  560    469    -3.22361    -0.57219     8.70374
  561    469    -3.21555    -0.57219     8.70374
  562    469    -3.20749    -0.57219     8.70374
  563    469    -3.19943    -0.57219     8.70374
  564    469    -3.19137    -0.57219     8.70374
  565    469    -3.18331    -0.57219     8.70374
 1167    469     1.66822    -0.57219     8.70374
 1168    469     1.67628    -0.57219     8.70374
 1169    469     1.68433    -0.57219     8.70374
 1171    469     1.70045    -0.57219     8.70374
 1172    469     1.70851    -0.57219     8.70374
 1173    469     1.71657    -0.57219     8.70374
 1191    469     1.86163    -0.57219     8.70374
 1192    469     1.86969    -0.57219     8.70374
 1214    469     2.04699    -0.57219     8.70374
 1218    469     2.07923    -0.57219     8.70374
 1237    469     2.23235    -0.57219     8.70374
 1238    469     2.24041    -0.57219     8.70374
 1241    469     2.26458    -0.57219     8.70374
 1242    469     2.27264    -0.57219     8.70374
 1243    469     2.28070    -0.57219     8.70374
  543    470    -3.34529    -0.56156     8.66407
  544    470    -3.33727    -0.56156     8.66407
  545    470    -3.32925    -0.56156     8.66407
  546    470    -3.32123    -0.56156     8.66407
  547    470    -3.31320    -0.56156     8.66407
  548    470    -3.30518    -0.56156     8.66407
  549    470    -3.29716    -0.56156     8.66407
  551    470    -3.28111    -0.56156     8.66407
  552    470    -3.27309    -0.56156     8.66407
  553    470    -3.26507    -0.56156     8.66407
  554    470    -3.25705    -0.56156     8.66407
  555    470    -3.24902    -0.56156     8.66407
  556    470    -3.24100    -0.56156     8.66407
  557    470    -3.23298    -0.56156     8.66407
  558    470    -3.22496    -0.56156     8.66407
  559    470    -3.21694    -0.56156     8.66407
  560    470    -3.20891    -0.56156     8.66407
  561    470    -3.20089    -0.56156     8.66407
  562    470    -3.19287    -0.56156     8.66407
  563    470    -3.18485    -0.56156     8.66407
  564    470    -3.17682    -0.56156     8.66407
  565    470    -3.16880    -0.56156     8.66407
 1168    470     1.66863    -0.56156     8.66407
 1169    470     1.67666    -0.56156     8.66407
 1170    470     1.68468    -0.56156     8.66407
 1172    470     1.70072    -0.56156     8.66407
 1173    470     1.70875    -0.56156     8.66407
 1215    470     2.04568    -0.56156     8.66407
 1219    470     2.07777    -0.56156     8.66407
 1238    470     2.23019    -0.56156     8.66407
 1239    470     2.23822    -0.56156     8.66407
 1242    470     2.26228    -0.56156     8.66407
 1243    470     2.27031    -0.56156     8.66407
 1244    470     2.27833    -0.56156     8.66407
  542    471    -3.33810    -0.55103     8.62475
  543    471    -3.33011    -0.55103     8.62475
  544    471    -3.32213    -0.55103     8.62475
  545    471    -3.31414    -0.55103     8.62475
  546    471    -3.30615    -0.55103     8.62475
  547    471    -3.29817    -0.55103     8.62475
  550    471    -3.27421    -0.55103     8.62475
  551    471    -3.26623    -0.55103     8.62475
  554    471    -3.24227    -0.55103     8.62475
  555    471    -3.23428    -0.55103     8.62475
  556    471    -3.22630    -0.55103     8.62475
  557    471    -3.21831    -0.55103     8.62475
  558    471    -3.21032    -0.55103     8.62475
  560    471    -3.19435    -0.55103     8.62475
  561    471    -3.18637    -0.55103     8.62475
  562    471    -3.17838    -0.55103     8.62475
  563    471    -3.17039    -0.55103     8.62475
  564    471    -3.16241    -0.55103     8.62475
  565    471    -3.15442    -0.55103     8.62475
 1168    471     1.66106    -0.55103     8.62475
 1169    471     1.66905    -0.55103     8.62475
 1170    471     1.67704    -0.55103     8.62475
 1173    471     1.70099    -0.55103     8.62475
 1174    471     1.70898    -0.55103     8.62475
 1197    471     1.89265    -0.55103     8.62475
 1198    471     1.90064    -0.55103     8.62475
 1219    471     2.06834    -0.55103     8.62475
 1220    471     2.07633    -0.55103     8.62475
 1239    471     2.22806    -0.55103     8.62475
 1240    471     2.23605    -0.55103     8.62475
 1243    471     2.26000    -0.55103     8.62475
 1244    471     2.26799    -0.55103     8.62475
  541    472    -3.33097    -0.54059     8.58579
  542    472    -3.32302    -0.54059     8.58579
  543    472    -3.31507    -0.54059     8.58579
  544    472    -3.30712    -0.54059     8.58579
  545    472    -3.29917    -0.54059     8.58579
  546    472    -3.29122    -0.54059     8.58579
  548    472    -3.27532    -0.54059     8.58579
  549    472    -3.26737    -0.54059     8.58579
  550    472    -3.25942    -0.54059     8.58579
  551    472    -3.25147    -0.54059     8.58579
  553    472    -3.23557    -0.54059     8.58579
  554    472    -3.22762    -0.54059     8.58579
  555    472    -3.21967    -0.54059     8.58579
  556    472    -3.21172    -0.54059     8.58579
  557    472    -3.20377    -0.54059     8.58579
  558    472    -3.19582    -0.54059     8.58579
  559    472    -3.18787    -0.54059     8.58579
  560    472    -3.17992    -0.54059     8.58579
  561    472    -3.17197    -0.54059     8.58579
  562    472    -3.16402    -0.54059     8.58579
  563    472    -3.15607    -0.54059     8.58579
  564    472    -3.14812    -0.54059     8.58579
  565    472    -3.14017    -0.54059     8.58579
 1169    472     1.66151    -0.54059     8.58579
 1170    472     1.66946    -0.54059     8.58579
 1171    472     1.67741    -0.54059     8.58579
 1173    472     1.69331    -0.54059     8.58579
 1174    472     1.70126    -0.54059     8.58579
 1175    472     1.70921    -0.54059     8.58579
 1198    472     1.89205    -0.54059     8.58579
 1199    472     1.90000    -0.54059     8.58579
 1216    472     2.03515    -0.54059     8.58579
 1217    472     2.04310    -0.54059     8.58579
 1220    472     2.06695    -0.54059     8.58579
 1221    472     2.07490    -0.54059     8.58579
 1240    472     2.22595    -0.54059     8.58579
 1241    472     2.23390    -0.54059     8.58579
 1244    472     2.25775    -0.54059     8.58579
 1245    472     2.26570    -0.54059     8.58579
  541    473    -3.31599    -0.53024     8.54719
  542    473    -3.30808    -0.53024     8.54719
  543    473    -3.30016    -0.53024     8.54719
  544    473    -3.29225    -0.53024     8.54719
  547    473    -3.26851    -0.53024     8.54719
  548    473    -3.26059    -0.53024     8.54719
  549    473    -3.25268    -0.53024     8.54719
  550    473    -3.24477    -0.53024     8.54719
  551    473    -3.23685    -0.53024     8.54719
  552    473    -3.22894    -0.53024     8.54719
  553    473    -3.22102    -0.53024     8.54719
  554    473    -3.21311    -0.53024     8.54719
  555    473    -3.20519    -0.53024     8.54719
  556    473    -3.19728    -0.53024     8.54719
  557    473    -3.18937    -0.53024     8.54719
  558    473    -3.18145    -0.53024     8.54719
  559    473    -3.17354    -0.53024     8.54719
  560    473    -3.16562    -0.53024     8.54719
  561    473    -3.15771    -0.53024     8.54719
  562    473    -3.14980    -0.53024     8.54719
  563    473    -3.14188    -0.53024     8.54719
  564    473    -3.13397    -0.53024     8.54719
 1170    473     1.66195    -0.53024     8.54719
 1171    473     1.66987    -0.53024     8.54719
 1174    473     1.69361    -0.53024     8.54719
 1175    473     1.70152    -0.53024     8.54719
 1195    473     1.85980    -0.53024     8.54719
 1198    473     1.88355    -0.53024     8.54719
 1199    473     1.89146    -0.53024     8.54719
 1217    473     2.03391    -0.53024     8.54719
 1218    473     2.04183    -0.53024     8.54719
 1220    473     2.05766    -0.53024     8.54719
 1221    473     2.06557    -0.53024     8.54719
 1222    473     2.07348    -0.53024     8.54719
 1241    473     2.22385    -0.53024     8.54719
 1242    473     2.23177    -0.53024     8.54719
 1245    473     2.25551    -0.53024     8.54719
 1246    473     2.26342    -0.53024     8.54719
  540    474    -3.30903    -0.51999     8.50892
  541    474    -3.30115    -0.51999     8.50892
  542    474    -3.29327    -0.51999     8.50892
  543    474    -3.28539    -0.51999     8.50892
  545    474    -3.26963    -0.51999     8.50892
  546    474    -3.26175    -0.51999     8.50892
  547    474    -3.25388    -0.51999     8.50892
  548    474    -3.24600    -0.51999     8.50892
  549    474    -3.23812    -0.51999     8.50892
  550    474    -3.23024    -0.51999     8.50892
  551    474    -3.22236    -0.51999     8.50892
  552    474    -3.21448    -0.51999     8.50892
  553    474    -3.20660    -0.51999     8.50892
  554    474    -3.19873    -0.51999     8.50892
  555    474    -3.19085    -0.51999     8.50892
  556    474    -3.18297    -0.51999     8.50892
  557    474    -3.17509    -0.51999     8.50892
  558    474    -3.16721    -0.51999     8.50892
  559    474    -3.15933    -0.51999     8.50892
  560    474    -3.15145    -0.51999     8.50892
  561    474    -3.14357    -0.51999     8.50892
  562    474    -3.13570    -0.51999     8.50892
  563    474    -3.12782    -0.51999     8.50892
 1170    474     1.65451    -0.51999     8.50892
 1171    474     1.66239    -0.51999     8.50892
 1172    474     1.67027    -0.51999     8.50892
 1174    474     1.68603    -0.51999     8.50892
 1175    474     1.69391    -0.51999     8.50892
 1176    474     1.70178    -0.51999     8.50892
 1195    474     1.85148    -0.51999     8.50892
 1196    474     1.85936    -0.51999     8.50892
 1199    474     1.88299    -0.51999     8.50892
 1200    474     1.89087    -0.51999     8.50892
 1217    474     2.02481    -0.51999     8.50892
 1218    474     2.03269    -0.51999     8.50892
 1219    474     2.04057    -0.51999     8.50892
 1221    474     2.05632    -0.51999     8.50892
 1222    474     2.06420    -0.51999     8.50892
 1223    474     2.07208    -0.51999     8.50892
 1242    474     2.22177    -0.51999     8.50892
 1243    474     2.22965    -0.51999     8.50892
 1246    474     2.25329    -0.51999     8.50892
 1247    474     2.26117    -0.51999     8.50892
  539    475    -3.30212    -0.50983     8.47100
  540    475    -3.29428    -0.50983     8.47100
  541    475    -3.28644    -0.50983     8.47100
  542    475    -3.27859    -0.50983     8.47100
  544    475    -3.26290    -0.50983     8.47100
  545    475    -3.25506    -0.50983     8.47100
  546    475    -3.24722    -0.50983     8.47100
  547    475    -3.23937    -0.50983     8.47100
  548    475    -3.23153    -0.50983     8.47100
  549    475    -3.22369    -0.50983     8.47100
  550    475    -3.21584    -0.50983     8.47100
  551    475    -3.20800    -0.50983     8.47100
  552    475    -3.20016    -0.50983     8.47100
  553    475    -3.19231    -0.50983     8.47100
  554    475    -3.18447    -0.50983     8.47100
  555    475    -3.17663    -0.50983     8.47100
  556    475    -3.16878    -0.50983     8.47100
  557    475    -3.16094    -0.50983     8.47100
  558    475    -3.15310    -0.50983     8.47100
  559    475    -3.14525    -0.50983     8.47100
  560    475    -3.13741    -0.50983     8.47100
  561    475    -3.12956    -0.50983     8.47100
  562    475    -3.12172    -0.50983     8.47100
 1171    475     1.65498    -0.50983     8.47100
 1172    475     1.66283    -0.50983     8.47100
 1173    475     1.67067    -0.50983     8.47100
 1175    475     1.68636    -0.50983     8.47100
 1176    475     1.69420    -0.50983     8.47100
 1177    475     1.70204    -0.50983     8.47100
 1196    475     1.85107    -0.50983     8.47100
 1197    475     1.85891    -0.50983     8.47100
 1200    475     1.88245    -0.50983     8.47100
 1201    475     1.89029    -0.50983     8.47100
 1218    475     2.02363    -0.50983     8.47100
 1219    475     2.03147    -0.50983     8.47100
 1222    475     2.05500    -0.50983     8.47100
 1223    475     2.06285    -0.50983     8.47100
 1224    475     2.07069    -0.50983     8.47100
 1242    475     2.21187    -0.50983     8.47100
 1243    475     2.21972    -0.50983     8.47100
 1246    475     2.24325    -0.50983     8.47100
 1247    475     2.25109    -0.50983     8.47100
 1248    475     2.25893    -0.50983     8.47100
  537    476    -3.30309    -0.49976     8.43342
  538    476    -3.29528    -0.49976     8.43342
  539    476    -3.28747    -0.49976     8.43342
  540    476    -3.27966    -0.49976     8.43342
  541    476    -3.27185    -0.49976     8.43342
  542    476    -3.26405    -0.49976     8.43342
  543    476    -3.25624    -0.49976     8.43342
  544    476    -3.24843    -0.49976     8.43342
  545    476    -3.24062    -0.49976     8.43342
  546    476    -3.23281    -0.49976     8.43342
  547    476    -3.22500    -0.49976     8.43342
  548    476    -3.21719    -0.49976     8.43342
  549    476    -3.20938    -0.49976     8.43342
  550    476    -3.20158    -0.49976     8.43342
  552    476    -3.18596    -0.49976     8.43342
  553    476    -3.17815    -0.49976     8.43342
  554    476    -3.17034    -0.49976     8.43342
  555    476    -3.16253    -0.49976     8.43342
  556    476    -3.15472    -0.49976     8.43342
  557    476    -3.14691    -0.49976     8.43342
  558    476    -3.13911    -0.49976     8.43342
  559    476    -3.13130    -0.49976     8.43342
  560    476    -3.12349    -0.49976     8.43342
  561    476    -3.11568    -0.49976     8.43342
 1171    476     1.64764    -0.49976     8.43342
 1172    476     1.65545    -0.49976     8.43342
 1173    476     1.66326    -0.49976     8.43342
 1176    476     1.68668    -0.49976     8.43342
 1177    476     1.69449    -0.49976     8.43342
 1178    476     1.70230    -0.49976     8.43342
 1197    476     1.85067    -0.49976     8.43342
 1198    476     1.85848    -0.49976     8.43342
 1201    476     1.88190    -0.49976     8.43342
 1202    476     1.88971    -0.49976     8.43342
 1218    476     2.01465    -0.49976     8.43342
 1219    476     2.02246    -0.49976     8.43342
 1220    476     2.03027    -0.49976     8.43342
 1222    476     2.04588    -0.49976     8.43342
 1223    476     2.05369    -0.49976     8.43342
 1224    476     2.06150    -0.49976     8.43342
 1243    476     2.20987    -0.49976     8.43342
 1244    476     2.21768    -0.49976     8.43342
 1247    476     2.24110    -0.49976     8.43342
 1248    476     2.24891    -0.49976     8.43342
 1249    476     2.25672    -0.49976     8.43342
  536    477    -3.29627    -0.48978     8.39617
  537    477    -3.28850    -0.48978     8.39617
  538    477    -3.28072    -0.48978     8.39617
  539    477    -3.27295    -0.48978     8.39617
  540    477    -3.26518    -0.48978     8.39617
  542    477    -3.24963    -0.48978     8.39617
  543    477    -3.24185    -0.48978     8.39617
  544    477    -3.23408    -0.48978     8.39617
  545    477    -3.22630    -0.48978     8.39617
  546    477    -3.21853    -0.48978     8.39617
  557    477    -3.13301    -0.48978     8.39617
  558    477    -3.12524    -0.48978     8.39617
  559    477    -3.11747    -0.48978     8.39617
 1172    477     1.64814    -0.48978     8.39617
 1173    477     1.65591    -0.48978     8.39617
 1174    477     1.66368    -0.48978     8.39617
 1177    477     1.68701    -0.48978     8.39617
 1178    477     1.69478    -0.48978     8.39617
 1197    477     1.84249    -0.48978     8.39617
 1198    477     1.85027    -0.48978     8.39617
 1202    477     1.88136    -0.48978     8.39617
 1219    477     2.01352    -0.48978     8.39617
 1220    477     2.02130    -0.48978     8.39617
 1221    477     2.02907    -0.48978     8.39617
 1223    477     2.04462    -0.48978     8.39617
 1224    477     2.05240    -0.48978     8.39617
 1225    477     2.06017    -0.48978     8.39617
 1244    477     2.20788    -0.48978     8.39617
 1245    477     2.21565    -0.48978     8.39617
 1248    477     2.23898    -0.48978     8.39617
 1249    477     2.24675    -0.48978     8.39617
 1250    477     2.25453    -0.48978     8.39617
  535    478    -3.28952    -0.47988     8.35924
  536    478    -3.28178    -0.47988     8.35924
  537    478    -3.27404    -0.47988     8.35924
  538    478    -3.26630    -0.47988     8.35924
  539    478    -3.25856    -0.47988     8.35924
  541    478    -3.24308    -0.47988     8.35924
  542    478    -3.23534    -0.47988     8.35924
  543    478    -3.22760    -0.47988     8.35924
  544    478    -3.21986    -0.47988     8.35924
  548    478    -3.18890    -0.47988     8.35924
 1173    478     1.64863    -0.47988     8.35924
 1174    478     1.65637    -0.47988     8.35924
 1175    478     1.66411    -0.47988     8.35924
 1178    478     1.68733    -0.47988     8.35924
 1179    478     1.69507    -0.47988     8.35924
 1198    478     1.84213    -0.47988     8.35924
 1199    478     1.84987    -0.47988     8.35924
 1203    478     1.88083    -0.47988     8.35924
 1204    478     1.88857    -0.47988     8.35924
 1220    478     2.01241    -0.47988     8.35924
 1221    478     2.02015    -0.47988     8.35924
 1224    478     2.04337    -0.47988     8.35924
 1225    478     2.05111    -0.47988     8.35924
 1226    478     2.05885    -0.47988     8.35924
 1245    478     2.20591    -0.47988     8.35924
 1246    478     2.21365    -0.47988     8.35924
 1249    478     2.23687    -0.47988     8.35924
 1250    478     2.24461    -0.47988     8.35924
 1251    478     2.25235    -0.47988     8.35924
  535    479    -3.27511    -0.47008     8.32264
  536    479    -3.26741    -0.47008     8.32264
  537    479    -3.25970    -0.47008     8.32264
  538    479    -3.25199    -0.47008     8.32264
  539    479    -3.24429    -0.47008     8.32264
  540    479    -3.23658    -0.47008     8.32264
  541    479    -3.22888    -0.47008     8.32264
  542    479    -3.22117    -0.47008     8.32264
  543    479    -3.21346    -0.47008     8.32264
  544    479    -3.20576    -0.47008     8.32264
  545    479    -3.19805    -0.47008     8.32264
  547    479    -3.18264    -0.47008     8.32264
  548    479    -3.17493    -0.47008     8.32264
 1174    479     1.64912    -0.47008     8.32264
 1175    479     1.65682    -0.47008     8.32264
 1176    479     1.66453    -0.47008     8.32264
 1178    479     1.67994    -0.47008     8.32264
 1179    479     1.68765    -0.47008     8.32264
 1199    479     1.84177    -0.47008     8.32264
 1200    479     1.84948    -0.47008     8.32264
 1204    479     1.88030    -0.47008     8.32264
 1220    479     2.00360    -0.47008     8.32264
 1221    479     2.01130    -0.47008     8.32264
 1222    479     2.01901    -0.47008     8.32264
 1225    479     2.04213    -0.47008     8.32264
 1226    479     2.04984    -0.47008     8.32264
 1245    479     2.19625    -0.47008     8.32264
 1246    479     2.20396    -0.47008     8.32264
 1247    479     2.21166    -0.47008     8.32264
 1250    479     2.23478    -0.47008     8.32264
 1251    479     2.24249    -0.47008     8.32264
  534    480    -3.26851    -0.46035     8.28636
  535    480    -3.26083    -0.46035     8.28636
  536    480    -3.25316    -0.46035     8.28636
  537    480    -3.24549    -0.46035     8.28636
  538    480    -3.23782    -0.46035     8.28636
  539    480    -3.23014    -0.46035     8.28636
  540    480    -3.22247    -0.46035     8.28636
  541    480    -3.21480    -0.46035     8.28636
  542    480    -3.20713    -0.46035     8.28636
 1175    480     1.64960    -0.46035     8.28636
 1176    480     1.65727    -0.46035     8.28636
 1179    480     1.68029    -0.46035     8.28636
 1180    480     1.68796    -0.46035     8.28636
 1200    480     1.84141    -0.46035     8.28636
 1201    480     1.84909    -0.46035     8.28636
 1204    480     1.87210    -0.46035     8.28636
 1205    480     1.87978    -0.46035     8.28636
 1221    480     2.00254    -0.46035     8.28636
 1222    480     2.01021    -0.46035     8.28636
 1223    480     2.01788    -0.46035     8.28636
 1226    480     2.04090    -0.46035     8.28636
 1227    480     2.04857    -0.46035     8.28636
 1246    480     2.19435    -0.46035     8.28636
 1247    480     2.20202    -0.46035     8.28636
 1248    480     2.20970    -0.46035     8.28636
 1251    480     2.23271    -0.46035     8.28636
 1252    480     2.24039    -0.46035     8.28636
  533    481    -3.26196    -0.45072     8.25039
  534    481    -3.25432    -0.45072     8.25039
  535    481    -3.24668    -0.45072     8.25039
  536    481    -3.23904    -0.45072     8.25039
  537    481    -3.23140    -0.45072     8.25039
  538    481    -3.22376    -0.45072     8.25039
  539    481    -3.21612    -0.45072     8.25039
  540    481    -3.20848    -0.45072     8.25039
  541    481    -3.20085    -0.45072     8.25039
  542    481    -3.19321    -0.45072     8.25039
  552    481    -3.11681    -0.45072     8.25039
  553    481    -3.10917    -0.45072     8.25039
 1176    481     1.65008    -0.45072     8.25039
 1177    481     1.65772    -0.45072     8.25039
 1180    481     1.68063    -0.45072     8.25039
 1181    481     1.68827    -0.45072     8.25039
 1201    481     1.84106    -0.45072     8.25039
 1202    481     1.84870    -0.45072     8.25039
 1204    481     1.86398    -0.45072     8.25039
 1205    481     1.87162    -0.45072     8.25039
 1206    481     1.87926    -0.45072     8.25039
 1222    481     2.00148    -0.45072     8.25039
 1223    481     2.00912    -0.45072     8.25039
 1224    481     2.01676    -0.45072     8.25039
 1227    481     2.03968    -0.45072     8.25039
 1228    481     2.04732    -0.45072     8.25039
 1247    481     2.19246    -0.45072     8.25039
 1248    481     2.20010    -0.45072     8.25039
 1249    481     2.20774    -0.45072     8.25039
 1252    481     2.23066    -0.45072     8.25039
  533    482    -3.24786    -0.44116     8.21473
  534    482    -3.24026    -0.44116     8.21473
  535    482    -3.23265    -0.44116     8.21473
  536    482    -3.22504    -0.44116     8.21473
  537    482    -3.21744    -0.44116     8.21473
  539    482    -3.20222    -0.44116     8.21473
  540    482    -3.19462    -0.44116     8.21473
  541    482    -3.18701    -0.44116     8.21473
  542    482    -3.17941    -0.44116     8.21473
  544    482    -3.16419    -0.44116     8.21473
  545    482    -3.15659    -0.44116     8.21473
  546    482    -3.14898    -0.44116     8.21473
  547    482    -3.14137    -0.44116     8.21473
  548    482    -3.13377    -0.44116     8.21473
  549    482    -3.12616    -0.44116     8.21473
  550    482    -3.11856    -0.44116     8.21473
  551    482    -3.11095    -0.44116     8.21473
  552    482    -3.10334    -0.44116     8.21473
  553    482    -3.09574    -0.44116     8.21473
 1176    482     1.64295    -0.44116     8.21473
 1177    482     1.65055    -0.44116     8.21473
 1178    482     1.65816    -0.44116     8.21473
 1180    482     1.67337    -0.44116     8.21473
 1181    482     1.68098    -0.44116     8.21473
 1182    482     1.68858    -0.44116     8.21473
 1201    482     1.83310    -0.44116     8.21473
 1202    482     1.84071    -0.44116     8.21473
 1203    482     1.84831    -0.44116     8.21473
 1205    482     1.86353    -0.44116     8.21473
 1206    482     1.87113    -0.44116     8.21473
 1207    482     1.87874    -0.44116     8.21473
 1223    482     2.00044    -0.44116     8.21473
 1224    482     2.00805    -0.44116     8.21473
 1228    482     2.03847    -0.44116     8.21473
 1248    482     2.19060    -0.44116     8.21473
 1249    482     2.19820    -0.44116     8.21473
 1253    482     2.22863    -0.44116     8.21473
  532    483    -3.24146    -0.43169     8.17938
  533    483    -3.23389    -0.43169     8.17938
  534    483    -3.22631    -0.43169     8.17938
  535    483    -3.21874    -0.43169     8.17938
  536    483    -3.21117    -0.43169     8.17938
  538    483    -3.19602    -0.43169     8.17938
  539    483    -3.18844    -0.43169     8.17938
  540    483    -3.18087    -0.43169     8.17938
  541    483    -3.17330    -0.43169     8.17938
  542    483    -3.16572    -0.43169     8.17938
  543    483    -3.15815    -0.43169     8.17938
  544    483    -3.15058    -0.43169     8.17938
  545    483    -3.14300    -0.43169     8.17938
  546    483    -3.13543    -0.43169     8.17938
  547    483    -3.12786    -0.43169     8.17938
  548    483    -3.12028    -0.43169     8.17938
  549    483    -3.11271    -0.43169     8.17938
  550    483    -3.10514    -0.43169     8.17938
  551    483    -3.09756    -0.43169     8.17938
  552    483    -3.08999    -0.43169     8.17938
  554    483    -3.07484    -0.43169     8.17938
  555    483    -3.06727    -0.43169     8.17938
 1177    483     1.64345    -0.43169     8.17938
 1178    483     1.65102    -0.43169     8.17938
 1181    483     1.67374    -0.43169     8.17938
 1182    483     1.68132    -0.43169     8.17938
 1202    483     1.83279    -0.43169     8.17938
 1203    483     1.84036    -0.43169     8.17938
 1204    483     1.84793    -0.43169     8.17938
 1206    483     1.86308    -0.43169     8.17938
 1207    483     1.87066    -0.43169     8.17938
 1208    483     1.87823    -0.43169     8.17938
 1224    483     1.99940    -0.43169     8.17938
 1225    483     2.00698    -0.43169     8.17938
 1228    483     2.02970    -0.43169     8.17938
 1229    483     2.03727    -0.43169     8.17938
 1249    483     2.18874    -0.43169     8.17938
 1250    483     2.19632    -0.43169     8.17938
 1254    483     2.22661    -0.43169     8.17938
 1255    483     2.23418    -0.43169     8.17938
  531    484    -3.23511    -0.42230     8.14434
  532    484    -3.22757    -0.42230     8.14434
  533    484    -3.22003    -0.42230     8.14434
  534    484    -3.21249    -0.42230     8.14434
  535    484    -3.20495    -0.42230     8.14434
  537    484    -3.18987    -0.42230     8.14434
  538    484    -3.18232    -0.42230     8.14434
  539    484    -3.17478    -0.42230     8.14434
  540    484    -3.16724    -0.42230     8.14434
  541    484    -3.15970    -0.42230     8.14434
  542    484    -3.15216    -0.42230     8.14434
  543    484    -3.14462    -0.42230     8.14434
  544    484    -3.13708    -0.42230     8.14434
  545    484    -3.12954    -0.42230     8.14434
  546    484    -3.12200    -0.42230     8.14434
  547    484    -3.11445    -0.42230     8.14434
  548    484    -3.10691    -0.42230     8.14434
  549    484    -3.09937    -0.42230     8.14434
  550    484    -3.09183    -0.42230     8.14434
  551    484    -3.08429    -0.42230     8.14434
  552    484    -3.07675    -0.42230     8.14434
  553    484    -3.06921    -0.42230     8.14434
  554    484    -3.06167    -0.42230     8.14434
 1177    484     1.63641    -0.42230     8.14434
 1178    484     1.64395    -0.42230     8.14434
 1179    484     1.65149    -0.42230     8.14434
 1182    484     1.67411    -0.42230     8.14434
 1183    484     1.68165    -0.42230     8.14434
 1202    484     1.82493    -0.42230     8.14434
 1203    484     1.83248    -0.42230     8.14434
 1204    484     1.84002    -0.42230     8.14434
 1207    484     1.86264    -0.42230     8.14434
 1208    484     1.87018    -0.42230     8.14434
 1209    484     1.87772    -0.42230     8.14434
 1225    484     1.99838    -0.42230     8.14434
 1226    484     2.00592    -0.42230     8.14434
 1229    484     2.02854    -0.42230     8.14434
 1230    484     2.03608    -0.42230     8.14434
 1251    484     2.19445    -0.42230     8.14434
 1254    484     2.21707    -0.42230     8.14434
 1255    484     2.22461    -0.42230     8.14434
 1256    484     2.23215    -0.42230     8.14434
  530    485    -3.22882    -0.41299     8.10959
  531    485    -3.22131    -0.41299     8.10959
  532    485    -3.21380    -0.41299     8.10959
  533    485    -3.20629    -0.41299     8.10959
  534    485    -3.19878    -0.41299     8.10959
  536    485    -3.18376    -0.41299     8.10959
  537    485    -3.17626    -0.41299     8.10959
  538    485    -3.16875    -0.41299     8.10959
  539    485    -3.16124    -0.41299     8.10959
  541    485    -3.14622    -0.41299     8.10959
  542    485    -3.13871    -0.41299     8.10959
  543    485    -3.13120    -0.41299     8.10959
  544    485    -3.12369    -0.41299     8.10959
  545    485    -3.11618    -0.41299     8.10959
  546    485    -3.10868    -0.41299     8.10959
  547    485    -3.10117    -0.41299     8.10959
  548    485    -3.09366    -0.41299     8.10959
  549    485    -3.08615    -0.41299     8.10959
  550    485    -3.07864    -0.41299     8.10959
  551    485    -3.07113    -0.41299     8.10959
  552    485    -3.06362    -0.41299     8.10959
  553    485    -3.05611    -0.41299     8.10959
  554    485    -3.04860    -0.41299     8.10959
 1178    485     1.63694    -0.41299     8.10959
 1179    485     1.64444    -0.41299     8.10959
 1180    485     1.65195    -0.41299     8.10959
 1183    485     1.67448    -0.41299     8.10959
 1184    485     1.68199    -0.41299     8.10959
 1203    485     1.82466    -0.41299     8.10959
 1204    485     1.83217    -0.41299     8.10959
 1205    485     1.83968    -0.41299     8.10959
 1207    485     1.85469    -0.41299     8.10959
 1208    485     1.86220    -0.41299     8.10959
 1209    485     1.86971    -0.41299     8.10959
 1226    485     1.99736    -0.41299     8.10959
 1230    485     2.02740    -0.41299     8.10959
 1251    485     2.18508    -0.41299     8.10959
 1252    485     2.19259    -0.41299     8.10959
 1255    485     2.21512    -0.41299     8.10959
 1256    485     2.22263    -0.41299     8.10959
 1257    485     2.23014    -0.41299     8.10959
  529    486    -3.22258    -0.40376     8.07514
  530    486    -3.21510    -0.40376     8.07514
  531    486    -3.20762    -0.40376     8.07514
  532    486    -3.20015    -0.40376     8.07514
  533    486    -3.19267    -0.40376     8.07514
  535    486    -3.17772    -0.40376     8.07514
  536    486    -3.17024    -0.40376     8.07514
  537    486    -3.16276    -0.40376     8.07514
  538    486    -3.15528    -0.40376     8.07514
  540    486    -3.14033    -0.40376     8.07514
  541    486    -3.13285    -0.40376     8.07514
  542    486    -3.12538    -0.40376     8.07514
  543    486    -3.11790    -0.40376     8.07514
  544    486    -3.11042    -0.40376     8.07514
  545    486    -3.10295    -0.40376     8.07514
  546    486    -3.09547    -0.40376     8.07514
  547    486    -3.08799    -0.40376     8.07514
  548    486    -3.08052    -0.40376     8.07514
  549    486    -3.07304    -0.40376     8.07514
  550    486    -3.06556    -0.40376     8.07514
  551    486    -3.05808    -0.40376     8.07514
  552    486    -3.05061    -0.40376     8.07514
  553    486    -3.04313    -0.40376     8.07514
  554    486    -3.03565    -0.40376     8.07514
 1179    486     1.63746    -0.40376     8.07514
 1180    486     1.64494    -0.40376     8.07514
 1183    486     1.66737    -0.40376     8.07514
 1184    486     1.67484    -0.40376     8.07514
 1185    486     1.68232    -0.40376     8.07514
 1204    486     1.82438    -0.40376     8.07514
 1205    486     1.83186    -0.40376     8.07514
 1206    486     1.83934    -0.40376     8.07514
 1208    486     1.85429    -0.40376     8.07514
 1209    486     1.86177    -0.40376     8.07514
 1210    486     1.86924    -0.40376     8.07514
 1227    486     1.99635    -0.40376     8.07514
 1231    486     2.02626    -0.40376     8.07514
 1232    486     2.03374    -0.40376     8.07514
 1252    486     2.18328    -0.40376     8.07514
 1253    486     2.19075    -0.40376     8.07514
 1256    486     2.21319    -0.40376     8.07514
 1257    486     2.22066    -0.40376     8.07514
  528    487    -3.21639    -0.39460     8.04098
  529    487    -3.20894    -0.39460     8.04098
  530    487    -3.20150    -0.39460     8.04098
  531    487    -3.19405    -0.39460     8.04098
  532    487    -3.18661    -0.39460     8.04098
  534    487    -3.17172    -0.39460     8.04098
  535    487    -3.16427    -0.39460     8.04098
  536    487    -3.15683    -0.39460     8.04098
  537    487    -3.14938    -0.39460     8.04098
  539    487    -3.13449    -0.39460     8.04098
  540    487    -3.12705    -0.39460     8.04098
  541    487    -3.11960    -0.39460     8.04098
  542    487    -3.11216    -0.39460     8.04098
  543    487    -3.10471    -0.39460     8.04098
  548    487    -3.06748    -0.39460     8.04098
  549    487    -3.06004    -0.39460     8.04098
  550    487    -3.05259    -0.39460     8.04098
  551    487    -3.04515    -0.39460     8.04098
  552    487    -3.03770    -0.39460     8.04098
  553    487    -3.03026    -0.39460     8.04098
 1180    487     1.63798    -0.39460     8.04098
 1181    487     1.64542    -0.39460     8.04098
 1184    487     1.66776    -0.39460     8.04098
 1185    487     1.67520    -0.39460     8.04098
 1186    487     1.68265    -0.39460     8.04098
 1205    487     1.82411    -0.39460     8.04098
 1206    487     1.83156    -0.39460     8.04098
 1209    487     1.85389    -0.39460     8.04098
 1210    487     1.86134    -0.39460     8.04098
 1228    487     1.99535    -0.39460     8.04098
 1232    487     2.02513    -0.39460     8.04098
 1252    487     2.17404    -0.39460     8.04098
 1253    487     2.18149    -0.39460     8.04098
 1254    487     2.18893    -0.39460     8.04098
 1257    487     2.21127    -0.39460     8.04098
  527    488    -3.21026    -0.38553     8.00710
  528    488    -3.20284    -0.38553     8.00710
  529    488    -3.19543    -0.38553     8.00710
  530    488    -3.18801    -0.38553     8.00710
  531    488    -3.18060    -0.38553     8.00710
  532    488    -3.17319    -0.38553     8.00710
  534    488    -3.15836    -0.38553     8.00710
  535    488    -3.15094    -0.38553     8.00710
  536    488    -3.14353    -0.38553     8.00710
  538    488    -3.12870    -0.38553     8.00710
  539    488    -3.12129    -0.38553     8.00710
  540    488    -3.11387    -0.38553     8.00710
  541    488    -3.10646    -0.38553     8.00710
  542    488    -3.09905    -0.38553     8.00710
  548    488    -3.05456    -0.38553     8.00710
  549    488    -3.04715    -0.38553     8.00710
  550    488    -3.03973    -0.38553     8.00710
  551    488    -3.03232    -0.38553     8.00710
  552    488    -3.02491    -0.38553     8.00710
 1181    488     1.63849    -0.38553     8.00710
 1182    488     1.64590    -0.38553     8.00710
 1185    488     1.66815    -0.38553     8.00710
 1186    488     1.67556    -0.38553     8.00710
 1206    488     1.82384    -0.38553     8.00710
 1207    488     1.83125    -0.38553     8.00710
 1210    488     1.85350    -0.38553     8.00710
 1211    488     1.86091    -0.38553     8.00710
 1228    488     1.98695    -0.38553     8.00710
 1229    488     1.99436    -0.38553     8.00710
 1232    488     2.01660    -0.38553     8.00710
 1233    488     2.02402    -0.38553     8.00710
 1253    488     2.17230    -0.38553     8.00710
 1254    488     2.17971    -0.38553     8.00710
 1255    488     2.18713    -0.38553     8.00710
  527    489    -3.19679    -0.37653     7.97351
  528    489    -3.18941    -0.37653     7.97351
  529    489    -3.18202    -0.37653     7.97351
  530    489    -3.17464    -0.37653     7.97351
  531    489    -3.16726    -0.37653     7.97351
  533    489    -3.15249    -0.37653     7.97351
  534    489    -3.14511    -0.37653     7.97351
  537    489    -3.12296    -0.37653     7.97351
  538    489    -3.11558    -0.37653     7.97351
  539    489    -3.10819    -0.37653     7.97351
  540    489    -3.10081    -0.37653     7.97351
  541    489    -3.09343    -0.37653     7.97351
  545    489    -3.06390    -0.37653     7.97351
  546    489    -3.05651    -0.37653     7.97351
  547    489    -3.04913    -0.37653     7.97351
  548    489    -3.04175    -0.37653     7.97351
  549    489    -3.03436    -0.37653     7.97351
  550    489    -3.02698    -0.37653     7.97351
  551    489    -3.01960    -0.37653     7.97351
  552    489    -3.01222    -0.37653     7.97351
 1181    489     1.63162    -0.37653     7.97351
 1182    489     1.63900    -0.37653     7.97351
 1183    489     1.64638    -0.37653     7.97351
 1185    489     1.66115    -0.37653     7.97351
 1186    489     1.66853    -0.37653     7.97351
 1187    489     1.67591    -0.37653     7.97351
 1206    489     1.81619    -0.37653     7.97351
 1207    489     1.82357    -0.37653     7.97351
 1208    489     1.83095    -0.37653     7.97351
 1210    489     1.84572    -0.37653     7.97351
 1211    489     1.85310    -0.37653     7.97351
 1212    489     1.86049    -0.37653     7.97351
 1229    489     1.98600    -0.37653     7.97351
 1230    489     1.99338    -0.37653     7.97351
 1233    489     2.01553    -0.37653     7.97351
 1234    489     2.02291    -0.37653     7.97351
 1254    489     2.17057    -0.37653     7.97351
 1255    489     2.17795    -0.37653     7.97351
  526    490    -3.19079    -0.36760     7.94021
  527    490    -3.18343    -0.36760     7.94021
  528    490    -3.17608    -0.36760     7.94021
  529    490    -3.16873    -0.36760     7.94021
  530    490    -3.16138    -0.36760     7.94021
  531    490    -3.15403    -0.36760     7.94021
  532    490    -3.14667    -0.36760     7.94021
  533    490    -3.13932    -0.36760     7.94021
  534    490    -3.13197    -0.36760     7.94021
  536    490    -3.11727    -0.36760     7.94021
  537    490    -3.10991    -0.36760     7.94021
  538    490    -3.10256    -0.36760     7.94021
  539    490    -3.09521    -0.36760     7.94021
  540    490    -3.08786    -0.36760     7.94021
  541    490    -3.08051    -0.36760     7.94021
  544    490    -3.05845    -0.36760     7.94021
  545    490    -3.05110    -0.36760     7.94021
  546    490    -3.04375    -0.36760     7.94021
  547    490    -3.03639    -0.36760     7.94021
  548    490    -3.02904    -0.36760     7.94021
  549    490    -3.02169    -0.36760     7.94021
  550    490    -3.01434    -0.36760     7.94021
  551    490    -3.00699    -0.36760     7.94021
 1182    490     1.63215    -0.36760     7.94021
 1183    490     1.63951    -0.36760     7.94021
 1186    490     1.66156    -0.36760     7.94021
 1187    490     1.66891    -0.36760     7.94021
 1207    490     1.81595    -0.36760     7.94021
 1208    490     1.82331    -0.36760     7.94021
 1211    490     1.84536    -0.36760     7.94021
 1212    490     1.85271    -0.36760     7.94021
 1213    490     1.86007    -0.36760     7.94021
 1230    490     1.98505    -0.36760     7.94021
 1233    490     2.00711    -0.36760     7.94021
 1234    490     2.01446    -0.36760     7.94021
 1235    490     2.02181    -0.36760     7.94021
  525    491    -3.18483    -0.35875     7.90717
  526    491    -3.17751    -0.35875     7.90717
  527    491    -3.17019    -0.35875     7.90717
  528    491    -3.16287    -0.35875     7.90717
  529    491    -3.15555    -0.35875     7.90717
  530    491    -3.14823    -0.35875     7.90717
  531    491    -3.14091    -0.35875     7.90717
  532    491    -3.13358    -0.35875     7.90717
  533    491    -3.12626    -0.35875     7.90717
  534    491    -3.11894    -0.35875     7.90717
  535    491    -3.11162    -0.35875     7.90717
  536    491    -3.10430    -0.35875     7.90717
  537    491    -3.09698    -0.35875     7.90717
  538    491    -3.08966    -0.35875     7.90717
  539    491    -3.08233    -0.35875     7.90717
  540    491    -3.07501    -0.35875     7.90717
  543    491    -3.05305    -0.35875     7.90717
  544    491    -3.04573    -0.35875     7.90717
  545    491    -3.03840    -0.35875     7.90717
  546    491    -3.03108    -0.35875     7.90717
  547    491    -3.02376    -0.35875     7.90717
  548    491    -3.01644    -0.35875     7.90717
  549    491    -3.00912    -0.35875     7.90717
  550    491    -3.00180    -0.35875     7.90717
 1182    491     1.62536    -0.35875     7.90717
 1183    491     1.63269    -0.35875     7.90717
 1184    491     1.64001    -0.35875     7.90717
 1186    491     1.65465    -0.35875     7.90717
 1187    491     1.66197    -0.35875     7.90717
 1188    491     1.66929    -0.35875     7.90717
 1208    491     1.81572    -0.35875     7.90717
 1209    491     1.82304    -0.35875     7.90717
 1212    491     1.84501    -0.35875     7.90717
 1213    491     1.85233    -0.35875     7.90717
 1214    491     1.85965    -0.35875     7.90717
 1230    491     1.97679    -0.35875     7.90717
 1231    491     1.98411    -0.35875     7.90717
 1234    491     2.00608    -0.35875     7.90717
 1235    491     2.01340    -0.35875     7.90717
 1236    491     2.02072    -0.35875     7.90717
 1260    491     2.19644    -0.35875     7.90717
 1261    491     2.20376    -0.35875     7.90717
  525    492    -3.17164    -0.34997     7.87442
  526    492    -3.16435    -0.34997     7.87442
  527    492    -3.15706    -0.34997     7.87442
  528    492    -3.14977    -0.34997     7.87442
  530    492    -3.13518    -0.34997     7.87442
  531    492    -3.12789    -0.34997     7.87442
  532    492    -3.12060    -0.34997     7.87442
  534    492    -3.10602    -0.34997     7.87442
  535    492    -3.09873    -0.34997     7.87442
  536    492    -3.09144    -0.34997     7.87442
  537    492    -3.08415    -0.34997     7.87442
  543    492    -3.04040    -0.34997     7.87442
  544    492    -3.03311    -0.34997     7.87442
  545    492    -3.02582    -0.34997     7.87442
  546    492    -3.01853    -0.34997     7.87442
  547    492    -3.01124    -0.34997     7.87442
  548    492    -3.00394    -0.34997     7.87442
  549    492    -2.99665    -0.34997     7.87442
  550    492    -2.98936    -0.34997     7.87442
 1183    492     1.62592    -0.34997     7.87442
 1184    492     1.63321    -0.34997     7.87442
 1185    492     1.64050    -0.34997     7.87442
 1187    492     1.65509    -0.34997     7.87442
 1188    492     1.66238    -0.34997     7.87442
 1189    492     1.66967    -0.34997     7.87442
 1208    492     1.80820    -0.34997     7.87442
 1209    492     1.81549    -0.34997     7.87442
 1210    492     1.82278    -0.34997     7.87442
 1213    492     1.84466    -0.34997     7.87442
 1214    492     1.85195    -0.34997     7.87442
 1231    492     1.97590    -0.34997     7.87442
 1232    492     1.98319    -0.34997     7.87442
 1235    492     2.00506    -0.34997     7.87442
 1236    492     2.01235    -0.34997     7.87442
 1237    492     2.01964    -0.34997     7.87442
 1261    492     2.19463    -0.34997     7.87442
 1262    492     2.20192    -0.34997     7.87442
  524    493    -3.16582    -0.34127     7.84193
  525    493    -3.15855    -0.34127     7.84193
  526    493    -3.15129    -0.34127     7.84193
  527    493    -3.14403    -0.34127     7.84193
  528    493    -3.13677    -0.34127     7.84193
  529    493    -3.12951    -0.34127     7.84193
  530    493    -3.12225    -0.34127     7.84193
  531    493    -3.11499    -0.34127     7.84193
  533    493    -3.10047    -0.34127     7.84193
  534    493    -3.09321    -0.34127     7.84193
  535    493    -3.08594    -0.34127     7.84193
  536    493    -3.07868    -0.34127     7.84193
  537    493    -3.07142    -0.34127     7.84193
  538    493    -3.06416    -0.34127     7.84193
  539    493    -3.05690    -0.34127     7.84193
  540    493    -3.04964    -0.34127     7.84193
  543    493    -3.02786    -0.34127     7.84193
  544    493    -3.02060    -0.34127     7.84193
  545    493    -3.01333    -0.34127     7.84193
  546    493    -3.00607    -0.34127     7.84193
  547    493    -2.99881    -0.34127     7.84193
  548    493    -2.99155    -0.34127     7.84193
 1184    493     1.62647    -0.34127     7.84193
 1185    493     1.63374    -0.34127     7.84193
 1188    493     1.65552    -0.34127     7.84193
 1189    493     1.66278    -0.34127     7.84193
 1209    493     1.80800    -0.34127     7.84193
 1210    493     1.81526    -0.34127     7.84193
 1211    493     1.82252    -0.34127     7.84193
 1213    493     1.83704    -0.34127     7.84193
 1214    493     1.84431    -0.34127     7.84193
 1215    493     1.85157    -0.34127     7.84193
 1231    493     1.96774    -0.34127     7.84193
 1232    493     1.97500    -0.34127     7.84193
 1233    493     1.98227    -0.34127     7.84193
 1236    493     2.00405    -0.34127     7.84193
 1237    493     2.01131    -0.34127     7.84193
 1238    493     2.01857    -0.34127     7.84193
 1258    493     2.16379    -0.34127     7.84193
 1259    493     2.17105    -0.34127     7.84193
 1262    493     2.19284    -0.34127     7.84193
 1263    493     2.20010    -0.34127     7.84193
  523    494    -3.16004    -0.33264     7.80971
  524    494    -3.15281    -0.33264     7.80971
  525    494    -3.14558    -0.33264     7.80971
  526    494    -3.13835    -0.33264     7.80971
  527    494    -3.13111    -0.33264     7.80971
  529    494    -3.11665    -0.33264     7.80971
  530    494    -3.10942    -0.33264     7.80971
  531    494    -3.10219    -0.33264     7.80971
  533    494    -3.08773    -0.33264     7.80971
  534    494    -3.08050    -0.33264     7.80971
  535    494    -3.07327    -0.33264     7.80971
  536    494    -3.06603    -0.33264     7.80971
  539    494    -3.04434    -0.33264     7.80971
  540    494    -3.03711    -0.33264     7.80971
  542    494    -3.02265    -0.33264     7.80971
  543    494    -3.01542    -0.33264     7.80971
  544    494    -3.00818    -0.33264     7.80971
  545    494    -3.00095    -0.33264     7.80971
  546    494    -2.99372    -0.33264     7.80971
  547    494    -2.98649    -0.33264     7.80971
 1184    494     1.61979    -0.33264     7.80971
 1185    494     1.62702    -0.33264     7.80971
 1186    494     1.63425    -0.33264     7.80971
 1188    494     1.64872    -0.33264     7.80971
 1189    494     1.65595    -0.33264     7.80971
 1210    494     1.80780    -0.33264     7.80971
 1211    494     1.81503    -0.33264     7.80971
 1212    494     1.82227    -0.33264     7.80971
 1214    494     1.83673    -0.33264     7.80971
 1215    494     1.84396    -0.33264     7.80971
 1216    494     1.85119    -0.33264     7.80971
 1232    494     1.96689    -0.33264     7.80971
 1233    494     1.97412    -0.33264     7.80971
 1234    494     1.98135    -0.33264     7.80971
 1237    494     2.00305    -0.33264     7.80971
 1238    494     2.01028    -0.33264     7.80971
 1258    494     2.15490    -0.33264     7.80971
 1259    494     2.16213    -0.33264     7.80971
 1260    494     2.16936    -0.33264     7.80971
 1263    494     2.19106    -0.33264     7.80971
 1264    494     2.19829    -0.33264     7.80971
  522    495    -3.15431    -0.32407     7.77775
  523    495    -3.14711    -0.32407     7.77775
  524    495    -3.13991    -0.32407     7.77775
  525    495    -3.13271    -0.32407     7.77775
  526    495    -3.12550    -0.32407     7.77775
  528    495    -3.11110    -0.32407     7.77775
  529    495    -3.10390    -0.32407     7.77775
  530    495    -3.09670    -0.32407     7.77775
  531    495    -3.08950    -0.32407     7.77775
  533    495    -3.07509    -0.32407     7.77775
  534    495    -3.06789    -0.32407     7.77775
  535    495    -3.06069    -0.32407     7.77775
  536    495    -3.05349    -0.32407     7.77775
  542    495    -3.01028    -0.32407     7.77775
  543    495    -3.00308    -0.32407     7.77775
  544    495    -2.99588    -0.32407     7.77775
  545    495    -2.98867    -0.32407     7.77775
  546    495    -2.98147    -0.32407     7.77775
 1185    495     1.62037    -0.32407     7.77775
 1186    495     1.62757    -0.32407     7.77775
 1189    495     1.64917    -0.32407     7.77775
 1190    495     1.65637    -0.32407     7.77775
 1211    495     1.80761    -0.32407     7.77775
 1212    495     1.81481    -0.32407     7.77775
 1215    495     1.83641    -0.32407     7.77775
 1216    495     1.84362    -0.32407     7.77775
 1217    495     1.85082    -0.32407     7.77775
 1233    495     1.96604    -0.32407     7.77775
 1234    495     1.97324    -0.32407     7.77775
 1235    495     1.98045    -0.32407     7.77775
 1238    495     2.00205    -0.32407     7.77775
 1239    495     2.00925    -0.32407     7.77775
 1259    495     2.15329    -0.32407     7.77775
 1260    495     2.16049    -0.32407     7.77775
 1261    495     2.16769    -0.32407     7.77775
 1264    495     2.18929    -0.32407     7.77775
  522    496    -3.14146    -0.31558     7.74606
  523    496    -3.13428    -0.31558     7.74606
  524    496    -3.12711    -0.31558     7.74606
  525    496    -3.11994    -0.31558     7.74606
  526    496    -3.11277    -0.31558     7.74606
  528    496    -3.09842    -0.31558     7.74606
  529    496    -3.09125    -0.31558     7.74606
  530    496    -3.08408    -0.31558     7.74606
  531    496    -3.07691    -0.31558     7.74606
  533    496    -3.06256    -0.31558     7.74606
  534    496    -3.05539    -0.31558     7.74606
  535    496    -3.04822    -0.31558     7.74606
  536    496    -3.04104    -0.31558     7.74606
  537    496    -3.03387    -0.31558     7.74606
  541    496    -3.00518    -0.31558     7.74606
  542    496    -2.99801    -0.31558     7.74606
  543    496    -2.99084    -0.31558     7.74606
  544    496    -2.98367    -0.31558     7.74606
  545    496    -2.97649    -0.31558     7.74606
  546    496    -2.96932    -0.31558     7.74606
 1186    496     1.62093    -0.31558     7.74606
 1187    496     1.62811    -0.31558     7.74606
 1190    496     1.64962    -0.31558     7.74606
 1191    496     1.65680    -0.31558     7.74606
 1211    496     1.80024    -0.31558     7.74606
 1212    496     1.80741    -0.31558     7.74606
 1213    496     1.81459    -0.31558     7.74606
 1216    496     1.83610    -0.31558     7.74606
 1217    496     1.84327    -0.31558     7.74606
 1218    496     1.85045    -0.31558     7.74606
 1234    496     1.96520    -0.31558     7.74606
 1235    496     1.97238    -0.31558     7.74606
 1236    496     1.97955    -0.31558     7.74606
 1239    496     2.00106    -0.31558     7.74606
 1240    496     2.00824    -0.31558     7.74606
 1260    496     2.15168    -0.31558     7.74606
 1261    496     2.15885    -0.31558     7.74606
 1265    496     2.18754    -0.31558     7.74606
  522    497    -3.12871    -0.30716     7.71462
  523    497    -3.12156    -0.30716     7.71462
  524    497    -3.11442    -0.30716     7.71462
  525    497    -3.10728    -0.30716     7.71462
  526    497    -3.10013    -0.30716     7.71462
  527    497    -3.09299    -0.30716     7.71462
  528    497    -3.08585    -0.30716     7.71462
  529    497    -3.07870    -0.30716     7.71462
  530    497    -3.07156    -0.30716     7.71462
  531    497    -3.06442    -0.30716     7.71462
  533    497    -3.05013    -0.30716     7.71462
  534    497    -3.04299    -0.30716     7.71462
  535    497    -3.03584    -0.30716     7.71462
  536    497    -3.02870    -0.30716     7.71462
  540    497    -3.00013    -0.30716     7.71462
  541    497    -2.99299    -0.30716     7.71462
  542    497    -2.98584    -0.30716     7.71462
  543    497    -2.97870    -0.30716     7.71462
  544    497    -2.97156    -0.30716     7.71462
  545    497    -2.96441    -0.30716     7.71462
 1186    497     1.61436    -0.30716     7.71462
 1187    497     1.62150    -0.30716     7.71462
 1190    497     1.64293    -0.30716     7.71462
 1191    497     1.65007    -0.30716     7.71462
 1192    497     1.65721    -0.30716     7.71462
 1212    497     1.80008    -0.30716     7.71462
 1213    497     1.80722    -0.30716     7.71462
 1214    497     1.81436    -0.30716     7.71462
 1217    497     1.83579    -0.30716     7.71462
 1218    497     1.84294    -0.30716     7.71462
 1219    497     1.85008    -0.30716     7.71462
 1235    497     1.96437    -0.30716     7.71462
 1236    497     1.97151    -0.30716     7.71462
 1237    497     1.97866    -0.30716     7.71462
 1239    497     1.99294    -0.30716     7.71462
 1240    497     2.00009    -0.30716     7.71462
 1241    497     2.00723    -0.30716     7.71462
 1262    497     2.15724    -0.30716     7.71462
  522    498    -3.11606    -0.29880     7.68343
  523    498    -3.10894    -0.29880     7.68343
  524    498    -3.10183    -0.29880     7.68343
  525    498    -3.09472    -0.29880     7.68343
  526    498    -3.08760    -0.29880     7.68343
  527    498    -3.08049    -0.29880     7.68343
  528    498    -3.07337    -0.29880     7.68343
  529    498    -3.06626    -0.29880     7.68343
  530    498    -3.05914    -0.29880     7.68343
  531    498    -3.05203    -0.29880     7.68343
  533    498    -3.03780    -0.29880     7.68343
  534    498    -3.03069    -0.29880     7.68343
  535    498    -3.02357    -0.29880     7.68343
  536    498    -3.01646    -0.29880     7.68343
  538    498    -3.00223    -0.29880     7.68343
  539    498    -2.99512    -0.29880     7.68343
  540    498    -2.98800    -0.29880     7.68343
  541    498    -2.98089    -0.29880     7.68343
  542    498    -2.97377    -0.29880     7.68343
  543    498    -2.96666    -0.29880     7.68343
  544    498    -2.95954    -0.29880     7.68343
 1187    498     1.61494    -0.29880     7.68343
 1188    498     1.62206    -0.29880     7.68343
 1191    498     1.64340    -0.29880     7.68343
 1192    498     1.65052    -0.29880     7.68343
 1193    498     1.65763    -0.29880     7.68343
 1213    498     1.79992    -0.29880     7.68343
 1214    498     1.80703    -0.29880     7.68343
 1215    498     1.81414    -0.29880     7.68343
 1218    498     1.83549    -0.29880     7.68343
 1219    498     1.84260    -0.29880     7.68343
 1220    498     1.84972    -0.29880     7.68343
 1236    498     1.96354    -0.29880     7.68343
 1237    498     1.97066    -0.29880     7.68343
 1240    498     1.99200    -0.29880     7.68343
 1241    498     1.99912    -0.29880     7.68343
 1263    498     2.15563    -0.29880     7.68343
  521    499    -3.11060    -0.29051     7.65250
  522    499    -3.10351    -0.29051     7.65250
  523    499    -3.09643    -0.29051     7.65250
  524    499    -3.08934    -0.29051     7.65250
  525    499    -3.08226    -0.29051     7.65250
  526    499    -3.07517    -0.29051     7.65250
  527    499    -3.06809    -0.29051     7.65250
  528    499    -3.06100    -0.29051     7.65250
  529    499    -3.05391    -0.29051     7.65250
  530    499    -3.04683    -0.29051     7.65250
  532    499    -3.03266    -0.29051     7.65250
  533    499    -3.02557    -0.29051     7.65250
  534    499    -3.01849    -0.29051     7.65250
  535    499    -3.01140    -0.29051     7.65250
  536    499    -3.00431    -0.29051     7.65250
  537    499    -2.99723    -0.29051     7.65250
  538    499    -2.99014    -0.29051     7.65250
  539    499    -2.98306    -0.29051     7.65250
  540    499    -2.97597    -0.29051     7.65250
  541    499    -2.96889    -0.29051     7.65250
  542    499    -2.96180    -0.29051     7.65250
  543    499    -2.95472    -0.29051     7.65250
 1188    499     1.61553    -0.29051     7.65250
 1189    499     1.62261    -0.29051     7.65250
 1192    499     1.64387    -0.29051     7.65250
 1193    499     1.65096    -0.29051     7.65250
 1214    499     1.79975    -0.29051     7.65250
 1215    499     1.80684    -0.29051     7.65250
 1216    499     1.81393    -0.29051     7.65250
 1219    499     1.83518    -0.29051     7.65250
 1220    499     1.84227    -0.29051     7.65250
 1236    499     1.95564    -0.29051     7.65250
 1237    499     1.96272    -0.29051     7.65250
 1238    499     1.96981    -0.29051     7.65250
 1241    499     1.99107    -0.29051     7.65250
  520    500    -3.10518    -0.28229     7.62181
  521    500    -3.09813    -0.28229     7.62181
  522    500    -3.09107    -0.28229     7.62181
  523    500    -3.08401    -0.28229     7.62181
  524    500    -3.07695    -0.28229     7.62181
  525    500    -3.06990    -0.28229     7.62181
  526    500    -3.06284    -0.28229     7.62181
  527    500    -3.05578    -0.28229     7.62181
  528    500    -3.04873    -0.28229     7.62181
  529    500    -3.04167    -0.28229     7.62181
  532    500    -3.02050    -0.28229     7.62181
  533    500    -3.01344    -0.28229     7.62181
  534    500    -3.00638    -0.28229     7.62181
  535    500    -2.99932    -0.28229     7.62181
  537    500    -2.98521    -0.28229     7.62181
  538    500    -2.97815    -0.28229     7.62181
  539    500    -2.97110    -0.28229     7.62181
  540    500    -2.96404    -0.28229     7.62181
  541    500    -2.95698    -0.28229     7.62181
  542    500    -2.94992    -0.28229     7.62181
 1188    500     1.60905    -0.28229     7.62181
 1189    500     1.61611    -0.28229     7.62181
 1190    500     1.62316    -0.28229     7.62181
 1192    500     1.63728    -0.28229     7.62181
 1193    500     1.64434    -0.28229     7.62181
 1194    500     1.65139    -0.28229     7.62181
 1215    500     1.79959    -0.28229     7.62181
 1216    500     1.80665    -0.28229     7.62181
 1217    500     1.81371    -0.28229     7.62181
 1219    500     1.82782    -0.28229     7.62181
 1220    500     1.83488    -0.28229     7.62181
 1221    500     1.84194    -0.28229     7.62181
 1237    500     1.95485    -0.28229     7.62181
 1238    500     1.96191    -0.28229     7.62181
 1239    500     1.96897    -0.28229     7.62181
  518    501    -3.10684    -0.27413     7.59137
  519    501    -3.09981    -0.27413     7.59137
  520    501    -3.09278    -0.27413     7.59137
  523    501    -3.07169    -0.27413     7.59137
  524    501    -3.06467    -0.27413     7.59137
  525    501    -3.05764    -0.27413     7.59137
  526    501    -3.05061    -0.27413     7.59137
  527    501    -3.04358    -0.27413     7.59137
  530    501    -3.02249    -0.27413     7.59137
  531    501    -3.01546    -0.27413     7.59137
  532    501    -3.00843    -0.27413     7.59137
  533    501    -3.00140    -0.27413     7.59137
  534    501    -2.99438    -0.27413     7.59137
  535    501    -2.98735    -0.27413     7.59137
  537    501    -2.97329    -0.27413     7.59137
  538    501    -2.96626    -0.27413     7.59137
  539    501    -2.95923    -0.27413     7.59137
  540    501    -2.95220    -0.27413     7.59137
  541    501    -2.94517    -0.27413     7.59137
 1189    501     1.60965    -0.27413     7.59137
 1190    501     1.61668    -0.27413     7.59137
 1191    501     1.62371    -0.27413     7.59137
 1193    501     1.63777    -0.27413     7.59137
 1194    501     1.64480    -0.27413     7.59137
 1195    501     1.65183    -0.27413     7.59137
 1216    501     1.79944    -0.27413     7.59137
 1217    501     1.80647    -0.27413     7.59137
 1220    501     1.82755    -0.27413     7.59137
 1221    501     1.83458    -0.27413     7.59137
 1222    501     1.84161    -0.27413     7.59137
 1238    501     1.95408    -0.27413     7.59137
 1239    501     1.96110    -0.27413     7.59137
  516    502    -3.10848    -0.26604     7.56118
  517    502    -3.10148    -0.26604     7.56118
  518    502    -3.09448    -0.26604     7.56118
  519    502    -3.08748    -0.26604     7.56118
  520    502    -3.08048    -0.26604     7.56118
  523    502    -3.05948    -0.26604     7.56118
  524    502    -3.05247    -0.26604     7.56118
  525    502    -3.04547    -0.26604     7.56118
  528    502    -3.02447    -0.26604     7.56118
  529    502    -3.01747    -0.26604     7.56118
  530    502    -3.01047    -0.26604     7.56118
  531    502    -3.00347    -0.26604     7.56118
  532    502    -2.99647    -0.26604     7.56118
  533    502    -2.98946    -0.26604     7.56118
  534    502    -2.98246    -0.26604     7.56118
  535    502    -2.97546    -0.26604     7.56118
  537    502    -2.96146    -0.26604     7.56118
  538    502    -2.95446    -0.26604     7.56118
  539    502    -2.94746    -0.26604     7.56118
  540    502    -2.94046    -0.26604     7.56118
 1190    502     1.61025    -0.26604     7.56118
 1191    502     1.61725    -0.26604     7.56118
 1194    502     1.63825    -0.26604     7.56118
 1195    502     1.64526    -0.26604     7.56118
 1216    502     1.79228    -0.26604     7.56118
 1217    502     1.79928    -0.26604     7.56118
 1218    502     1.80628    -0.26604     7.56118
 1221    502     1.82728    -0.26604     7.56118
 1222    502     1.83429    -0.26604     7.56118
 1223    502     1.84129    -0.26604     7.56118
  514    503    -3.11011    -0.25801     7.53122
  515    503    -3.10314    -0.25801     7.53122
  516    503    -3.09617    -0.25801     7.53122
  517    503    -3.08919    -0.25801     7.53122
  518    503    -3.08222    -0.25801     7.53122
  519    503    -3.07525    -0.25801     7.53122
  520    503    -3.06827    -0.25801     7.53122
  521    503    -3.06130    -0.25801     7.53122
  522    503    -3.05433    -0.25801     7.53122
  525    503    -3.03341    -0.25801     7.53122
  526    503    -3.02643    -0.25801     7.53122
  527    503    -3.01946    -0.25801     7.53122
  528    503    -3.01249    -0.25801     7.53122
  529    503    -3.00551    -0.25801     7.53122
  530    503    -2.99854    -0.25801     7.53122
  531    503    -2.99157    -0.25801     7.53122
  532    503    -2.98459    -0.25801     7.53122
  533    503    -2.97762    -0.25801     7.53122
  534    503    -2.97065    -0.25801     7.53122
  536    503    -2.95670    -0.25801     7.53122
  537    503    -2.94973    -0.25801     7.53122
  538    503    -2.94275    -0.25801     7.53122
  539    503    -2.93578    -0.25801     7.53122
  540    503    -2.92881    -0.25801     7.53122
 1190    503     1.60387    -0.25801     7.53122
 1191    503     1.61084    -0.25801     7.53122
 1192    503     1.61782    -0.25801     7.53122
 1195    503     1.63874    -0.25801     7.53122
 1196    503     1.64571    -0.25801     7.53122
 1217    503     1.79215    -0.25801     7.53122
 1218    503     1.79912    -0.25801     7.53122
 1219    503     1.80610    -0.25801     7.53122
 1222    503     1.82702    -0.25801     7.53122
 1223    503     1.83399    -0.25801     7.53122
  513    504    -3.10479    -0.25005     7.50149
  514    504    -3.09784    -0.25005     7.50149
  515    504    -3.09089    -0.25005     7.50149
  516    504    -3.08395    -0.25005     7.50149
  517    504    -3.07700    -0.25005     7.50149
  518    504    -3.07006    -0.25005     7.50149
  519    504    -3.06311    -0.25005     7.50149
  520    504    -3.05616    -0.25005     7.50149
  521    504    -3.04922    -0.25005     7.50149
  522    504    -3.04227    -0.25005     7.50149
  524    504    -3.02838    -0.25005     7.50149
  525    504    -3.02144    -0.25005     7.50149
  526    504    -3.01449    -0.25005     7.50149
  527    504    -3.00754    -0.25005     7.50149
  528    504    -3.00060    -0.25005     7.50149
  529    504    -2.99365    -0.25005     7.50149
  530    504    -2.98671    -0.25005     7.50149
  531    504    -2.97976    -0.25005     7.50149
  532    504    -2.97281    -0.25005     7.50149
  533    504    -2.96587    -0.25005     7.50149
  535    504    -2.95198    -0.25005     7.50149
  536    504    -2.94503    -0.25005     7.50149
  537    504    -2.93809    -0.25005     7.50149
  538    504    -2.93114    -0.25005     7.50149
  539    504    -2.92419    -0.25005     7.50149
 1191    504     1.60449    -0.25005     7.50149
 1192    504     1.61143    -0.25005     7.50149
 1193    504     1.61838    -0.25005     7.50149
 1196    504     1.63922    -0.25005     7.50149
 1218    504     1.79202    -0.25005     7.50149
 1219    504     1.79897    -0.25005     7.50149
 1220    504     1.80592    -0.25005     7.50149
 1222    504     1.81981    -0.25005     7.50149
 1223    504     1.82675    -0.25005     7.50149
 1224    504     1.83370    -0.25005     7.50149
 1272    504     2.16710    -0.25005     7.50149
 1273    504     2.17404    -0.25005     7.50149
  513    505    -3.09258    -0.24215     7.47201
  514    505    -3.08566    -0.24215     7.47201
  515    505    -3.07874    -0.24215     7.47201
  516    505    -3.07182    -0.24215     7.47201
  518    505    -3.05799    -0.24215     7.47201
  519    505    -3.05107    -0.24215     7.47201
  520    505    -3.04415    -0.24215     7.47201
  523    505    -3.02339    -0.24215     7.47201
  524    505    -3.01648    -0.24215     7.47201
  525    505    -3.00956    -0.24215     7.47201
  526    505    -3.00264    -0.24215     7.47201
  527    505    -2.99572    -0.24215     7.47201
  528    505    -2.98880    -0.24215     7.47201
  529    505    -2.98188    -0.24215     7.47201
  530    505    -2.97497    -0.24215     7.47201
  531    505    -2.96805    -0.24215     7.47201
  532    505    -2.96113    -0.24215     7.47201
  534    505    -2.94729    -0.24215     7.47201
  535    505    -2.94037    -0.24215     7.47201
  536    505    -2.93345    -0.24215     7.47201
  537    505    -2.92654    -0.24215     7.47201
  538    505    -2.91962    -0.24215     7.47201
 1192    505     1.60510    -0.24215     7.47201
 1193    505     1.61202    -0.24215     7.47201
 1196    505     1.63277    -0.24215     7.47201
 1197    505     1.63969    -0.24215     7.47201
 1219    505     1.79190    -0.24215     7.47201
 1220    505     1.79882    -0.24215     7.47201
 1223    505     1.81957    -0.24215     7.47201
 1224    505     1.82649    -0.24215     7.47201
 1273    505     2.16550    -0.24215     7.47201
 1274    505     2.17242    -0.24215     7.47201
  512    506    -3.08736    -0.23431     7.44275
  513    506    -3.08047    -0.23431     7.44275
  514    506    -3.07358    -0.23431     7.44275
  515    506    -3.06669    -0.23431     7.44275
  517    506    -3.05290    -0.23431     7.44275
  518    506    -3.04601    -0.23431     7.44275
  519    506    -3.03912    -0.23431     7.44275
  520    506    -3.03223    -0.23431     7.44275
  523    506    -3.01156    -0.23431     7.44275
  524    506    -3.00466    -0.23431     7.44275
  525    506    -2.99777    -0.23431     7.44275
  526    506    -2.99088    -0.23431     7.44275
  527    506    -2.98399    -0.23431     7.44275
  532    506    -2.94953    -0.23431     7.44275
  533    506    -2.94264    -0.23431     7.44275
  534    506    -2.93575    -0.23431     7.44275
  535    506    -2.92886    -0.23431     7.44275
  536    506    -2.92197    -0.23431     7.44275
  537    506    -2.91508    -0.23431     7.44275
  538    506    -2.90818    -0.23431     7.44275
 1193    506     1.60570    -0.23431     7.44275
 1194    506     1.61260    -0.23431     7.44275
 1197    506     1.63327    -0.23431     7.44275
 1198    506     1.64016    -0.23431     7.44275
 1219    506     1.78488    -0.23431     7.44275
 1220    506     1.79177    -0.23431     7.44275
 1221    506     1.79866    -0.23431     7.44275
 1224    506     1.81934    -0.23431     7.44275
 1225    506     1.82623    -0.23431     7.44275
 1270    506     2.13634    -0.23431     7.44275
 1273    506     2.15702    -0.23431     7.44275
 1274    506     2.16391    -0.23431     7.44275
  511    507    -3.08218    -0.22653     7.41372
  512    507    -3.07532    -0.22653     7.41372
  513    507    -3.06846    -0.22653     7.41372
  514    507    -3.06159    -0.22653     7.41372
  516    507    -3.04786    -0.22653     7.41372
  517    507    -3.04100    -0.22653     7.41372
  518    507    -3.03413    -0.22653     7.41372
  519    507    -3.02727    -0.22653     7.41372
  520    507    -3.02040    -0.22653     7.41372
  522    507    -3.00667    -0.22653     7.41372
  523    507    -2.99981    -0.22653     7.41372
  524    507    -2.99295    -0.22653     7.41372
  525    507    -2.98608    -0.22653     7.41372
  526    507    -2.97922    -0.22653     7.41372
  530    507    -2.95176    -0.22653     7.41372
  531    507    -2.94489    -0.22653     7.41372
  532    507    -2.93803    -0.22653     7.41372
  533    507    -2.93116    -0.22653     7.41372
  534    507    -2.92430    -0.22653     7.41372
  535    507    -2.91744    -0.22653     7.41372
  536    507    -2.91057    -0.22653     7.41372
  537    507    -2.90371    -0.22653     7.41372
 1193    507     1.59944    -0.22653     7.41372
 1194    507     1.60631    -0.22653     7.41372
 1195    507     1.61317    -0.22653     7.41372
 1197    507     1.62690    -0.22653     7.41372
 1198    507     1.63376    -0.22653     7.41372
 1199    507     1.64063    -0.22653     7.41372
 1220    507     1.78478    -0.22653     7.41372
 1221    507     1.79165    -0.22653     7.41372
 1222    507     1.79851    -0.22653     7.41372
 1224    507     1.81224    -0.22653     7.41372
 1225    507     1.81911    -0.22653     7.41372
 1226    507     1.82597    -0.22653     7.41372
 1270    507     2.12801    -0.22653     7.41372
 1271    507     2.13488    -0.22653     7.41372
  510    508    -3.07705    -0.21881     7.38491
  511    508    -3.07021    -0.21881     7.38491
  512    508    -3.06337    -0.21881     7.38491
  513    508    -3.05653    -0.21881     7.38491
  514    508    -3.04970    -0.21881     7.38491
  515    508    -3.04286    -0.21881     7.38491
  516    508    -3.03602    -0.21881     7.38491
  517    508    -3.02918    -0.21881     7.38491
  518    508    -3.02234    -0.21881     7.38491
  519    508    -3.01551    -0.21881     7.38491
  521    508    -3.00183    -0.21881     7.38491
  522    508    -2.99499    -0.21881     7.38491
  523    508    -2.98816    -0.21881     7.38491
  524    508    -2.98132    -0.21881     7.38491
  525    508    -2.97448    -0.21881     7.38491
  530    508    -2.94029    -0.21881     7.38491
  531    508    -2.93345    -0.21881     7.38491
  532    508    -2.92661    -0.21881     7.38491
  533    508    -2.91978    -0.21881     7.38491
  534    508    -2.91294    -0.21881     7.38491
  535    508    -2.90610    -0.21881     7.38491
  536    508    -2.89926    -0.21881     7.38491
 1194    508     1.60006    -0.21881     7.38491
 1195    508     1.60690    -0.21881     7.38491
 1196    508     1.61374    -0.21881     7.38491
 1198    508     1.62742    -0.21881     7.38491
 1199    508     1.63425    -0.21881     7.38491
 1200    508     1.64109    -0.21881     7.38491
 1221    508     1.78469    -0.21881     7.38491
 1222    508     1.79153    -0.21881     7.38491
 1225    508     1.81204    -0.21881     7.38491
 1226    508     1.81888    -0.21881     7.38491
 1271    508     2.12658    -0.21881     7.38491
 1272    508     2.13342    -0.21881     7.38491
  509    509    -3.07195    -0.21115     7.35633
  510    509    -3.06514    -0.21115     7.35633
  511    509    -3.05833    -0.21115     7.35633
  512    509    -3.05152    -0.21115     7.35633
  514    509    -3.03789    -0.21115     7.35633
  515    509    -3.03108    -0.21115     7.35633
  516    509    -3.02427    -0.21115     7.35633
  517    509    -3.01746    -0.21115     7.35633
  518    509    -3.01065    -0.21115     7.35633
  521    509    -2.99021    -0.21115     7.35633
  522    509    -2.98340    -0.21115     7.35633
  523    509    -2.97659    -0.21115     7.35633
  524    509    -2.96978    -0.21115     7.35633
  527    509    -2.94934    -0.21115     7.35633
  529    509    -2.93572    -0.21115     7.35633
  530    509    -2.92891    -0.21115     7.35633
  531    509    -2.92210    -0.21115     7.35633
  532    509    -2.91529    -0.21115     7.35633
  533    509    -2.90848    -0.21115     7.35633
  534    509    -2.90166    -0.21115     7.35633
 1194    509     1.59387    -0.21115     7.35633
 1195    509     1.60068    -0.21115     7.35633
 1196    509     1.60750    -0.21115     7.35633
 1199    509     1.62793    -0.21115     7.35633
 1200    509     1.63474    -0.21115     7.35633
 1222    509     1.78459    -0.21115     7.35633
 1223    509     1.79140    -0.21115     7.35633
 1226    509     1.81184    -0.21115     7.35633
 1227    509     1.81865    -0.21115     7.35633
 1277    509     2.15922    -0.21115     7.35633
  508    510    -3.06689    -0.20355     7.32797
  509    510    -3.06011    -0.20355     7.32797
  510    510    -3.05332    -0.20355     7.32797
  511    510    -3.04654    -0.20355     7.32797
  513    510    -3.03297    -0.20355     7.32797
  514    510    -3.02618    -0.20355     7.32797
  515    510    -3.01940    -0.20355     7.32797
  516    510    -3.01261    -0.20355     7.32797
  519    510    -2.99226    -0.20355     7.32797
  520    510    -2.98547    -0.20355     7.32797
  521    510    -2.97869    -0.20355     7.32797
  522    510    -2.97190    -0.20355     7.32797
  523    510    -2.96511    -0.20355     7.32797
  524    510    -2.95833    -0.20355     7.32797
  526    510    -2.94476    -0.20355     7.32797
  527    510    -2.93797    -0.20355     7.32797
  528    510    -2.93119    -0.20355     7.32797
  529    510    -2.92440    -0.20355     7.32797
  530    510    -2.91762    -0.20355     7.32797
  531    510    -2.91083    -0.20355     7.32797
  532    510    -2.90405    -0.20355     7.32797
  533    510    -2.89726    -0.20355     7.32797
 1195    510     1.59451    -0.20355     7.32797
 1196    510     1.60130    -0.20355     7.32797
 1197    510     1.60808    -0.20355     7.32797
 1199    510     1.62165    -0.20355     7.32797
 1200    510     1.62844    -0.20355     7.32797
 1201    510     1.63522    -0.20355     7.32797
 1222    510     1.77771    -0.20355     7.32797
 1223    510     1.78450    -0.20355     7.32797
 1224    510     1.79128    -0.20355     7.32797
 1227    510     1.81164    -0.20355     7.32797
 1277    510     2.15090    -0.20355     7.32797
 1278    510     2.15768    -0.20355     7.32797
  507    511    -3.06187    -0.19601     7.29983
  508    511    -3.05511    -0.19601     7.29983
  509    511    -3.04835    -0.19601     7.29983
  510    511    -3.04160    -0.19601     7.29983
  511    511    -3.03484    -0.19601     7.29983
  512    511    -3.02808    -0.19601     7.29983
  513    511    -3.02132    -0.19601     7.29983
  514    511    -3.01456    -0.19601     7.29983
  515    511    -3.00780    -0.19601     7.29983
  518    511    -2.98752    -0.19601     7.29983
  519    511    -2.98076    -0.19601     7.29983
  520    511    -2.97400    -0.19601     7.29983
  521    511    -2.96725    -0.19601     7.29983
  522    511    -2.96049    -0.19601     7.29983
  523    511    -2.95373    -0.19601     7.29983
  524    511    -2.94697    -0.19601     7.29983
  526    511    -2.93345    -0.19601     7.29983
  527    511    -2.92669    -0.19601     7.29983
  528    511    -2.91993    -0.19601     7.29983
  529    511    -2.91317    -0.19601     7.29983
  530    511    -2.90641    -0.19601     7.29983
  531    511    -2.89965    -0.19601     7.29983
  532    511    -2.89290    -0.19601     7.29983
 1196    511     1.59515    -0.19601     7.29983
 1197    511     1.60191    -0.19601     7.29983
 1198    511     1.60867    -0.19601     7.29983
 1199    511     1.61543    -0.19601     7.29983
 1200    511     1.62218    -0.19601     7.29983
 1201    511     1.62894    -0.19601     7.29983
 1223    511     1.77764    -0.19601     7.29983
 1224    511     1.78440    -0.19601     7.29983
 1228    511     1.81144    -0.19601     7.29983
 1274    511     2.12236    -0.19601     7.29983
 1275    511     2.12912    -0.19601     7.29983
 1278    511     2.14939    -0.19601     7.29983
 1279    511     2.15615    -0.19601     7.29983
  506    512    -3.05689    -0.18853     7.27190
  507    512    -3.05016    -0.18853     7.27190
  508    512    -3.04343    -0.18853     7.27190
  509    512    -3.03669    -0.18853     7.27190
  510    512    -3.02996    -0.18853     7.27190
  511    512    -3.02323    -0.18853     7.27190
  512    512    -3.01649    -0.18853     7.27190
  513    512    -3.00976    -0.18853     7.27190
  514    512    -3.00303    -0.18853     7.27190
  516    512    -2.98956    -0.18853     7.27190
  517    512    -2.98283    -0.18853     7.27190
  518    512    -2.97609    -0.18853     7.27190
  519    512    -2.96936    -0.18853     7.27190
  520    512    -2.96263    -0.18853     7.27190
  521    512    -2.95589    -0.18853     7.27190
  522    512    -2.94916    -0.18853     7.27190
  523    512    -2.94243    -0.18853     7.27190
  526    512    -2.92223    -0.18853     7.27190
  527    512    -2.91549    -0.18853     7.27190
  528    512    -2.90876    -0.18853     7.27190
  529    512    -2.90203    -0.18853     7.27190
  530    512    -2.89529    -0.18853     7.27190
  531    512    -2.88856    -0.18853     7.27190
  532    512    -2.88183    -0.18853     7.27190
 1197    512     1.59578    -0.18853     7.27190
 1198    512     1.60251    -0.18853     7.27190
 1224    512     1.77758    -0.18853     7.27190
 1225    512     1.78431    -0.18853     7.27190
 1250    512     1.95264    -0.18853     7.27190
 1251    512     1.95937    -0.18853     7.27190
 1252    512     1.96611    -0.18853     7.27190
 1253    512     1.97284    -0.18853     7.27190
 1275    512     2.12097    -0.18853     7.27190
 1279    512     2.14790    -0.18853     7.27190
  505    513    -3.05195    -0.18110     7.24419
  506    513    -3.04524    -0.18110     7.24419
  507    513    -3.03853    -0.18110     7.24419
  508    513    -3.03183    -0.18110     7.24419
  509    513    -3.02512    -0.18110     7.24419
  510    513    -3.01841    -0.18110     7.24419
  511    513    -3.01170    -0.18110     7.24419
  512    513    -3.00500    -0.18110     7.24419
  513    513    -2.99829    -0.18110     7.24419
  514    513    -2.99158    -0.18110     7.24419
  515    513    -2.98487    -0.18110     7.24419
  516    513    -2.97817    -0.18110     7.24419
  517    513    -2.97146    -0.18110     7.24419
  518    513    -2.96475    -0.18110     7.24419
  519    513    -2.95804    -0.18110     7.24419
  520    513    -2.95134    -0.18110     7.24419
  521    513    -2.94463    -0.18110     7.24419
  522    513    -2.93792    -0.18110     7.24419
  525    513    -2.91780    -0.18110     7.24419
  526    513    -2.91109    -0.18110     7.24419
  527    513    -2.90438    -0.18110     7.24419
  528    513    -2.89768    -0.18110     7.24419
  529    513    -2.89097    -0.18110     7.24419
  530    513    -2.88426    -0.18110     7.24419
 1225    513     1.77751    -0.18110     7.24419
 1229    513     1.80434    -0.18110     7.24419
 1230    513     1.81105    -0.18110     7.24419
 1250    513     1.94520    -0.18110     7.24419
 1252    513     1.95861    -0.18110     7.24419
 1253    513     1.96532    -0.18110     7.24419
 1276    513     2.11960    -0.18110     7.24419
 1280    513     2.14643    -0.18110     7.24419
  505    514    -3.04036    -0.17373     7.21668
  506    514    -3.03368    -0.17373     7.21668
  507    514    -3.02700    -0.17373     7.21668
  508    514    -3.02032    -0.17373     7.21668
  509    514    -3.01363    -0.17373     7.21668
  510    514    -3.00695    -0.17373     7.21668
  511    514    -3.00027    -0.17373     7.21668
  512    514    -2.99359    -0.17373     7.21668
  513    514    -2.98691    -0.17373     7.21668
  514    514    -2.98022    -0.17373     7.21668
  515    514    -2.97354    -0.17373     7.21668
  516    514    -2.96686    -0.17373     7.21668
  517    514    -2.96018    -0.17373     7.21668
  518    514    -2.95349    -0.17373     7.21668
  519    514    -2.94681    -0.17373     7.21668
  520    514    -2.94013    -0.17373     7.21668
  521    514    -2.93345    -0.17373     7.21668
  524    514    -2.91340    -0.17373     7.21668
  525    514    -2.90672    -0.17373     7.21668
  526    514    -2.90004    -0.17373     7.21668
  527    514    -2.89336    -0.17373     7.21668
  528    514    -2.88667    -0.17373     7.21668
  529    514    -2.87999    -0.17373     7.21668
  530    514    -2.87331    -0.17373     7.21668
 1202    514     1.61707    -0.17373     7.21668
 1229    514     1.79749    -0.17373     7.21668
 1230    514     1.80417    -0.17373     7.21668
 1231    514     1.81085    -0.17373     7.21668
 1250    514     1.93781    -0.17373     7.21668
 1253    514     1.95786    -0.17373     7.21668
 1276    514     2.11155    -0.17373     7.21668
 1277    514     2.11823    -0.17373     7.21668
 1280    514     2.13828    -0.17373     7.21668
 1281    514     2.14496    -0.17373     7.21668
  504    515    -3.03552    -0.16642     7.18939
  505    515    -3.02886    -0.16642     7.18939
  506    515    -3.02221    -0.16642     7.18939
  507    515    -3.01555    -0.16642     7.18939
  508    515    -3.00889    -0.16642     7.18939
  509    515    -3.00223    -0.16642     7.18939
  510    515    -2.99558    -0.16642     7.18939
  511    515    -2.98892    -0.16642     7.18939
  512    515    -2.98226    -0.16642     7.18939
  513    515    -2.97561    -0.16642     7.18939
  514    515    -2.96895    -0.16642     7.18939
  515    515    -2.96229    -0.16642     7.18939
  516    515    -2.95564    -0.16642     7.18939
  517    515    -2.94898    -0.16642     7.18939
  518    515    -2.94232    -0.16642     7.18939
  519    515    -2.93567    -0.16642     7.18939
  523    515    -2.90904    -0.16642     7.18939
  524    515    -2.90238    -0.16642     7.18939
  525    515    -2.89573    -0.16642     7.18939
  526    515    -2.88907    -0.16642     7.18939
  527    515    -2.88241    -0.16642     7.18939
  528    515    -2.87575    -0.16642     7.18939
  529    515    -2.86910    -0.16642     7.18939
 1203    515     1.61761    -0.16642     7.18939
 1204    515     1.62427    -0.16642     7.18939
 1227    515     1.77738    -0.16642     7.18939
 1228    515     1.78403    -0.16642     7.18939
 1230    515     1.79735    -0.16642     7.18939
 1231    515     1.80400    -0.16642     7.18939
 1232    515     1.81066    -0.16642     7.18939
 1250    515     1.93048    -0.16642     7.18939
 1251    515     1.93714    -0.16642     7.18939
 1252    515     1.94380    -0.16642     7.18939
 1253    515     1.95045    -0.16642     7.18939
 1277    515     2.11022    -0.16642     7.18939
 1278    515     2.11688    -0.16642     7.18939
 1281    515     2.13685    -0.16642     7.18939
 1282    515     2.14350    -0.16642     7.18939
  504    516    -3.02408    -0.15916     7.16230
  505    516    -3.01745    -0.15916     7.16230
  506    516    -3.01082    -0.15916     7.16230
  507    516    -3.00419    -0.15916     7.16230
  508    516    -2.99755    -0.15916     7.16230
  511    516    -2.97766    -0.15916     7.16230
  512    516    -2.97103    -0.15916     7.16230
  513    516    -2.96440    -0.15916     7.16230
  514    516    -2.95776    -0.15916     7.16230
  515    516    -2.95113    -0.15916     7.16230
  516    516    -2.94450    -0.15916     7.16230
  517    516    -2.93787    -0.15916     7.16230
  522    516    -2.90471    -0.15916     7.16230
  523    516    -2.89808    -0.15916     7.16230
  524    516    -2.89145    -0.15916     7.16230
  525    516    -2.88481    -0.15916     7.16230
  526    516    -2.87818    -0.15916     7.16230
  527    516    -2.87155    -0.15916     7.16230
  528    516    -2.86492    -0.15916     7.16230
 1200    516     1.59162    -0.15916     7.16230
 1204    516     1.61815    -0.15916     7.16230
 1227    516     1.77068    -0.15916     7.16230
 1228    516     1.77731    -0.15916     7.16230
 1231    516     1.79721    -0.15916     7.16230
 1232    516     1.80384    -0.15916     7.16230
 1251    516     1.92984    -0.15916     7.16230
 1252    516     1.93647    -0.15916     7.16230
 1253    516     1.94310    -0.15916     7.16230
 1278    516     2.10890    -0.15916     7.16230
 1282    516     2.13543    -0.15916     7.16230
  503    517    -3.01934    -0.15196     7.13541
  504    517    -3.01273    -0.15196     7.13541
  505    517    -3.00612    -0.15196     7.13541
  506    517    -2.99951    -0.15196     7.13541
  507    517    -2.99291    -0.15196     7.13541
  508    517    -2.98630    -0.15196     7.13541
  509    517    -2.97969    -0.15196     7.13541
  510    517    -2.97309    -0.15196     7.13541
  511    517    -2.96648    -0.15196     7.13541
  512    517    -2.95987    -0.15196     7.13541
  513    517    -2.95327    -0.15196     7.13541
  514    517    -2.94666    -0.15196     7.13541
  515    517    -2.94005    -0.15196     7.13541
  516    517    -2.93345    -0.15196     7.13541
  517    517    -2.92684    -0.15196     7.13541
  518    517    -2.92023    -0.15196     7.13541
  519    517    -2.91363    -0.15196     7.13541
  520    517    -2.90702    -0.15196     7.13541
  521    517    -2.90041    -0.15196     7.13541
  522    517    -2.89381    -0.15196     7.13541
  523    517    -2.88720    -0.15196     7.13541
  524    517    -2.88059    -0.15196     7.13541
  525    517    -2.87398    -0.15196     7.13541
  526    517    -2.86738    -0.15196     7.13541
  527    517    -2.86077    -0.15196     7.13541
  528    517    -2.85416    -0.15196     7.13541
 1200    517     1.58565    -0.15196     7.13541
 1201    517     1.59225    -0.15196     7.13541
 1204    517     1.61207    -0.15196     7.13541
 1205    517     1.61868    -0.15196     7.13541
 1227    517     1.76403    -0.15196     7.13541
 1228    517     1.77064    -0.15196     7.13541
 1229    517     1.77725    -0.15196     7.13541
 1231    517     1.79046    -0.15196     7.13541
 1232    517     1.79707    -0.15196     7.13541
 1233    517     1.80367    -0.15196     7.13541
 1278    517     2.10098    -0.15196     7.13541
 1279    517     2.10759    -0.15196     7.13541
 1283    517     2.13402    -0.15196     7.13541
  503    518    -3.00804    -0.14481     7.10872
  504    518    -3.00146    -0.14481     7.10872
  505    518    -2.99488    -0.14481     7.10872
  506    518    -2.98830    -0.14481     7.10872
  507    518    -2.98171    -0.14481     7.10872
  508    518    -2.97513    -0.14481     7.10872
  509    518    -2.96855    -0.14481     7.10872
  510    518    -2.96197    -0.14481     7.10872
  511    518    -2.95539    -0.14481     7.10872
  512    518    -2.94880    -0.14481     7.10872
  513    518    -2.94222    -0.14481     7.10872
  514    518    -2.93564    -0.14481     7.10872
  515    518    -2.92906    -0.14481     7.10872
  516    518    -2.92248    -0.14481     7.10872
  517    518    -2.91589    -0.14481     7.10872
  518    518    -2.90931    -0.14481     7.10872
  519    518    -2.90273    -0.14481     7.10872
  520    518    -2.89615    -0.14481     7.10872
  521    518    -2.88956    -0.14481     7.10872
  522    518    -2.88298    -0.14481     7.10872
  523    518    -2.87640    -0.14481     7.10872
  524    518    -2.86982    -0.14481     7.10872
  525    518    -2.86324    -0.14481     7.10872
  526    518    -2.85665    -0.14481     7.10872
  527    518    -2.85007    -0.14481     7.10872
 1201    518     1.58630    -0.14481     7.10872
 1202    518     1.59288    -0.14481     7.10872
 1205    518     1.61263    -0.14481     7.10872
 1206    518     1.61921    -0.14481     7.10872
 1228    518     1.76402    -0.14481     7.10872
 1229    518     1.77060    -0.14481     7.10872
 1230    518     1.77718    -0.14481     7.10872
 1232    518     1.79035    -0.14481     7.10872
 1233    518     1.79693    -0.14481     7.10872
 1280    518     2.10629    -0.14481     7.10872
 1284    518     2.13262    -0.14481     7.10872
  504    519    -2.99028    -0.13771     7.08224
  505    519    -2.98372    -0.13771     7.08224
  506    519    -2.97716    -0.13771     7.08224
  507    519    -2.97060    -0.13771     7.08224
  508    519    -2.96405    -0.13771     7.08224
  509    519    -2.95749    -0.13771     7.08224
  510    519    -2.95093    -0.13771     7.08224
  511    519    -2.94437    -0.13771     7.08224
  512    519    -2.93782    -0.13771     7.08224
  513    519    -2.93126    -0.13771     7.08224
  514    519    -2.92470    -0.13771     7.08224
  515    519    -2.91814    -0.13771     7.08224
  516    519    -2.91159    -0.13771     7.08224
  517    519    -2.90503    -0.13771     7.08224
  518    519    -2.89847    -0.13771     7.08224
  519    519    -2.89191    -0.13771     7.08224
  520    519    -2.88536    -0.13771     7.08224
  521    519    -2.87880    -0.13771     7.08224
  522    519    -2.87224    -0.13771     7.08224
  523    519    -2.86568    -0.13771     7.08224
  524    519    -2.85913    -0.13771     7.08224
  525    519    -2.85257    -0.13771     7.08224
 1202    519     1.58695    -0.13771     7.08224
 1206    519     1.61318    -0.13771     7.08224
 1229    519     1.76400    -0.13771     7.08224
 1230    519     1.77056    -0.13771     7.08224
 1281    519     2.10500    -0.13771     7.08224
 1285    519     2.13123    -0.13771     7.08224
  505    520    -2.97264    -0.13067     7.05595
  506    520    -2.96611    -0.13067     7.05595
  507    520    -2.95958    -0.13067     7.05595
  508    520    -2.95304    -0.13067     7.05595
  509    520    -2.94651    -0.13067     7.05595
  510    520    -2.93998    -0.13067     7.05595
  511    520    -2.93344    -0.13067     7.05595
  512    520    -2.92691    -0.13067     7.05595
  513    520    -2.92038    -0.13067     7.05595
  514    520    -2.91384    -0.13067     7.05595
  515    520    -2.90731    -0.13067     7.05595
  516    520    -2.90078    -0.13067     7.05595
  517    520    -2.89424    -0.13067     7.05595
  518    520    -2.88771    -0.13067     7.05595
  519    520    -2.88118    -0.13067     7.05595
  520    520    -2.87464    -0.13067     7.05595
  521    520    -2.86811    -0.13067     7.05595
  522    520    -2.86158    -0.13067     7.05595
  523    520    -2.85505    -0.13067     7.05595
  524    520    -2.84851    -0.13067     7.05595
 1202    520     1.58105    -0.13067     7.05595
 1203    520     1.58759    -0.13067     7.05595
 1206    520     1.60719    -0.13067     7.05595
 1230    520     1.76399    -0.13067     7.05595
 1281    520     2.09718    -0.13067     7.05595
 1282    520     2.10372    -0.13067     7.05595
 1285    520     2.12332    -0.13067     7.05595
 1286    520     2.12985    -0.13067     7.05595
  508    521    -2.94212    -0.12367     7.02985
  509    521    -2.93561    -0.12367     7.02985
  516    521    -2.89005    -0.12367     7.02985
  517    521    -2.88354    -0.12367     7.02985
  518    521    -2.87703    -0.12367     7.02985
  519    521    -2.87052    -0.12367     7.02985
  520    521    -2.86401    -0.12367     7.02985
  521    521    -2.85750    -0.12367     7.02985
  522    521    -2.85099    -0.12367     7.02985
 1203    521     1.58172    -0.12367     7.02985
 1204    521     1.58823    -0.12367     7.02985
 1282    521     2.09594    -0.12367     7.02985
 1283    521     2.10245    -0.12367     7.02985
 1286    521     2.12197    -0.12367     7.02985
 1287    521     2.12848    -0.12367     7.02985
 1208    522     1.60831    -0.11673     7.00395
 1283    522     2.09470    -0.11673     7.00395
 1286    522     2.11415    -0.11673     7.00395
 1287    522     2.12064    -0.11673     7.00395
 1288    522     2.12712    -0.11673     7.00395
 1208    523     1.60241    -0.10984     6.97823
 1209    523     1.60887    -0.10984     6.97823
 1283    523     2.08701    -0.10984     6.97823
 1284    523     2.09347    -0.10984     6.97823
 1287    523     2.11285    -0.10984     6.97823
 1288    523     2.11932    -0.10984     6.97823
 1289    523     2.12578    -0.10984     6.97823
 1206    524     1.58367    -0.10300     6.95271
 1208    524     1.59655    -0.10300     6.95271
 1209    524     1.60299    -0.10300     6.95271
 1210    524     1.60942    -0.10300     6.95271
 1261    524     1.93775    -0.10300     6.95271
 1284    524     2.08581    -0.10300     6.95271
 1285    524     2.09225    -0.10300     6.95271
 1288    524     2.11156    -0.10300     6.95271
 1289    524     2.11800    -0.10300     6.95271
 1206    525     1.57790    -0.09621     6.92737
 1207    525     1.58431    -0.09621     6.92737
 1209    525     1.59714    -0.09621     6.92737
 1210    525     1.60356    -0.09621     6.92737
 1211    525     1.60997    -0.09621     6.92737
 1260    525     1.92427    -0.09621     6.92737
 1261    525     1.93068    -0.09621     6.92737
 1262    525     1.93710    -0.09621     6.92737
 1263    525     1.94351    -0.09621     6.92737
 1284    525     2.07821    -0.09621     6.92737
 1285    525     2.08462    -0.09621     6.92737
 1286    525     2.09104    -0.09621     6.92737
 1289    525     2.11028    -0.09621     6.92737
 1290    525     2.11670    -0.09621     6.92737
 1206    526     1.57217    -0.08947     6.90221
 1207    526     1.57856    -0.08947     6.90221
 1210    526     1.59773    -0.08947     6.90221
 1211    526     1.60413    -0.08947     6.90221
 1238    526     1.77668    -0.08947     6.90221
 1239    526     1.78307    -0.08947     6.90221
 1259    526     1.91089    -0.08947     6.90221
 1260    526     1.91728    -0.08947     6.90221
 1262    526     1.93006    -0.08947     6.90221
 1263    526     1.93645    -0.08947     6.90221
 1264    526     1.94285    -0.08947     6.90221
 1285    526     2.07706    -0.08947     6.90221
 1286    526     2.08345    -0.08947     6.90221
 1287    526     2.08984    -0.08947     6.90221
 1290    526     2.10901    -0.08947     6.90221
 1206    527     1.56648    -0.08278     6.87724
 1207    527     1.57285    -0.08278     6.87724
 1208    527     1.57922    -0.08278     6.87724
 1211    527     1.59832    -0.08278     6.87724
 1212    527     1.60469    -0.08278     6.87724
 1235    527     1.75115    -0.08278     6.87724
 1239    527     1.77662    -0.08278     6.87724
 1240    527     1.78299    -0.08278     6.87724
 1259    527     1.90398    -0.08278     6.87724
 1260    527     1.91034    -0.08278     6.87724
 1263    527     1.92945    -0.08278     6.87724
 1264    527     1.93582    -0.08278     6.87724
 1286    527     2.07591    -0.08278     6.87724
 1287    527     2.08228    -0.08278     6.87724
 1291    527     2.10775    -0.08278     6.87724
 1207    528     1.56718    -0.07614     6.85245
 1208    528     1.57353    -0.07614     6.85245
 1209    528     1.57987    -0.07614     6.85245
 1236    528     1.75118    -0.07614     6.85245
 1240    528     1.77656    -0.07614     6.85245
 1241    528     1.78291    -0.07614     6.85245
 1259    528     1.89711    -0.07614     6.85245
 1260    528     1.90346    -0.07614     6.85245
 1261    528     1.90980    -0.07614     6.85245
 1264    528     1.92884    -0.07614     6.85245
 1287    528     2.07477    -0.07614     6.85245
 1288    528     2.08111    -0.07614     6.85245
 1208    529     1.56787    -0.06954     6.82783
 1209    529     1.57419    -0.06954     6.82783
 1236    529     1.74489    -0.06954     6.82783
 1237    529     1.75121    -0.06954     6.82783
 1240    529     1.77018    -0.06954     6.82783
 1241    529     1.77650    -0.06954     6.82783
 1242    529     1.78282    -0.06954     6.82783
 1260    529     1.89662    -0.06954     6.82783
 1261    529     1.90294    -0.06954     6.82783
 1262    529     1.90926    -0.06954     6.82783
 1289    529     2.07996    -0.06954     6.82783
 1213    530     1.59376    -0.06299     6.80339
 1237    530     1.74494    -0.06299     6.80339
 1238    530     1.75124    -0.06299     6.80339
 1241    530     1.77014    -0.06299     6.80339
 1242    530     1.77644    -0.06299     6.80339
 1243    530     1.78274    -0.06299     6.80339
 1261    530     1.89613    -0.06299     6.80339
 1262    530     1.90243    -0.06299     6.80339
 1213    531     1.58807    -0.05649     6.77913
 1214    531     1.59435    -0.05649     6.77913
 1238    531     1.74500    -0.05649     6.77913
 1239    531     1.75128    -0.05649     6.77913
 1242    531     1.77011    -0.05649     6.77913
 1243    531     1.77638    -0.05649     6.77913
 1267    531     1.92703    -0.05649     6.77913
 1268    531     1.93331    -0.05649     6.77913
 1294    531     2.09651    -0.05649     6.77913
 1211    532     1.56992    -0.05004     6.75504
 1214    532     1.58868    -0.05004     6.75504
 1215    532     1.59494    -0.05004     6.75504
 1238    532     1.73880    -0.05004     6.75504
 1239    532     1.74505    -0.05004     6.75504
 1240    532     1.75131    -0.05004     6.75504
 1243    532     1.77007    -0.05004     6.75504
 1244    532     1.77632    -0.05004     6.75504
 1267    532     1.92018    -0.05004     6.75504
 1268    532     1.92644    -0.05004     6.75504
 1269    532     1.93269    -0.05004     6.75504
 1295    532     2.09531    -0.05004     6.75504
 1211    533     1.56436    -0.04363     6.73112
 1212    533     1.57059    -0.04363     6.73112
 1214    533     1.58306    -0.04363     6.73112
 1215    533     1.58929    -0.04363     6.73112
 1216    533     1.59552    -0.04363     6.73112
 1239    533     1.73887    -0.04363     6.73112
 1240    533     1.74510    -0.04363     6.73112
 1241    533     1.75134    -0.04363     6.73112
 1243    533     1.76380    -0.04363     6.73112
 1244    533     1.77003    -0.04363     6.73112
 1245    533     1.77627    -0.04363     6.73112
 1264    533     1.89468    -0.04363     6.73112
 1265    533     1.90092    -0.04363     6.73112
 1268    533     1.91961    -0.04363     6.73112
 1269    533     1.92585    -0.04363     6.73112
 1292    533     2.06919    -0.04363     6.73112
 1296    533     2.09412    -0.04363     6.73112
 1211    534     1.55884    -0.03726     6.70736
 1212    534     1.56505    -0.03726     6.70736
 1215    534     1.58368    -0.03726     6.70736
 1216    534     1.58989    -0.03726     6.70736
 1217    534     1.59610    -0.03726     6.70736
 1240    534     1.73895    -0.03726     6.70736
 1241    534     1.74516    -0.03726     6.70736
 1244    534     1.76379    -0.03726     6.70736
 1245    534     1.77000    -0.03726     6.70736
 1246    534     1.77621    -0.03726     6.70736
 1265    534     1.89421    -0.03726     6.70736
 1266    534     1.90042    -0.03726     6.70736
 1269    534     1.91905    -0.03726     6.70736
 1270    534     1.92526    -0.03726     6.70736
 1293    534     2.06810    -0.03726     6.70736
 1297    534     2.09295    -0.03726     6.70736
 1211    535     1.55336    -0.03094     6.68378
 1212    535     1.55955    -0.03094     6.68378
 1213    535     1.56574    -0.03094     6.68378
 1216    535     1.58430    -0.03094     6.68378
 1217    535     1.59049    -0.03094     6.68378
 1241    535     1.73902    -0.03094     6.68378
 1242    535     1.74521    -0.03094     6.68378
 1245    535     1.76377    -0.03094     6.68378
 1246    535     1.76996    -0.03094     6.68378
 1265    535     1.88755    -0.03094     6.68378
 1266    535     1.89374    -0.03094     6.68378
 1267    535     1.89993    -0.03094     6.68378
 1270    535     1.91849    -0.03094     6.68378
 1271    535     1.92468    -0.03094     6.68378
 1294    535     2.06702    -0.03094     6.68378
 1298    535     2.09177    -0.03094     6.68378
 1212    536     1.55408    -0.02467     6.66036
 1213    536     1.56025    -0.02467     6.66036
 1214    536     1.56642    -0.02467     6.66036
 1216    536     1.57875    -0.02467     6.66036
 1217    536     1.58492    -0.02467     6.66036
 1218    536     1.59109    -0.02467     6.66036
 1241    536     1.73293    -0.02467     6.66036
 1242    536     1.73909    -0.02467     6.66036
 1243    536     1.74526    -0.02467     6.66036
 1246    536     1.76376    -0.02467     6.66036
 1247    536     1.76993    -0.02467     6.66036
 1266    536     1.88710    -0.02467     6.66036
 1267    536     1.89327    -0.02467     6.66036
 1270    536     1.91177    -0.02467     6.66036
 1271    536     1.91794    -0.02467     6.66036
 1272    536     1.92410    -0.02467     6.66036
 1295    536     2.06594    -0.02467     6.66036
 1299    536     2.09061    -0.02467     6.66036
 1213    537     1.55480    -0.01844     6.63710
 1214    537     1.56095    -0.01844     6.63710
 1215    537     1.56709    -0.01844     6.63710
 1217    537     1.57938    -0.01844     6.63710
 1218    537     1.58553    -0.01844     6.63710
 1219    537     1.59168    -0.01844     6.63710
 1242    537     1.73302    -0.01844     6.63710
 1243    537     1.73917    -0.01844     6.63710
 1244    537     1.74531    -0.01844     6.63710
 1246    537     1.75760    -0.01844     6.63710
 1247    537     1.76375    -0.01844     6.63710
 1248    537     1.76989    -0.01844     6.63710
 1267    537     1.88666    -0.01844     6.63710
 1268    537     1.89280    -0.01844     6.63710
 1271    537     1.91124    -0.01844     6.63710
 1272    537     1.91738    -0.01844     6.63710
 1296    537     2.06488    -0.01844     6.63710
 1300    537     2.08946    -0.01844     6.63710
 1214    538     1.55552    -0.01225     6.61401
 1215    538     1.56164    -0.01225     6.61401
 1218    538     1.58001    -0.01225     6.61401
 1219    538     1.58614    -0.01225     6.61401
 1220    538     1.59226    -0.01225     6.61401
 1243    538     1.73311    -0.01225     6.61401
 1244    538     1.73924    -0.01225     6.61401
 1247    538     1.75761    -0.01225     6.61401
 1248    538     1.76374    -0.01225     6.61401
 1249    538     1.76986    -0.01225     6.61401
 1268    538     1.88622    -0.01225     6.61401
 1269    538     1.89234    -0.01225     6.61401
 1272    538     1.91071    -0.01225     6.61401
 1273    538     1.91684    -0.01225     6.61401
 1296    538     2.05769    -0.01225     6.61401
 1297    538     2.06381    -0.01225     6.61401
 1300    538     2.08219    -0.01225     6.61401
 1301    538     2.08831    -0.01225     6.61401
 1214    539     1.55012    -0.00610     6.59107
 1215    539     1.55623    -0.00610     6.59107
 1216    539     1.56233    -0.00610     6.59107
 1219    539     1.58064    -0.00610     6.59107
 1220    539     1.58674    -0.00610     6.59107
 1221    539     1.59284    -0.00610     6.59107
 1244    539     1.73321    -0.00610     6.59107
 1245    539     1.73931    -0.00610     6.59107
 1248    539     1.75762    -0.00610     6.59107
 1249    539     1.76372    -0.00610     6.59107
 1268    539     1.87968    -0.00610     6.59107
 1269    539     1.88578    -0.00610     6.59107
 1270    539     1.89188    -0.00610     6.59107
 1273    539     1.91019    -0.00610     6.59107
 1297    539     2.05666    -0.00610     6.59107
 1298    539     2.06276    -0.00610     6.59107
 1301    539     2.08107    -0.00610     6.59107
 1302    539     2.08717    -0.00610     6.59107
 1215    540     1.55085     0.00000     6.56830
 1216    540     1.55693     0.00000     6.56830
 1217    540     1.56301     0.00000     6.56830
 1220    540     1.58126     0.00000     6.56830
 1221    540     1.58734     0.00000     6.56830
 1244    540     1.72722     0.00000     6.56830
 1245    540     1.73330     0.00000     6.56830
 1246    540     1.73938     0.00000     6.56830
 1249    540     1.75763     0.00000     6.56830
 1250    540     1.76371     0.00000     6.56830
 1269    540     1.87926     0.00000     6.56830
 1270    540     1.88534     0.00000     6.56830
 1271    540     1.89143     0.00000     6.56830
 1298    540     2.05563     0.00000     6.56830
 1302    540     2.07996     0.00000     6.56830
 1216    541     1.55157     0.00606     6.54568
 1217    541     1.55763     0.00606     6.54568
 1218    541     1.56369     0.00606     6.54568
 1220    541     1.57581     0.00606     6.54568
 1221    541     1.58187     0.00606     6.54568
 1222    541     1.58793     0.00606     6.54568
 1245    541     1.72733     0.00606     6.54568
 1246    541     1.73339     0.00606     6.54568
 1247    541     1.73945     0.00606     6.54568
 1249    541     1.75157     0.00606     6.54568
 1250    541     1.75764     0.00606     6.54568
 1251    541     1.76370     0.00606     6.54568
 1270    541     1.87885     0.00606     6.54568
 1271    541     1.88491     0.00606     6.54568
 1299    541     2.05462     0.00606     6.54568
 1303    541     2.07886     0.00606     6.54568
 1217    542     1.55228     0.01208     6.52321
 1218    542     1.55832     0.01208     6.52321
 1221    542     1.57644     0.01208     6.52321
 1222    542     1.58248     0.01208     6.52321
 1223    542     1.58852     0.01208     6.52321
 1246    542     1.72744     0.01208     6.52321
 1247    542     1.73348     0.01208     6.52321
 1250    542     1.75160     0.01208     6.52321
 1251    542     1.75764     0.01208     6.52321
 1252    542     1.76368     0.01208     6.52321
 1300    542     2.05360     0.01208     6.52321
 1304    542     2.07776     0.01208     6.52321
 1305    542     2.08380     0.01208     6.52321
 1217    543     1.54697     0.01806     6.50090
 1218    543     1.55299     0.01806     6.50090
 1219    543     1.55901     0.01806     6.50090
 1222    543     1.57707     0.01806     6.50090
 1223    543     1.58309     0.01806     6.50090
 1247    543     1.72755     0.01806     6.50090
 1248    543     1.73357     0.01806     6.50090
 1251    543     1.75163     0.01806     6.50090
 1252    543     1.75765     0.01806     6.50090
 1301    543     2.05260     0.01806     6.50090
 1304    543     2.07066     0.01806     6.50090
 1305    543     2.07668     0.01806     6.50090
 1306    543     2.08270     0.01806     6.50090
 1218    544     1.54770     0.02400     6.47874
 1219    544     1.55370     0.02400     6.47874
 1220    544     1.55970     0.02400     6.47874
 1223    544     1.57769     0.02400     6.47874
 1224    544     1.58369     0.02400     6.47874
 1247    544     1.72167     0.02400     6.47874
 1248    544     1.72767     0.02400     6.47874
 1249    544     1.73366     0.02400     6.47874
 1252    544     1.75166     0.02400     6.47874
 1253    544     1.75766     0.02400     6.47874
 1301    544     2.04560     0.02400     6.47874
 1302    544     2.05160     0.02400     6.47874
 1305    544     2.06960     0.02400     6.47874
 1306    544     2.07560     0.02400     6.47874
 1307    544     2.08160     0.02400     6.47874
 1219    545     1.54842     0.02989     6.45674
 1220    545     1.55440     0.02989     6.45674
 1221    545     1.56038     0.02989     6.45674
 1223    545     1.57233     0.02989     6.45674
 1224    545     1.57831     0.02989     6.45674
 1225    545     1.58429     0.02989     6.45674
 1248    545     1.72180     0.02989     6.45674
 1249    545     1.72777     0.02989     6.45674
 1250    545     1.73375     0.02989     6.45674
 1252    545     1.74571     0.02989     6.45674
 1253    545     1.75169     0.02989     6.45674
 1277    545     1.89517     0.02989     6.45674
 1278    545     1.90115     0.02989     6.45674
 1302    545     2.04463     0.02989     6.45674
 1303    545     2.05061     0.02989     6.45674
 1306    545     2.06855     0.02989     6.45674
 1307    545     2.07453     0.02989     6.45674
 1308    545     2.08050     0.02989     6.45674
  491    546    -2.79441     0.03575     6.43488
  492    546    -2.78845     0.03575     6.43488
  493    546    -2.78249     0.03575     6.43488
  494    546    -2.77653     0.03575     6.43488
 1220    546     1.54914     0.03575     6.43488
 1221    546     1.55510     0.03575     6.43488
 1222    546     1.56105     0.03575     6.43488
 1224    546     1.57297     0.03575     6.43488
 1225    546     1.57893     0.03575     6.43488
 1226    546     1.58489     0.03575     6.43488
 1249    546     1.72193     0.03575     6.43488
 1250    546     1.72788     0.03575     6.43488
 1253    546     1.74576     0.03575     6.43488
 1254    546     1.75172     0.03575     6.43488
 1278    546     1.89471     0.03575     6.43488
 1279    546     1.90067     0.03575     6.43488
 1280    546     1.90663     0.03575     6.43488
 1302    546     2.03771     0.03575     6.43488
 1303    546     2.04367     0.03575     6.43488
 1304    546     2.04963     0.03575     6.43488
 1307    546     2.06750     0.03575     6.43488
 1308    546     2.07346     0.03575     6.43488
  488    547    -2.80279     0.04157     6.41317
  489    547    -2.79685     0.04157     6.41317
  490    547    -2.79091     0.04157     6.41317
  491    547    -2.78498     0.04157     6.41317
  492    547    -2.77904     0.04157     6.41317
  493    547    -2.77310     0.04157     6.41317
  494    547    -2.76716     0.04157     6.41317
  495    547    -2.76122     0.04157     6.41317
  496    547    -2.75529     0.04157     6.41317
  497    547    -2.74935     0.04157     6.41317
 1221    547     1.54985     0.04157     6.41317
 1222    547     1.55579     0.04157     6.41317
 1225    547     1.57360     0.04157     6.41317
 1226    547     1.57954     0.04157     6.41317
 1250    547     1.72205     0.04157     6.41317
 1251    547     1.72799     0.04157     6.41317
 1254    547     1.74581     0.04157     6.41317
 1255    547     1.75174     0.04157     6.41317
 1279    547     1.89426     0.04157     6.41317
 1280    547     1.90020     0.04157     6.41317
 1281    547     1.90614     0.04157     6.41317
 1303    547     2.03677     0.04157     6.41317
 1304    547     2.04271     0.04157     6.41317
 1305    547     2.04865     0.04157     6.41317
 1308    547     2.06646     0.04157     6.41317
 1309    547     2.07240     0.04157     6.41317
  474    548    -2.87622     0.04735     6.39160
  475    548    -2.87030     0.04735     6.39160
  476    548    -2.86438     0.04735     6.39160
  477    548    -2.85847     0.04735     6.39160
  478    548    -2.85255     0.04735     6.39160
  479    548    -2.84663     0.04735     6.39160
  480    548    -2.84071     0.04735     6.39160
  481    548    -2.83479     0.04735     6.39160
  482    548    -2.82888     0.04735     6.39160
  483    548    -2.82296     0.04735     6.39160
  487    548    -2.79928     0.04735     6.39160
  488    548    -2.79337     0.04735     6.39160
  489    548    -2.78745     0.04735     6.39160
  490    548    -2.78153     0.04735     6.39160
  491    548    -2.77561     0.04735     6.39160
  492    548    -2.76969     0.04735     6.39160
  493    548    -2.76378     0.04735     6.39160
  494    548    -2.75786     0.04735     6.39160
  495    548    -2.75194     0.04735     6.39160
  496    548    -2.74602     0.04735     6.39160
  497    548    -2.74010     0.04735     6.39160
  498    548    -2.73418     0.04735     6.39160
 1221    548     1.54464     0.04735     6.39160
 1222    548     1.55056     0.04735     6.39160
 1223    548     1.55647     0.04735     6.39160
 1226    548     1.57423     0.04735     6.39160
 1227    548     1.58015     0.04735     6.39160
 1251    548     1.72218     0.04735     6.39160
 1252    548     1.72810     0.04735     6.39160
 1255    548     1.74585     0.04735     6.39160
 1276    548     1.87014     0.04735     6.39160
 1277    548     1.87605     0.04735     6.39160
 1280    548     1.89381     0.04735     6.39160
 1281    548     1.89973     0.04735     6.39160
 1282    548     1.90564     0.04735     6.39160
 1304    548     2.03584     0.04735     6.39160
 1305    548     2.04176     0.04735     6.39160
 1306    548     2.04768     0.04735     6.39160
 1309    548     2.06543     0.04735     6.39160
 1310    548     2.07135     0.04735     6.39160
  473    549    -2.87248     0.05308     6.37018
  474    549    -2.86658     0.05308     6.37018
  475    549    -2.86068     0.05308     6.37018
  476    549    -2.85478     0.05308     6.37018
  477    549    -2.84889     0.05308     6.37018
  478    549    -2.84299     0.05308     6.37018
  479    549    -2.83709     0.05308     6.37018
  480    549    -2.83119     0.05308     6.37018
  481    549    -2.82529     0.05308     6.37018
  482    549    -2.81939     0.05308     6.37018
  483    549    -2.81350     0.05308     6.37018
  484    549    -2.80760     0.05308     6.37018
  486    549    -2.79580     0.05308     6.37018
  487    549    -2.78990     0.05308     6.37018
  488    549    -2.78400     0.05308     6.37018
  489    549    -2.77811     0.05308     6.37018
  490    549    -2.77221     0.05308     6.37018
  491    549    -2.76631     0.05308     6.37018
  492    549    -2.76041     0.05308     6.37018
  493    549    -2.75451     0.05308     6.37018
  494    549    -2.74861     0.05308     6.37018
  495    549    -2.74272     0.05308     6.37018
  496    549    -2.73682     0.05308     6.37018
  497    549    -2.73092     0.05308     6.37018
  498    549    -2.72502     0.05308     6.37018
 1222    549     1.54536     0.05308     6.37018
 1223    549     1.55126     0.05308     6.37018
 1224    549     1.55716     0.05308     6.37018
 1226    549     1.56895     0.05308     6.37018
 1227    549     1.57485     0.05308     6.37018
 1228    549     1.58075     0.05308     6.37018
 1251    549     1.71641     0.05308     6.37018
 1252    549     1.72231     0.05308     6.37018
 1277    549     1.86977     0.05308     6.37018
 1278    549     1.87566     0.05308     6.37018
 1281    549     1.89336     0.05308     6.37018
 1282    549     1.89926     0.05308     6.37018
 1305    549     2.03492     0.05308     6.37018
 1306    549     2.04082     0.05308     6.37018
 1307    549     2.04672     0.05308     6.37018
 1309    549     2.05851     0.05308     6.37018
 1310    549     2.06441     0.05308     6.37018
 1311    549     2.07031     0.05308     6.37018
  471    550    -2.87464     0.05879     6.34890
  472    550    -2.86876     0.05879     6.34890
  473    550    -2.86288     0.05879     6.34890
  474    550    -2.85701     0.05879     6.34890
  475    550    -2.85113     0.05879     6.34890
  476    550    -2.84525     0.05879     6.34890
  477    550    -2.83937     0.05879     6.34890
  478    550    -2.83349     0.05879     6.34890
  482    550    -2.80998     0.05879     6.34890
  483    550    -2.80410     0.05879     6.34890
  484    550    -2.79822     0.05879     6.34890
  485    550    -2.79234     0.05879     6.34890
  486    550    -2.78646     0.05879     6.34890
  487    550    -2.78058     0.05879     6.34890
  488    550    -2.77471     0.05879     6.34890
  489    550    -2.76883     0.05879     6.34890
  490    550    -2.76295     0.05879     6.34890
  491    550    -2.75707     0.05879     6.34890
  492    550    -2.75119     0.05879     6.34890
  493    550    -2.74531     0.05879     6.34890
  494    550    -2.73943     0.05879     6.34890
  495    550    -2.73356     0.05879     6.34890
  496    550    -2.72768     0.05879     6.34890
  497    550    -2.72180     0.05879     6.34890
  498    550    -2.71592     0.05879     6.34890
 1223    550     1.54608     0.05879     6.34890
 1224    550     1.55195     0.05879     6.34890
 1227    550     1.56959     0.05879     6.34890
 1228    550     1.57547     0.05879     6.34890
 1229    550     1.58135     0.05879     6.34890
 1252    550     1.71656     0.05879     6.34890
 1253    550     1.72243     0.05879     6.34890
 1277    550     1.86352     0.05879     6.34890
 1278    550     1.86940     0.05879     6.34890
 1279    550     1.87528     0.05879     6.34890
 1282    550     1.89291     0.05879     6.34890
 1283    550     1.89879     0.05879     6.34890
 1306    550     2.03400     0.05879     6.34890
 1307    550     2.03988     0.05879     6.34890
 1310    550     2.05751     0.05879     6.34890
 1311    550     2.06339     0.05879     6.34890
 1312    550     2.06927     0.05879     6.34890
  471    551    -2.86507     0.06445     6.32777
  472    551    -2.85921     0.06445     6.32777
  473    551    -2.85335     0.06445     6.32777
  474    551    -2.84750     0.06445     6.32777
  475    551    -2.84164     0.06445     6.32777
  476    551    -2.83578     0.06445     6.32777
  477    551    -2.82992     0.06445     6.32777
  478    551    -2.82406     0.06445     6.32777
  479    551    -2.81820     0.06445     6.32777
  480    551    -2.81234     0.06445     6.32777
  486    551    -2.77719     0.06445     6.32777
  487    551    -2.77133     0.06445     6.32777
  488    551    -2.76547     0.06445     6.32777
  489    551    -2.75961     0.06445     6.32777
  490    551    -2.75375     0.06445     6.32777
  494    551    -2.73031     0.06445     6.32777
  495    551    -2.72446     0.06445     6.32777
  496    551    -2.71860     0.06445     6.32777
  497    551    -2.71274     0.06445     6.32777
  498    551    -2.70688     0.06445     6.32777
 1224    551     1.54679     0.06445     6.32777
 1225    551     1.55265     0.06445     6.32777
 1228    551     1.57022     0.06445     6.32777
 1229    551     1.57608     0.06445     6.32777
 1230    551     1.58194     0.06445     6.32777
 1278    551     1.86318     0.06445     6.32777
 1279    551     1.86903     0.06445     6.32777
 1280    551     1.87489     0.06445     6.32777
 1283    551     1.89247     0.06445     6.32777
 1284    551     1.89833     0.06445     6.32777
 1307    551     2.03309     0.06445     6.32777
 1308    551     2.03895     0.06445     6.32777
 1311    551     2.05652     0.06445     6.32777
 1312    551     2.06238     0.06445     6.32777
 1313    551     2.06824     0.06445     6.32777
  470    552    -2.86141     0.07008     6.30677
  471    552    -2.85557     0.07008     6.30677
  472    552    -2.84973     0.07008     6.30677
  473    552    -2.84389     0.07008     6.30677
  474    552    -2.83805     0.07008     6.30677
  475    552    -2.83221     0.07008     6.30677
  476    552    -2.82637     0.07008     6.30677
  477    552    -2.82053     0.07008     6.30677
  478    552    -2.81469     0.07008     6.30677
  479    552    -2.80885     0.07008     6.30677
  480    552    -2.80301     0.07008     6.30677
  481    552    -2.79717     0.07008     6.30677
  482    552    -2.79133     0.07008     6.30677
  483    552    -2.78549     0.07008     6.30677
  485    552    -2.77381     0.07008     6.30677
  486    552    -2.76797     0.07008     6.30677
  487    552    -2.76213     0.07008     6.30677
  488    552    -2.75629     0.07008     6.30677
  489    552    -2.75045     0.07008     6.30677
  493    552    -2.72709     0.07008     6.30677
  494    552    -2.72126     0.07008     6.30677
  495    552    -2.71542     0.07008     6.30677
  496    552    -2.70958     0.07008     6.30677
  497    552    -2.70374     0.07008     6.30677
  498    552    -2.69790     0.07008     6.30677
 1224    552     1.54166     0.07008     6.30677
 1225    552     1.54749     0.07008     6.30677
 1226    552     1.55333     0.07008     6.30677
 1229    552     1.57085     0.07008     6.30677
 1230    552     1.57669     0.07008     6.30677
 1231    552     1.58253     0.07008     6.30677
 1258    552     1.74020     0.07008     6.30677
 1259    552     1.74604     0.07008     6.30677
 1279    552     1.86283     0.07008     6.30677
 1280    552     1.86867     0.07008     6.30677
 1284    552     1.89203     0.07008     6.30677
 1285    552     1.89787     0.07008     6.30677
 1307    552     2.02634     0.07008     6.30677
 1308    552     2.03218     0.07008     6.30677
 1309    552     2.03802     0.07008     6.30677
 1311    552     2.04970     0.07008     6.30677
 1312    552     2.05554     0.07008     6.30677
 1313    552     2.06138     0.07008     6.30677
  469    553    -2.85776     0.07566     6.28591
  470    553    -2.85194     0.07566     6.28591
  471    553    -2.84612     0.07566     6.28591
  472    553    -2.84030     0.07566     6.28591
  473    553    -2.83448     0.07566     6.28591
  475    553    -2.82284     0.07566     6.28591
  476    553    -2.81702     0.07566     6.28591
  477    553    -2.81120     0.07566     6.28591
  478    553    -2.80538     0.07566     6.28591
  479    553    -2.79956     0.07566     6.28591
  480    553    -2.79374     0.07566     6.28591
  481    553    -2.78792     0.07566     6.28591
  482    553    -2.78210     0.07566     6.28591
  483    553    -2.77628     0.07566     6.28591
  485    553    -2.76464     0.07566     6.28591
  486    553    -2.75882     0.07566     6.28591
  487    553    -2.75300     0.07566     6.28591
  488    553    -2.74718     0.07566     6.28591
  491    553    -2.72972     0.07566     6.28591
  492    553    -2.72390     0.07566     6.28591
  493    553    -2.71808     0.07566     6.28591
  494    553    -2.71226     0.07566     6.28591
  495    553    -2.70644     0.07566     6.28591
  496    553    -2.70062     0.07566     6.28591
  497    553    -2.69479     0.07566     6.28591
 1225    553     1.54238     0.07566     6.28591
 1226    553     1.54820     0.07566     6.28591
 1227    553     1.55402     0.07566     6.28591
 1230    553     1.57148     0.07566     6.28591
 1231    553     1.57730     0.07566     6.28591
 1256    553     1.72281     0.07566     6.28591
 1259    553     1.74027     0.07566     6.28591
 1260    553     1.74609     0.07566     6.28591
 1280    553     1.86249     0.07566     6.28591
 1281    553     1.86831     0.07566     6.28591
 1284    553     1.88577     0.07566     6.28591
 1285    553     1.89159     0.07566     6.28591
 1286    553     1.89741     0.07566     6.28591
 1308    553     2.02546     0.07566     6.28591
 1309    553     2.03128     0.07566     6.28591
 1310    553     2.03710     0.07566     6.28591
 1312    553     2.04874     0.07566     6.28591
 1313    553     2.05456     0.07566     6.28591
  468    554    -2.85414     0.08122     6.26520
  469    554    -2.84834     0.08122     6.26520
  470    554    -2.84254     0.08122     6.26520
  471    554    -2.83674     0.08122     6.26520
  472    554    -2.83094     0.08122     6.26520
  474    554    -2.81934     0.08122     6.26520
  475    554    -2.81354     0.08122     6.26520
  476    554    -2.80774     0.08122     6.26520
  477    554    -2.80193     0.08122     6.26520
  478    554    -2.79613     0.08122     6.26520
  482    554    -2.77293     0.08122     6.26520
  484    554    -2.76133     0.08122     6.26520
  485    554    -2.75553     0.08122     6.26520
  486    554    -2.74972     0.08122     6.26520
  487    554    -2.74392     0.08122     6.26520
  488    554    -2.73812     0.08122     6.26520
  490    554    -2.72652     0.08122     6.26520
  491    554    -2.72072     0.08122     6.26520
  492    554    -2.71492     0.08122     6.26520
  493    554    -2.70912     0.08122     6.26520
  494    554    -2.70332     0.08122     6.26520
  495    554    -2.69751     0.08122     6.26520
  496    554    -2.69171     0.08122     6.26520
  497    554    -2.68591     0.08122     6.26520
 1226    554     1.54309     0.08122     6.26520
 1227    554     1.54890     0.08122     6.26520
 1228    554     1.55470     0.08122     6.26520
 1230    554     1.56630     0.08122     6.26520
 1231    554     1.57210     0.08122     6.26520
 1232    554     1.57790     0.08122     6.26520
 1256    554     1.71713     0.08122     6.26520
 1260    554     1.74033     0.08122     6.26520
 1281    554     1.86216     0.08122     6.26520
 1282    554     1.86796     0.08122     6.26520
 1285    554     1.88536     0.08122     6.26520
 1286    554     1.89116     0.08122     6.26520
 1287    554     1.89696     0.08122     6.26520
 1309    554     2.02459     0.08122     6.26520
 1310    554     2.03039     0.08122     6.26520
  467    555    -2.85055     0.08673     6.24461
  468    555    -2.84477     0.08673     6.24461
  469    555    -2.83899     0.08673     6.24461
  470    555    -2.83320     0.08673     6.24461
  471    555    -2.82742     0.08673     6.24461
  472    555    -2.82164     0.08673     6.24461
  473    555    -2.81586     0.08673     6.24461
  474    555    -2.81008     0.08673     6.24461
  475    555    -2.80429     0.08673     6.24461
  476    555    -2.79851     0.08673     6.24461
  477    555    -2.79273     0.08673     6.24461
  484    555    -2.75225     0.08673     6.24461
  485    555    -2.74647     0.08673     6.24461
  486    555    -2.74069     0.08673     6.24461
  487    555    -2.73491     0.08673     6.24461
  490    555    -2.71756     0.08673     6.24461
  491    555    -2.71178     0.08673     6.24461
  492    555    -2.70600     0.08673     6.24461
  493    555    -2.70022     0.08673     6.24461
  494    555    -2.69443     0.08673     6.24461
  495    555    -2.68865     0.08673     6.24461
  496    555    -2.68287     0.08673     6.24461
 1227    555     1.54381     0.08673     6.24461
 1228    555     1.54959     0.08673     6.24461
 1231    555     1.56694     0.08673     6.24461
 1232    555     1.57272     0.08673     6.24461
 1256    555     1.71149     0.08673     6.24461
 1257    555     1.71727     0.08673     6.24461
 1260    555     1.73461     0.08673     6.24461
 1261    555     1.74040     0.08673     6.24461
 1282    555     1.86182     0.08673     6.24461
 1283    555     1.86760     0.08673     6.24461
 1286    555     1.88495     0.08673     6.24461
 1287    555     1.89073     0.08673     6.24461
 1310    555     2.02372     0.08673     6.24461
 1314    555     2.04685     0.08673     6.24461
 1315    555     2.05263     0.08673     6.24461
  466    556    -2.84698     0.09221     6.22416
  467    556    -2.84122     0.09221     6.22416
  468    556    -2.83545     0.09221     6.22416
  469    556    -2.82969     0.09221     6.22416
  470    556    -2.82393     0.09221     6.22416
  471    556    -2.81816     0.09221     6.22416
  473    556    -2.80664     0.09221     6.22416
  474    556    -2.80087     0.09221     6.22416
  475    556    -2.79511     0.09221     6.22416
  476    556    -2.78935     0.09221     6.22416
  477    556    -2.78358     0.09221     6.22416
  484    556    -2.74324     0.09221     6.22416
  485    556    -2.73748     0.09221     6.22416
  486    556    -2.73172     0.09221     6.22416
  487    556    -2.72595     0.09221     6.22416
  489    556    -2.71443     0.09221     6.22416
  490    556    -2.70866     0.09221     6.22416
  491    556    -2.70290     0.09221     6.22416
  492    556    -2.69714     0.09221     6.22416
  493    556    -2.69137     0.09221     6.22416
  494    556    -2.68561     0.09221     6.22416
  495    556    -2.67985     0.09221     6.22416
 1228    556     1.54451     0.09221     6.22416
 1229    556     1.55028     0.09221     6.22416
 1232    556     1.56757     0.09221     6.22416
 1233    556     1.57333     0.09221     6.22416
 1257    556     1.71165     0.09221     6.22416
 1258    556     1.71741     0.09221     6.22416
 1261    556     1.73470     0.09221     6.22416
 1262    556     1.74046     0.09221     6.22416
 1282    556     1.85572     0.09221     6.22416
 1283    556     1.86149     0.09221     6.22416
 1284    556     1.86725     0.09221     6.22416
 1287    556     1.88454     0.09221     6.22416
 1315    556     2.04591     0.09221     6.22416
 1316    556     2.05167     0.09221     6.22416
  465    557    -2.84343     0.09765     6.20385
  466    557    -2.83769     0.09765     6.20385
  467    557    -2.83194     0.09765     6.20385
  468    557    -2.82620     0.09765     6.20385
  469    557    -2.82045     0.09765     6.20385
  470    557    -2.81471     0.09765     6.20385
  472    557    -2.80322     0.09765     6.20385
  473    557    -2.79748     0.09765     6.20385
  474    557    -2.79173     0.09765     6.20385
  475    557    -2.78599     0.09765     6.20385
  476    557    -2.78024     0.09765     6.20385
  484    557    -2.73429     0.09765     6.20385
  485    557    -2.72854     0.09765     6.20385
  486    557    -2.72280     0.09765     6.20385
  487    557    -2.71706     0.09765     6.20385
  488    557    -2.71131     0.09765     6.20385
  489    557    -2.70557     0.09765     6.20385
  490    557    -2.69982     0.09765     6.20385
  491    557    -2.69408     0.09765     6.20385
  492    557    -2.68833     0.09765     6.20385
  493    557    -2.68259     0.09765     6.20385
  494    557    -2.67685     0.09765     6.20385
 1228    557     1.53947     0.09765     6.20385
 1229    557     1.54522     0.09765     6.20385
 1230    557     1.55096     0.09765     6.20385
 1232    557     1.56245     0.09765     6.20385
 1233    557     1.56820     0.09765     6.20385
 1234    557     1.57394     0.09765     6.20385
 1258    557     1.71180     0.09765     6.20385
 1262    557     1.73478     0.09765     6.20385
 1283    557     1.85541     0.09765     6.20385
 1284    557     1.86115     0.09765     6.20385
 1285    557     1.86690     0.09765     6.20385
 1312    557     2.02200     0.09765     6.20385
 1313    557     2.02774     0.09765     6.20385
 1316    557     2.04497     0.09765     6.20385
 1317    557     2.05072     0.09765     6.20385
  464    558    -2.83991     0.10306     6.18367
  465    558    -2.83418     0.10306     6.18367
  466    558    -2.82845     0.10306     6.18367
  467    558    -2.82273     0.10306     6.18367
  468    558    -2.81700     0.10306     6.18367
  469    558    -2.81128     0.10306     6.18367
  471    558    -2.79983     0.10306     6.18367
  472    558    -2.79410     0.10306     6.18367
  473    558    -2.78838     0.10306     6.18367
  474    558    -2.78265     0.10306     6.18367
  475    558    -2.77692     0.10306     6.18367
  484    558    -2.72539     0.10306     6.18367
  485    558    -2.71967     0.10306     6.18367
  486    558    -2.71394     0.10306     6.18367
  487    558    -2.70822     0.10306     6.18367
  488    558    -2.70249     0.10306     6.18367
  489    558    -2.69677     0.10306     6.18367
  490    558    -2.69104     0.10306     6.18367
  491    558    -2.68531     0.10306     6.18367
  492    558    -2.67959     0.10306     6.18367
  493    558    -2.67386     0.10306     6.18367
 1229    558     1.54019     0.10306     6.18367
 1230    558     1.54592     0.10306     6.18367
 1233    558     1.56309     0.10306     6.18367
 1234    558     1.56882     0.10306     6.18367
 1258    558     1.70623     0.10306     6.18367
 1259    558     1.71196     0.10306     6.18367
 1262    558     1.72914     0.10306     6.18367
 1263    558     1.73486     0.10306     6.18367
 1284    558     1.85510     0.10306     6.18367
 1285    558     1.86083     0.10306     6.18367
 1313    558     2.02114     0.10306     6.18367
 1314    558     2.02687     0.10306     6.18367
  463    559    -2.83640     0.10843     6.16361
  464    559    -2.83070     0.10843     6.16361
  465    559    -2.82499     0.10843     6.16361
  466    559    -2.81928     0.10843     6.16361
  467    559    -2.81358     0.10843     6.16361
  468    559    -2.80787     0.10843     6.16361
  470    559    -2.79645     0.10843     6.16361
  471    559    -2.79075     0.10843     6.16361
  472    559    -2.78504     0.10843     6.16361
  473    559    -2.77933     0.10843     6.16361
  474    559    -2.77363     0.10843     6.16361
  475    559    -2.76792     0.10843     6.16361
  484    559    -2.71656     0.10843     6.16361
  485    559    -2.71085     0.10843     6.16361
  486    559    -2.70514     0.10843     6.16361
  487    559    -2.69943     0.10843     6.16361
  488    559    -2.69373     0.10843     6.16361
  489    559    -2.68802     0.10843     6.16361
  490    559    -2.68231     0.10843     6.16361
  491    559    -2.67661     0.10843     6.16361
  492    559    -2.67090     0.10843     6.16361
 1229    559     1.53520     0.10843     6.16361
 1230    559     1.54090     0.10843     6.16361
 1231    559     1.54661     0.10843     6.16361
 1234    559     1.56373     0.10843     6.16361
 1235    559     1.56944     0.10843     6.16361
 1259    559     1.70641     0.10843     6.16361
 1260    559     1.71212     0.10843     6.16361
 1263    559     1.72924     0.10843     6.16361
 1264    559     1.73494     0.10843     6.16361
 1289    559     1.87762     0.10843     6.16361
 1290    559     1.88333     0.10843     6.16361
 1314    559     2.02030     0.10843     6.16361
 1318    559     2.04312     0.10843     6.16361
  462    560    -2.83292     0.11377     6.14369
  463    560    -2.82724     0.11377     6.14369
  464    560    -2.82155     0.11377     6.14369
  465    560    -2.81586     0.11377     6.14369
  466    560    -2.81017     0.11377     6.14369
  467    560    -2.80448     0.11377     6.14369
  469    560    -2.79310     0.11377     6.14369
  470    560    -2.78742     0.11377     6.14369
  471    560    -2.78173     0.11377     6.14369
  472    560    -2.77604     0.11377     6.14369
  473    560    -2.77035     0.11377     6.14369
  474    560    -2.76466     0.11377     6.14369
  481    560    -2.72484     0.11377     6.14369
  482    560    -2.71915     0.11377     6.14369
  485    560    -2.70209     0.11377     6.14369
  486    560    -2.69640     0.11377     6.14369
  487    560    -2.69071     0.11377     6.14369
  488    560    -2.68502     0.11377     6.14369
  489    560    -2.67933     0.11377     6.14369
  490    560    -2.67364     0.11377     6.14369
  491    560    -2.66796     0.11377     6.14369
 1230    560     1.53592     0.11377     6.14369
 1231    560     1.54161     0.11377     6.14369
 1232    560     1.54730     0.11377     6.14369
 1234    560     1.55868     0.11377     6.14369
 1235    560     1.56437     0.11377     6.14369
 1260    560     1.70658     0.11377     6.14369
 1264    560     1.72934     0.11377     6.14369
 1289    560     1.87155     0.11377     6.14369
 1290    560     1.87724     0.11377     6.14369
 1291    560     1.88293     0.11377     6.14369
 1315    560     2.01945     0.11377     6.14369
 1319    560     2.04221     0.11377     6.14369
  461    561    -2.82947     0.11908     6.12390
  462    561    -2.82380     0.11908     6.12390
  463    561    -2.81813     0.11908     6.12390
  464    561    -2.81246     0.11908     6.12390
  465    561    -2.80679     0.11908     6.12390
  466    561    -2.80112     0.11908     6.12390
  468    561    -2.78978     0.11908     6.12390
  469    561    -2.78411     0.11908     6.12390
  470    561    -2.77844     0.11908     6.12390
  471    561    -2.77277     0.11908     6.12390
  472    561    -2.76709     0.11908     6.12390
  473    561    -2.76142     0.11908     6.12390
  479    561    -2.72740     0.11908     6.12390
  480    561    -2.72173     0.11908     6.12390
  481    561    -2.71606     0.11908     6.12390
  486    561    -2.68771     0.11908     6.12390
  487    561    -2.68204     0.11908     6.12390
  488    561    -2.67637     0.11908     6.12390
  489    561    -2.67070     0.11908     6.12390
  490    561    -2.66503     0.11908     6.12390
 1231    561     1.53664     0.11908     6.12390
 1232    561     1.54232     0.11908     6.12390
 1235    561     1.55933     0.11908     6.12390
 1236    561     1.56500     0.11908     6.12390
 1260    561     1.70108     0.11908     6.12390
 1261    561     1.70675     0.11908     6.12390
 1287    561     1.85418     0.11908     6.12390
 1288    561     1.85985     0.11908     6.12390
 1290    561     1.87119     0.11908     6.12390
 1291    561     1.87686     0.11908     6.12390
 1292    561     1.88253     0.11908     6.12390
 1316    561     2.01862     0.11908     6.12390
 1320    561     2.04130     0.11908     6.12390
  460    562    -2.82603     0.12435     6.10423
  461    562    -2.82038     0.12435     6.10423
  462    562    -2.81473     0.12435     6.10423
  463    562    -2.80908     0.12435     6.10423
  464    562    -2.80343     0.12435     6.10423
  465    562    -2.79777     0.12435     6.10423
  466    562    -2.79212     0.12435     6.10423
  467    562    -2.78647     0.12435     6.10423
  468    562    -2.78082     0.12435     6.10423
  469    562    -2.77516     0.12435     6.10423
  470    562    -2.76951     0.12435     6.10423
  471    562    -2.76386     0.12435     6.10423
  472    562    -2.75821     0.12435     6.10423
  473    562    -2.75256     0.12435     6.10423
  478    562    -2.72430     0.12435     6.10423
  479    562    -2.71864     0.12435     6.10423
  480    562    -2.71299     0.12435     6.10423
  481    562    -2.70734     0.12435     6.10423
  487    562    -2.67343     0.12435     6.10423
 1232    562     1.53736     0.12435     6.10423
 1233    562     1.54301     0.12435     6.10423
 1236    562     1.55997     0.12435     6.10423
 1237    562     1.56562     0.12435     6.10423
 1287    562     1.84823     0.12435     6.10423
 1288    562     1.85388     0.12435     6.10423
 1291    562     1.87083     0.12435     6.10423
 1292    562     1.87649     0.12435     6.10423
 1293    562     1.88214     0.12435     6.10423
 1317    562     2.01779     0.12435     6.10423
 1321    562     2.04040     0.12435     6.10423
  460    563    -2.81699     0.12958     6.08469
  461    563    -2.81135     0.12958     6.08469
  462    563    -2.80572     0.12958     6.08469
  463    563    -2.80008     0.12958     6.08469
  465    563    -2.78882     0.12958     6.08469
  466    563    -2.78318     0.12958     6.08469
  467    563    -2.77755     0.12958     6.08469
  468    563    -2.77191     0.12958     6.08469
  469    563    -2.76628     0.12958     6.08469
  470    563    -2.76065     0.12958     6.08469
  471    563    -2.75501     0.12958     6.08469
  477    563    -2.72121     0.12958     6.08469
  478    563    -2.71558     0.12958     6.08469
  479    563    -2.70994     0.12958     6.08469
  480    563    -2.70431     0.12958     6.08469
  481    563    -2.69867     0.12958     6.08469
  482    563    -2.69304     0.12958     6.08469
  484    563    -2.68177     0.12958     6.08469
  485    563    -2.67614     0.12958     6.08469
  486    563    -2.67050     0.12958     6.08469
 1233    563     1.53807     0.12958     6.08469
 1234    563     1.54371     0.12958     6.08469
 1236    563     1.55498     0.12958     6.08469
 1237    563     1.56061     0.12958     6.08469
 1238    563     1.56624     0.12958     6.08469
 1287    563     1.84231     0.12958     6.08469
 1288    563     1.84794     0.12958     6.08469
 1289    563     1.85358     0.12958     6.08469
 1292    563     1.87048     0.12958     6.08469
 1293    563     1.87611     0.12958     6.08469
 1318    563     2.01696     0.12958     6.08469
 1322    563     2.03950     0.12958     6.08469
  459    564    -2.81361     0.13478     6.06528
  460    564    -2.80800     0.13478     6.06528
  461    564    -2.80238     0.13478     6.06528
  462    564    -2.79677     0.13478     6.06528
  464    564    -2.78553     0.13478     6.06528
  465    564    -2.77992     0.13478     6.06528
  466    564    -2.77430     0.13478     6.06528
  467    564    -2.76869     0.13478     6.06528
  468    564    -2.76307     0.13478     6.06528
  469    564    -2.75745     0.13478     6.06528
  470    564    -2.75184     0.13478     6.06528
  476    564    -2.71814     0.13478     6.06528
  477    564    -2.71253     0.13478     6.06528
  478    564    -2.70691     0.13478     6.06528
  479    564    -2.70129     0.13478     6.06528
  480    564    -2.69568     0.13478     6.06528
  481    564    -2.69006     0.13478     6.06528
  484    564    -2.67321     0.13478     6.06528
  485    564    -2.66760     0.13478     6.06528
  486    564    -2.66198     0.13478     6.06528
 1233    564     1.53317     0.13478     6.06528
 1234    564     1.53878     0.13478     6.06528
 1237    564     1.55563     0.13478     6.06528
 1238    564     1.56125     0.13478     6.06528
 1239    564     1.56686     0.13478     6.06528
 1263    564     1.70165     0.13478     6.06528
 1267    564     1.72411     0.13478     6.06528
 1288    564     1.84205     0.13478     6.06528
 1289    564     1.84766     0.13478     6.06528
 1290    564     1.85328     0.13478     6.06528
 1293    564     1.87013     0.13478     6.06528
 1294    564     1.87574     0.13478     6.06528
 1319    564     2.01614     0.13478     6.06528
 1323    564     2.03861     0.13478     6.06528
  459    565    -2.80466     0.13995     6.04598
  460    565    -2.79907     0.13995     6.04598
  461    565    -2.79347     0.13995     6.04598
  462    565    -2.78787     0.13995     6.04598
  463    565    -2.78227     0.13995     6.04598
  464    565    -2.77667     0.13995     6.04598
  465    565    -2.77108     0.13995     6.04598
  466    565    -2.76548     0.13995     6.04598
  467    565    -2.75988     0.13995     6.04598
  468    565    -2.75428     0.13995     6.04598
  469    565    -2.74868     0.13995     6.04598
  475    565    -2.71509     0.13995     6.04598
  476    565    -2.70950     0.13995     6.04598
  477    565    -2.70390     0.13995     6.04598
  478    565    -2.69830     0.13995     6.04598
  479    565    -2.69270     0.13995     6.04598
  480    565    -2.68710     0.13995     6.04598
  481    565    -2.68151     0.13995     6.04598
  483    565    -2.67031     0.13995     6.04598
  484    565    -2.66471     0.13995     6.04598
  485    565    -2.65911     0.13995     6.04598
  486    565    -2.65351     0.13995     6.04598
 1234    565     1.53389     0.13995     6.04598
 1235    565     1.53949     0.13995     6.04598
 1238    565     1.55628     0.13995     6.04598
 1239    565     1.56188     0.13995     6.04598
 1268    565     1.72422     0.13995     6.04598
 1289    565     1.84179     0.13995     6.04598
 1290    565     1.84738     0.13995     6.04598
 1291    565     1.85298     0.13995     6.04598
 1294    565     1.86978     0.13995     6.04598
 1320    565     2.01533     0.13995     6.04598
  458    566    -2.80135     0.14509     6.02681
  459    566    -2.79577     0.14509     6.02681
  460    566    -2.79019     0.14509     6.02681
  461    566    -2.78461     0.14509     6.02681
  462    566    -2.77903     0.14509     6.02681
  463    566    -2.77345     0.14509     6.02681
  464    566    -2.76787     0.14509     6.02681
  465    566    -2.76229     0.14509     6.02681
  466    566    -2.75671     0.14509     6.02681
  467    566    -2.75113     0.14509     6.02681
  475    566    -2.70649     0.14509     6.02681
  476    566    -2.70090     0.14509     6.02681
  477    566    -2.69532     0.14509     6.02681
  478    566    -2.68974     0.14509     6.02681
  479    566    -2.68416     0.14509     6.02681
  480    566    -2.67858     0.14509     6.02681
  481    566    -2.67300     0.14509     6.02681
  482    566    -2.66742     0.14509     6.02681
  483    566    -2.66184     0.14509     6.02681
  484    566    -2.65626     0.14509     6.02681
  485    566    -2.65068     0.14509     6.02681
 1234    566     1.52902     0.14509     6.02681
 1235    566     1.53461     0.14509     6.02681
 1236    566     1.54019     0.14509     6.02681
 1238    566     1.55135     0.14509     6.02681
 1239    566     1.55693     0.14509     6.02681
 1240    566     1.56251     0.14509     6.02681
 1265    566     1.70202     0.14509     6.02681
 1268    566     1.71876     0.14509     6.02681
 1269    566     1.72434     0.14509     6.02681
 1290    566     1.84153     0.14509     6.02681
 1291    566     1.84711     0.14509     6.02681
 1321    566     2.01452     0.14509     6.02681
  457    567    -2.79806     0.15019     6.00776
  458    567    -2.79250     0.15019     6.00776
  461    567    -2.77581     0.15019     6.00776
  462    567    -2.77025     0.15019     6.00776
  463    567    -2.76468     0.15019     6.00776
  464    567    -2.75912     0.15019     6.00776
  465    567    -2.75356     0.15019     6.00776
  475    567    -2.69793     0.15019     6.00776
  476    567    -2.69237     0.15019     6.00776
  477    567    -2.68681     0.15019     6.00776
  478    567    -2.68124     0.15019     6.00776
  480    567    -2.67012     0.15019     6.00776
  481    567    -2.66455     0.15019     6.00776
  482    567    -2.65899     0.15019     6.00776
  483    567    -2.65343     0.15019     6.00776
  484    567    -2.64787     0.15019     6.00776
  485    567    -2.64230     0.15019     6.00776
 1235    567     1.52975     0.15019     6.00776
 1236    567     1.53532     0.15019     6.00776
 1239    567     1.55201     0.15019     6.00776
 1240    567     1.55757     0.15019     6.00776
 1265    567     1.69664     0.15019     6.00776
 1266    567     1.70220     0.15019     6.00776
 1269    567     1.71889     0.15019     6.00776
 1270    567     1.72445     0.15019     6.00776
 1292    567     1.84683     0.15019     6.00776
  456    568    -2.79479     0.15527     5.98883
  457    568    -2.78924     0.15527     5.98883
  461    568    -2.76706     0.15527     5.98883
  462    568    -2.76152     0.15527     5.98883
  463    568    -2.75597     0.15527     5.98883
  475    568    -2.68943     0.15527     5.98883
  476    568    -2.68389     0.15527     5.98883
  477    568    -2.67834     0.15527     5.98883
  478    568    -2.67279     0.15527     5.98883
  479    568    -2.66725     0.15527     5.98883
  480    568    -2.66170     0.15527     5.98883
  481    568    -2.65616     0.15527     5.98883
  482    568    -2.65061     0.15527     5.98883
  483    568    -2.64507     0.15527     5.98883
  484    568    -2.63952     0.15527     5.98883
 1236    568     1.53048     0.15527     5.98883
 1237    568     1.53603     0.15527     5.98883
 1240    568     1.55266     0.15527     5.98883
 1241    568     1.55821     0.15527     5.98883
 1266    568     1.69684     0.15527     5.98883
 1270    568     1.71902     0.15527     5.98883
 1271    568     1.72456     0.15527     5.98883
  455    569    -2.79154     0.16031     5.97002
  456    569    -2.78601     0.16031     5.97002
  457    569    -2.78048     0.16031     5.97002
  460    569    -2.76390     0.16031     5.97002
  461    569    -2.75837     0.16031     5.97002
  475    569    -2.68098     0.16031     5.97002
  476    569    -2.67546     0.16031     5.97002
  477    569    -2.66993     0.16031     5.97002
  478    569    -2.66440     0.16031     5.97002
  479    569    -2.65887     0.16031     5.97002
  480    569    -2.65334     0.16031     5.97002
  481    569    -2.64782     0.16031     5.97002
  482    569    -2.64229     0.16031     5.97002
  483    569    -2.63676     0.16031     5.97002
 1236    569     1.52567     0.16031     5.97002
 1237    569     1.53120     0.16031     5.97002
 1238    569     1.53673     0.16031     5.97002
 1240    569     1.54778     0.16031     5.97002
 1241    569     1.55331     0.16031     5.97002
 1242    569     1.55884     0.16031     5.97002
 1266    569     1.69151     0.16031     5.97002
 1267    569     1.69703     0.16031     5.97002
 1271    569     1.71915     0.16031     5.97002
 1327    569     2.02870     0.16031     5.97002
 1328    569     2.03423     0.16031     5.97002
  455    570    -2.78280     0.16531     5.95133
  456    570    -2.77729     0.16531     5.95133
  459    570    -2.76076     0.16531     5.95133
  460    570    -2.75525     0.16531     5.95133
  475    570    -2.67259     0.16531     5.95133
  476    570    -2.66708     0.16531     5.95133
  477    570    -2.66157     0.16531     5.95133
  478    570    -2.65606     0.16531     5.95133
  479    570    -2.65055     0.16531     5.95133
  480    570    -2.64504     0.16531     5.95133
  481    570    -2.63953     0.16531     5.95133
  482    570    -2.63402     0.16531     5.95133
 1237    570     1.52641     0.16531     5.95133
 1238    570     1.53192     0.16531     5.95133
 1241    570     1.54845     0.16531     5.95133
 1242    570     1.55396     0.16531     5.95133
 1267    570     1.69172     0.16531     5.95133
 1268    570     1.69723     0.16531     5.95133
 1271    570     1.71376     0.16531     5.95133
 1272    570     1.71927     0.16531     5.95133
 1298    570     1.86255     0.16531     5.95133
 1299    570     1.86806     0.16531     5.95133
 1300    570     1.87357     0.16531     5.95133
 1325    570     2.01133     0.16531     5.95133
 1328    570     2.02786     0.16531     5.95133
 1329    570     2.03337     0.16531     5.95133
  454    571    -2.77961     0.17029     5.93276
  455    571    -2.77411     0.17029     5.93276
  458    571    -2.75763     0.17029     5.93276
  459    571    -2.75214     0.17029     5.93276
  475    571    -2.66425     0.17029     5.93276
  476    571    -2.65875     0.17029     5.93276
  477    571    -2.65326     0.17029     5.93276
  478    571    -2.64777     0.17029     5.93276
  479    571    -2.64227     0.17029     5.93276
  480    571    -2.63678     0.17029     5.93276
  481    571    -2.63129     0.17029     5.93276
  482    571    -2.62579     0.17029     5.93276
 1237    571     1.52164     0.17029     5.93276
 1238    571     1.52714     0.17029     5.93276
 1239    571     1.53263     0.17029     5.93276
 1242    571     1.54911     0.17029     5.93276
 1243    571     1.55460     0.17029     5.93276
 1268    571     1.69193     0.17029     5.93276
 1269    571     1.69743     0.17029     5.93276
 1272    571     1.71391     0.17029     5.93276
 1273    571     1.71940     0.17029     5.93276
 1297    571     1.85124     0.17029     5.93276
 1298    571     1.85673     0.17029     5.93276
 1299    571     1.86223     0.17029     5.93276
 1300    571     1.86772     0.17029     5.93276
 1301    571     1.87321     0.17029     5.93276
 1325    571     2.00505     0.17029     5.93276
 1326    571     2.01055     0.17029     5.93276
 1329    571     2.02703     0.17029     5.93276
 1330    571     2.03252     0.17029     5.93276
  457    572    -2.75453     0.17524     5.91430
  458    572    -2.74905     0.17524     5.91430
  475    572    -2.65596     0.17524     5.91430
  476    572    -2.65048     0.17524     5.91430
  477    572    -2.64501     0.17524     5.91430
  478    572    -2.63953     0.17524     5.91430
  479    572    -2.63405     0.17524     5.91430
  480    572    -2.62858     0.17524     5.91430
  481    572    -2.62310     0.17524     5.91430
 1238    572     1.52238     0.17524     5.91430
 1239    572     1.52786     0.17524     5.91430
 1240    572     1.53334     0.17524     5.91430
 1243    572     1.54976     0.17524     5.91430
 1244    572     1.55524     0.17524     5.91430
 1269    572     1.69215     0.17524     5.91430
 1273    572     1.71405     0.17524     5.91430
 1296    572     1.84000     0.17524     5.91430
 1297    572     1.84548     0.17524     5.91430
 1300    572     1.86191     0.17524     5.91430
 1301    572     1.86738     0.17524     5.91430
 1325    572     1.99881     0.17524     5.91430
 1326    572     2.00429     0.17524     5.91430
 1330    572     2.02619     0.17524     5.91430
  457    573    -2.74598     0.18015     5.89595
  476    573    -2.64226     0.18015     5.89595
  477    573    -2.63680     0.18015     5.89595
  478    573    -2.63134     0.18015     5.89595
  479    573    -2.62588     0.18015     5.89595
  480    573    -2.62042     0.18015     5.89595
 1239    573     1.52312     0.18015     5.89595
 1240    573     1.52858     0.18015     5.89595
 1244    573     1.55042     0.18015     5.89595
 1269    573     1.68690     0.18015     5.89595
 1270    573     1.69236     0.18015     5.89595
 1274    573     1.71419     0.18015     5.89595
 1275    573     1.71965     0.18015     5.89595
 1297    573     1.83976     0.18015     5.89595
 1298    573     1.84521     0.18015     5.89595
 1301    573     1.86159     0.18015     5.89595
 1326    573     1.99807     0.18015     5.89595
 1327    573     2.00353     0.18015     5.89595
 1331    573     2.02537     0.18015     5.89595
  468    574    -2.67763     0.18504     5.87772
  469    574    -2.67219     0.18504     5.87772
  470    574    -2.66674     0.18504     5.87772
  471    574    -2.66130     0.18504     5.87772
  477    574    -2.62865     0.18504     5.87772
  478    574    -2.62320     0.18504     5.87772
 1240    574     1.52385     0.18504     5.87772
 1241    574     1.52930     0.18504     5.87772
 1244    574     1.54562     0.18504     5.87772
 1245    574     1.55106     0.18504     5.87772
 1270    574     1.68712     0.18504     5.87772
 1271    574     1.69257     0.18504     5.87772
 1275    574     1.71433     0.18504     5.87772
 1276    574     1.71978     0.18504     5.87772
 1297    574     1.83407     0.18504     5.87772
 1298    574     1.83951     0.18504     5.87772
 1299    574     1.84495     0.18504     5.87772
 1327    574     1.99734     0.18504     5.87772
 1328    574     2.00278     0.18504     5.87772
 1332    574     2.02455     0.18504     5.87772
  467    575    -2.67480     0.18989     5.85960
  468    575    -2.66937     0.18989     5.85960
  469    575    -2.66395     0.18989     5.85960
  470    575    -2.65852     0.18989     5.85960
  471    575    -2.65310     0.18989     5.85960
  472    575    -2.64767     0.18989     5.85960
 1241    575     1.52458     0.18989     5.85960
 1242    575     1.53001     0.18989     5.85960
 1245    575     1.54628     0.18989     5.85960
 1246    575     1.55171     0.18989     5.85960
 1272    575     1.69277     0.18989     5.85960
 1275    575     1.70905     0.18989     5.85960
 1276    575     1.71448     0.18989     5.85960
 1277    575     1.71990     0.18989     5.85960
 1298    575     1.83384     0.18989     5.85960
 1299    575     1.83926     0.18989     5.85960
 1328    575     1.99660     0.18989     5.85960
 1329    575     2.00203     0.18989     5.85960
 1333    575     2.02373     0.18989     5.85960
  466    576    -2.67199     0.19472     5.84159
  467    576    -2.66658     0.19472     5.84159
  468    576    -2.66117     0.19472     5.84159
  469    576    -2.65576     0.19472     5.84159
  470    576    -2.65035     0.19472     5.84159
  471    576    -2.64494     0.19472     5.84159
  472    576    -2.63953     0.19472     5.84159
 1242    576     1.52530     0.19472     5.84159
 1246    576     1.54694     0.19472     5.84159
 1272    576     1.68757     0.19472     5.84159
 1273    576     1.69298     0.19472     5.84159
 1276    576     1.70921     0.19472     5.84159
 1277    576     1.71462     0.19472     5.84159
 1278    576     1.72002     0.19472     5.84159
 1329    576     1.99588     0.19472     5.84159
 1333    576     2.01751     0.19472     5.84159
 1334    576     2.02292     0.19472     5.84159
  466    577    -2.66380     0.19952     5.82369
  467    577    -2.65841     0.19952     5.82369
  468    577    -2.65302     0.19952     5.82369
  469    577    -2.64762     0.19952     5.82369
  470    577    -2.64223     0.19952     5.82369
  471    577    -2.63684     0.19952     5.82369
  472    577    -2.63145     0.19952     5.82369
  473    577    -2.62605     0.19952     5.82369
 1242    577     1.52063     0.19952     5.82369
 1243    577     1.52602     0.19952     5.82369
 1246    577     1.54220     0.19952     5.82369
 1247    577     1.54759     0.19952     5.82369
 1273    577     1.68779     0.19952     5.82369
 1274    577     1.69319     0.19952     5.82369
 1277    577     1.70936     0.19952     5.82369
 1278    577     1.71475     0.19952     5.82369
 1330    577     1.99515     0.19952     5.82369
 1334    577     2.01672     0.19952     5.82369
  466    578    -2.65566     0.20428     5.80591
  467    578    -2.65029     0.20428     5.80591
  468    578    -2.64491     0.20428     5.80591
  470    578    -2.63416     0.20428     5.80591
  471    578    -2.62878     0.20428     5.80591
  472    578    -2.62341     0.20428     5.80591
  473    578    -2.61803     0.20428     5.80591
 1243    578     1.52136     0.20428     5.80591
 1244    578     1.52674     0.20428     5.80591
 1247    578     1.54287     0.20428     5.80591
 1273    578     1.68264     0.20428     5.80591
 1274    578     1.68801     0.20428     5.80591
 1275    578     1.69339     0.20428     5.80591
 1277    578     1.70414     0.20428     5.80591
 1278    578     1.70952     0.20428     5.80591
 1279    578     1.71489     0.20428     5.80591
 1331    578     1.99444     0.20428     5.80591
  466    579    -2.64758     0.20902     5.78823
  467    579    -2.64222     0.20902     5.78823
  468    579    -2.63686     0.20902     5.78823
  469    579    -2.63150     0.20902     5.78823
  470    579    -2.62614     0.20902     5.78823
  471    579    -2.62078     0.20902     5.78823
  472    579    -2.61542     0.20902     5.78823
  473    579    -2.61006     0.20902     5.78823
 1244    579     1.52209     0.20902     5.78823
 1248    579     1.54353     0.20902     5.78823
 1274    579     1.68287     0.20902     5.78823
 1275    579     1.68823     0.20902     5.78823
 1276    579     1.69359     0.20902     5.78823
 1278    579     1.70431     0.20902     5.78823
 1279    579     1.70967     0.20902     5.78823
 1280    579     1.71503     0.20902     5.78823
 1332    579     1.99372     0.20902     5.78823
  466    580    -2.63954     0.21373     5.77065
  467    580    -2.63420     0.21373     5.77065
  468    580    -2.62885     0.21373     5.77065
  469    580    -2.62351     0.21373     5.77065
  470    580    -2.61817     0.21373     5.77065
  471    580    -2.61282     0.21373     5.77065
  472    580    -2.60748     0.21373     5.77065
 1245    580     1.52281     0.21373     5.77065
 1249    580     1.54418     0.21373     5.77065
 1275    580     1.68311     0.21373     5.77065
 1276    580     1.68845     0.21373     5.77065
 1279    580     1.70448     0.21373     5.77065
 1280    580     1.70982     0.21373     5.77065
  466    581    -2.63155     0.21841     5.75319
  467    581    -2.62622     0.21841     5.75319
  468    581    -2.62090     0.21841     5.75319
  469    581    -2.61557     0.21841     5.75319
  470    581    -2.61024     0.21841     5.75319
  471    581    -2.60491     0.21841     5.75319
  472    581    -2.59959     0.21841     5.75319
 1249    581     1.53951     0.21841     5.75319
 1250    581     1.54484     0.21841     5.75319
 1275    581     1.67801     0.21841     5.75319
 1276    581     1.68334     0.21841     5.75319
 1277    581     1.68867     0.21841     5.75319
 1279    581     1.69932     0.21841     5.75319
 1280    581     1.70465     0.21841     5.75319
 1281    581     1.70997     0.21841     5.75319
 1338    581     2.01362     0.21841     5.75319
  467    582    -2.61830     0.22306     5.73582
  470    582    -2.60237     0.22306     5.73582
  471    582    -2.59705     0.22306     5.73582
 1246    582     1.51893     0.22306     5.73582
 1247    582     1.52424     0.22306     5.73582
 1249    582     1.53486     0.22306     5.73582
 1250    582     1.54018     0.22306     5.73582
 1251    582     1.54549     0.22306     5.73582
 1276    582     1.67826     0.22306     5.73582
 1277    582     1.68357     0.22306     5.73582
 1280    582     1.69950     0.22306     5.73582
 1281    582     1.70481     0.22306     5.73582
 1339    582     2.01285     0.22306     5.73582
  443    583    -2.73750     0.22768     5.71857
  444    583    -2.73220     0.22768     5.71857
  445    583    -2.72691     0.22768     5.71857
 1246    583     1.51436     0.22768     5.71857
 1247    583     1.51966     0.22768     5.71857
 1248    583     1.52495     0.22768     5.71857
 1250    583     1.53554     0.22768     5.71857
 1251    583     1.54084     0.22768     5.71857
 1252    583     1.54613     0.22768     5.71857
 1277    583     1.67851     0.22768     5.71857
 1278    583     1.68380     0.22768     5.71857
 1281    583     1.69969     0.22768     5.71857
 1282    583     1.70498     0.22768     5.71857
 1336    583     1.99091     0.22768     5.71857
 1339    583     2.00679     0.22768     5.71857
 1340    583     2.01209     0.22768     5.71857
  442    584    -2.73457     0.23228     5.70142
  443    584    -2.72929     0.23228     5.70142
  444    584    -2.72401     0.23228     5.70142
  445    584    -2.71873     0.23228     5.70142
  446    584    -2.71345     0.23228     5.70142
 1246    584     1.50982     0.23228     5.70142
 1247    584     1.51510     0.23228     5.70142
 1248    584     1.52038     0.23228     5.70142
 1251    584     1.53621     0.23228     5.70142
 1252    584     1.54149     0.23228     5.70142
 1278    584     1.67875     0.23228     5.70142
 1279    584     1.68403     0.23228     5.70142
 1282    584     1.69987     0.23228     5.70142
 1283    584     1.70515     0.23228     5.70142
 1336    584     1.98494     0.23228     5.70142
 1337    584     1.99022     0.23228     5.70142
 1340    584     2.00605     0.23228     5.70142
 1341    584     2.01133     0.23228     5.70142
  442    585    -2.72639     0.23685     5.68436
  443    585    -2.72113     0.23685     5.68436
  445    585    -2.71060     0.23685     5.68436
  446    585    -2.70534     0.23685     5.68436
  447    585    -2.70007     0.23685     5.68436
 1247    585     1.51057     0.23685     5.68436
 1248    585     1.51583     0.23685     5.68436
 1249    585     1.52109     0.23685     5.68436
 1251    585     1.53162     0.23685     5.68436
 1252    585     1.53688     0.23685     5.68436
 1253    585     1.54215     0.23685     5.68436
 1278    585     1.67373     0.23685     5.68436
 1279    585     1.67899     0.23685     5.68436
 1282    585     1.69478     0.23685     5.68436
 1283    585     1.70005     0.23685     5.68436
 1284    585     1.70531     0.23685     5.68436
 1337    585     1.98426     0.23685     5.68436
 1341    585     2.00532     0.23685     5.68436
  442    586    -2.71826     0.24139     5.66742
  443    586    -2.71301     0.24139     5.66742
  445    586    -2.70252     0.24139     5.66742
  446    586    -2.69727     0.24139     5.66742
 1248    586     1.51131     0.24139     5.66742
 1249    586     1.51656     0.24139     5.66742
 1252    586     1.53230     0.24139     5.66742
 1253    586     1.53755     0.24139     5.66742
 1279    586     1.67399     0.24139     5.66742
 1280    586     1.67923     0.24139     5.66742
 1283    586     1.69498     0.24139     5.66742
 1284    586     1.70022     0.24139     5.66742
 1285    586     1.70547     0.24139     5.66742
 1337    586     1.97835     0.24139     5.66742
 1338    586     1.98360     0.24139     5.66742
  440    587    -2.72064     0.24590     5.65057
  444    587    -2.69972     0.24590     5.65057
  445    587    -2.69448     0.24590     5.65057
  446    587    -2.68925     0.24590     5.65057
 1249    587     1.51205     0.24590     5.65057
 1250    587     1.51728     0.24590     5.65057
 1253    587     1.53298     0.24590     5.65057
 1254    587     1.53821     0.24590     5.65057
 1280    587     1.67424     0.24590     5.65057
 1281    587     1.67947     0.24590     5.65057
 1284    587     1.69517     0.24590     5.65057
 1285    587     1.70040     0.24590     5.65057
 1338    587     1.97770     0.24590     5.65057
 1339    587     1.98293     0.24590     5.65057
  438    588    -2.72301     0.25039     5.63382
  439    588    -2.71780     0.25039     5.63382
  440    588    -2.71258     0.25039     5.63382
  444    588    -2.69171     0.25039     5.63382
  445    588    -2.68650     0.25039     5.63382
 1249    588     1.50757     0.25039     5.63382
 1250    588     1.51278     0.25039     5.63382
 1251    588     1.51800     0.25039     5.63382
 1253    588     1.52843     0.25039     5.63382
 1254    588     1.53365     0.25039     5.63382
 1255    588     1.53887     0.25039     5.63382
 1280    588     1.66928     0.25039     5.63382
 1281    588     1.67450     0.25039     5.63382
 1282    588     1.67971     0.25039     5.63382
 1285    588     1.69536     0.25039     5.63382
 1286    588     1.70058     0.25039     5.63382
 1313    588     1.84142     0.25039     5.63382
  437    589    -2.72017     0.25485     5.61717
  438    589    -2.71497     0.25485     5.61717
  439    589    -2.70976     0.25485     5.61717
 1250    589     1.50831     0.25485     5.61717
 1251    589     1.51352     0.25485     5.61717
 1254    589     1.52912     0.25485     5.61717
 1255    589     1.53432     0.25485     5.61717
 1281    589     1.66955     0.25485     5.61717
 1282    589     1.67475     0.25485     5.61717
 1283    589     1.67995     0.25485     5.61717
 1285    589     1.69035     0.25485     5.61717
 1286    589     1.69555     0.25485     5.61717
 1287    589     1.70075     0.25485     5.61717
 1314    589     1.84118     0.25485     5.61717
  436    590    -2.71734     0.25929     5.60062
  437    590    -2.71215     0.25929     5.60062
  438    590    -2.70697     0.25929     5.60062
  441    590    -2.69141     0.25929     5.60062
  442    590    -2.68622     0.25929     5.60062
  455    590    -2.61881     0.25929     5.60062
  456    590    -2.61362     0.25929     5.60062
  457    590    -2.60844     0.25929     5.60062
  458    590    -2.60325     0.25929     5.60062
  459    590    -2.59807     0.25929     5.60062
 1250    590     1.50387     0.25929     5.60062
 1251    590     1.50906     0.25929     5.60062
 1252    590     1.51424     0.25929     5.60062
 1255    590     1.52980     0.25929     5.60062
 1256    590     1.53498     0.25929     5.60062
 1282    590     1.66981     0.25929     5.60062
 1283    590     1.67500     0.25929     5.60062
 1286    590     1.69056     0.25929     5.60062
 1287    590     1.69574     0.25929     5.60062
 1311    590     1.82020     0.25929     5.60062
 1315    590     1.84094     0.25929     5.60062
  435    591    -2.71453     0.26370     5.58417
  436    591    -2.70935     0.26370     5.58417
  437    591    -2.70418     0.26370     5.58417
  440    591    -2.68867     0.26370     5.58417
  441    591    -2.68350     0.26370     5.58417
  454    591    -2.61629     0.26370     5.58417
  455    591    -2.61111     0.26370     5.58417
  456    591    -2.60594     0.26370     5.58417
  457    591    -2.60077     0.26370     5.58417
  458    591    -2.59560     0.26370     5.58417
  459    591    -2.59043     0.26370     5.58417
  460    591    -2.58526     0.26370     5.58417
 1251    591     1.50462     0.26370     5.58417
 1252    591     1.50979     0.26370     5.58417
 1253    591     1.51496     0.26370     5.58417
 1255    591     1.52530     0.26370     5.58417
 1256    591     1.53048     0.26370     5.58417
 1283    591     1.67008     0.26370     5.58417
 1284    591     1.67525     0.26370     5.58417
 1287    591     1.69076     0.26370     5.58417
 1288    591     1.69593     0.26370     5.58417
 1312    591     1.82002     0.26370     5.58417
  434    592    -2.71173     0.26808     5.56781
  435    592    -2.70657     0.26808     5.56781
  436    592    -2.70142     0.26808     5.56781
  439    592    -2.68595     0.26808     5.56781
  440    592    -2.68080     0.26808     5.56781
  441    592    -2.67564     0.26808     5.56781
  453    592    -2.61378     0.26808     5.56781
  454    592    -2.60862     0.26808     5.56781
  455    592    -2.60347     0.26808     5.56781
  456    592    -2.59831     0.26808     5.56781
  457    592    -2.59316     0.26808     5.56781
  458    592    -2.58800     0.26808     5.56781
  459    592    -2.58284     0.26808     5.56781
  460    592    -2.57769     0.26808     5.56781
  461    592    -2.57253     0.26808     5.56781
 1252    592     1.50537     0.26808     5.56781
 1253    592     1.51053     0.26808     5.56781
 1256    592     1.52599     0.26808     5.56781
 1257    592     1.53115     0.26808     5.56781
 1284    592     1.67034     0.26808     5.56781
 1285    592     1.67550     0.26808     5.56781
 1313    592     1.81985     0.26808     5.56781
  434    593    -2.70381     0.27244     5.55155
  435    593    -2.69867     0.27244     5.55155
  438    593    -2.68325     0.27244     5.55155
  439    593    -2.67811     0.27244     5.55155
  453    593    -2.60614     0.27244     5.55155
  454    593    -2.60100     0.27244     5.55155
  455    593    -2.59586     0.27244     5.55155
  456    593    -2.59072     0.27244     5.55155
  458    593    -2.58044     0.27244     5.55155
  459    593    -2.57530     0.27244     5.55155
  460    593    -2.57016     0.27244     5.55155
  461    593    -2.56502     0.27244     5.55155
 1253    593     1.50611     0.27244     5.55155
 1254    593     1.51125     0.27244     5.55155
 1257    593     1.52668     0.27244     5.55155
 1258    593     1.53182     0.27244     5.55155
 1285    593     1.67060     0.27244     5.55155
 1289    593     1.69117     0.27244     5.55155
  434    594    -2.69593     0.27677     5.53538
  435    594    -2.69081     0.27677     5.53538
  437    594    -2.68056     0.27677     5.53538
  438    594    -2.67543     0.27677     5.53538
  439    594    -2.67031     0.27677     5.53538
  452    594    -2.60368     0.27677     5.53538
  453    594    -2.59855     0.27677     5.53538
  454    594    -2.59343     0.27677     5.53538
  455    594    -2.58830     0.27677     5.53538
  457    594    -2.57805     0.27677     5.53538
  458    594    -2.57293     0.27677     5.53538
  459    594    -2.56780     0.27677     5.53538
  460    594    -2.56268     0.27677     5.53538
 1253    594     1.50173     0.27677     5.53538
 1254    594     1.50685     0.27677     5.53538
 1255    594     1.51198     0.27677     5.53538
 1257    594     1.52223     0.27677     5.53538
 1258    594     1.52735     0.27677     5.53538
 1259    594     1.53248     0.27677     5.53538
 1286    594     1.67086     0.27677     5.53538
  434    595    -2.68811     0.28108     5.51931
  435    595    -2.68300     0.28108     5.51931
  436    595    -2.67789     0.28108     5.51931
  437    595    -2.67278     0.28108     5.51931
  438    595    -2.66766     0.28108     5.51931
  452    595    -2.59612     0.28108     5.51931
  453    595    -2.59101     0.28108     5.51931
  454    595    -2.58590     0.28108     5.51931
  455    595    -2.58079     0.28108     5.51931
  456    595    -2.57568     0.28108     5.51931
  457    595    -2.57057     0.28108     5.51931
  458    595    -2.56546     0.28108     5.51931
  459    595    -2.56034     0.28108     5.51931
  460    595    -2.55523     0.28108     5.51931
 1254    595     1.50248     0.28108     5.51931
 1255    595     1.50759     0.28108     5.51931
 1258    595     1.52292     0.28108     5.51931
 1259    595     1.52803     0.28108     5.51931
 1287    595     1.67112     0.28108     5.51931
  436    596    -2.67013     0.28536     5.50333
  437    596    -2.66504     0.28536     5.50333
  453    596    -2.58351     0.28536     5.50333
  454    596    -2.57841     0.28536     5.50333
  455    596    -2.57331     0.28536     5.50333
  456    596    -2.56822     0.28536     5.50333
  457    596    -2.56312     0.28536     5.50333
  458    596    -2.55803     0.28536     5.50333
  459    596    -2.55293     0.28536     5.50333
 1254    596     1.49813     0.28536     5.50333
 1255    596     1.50322     0.28536     5.50333
 1256    596     1.50832     0.28536     5.50333
 1259    596     1.52361     0.28536     5.50333
 1260    596     1.52870     0.28536     5.50333
  453    597    -2.57605     0.28961     5.48744
  454    597    -2.57097     0.28961     5.48744
  455    597    -2.56589     0.28961     5.48744
  456    597    -2.56080     0.28961     5.48744
  457    597    -2.55572     0.28961     5.48744
  458    597    -2.55064     0.28961     5.48744
 1255    597     1.49888     0.28961     5.48744
 1256    597     1.50396     0.28961     5.48744
 1257    597     1.50905     0.28961     5.48744
 1260    597     1.52429     0.28961     5.48744
 1261    597     1.52937     0.28961     5.48744
 1292    597     1.68688     0.28961     5.48744
  455    598    -2.55850     0.29385     5.47164
  456    598    -2.55343     0.29385     5.47164
 1256    598     1.49964     0.29385     5.47164
 1257    598     1.50470     0.29385     5.47164
 1261    598     1.52497     0.29385     5.47164
 1262    598     1.53003     0.29385     5.47164
 1257    599     1.50038     0.29806     5.45594
 1258    599     1.50543     0.29806     5.45594
 1262    599     1.52564     0.29806     5.45594
 1290    599     1.66709     0.29806     5.45594
 1258    600     1.50113     0.30224     5.44032
 1259    600     1.50616     0.30224     5.44032
 1262    600     1.52127     0.30224     5.44032
 1263    600     1.52631     0.30224     5.44032
 1259    601     1.50186     0.30640     5.42479
 1260    601     1.50689     0.30640     5.42479
 1263    601     1.52196     0.30640     5.42479
 1264    601     1.52698     0.30640     5.42479
 1295    601     1.68269     0.30640     5.42479
 1259    602     1.49759     0.31054     5.40936
 1260    602     1.50260     0.31054     5.40936
 1263    602     1.51762     0.31054     5.40936
 1264    602     1.52263     0.31054     5.40936
 1292    602     1.66288     0.31054     5.40936
 1295    602     1.67790     0.31054     5.40936
 1296    602     1.68291     0.31054     5.40936
  447    603    -2.56215     0.31465     5.39400
  448    603    -2.55716     0.31465     5.39400
  449    603    -2.55216     0.31465     5.39400
  450    603    -2.54717     0.31465     5.39400
  451    603    -2.54217     0.31465     5.39400
 1260    603     1.49833     0.31465     5.39400
 1261    603     1.50333     0.31465     5.39400
 1264    603     1.51831     0.31465     5.39400
 1265    603     1.52331     0.31465     5.39400
 1292    603     1.65816     0.31465     5.39400
 1293    603     1.66315     0.31465     5.39400
 1296    603     1.67813     0.31465     5.39400
 1297    603     1.68313     0.31465     5.39400
  440    604    -2.58976     0.31874     5.37874
  441    604    -2.58478     0.31874     5.37874
  442    604    -2.57980     0.31874     5.37874
  443    604    -2.57482     0.31874     5.37874
  444    604    -2.56984     0.31874     5.37874
  445    604    -2.56486     0.31874     5.37874
  446    604    -2.55988     0.31874     5.37874
  447    604    -2.55490     0.31874     5.37874
  448    604    -2.54992     0.31874     5.37874
  449    604    -2.54494     0.31874     5.37874
  450    604    -2.53996     0.31874     5.37874
  451    604    -2.53498     0.31874     5.37874
 1261    604     1.49908     0.31874     5.37874
 1265    604     1.51900     0.31874     5.37874
 1293    604     1.65845     0.31874     5.37874
 1297    604     1.67837     0.31874     5.37874
 1358    604     1.98217     0.31874     5.37874
  434    605    -2.61225     0.32281     5.36356
  435    605    -2.60729     0.32281     5.36356
  436    605    -2.60232     0.32281     5.36356
  437    605    -2.59736     0.32281     5.36356
  438    605    -2.59239     0.32281     5.36356
  439    605    -2.58742     0.32281     5.36356
  440    605    -2.58246     0.32281     5.36356
  441    605    -2.57749     0.32281     5.36356
  442    605    -2.57252     0.32281     5.36356
  443    605    -2.56756     0.32281     5.36356
  444    605    -2.56259     0.32281     5.36356
  445    605    -2.55763     0.32281     5.36356
  446    605    -2.55266     0.32281     5.36356
  447    605    -2.54769     0.32281     5.36356
  448    605    -2.54273     0.32281     5.36356
  450    605    -2.53279     0.32281     5.36356
  451    605    -2.52783     0.32281     5.36356
  452    605    -2.52286     0.32281     5.36356
 1261    605     1.49484     0.32281     5.36356
 1262    605     1.49981     0.32281     5.36356
 1265    605     1.51471     0.32281     5.36356
 1266    605     1.51968     0.32281     5.36356
 1293    605     1.65377     0.32281     5.36356
 1294    605     1.65873     0.32281     5.36356
 1298    605     1.67860     0.32281     5.36356
 1359    605     1.98154     0.32281     5.36356
  427    606    -2.63957     0.32685     5.34847
  428    606    -2.63462     0.32685     5.34847
  429    606    -2.62966     0.32685     5.34847
  430    606    -2.62471     0.32685     5.34847
  431    606    -2.61976     0.32685     5.34847
  432    606    -2.61481     0.32685     5.34847
  433    606    -2.60986     0.32685     5.34847
  434    606    -2.60490     0.32685     5.34847
  435    606    -2.59995     0.32685     5.34847
  436    606    -2.59500     0.32685     5.34847
  437    606    -2.59005     0.32685     5.34847
  438    606    -2.58509     0.32685     5.34847
  439    606    -2.58014     0.32685     5.34847
  440    606    -2.57519     0.32685     5.34847
  441    606    -2.57024     0.32685     5.34847
  442    606    -2.56529     0.32685     5.34847
  443    606    -2.56033     0.32685     5.34847
  444    606    -2.55538     0.32685     5.34847
  445    606    -2.55043     0.32685     5.34847
  446    606    -2.54548     0.32685     5.34847
  447    606    -2.54052     0.32685     5.34847
  448    606    -2.53557     0.32685     5.34847
  449    606    -2.53062     0.32685     5.34847
  450    606    -2.52567     0.32685     5.34847
  451    606    -2.52071     0.32685     5.34847
 1262    606     1.49559     0.32685     5.34847
 1263    606     1.50054     0.32685     5.34847
 1266    606     1.51540     0.32685     5.34847
 1267    606     1.52035     0.32685     5.34847
 1294    606     1.65406     0.32685     5.34847
 1295    606     1.65902     0.32685     5.34847
 1299    606     1.67883     0.32685     5.34847
 1356    606     1.96111     0.32685     5.34847
  426    607    -2.63710     0.33087     5.33346
  427    607    -2.63216     0.33087     5.33346
  428    607    -2.62722     0.33087     5.33346
  429    607    -2.62229     0.33087     5.33346
  430    607    -2.61735     0.33087     5.33346
  431    607    -2.61241     0.33087     5.33346
  432    607    -2.60747     0.33087     5.33346
  433    607    -2.60253     0.33087     5.33346
  434    607    -2.59759     0.33087     5.33346
  435    607    -2.59266     0.33087     5.33346
  436    607    -2.58772     0.33087     5.33346
  437    607    -2.58278     0.33087     5.33346
  438    607    -2.57784     0.33087     5.33346
  439    607    -2.57290     0.33087     5.33346
  440    607    -2.56796     0.33087     5.33346
  441    607    -2.56303     0.33087     5.33346
  442    607    -2.55809     0.33087     5.33346
  443    607    -2.55315     0.33087     5.33346
  444    607    -2.54821     0.33087     5.33346
  445    607    -2.54327     0.33087     5.33346
  446    607    -2.53833     0.33087     5.33346
  447    607    -2.53340     0.33087     5.33346
  448    607    -2.52846     0.33087     5.33346
  449    607    -2.52352     0.33087     5.33346
  450    607    -2.51858     0.33087     5.33346
  451    607    -2.51364     0.33087     5.33346
 1263    607     1.49633     0.33087     5.33346
 1267    607     1.51609     0.33087     5.33346
 1296    607     1.65930     0.33087     5.33346
 1300    607     1.67905     0.33087     5.33346
 1356    607     1.95560     0.33087     5.33346
  425    608    -2.63465     0.33487     5.31854
  426    608    -2.62972     0.33487     5.31854
  427    608    -2.62480     0.33487     5.31854
  428    608    -2.61987     0.33487     5.31854
  429    608    -2.61495     0.33487     5.31854
  430    608    -2.61002     0.33487     5.31854
  431    608    -2.60510     0.33487     5.31854
  432    608    -2.60018     0.33487     5.31854
  433    608    -2.59525     0.33487     5.31854
  434    608    -2.59033     0.33487     5.31854
  435    608    -2.58540     0.33487     5.31854
  436    608    -2.58048     0.33487     5.31854
  437    608    -2.57555     0.33487     5.31854
  438    608    -2.57063     0.33487     5.31854
  439    608    -2.56570     0.33487     5.31854
  440    608    -2.56078     0.33487     5.31854
  441    608    -2.55585     0.33487     5.31854
  442    608    -2.55093     0.33487     5.31854
  443    608    -2.54600     0.33487     5.31854
  444    608    -2.54108     0.33487     5.31854
  445    608    -2.53616     0.33487     5.31854
  446    608    -2.53123     0.33487     5.31854
  447    608    -2.52631     0.33487     5.31854
  448    608    -2.52138     0.33487     5.31854
  449    608    -2.51646     0.33487     5.31854
  450    608    -2.51153     0.33487     5.31854
 1263    608     1.49215     0.33487     5.31854
 1264    608     1.49707     0.33487     5.31854
 1267    608     1.51184     0.33487     5.31854
 1268    608     1.51677     0.33487     5.31854
 1297    608     1.65958     0.33487     5.31854
 1300    608     1.67436     0.33487     5.31854
 1301    608     1.67928     0.33487     5.31854
  423    609    -2.63712     0.33885     5.30370
  424    609    -2.63221     0.33885     5.30370
  425    609    -2.62730     0.33885     5.30370
  426    609    -2.62238     0.33885     5.30370
  427    609    -2.61747     0.33885     5.30370
  428    609    -2.61256     0.33885     5.30370
  429    609    -2.60765     0.33885     5.30370
  430    609    -2.60274     0.33885     5.30370
  431    609    -2.59783     0.33885     5.30370
  432    609    -2.59292     0.33885     5.30370
  433    609    -2.58801     0.33885     5.30370
  434    609    -2.58310     0.33885     5.30370
  435    609    -2.57819     0.33885     5.30370
  436    609    -2.57328     0.33885     5.30370
  437    609    -2.56837     0.33885     5.30370
  438    609    -2.56345     0.33885     5.30370
  439    609    -2.55854     0.33885     5.30370
  440    609    -2.55363     0.33885     5.30370
  441    609    -2.54872     0.33885     5.30370
  442    609    -2.54381     0.33885     5.30370
  445    609    -2.52908     0.33885     5.30370
  446    609    -2.52417     0.33885     5.30370
  447    609    -2.51926     0.33885     5.30370
  448    609    -2.51435     0.33885     5.30370
  449    609    -2.50944     0.33885     5.30370
  450    609    -2.50452     0.33885     5.30370
 1264    609     1.49289     0.33885     5.30370
 1265    609     1.49780     0.33885     5.30370
 1268    609     1.51254     0.33885     5.30370
 1269    609     1.51745     0.33885     5.30370
 1297    609     1.65495     0.33885     5.30370
 1298    609     1.65986     0.33885     5.30370
 1301    609     1.67459     0.33885     5.30370
 1302    609     1.67950     0.33885     5.30370
  419    610    -2.64937     0.34280     5.28894
  422    610    -2.63468     0.34280     5.28894
  423    610    -2.62978     0.34280     5.28894
  424    610    -2.62488     0.34280     5.28894
  425    610    -2.61999     0.34280     5.28894
  426    610    -2.61509     0.34280     5.28894
  427    610    -2.61019     0.34280     5.28894
  428    610    -2.60529     0.34280     5.28894
  429    610    -2.60040     0.34280     5.28894
  430    610    -2.59550     0.34280     5.28894
  431    610    -2.59060     0.34280     5.28894
  432    610    -2.58570     0.34280     5.28894
  433    610    -2.58081     0.34280     5.28894
  434    610    -2.57591     0.34280     5.28894
  435    610    -2.57101     0.34280     5.28894
  444    610    -2.52694     0.34280     5.28894
  445    610    -2.52204     0.34280     5.28894
  446    610    -2.51714     0.34280     5.28894
  447    610    -2.51225     0.34280     5.28894
  448    610    -2.50735     0.34280     5.28894
  449    610    -2.50245     0.34280     5.28894
 1265    610     1.49364     0.34280     5.28894
 1269    610     1.51323     0.34280     5.28894
 1270    610     1.51812     0.34280     5.28894
 1298    610     1.65524     0.34280     5.28894
 1301    610     1.66993     0.34280     5.28894
 1302    610     1.67483     0.34280     5.28894
 1303    610     1.67973     0.34280     5.28894
  422    611    -2.62737     0.34673     5.27427
  423    611    -2.62248     0.34673     5.27427
  424    611    -2.61760     0.34673     5.27427
  425    611    -2.61272     0.34673     5.27427
  426    611    -2.60783     0.34673     5.27427
  427    611    -2.60295     0.34673     5.27427
  428    611    -2.59806     0.34673     5.27427
  443    611    -2.52481     0.34673     5.27427
  444    611    -2.51993     0.34673     5.27427
  445    611    -2.51504     0.34673     5.27427
  446    611    -2.51016     0.34673     5.27427
  447    611    -2.50528     0.34673     5.27427
  448    611    -2.50039     0.34673     5.27427
 1265    611     1.48949     0.34673     5.27427
 1266    611     1.49438     0.34673     5.27427
 1269    611     1.50903     0.34673     5.27427
 1270    611     1.51391     0.34673     5.27427
 1298    611     1.65065     0.34673     5.27427
 1299    611     1.65553     0.34673     5.27427
 1302    611     1.67018     0.34673     5.27427
 1303    611     1.67507     0.34673     5.27427
 1304    611     1.67995     0.34673     5.27427
  422    612    -2.62010     0.35064     5.25967
  423    612    -2.61523     0.35064     5.25967
  424    612    -2.61036     0.35064     5.25967
  425    612    -2.60549     0.35064     5.25967
  428    612    -2.59088     0.35064     5.25967
  429    612    -2.58601     0.35064     5.25967
  430    612    -2.58114     0.35064     5.25967
  431    612    -2.57627     0.35064     5.25967
  442    612    -2.52269     0.35064     5.25967
  443    612    -2.51782     0.35064     5.25967
  444    612    -2.51295     0.35064     5.25967
  445    612    -2.50808     0.35064     5.25967
  446    612    -2.50321     0.35064     5.25967
  447    612    -2.49834     0.35064     5.25967
  448    612    -2.49347     0.35064     5.25967
 1266    612     1.49024     0.35064     5.25967
 1267    612     1.49511     0.35064     5.25967
 1270    612     1.50972     0.35064     5.25967
 1271    612     1.51459     0.35064     5.25967
 1299    612     1.65095     0.35064     5.25967
 1300    612     1.65582     0.35064     5.25967
 1303    612     1.67043     0.35064     5.25967
 1304    612     1.67530     0.35064     5.25967
  421    613    -2.61772     0.35453     5.24516
  422    613    -2.61287     0.35453     5.24516
  423    613    -2.60801     0.35453     5.24516
  424    613    -2.60315     0.35453     5.24516
  425    613    -2.59830     0.35453     5.24516
  426    613    -2.59344     0.35453     5.24516
  427    613    -2.58858     0.35453     5.24516
  428    613    -2.58373     0.35453     5.24516
  429    613    -2.57887     0.35453     5.24516
  430    613    -2.57401     0.35453     5.24516
  431    613    -2.56916     0.35453     5.24516
  432    613    -2.56430     0.35453     5.24516
  433    613    -2.55944     0.35453     5.24516
  434    613    -2.55459     0.35453     5.24516
  435    613    -2.54973     0.35453     5.24516
  436    613    -2.54487     0.35453     5.24516
  441    613    -2.52059     0.35453     5.24516
  442    613    -2.51573     0.35453     5.24516
  443    613    -2.51088     0.35453     5.24516
  444    613    -2.50602     0.35453     5.24516
  445    613    -2.50116     0.35453     5.24516
  446    613    -2.49631     0.35453     5.24516
  447    613    -2.49145     0.35453     5.24516
 1267    613     1.49098     0.35453     5.24516
 1268    613     1.49584     0.35453     5.24516
 1271    613     1.51041     0.35453     5.24516
 1272    613     1.51527     0.35453     5.24516
 1299    613     1.64640     0.35453     5.24516
 1300    613     1.65125     0.35453     5.24516
 1301    613     1.65611     0.35453     5.24516
 1304    613     1.67068     0.35453     5.24516
 1305    613     1.67554     0.35453     5.24516
  421    614    -2.61052     0.35840     5.23072
  422    614    -2.60568     0.35840     5.23072
  423    614    -2.60083     0.35840     5.23072
  424    614    -2.59599     0.35840     5.23072
  425    614    -2.59115     0.35840     5.23072
  426    614    -2.58630     0.35840     5.23072
  427    614    -2.58146     0.35840     5.23072
  428    614    -2.57662     0.35840     5.23072
  429    614    -2.57177     0.35840     5.23072
  430    614    -2.56693     0.35840     5.23072
  431    614    -2.56209     0.35840     5.23072
  432    614    -2.55724     0.35840     5.23072
  433    614    -2.55240     0.35840     5.23072
  434    614    -2.54756     0.35840     5.23072
  435    614    -2.54271     0.35840     5.23072
  436    614    -2.53787     0.35840     5.23072
  437    614    -2.53303     0.35840     5.23072
  438    614    -2.52818     0.35840     5.23072
  439    614    -2.52334     0.35840     5.23072
  440    614    -2.51850     0.35840     5.23072
  441    614    -2.51365     0.35840     5.23072
  442    614    -2.50881     0.35840     5.23072
  443    614    -2.50397     0.35840     5.23072
  444    614    -2.49912     0.35840     5.23072
  445    614    -2.49428     0.35840     5.23072
  446    614    -2.48944     0.35840     5.23072
 1267    614     1.48688     0.35840     5.23072
 1268    614     1.49172     0.35840     5.23072
 1269    614     1.49657     0.35840     5.23072
 1271    614     1.50625     0.35840     5.23072
 1272    614     1.51110     0.35840     5.23072
 1273    614     1.51594     0.35840     5.23072
 1300    614     1.64671     0.35840     5.23072
 1301    614     1.65155     0.35840     5.23072
 1302    614     1.65640     0.35840     5.23072
 1305    614     1.67093     0.35840     5.23072
 1306    614     1.67577     0.35840     5.23072
  422    615    -2.59852     0.36225     5.21637
  423    615    -2.59369     0.36225     5.21637
  424    615    -2.58886     0.36225     5.21637
  425    615    -2.58403     0.36225     5.21637
  426    615    -2.57920     0.36225     5.21637
  427    615    -2.57437     0.36225     5.21637
  428    615    -2.56954     0.36225     5.21637
  429    615    -2.56471     0.36225     5.21637
  430    615    -2.55988     0.36225     5.21637
  431    615    -2.55505     0.36225     5.21637
  432    615    -2.55022     0.36225     5.21637
  433    615    -2.54539     0.36225     5.21637
  434    615    -2.54056     0.36225     5.21637
  435    615    -2.53573     0.36225     5.21637
  436    615    -2.53090     0.36225     5.21637
  437    615    -2.52607     0.36225     5.21637
  438    615    -2.52124     0.36225     5.21637
  439    615    -2.51641     0.36225     5.21637
  440    615    -2.51158     0.36225     5.21637
  441    615    -2.50675     0.36225     5.21637
  442    615    -2.50192     0.36225     5.21637
  443    615    -2.49709     0.36225     5.21637
  444    615    -2.49226     0.36225     5.21637
  445    615    -2.48743     0.36225     5.21637
 1268    615     1.48763     0.36225     5.21637
 1269    615     1.49246     0.36225     5.21637
 1272    615     1.50695     0.36225     5.21637
 1273    615     1.51178     0.36225     5.21637
 1301    615     1.64702     0.36225     5.21637
 1302    615     1.65185     0.36225     5.21637
 1306    615     1.67117     0.36225     5.21637
  423    616    -2.58660     0.36607     5.20209
  424    616    -2.58178     0.36607     5.20209
  425    616    -2.57696     0.36607     5.20209
  426    616    -2.57215     0.36607     5.20209
  427    616    -2.56733     0.36607     5.20209
  428    616    -2.56251     0.36607     5.20209
  429    616    -2.55770     0.36607     5.20209
  430    616    -2.55288     0.36607     5.20209
  431    616    -2.54806     0.36607     5.20209
  432    616    -2.54325     0.36607     5.20209
  433    616    -2.53843     0.36607     5.20209
  434    616    -2.53361     0.36607     5.20209
  435    616    -2.52879     0.36607     5.20209
  436    616    -2.52398     0.36607     5.20209
  437    616    -2.51916     0.36607     5.20209
  438    616    -2.51434     0.36607     5.20209
  439    616    -2.50953     0.36607     5.20209
  440    616    -2.50471     0.36607     5.20209
  441    616    -2.49989     0.36607     5.20209
  442    616    -2.49508     0.36607     5.20209
  443    616    -2.49026     0.36607     5.20209
  444    616    -2.48544     0.36607     5.20209
 1268    616     1.48356     0.36607     5.20209
 1269    616     1.48838     0.36607     5.20209
 1270    616     1.49319     0.36607     5.20209
 1272    616     1.50283     0.36607     5.20209
 1273    616     1.50764     0.36607     5.20209
 1274    616     1.51246     0.36607     5.20209
 1302    616     1.64733     0.36607     5.20209
 1303    616     1.65215     0.36607     5.20209
 1306    616     1.66660     0.36607     5.20209
 1307    616     1.67141     0.36607     5.20209
  432    617    -2.53630     0.36988     5.18789
  433    617    -2.53150     0.36988     5.18789
  434    617    -2.52670     0.36988     5.18789
  435    617    -2.52189     0.36988     5.18789
  436    617    -2.51709     0.36988     5.18789
  437    617    -2.51229     0.36988     5.18789
  438    617    -2.50748     0.36988     5.18789
  439    617    -2.50268     0.36988     5.18789
  440    617    -2.49787     0.36988     5.18789
  441    617    -2.49307     0.36988     5.18789
  442    617    -2.48827     0.36988     5.18789
  443    617    -2.48346     0.36988     5.18789
 1269    617     1.48431     0.36988     5.18789
 1270    617     1.48912     0.36988     5.18789
 1271    617     1.49392     0.36988     5.18789
 1273    617     1.50353     0.36988     5.18789
 1274    617     1.50833     0.36988     5.18789
 1275    617     1.51314     0.36988     5.18789
 1303    617     1.64764     0.36988     5.18789
 1304    617     1.65244     0.36988     5.18789
 1307    617     1.66685     0.36988     5.18789
  435    618    -2.51503     0.37366     5.17377
  436    618    -2.51024     0.37366     5.17377
  437    618    -2.50545     0.37366     5.17377
  438    618    -2.50066     0.37366     5.17377
  439    618    -2.49587     0.37366     5.17377
  440    618    -2.49108     0.37366     5.17377
  441    618    -2.48629     0.37366     5.17377
  442    618    -2.48149     0.37366     5.17377
 1269    618     1.48027     0.37366     5.17377
 1270    618     1.48506     0.37366     5.17377
 1271    618     1.48985     0.37366     5.17377
 1273    618     1.49944     0.37366     5.17377
 1274    618     1.50423     0.37366     5.17377
 1275    618     1.50902     0.37366     5.17377
 1304    618     1.64794     0.37366     5.17377
  438    619    -2.49387     0.37742     5.15973
  439    619    -2.48909     0.37742     5.15973
  440    619    -2.48431     0.37742     5.15973
 1270    619     1.48103     0.37742     5.15973
 1271    619     1.48581     0.37742     5.15973
 1272    619     1.49059     0.37742     5.15973
 1274    619     1.50014     0.37742     5.15973
 1275    619     1.50492     0.37742     5.15973
 1276    619     1.50970     0.37742     5.15973
 1271    620     1.48179     0.38117     5.14576
 1272    620     1.48655     0.38117     5.14576
 1273    620     1.49132     0.38117     5.14576
 1275    620     1.50085     0.38117     5.14576
 1276    620     1.50561     0.38117     5.14576
 1309    620     1.66284     0.38117     5.14576
 1310    620     1.66761     0.38117     5.14576
 1271    621     1.47779     0.38489     5.13187
 1272    621     1.48254     0.38489     5.13187
 1273    621     1.48729     0.38489     5.13187
 1274    621     1.49204     0.38489     5.13187
 1275    621     1.49679     0.38489     5.13187
 1276    621     1.50155     0.38489     5.13187
 1306    621     1.64410     0.38489     5.13187
 1310    621     1.66310     0.38489     5.13187
 1272    622     1.47855     0.38859     5.11805
 1273    622     1.48329     0.38859     5.11805
 1274    622     1.48803     0.38859     5.11805
 1275    622     1.49276     0.38859     5.11805
 1307    622     1.64441     0.38859     5.11805
 1311    622     1.66337     0.38859     5.11805
 1273    623     1.47930     0.39228     5.10430
 1274    623     1.48403     0.39228     5.10430
 1308    623     1.64472     0.39228     5.10430
 1309    624     1.64503     0.39594     5.09063
 1378    627     1.95456     0.40681     5.05006
 1379    628     1.95404     0.41040     5.03668
 1282    629     1.49771     0.41396     5.02337
 1376    629     1.93493     0.41396     5.02337
 1380    629     1.95353     0.41396     5.02337
 1283    630     1.49840     0.41751     5.01013
 1377    630     1.93447     0.41751     5.01013
 1381    630     1.95302     0.41751     5.01013
 1280    631     1.48058     0.42104     4.99695
 1283    631     1.49446     0.42104     4.99695
 1284    631     1.49909     0.42104     4.99695
 1378    631     1.93401     0.42104     4.99695
 1382    631     1.95251     0.42104     4.99695
 1280    632     1.47670     0.42455     4.98385
 1281    632     1.48131     0.42455     4.98385
 1284    632     1.49516     0.42455     4.98385
 1285    632     1.49977     0.42455     4.98385
 1318    632     1.65205     0.42455     4.98385
 1379    632     1.93355     0.42455     4.98385
 1281    633     1.47744     0.42804     4.97082
 1285    633     1.49585     0.42804     4.97082
 1319    633     1.65234     0.42804     4.97082
 1380    633     1.93310     0.42804     4.97082
 1281    634     1.47358     0.43152     4.95785
 1282    634     1.47817     0.43152     4.95785
 1285    634     1.49195     0.43152     4.95785
 1316    634     1.63426     0.43152     4.95785
 1282    635     1.47433     0.43497     4.94495
 1283    635     1.47891     0.43497     4.94495
 1317    635     1.63458     0.43497     4.94495
 1386    636     1.94545     0.43841     4.93212
 1387    636     1.95002     0.43841     4.93212
 1387    637     1.94497     0.44183     4.91936
 1388    637     1.94952     0.44183     4.91936
 1384    638     1.92632     0.44523     4.90666
 1387    638     1.93995     0.44523     4.90666
 1388    638     1.94449     0.44523     4.90666
 1384    639     1.92136     0.44862     4.89403
 1385    639     1.92589     0.44862     4.89403
 1388    639     1.93948     0.44862     4.89403
 1385    640     1.92094     0.45199     4.88146
 1386    640     1.92546     0.45199     4.88146
 1387    640     1.92998     0.45199     4.88146
 1325    641     1.64553     0.45534     4.86895
 1325    642     1.64132     0.45867     4.85651
 1326    642     1.64582     0.45867     4.85651
 1323    643     1.62817     0.46199     4.84414
 1326    643     1.64162     0.46199     4.84414
 1327    643     1.64611     0.46199     4.84414
 1323    644     1.62403     0.46529     4.83182
 1327    644     1.64192     0.46529     4.83182
 1323    645     1.61991     0.46857     4.81957
 1324    645     1.62437     0.46857     4.81957
 1324    646     1.62027     0.47184     4.80738
 1325    646     1.62472     0.47184     4.80738
 1330    648     1.63868     0.47832     4.78319
 1331    649     1.63899     0.48154     4.77118
 1328    650     1.62166     0.48474     4.75923
 1332    650     1.63929     0.48474     4.75923
 1328    651     1.61761     0.48792     4.74735
 1329    651     1.62201     0.48792     4.74735
 1332    651     1.63520     0.48792     4.74735
 1329    652     1.61797     0.49109     4.73552
 1330    652     1.62235     0.49109     4.73552
 1330    653     1.61832     0.49424     4.72375
 1334    653     1.63582     0.49424     4.72375
 1334    654     1.63176     0.49738     4.71204
 1335    654     1.63613     0.49738     4.71204
 1332    655     1.61902     0.50050     4.70039
 1335    655     1.63208     0.50050     4.70039
 1336    655     1.63643     0.50050     4.70039
 1332    656     1.61503     0.50361     4.68879
 1336    656     1.63239     0.50361     4.68879
 1337    656     1.63674     0.50361     4.68879
 1332    657     1.61105     0.50670     4.67726
 1333    657     1.61539     0.50670     4.67726
 1337    657     1.63271     0.50670     4.67726
 1333    658     1.61142     0.50978     4.66577
 1334    658     1.61574     0.50978     4.66577
 1337    658     1.62870     0.50978     4.66577
 1338    658     1.63302     0.50978     4.66577
 1402    658     1.90951     0.50978     4.66577
 1403    658     1.91383     0.50978     4.66577
 1404    658     1.91815     0.50978     4.66577
 1405    658     1.92247     0.50978     4.66577
 1334    659     1.61178     0.51284     4.65435
 1335    659     1.61609     0.51284     4.65435
 1338    659     1.62902     0.51284     4.65435
 1339    659     1.63333     0.51284     4.65435
 1404    659     1.91345     0.51284     4.65435
 1405    659     1.91776     0.51284     4.65435
 1406    659     1.92207     0.51284     4.65435
 1335    660     1.61215     0.51589     4.64298
 1339    660     1.62934     0.51589     4.64298
 1340    660     1.63364     0.51589     4.64298
 1401    660     1.89588     0.51589     4.64298
 1402    660     1.90018     0.51589     4.64298
 1405    660     1.91308     0.51589     4.64298
 1406    660     1.91738     0.51589     4.64298
 1335    661     1.60822     0.51892     4.63167
 1336    661     1.61251     0.51892     4.63167
 1340    661     1.62966     0.51892     4.63167
 1402    661     1.89555     0.51892     4.63167
 1403    661     1.89984     0.51892     4.63167
 1406    661     1.91271     0.51892     4.63167
 1407    661     1.91700     0.51892     4.63167
 1336    662     1.60859     0.52193     4.62041
 1337    662     1.61286     0.52193     4.62041
 1340    662     1.62570     0.52193     4.62041
 1341    662     1.62998     0.52193     4.62041
 1402    662     1.89094     0.52193     4.62041
 1403    662     1.89522     0.52193     4.62041
 1404    662     1.89950     0.52193     4.62041
 1405    662     1.90378     0.52193     4.62041
 1406    662     1.90806     0.52193     4.62041
 1337    663     1.60895     0.52494     4.60920
 1338    663     1.61322     0.52494     4.60920
 1341    663     1.62602     0.52494     4.60920
 1342    663     1.63029     0.52494     4.60920
 1403    663     1.89063     0.52494     4.60920
 1404    663     1.89489     0.52494     4.60920
 1405    663     1.89916     0.52494     4.60920
 1406    663     1.90343     0.52494     4.60920
 1338    664     1.60932     0.52792     4.59805
 1342    664     1.62635     0.52792     4.59805
 1338    665     1.60544     0.53090     4.58696
 1339    665     1.60968     0.53090     4.58696
 1342    665     1.62242     0.53090     4.58696
 1339    666     1.60581     0.53386     4.57592
 1340    666     1.61004     0.53386     4.57592
 1340    667     1.60618     0.53680     4.56493
  385    668    -2.42458     0.53973     4.55399
  386    668    -2.42036     0.53973     4.55399
 1345    668     1.62341     0.53973     4.55399
  382    669    -2.43140     0.54265     4.54310
  383    669    -2.42720     0.54265     4.54310
  384    669    -2.42299     0.54265     4.54310
  385    669    -2.41878     0.54265     4.54310
  386    669    -2.41458     0.54265     4.54310
  387    669    -2.41037     0.54265     4.54310
  388    669    -2.40616     0.54265     4.54310
  379    670    -2.43819     0.54555     4.53227
  380    670    -2.43400     0.54555     4.53227
  381    670    -2.42980     0.54555     4.53227
  382    670    -2.42560     0.54555     4.53227
  383    670    -2.42141     0.54555     4.53227
  384    670    -2.41721     0.54555     4.53227
  385    670    -2.41301     0.54555     4.53227
  386    670    -2.40882     0.54555     4.53227
  387    670    -2.40462     0.54555     4.53227
  388    670    -2.40043     0.54555     4.53227
  389    670    -2.39623     0.54555     4.53227
 1343    670     1.60728     0.54555     4.53227
  371    671    -2.46589     0.54844     4.52149
  372    671    -2.46170     0.54844     4.52149
  373    671    -2.45751     0.54844     4.52149
  374    671    -2.45333     0.54844     4.52149
  375    671    -2.44914     0.54844     4.52149
  376    671    -2.44495     0.54844     4.52149
  377    671    -2.44077     0.54844     4.52149
  378    671    -2.43658     0.54844     4.52149
  379    671    -2.43239     0.54844     4.52149
  380    671    -2.42821     0.54844     4.52149
  381    671    -2.42402     0.54844     4.52149
  382    671    -2.41983     0.54844     4.52149
  383    671    -2.41565     0.54844     4.52149
  384    671    -2.41146     0.54844     4.52149
  385    671    -2.40727     0.54844     4.52149
  386    671    -2.40309     0.54844     4.52149
  387    671    -2.39890     0.54844     4.52149
  388    671    -2.39471     0.54844     4.52149
  389    671    -2.39053     0.54844     4.52149
  368    672    -2.47256     0.55132     4.51076
  369    672    -2.46839     0.55132     4.51076
  370    672    -2.46421     0.55132     4.51076
  371    672    -2.46003     0.55132     4.51076
  372    672    -2.45586     0.55132     4.51076
  373    672    -2.45168     0.55132     4.51076
  374    672    -2.44750     0.55132     4.51076
  375    672    -2.44333     0.55132     4.51076
  376    672    -2.43915     0.55132     4.51076
  377    672    -2.43497     0.55132     4.51076
  378    672    -2.43080     0.55132     4.51076
  379    672    -2.42662     0.55132     4.51076
  380    672    -2.42245     0.55132     4.51076
  381    672    -2.41827     0.55132     4.51076
  382    672    -2.41409     0.55132     4.51076
  383    672    -2.40992     0.55132     4.51076
  384    672    -2.40574     0.55132     4.51076
  385    672    -2.40156     0.55132     4.51076
  386    672    -2.39739     0.55132     4.51076
  387    672    -2.39321     0.55132     4.51076
  388    672    -2.38903     0.55132     4.51076
  389    672    -2.38486     0.55132     4.51076
  361    673    -2.49588     0.55418     4.50008
  367    673    -2.47088     0.55418     4.50008
  368    673    -2.46671     0.55418     4.50008
  369    673    -2.46254     0.55418     4.50008
  370    673    -2.45838     0.55418     4.50008
  371    673    -2.45421     0.55418     4.50008
  372    673    -2.45004     0.55418     4.50008
  373    673    -2.44588     0.55418     4.50008
  374    673    -2.44171     0.55418     4.50008
  375    673    -2.43754     0.55418     4.50008
  376    673    -2.43338     0.55418     4.50008
  377    673    -2.42921     0.55418     4.50008
  378    673    -2.42504     0.55418     4.50008
  379    673    -2.42088     0.55418     4.50008
  380    673    -2.41671     0.55418     4.50008
  381    673    -2.41254     0.55418     4.50008
  382    673    -2.40838     0.55418     4.50008
  383    673    -2.40421     0.55418     4.50008
  384    673    -2.40004     0.55418     4.50008
  385    673    -2.39588     0.55418     4.50008
  386    673    -2.39171     0.55418     4.50008
  387    673    -2.38754     0.55418     4.50008
  388    673    -2.38338     0.55418     4.50008
  389    673    -2.37921     0.55418     4.50008
  360    674    -2.49414     0.55702     4.48945
  361    674    -2.48998     0.55702     4.48945
  367    674    -2.46504     0.55702     4.48945
  368    674    -2.46088     0.55702     4.48945
  369    674    -2.45673     0.55702     4.48945
  370    674    -2.45257     0.55702     4.48945
  371    674    -2.44841     0.55702     4.48945
  372    674    -2.44426     0.55702     4.48945
  373    674    -2.44010     0.55702     4.48945
  374    674    -2.43594     0.55702     4.48945
  375    674    -2.43179     0.55702     4.48945
  376    674    -2.42763     0.55702     4.48945
  377    674    -2.42347     0.55702     4.48945
  378    674    -2.41932     0.55702     4.48945
  379    674    -2.41516     0.55702     4.48945
  380    674    -2.41100     0.55702     4.48945
  381    674    -2.40684     0.55702     4.48945
  382    674    -2.40269     0.55702     4.48945
  383    674    -2.39853     0.55702     4.48945
  386    674    -2.38606     0.55702     4.48945
  387    674    -2.38190     0.55702     4.48945
  388    674    -2.37775     0.55702     4.48945
  389    674    -2.37359     0.55702     4.48945
  390    674    -2.36943     0.55702     4.48945
  359    675    -2.49241     0.55986     4.47887
  360    675    -2.48826     0.55986     4.47887
  366    675    -2.46338     0.55986     4.47887
  367    675    -2.45923     0.55986     4.47887
  368    675    -2.45509     0.55986     4.47887
  369    675    -2.45094     0.55986     4.47887
  370    675    -2.44679     0.55986     4.47887
  371    675    -2.44264     0.55986     4.47887
  372    675    -2.43850     0.55986     4.47887
  373    675    -2.43435     0.55986     4.47887
  374    675    -2.43020     0.55986     4.47887
  375    675    -2.42606     0.55986     4.47887
  376    675    -2.42191     0.55986     4.47887
  377    675    -2.41776     0.55986     4.47887
  378    675    -2.41361     0.55986     4.47887
  379    675    -2.40947     0.55986     4.47887
  380    675    -2.40532     0.55986     4.47887
  385    675    -2.38459     0.55986     4.47887
  386    675    -2.38044     0.55986     4.47887
  387    675    -2.37629     0.55986     4.47887
  388    675    -2.37214     0.55986     4.47887
  389    675    -2.36800     0.55986     4.47887
  390    675    -2.36385     0.55986     4.47887
  357    676    -2.49483     0.56268     4.46834
  358    676    -2.49069     0.56268     4.46834
  359    676    -2.48655     0.56268     4.46834
  365    676    -2.46173     0.56268     4.46834
  366    676    -2.45759     0.56268     4.46834
  367    676    -2.45345     0.56268     4.46834
  368    676    -2.44931     0.56268     4.46834
  369    676    -2.44518     0.56268     4.46834
  370    676    -2.44104     0.56268     4.46834
  384    676    -2.38312     0.56268     4.46834
  385    676    -2.37898     0.56268     4.46834
  386    676    -2.37484     0.56268     4.46834
  387    676    -2.37070     0.56268     4.46834
  388    676    -2.36657     0.56268     4.46834
  389    676    -2.36243     0.56268     4.46834
  390    676    -2.35829     0.56268     4.46834
  355    677    -2.49723     0.56549     4.45786
  356    677    -2.49310     0.56549     4.45786
  357    677    -2.48897     0.56549     4.45786
  358    677    -2.48485     0.56549     4.45786
  359    677    -2.48072     0.56549     4.45786
  362    677    -2.46834     0.56549     4.45786
  365    677    -2.45595     0.56549     4.45786
  366    677    -2.45183     0.56549     4.45786
  367    677    -2.44770     0.56549     4.45786
  368    677    -2.44357     0.56549     4.45786
  369    677    -2.43944     0.56549     4.45786
  383    677    -2.38166     0.56549     4.45786
  384    677    -2.37753     0.56549     4.45786
  385    677    -2.37340     0.56549     4.45786
  386    677    -2.36927     0.56549     4.45786
  387    677    -2.36514     0.56549     4.45786
  388    677    -2.36102     0.56549     4.45786
  389    677    -2.35689     0.56549     4.45786
  354    678    -2.49550     0.56828     4.44743
  355    678    -2.49139     0.56828     4.44743
  356    678    -2.48727     0.56828     4.44743
  357    678    -2.48315     0.56828     4.44743
  358    678    -2.47903     0.56828     4.44743
  359    678    -2.47491     0.56828     4.44743
  360    678    -2.47080     0.56828     4.44743
  361    678    -2.46668     0.56828     4.44743
  362    678    -2.46256     0.56828     4.44743
  365    678    -2.45021     0.56828     4.44743
  366    678    -2.44609     0.56828     4.44743
  367    678    -2.44197     0.56828     4.44743
  368    678    -2.43785     0.56828     4.44743
  369    678    -2.43373     0.56828     4.44743
  370    678    -2.42962     0.56828     4.44743
  371    678    -2.42550     0.56828     4.44743
  372    678    -2.42138     0.56828     4.44743
  373    678    -2.41726     0.56828     4.44743
  374    678    -2.41314     0.56828     4.44743
  375    678    -2.40903     0.56828     4.44743
  376    678    -2.40491     0.56828     4.44743
  377    678    -2.40079     0.56828     4.44743
  378    678    -2.39667     0.56828     4.44743
  379    678    -2.39255     0.56828     4.44743
  380    678    -2.38844     0.56828     4.44743
  381    678    -2.38432     0.56828     4.44743
  382    678    -2.38020     0.56828     4.44743
  383    678    -2.37608     0.56828     4.44743
  384    678    -2.37196     0.56828     4.44743
  385    678    -2.36785     0.56828     4.44743
  386    678    -2.36373     0.56828     4.44743
  387    678    -2.35961     0.56828     4.44743
  388    678    -2.35549     0.56828     4.44743
  389    678    -2.35137     0.56828     4.44743
 1316    678     1.46601     0.56828     4.44743
 1352    678     1.61425     0.56828     4.44743
 1353    678     1.61837     0.56828     4.44743
  353    679    -2.49379     0.57107     4.43705
  354    679    -2.48968     0.57107     4.43705
  355    679    -2.48557     0.57107     4.43705
  356    679    -2.48146     0.57107     4.43705
  357    679    -2.47735     0.57107     4.43705
  358    679    -2.47325     0.57107     4.43705
  359    679    -2.46914     0.57107     4.43705
  360    679    -2.46503     0.57107     4.43705
  361    679    -2.46092     0.57107     4.43705
  362    679    -2.45681     0.57107     4.43705
  364    679    -2.44860     0.57107     4.43705
  365    679    -2.44449     0.57107     4.43705
  366    679    -2.44038     0.57107     4.43705
  367    679    -2.43627     0.57107     4.43705
  368    679    -2.43216     0.57107     4.43705
  369    679    -2.42805     0.57107     4.43705
  370    679    -2.42395     0.57107     4.43705
  371    679    -2.41984     0.57107     4.43705
  372    679    -2.41573     0.57107     4.43705
  373    679    -2.41162     0.57107     4.43705
  374    679    -2.40751     0.57107     4.43705
  375    679    -2.40340     0.57107     4.43705
  376    679    -2.39929     0.57107     4.43705
  377    679    -2.39519     0.57107     4.43705
  378    679    -2.39108     0.57107     4.43705
  379    679    -2.38697     0.57107     4.43705
  380    679    -2.38286     0.57107     4.43705
  381    679    -2.37875     0.57107     4.43705
  382    679    -2.37464     0.57107     4.43705
  383    679    -2.37054     0.57107     4.43705
  384    679    -2.36643     0.57107     4.43705
  385    679    -2.36232     0.57107     4.43705
  386    679    -2.35821     0.57107     4.43705
  387    679    -2.35410     0.57107     4.43705
  388    679    -2.34999     0.57107     4.43705
 1317    679     1.46669     0.57107     4.43705
 1353    679     1.61459     0.57107     4.43705
 1354    679     1.61870     0.57107     4.43705
  352    680    -2.49208     0.57383     4.42672
  353    680    -2.48798     0.57383     4.42672
  354    680    -2.48388     0.57383     4.42672
  355    680    -2.47978     0.57383     4.42672
  356    680    -2.47568     0.57383     4.42672
  357    680    -2.47158     0.57383     4.42672
  358    680    -2.46749     0.57383     4.42672
  359    680    -2.46339     0.57383     4.42672
  360    680    -2.45929     0.57383     4.42672
  361    680    -2.45519     0.57383     4.42672
  362    680    -2.45109     0.57383     4.42672
  364    680    -2.44289     0.57383     4.42672
  365    680    -2.43879     0.57383     4.42672
  366    680    -2.43470     0.57383     4.42672
  367    680    -2.43060     0.57383     4.42672
  368    680    -2.42650     0.57383     4.42672
  369    680    -2.42240     0.57383     4.42672
  370    680    -2.41830     0.57383     4.42672
  371    680    -2.41420     0.57383     4.42672
  372    680    -2.41010     0.57383     4.42672
  373    680    -2.40600     0.57383     4.42672
  374    680    -2.40190     0.57383     4.42672
  375    680    -2.39781     0.57383     4.42672
  376    680    -2.39371     0.57383     4.42672
  377    680    -2.38961     0.57383     4.42672
  378    680    -2.38551     0.57383     4.42672
  379    680    -2.38141     0.57383     4.42672
  380    680    -2.37731     0.57383     4.42672
  381    680    -2.37321     0.57383     4.42672
  382    680    -2.36911     0.57383     4.42672
  383    680    -2.36502     0.57383     4.42672
  384    680    -2.36092     0.57383     4.42672
  385    680    -2.35682     0.57383     4.42672
  386    680    -2.35272     0.57383     4.42672
  387    680    -2.34862     0.57383     4.42672
 1314    680     1.45098     0.57383     4.42672
 1317    680     1.46328     0.57383     4.42672
 1318    680     1.46738     0.57383     4.42672
 1350    680     1.59854     0.57383     4.42672
 1354    680     1.61493     0.57383     4.42672
 1355    680     1.61903     0.57383     4.42672
  351    681    -2.49038     0.57659     4.41643
  352    681    -2.48629     0.57659     4.41643
  353    681    -2.48220     0.57659     4.41643
  354    681    -2.47811     0.57659     4.41643
  355    681    -2.47402     0.57659     4.41643
  356    681    -2.46993     0.57659     4.41643
  357    681    -2.46584     0.57659     4.41643
  358    681    -2.46175     0.57659     4.41643
  359    681    -2.45766     0.57659     4.41643
  360    681    -2.45357     0.57659     4.41643
  361    681    -2.44948     0.57659     4.41643
  365    681    -2.43313     0.57659     4.41643
  366    681    -2.42904     0.57659     4.41643
  367    681    -2.42495     0.57659     4.41643
  368    681    -2.42086     0.57659     4.41643
  369    681    -2.41677     0.57659     4.41643
  370    681    -2.41268     0.57659     4.41643
  371    681    -2.40859     0.57659     4.41643
  372    681    -2.40450     0.57659     4.41643
  373    681    -2.40041     0.57659     4.41643
  374    681    -2.39632     0.57659     4.41643
  375    681    -2.39223     0.57659     4.41643
  376    681    -2.38815     0.57659     4.41643
  377    681    -2.38406     0.57659     4.41643
  378    681    -2.37997     0.57659     4.41643
  379    681    -2.37588     0.57659     4.41643
  380    681    -2.37179     0.57659     4.41643
  381    681    -2.36770     0.57659     4.41643
  382    681    -2.36361     0.57659     4.41643
  383    681    -2.35952     0.57659     4.41643
  384    681    -2.35543     0.57659     4.41643
  385    681    -2.35134     0.57659     4.41643
  386    681    -2.34725     0.57659     4.41643
 1314    681     1.44761     0.57659     4.41643
 1315    681     1.45170     0.57659     4.41643
 1318    681     1.46397     0.57659     4.41643
 1351    681     1.59891     0.57659     4.41643
 1355    681     1.61527     0.57659     4.41643
  350    682    -2.48868     0.57933     4.40620
  351    682    -2.48460     0.57933     4.40620
  352    682    -2.48052     0.57933     4.40620
  353    682    -2.47644     0.57933     4.40620
  354    682    -2.47237     0.57933     4.40620
  355    682    -2.46829     0.57933     4.40620
  356    682    -2.46421     0.57933     4.40620
  357    682    -2.46013     0.57933     4.40620
  358    682    -2.45605     0.57933     4.40620
  359    682    -2.45197     0.57933     4.40620
  360    682    -2.44789     0.57933     4.40620
  361    682    -2.44381     0.57933     4.40620
  367    682    -2.41933     0.57933     4.40620
  368    682    -2.41525     0.57933     4.40620
  369    682    -2.41117     0.57933     4.40620
  378    682    -2.37445     0.57933     4.40620
  379    682    -2.37037     0.57933     4.40620
  380    682    -2.36629     0.57933     4.40620
  381    682    -2.36221     0.57933     4.40620
  382    682    -2.35813     0.57933     4.40620
  383    682    -2.35405     0.57933     4.40620
  384    682    -2.34997     0.57933     4.40620
  385    682    -2.34589     0.57933     4.40620
 1315    682     1.44833     0.57933     4.40620
 1319    682     1.46465     0.57933     4.40620
 1351    682     1.59521     0.57933     4.40620
 1352    682     1.59929     0.57933     4.40620
 1355    682     1.61153     0.57933     4.40620
 1356    682     1.61560     0.57933     4.40620
  349    683    -2.48700     0.58206     4.39600
  350    683    -2.48293     0.58206     4.39600
  351    683    -2.47886     0.58206     4.39600
  352    683    -2.47479     0.58206     4.39600
  353    683    -2.47072     0.58206     4.39600
  354    683    -2.46665     0.58206     4.39600
  355    683    -2.46258     0.58206     4.39600
  356    683    -2.45851     0.58206     4.39600
  357    683    -2.45444     0.58206     4.39600
  358    683    -2.45037     0.58206     4.39600
  359    683    -2.44630     0.58206     4.39600
  360    683    -2.44222     0.58206     4.39600
  363    683    -2.43001     0.58206     4.39600
  364    683    -2.42594     0.58206     4.39600
  365    683    -2.42187     0.58206     4.39600
  377    683    -2.37303     0.58206     4.39600
  378    683    -2.36896     0.58206     4.39600
  381    683    -2.35675     0.58206     4.39600
  382    683    -2.35268     0.58206     4.39600
  383    683    -2.34861     0.58206     4.39600
  384    683    -2.34454     0.58206     4.39600
 1316    683     1.44905     0.58206     4.39600
 1352    683     1.59559     0.58206     4.39600
 1353    683     1.59966     0.58206     4.39600
 1356    683     1.61187     0.58206     4.39600
  348    684    -2.48532     0.58478     4.38586
  349    684    -2.48126     0.58478     4.38586
  350    684    -2.47720     0.58478     4.38586
  351    684    -2.47314     0.58478     4.38586
  352    684    -2.46908     0.58478     4.38586
  353    684    -2.46502     0.58478     4.38586
  354    684    -2.46096     0.58478     4.38586
  356    684    -2.45283     0.58478     4.38586
  357    684    -2.44877     0.58478     4.38586
  358    684    -2.44471     0.58478     4.38586
  359    684    -2.44065     0.58478     4.38586
  360    684    -2.43659     0.58478     4.38586
  362    684    -2.42847     0.58478     4.38586
  363    684    -2.42441     0.58478     4.38586
  364    684    -2.42035     0.58478     4.38586
  365    684    -2.41628     0.58478     4.38586
  366    684    -2.41222     0.58478     4.38586
  369    684    -2.40004     0.58478     4.38586
  370    684    -2.39598     0.58478     4.38586
  371    684    -2.39192     0.58478     4.38586
  372    684    -2.38786     0.58478     4.38586
  373    684    -2.38380     0.58478     4.38586
  374    684    -2.37974     0.58478     4.38586
  376    684    -2.37161     0.58478     4.38586
  377    684    -2.36755     0.58478     4.38586
  378    684    -2.36349     0.58478     4.38586
  380    684    -2.35537     0.58478     4.38586
  381    684    -2.35131     0.58478     4.38586
  382    684    -2.34725     0.58478     4.38586
  383    684    -2.34319     0.58478     4.38586
 1317    684     1.44977     0.58478     4.38586
 1353    684     1.59597     0.58478     4.38586
  347    685    -2.48365     0.58749     4.37576
  348    685    -2.47960     0.58749     4.37576
  349    685    -2.47555     0.58749     4.37576
  350    685    -2.47150     0.58749     4.37576
  351    685    -2.46745     0.58749     4.37576
  352    685    -2.46339     0.58749     4.37576
  353    685    -2.45934     0.58749     4.37576
  354    685    -2.45529     0.58749     4.37576
  356    685    -2.44719     0.58749     4.37576
  357    685    -2.44314     0.58749     4.37576
  358    685    -2.43908     0.58749     4.37576
  359    685    -2.43503     0.58749     4.37576
  360    685    -2.43098     0.58749     4.37576
  361    685    -2.42693     0.58749     4.37576
  362    685    -2.42288     0.58749     4.37576
  363    685    -2.41883     0.58749     4.37576
  364    685    -2.41477     0.58749     4.37576
  365    685    -2.41072     0.58749     4.37576
  366    685    -2.40667     0.58749     4.37576
  368    685    -2.39857     0.58749     4.37576
  369    685    -2.39452     0.58749     4.37576
  370    685    -2.39046     0.58749     4.37576
  371    685    -2.38641     0.58749     4.37576
  372    685    -2.38236     0.58749     4.37576
  373    685    -2.37831     0.58749     4.37576
  374    685    -2.37426     0.58749     4.37576
  375    685    -2.37021     0.58749     4.37576
  376    685    -2.36615     0.58749     4.37576
  379    685    -2.35400     0.58749     4.37576
  380    685    -2.34995     0.58749     4.37576
  381    685    -2.34590     0.58749     4.37576
 1354    685     1.59634     0.58749     4.37576
  346    686    -2.48199     0.59018     4.36571
  347    686    -2.47795     0.59018     4.36571
  348    686    -2.47390     0.59018     4.36571
  349    686    -2.46986     0.59018     4.36571
  350    686    -2.46582     0.59018     4.36571
  351    686    -2.46178     0.59018     4.36571
  352    686    -2.45774     0.59018     4.36571
  353    686    -2.45369     0.59018     4.36571
  356    686    -2.44157     0.59018     4.36571
  357    686    -2.43752     0.59018     4.36571
  358    686    -2.43348     0.59018     4.36571
  359    686    -2.42944     0.59018     4.36571
  360    686    -2.42540     0.59018     4.36571
  361    686    -2.42135     0.59018     4.36571
  362    686    -2.41731     0.59018     4.36571
  365    686    -2.40519     0.59018     4.36571
  366    686    -2.40114     0.59018     4.36571
  368    686    -2.39306     0.59018     4.36571
  369    686    -2.38902     0.59018     4.36571
  370    686    -2.38497     0.59018     4.36571
  371    686    -2.38093     0.59018     4.36571
  372    686    -2.37689     0.59018     4.36571
  373    686    -2.37285     0.59018     4.36571
  374    686    -2.36880     0.59018     4.36571
  375    686    -2.36476     0.59018     4.36571
  379    686    -2.34859     0.59018     4.36571
  380    686    -2.34455     0.59018     4.36571
  345    687    -2.48033     0.59286     4.35571
  346    687    -2.47630     0.59286     4.35571
  347    687    -2.47227     0.59286     4.35571
  348    687    -2.46824     0.59286     4.35571
  349    687    -2.46420     0.59286     4.35571
  350    687    -2.46017     0.59286     4.35571
  351    687    -2.45614     0.59286     4.35571
  352    687    -2.45210     0.59286     4.35571
  356    687    -2.43597     0.59286     4.35571
  357    687    -2.43194     0.59286     4.35571
  358    687    -2.42791     0.59286     4.35571
  359    687    -2.42387     0.59286     4.35571
  360    687    -2.41984     0.59286     4.35571
  361    687    -2.41581     0.59286     4.35571
  364    687    -2.40371     0.59286     4.35571
  365    687    -2.39967     0.59286     4.35571
  366    687    -2.39564     0.59286     4.35571
  368    687    -2.38757     0.59286     4.35571
  369    687    -2.38354     0.59286     4.35571
  370    687    -2.37951     0.59286     4.35571
  371    687    -2.37548     0.59286     4.35571
  373    687    -2.36741     0.59286     4.35571
  374    687    -2.36338     0.59286     4.35571
  375    687    -2.35934     0.59286     4.35571
  376    687    -2.35531     0.59286     4.35571
  378    687    -2.34724     0.59286     4.35571
  379    687    -2.34321     0.59286     4.35571
 1359    687     1.60919     0.59286     4.35571
  345    688    -2.47466     0.59553     4.34575
  346    688    -2.47064     0.59553     4.34575
  347    688    -2.46662     0.59553     4.34575
  348    688    -2.46259     0.59553     4.34575
  349    688    -2.45857     0.59553     4.34575
  350    688    -2.45454     0.59553     4.34575
  351    688    -2.45052     0.59553     4.34575
  357    688    -2.42638     0.59553     4.34575
  358    688    -2.42235     0.59553     4.34575
  359    688    -2.41833     0.59553     4.34575
  360    688    -2.41431     0.59553     4.34575
  361    688    -2.41028     0.59553     4.34575
  362    688    -2.40626     0.59553     4.34575
  363    688    -2.40223     0.59553     4.34575
  364    688    -2.39821     0.59553     4.34575
  365    688    -2.39419     0.59553     4.34575
  366    688    -2.39016     0.59553     4.34575
  368    688    -2.38212     0.59553     4.34575
  369    688    -2.37809     0.59553     4.34575
  370    688    -2.37407     0.59553     4.34575
  371    688    -2.37004     0.59553     4.34575
  372    688    -2.36602     0.59553     4.34575
  374    688    -2.35797     0.59553     4.34575
  375    688    -2.35395     0.59553     4.34575
  376    688    -2.34992     0.59553     4.34575
  377    688    -2.34590     0.59553     4.34575
  378    688    -2.34188     0.59553     4.34575
 1360    688     1.60954     0.59553     4.34575
  344    689    -2.47303     0.59819     4.33584
  345    689    -2.46902     0.59819     4.33584
  346    689    -2.46500     0.59819     4.33584
  347    689    -2.46099     0.59819     4.33584
  348    689    -2.45698     0.59819     4.33584
  349    689    -2.45296     0.59819     4.33584
  350    689    -2.44895     0.59819     4.33584
  356    689    -2.42486     0.59819     4.33584
  357    689    -2.42084     0.59819     4.33584
  358    689    -2.41683     0.59819     4.33584
  359    689    -2.41281     0.59819     4.33584
  360    689    -2.40880     0.59819     4.33584
  361    689    -2.40478     0.59819     4.33584
  362    689    -2.40077     0.59819     4.33584
  363    689    -2.39676     0.59819     4.33584
  364    689    -2.39274     0.59819     4.33584
  368    689    -2.37668     0.59819     4.33584
  369    689    -2.37267     0.59819     4.33584
  370    689    -2.36865     0.59819     4.33584
  371    689    -2.36464     0.59819     4.33584
  372    689    -2.36062     0.59819     4.33584
  374    689    -2.35259     0.59819     4.33584
  375    689    -2.34858     0.59819     4.33584
  376    689    -2.34456     0.59819     4.33584
  377    689    -2.34055     0.59819     4.33584
  378    689    -2.33654     0.59819     4.33584
 1357    689     1.59382     0.59819     4.33584
 1360    689     1.60587     0.59819     4.33584
 1361    689     1.60988     0.59819     4.33584
  343    690    -2.47141     0.60083     4.32597
  344    690    -2.46741     0.60083     4.32597
  345    690    -2.46340     0.60083     4.32597
  346    690    -2.45939     0.60083     4.32597
  347    690    -2.45539     0.60083     4.32597
  348    690    -2.45138     0.60083     4.32597
  349    690    -2.44738     0.60083     4.32597
  355    690    -2.42334     0.60083     4.32597
  356    690    -2.41934     0.60083     4.32597
  357    690    -2.41533     0.60083     4.32597
  358    690    -2.41133     0.60083     4.32597
  359    690    -2.40732     0.60083     4.32597
  360    690    -2.40332     0.60083     4.32597
  361    690    -2.39931     0.60083     4.32597
  362    690    -2.39531     0.60083     4.32597
  363    690    -2.39130     0.60083     4.32597
  369    690    -2.36727     0.60083     4.32597
  370    690    -2.36326     0.60083     4.32597
  371    690    -2.35926     0.60083     4.32597
  372    690    -2.35525     0.60083     4.32597
  373    690    -2.35125     0.60083     4.32597
  374    690    -2.34724     0.60083     4.32597
  375    690    -2.34323     0.60083     4.32597
  376    690    -2.33923     0.60083     4.32597
  377    690    -2.33522     0.60083     4.32597
 1357    690     1.59019     0.60083     4.32597
 1358    690     1.59420     0.60083     4.32597
 1361    690     1.60622     0.60083     4.32597
 1362    690     1.61022     0.60083     4.32597
  342    691    -2.46980     0.60346     4.31615
  343    691    -2.46580     0.60346     4.31615
  344    691    -2.46180     0.60346     4.31615
  345    691    -2.45781     0.60346     4.31615
  346    691    -2.45381     0.60346     4.31615
  347    691    -2.44981     0.60346     4.31615
  348    691    -2.44582     0.60346     4.31615
  354    691    -2.42184     0.60346     4.31615
  355    691    -2.41784     0.60346     4.31615
  356    691    -2.41385     0.60346     4.31615
  357    691    -2.40985     0.60346     4.31615
  358    691    -2.40585     0.60346     4.31615
  359    691    -2.40186     0.60346     4.31615
  360    691    -2.39786     0.60346     4.31615
  361    691    -2.39386     0.60346     4.31615
  362    691    -2.38987     0.60346     4.31615
  370    691    -2.35790     0.60346     4.31615
  371    691    -2.35390     0.60346     4.31615
  372    691    -2.34990     0.60346     4.31615
  373    691    -2.34591     0.60346     4.31615
  374    691    -2.34191     0.60346     4.31615
  375    691    -2.33791     0.60346     4.31615
  376    691    -2.33392     0.60346     4.31615
 1358    691     1.59058     0.60346     4.31615
 1361    691     1.60257     0.60346     4.31615
 1362    691     1.60657     0.60346     4.31615
 1363    691     1.61056     0.60346     4.31615
  341    692    -2.46819     0.60608     4.30637
  342    692    -2.46420     0.60608     4.30637
  343    692    -2.46021     0.60608     4.30637
  344    692    -2.45623     0.60608     4.30637
  345    692    -2.45224     0.60608     4.30637
  346    692    -2.44825     0.60608     4.30637
  347    692    -2.44426     0.60608     4.30637
  354    692    -2.41635     0.60608     4.30637
  355    692    -2.41236     0.60608     4.30637
  356    692    -2.40838     0.60608     4.30637
  357    692    -2.40439     0.60608     4.30637
  358    692    -2.40040     0.60608     4.30637
  359    692    -2.39641     0.60608     4.30637
  360    692    -2.39243     0.60608     4.30637
  361    692    -2.38844     0.60608     4.30637
  370    692    -2.35255     0.60608     4.30637
  371    692    -2.34857     0.60608     4.30637
  372    692    -2.34458     0.60608     4.30637
  373    692    -2.34059     0.60608     4.30637
  374    692    -2.33660     0.60608     4.30637
  375    692    -2.33262     0.60608     4.30637
  376    692    -2.32863     0.60608     4.30637
 1358    692     1.58698     0.60608     4.30637
 1359    692     1.59096     0.60608     4.30637
 1362    692     1.60293     0.60608     4.30637
 1363    692     1.60691     0.60608     4.30637
 1364    692     1.61090     0.60608     4.30637
  340    693    -2.46659     0.60869     4.29663
  341    693    -2.46261     0.60869     4.29663
  342    693    -2.45863     0.60869     4.29663
  343    693    -2.45465     0.60869     4.29663
  344    693    -2.45067     0.60869     4.29663
  345    693    -2.44669     0.60869     4.29663
  346    693    -2.44272     0.60869     4.29663
  353    693    -2.41487     0.60869     4.29663
  354    693    -2.41089     0.60869     4.29663
  355    693    -2.40691     0.60869     4.29663
  356    693    -2.40293     0.60869     4.29663
  357    693    -2.39895     0.60869     4.29663
  358    693    -2.39498     0.60869     4.29663
  359    693    -2.39100     0.60869     4.29663
  371    693    -2.34326     0.60869     4.29663
  372    693    -2.33928     0.60869     4.29663
  373    693    -2.33530     0.60869     4.29663
  374    693    -2.33132     0.60869     4.29663
 1359    693     1.58737     0.60869     4.29663
 1360    693     1.59135     0.60869     4.29663
 1363    693     1.60328     0.60869     4.29663
 1364    693     1.60726     0.60869     4.29663
  339    694    -2.46499     0.61129     4.28694
  340    694    -2.46102     0.61129     4.28694
  341    694    -2.45705     0.61129     4.28694
  342    694    -2.45308     0.61129     4.28694
  343    694    -2.44912     0.61129     4.28694
  344    694    -2.44515     0.61129     4.28694
  345    694    -2.44118     0.61129     4.28694
  353    694    -2.40942     0.61129     4.28694
  354    694    -2.40545     0.61129     4.28694
  355    694    -2.40148     0.61129     4.28694
  356    694    -2.39751     0.61129     4.28694
  357    694    -2.39354     0.61129     4.28694
  358    694    -2.38957     0.61129     4.28694
 1359    694     1.58379     0.61129     4.28694
 1360    694     1.58776     0.61129     4.28694
 1361    694     1.59173     0.61129     4.28694
 1364    694     1.60363     0.61129     4.28694
 1365    694     1.60760     0.61129     4.28694
  338    695    -2.46341     0.61387     4.27730
  339    695    -2.45945     0.61387     4.27730
  340    695    -2.45549     0.61387     4.27730
  341    695    -2.45152     0.61387     4.27730
  342    695    -2.44756     0.61387     4.27730
  343    695    -2.44360     0.61387     4.27730
  344    695    -2.43964     0.61387     4.27730
  353    695    -2.40400     0.61387     4.27730
  354    695    -2.40004     0.61387     4.27730
  355    695    -2.39608     0.61387     4.27730
  356    695    -2.39212     0.61387     4.27730
  357    695    -2.38816     0.61387     4.27730
  358    695    -2.38420     0.61387     4.27730
  363    695    -2.36439     0.61387     4.27730
  364    695    -2.36043     0.61387     4.27730
  365    695    -2.35647     0.61387     4.27730
  366    695    -2.35251     0.61387     4.27730
 1360    695     1.58418     0.61387     4.27730
 1361    695     1.58814     0.61387     4.27730
 1362    695     1.59210     0.61387     4.27730
 1364    695     1.60003     0.61387     4.27730
 1365    695     1.60399     0.61387     4.27730
  337    696    -2.46183     0.61644     4.26769
  338    696    -2.45788     0.61644     4.26769
  339    696    -2.45392     0.61644     4.26769
  340    696    -2.44997     0.61644     4.26769
  341    696    -2.44602     0.61644     4.26769
  342    696    -2.44207     0.61644     4.26769
  343    696    -2.43812     0.61644     4.26769
  353    696    -2.39860     0.61644     4.26769
  354    696    -2.39465     0.61644     4.26769
  355    696    -2.39070     0.61644     4.26769
  356    696    -2.38675     0.61644     4.26769
  357    696    -2.38280     0.61644     4.26769
  358    696    -2.37884     0.61644     4.26769
  362    696    -2.36304     0.61644     4.26769
  363    696    -2.35909     0.61644     4.26769
  364    696    -2.35513     0.61644     4.26769
  365    696    -2.35118     0.61644     4.26769
  366    696    -2.34723     0.61644     4.26769
  367    696    -2.34328     0.61644     4.26769
 1361    696     1.58458     0.61644     4.26769
 1362    696     1.58853     0.61644     4.26769
 1365    696     1.60038     0.61644     4.26769
 1366    696     1.60434     0.61644     4.26769
  336    697    -2.46025     0.61901     4.25813
  337    697    -2.45631     0.61901     4.25813
  338    697    -2.45237     0.61901     4.25813
  339    697    -2.44843     0.61901     4.25813
  340    697    -2.44448     0.61901     4.25813
  341    697    -2.44054     0.61901     4.25813
  342    697    -2.43660     0.61901     4.25813
  353    697    -2.39323     0.61901     4.25813
  354    697    -2.38929     0.61901     4.25813
  355    697    -2.38534     0.61901     4.25813
  356    697    -2.38140     0.61901     4.25813
  357    697    -2.37746     0.61901     4.25813
  361    697    -2.36169     0.61901     4.25813
  362    697    -2.35774     0.61901     4.25813
  363    697    -2.35380     0.61901     4.25813
  364    697    -2.34986     0.61901     4.25813
  365    697    -2.34592     0.61901     4.25813
  366    697    -2.34197     0.61901     4.25813
  367    697    -2.33803     0.61901     4.25813
 1362    697     1.58497     0.61901     4.25813
 1363    697     1.58891     0.61901     4.25813
 1366    697     1.60074     0.61901     4.25813
 1367    697     1.60469     0.61901     4.25813
  335    698    -2.45869     0.62156     4.24861
  336    698    -2.45476     0.62156     4.24861
  337    698    -2.45082     0.62156     4.24861
  338    698    -2.44689     0.62156     4.24861
  339    698    -2.44295     0.62156     4.24861
  340    698    -2.43902     0.62156     4.24861
  341    698    -2.43509     0.62156     4.24861
  353    698    -2.38788     0.62156     4.24861
  354    698    -2.38394     0.62156     4.24861
  355    698    -2.38001     0.62156     4.24861
  356    698    -2.37608     0.62156     4.24861
  357    698    -2.37214     0.62156     4.24861
  359    698    -2.36428     0.62156     4.24861
  360    698    -2.36034     0.62156     4.24861
  361    698    -2.35641     0.62156     4.24861
  362    698    -2.35247     0.62156     4.24861
  363    698    -2.34854     0.62156     4.24861
  364    698    -2.34461     0.62156     4.24861
  365    698    -2.34067     0.62156     4.24861
  366    698    -2.33674     0.62156     4.24861
  367    698    -2.33280     0.62156     4.24861
  368    698    -2.32887     0.62156     4.24861
 1363    698     1.58536     0.62156     4.24861
 1367    698     1.60110     0.62156     4.24861
  334    699    -2.45713     0.62410     4.23914
  335    699    -2.45321     0.62410     4.23914
  336    699    -2.44928     0.62410     4.23914
  337    699    -2.44536     0.62410     4.23914
  338    699    -2.44143     0.62410     4.23914
  339    699    -2.43751     0.62410     4.23914
  340    699    -2.43358     0.62410     4.23914
  352    699    -2.38648     0.62410     4.23914
  353    699    -2.38255     0.62410     4.23914
  354    699    -2.37863     0.62410     4.23914
  355    699    -2.37470     0.62410     4.23914
  356    699    -2.37078     0.62410     4.23914
  357    699    -2.36685     0.62410     4.23914
  358    699    -2.36293     0.62410     4.23914
  359    699    -2.35900     0.62410     4.23914
  360    699    -2.35508     0.62410     4.23914
  361    699    -2.35115     0.62410     4.23914
  362    699    -2.34723     0.62410     4.23914
  363    699    -2.34330     0.62410     4.23914
  364    699    -2.33938     0.62410     4.23914
  365    699    -2.33545     0.62410     4.23914
  366    699    -2.33153     0.62410     4.23914
  367    699    -2.32760     0.62410     4.23914
  368    699    -2.32368     0.62410     4.23914
 1363    699     1.58183     0.62410     4.23914
 1364    699     1.58575     0.62410     4.23914
  333    700    -2.45558     0.62662     4.22971
  334    700    -2.45166     0.62662     4.22971
  335    700    -2.44775     0.62662     4.22971
  336    700    -2.44383     0.62662     4.22971
  337    700    -2.43991     0.62662     4.22971
  338    700    -2.43600     0.62662     4.22971
  339    700    -2.43208     0.62662     4.22971
  352    700    -2.38117     0.62662     4.22971
  353    700    -2.37725     0.62662     4.22971
  354    700    -2.37334     0.62662     4.22971
  355    700    -2.36942     0.62662     4.22971
  356    700    -2.36550     0.62662     4.22971
  357    700    -2.36159     0.62662     4.22971
  358    700    -2.35767     0.62662     4.22971
  359    700    -2.35375     0.62662     4.22971
  360    700    -2.34984     0.62662     4.22971
  361    700    -2.34592     0.62662     4.22971
  362    700    -2.34200     0.62662     4.22971
  363    700    -2.33809     0.62662     4.22971
  364    700    -2.33417     0.62662     4.22971
  365    700    -2.33025     0.62662     4.22971
  366    700    -2.32634     0.62662     4.22971
  367    700    -2.32242     0.62662     4.22971
 1365    700     1.58614     0.62662     4.22971
  332    701    -2.45403     0.62914     4.22031
  333    701    -2.45013     0.62914     4.22031
  334    701    -2.44622     0.62914     4.22031
  335    701    -2.44231     0.62914     4.22031
  336    701    -2.43840     0.62914     4.22031
  337    701    -2.43450     0.62914     4.22031
  338    701    -2.43059     0.62914     4.22031
  351    701    -2.37979     0.62914     4.22031
  352    701    -2.37588     0.62914     4.22031
  353    701    -2.37197     0.62914     4.22031
  354    701    -2.36807     0.62914     4.22031
  355    701    -2.36416     0.62914     4.22031
  356    701    -2.36025     0.62914     4.22031
  357    701    -2.35634     0.62914     4.22031
  358    701    -2.35243     0.62914     4.22031
  359    701    -2.34853     0.62914     4.22031
  360    701    -2.34462     0.62914     4.22031
  361    701    -2.34071     0.62914     4.22031
  363    701    -2.33290     0.62914     4.22031
  364    701    -2.32899     0.62914     4.22031
  365    701    -2.32508     0.62914     4.22031
  366    701    -2.32117     0.62914     4.22031
  367    701    -2.31727     0.62914     4.22031
  331    702    -2.45250     0.63164     4.21097
  332    702    -2.44860     0.63164     4.21097
  333    702    -2.44470     0.63164     4.21097
  334    702    -2.44080     0.63164     4.21097
  335    702    -2.43690     0.63164     4.21097
  336    702    -2.43300     0.63164     4.21097
  337    702    -2.42910     0.63164     4.21097
  350    702    -2.37842     0.63164     4.21097
  351    702    -2.37452     0.63164     4.21097
  352    702    -2.37062     0.63164     4.21097
  353    702    -2.36672     0.63164     4.21097
  354    702    -2.36282     0.63164     4.21097
  356    702    -2.35502     0.63164     4.21097
  357    702    -2.35112     0.63164     4.21097
  358    702    -2.34722     0.63164     4.21097
  359    702    -2.34332     0.63164     4.21097
  360    702    -2.33943     0.63164     4.21097
  362    702    -2.33163     0.63164     4.21097
  363    702    -2.32773     0.63164     4.21097
  364    702    -2.32383     0.63164     4.21097
  365    702    -2.31993     0.63164     4.21097
  366    702    -2.31603     0.63164     4.21097
  330    703    -2.45097     0.63414     4.20166
  331    703    -2.44708     0.63414     4.20166
  332    703    -2.44319     0.63414     4.20166
  333    703    -2.43930     0.63414     4.20166
  334    703    -2.43540     0.63414     4.20166
  335    703    -2.43151     0.63414     4.20166
  336    703    -2.42762     0.63414     4.20166
  350    703    -2.37316     0.63414     4.20166
  351    703    -2.36927     0.63414     4.20166
  352    703    -2.36538     0.63414     4.20166
  355    703    -2.35371     0.63414     4.20166
  356    703    -2.34982     0.63414     4.20166
  357    703    -2.34593     0.63414     4.20166
  358    703    -2.34203     0.63414     4.20166
  359    703    -2.33814     0.63414     4.20166
  360    703    -2.33425     0.63414     4.20166
  361    703    -2.33036     0.63414     4.20166
  362    703    -2.32647     0.63414     4.20166
  363    703    -2.32258     0.63414     4.20166
  364    703    -2.31869     0.63414     4.20166
  365    703    -2.31480     0.63414     4.20166
  329    704    -2.44944     0.63662     4.19239
  330    704    -2.44556     0.63662     4.19239
  331    704    -2.44168     0.63662     4.19239
  332    704    -2.43780     0.63662     4.19239
  333    704    -2.43392     0.63662     4.19239
  334    704    -2.43003     0.63662     4.19239
  335    704    -2.42615     0.63662     4.19239
  350    704    -2.36792     0.63662     4.19239
  351    704    -2.36404     0.63662     4.19239
  352    704    -2.36016     0.63662     4.19239
  353    704    -2.35628     0.63662     4.19239
  354    704    -2.35240     0.63662     4.19239
  355    704    -2.34851     0.63662     4.19239
  356    704    -2.34463     0.63662     4.19239
  357    704    -2.34075     0.63662     4.19239
  358    704    -2.33687     0.63662     4.19239
  360    704    -2.32911     0.63662     4.19239
  361    704    -2.32522     0.63662     4.19239
  362    704    -2.32134     0.63662     4.19239
  363    704    -2.31746     0.63662     4.19239
  364    704    -2.31358     0.63662     4.19239
  365    704    -2.30970     0.63662     4.19239
  328    705    -2.44793     0.63909     4.18316
  329    705    -2.44405     0.63909     4.18316
  330    705    -2.44018     0.63909     4.18316
  331    705    -2.43631     0.63909     4.18316
  332    705    -2.43243     0.63909     4.18316
  333    705    -2.42856     0.63909     4.18316
  334    705    -2.42469     0.63909     4.18316
  350    705    -2.36271     0.63909     4.18316
  351    705    -2.35884     0.63909     4.18316
  352    705    -2.35497     0.63909     4.18316
  353    705    -2.35109     0.63909     4.18316
  354    705    -2.34722     0.63909     4.18316
  355    705    -2.34335     0.63909     4.18316
  356    705    -2.33947     0.63909     4.18316
  357    705    -2.33560     0.63909     4.18316
  359    705    -2.32785     0.63909     4.18316
  360    705    -2.32398     0.63909     4.18316
  361    705    -2.32011     0.63909     4.18316
  362    705    -2.31623     0.63909     4.18316
  363    705    -2.31236     0.63909     4.18316
  364    705    -2.30849     0.63909     4.18316
  328    706    -2.44255     0.64156     4.17398
  329    706    -2.43868     0.64156     4.17398
  330    706    -2.43482     0.64156     4.17398
  331    706    -2.43096     0.64156     4.17398
  332    706    -2.42709     0.64156     4.17398
  333    706    -2.42323     0.64156     4.17398
  351    706    -2.35366     0.64156     4.17398
  352    706    -2.34979     0.64156     4.17398
  353    706    -2.34593     0.64156     4.17398
  354    706    -2.34206     0.64156     4.17398
  355    706    -2.33820     0.64156     4.17398
  356    706    -2.33434     0.64156     4.17398
  358    706    -2.32661     0.64156     4.17398
  359    706    -2.32274     0.64156     4.17398
  360    706    -2.31888     0.64156     4.17398
  361    706    -2.31501     0.64156     4.17398
  362    706    -2.31115     0.64156     4.17398
  363    706    -2.30728     0.64156     4.17398
  364    706    -2.30342     0.64156     4.17398
  327    707    -2.44105     0.64401     4.16483
  328    707    -2.43720     0.64401     4.16483
  329    707    -2.43334     0.64401     4.16483
  330    707    -2.42948     0.64401     4.16483
  331    707    -2.42563     0.64401     4.16483
  332    707    -2.42177     0.64401     4.16483
  353    707    -2.34079     0.64401     4.16483
  354    707    -2.33693     0.64401     4.16483
  358    707    -2.32151     0.64401     4.16483
  359    707    -2.31765     0.64401     4.16483
  360    707    -2.31380     0.64401     4.16483
  361    707    -2.30994     0.64401     4.16483
  362    707    -2.30608     0.64401     4.16483
  363    707    -2.30223     0.64401     4.16483
  326    708    -2.43956     0.64645     4.15573
  327    708    -2.43572     0.64645     4.15573
  328    708    -2.43187     0.64645     4.15573
  329    708    -2.42802     0.64645     4.15573
  330    708    -2.42417     0.64645     4.15573
  331    708    -2.42033     0.64645     4.15573
  332    708    -2.41648     0.64645     4.15573
  357    708    -2.32028     0.64645     4.15573
  358    708    -2.31643     0.64645     4.15573
  359    708    -2.31258     0.64645     4.15573
  360    708    -2.30874     0.64645     4.15573
  361    708    -2.30489     0.64645     4.15573
  362    708    -2.30104     0.64645     4.15573
  325    709    -2.43808     0.64888     4.14666
  326    709    -2.43424     0.64888     4.14666
  327    709    -2.43040     0.64888     4.14666
  328    709    -2.42656     0.64888     4.14666
  329    709    -2.42272     0.64888     4.14666
  330    709    -2.41888     0.64888     4.14666
  331    709    -2.41505     0.64888     4.14666
  356    709    -2.31906     0.64888     4.14666
  357    709    -2.31522     0.64888     4.14666
  358    709    -2.31138     0.64888     4.14666
  359    709    -2.30754     0.64888     4.14666
  360    709    -2.30370     0.64888     4.14666
  361    709    -2.29986     0.64888     4.14666
  324    710    -2.43661     0.65129     4.13763
  325    710    -2.43277     0.65129     4.13763
  326    710    -2.42894     0.65129     4.13763
  327    710    -2.42511     0.65129     4.13763
  328    710    -2.42128     0.65129     4.13763
  329    710    -2.41745     0.65129     4.13763
  330    710    -2.41362     0.65129     4.13763
  355    710    -2.31784     0.65129     4.13763
  356    710    -2.31401     0.65129     4.13763
  357    710    -2.31018     0.65129     4.13763
  358    710    -2.30635     0.65129     4.13763
  359    710    -2.30252     0.65129     4.13763
  360    710    -2.29869     0.65129     4.13763
  323    711    -2.43514     0.65370     4.12865
  324    711    -2.43131     0.65370     4.12865
  325    711    -2.42749     0.65370     4.12865
  326    711    -2.42367     0.65370     4.12865
  327    711    -2.41985     0.65370     4.12865
  328    711    -2.41602     0.65370     4.12865
  329    711    -2.41220     0.65370     4.12865
  354    711    -2.31663     0.65370     4.12865
  355    711    -2.31281     0.65370     4.12865
  356    711    -2.30898     0.65370     4.12865
  357    711    -2.30516     0.65370     4.12865
  358    711    -2.30134     0.65370     4.12865
  359    711    -2.29751     0.65370     4.12865
  360    711    -2.29369     0.65370     4.12865
  322    712    -2.43367     0.65610     4.11970
  323    712    -2.42986     0.65610     4.11970
  324    712    -2.42604     0.65610     4.11970
  325    712    -2.42223     0.65610     4.11970
  326    712    -2.41841     0.65610     4.11970
  327    712    -2.41460     0.65610     4.11970
  328    712    -2.41079     0.65610     4.11970
  353    712    -2.31542     0.65610     4.11970
  354    712    -2.31161     0.65610     4.11970
  355    712    -2.30779     0.65610     4.11970
  356    712    -2.30398     0.65610     4.11970
  357    712    -2.30016     0.65610     4.11970
  358    712    -2.29635     0.65610     4.11970
  359    712    -2.29254     0.65610     4.11970
 1374    712     1.57922     0.65610     4.11970
  321    713    -2.43222     0.65849     4.11079
  322    713    -2.42841     0.65849     4.11079
  323    713    -2.42460     0.65849     4.11079
  324    713    -2.42080     0.65849     4.11079
  325    713    -2.41699     0.65849     4.11079
  326    713    -2.41318     0.65849     4.11079
  327    713    -2.40938     0.65849     4.11079
  352    713    -2.31422     0.65849     4.11079
  353    713    -2.31041     0.65849     4.11079
  354    713    -2.30661     0.65849     4.11079
  355    713    -2.30280     0.65849     4.11079
  356    713    -2.29900     0.65849     4.11079
  357    713    -2.29519     0.65849     4.11079
  358    713    -2.29138     0.65849     4.11079
  320    714    -2.43077     0.66086     4.10192
  321    714    -2.42697     0.66086     4.10192
  322    714    -2.42317     0.66086     4.10192
  323    714    -2.41937     0.66086     4.10192
  324    714    -2.41557     0.66086     4.10192
  325    714    -2.41177     0.66086     4.10192
  326    714    -2.40798     0.66086     4.10192
  351    714    -2.31303     0.66086     4.10192
  352    714    -2.30923     0.66086     4.10192
  353    714    -2.30543     0.66086     4.10192
  354    714    -2.30163     0.66086     4.10192
  355    714    -2.29783     0.66086     4.10192
  356    714    -2.29403     0.66086     4.10192
  357    714    -2.29024     0.66086     4.10192
  358    714    -2.28644     0.66086     4.10192
  319    715    -2.42932     0.66323     4.09308
  320    715    -2.42553     0.66323     4.09308
  321    715    -2.42174     0.66323     4.09308
  322    715    -2.41795     0.66323     4.09308
  323    715    -2.41416     0.66323     4.09308
  324    715    -2.41037     0.66323     4.09308
  325    715    -2.40658     0.66323     4.09308
  326    715    -2.40279     0.66323     4.09308
  350    715    -2.31183     0.66323     4.09308
  351    715    -2.30804     0.66323     4.09308
  352    715    -2.30425     0.66323     4.09308
  353    715    -2.30046     0.66323     4.09308
  354    715    -2.29667     0.66323     4.09308
  355    715    -2.29288     0.66323     4.09308
  356    715    -2.28909     0.66323     4.09308
  357    715    -2.28530     0.66323     4.09308
  318    716    -2.42788     0.66559     4.08429
  319    716    -2.42410     0.66559     4.08429
  320    716    -2.42032     0.66559     4.08429
  321    716    -2.41654     0.66559     4.08429
  322    716    -2.41276     0.66559     4.08429
  323    716    -2.40897     0.66559     4.08429
  324    716    -2.40519     0.66559     4.08429
  325    716    -2.40141     0.66559     4.08429
  343    716    -2.33334     0.66559     4.08429
  344    716    -2.32956     0.66559     4.08429
  345    716    -2.32578     0.66559     4.08429
  346    716    -2.32199     0.66559     4.08429
  349    716    -2.31065     0.66559     4.08429
  350    716    -2.30687     0.66559     4.08429
  351    716    -2.30308     0.66559     4.08429
  352    716    -2.29930     0.66559     4.08429
  353    716    -2.29552     0.66559     4.08429
  354    716    -2.29174     0.66559     4.08429
  355    716    -2.28796     0.66559     4.08429
  356    716    -2.28418     0.66559     4.08429
  317    717    -2.42645     0.66793     4.07553
  318    717    -2.42268     0.66793     4.07553
  319    717    -2.41890     0.66793     4.07553
  320    717    -2.41513     0.66793     4.07553
  321    717    -2.41136     0.66793     4.07553
  322    717    -2.40758     0.66793     4.07553
  323    717    -2.40381     0.66793     4.07553
  324    717    -2.40003     0.66793     4.07553
  342    717    -2.33211     0.66793     4.07553
  343    717    -2.32834     0.66793     4.07553
  344    717    -2.32456     0.66793     4.07553
  345    717    -2.32079     0.66793     4.07553
  346    717    -2.31701     0.66793     4.07553
  349    717    -2.30569     0.66793     4.07553
  350    717    -2.30192     0.66793     4.07553
  351    717    -2.29815     0.66793     4.07553
  352    717    -2.29437     0.66793     4.07553
  353    717    -2.29060     0.66793     4.07553
  354    717    -2.28683     0.66793     4.07553
  355    717    -2.28305     0.66793     4.07553
  316    718    -2.42502     0.67027     4.06681
  317    718    -2.42126     0.67027     4.06681
  318    718    -2.41749     0.67027     4.06681
  319    718    -2.41373     0.67027     4.06681
  320    718    -2.40996     0.67027     4.06681
  321    718    -2.40620     0.67027     4.06681
  322    718    -2.40243     0.67027     4.06681
  323    718    -2.39867     0.67027     4.06681
  341    718    -2.33089     0.67027     4.06681
  342    718    -2.32712     0.67027     4.06681
  343    718    -2.32335     0.67027     4.06681
  344    718    -2.31959     0.67027     4.06681
  345    718    -2.31582     0.67027     4.06681
  346    718    -2.31206     0.67027     4.06681
  348    718    -2.30453     0.67027     4.06681
  349    718    -2.30076     0.67027     4.06681
  350    718    -2.29700     0.67027     4.06681
  351    718    -2.29323     0.67027     4.06681
  352    718    -2.28946     0.67027     4.06681
  353    718    -2.28570     0.67027     4.06681
  354    718    -2.28193     0.67027     4.06681
  315    719    -2.42360     0.67260     4.05813
  316    719    -2.41985     0.67260     4.05813
  317    719    -2.41609     0.67260     4.05813
  318    719    -2.41233     0.67260     4.05813
  319    719    -2.40857     0.67260     4.05813
  320    719    -2.40482     0.67260     4.05813
  321    719    -2.40106     0.67260     4.05813
  322    719    -2.39730     0.67260     4.05813
  341    719    -2.32591     0.67260     4.05813
  342    719    -2.32215     0.67260     4.05813
  343    719    -2.31839     0.67260     4.05813
  345    719    -2.31088     0.67260     4.05813
  346    719    -2.30712     0.67260     4.05813
  347    719    -2.30336     0.67260     4.05813
  348    719    -2.29961     0.67260     4.05813
  349    719    -2.29585     0.67260     4.05813
  350    719    -2.29209     0.67260     4.05813
  351    719    -2.28833     0.67260     4.05813
  352    719    -2.28458     0.67260     4.05813
  353    719    -2.28082     0.67260     4.05813
  314    720    -2.42219     0.67491     4.04948
  315    720    -2.41844     0.67491     4.04948
  316    720    -2.41469     0.67491     4.04948
  317    720    -2.41094     0.67491     4.04948
  318    720    -2.40719     0.67491     4.04948
  319    720    -2.40344     0.67491     4.04948
  320    720    -2.39969     0.67491     4.04948
  321    720    -2.39594     0.67491     4.04948
  341    720    -2.32095     0.67491     4.04948
  342    720    -2.31720     0.67491     4.04948
  343    720    -2.31345     0.67491     4.04948
  347    720    -2.29846     0.67491     4.04948
  348    720    -2.29471     0.67491     4.04948
  349    720    -2.29096     0.67491     4.04948
  350    720    -2.28721     0.67491     4.04948
  351    720    -2.28346     0.67491     4.04948
  352    720    -2.27971     0.67491     4.04948
  313    721    -2.42078     0.67722     4.04087
  314    721    -2.41704     0.67722     4.04087
  315    721    -2.41330     0.67722     4.04087
  316    721    -2.40956     0.67722     4.04087
  317    721    -2.40582     0.67722     4.04087
  318    721    -2.40208     0.67722     4.04087
  319    721    -2.39833     0.67722     4.04087
  320    721    -2.39459     0.67722     4.04087
  341    721    -2.31602     0.67722     4.04087
  342    721    -2.31228     0.67722     4.04087
  343    721    -2.30854     0.67722     4.04087
  346    721    -2.29731     0.67722     4.04087
  347    721    -2.29357     0.67722     4.04087
  348    721    -2.28983     0.67722     4.04087
  349    721    -2.28609     0.67722     4.04087
  350    721    -2.28235     0.67722     4.04087
  351    721    -2.27860     0.67722     4.04087
 1455    721     1.85207     0.67722     4.04087
 1456    721     1.85581     0.67722     4.04087
 1457    721     1.85955     0.67722     4.04087
 1458    721     1.86329     0.67722     4.04087
  312    722    -2.41938     0.67952     4.03230
  313    722    -2.41565     0.67952     4.03230
  314    722    -2.41191     0.67952     4.03230
  315    722    -2.40818     0.67952     4.03230
  316    722    -2.40445     0.67952     4.03230
  317    722    -2.40071     0.67952     4.03230
  318    722    -2.39698     0.67952     4.03230
  319    722    -2.39325     0.67952     4.03230
  341    722    -2.31111     0.67952     4.03230
  342    722    -2.30737     0.67952     4.03230
  343    722    -2.30364     0.67952     4.03230
  345    722    -2.29617     0.67952     4.03230
  346    722    -2.29244     0.67952     4.03230
  347    722    -2.28870     0.67952     4.03230
  348    722    -2.28497     0.67952     4.03230
  349    722    -2.28124     0.67952     4.03230
  350    722    -2.27750     0.67952     4.03230
 1455    722     1.84814     0.67952     4.03230
 1456    722     1.85187     0.67952     4.03230
 1457    722     1.85561     0.67952     4.03230
 1458    722     1.85934     0.67952     4.03230
 1459    722     1.86307     0.67952     4.03230
  311    723    -2.41799     0.68180     4.02377
  312    723    -2.41426     0.68180     4.02377
  313    723    -2.41053     0.68180     4.02377
  314    723    -2.40681     0.68180     4.02377
  315    723    -2.40308     0.68180     4.02377
  316    723    -2.39936     0.68180     4.02377
  317    723    -2.39563     0.68180     4.02377
  318    723    -2.39191     0.68180     4.02377
  342    723    -2.30249     0.68180     4.02377
  343    723    -2.29876     0.68180     4.02377
  344    723    -2.29504     0.68180     4.02377
  345    723    -2.29131     0.68180     4.02377
  346    723    -2.28759     0.68180     4.02377
  347    723    -2.28386     0.68180     4.02377
  348    723    -2.28013     0.68180     4.02377
  349    723    -2.27641     0.68180     4.02377
 1454    723     1.84050     0.68180     4.02377
 1455    723     1.84423     0.68180     4.02377
 1458    723     1.85540     0.68180     4.02377
 1459    723     1.85913     0.68180     4.02377
 1460    723     1.86285     0.68180     4.02377
  311    724    -2.41288     0.68408     4.01527
  312    724    -2.40916     0.68408     4.01527
  313    724    -2.40544     0.68408     4.01527
  314    724    -2.40172     0.68408     4.01527
  315    724    -2.39801     0.68408     4.01527
  316    724    -2.39429     0.68408     4.01527
  317    724    -2.39057     0.68408     4.01527
  343    724    -2.29391     0.68408     4.01527
  344    724    -2.29019     0.68408     4.01527
  345    724    -2.28647     0.68408     4.01527
  346    724    -2.28275     0.68408     4.01527
  347    724    -2.27904     0.68408     4.01527
  348    724    -2.27532     0.68408     4.01527
 1386    724     1.58380     0.68408     4.01527
 1387    724     1.58752     0.68408     4.01527
 1455    724     1.84033     0.68408     4.01527
 1456    724     1.84405     0.68408     4.01527
 1459    724     1.85520     0.68408     4.01527
 1460    724     1.85892     0.68408     4.01527
  310    725    -2.41150     0.68635     4.00680
  311    725    -2.40779     0.68635     4.00680
  312    725    -2.40408     0.68635     4.00680
  313    725    -2.40037     0.68635     4.00680
  314    725    -2.39666     0.68635     4.00680
  315    725    -2.39295     0.68635     4.00680
  316    725    -2.38924     0.68635     4.00680
  342    725    -2.29278     0.68635     4.00680
  343    725    -2.28907     0.68635     4.00680
  344    725    -2.28536     0.68635     4.00680
  345    725    -2.28165     0.68635     4.00680
  346    725    -2.27794     0.68635     4.00680
  347    725    -2.27423     0.68635     4.00680
  348    725    -2.27052     0.68635     4.00680
 1387    725     1.58417     0.68635     4.00680
 1388    725     1.58788     0.68635     4.00680
 1455    725     1.83645     0.68635     4.00680
 1456    725     1.84016     0.68635     4.00680
 1457    725     1.84387     0.68635     4.00680
  309    726    -2.41013     0.68861     3.99837
  310    726    -2.40643     0.68861     3.99837
  311    726    -2.40273     0.68861     3.99837
  312    726    -2.39902     0.68861     3.99837
  313    726    -2.39532     0.68861     3.99837
  314    726    -2.39162     0.68861     3.99837
  315    726    -2.38792     0.68861     3.99837
  321    726    -2.36570     0.68861     3.99837
  322    726    -2.36200     0.68861     3.99837
  323    726    -2.35830     0.68861     3.99837
  324    726    -2.35460     0.68861     3.99837
  342    726    -2.28796     0.68861     3.99837
  343    726    -2.28426     0.68861     3.99837
  344    726    -2.28055     0.68861     3.99837
  345    726    -2.27685     0.68861     3.99837
  346    726    -2.27315     0.68861     3.99837
  347    726    -2.26945     0.68861     3.99837
 1384    726     1.56973     0.68861     3.99837
 1388    726     1.58454     0.68861     3.99837
 1456    726     1.83629     0.68861     3.99837
 1457    726     1.83999     0.68861     3.99837
 1458    726     1.84369     0.68861     3.99837
  308    727    -2.40877     0.69086     3.98998
  309    727    -2.40507     0.69086     3.98998
  310    727    -2.40138     0.69086     3.98998
  311    727    -2.39768     0.69086     3.98998
  312    727    -2.39399     0.69086     3.98998
  313    727    -2.39029     0.69086     3.98998
  314    727    -2.38660     0.69086     3.98998
  320    727    -2.36443     0.69086     3.98998
  321    727    -2.36074     0.69086     3.98998
  322    727    -2.35704     0.69086     3.98998
  323    727    -2.35335     0.69086     3.98998
  324    727    -2.34965     0.69086     3.98998
  325    727    -2.34596     0.69086     3.98998
  341    727    -2.28685     0.69086     3.98998
  342    727    -2.28316     0.69086     3.98998
  343    727    -2.27946     0.69086     3.98998
  344    727    -2.27577     0.69086     3.98998
  345    727    -2.27207     0.69086     3.98998
  346    727    -2.26838     0.69086     3.98998
 1384    727     1.56644     0.69086     3.98998
 1385    727     1.57013     0.69086     3.98998
 1388    727     1.58121     0.69086     3.98998
 1389    727     1.58491     0.69086     3.98998
  307    728    -2.40741     0.69310     3.98162
  308    728    -2.40372     0.69310     3.98162
  309    728    -2.40003     0.69310     3.98162
  310    728    -2.39635     0.69310     3.98162
  311    728    -2.39266     0.69310     3.98162
  312    728    -2.38897     0.69310     3.98162
  313    728    -2.38529     0.69310     3.98162
  319    728    -2.36317     0.69310     3.98162
  320    728    -2.35948     0.69310     3.98162
  321    728    -2.35579     0.69310     3.98162
  322    728    -2.35211     0.69310     3.98162
  323    728    -2.34842     0.69310     3.98162
  324    728    -2.34473     0.69310     3.98162
  325    728    -2.34105     0.69310     3.98162
  326    728    -2.33736     0.69310     3.98162
  340    728    -2.28575     0.69310     3.98162
  341    728    -2.28206     0.69310     3.98162
  342    728    -2.27837     0.69310     3.98162
  343    728    -2.27469     0.69310     3.98162
  344    728    -2.27100     0.69310     3.98162
  345    728    -2.26731     0.69310     3.98162
  346    728    -2.26363     0.69310     3.98162
 1385    728     1.56684     0.69310     3.98162
 1386    728     1.57053     0.69310     3.98162
 1389    728     1.58159     0.69310     3.98162
  306    729    -2.40605     0.69533     3.97330
  307    729    -2.40237     0.69533     3.97330
  308    729    -2.39870     0.69533     3.97330
  309    729    -2.39502     0.69533     3.97330
  310    729    -2.39134     0.69533     3.97330
  311    729    -2.38766     0.69533     3.97330
  312    729    -2.38398     0.69533     3.97330
  318    729    -2.36191     0.69533     3.97330
  319    729    -2.35823     0.69533     3.97330
  320    729    -2.35455     0.69533     3.97330
  321    729    -2.35087     0.69533     3.97330
  322    729    -2.34719     0.69533     3.97330
  323    729    -2.34351     0.69533     3.97330
  324    729    -2.33983     0.69533     3.97330
  325    729    -2.33615     0.69533     3.97330
  326    729    -2.33247     0.69533     3.97330
  327    729    -2.32879     0.69533     3.97330
  328    729    -2.32512     0.69533     3.97330
  329    729    -2.32144     0.69533     3.97330
  339    729    -2.28465     0.69533     3.97330
  340    729    -2.28097     0.69533     3.97330
  341    729    -2.27729     0.69533     3.97330
  342    729    -2.27361     0.69533     3.97330
  343    729    -2.26993     0.69533     3.97330
  344    729    -2.26625     0.69533     3.97330
  345    729    -2.26257     0.69533     3.97330
 1386    729     1.56725     0.69533     3.97330
  305    730    -2.40471     0.69755     3.96501
  306    730    -2.40103     0.69755     3.96501
  307    730    -2.39736     0.69755     3.96501
  308    730    -2.39369     0.69755     3.96501
  309    730    -2.39002     0.69755     3.96501
  310    730    -2.38635     0.69755     3.96501
  311    730    -2.38268     0.69755     3.96501
  316    730    -2.36432     0.69755     3.96501
  317    730    -2.36065     0.69755     3.96501
  318    730    -2.35698     0.69755     3.96501
  319    730    -2.35331     0.69755     3.96501
  320    730    -2.34964     0.69755     3.96501
  321    730    -2.34596     0.69755     3.96501
  322    730    -2.34229     0.69755     3.96501
  323    730    -2.33862     0.69755     3.96501
  324    730    -2.33495     0.69755     3.96501
  325    730    -2.33128     0.69755     3.96501
  326    730    -2.32761     0.69755     3.96501
  327    730    -2.32394     0.69755     3.96501
  328    730    -2.32027     0.69755     3.96501
  329    730    -2.31659     0.69755     3.96501
  330    730    -2.31292     0.69755     3.96501
  338    730    -2.28355     0.69755     3.96501
  339    730    -2.27988     0.69755     3.96501
  340    730    -2.27621     0.69755     3.96501
  341    730    -2.27254     0.69755     3.96501
  342    730    -2.26887     0.69755     3.96501
  343    730    -2.26520     0.69755     3.96501
  344    730    -2.26152     0.69755     3.96501
 1387    730     1.56765     0.69755     3.96501
  304    731    -2.40336     0.69976     3.95676
  305    731    -2.39970     0.69976     3.95676
  306    731    -2.39604     0.69976     3.95676
  307    731    -2.39237     0.69976     3.95676
  308    731    -2.38871     0.69976     3.95676
  309    731    -2.38505     0.69976     3.95676
  310    731    -2.38138     0.69976     3.95676
  316    731    -2.35940     0.69976     3.95676
  317    731    -2.35574     0.69976     3.95676
  318    731    -2.35207     0.69976     3.95676
  319    731    -2.34841     0.69976     3.95676
  320    731    -2.34474     0.69976     3.95676
  321    731    -2.34108     0.69976     3.95676
  323    731    -2.33375     0.69976     3.95676
  324    731    -2.33009     0.69976     3.95676
  325    731    -2.32643     0.69976     3.95676
  326    731    -2.32276     0.69976     3.95676
  327    731    -2.31910     0.69976     3.95676
  328    731    -2.31544     0.69976     3.95676
  329    731    -2.31177     0.69976     3.95676
  330    731    -2.30811     0.69976     3.95676
  331    731    -2.30444     0.69976     3.95676
  337    731    -2.28246     0.69976     3.95676
  338    731    -2.27880     0.69976     3.95676
  339    731    -2.27514     0.69976     3.95676
  340    731    -2.27147     0.69976     3.95676
  341    731    -2.26781     0.69976     3.95676
  342    731    -2.26414     0.69976     3.95676
  343    731    -2.26048     0.69976     3.95676
  303    732    -2.40203     0.70196     3.94854
  304    732    -2.39837     0.70196     3.94854
  305    732    -2.39471     0.70196     3.94854
  306    732    -2.39106     0.70196     3.94854
  307    732    -2.38740     0.70196     3.94854
  308    732    -2.38375     0.70196     3.94854
  309    732    -2.38009     0.70196     3.94854
  310    732    -2.37643     0.70196     3.94854
  315    732    -2.35815     0.70196     3.94854
  316    732    -2.35450     0.70196     3.94854
  317    732    -2.35084     0.70196     3.94854
  318    732    -2.34719     0.70196     3.94854
  319    732    -2.34353     0.70196     3.94854
  320    732    -2.33987     0.70196     3.94854
  321    732    -2.33622     0.70196     3.94854
  322    732    -2.33256     0.70196     3.94854
  323    732    -2.32891     0.70196     3.94854
  324    732    -2.32525     0.70196     3.94854
  327    732    -2.31428     0.70196     3.94854
  328    732    -2.31063     0.70196     3.94854
  329    732    -2.30697     0.70196     3.94854
  330    732    -2.30331     0.70196     3.94854
  331    732    -2.29966     0.70196     3.94854
  332    732    -2.29600     0.70196     3.94854
  333    732    -2.29235     0.70196     3.94854
  336    732    -2.28138     0.70196     3.94854
  337    732    -2.27772     0.70196     3.94854
  338    732    -2.27406     0.70196     3.94854
  339    732    -2.27041     0.70196     3.94854
  340    732    -2.26675     0.70196     3.94854
  341    732    -2.26310     0.70196     3.94854
  342    732    -2.25944     0.70196     3.94854
  303    733    -2.39705     0.70416     3.94035
  304    733    -2.39340     0.70416     3.94035
  305    733    -2.38975     0.70416     3.94035
  306    733    -2.38610     0.70416     3.94035
  307    733    -2.38245     0.70416     3.94035
  308    733    -2.37880     0.70416     3.94035
  309    733    -2.37516     0.70416     3.94035
  314    733    -2.35691     0.70416     3.94035
  315    733    -2.35327     0.70416     3.94035
  316    733    -2.34962     0.70416     3.94035
  317    733    -2.34597     0.70416     3.94035
  318    733    -2.34232     0.70416     3.94035
  319    733    -2.33867     0.70416     3.94035
  320    733    -2.33502     0.70416     3.94035
  321    733    -2.33137     0.70416     3.94035
  322    733    -2.32773     0.70416     3.94035
  323    733    -2.32408     0.70416     3.94035
  324    733    -2.32043     0.70416     3.94035
  325    733    -2.31678     0.70416     3.94035
  328    733    -2.30584     0.70416     3.94035
  329    733    -2.30219     0.70416     3.94035
  330    733    -2.29854     0.70416     3.94035
  331    733    -2.29489     0.70416     3.94035
  332    733    -2.29124     0.70416     3.94035
  333    733    -2.28759     0.70416     3.94035
  334    733    -2.28394     0.70416     3.94035
  335    733    -2.28030     0.70416     3.94035
  336    733    -2.27665     0.70416     3.94035
  337    733    -2.27300     0.70416     3.94035
  338    733    -2.26935     0.70416     3.94035
  339    733    -2.26570     0.70416     3.94035
  340    733    -2.26205     0.70416     3.94035
  341    733    -2.25841     0.70416     3.94035
  302    734    -2.39573     0.70634     3.93220
  303    734    -2.39209     0.70634     3.93220
  304    734    -2.38845     0.70634     3.93220
  305    734    -2.38481     0.70634     3.93220
  306    734    -2.38117     0.70634     3.93220
  307    734    -2.37752     0.70634     3.93220
  308    734    -2.37388     0.70634     3.93220
  314    734    -2.35204     0.70634     3.93220
  315    734    -2.34840     0.70634     3.93220
  316    734    -2.34476     0.70634     3.93220
  317    734    -2.34112     0.70634     3.93220
  318    734    -2.33747     0.70634     3.93220
  320    734    -2.33019     0.70634     3.93220
  321    734    -2.32655     0.70634     3.93220
  322    734    -2.32291     0.70634     3.93220
  324    734    -2.31563     0.70634     3.93220
  325    734    -2.31199     0.70634     3.93220
  326    734    -2.30835     0.70634     3.93220
  327    734    -2.30471     0.70634     3.93220
  328    734    -2.30107     0.70634     3.93220
  329    734    -2.29742     0.70634     3.93220
  330    734    -2.29378     0.70634     3.93220
  331    734    -2.29014     0.70634     3.93220
  332    734    -2.28650     0.70634     3.93220
  333    734    -2.28286     0.70634     3.93220
  334    734    -2.27922     0.70634     3.93220
  335    734    -2.27558     0.70634     3.93220
  336    734    -2.27194     0.70634     3.93220
  337    734    -2.26830     0.70634     3.93220
  338    734    -2.26466     0.70634     3.93220
  339    734    -2.26102     0.70634     3.93220
  340    734    -2.25737     0.70634     3.93220
  341    734    -2.25373     0.70634     3.93220
  301    735    -2.39442     0.70851     3.92408
  302    735    -2.39078     0.70851     3.92408
  303    735    -2.38715     0.70851     3.92408
  304    735    -2.38352     0.70851     3.92408
  305    735    -2.37988     0.70851     3.92408
  306    735    -2.37625     0.70851     3.92408
  307    735    -2.37262     0.70851     3.92408
  313    735    -2.35082     0.70851     3.92408
  314    735    -2.34718     0.70851     3.92408
  315    735    -2.34355     0.70851     3.92408
  316    735    -2.33992     0.70851     3.92408
  317    735    -2.33628     0.70851     3.92408
  318    735    -2.33265     0.70851     3.92408
  320    735    -2.32538     0.70851     3.92408
  321    735    -2.32175     0.70851     3.92408
  322    735    -2.31812     0.70851     3.92408
  323    735    -2.31448     0.70851     3.92408
  324    735    -2.31085     0.70851     3.92408
  325    735    -2.30722     0.70851     3.92408
  326    735    -2.30358     0.70851     3.92408
  327    735    -2.29995     0.70851     3.92408
  328    735    -2.29631     0.70851     3.92408
  329    735    -2.29268     0.70851     3.92408
  330    735    -2.28905     0.70851     3.92408
  331    735    -2.28541     0.70851     3.92408
  332    735    -2.28178     0.70851     3.92408
  333    735    -2.27815     0.70851     3.92408
  334    735    -2.27451     0.70851     3.92408
  335    735    -2.27088     0.70851     3.92408
  336    735    -2.26725     0.70851     3.92408
  337    735    -2.26361     0.70851     3.92408
  338    735    -2.25998     0.70851     3.92408
  339    735    -2.25635     0.70851     3.92408
  340    735    -2.25271     0.70851     3.92408
  300    736    -2.39311     0.71068     3.91600
  301    736    -2.38948     0.71068     3.91600
  302    736    -2.38586     0.71068     3.91600
  303    736    -2.38223     0.71068     3.91600
  304    736    -2.37861     0.71068     3.91600
  305    736    -2.37498     0.71068     3.91600
  306    736    -2.37135     0.71068     3.91600
  313    736    -2.34597     0.71068     3.91600
  314    736    -2.34235     0.71068     3.91600
  315    736    -2.33872     0.71068     3.91600
  316    736    -2.33509     0.71068     3.91600
  317    736    -2.33147     0.71068     3.91600
  320    736    -2.32059     0.71068     3.91600
  321    736    -2.31697     0.71068     3.91600
  322    736    -2.31334     0.71068     3.91600
  323    736    -2.30971     0.71068     3.91600
  324    736    -2.30609     0.71068     3.91600
  325    736    -2.30246     0.71068     3.91600
  326    736    -2.29884     0.71068     3.91600
  327    736    -2.29521     0.71068     3.91600
  328    736    -2.29158     0.71068     3.91600
  330    736    -2.28433     0.71068     3.91600
  331    736    -2.28071     0.71068     3.91600
  332    736    -2.27708     0.71068     3.91600
  333    736    -2.27345     0.71068     3.91600
  334    736    -2.26983     0.71068     3.91600
  335    736    -2.26620     0.71068     3.91600
  336    736    -2.26258     0.71068     3.91600
  337    736    -2.25895     0.71068     3.91600
  338    736    -2.25532     0.71068     3.91600
  339    736    -2.25170     0.71068     3.91600
  299    737    -2.39181     0.71284     3.90795
  300    737    -2.38819     0.71284     3.90795
  301    737    -2.38457     0.71284     3.90795
  302    737    -2.38095     0.71284     3.90795
  303    737    -2.37733     0.71284     3.90795
  304    737    -2.37372     0.71284     3.90795
  305    737    -2.37010     0.71284     3.90795
  313    737    -2.34115     0.71284     3.90795
  314    737    -2.33753     0.71284     3.90795
  315    737    -2.33391     0.71284     3.90795
  316    737    -2.33029     0.71284     3.90795
  317    737    -2.32668     0.71284     3.90795
  318    737    -2.32306     0.71284     3.90795
  321    737    -2.31220     0.71284     3.90795
  322    737    -2.30858     0.71284     3.90795
  323    737    -2.30496     0.71284     3.90795
  324    737    -2.30135     0.71284     3.90795
  325    737    -2.29773     0.71284     3.90795
  331    737    -2.27602     0.71284     3.90795
  332    737    -2.27240     0.71284     3.90795
  333    737    -2.26878     0.71284     3.90795
  334    737    -2.26516     0.71284     3.90795
  335    737    -2.26154     0.71284     3.90795
  336    737    -2.25792     0.71284     3.90795
  337    737    -2.25431     0.71284     3.90795
  338    737    -2.25069     0.71284     3.90795
  298    738    -2.39051     0.71499     3.89993
  299    738    -2.38690     0.71499     3.89993
  300    738    -2.38329     0.71499     3.89993
  301    738    -2.37968     0.71499     3.89993
  302    738    -2.37607     0.71499     3.89993
  303    738    -2.37246     0.71499     3.89993
  304    738    -2.36885     0.71499     3.89993
  313    738    -2.33635     0.71499     3.89993
  314    738    -2.33273     0.71499     3.89993
  315    738    -2.32912     0.71499     3.89993
  316    738    -2.32551     0.71499     3.89993
  317    738    -2.32190     0.71499     3.89993
  318    738    -2.31829     0.71499     3.89993
  319    738    -2.31468     0.71499     3.89993
  321    738    -2.30746     0.71499     3.89993
  322    738    -2.30385     0.71499     3.89993
  323    738    -2.30024     0.71499     3.89993
  327    738    -2.28579     0.71499     3.89993
  328    738    -2.28218     0.71499     3.89993
  330    738    -2.27496     0.71499     3.89993
  331    738    -2.27135     0.71499     3.89993
  334    738    -2.26051     0.71499     3.89993
  335    738    -2.25690     0.71499     3.89993
  336    738    -2.25329     0.71499     3.89993
  297    739    -2.38922     0.71713     3.89194
  298    739    -2.38562     0.71713     3.89194
  299    739    -2.38201     0.71713     3.89194
  300    739    -2.37841     0.71713     3.89194
  301    739    -2.37481     0.71713     3.89194
  302    739    -2.37120     0.71713     3.89194
  303    739    -2.36760     0.71713     3.89194
  313    739    -2.33156     0.71713     3.89194
  314    739    -2.32796     0.71713     3.89194
  315    739    -2.32435     0.71713     3.89194
  316    739    -2.32075     0.71713     3.89194
  317    739    -2.31715     0.71713     3.89194
  318    739    -2.31354     0.71713     3.89194
  319    739    -2.30994     0.71713     3.89194
  320    739    -2.30634     0.71713     3.89194
  321    739    -2.30273     0.71713     3.89194
  325    739    -2.28832     0.71713     3.89194
  326    739    -2.28471     0.71713     3.89194
  327    739    -2.28111     0.71713     3.89194
  328    739    -2.27751     0.71713     3.89194
  329    739    -2.27390     0.71713     3.89194
  330    739    -2.27030     0.71713     3.89194
  333    739    -2.25949     0.71713     3.89194
  334    739    -2.25589     0.71713     3.89194
  296    740    -2.38793     0.71926     3.88399
  297    740    -2.38434     0.71926     3.88399
  298    740    -2.38074     0.71926     3.88399
  299    740    -2.37715     0.71926     3.88399
  300    740    -2.37355     0.71926     3.88399
  301    740    -2.36995     0.71926     3.88399
  302    740    -2.36636     0.71926     3.88399
  313    740    -2.32680     0.71926     3.88399
  314    740    -2.32320     0.71926     3.88399
  315    740    -2.31961     0.71926     3.88399
  316    740    -2.31601     0.71926     3.88399
  317    740    -2.31241     0.71926     3.88399
  318    740    -2.30882     0.71926     3.88399
  319    740    -2.30522     0.71926     3.88399
  320    740    -2.30162     0.71926     3.88399
  321    740    -2.29803     0.71926     3.88399
  322    740    -2.29443     0.71926     3.88399
  323    740    -2.29083     0.71926     3.88399
  324    740    -2.28724     0.71926     3.88399
  325    740    -2.28364     0.71926     3.88399
  326    740    -2.28005     0.71926     3.88399
  327    740    -2.27645     0.71926     3.88399
  328    740    -2.27285     0.71926     3.88399
  329    740    -2.26926     0.71926     3.88399
  332    740    -2.25847     0.71926     3.88399
  333    740    -2.25487     0.71926     3.88399
  334    740    -2.25128     0.71926     3.88399
  295    741    -2.38665     0.72138     3.87607
  296    741    -2.38307     0.72138     3.87607
  297    741    -2.37948     0.72138     3.87607
  298    741    -2.37589     0.72138     3.87607
  299    741    -2.37230     0.72138     3.87607
  300    741    -2.36871     0.72138     3.87607
  301    741    -2.36512     0.72138     3.87607
  314    741    -2.31846     0.72138     3.87607
  315    741    -2.31488     0.72138     3.87607
  316    741    -2.31129     0.72138     3.87607
  317    741    -2.30770     0.72138     3.87607
  318    741    -2.30411     0.72138     3.87607
  319    741    -2.30052     0.72138     3.87607
  320    741    -2.29693     0.72138     3.87607
  321    741    -2.29334     0.72138     3.87607
  322    741    -2.28975     0.72138     3.87607
  323    741    -2.28616     0.72138     3.87607
  324    741    -2.28257     0.72138     3.87607
  325    741    -2.27899     0.72138     3.87607
  326    741    -2.27540     0.72138     3.87607
  327    741    -2.27181     0.72138     3.87607
  328    741    -2.26822     0.72138     3.87607
  329    741    -2.26463     0.72138     3.87607
  332    741    -2.25386     0.72138     3.87607
  333    741    -2.25027     0.72138     3.87607
  294    742    -2.38538     0.72349     3.86818
  295    742    -2.38180     0.72349     3.86818
  296    742    -2.37822     0.72349     3.86818
  297    742    -2.37463     0.72349     3.86818
  298    742    -2.37105     0.72349     3.86818
  299    742    -2.36747     0.72349     3.86818
  300    742    -2.36389     0.72349     3.86818
  314    742    -2.31375     0.72349     3.86818
  315    742    -2.31016     0.72349     3.86818
  316    742    -2.30658     0.72349     3.86818
  317    742    -2.30300     0.72349     3.86818
  318    742    -2.29942     0.72349     3.86818
  319    742    -2.29584     0.72349     3.86818
  321    742    -2.28867     0.72349     3.86818
  322    742    -2.28509     0.72349     3.86818
  323    742    -2.28151     0.72349     3.86818
  324    742    -2.27793     0.72349     3.86818
  325    742    -2.27435     0.72349     3.86818
  326    742    -2.27077     0.72349     3.86818
  327    742    -2.26718     0.72349     3.86818
  328    742    -2.26360     0.72349     3.86818
  329    742    -2.26002     0.72349     3.86818
  330    742    -2.25644     0.72349     3.86818
  331    742    -2.25286     0.72349     3.86818
  332    742    -2.24928     0.72349     3.86818
  293    743    -2.38411     0.72560     3.86033
  294    743    -2.38053     0.72560     3.86033
  295    743    -2.37696     0.72560     3.86033
  296    743    -2.37339     0.72560     3.86033
  297    743    -2.36981     0.72560     3.86033
  298    743    -2.36624     0.72560     3.86033
  299    743    -2.36266     0.72560     3.86033
  300    743    -2.35909     0.72560     3.86033
  313    743    -2.31262     0.72560     3.86033
  314    743    -2.30905     0.72560     3.86033
  315    743    -2.30547     0.72560     3.86033
  316    743    -2.30190     0.72560     3.86033
  317    743    -2.29832     0.72560     3.86033
  318    743    -2.29475     0.72560     3.86033
  319    743    -2.29117     0.72560     3.86033
  321    743    -2.28403     0.72560     3.86033
  322    743    -2.28045     0.72560     3.86033
  323    743    -2.27688     0.72560     3.86033
  324    743    -2.27330     0.72560     3.86033
  326    743    -2.26615     0.72560     3.86033
  327    743    -2.26258     0.72560     3.86033
  328    743    -2.25901     0.72560     3.86033
  329    743    -2.25543     0.72560     3.86033
  330    743    -2.25186     0.72560     3.86033
  331    743    -2.24828     0.72560     3.86033
  292    744    -2.38284     0.72769     3.85250
  293    744    -2.37928     0.72769     3.85250
  294    744    -2.37571     0.72769     3.85250
  295    744    -2.37214     0.72769     3.85250
  296    744    -2.36858     0.72769     3.85250
  297    744    -2.36501     0.72769     3.85250
  298    744    -2.36144     0.72769     3.85250
  299    744    -2.35787     0.72769     3.85250
  313    744    -2.30793     0.72769     3.85250
  314    744    -2.30437     0.72769     3.85250
  315    744    -2.30080     0.72769     3.85250
  316    744    -2.29723     0.72769     3.85250
  317    744    -2.29367     0.72769     3.85250
  318    744    -2.29010     0.72769     3.85250
  320    744    -2.28296     0.72769     3.85250
  321    744    -2.27940     0.72769     3.85250
  322    744    -2.27583     0.72769     3.85250
  323    744    -2.27226     0.72769     3.85250
  325    744    -2.26513     0.72769     3.85250
  326    744    -2.26156     0.72769     3.85250
  327    744    -2.25799     0.72769     3.85250
  328    744    -2.25443     0.72769     3.85250
  329    744    -2.25086     0.72769     3.85250
  330    744    -2.24729     0.72769     3.85250
  291    745    -2.38158     0.72978     3.84471
  292    745    -2.37802     0.72978     3.84471
  293    745    -2.37446     0.72978     3.84471
  294    745    -2.37090     0.72978     3.84471
  295    745    -2.36734     0.72978     3.84471
  296    745    -2.36378     0.72978     3.84471
  297    745    -2.36022     0.72978     3.84471
  298    745    -2.35666     0.72978     3.84471
  313    745    -2.30327     0.72978     3.84471
  314    745    -2.29971     0.72978     3.84471
  315    745    -2.29615     0.72978     3.84471
  316    745    -2.29259     0.72978     3.84471
  317    745    -2.28903     0.72978     3.84471
  319    745    -2.28191     0.72978     3.84471
  320    745    -2.27835     0.72978     3.84471
  321    745    -2.27479     0.72978     3.84471
  322    745    -2.27123     0.72978     3.84471
  323    745    -2.26767     0.72978     3.84471
  324    745    -2.26411     0.72978     3.84471
  325    745    -2.26055     0.72978     3.84471
  326    745    -2.25699     0.72978     3.84471
  327    745    -2.25343     0.72978     3.84471
  328    745    -2.24987     0.72978     3.84471
  329    745    -2.24631     0.72978     3.84471
  330    745    -2.24275     0.72978     3.84471
  291    746    -2.37678     0.73186     3.83695
  292    746    -2.37322     0.73186     3.83695
  293    746    -2.36967     0.73186     3.83695
  294    746    -2.36612     0.73186     3.83695
  295    746    -2.36257     0.73186     3.83695
  296    746    -2.35901     0.73186     3.83695
  297    746    -2.35546     0.73186     3.83695
  312    746    -2.30217     0.73186     3.83695
  313    746    -2.29862     0.73186     3.83695
  314    746    -2.29506     0.73186     3.83695
  315    746    -2.29151     0.73186     3.83695
  316    746    -2.28796     0.73186     3.83695
  317    746    -2.28441     0.73186     3.83695
  319    746    -2.27730     0.73186     3.83695
  320    746    -2.27375     0.73186     3.83695
  321    746    -2.27019     0.73186     3.83695
  322    746    -2.26664     0.73186     3.83695
  323    746    -2.26309     0.73186     3.83695
  324    746    -2.25954     0.73186     3.83695
  325    746    -2.25598     0.73186     3.83695
  326    746    -2.25243     0.73186     3.83695
  327    746    -2.24888     0.73186     3.83695
  328    746    -2.24533     0.73186     3.83695
  329    746    -2.24177     0.73186     3.83695
  290    747    -2.37553     0.73393     3.82922
  291    747    -2.37199     0.73393     3.82922
  292    747    -2.36844     0.73393     3.82922
  293    747    -2.36490     0.73393     3.82922
  294    747    -2.36135     0.73393     3.82922
  295    747    -2.35781     0.73393     3.82922
  296    747    -2.35426     0.73393     3.82922
  311    747    -2.30108     0.73393     3.82922
  312    747    -2.29753     0.73393     3.82922
  313    747    -2.29399     0.73393     3.82922
  314    747    -2.29044     0.73393     3.82922
  315    747    -2.28689     0.73393     3.82922
  316    747    -2.28335     0.73393     3.82922
  318    747    -2.27626     0.73393     3.82922
  319    747    -2.27271     0.73393     3.82922
  323    747    -2.25853     0.73393     3.82922
  324    747    -2.25498     0.73393     3.82922
  325    747    -2.25144     0.73393     3.82922
  326    747    -2.24789     0.73393     3.82922
  327    747    -2.24435     0.73393     3.82922
  328    747    -2.24080     0.73393     3.82922
  289    748    -2.37430     0.73600     3.82152
  290    748    -2.37076     0.73600     3.82152
  291    748    -2.36722     0.73600     3.82152
  292    748    -2.36368     0.73600     3.82152
  293    748    -2.36014     0.73600     3.82152
  294    748    -2.35660     0.73600     3.82152
  295    748    -2.35307     0.73600     3.82152
  305    748    -2.31768     0.73600     3.82152
  306    748    -2.31414     0.73600     3.82152
  307    748    -2.31060     0.73600     3.82152
  308    748    -2.30707     0.73600     3.82152
  309    748    -2.30353     0.73600     3.82152
  310    748    -2.29999     0.73600     3.82152
  311    748    -2.29645     0.73600     3.82152
  312    748    -2.29291     0.73600     3.82152
  313    748    -2.28937     0.73600     3.82152
  314    748    -2.28583     0.73600     3.82152
  315    748    -2.28230     0.73600     3.82152
  316    748    -2.27876     0.73600     3.82152
  318    748    -2.27168     0.73600     3.82152
  319    748    -2.26814     0.73600     3.82152
  325    748    -2.24691     0.73600     3.82152
  326    748    -2.24337     0.73600     3.82152
  327    748    -2.23984     0.73600     3.82152
  288    749    -2.37306     0.73805     3.81385
  289    749    -2.36953     0.73805     3.81385
  290    749    -2.36600     0.73805     3.81385
  291    749    -2.36247     0.73805     3.81385
  292    749    -2.35894     0.73805     3.81385
  293    749    -2.35541     0.73805     3.81385
  294    749    -2.35188     0.73805     3.81385
  303    749    -2.32009     0.73805     3.81385
  304    749    -2.31656     0.73805     3.81385
  305    749    -2.31303     0.73805     3.81385
  306    749    -2.30950     0.73805     3.81385
  307    749    -2.30597     0.73805     3.81385
  308    749    -2.30244     0.73805     3.81385
  309    749    -2.29891     0.73805     3.81385
  310    749    -2.29537     0.73805     3.81385
  311    749    -2.29184     0.73805     3.81385
  312    749    -2.28831     0.73805     3.81385
  313    749    -2.28478     0.73805     3.81385
  314    749    -2.28125     0.73805     3.81385
  315    749    -2.27772     0.73805     3.81385
  316    749    -2.27419     0.73805     3.81385
  318    749    -2.26712     0.73805     3.81385
  319    749    -2.26359     0.73805     3.81385
  320    749    -2.26006     0.73805     3.81385
  321    749    -2.25653     0.73805     3.81385
  322    749    -2.25300     0.73805     3.81385
  323    749    -2.24947     0.73805     3.81385
  324    749    -2.24594     0.73805     3.81385
  325    749    -2.24240     0.73805     3.81385
  326    749    -2.23887     0.73805     3.81385
  287    750    -2.37184     0.74010     3.80621
  288    750    -2.36831     0.74010     3.80621
  289    750    -2.36479     0.74010     3.80621
  290    750    -2.36126     0.74010     3.80621
  291    750    -2.35774     0.74010     3.80621
  292    750    -2.35421     0.74010     3.80621
  293    750    -2.35069     0.74010     3.80621
  300    750    -2.32602     0.74010     3.80621
  301    750    -2.32250     0.74010     3.80621
  302    750    -2.31897     0.74010     3.80621
  303    750    -2.31545     0.74010     3.80621
  304    750    -2.31192     0.74010     3.80621
  305    750    -2.30840     0.74010     3.80621
  306    750    -2.30487     0.74010     3.80621
  307    750    -2.30135     0.74010     3.80621
  308    750    -2.29783     0.74010     3.80621
  309    750    -2.29430     0.74010     3.80621
  310    750    -2.29078     0.74010     3.80621
  311    750    -2.28725     0.74010     3.80621
  312    750    -2.28373     0.74010     3.80621
  314    750    -2.27668     0.74010     3.80621
  315    750    -2.27316     0.74010     3.80621
  316    750    -2.26963     0.74010     3.80621
  317    750    -2.26611     0.74010     3.80621
  318    750    -2.26258     0.74010     3.80621
  319    750    -2.25906     0.74010     3.80621
  320    750    -2.25553     0.74010     3.80621
  321    750    -2.25201     0.74010     3.80621
  322    750    -2.24849     0.74010     3.80621
  323    750    -2.24496     0.74010     3.80621
  324    750    -2.24144     0.74010     3.80621
  325    750    -2.23791     0.74010     3.80621
  326    750    -2.23439     0.74010     3.80621
  286    751    -2.37061     0.74214     3.79861
  287    751    -2.36710     0.74214     3.79861
  288    751    -2.36358     0.74214     3.79861
  289    751    -2.36006     0.74214     3.79861
  290    751    -2.35654     0.74214     3.79861
  291    751    -2.35303     0.74214     3.79861
  292    751    -2.34951     0.74214     3.79861
  293    751    -2.34599     0.74214     3.79861
  297    751    -2.33192     0.74214     3.79861
  298    751    -2.32841     0.74214     3.79861
  299    751    -2.32489     0.74214     3.79861
  300    751    -2.32137     0.74214     3.79861
  301    751    -2.31785     0.74214     3.79861
  302    751    -2.31434     0.74214     3.79861
  303    751    -2.31082     0.74214     3.79861
  304    751    -2.30730     0.74214     3.79861
  305    751    -2.30379     0.74214     3.79861
  306    751    -2.30027     0.74214     3.79861
  307    751    -2.29675     0.74214     3.79861
  308    751    -2.29323     0.74214     3.79861
  309    751    -2.28972     0.74214     3.79861
  310    751    -2.28620     0.74214     3.79861
  311    751    -2.28268     0.74214     3.79861
  312    751    -2.27916     0.74214     3.79861
  313    751    -2.27565     0.74214     3.79861
  314    751    -2.27213     0.74214     3.79861
  315    751    -2.26861     0.74214     3.79861
  316    751    -2.26510     0.74214     3.79861
  317    751    -2.26158     0.74214     3.79861
  318    751    -2.25806     0.74214     3.79861
  319    751    -2.25454     0.74214     3.79861
  320    751    -2.25103     0.74214     3.79861
  322    751    -2.24399     0.74214     3.79861
  323    751    -2.24048     0.74214     3.79861
  324    751    -2.23696     0.74214     3.79861
  325    751    -2.23344     0.74214     3.79861
  286    752    -2.36588     0.74417     3.79103
  287    752    -2.36237     0.74417     3.79103
  288    752    -2.35886     0.74417     3.79103
  289    752    -2.35535     0.74417     3.79103
  290    752    -2.35184     0.74417     3.79103
  291    752    -2.34833     0.74417     3.79103
  292    752    -2.34482     0.74417     3.79103
  295    752    -2.33429     0.74417     3.79103
  296    752    -2.33078     0.74417     3.79103
  297    752    -2.32727     0.74417     3.79103
  298    752    -2.32376     0.74417     3.79103
  299    752    -2.32025     0.74417     3.79103
  300    752    -2.31674     0.74417     3.79103
  301    752    -2.31323     0.74417     3.79103
  302    752    -2.30972     0.74417     3.79103
  303    752    -2.30621     0.74417     3.79103
  304    752    -2.30270     0.74417     3.79103
  305    752    -2.29919     0.74417     3.79103
  306    752    -2.29568     0.74417     3.79103
  307    752    -2.29217     0.74417     3.79103
  308    752    -2.28866     0.74417     3.79103
  309    752    -2.28515     0.74417     3.79103
  310    752    -2.28164     0.74417     3.79103
  311    752    -2.27813     0.74417     3.79103
  312    752    -2.27462     0.74417     3.79103
  313    752    -2.27111     0.74417     3.79103
  314    752    -2.26760     0.74417     3.79103
  315    752    -2.26409     0.74417     3.79103
  316    752    -2.26058     0.74417     3.79103
  317    752    -2.25707     0.74417     3.79103
  318    752    -2.25356     0.74417     3.79103
  319    752    -2.25005     0.74417     3.79103
  321    752    -2.24303     0.74417     3.79103
  322    752    -2.23952     0.74417     3.79103
  323    752    -2.23601     0.74417     3.79103
  324    752    -2.23250     0.74417     3.79103
  285    753    -2.36468     0.74619     3.78349
  286    753    -2.36118     0.74619     3.78349
  287    753    -2.35767     0.74619     3.78349
  288    753    -2.35417     0.74619     3.78349
  289    753    -2.35067     0.74619     3.78349
  290    753    -2.34716     0.74619     3.78349
  294    753    -2.33315     0.74619     3.78349
  295    753    -2.32965     0.74619     3.78349
  296    753    -2.32614     0.74619     3.78349
  297    753    -2.32264     0.74619     3.78349
  298    753    -2.31914     0.74619     3.78349
  299    753    -2.31563     0.74619     3.78349
  300    753    -2.31213     0.74619     3.78349
  301    753    -2.30863     0.74619     3.78349
  302    753    -2.30512     0.74619     3.78349
  303    753    -2.30162     0.74619     3.78349
  304    753    -2.29812     0.74619     3.78349
  305    753    -2.29461     0.74619     3.78349
  306    753    -2.29111     0.74619     3.78349
  307    753    -2.28761     0.74619     3.78349
  308    753    -2.28410     0.74619     3.78349
  309    753    -2.28060     0.74619     3.78349
  310    753    -2.27710     0.74619     3.78349
  311    753    -2.27359     0.74619     3.78349
  312    753    -2.27009     0.74619     3.78349
  313    753    -2.26659     0.74619     3.78349
  314    753    -2.26309     0.74619     3.78349
  315    753    -2.25958     0.74619     3.78349
  316    753    -2.25608     0.74619     3.78349
  317    753    -2.25258     0.74619     3.78349
  318    753    -2.24907     0.74619     3.78349
  320    753    -2.24207     0.74619     3.78349
  321    753    -2.23856     0.74619     3.78349
  322    753    -2.23506     0.74619     3.78349
  323    753    -2.23156     0.74619     3.78349
  324    753    -2.22805     0.74619     3.78349
  284    754    -2.36348     0.74820     3.77597
  285    754    -2.35998     0.74820     3.77597
  286    754    -2.35648     0.74820     3.77597
  287    754    -2.35299     0.74820     3.77597
  288    754    -2.34949     0.74820     3.77597
  289    754    -2.34600     0.74820     3.77597
  293    754    -2.33201     0.74820     3.77597
  294    754    -2.32851     0.74820     3.77597
  295    754    -2.32502     0.74820     3.77597
  296    754    -2.32152     0.74820     3.77597
  297    754    -2.31803     0.74820     3.77597
  298    754    -2.31453     0.74820     3.77597
  299    754    -2.31103     0.74820     3.77597
  300    754    -2.30754     0.74820     3.77597
  301    754    -2.30404     0.74820     3.77597
  302    754    -2.30054     0.74820     3.77597
  303    754    -2.29705     0.74820     3.77597
  304    754    -2.29355     0.74820     3.77597
  309    754    -2.27607     0.74820     3.77597
  310    754    -2.27257     0.74820     3.77597
  311    754    -2.26908     0.74820     3.77597
  312    754    -2.26558     0.74820     3.77597
  313    754    -2.26209     0.74820     3.77597
  314    754    -2.25859     0.74820     3.77597
  315    754    -2.25509     0.74820     3.77597
  316    754    -2.25160     0.74820     3.77597
  317    754    -2.24810     0.74820     3.77597
  319    754    -2.24111     0.74820     3.77597
  320    754    -2.23761     0.74820     3.77597
  321    754    -2.23412     0.74820     3.77597
  322    754    -2.23062     0.74820     3.77597
  323    754    -2.22712     0.74820     3.77597
  284    755    -2.35879     0.75021     3.76848
  285    755    -2.35530     0.75021     3.76848
  286    755    -2.35181     0.75021     3.76848
  287    755    -2.34832     0.75021     3.76848
  288    755    -2.34483     0.75021     3.76848
  289    755    -2.34134     0.75021     3.76848
  290    755    -2.33786     0.75021     3.76848
  293    755    -2.32739     0.75021     3.76848
  294    755    -2.32390     0.75021     3.76848
  295    755    -2.32041     0.75021     3.76848
  296    755    -2.31692     0.75021     3.76848
  297    755    -2.31343     0.75021     3.76848
  298    755    -2.30994     0.75021     3.76848
  299    755    -2.30645     0.75021     3.76848
  300    755    -2.30296     0.75021     3.76848
  301    755    -2.29947     0.75021     3.76848
  308    755    -2.27505     0.75021     3.76848
  309    755    -2.27156     0.75021     3.76848
  310    755    -2.26807     0.75021     3.76848
  311    755    -2.26458     0.75021     3.76848
  312    755    -2.26109     0.75021     3.76848
  313    755    -2.25760     0.75021     3.76848
  315    755    -2.25062     0.75021     3.76848
  316    755    -2.24713     0.75021     3.76848
  317    755    -2.24364     0.75021     3.76848
  318    755    -2.24015     0.75021     3.76848
  319    755    -2.23666     0.75021     3.76848
  320    755    -2.23318     0.75021     3.76848
  321    755    -2.22969     0.75021     3.76848
  322    755    -2.22620     0.75021     3.76848
  284    756    -2.35412     0.75221     3.76103
  285    756    -2.35064     0.75221     3.76103
  286    756    -2.34716     0.75221     3.76103
  287    756    -2.34368     0.75221     3.76103
  288    756    -2.34019     0.75221     3.76103
  289    756    -2.33671     0.75221     3.76103
  290    756    -2.33323     0.75221     3.76103
  292    756    -2.32626     0.75221     3.76103
  293    756    -2.32278     0.75221     3.76103
  294    756    -2.31930     0.75221     3.76103
  295    756    -2.31582     0.75221     3.76103
  296    756    -2.31234     0.75221     3.76103
  297    756    -2.30885     0.75221     3.76103
  298    756    -2.30537     0.75221     3.76103
  307    756    -2.27403     0.75221     3.76103
  308    756    -2.27055     0.75221     3.76103
  309    756    -2.26706     0.75221     3.76103
  310    756    -2.26358     0.75221     3.76103
  311    756    -2.26010     0.75221     3.76103
  312    756    -2.25662     0.75221     3.76103
  315    756    -2.24617     0.75221     3.76103
  316    756    -2.24269     0.75221     3.76103
  317    756    -2.23920     0.75221     3.76103
  318    756    -2.23572     0.75221     3.76103
  319    756    -2.23224     0.75221     3.76103
  320    756    -2.22876     0.75221     3.76103
  321    756    -2.22527     0.75221     3.76103
  286    757    -2.34252     0.75420     3.75360
  287    757    -2.33905     0.75420     3.75360
  288    757    -2.33557     0.75420     3.75360
  289    757    -2.33210     0.75420     3.75360
  290    757    -2.32862     0.75420     3.75360
  291    757    -2.32515     0.75420     3.75360
  292    757    -2.32167     0.75420     3.75360
  293    757    -2.31820     0.75420     3.75360
  294    757    -2.31472     0.75420     3.75360
  295    757    -2.31124     0.75420     3.75360
  296    757    -2.30777     0.75420     3.75360
  306    757    -2.27301     0.75420     3.75360
  307    757    -2.26954     0.75420     3.75360
  308    757    -2.26606     0.75420     3.75360
  309    757    -2.26259     0.75420     3.75360
  310    757    -2.25911     0.75420     3.75360
  311    757    -2.25564     0.75420     3.75360
  313    757    -2.24868     0.75420     3.75360
  314    757    -2.24521     0.75420     3.75360
  315    757    -2.24173     0.75420     3.75360
  316    757    -2.23826     0.75420     3.75360
  317    757    -2.23478     0.75420     3.75360
  318    757    -2.23131     0.75420     3.75360
  319    757    -2.22783     0.75420     3.75360
  320    757    -2.22436     0.75420     3.75360
  287    758    -2.33444     0.75618     3.74620
  288    758    -2.33097     0.75618     3.74620
  289    758    -2.32750     0.75618     3.74620
  290    758    -2.32403     0.75618     3.74620
  291    758    -2.32056     0.75618     3.74620
  292    758    -2.31710     0.75618     3.74620
  293    758    -2.31363     0.75618     3.74620
  294    758    -2.31016     0.75618     3.74620
  295    758    -2.30669     0.75618     3.74620
  296    758    -2.30322     0.75618     3.74620
  306    758    -2.26853     0.75618     3.74620
  307    758    -2.26506     0.75618     3.74620
  308    758    -2.26160     0.75618     3.74620
  309    758    -2.25813     0.75618     3.74620
  310    758    -2.25466     0.75618     3.74620
  312    758    -2.24772     0.75618     3.74620
  313    758    -2.24425     0.75618     3.74620
  314    758    -2.24078     0.75618     3.74620
  315    758    -2.23731     0.75618     3.74620
  316    758    -2.23385     0.75618     3.74620
  317    758    -2.23038     0.75618     3.74620
  318    758    -2.22691     0.75618     3.74620
  319    758    -2.22344     0.75618     3.74620
  287    759    -2.32985     0.75815     3.73883
  288    759    -2.32638     0.75815     3.73883
  289    759    -2.32292     0.75815     3.73883
  290    759    -2.31946     0.75815     3.73883
  291    759    -2.31600     0.75815     3.73883
  292    759    -2.31254     0.75815     3.73883
  293    759    -2.30908     0.75815     3.73883
  294    759    -2.30561     0.75815     3.73883
  295    759    -2.30215     0.75815     3.73883
  305    759    -2.26753     0.75815     3.73883
  306    759    -2.26407     0.75815     3.73883
  307    759    -2.26061     0.75815     3.73883
  308    759    -2.25715     0.75815     3.73883
  309    759    -2.25369     0.75815     3.73883
  311    759    -2.24676     0.75815     3.73883
  312    759    -2.24330     0.75815     3.73883
  313    759    -2.23984     0.75815     3.73883
  314    759    -2.23638     0.75815     3.73883
  315    759    -2.23291     0.75815     3.73883
  316    759    -2.22945     0.75815     3.73883
  317    759    -2.22599     0.75815     3.73883
  318    759    -2.22253     0.75815     3.73883
  319    759    -2.21907     0.75815     3.73883
  287    760    -2.32527     0.76012     3.73149
  288    760    -2.32182     0.76012     3.73149
  289    760    -2.31836     0.76012     3.73149
  290    760    -2.31491     0.76012     3.73149
  291    760    -2.31145     0.76012     3.73149
  292    760    -2.30800     0.76012     3.73149
  293    760    -2.30454     0.76012     3.73149
  294    760    -2.30109     0.76012     3.73149
  305    760    -2.26308     0.76012     3.73149
  306    760    -2.25963     0.76012     3.73149
  307    760    -2.25617     0.76012     3.73149
  308    760    -2.25272     0.76012     3.73149
  309    760    -2.24926     0.76012     3.73149
  310    760    -2.24581     0.76012     3.73149
  311    760    -2.24235     0.76012     3.73149
  312    760    -2.23890     0.76012     3.73149
  313    760    -2.23544     0.76012     3.73149
  314    760    -2.23199     0.76012     3.73149
  315    760    -2.22853     0.76012     3.73149
  316    760    -2.22508     0.76012     3.73149
  317    760    -2.22162     0.76012     3.73149
  318    760    -2.21817     0.76012     3.73149
  287    761    -2.32072     0.76208     3.72418
  288    761    -2.31727     0.76208     3.72418
  289    761    -2.31382     0.76208     3.72418
  290    761    -2.31037     0.76208     3.72418
  291    761    -2.30692     0.76208     3.72418
  292    761    -2.30348     0.76208     3.72418
  293    761    -2.30003     0.76208     3.72418
  306    761    -2.25520     0.76208     3.72418
  307    761    -2.25175     0.76208     3.72418
  308    761    -2.24830     0.76208     3.72418
  309    761    -2.24485     0.76208     3.72418
  310    761    -2.24141     0.76208     3.72418
  311    761    -2.23796     0.76208     3.72418
  312    761    -2.23451     0.76208     3.72418
  313    761    -2.23106     0.76208     3.72418
  314    761    -2.22761     0.76208     3.72418
  315    761    -2.22416     0.76208     3.72418
  316    761    -2.22072     0.76208     3.72418
  288    762    -2.31274     0.76403     3.71690
  289    762    -2.30930     0.76403     3.71690
  290    762    -2.30585     0.76403     3.71690
  291    762    -2.30241     0.76403     3.71690
  306    762    -2.25079     0.76403     3.71690
  307    762    -2.24735     0.76403     3.71690
  308    762    -2.24391     0.76403     3.71690
  309    762    -2.24046     0.76403     3.71690
  310    762    -2.23702     0.76403     3.71690
  311    762    -2.23358     0.76403     3.71690
  312    762    -2.23014     0.76403     3.71690
  313    762    -2.22670     0.76403     3.71690
  314    762    -2.22326     0.76403     3.71690
  308    763    -2.23953     0.76597     3.70965
  309    763    -2.23609     0.76597     3.70965
  310    763    -2.23266     0.76597     3.70965
  311    763    -2.22922     0.76597     3.70965
  312    763    -2.22579     0.76597     3.70965
  313    763    -2.22235     0.76597     3.70965
  229    846    -2.16085     0.90454     3.19250
  230    846    -2.15789     0.90454     3.19250
  226    847    -2.16608     0.90598     3.18715
  227    847    -2.16313     0.90598     3.18715
  228    847    -2.16018     0.90598     3.18715
  229    847    -2.15723     0.90598     3.18715
  230    847    -2.15428     0.90598     3.18715
  231    847    -2.15132     0.90598     3.18715
  232    847    -2.14837     0.90598     3.18715
  223    848    -2.17129     0.90741     3.18181
  224    848    -2.16835     0.90741     3.18181
  225    848    -2.16540     0.90741     3.18181
  226    848    -2.16245     0.90741     3.18181
  227    848    -2.15951     0.90741     3.18181
  228    848    -2.15656     0.90741     3.18181
  229    848    -2.15362     0.90741     3.18181
  230    848    -2.15067     0.90741     3.18181
  231    848    -2.14772     0.90741     3.18181
  232    848    -2.14478     0.90741     3.18181
  233    848    -2.14183     0.90741     3.18181
  222    849    -2.17060     0.90883     3.17649
  223    849    -2.16766     0.90883     3.17649
  224    849    -2.16472     0.90883     3.17649
  225    849    -2.16178     0.90883     3.17649
  226    849    -2.15884     0.90883     3.17649
  227    849    -2.15590     0.90883     3.17649
  228    849    -2.15296     0.90883     3.17649
  229    849    -2.15002     0.90883     3.17649
  230    849    -2.14707     0.90883     3.17649
  231    849    -2.14413     0.90883     3.17649
  232    849    -2.14119     0.90883     3.17649
  233    849    -2.13825     0.90883     3.17649
  221    850    -2.16992     0.91025     3.17119
  222    850    -2.16698     0.91025     3.17119
  223    850    -2.16405     0.91025     3.17119
  224    850    -2.16111     0.91025     3.17119
  225    850    -2.15817     0.91025     3.17119
  226    850    -2.15524     0.91025     3.17119
  227    850    -2.15230     0.91025     3.17119
  228    850    -2.14937     0.91025     3.17119
  229    850    -2.14643     0.91025     3.17119
  230    850    -2.14349     0.91025     3.17119
  231    850    -2.14056     0.91025     3.17119
  232    850    -2.13762     0.91025     3.17119
  233    850    -2.13468     0.91025     3.17119
  220    851    -2.16924     0.91167     3.16591
  221    851    -2.16631     0.91167     3.16591
  222    851    -2.16337     0.91167     3.16591
  223    851    -2.16044     0.91167     3.16591
  224    851    -2.15751     0.91167     3.16591
  225    851    -2.15458     0.91167     3.16591
  226    851    -2.15165     0.91167     3.16591
  227    851    -2.14872     0.91167     3.16591
  228    851    -2.14579     0.91167     3.16591
  229    851    -2.14285     0.91167     3.16591
  230    851    -2.13992     0.91167     3.16591
  231    851    -2.13699     0.91167     3.16591
  232    851    -2.13406     0.91167     3.16591
  233    851    -2.13113     0.91167     3.16591
  207    852    -2.20367     0.91308     3.16065
  208    852    -2.20075     0.91308     3.16065
  209    852    -2.19782     0.91308     3.16065
  210    852    -2.19489     0.91308     3.16065
  211    852    -2.19197     0.91308     3.16065
  212    852    -2.18904     0.91308     3.16065
  213    852    -2.18612     0.91308     3.16065
  218    852    -2.17148     0.91308     3.16065
  219    852    -2.16856     0.91308     3.16065
  220    852    -2.16563     0.91308     3.16065
  221    852    -2.16270     0.91308     3.16065
  222    852    -2.15978     0.91308     3.16065
  223    852    -2.15685     0.91308     3.16065
  224    852    -2.15392     0.91308     3.16065
  225    852    -2.15100     0.91308     3.16065
  226    852    -2.14807     0.91308     3.16065
  227    852    -2.14514     0.91308     3.16065
  228    852    -2.14222     0.91308     3.16065
  229    852    -2.13929     0.91308     3.16065
  230    852    -2.13636     0.91308     3.16065
  231    852    -2.13344     0.91308     3.16065
  232    852    -2.13051     0.91308     3.16065
  233    852    -2.12758     0.91308     3.16065
  206    853    -2.20294     0.91448     3.15540
  207    853    -2.20002     0.91448     3.15540
  208    853    -2.19709     0.91448     3.15540
  209    853    -2.19417     0.91448     3.15540
  210    853    -2.19125     0.91448     3.15540
  211    853    -2.18833     0.91448     3.15540
  212    853    -2.18541     0.91448     3.15540
  213    853    -2.18249     0.91448     3.15540
  214    853    -2.17956     0.91448     3.15540
  215    853    -2.17664     0.91448     3.15540
  216    853    -2.17372     0.91448     3.15540
  217    853    -2.17080     0.91448     3.15540
  218    853    -2.16788     0.91448     3.15540
  219    853    -2.16496     0.91448     3.15540
  220    853    -2.16203     0.91448     3.15540
  221    853    -2.15911     0.91448     3.15540
  222    853    -2.15619     0.91448     3.15540
  223    853    -2.15327     0.91448     3.15540
  224    853    -2.15035     0.91448     3.15540
  227    853    -2.14158     0.91448     3.15540
  228    853    -2.13866     0.91448     3.15540
  229    853    -2.13574     0.91448     3.15540
  230    853    -2.13282     0.91448     3.15540
  231    853    -2.12990     0.91448     3.15540
  232    853    -2.12697     0.91448     3.15540
  206    854    -2.19929     0.91588     3.15017
  207    854    -2.19637     0.91588     3.15017
  208    854    -2.19345     0.91588     3.15017
  209    854    -2.19054     0.91588     3.15017
  210    854    -2.18762     0.91588     3.15017
  211    854    -2.18470     0.91588     3.15017
  212    854    -2.18179     0.91588     3.15017
  213    854    -2.17887     0.91588     3.15017
  214    854    -2.17595     0.91588     3.15017
  215    854    -2.17304     0.91588     3.15017
  216    854    -2.17012     0.91588     3.15017
  217    854    -2.16720     0.91588     3.15017
  218    854    -2.16428     0.91588     3.15017
  219    854    -2.16137     0.91588     3.15017
  220    854    -2.15845     0.91588     3.15017
  221    854    -2.15553     0.91588     3.15017
  222    854    -2.15262     0.91588     3.15017
  223    854    -2.14970     0.91588     3.15017
  227    854    -2.13803     0.91588     3.15017
  228    854    -2.13512     0.91588     3.15017
  229    854    -2.13220     0.91588     3.15017
  230    854    -2.12928     0.91588     3.15017
  231    854    -2.12637     0.91588     3.15017
  232    854    -2.12345     0.91588     3.15017
  206    855    -2.19565     0.91728     3.14496
  207    855    -2.19274     0.91728     3.14496
  208    855    -2.18982     0.91728     3.14496
  209    855    -2.18691     0.91728     3.14496
  210    855    -2.18400     0.91728     3.14496
  211    855    -2.18109     0.91728     3.14496
  212    855    -2.17818     0.91728     3.14496
  213    855    -2.17526     0.91728     3.14496
  214    855    -2.17235     0.91728     3.14496
  215    855    -2.16944     0.91728     3.14496
  216    855    -2.16653     0.91728     3.14496
  217    855    -2.16362     0.91728     3.14496
  218    855    -2.16070     0.91728     3.14496
  219    855    -2.15779     0.91728     3.14496
  220    855    -2.15488     0.91728     3.14496
  221    855    -2.15197     0.91728     3.14496
  222    855    -2.14906     0.91728     3.14496
  226    855    -2.13741     0.91728     3.14496
  227    855    -2.13450     0.91728     3.14496
  228    855    -2.13158     0.91728     3.14496
  229    855    -2.12867     0.91728     3.14496
  230    855    -2.12576     0.91728     3.14496
  231    855    -2.12285     0.91728     3.14496
  206    856    -2.19202     0.91867     3.13977
  207    856    -2.18911     0.91867     3.13977
  208    856    -2.18621     0.91867     3.13977
  210    856    -2.18039     0.91867     3.13977
  211    856    -2.17749     0.91867     3.13977
  212    856    -2.17458     0.91867     3.13977
  213    856    -2.17167     0.91867     3.13977
  214    856    -2.16876     0.91867     3.13977
  215    856    -2.16586     0.91867     3.13977
  216    856    -2.16295     0.91867     3.13977
  217    856    -2.16004     0.91867     3.13977
  218    856    -2.15713     0.91867     3.13977
  219    856    -2.15423     0.91867     3.13977
  220    856    -2.15132     0.91867     3.13977
  225    856    -2.13678     0.91867     3.13977
  226    856    -2.13388     0.91867     3.13977
  227    856    -2.13097     0.91867     3.13977
  228    856    -2.12806     0.91867     3.13977
  229    856    -2.12516     0.91867     3.13977
  230    856    -2.12225     0.91867     3.13977
  231    856    -2.11934     0.91867     3.13977
  205    857    -2.19131     0.92006     3.13459
  206    857    -2.18841     0.92006     3.13459
  207    857    -2.18550     0.92006     3.13459
  208    857    -2.18260     0.92006     3.13459
  210    857    -2.17680     0.92006     3.13459
  211    857    -2.17389     0.92006     3.13459
  212    857    -2.17099     0.92006     3.13459
  213    857    -2.16809     0.92006     3.13459
  214    857    -2.16519     0.92006     3.13459
  215    857    -2.16228     0.92006     3.13459
  216    857    -2.15938     0.92006     3.13459
  217    857    -2.15648     0.92006     3.13459
  218    857    -2.15358     0.92006     3.13459
  219    857    -2.15068     0.92006     3.13459
  224    857    -2.13616     0.92006     3.13459
  225    857    -2.13326     0.92006     3.13459
  226    857    -2.13036     0.92006     3.13459
  227    857    -2.12746     0.92006     3.13459
  228    857    -2.12455     0.92006     3.13459
  229    857    -2.12165     0.92006     3.13459
  230    857    -2.11875     0.92006     3.13459
  205    858    -2.18770     0.92144     3.12943
  206    858    -2.18480     0.92144     3.12943
  207    858    -2.18191     0.92144     3.12943
  208    858    -2.17901     0.92144     3.12943
  210    858    -2.17321     0.92144     3.12943
  211    858    -2.17032     0.92144     3.12943
  212    858    -2.16742     0.92144     3.12943
  213    858    -2.16452     0.92144     3.12943
  214    858    -2.16162     0.92144     3.12943
  215    858    -2.15872     0.92144     3.12943
  216    858    -2.15583     0.92144     3.12943
  217    858    -2.15293     0.92144     3.12943
  218    858    -2.15003     0.92144     3.12943
  223    858    -2.13554     0.92144     3.12943
  224    858    -2.13265     0.92144     3.12943
  225    858    -2.12975     0.92144     3.12943
  226    858    -2.12685     0.92144     3.12943
  227    858    -2.12395     0.92144     3.12943
  228    858    -2.12106     0.92144     3.12943
  229    858    -2.11816     0.92144     3.12943
  205    859    -2.18410     0.92282     3.12428
  206    859    -2.18121     0.92282     3.12428
  207    859    -2.17832     0.92282     3.12428
  208    859    -2.17543     0.92282     3.12428
  209    859    -2.17253     0.92282     3.12428
  211    859    -2.16675     0.92282     3.12428
  212    859    -2.16385     0.92282     3.12428
  213    859    -2.16096     0.92282     3.12428
  214    859    -2.15807     0.92282     3.12428
  215    859    -2.15518     0.92282     3.12428
  216    859    -2.15228     0.92282     3.12428
  217    859    -2.14939     0.92282     3.12428
  222    859    -2.13493     0.92282     3.12428
  223    859    -2.13203     0.92282     3.12428
  224    859    -2.12914     0.92282     3.12428
  225    859    -2.12625     0.92282     3.12428
  226    859    -2.12336     0.92282     3.12428
  227    859    -2.12046     0.92282     3.12428
  228    859    -2.11757     0.92282     3.12428
  205    860    -2.18052     0.92419     3.11916
  206    860    -2.17763     0.92419     3.11916
  207    860    -2.17474     0.92419     3.11916
  208    860    -2.17186     0.92419     3.11916
  209    860    -2.16897     0.92419     3.11916
  212    860    -2.16030     0.92419     3.11916
  213    860    -2.15742     0.92419     3.11916
  214    860    -2.15453     0.92419     3.11916
  215    860    -2.15164     0.92419     3.11916
  216    860    -2.14875     0.92419     3.11916
  222    860    -2.13142     0.92419     3.11916
  223    860    -2.12853     0.92419     3.11916
  224    860    -2.12565     0.92419     3.11916
  225    860    -2.12276     0.92419     3.11916
  226    860    -2.11987     0.92419     3.11916
  227    860    -2.11698     0.92419     3.11916
  205    861    -2.17695     0.92556     3.11405
  206    861    -2.17407     0.92556     3.11405
  207    861    -2.17118     0.92556     3.11405
  208    861    -2.16830     0.92556     3.11405
  209    861    -2.16541     0.92556     3.11405
  212    861    -2.15676     0.92556     3.11405
  213    861    -2.15388     0.92556     3.11405
  214    861    -2.15100     0.92556     3.11405
  221    861    -2.13081     0.92556     3.11405
  222    861    -2.12793     0.92556     3.11405
  223    861    -2.12505     0.92556     3.11405
  224    861    -2.12216     0.92556     3.11405
  225    861    -2.11928     0.92556     3.11405
  226    861    -2.11640     0.92556     3.11405
  227    861    -2.11351     0.92556     3.11405
  205    862    -2.17339     0.92693     3.10895
  206    862    -2.17051     0.92693     3.10895
  207    862    -2.16763     0.92693     3.10895
  208    862    -2.16475     0.92693     3.10895
  209    862    -2.16187     0.92693     3.10895
  211    862    -2.15612     0.92693     3.10895
  212    862    -2.15324     0.92693     3.10895
  213    862    -2.15036     0.92693     3.10895
  220    862    -2.13021     0.92693     3.10895
  221    862    -2.12733     0.92693     3.10895
  222    862    -2.12445     0.92693     3.10895
  223    862    -2.12157     0.92693     3.10895
  224    862    -2.11869     0.92693     3.10895
  225    862    -2.11581     0.92693     3.10895
  226    862    -2.11294     0.92693     3.10895
  205    863    -2.16984     0.92829     3.10388
  206    863    -2.16696     0.92829     3.10388
  207    863    -2.16409     0.92829     3.10388
  208    863    -2.16122     0.92829     3.10388
  209    863    -2.15834     0.92829     3.10388
  210    863    -2.15547     0.92829     3.10388
  211    863    -2.15259     0.92829     3.10388
  212    863    -2.14972     0.92829     3.10388
  219    863    -2.12960     0.92829     3.10388
  220    863    -2.12673     0.92829     3.10388
  221    863    -2.12386     0.92829     3.10388
  222    863    -2.12098     0.92829     3.10388
  223    863    -2.11811     0.92829     3.10388
  224    863    -2.11523     0.92829     3.10388
  225    863    -2.11236     0.92829     3.10388
  205    864    -2.16630     0.92964     3.09882
  206    864    -2.16343     0.92964     3.09882
  207    864    -2.16056     0.92964     3.09882
  208    864    -2.15769     0.92964     3.09882
  209    864    -2.15482     0.92964     3.09882
  210    864    -2.15195     0.92964     3.09882
  211    864    -2.14909     0.92964     3.09882
  212    864    -2.14622     0.92964     3.09882
  218    864    -2.12900     0.92964     3.09882
  219    864    -2.12613     0.92964     3.09882
  220    864    -2.12326     0.92964     3.09882
  221    864    -2.12039     0.92964     3.09882
  222    864    -2.11752     0.92964     3.09882
  223    864    -2.11465     0.92964     3.09882
  224    864    -2.11179     0.92964     3.09882
  204    865    -2.16564     0.93100     3.09377
  205    865    -2.16278     0.93100     3.09377
  206    865    -2.15991     0.93100     3.09377
  207    865    -2.15705     0.93100     3.09377
  208    865    -2.15418     0.93100     3.09377
  209    865    -2.15132     0.93100     3.09377
  210    865    -2.14845     0.93100     3.09377
  211    865    -2.14559     0.93100     3.09377
  217    865    -2.12840     0.93100     3.09377
  218    865    -2.12554     0.93100     3.09377
  219    865    -2.12267     0.93100     3.09377
  220    865    -2.11981     0.93100     3.09377
  221    865    -2.11694     0.93100     3.09377
  222    865    -2.11408     0.93100     3.09377
  223    865    -2.11121     0.93100     3.09377
  204    866    -2.16212     0.93234     3.08874
  205    866    -2.15926     0.93234     3.08874
  206    866    -2.15640     0.93234     3.08874
  207    866    -2.15354     0.93234     3.08874
  208    866    -2.15068     0.93234     3.08874
  209    866    -2.14782     0.93234     3.08874
  210    866    -2.14496     0.93234     3.08874
  216    866    -2.12780     0.93234     3.08874
  217    866    -2.12494     0.93234     3.08874
  218    866    -2.12208     0.93234     3.08874
  219    866    -2.11922     0.93234     3.08874
  220    866    -2.11636     0.93234     3.08874
  221    866    -2.11350     0.93234     3.08874
  222    866    -2.11064     0.93234     3.08874
  223    866    -2.10778     0.93234     3.08874
  204    867    -2.15861     0.93369     3.08373
  205    867    -2.15576     0.93369     3.08373
  206    867    -2.15290     0.93369     3.08373
  207    867    -2.15005     0.93369     3.08373
  208    867    -2.14719     0.93369     3.08373
  215    867    -2.12720     0.93369     3.08373
  216    867    -2.12435     0.93369     3.08373
  217    867    -2.12149     0.93369     3.08373
  218    867    -2.11864     0.93369     3.08373
  219    867    -2.11578     0.93369     3.08373
  220    867    -2.11293     0.93369     3.08373
  221    867    -2.11007     0.93369     3.08373
  222    867    -2.10722     0.93369     3.08373
  200    868    -2.16652     0.93502     3.07874
  201    868    -2.16367     0.93502     3.07874
  202    868    -2.16082     0.93502     3.07874
  203    868    -2.15797     0.93502     3.07874
  204    868    -2.15512     0.93502     3.07874
  205    868    -2.15227     0.93502     3.07874
  206    868    -2.14942     0.93502     3.07874
  207    868    -2.14656     0.93502     3.07874
  208    868    -2.14371     0.93502     3.07874
  215    868    -2.12376     0.93502     3.07874
  216    868    -2.12091     0.93502     3.07874
  217    868    -2.11806     0.93502     3.07874
  218    868    -2.11521     0.93502     3.07874
  219    868    -2.11236     0.93502     3.07874
  220    868    -2.10951     0.93502     3.07874
  221    868    -2.10665     0.93502     3.07874
  199    869    -2.16586     0.93636     3.07376
  200    869    -2.16302     0.93636     3.07376
  201    869    -2.16017     0.93636     3.07376
  202    869    -2.15732     0.93636     3.07376
  203    869    -2.15448     0.93636     3.07376
  204    869    -2.15163     0.93636     3.07376
  205    869    -2.14879     0.93636     3.07376
  206    869    -2.14594     0.93636     3.07376
  207    869    -2.14309     0.93636     3.07376
  208    869    -2.14025     0.93636     3.07376
  214    869    -2.12317     0.93636     3.07376
  215    869    -2.12032     0.93636     3.07376
  216    869    -2.11748     0.93636     3.07376
  217    869    -2.11463     0.93636     3.07376
  218    869    -2.11179     0.93636     3.07376
  219    869    -2.10894     0.93636     3.07376
  220    869    -2.10609     0.93636     3.07376
  198    870    -2.16521     0.93769     3.06880
  199    870    -2.16237     0.93769     3.06880
  200    870    -2.15952     0.93769     3.06880
  201    870    -2.15668     0.93769     3.06880
  202    870    -2.15384     0.93769     3.06880
  203    870    -2.15100     0.93769     3.06880
  204    870    -2.14816     0.93769     3.06880
  205    870    -2.14532     0.93769     3.06880
  206    870    -2.14247     0.93769     3.06880
  207    870    -2.13963     0.93769     3.06880
  208    870    -2.13679     0.93769     3.06880
  213    870    -2.12258     0.93769     3.06880
  214    870    -2.11974     0.93769     3.06880
  215    870    -2.11690     0.93769     3.06880
  216    870    -2.11406     0.93769     3.06880
  217    870    -2.11122     0.93769     3.06880
  218    870    -2.10838     0.93769     3.06880
  219    870    -2.10554     0.93769     3.06880
  198    871    -2.16172     0.93901     3.06385
  199    871    -2.15888     0.93901     3.06385
  200    871    -2.15604     0.93901     3.06385
  201    871    -2.15321     0.93901     3.06385
  202    871    -2.15037     0.93901     3.06385
  203    871    -2.14753     0.93901     3.06385
  204    871    -2.14470     0.93901     3.06385
  205    871    -2.14186     0.93901     3.06385
  206    871    -2.13902     0.93901     3.06385
  207    871    -2.13618     0.93901     3.06385
  212    871    -2.12200     0.93901     3.06385
  213    871    -2.11916     0.93901     3.06385
  214    871    -2.11633     0.93901     3.06385
  215    871    -2.11349     0.93901     3.06385
  216    871    -2.11065     0.93901     3.06385
  217    871    -2.10782     0.93901     3.06385
  218    871    -2.10498     0.93901     3.06385
  198    872    -2.15824     0.94033     3.05892
  199    872    -2.15541     0.94033     3.05892
  200    872    -2.15257     0.94033     3.05892
  201    872    -2.14974     0.94033     3.05892
  202    872    -2.14691     0.94033     3.05892
  203    872    -2.14408     0.94033     3.05892
  204    872    -2.14124     0.94033     3.05892
  205    872    -2.13841     0.94033     3.05892
  210    872    -2.12425     0.94033     3.05892
  211    872    -2.12142     0.94033     3.05892
  212    872    -2.11858     0.94033     3.05892
  213    872    -2.11575     0.94033     3.05892
  214    872    -2.11292     0.94033     3.05892
  215    872    -2.11009     0.94033     3.05892
  216    872    -2.10726     0.94033     3.05892
  217    872    -2.10442     0.94033     3.05892
  197    873    -2.15760     0.94165     3.05400
  198    873    -2.15477     0.94165     3.05400
  199    873    -2.15194     0.94165     3.05400
  200    873    -2.14911     0.94165     3.05400
  201    873    -2.14629     0.94165     3.05400
  202    873    -2.14346     0.94165     3.05400
  203    873    -2.14063     0.94165     3.05400
  209    873    -2.12366     0.94165     3.05400
  210    873    -2.12084     0.94165     3.05400
  211    873    -2.11801     0.94165     3.05400
  212    873    -2.11518     0.94165     3.05400
  213    873    -2.11235     0.94165     3.05400
  214    873    -2.10953     0.94165     3.05400
  215    873    -2.10670     0.94165     3.05400
  216    873    -2.10387     0.94165     3.05400
  197    874    -2.15414     0.94296     3.04911
  198    874    -2.15131     0.94296     3.04911
  199    874    -2.14849     0.94296     3.04911
  200    874    -2.14567     0.94296     3.04911
  201    874    -2.14284     0.94296     3.04911
  202    874    -2.14002     0.94296     3.04911
  209    874    -2.12026     0.94296     3.04911
  210    874    -2.11743     0.94296     3.04911
  211    874    -2.11461     0.94296     3.04911
  212    874    -2.11179     0.94296     3.04911
  213    874    -2.10896     0.94296     3.04911
  214    874    -2.10614     0.94296     3.04911
  215    874    -2.10332     0.94296     3.04911
  196    875    -2.15351     0.94427     3.04422
  197    875    -2.15069     0.94427     3.04422
  198    875    -2.14787     0.94427     3.04422
  199    875    -2.14505     0.94427     3.04422
  200    875    -2.14223     0.94427     3.04422
  201    875    -2.13941     0.94427     3.04422
  202    875    -2.13659     0.94427     3.04422
  208    875    -2.11968     0.94427     3.04422
  209    875    -2.11686     0.94427     3.04422
  210    875    -2.11404     0.94427     3.04422
  211    875    -2.11122     0.94427     3.04422
  212    875    -2.10841     0.94427     3.04422
  213    875    -2.10559     0.94427     3.04422
  214    875    -2.10277     0.94427     3.04422
  169    876    -2.22605     0.94558     3.03935
  170    876    -2.22323     0.94558     3.03935
  196    876    -2.15006     0.94558     3.03935
  197    876    -2.14725     0.94558     3.03935
  198    876    -2.14443     0.94558     3.03935
  199    876    -2.14162     0.94558     3.03935
  200    876    -2.13880     0.94558     3.03935
  201    876    -2.13599     0.94558     3.03935
  207    876    -2.11911     0.94558     3.03935
  208    876    -2.11629     0.94558     3.03935
  209    876    -2.11348     0.94558     3.03935
  210    876    -2.11066     0.94558     3.03935
  211    876    -2.10785     0.94558     3.03935
  212    876    -2.10503     0.94558     3.03935
  213    876    -2.10222     0.94558     3.03935
  168    877    -2.22530     0.94688     3.03450
  169    877    -2.22249     0.94688     3.03450
  170    877    -2.21968     0.94688     3.03450
  171    877    -2.21687     0.94688     3.03450
  191    877    -2.16068     0.94688     3.03450
  192    877    -2.15787     0.94688     3.03450
  193    877    -2.15506     0.94688     3.03450
  194    877    -2.15225     0.94688     3.03450
  195    877    -2.14944     0.94688     3.03450
  196    877    -2.14663     0.94688     3.03450
  197    877    -2.14382     0.94688     3.03450
  198    877    -2.14101     0.94688     3.03450
  199    877    -2.13820     0.94688     3.03450
  200    877    -2.13539     0.94688     3.03450
  206    877    -2.11853     0.94688     3.03450
  207    877    -2.11572     0.94688     3.03450
  208    877    -2.11291     0.94688     3.03450
  209    877    -2.11010     0.94688     3.03450
  210    877    -2.10729     0.94688     3.03450
  211    877    -2.10448     0.94688     3.03450
  212    877    -2.10167     0.94688     3.03450
  167    878    -2.22456     0.94817     3.02967
  168    878    -2.22175     0.94817     3.02967
  171    878    -2.21334     0.94817     3.02967
  172    878    -2.21053     0.94817     3.02967
  187    878    -2.16846     0.94817     3.02967
  188    878    -2.16565     0.94817     3.02967
  189    878    -2.16284     0.94817     3.02967
  190    878    -2.16004     0.94817     3.02967
  191    878    -2.15723     0.94817     3.02967
  192    878    -2.15443     0.94817     3.02967
  193    878    -2.15162     0.94817     3.02967
  194    878    -2.14882     0.94817     3.02967
  195    878    -2.14601     0.94817     3.02967
  196    878    -2.14321     0.94817     3.02967
  197    878    -2.14040     0.94817     3.02967
  198    878    -2.13760     0.94817     3.02967
  199    878    -2.13479     0.94817     3.02967
  200    878    -2.13199     0.94817     3.02967
  205    878    -2.11796     0.94817     3.02967
  206    878    -2.11516     0.94817     3.02967
  207    878    -2.11235     0.94817     3.02967
  208    878    -2.10954     0.94817     3.02967
  209    878    -2.10674     0.94817     3.02967
  210    878    -2.10393     0.94817     3.02967
  211    878    -2.10113     0.94817     3.02967
  168    879    -2.21822     0.94946     3.02484
  169    879    -2.21542     0.94946     3.02484
  170    879    -2.21262     0.94946     3.02484
  171    879    -2.20982     0.94946     3.02484
  172    879    -2.20702     0.94946     3.02484
  186    879    -2.16780     0.94946     3.02484
  187    879    -2.16500     0.94946     3.02484
  188    879    -2.16220     0.94946     3.02484
  189    879    -2.15940     0.94946     3.02484
  190    879    -2.15660     0.94946     3.02484
  191    879    -2.15380     0.94946     3.02484
  192    879    -2.15100     0.94946     3.02484
  193    879    -2.14820     0.94946     3.02484
  194    879    -2.14540     0.94946     3.02484
  195    879    -2.14260     0.94946     3.02484
  196    879    -2.13980     0.94946     3.02484
  197    879    -2.13700     0.94946     3.02484
  198    879    -2.13420     0.94946     3.02484
  199    879    -2.13139     0.94946     3.02484
  204    879    -2.11739     0.94946     3.02484
  205    879    -2.11459     0.94946     3.02484
  206    879    -2.11179     0.94946     3.02484
  207    879    -2.10899     0.94946     3.02484
  208    879    -2.10619     0.94946     3.02484
  209    879    -2.10339     0.94946     3.02484
  210    879    -2.10059     0.94946     3.02484
  168    880    -2.21469     0.95075     3.02004
  169    880    -2.21190     0.95075     3.02004
  170    880    -2.20910     0.95075     3.02004
  171    880    -2.20631     0.95075     3.02004
  186    880    -2.16436     0.95075     3.02004
  187    880    -2.16156     0.95075     3.02004
  188    880    -2.15877     0.95075     3.02004
  189    880    -2.15597     0.95075     3.02004
  190    880    -2.15318     0.95075     3.02004
  191    880    -2.15038     0.95075     3.02004
  192    880    -2.14758     0.95075     3.02004
  193    880    -2.14479     0.95075     3.02004
  194    880    -2.14199     0.95075     3.02004
  195    880    -2.13919     0.95075     3.02004
  196    880    -2.13640     0.95075     3.02004
  197    880    -2.13360     0.95075     3.02004
  198    880    -2.13080     0.95075     3.02004
  203    880    -2.11682     0.95075     3.02004
  204    880    -2.11403     0.95075     3.02004
  205    880    -2.11123     0.95075     3.02004
  206    880    -2.10843     0.95075     3.02004
  207    880    -2.10564     0.95075     3.02004
  208    880    -2.10284     0.95075     3.02004
  209    880    -2.10005     0.95075     3.02004
  210    880    -2.09725     0.95075     3.02004
  186    881    -2.16093     0.95204     3.01525
  187    881    -2.15814     0.95204     3.01525
  188    881    -2.15534     0.95204     3.01525
  189    881    -2.15255     0.95204     3.01525
  190    881    -2.14976     0.95204     3.01525
  191    881    -2.14697     0.95204     3.01525
  192    881    -2.14418     0.95204     3.01525
  195    881    -2.13580     0.95204     3.01525
  196    881    -2.13301     0.95204     3.01525
  197    881    -2.13022     0.95204     3.01525
  202    881    -2.11626     0.95204     3.01525
  203    881    -2.11347     0.95204     3.01525
  204    881    -2.11067     0.95204     3.01525
  205    881    -2.10788     0.95204     3.01525
  206    881    -2.10509     0.95204     3.01525
  207    881    -2.10230     0.95204     3.01525
  208    881    -2.09951     0.95204     3.01525
  209    881    -2.09671     0.95204     3.01525
  186    882    -2.15750     0.95332     3.01047
  187    882    -2.15472     0.95332     3.01047
  188    882    -2.15193     0.95332     3.01047
  189    882    -2.14914     0.95332     3.01047
  191    882    -2.14357     0.95332     3.01047
  192    882    -2.14078     0.95332     3.01047
  193    882    -2.13799     0.95332     3.01047
  194    882    -2.13520     0.95332     3.01047
  195    882    -2.13242     0.95332     3.01047
  196    882    -2.12963     0.95332     3.01047
  201    882    -2.11569     0.95332     3.01047
  202    882    -2.11291     0.95332     3.01047
  203    882    -2.11012     0.95332     3.01047
  204    882    -2.10733     0.95332     3.01047
  205    882    -2.10454     0.95332     3.01047
  206    882    -2.10176     0.95332     3.01047
  207    882    -2.09897     0.95332     3.01047
  208    882    -2.09618     0.95332     3.01047
  186    883    -2.15409     0.95459     3.00571
  187    883    -2.15131     0.95459     3.00571
  188    883    -2.14853     0.95459     3.00571
  189    883    -2.14574     0.95459     3.00571
  190    883    -2.14296     0.95459     3.00571
  191    883    -2.14018     0.95459     3.00571
  192    883    -2.13739     0.95459     3.00571
  193    883    -2.13461     0.95459     3.00571
  194    883    -2.13183     0.95459     3.00571
  195    883    -2.12905     0.95459     3.00571
  196    883    -2.12626     0.95459     3.00571
  197    883    -2.12348     0.95459     3.00571
  198    883    -2.12070     0.95459     3.00571
  199    883    -2.11791     0.95459     3.00571
  200    883    -2.11513     0.95459     3.00571
  201    883    -2.11235     0.95459     3.00571
  202    883    -2.10956     0.95459     3.00571
  203    883    -2.10678     0.95459     3.00571
  204    883    -2.10400     0.95459     3.00571
  205    883    -2.10121     0.95459     3.00571
  206    883    -2.09843     0.95459     3.00571
  207    883    -2.09565     0.95459     3.00571
  186    884    -2.15069     0.95586     3.00097
  187    884    -2.14791     0.95586     3.00097
  188    884    -2.14513     0.95586     3.00097
  189    884    -2.14236     0.95586     3.00097
  190    884    -2.13958     0.95586     3.00097
  191    884    -2.13680     0.95586     3.00097
  192    884    -2.13402     0.95586     3.00097
  193    884    -2.13124     0.95586     3.00097
  194    884    -2.12846     0.95586     3.00097
  195    884    -2.12568     0.95586     3.00097
  196    884    -2.12291     0.95586     3.00097
  197    884    -2.12013     0.95586     3.00097
  198    884    -2.11735     0.95586     3.00097
  199    884    -2.11457     0.95586     3.00097
  200    884    -2.11179     0.95586     3.00097
  201    884    -2.10901     0.95586     3.00097
  202    884    -2.10623     0.95586     3.00097
  203    884    -2.10345     0.95586     3.00097
  204    884    -2.10068     0.95586     3.00097
  205    884    -2.09790     0.95586     3.00097
  206    884    -2.09512     0.95586     3.00097
  161    885    -2.21666     0.95713     2.99624
  162    885    -2.21388     0.95713     2.99624
  186    885    -2.14730     0.95713     2.99624
  187    885    -2.14453     0.95713     2.99624
  188    885    -2.14175     0.95713     2.99624
  189    885    -2.13898     0.95713     2.99624
  190    885    -2.13620     0.95713     2.99624
  191    885    -2.13343     0.95713     2.99624
  192    885    -2.13066     0.95713     2.99624
  193    885    -2.12788     0.95713     2.99624
  194    885    -2.12511     0.95713     2.99624
  195    885    -2.12233     0.95713     2.99624
  196    885    -2.11956     0.95713     2.99624
  197    885    -2.11678     0.95713     2.99624
  198    885    -2.11401     0.95713     2.99624
  199    885    -2.11124     0.95713     2.99624
  200    885    -2.10846     0.95713     2.99624
  201    885    -2.10569     0.95713     2.99624
  202    885    -2.10291     0.95713     2.99624
  203    885    -2.10014     0.95713     2.99624
  204    885    -2.09736     0.95713     2.99624
  205    885    -2.09459     0.95713     2.99624
  187    886    -2.14115     0.95839     2.99152
  188    886    -2.13838     0.95839     2.99152
  189    886    -2.13561     0.95839     2.99152
  190    886    -2.13284     0.95839     2.99152
  191    886    -2.13007     0.95839     2.99152
  192    886    -2.12730     0.95839     2.99152
  193    886    -2.12453     0.95839     2.99152
  194    886    -2.12176     0.95839     2.99152
  195    886    -2.11899     0.95839     2.99152
  196    886    -2.11622     0.95839     2.99152
  197    886    -2.11345     0.95839     2.99152
  198    886    -2.11068     0.95839     2.99152
  199    886    -2.10791     0.95839     2.99152
  200    886    -2.10514     0.95839     2.99152
  201    886    -2.10237     0.95839     2.99152
  202    886    -2.09960     0.95839     2.99152
  203    886    -2.09683     0.95839     2.99152
  204    886    -2.09406     0.95839     2.99152
  188    887    -2.13502     0.95965     2.98682
  189    887    -2.13226     0.95965     2.98682
  194    887    -2.11843     0.95965     2.98682
  195    887    -2.11566     0.95965     2.98682
  196    887    -2.11290     0.95965     2.98682
  197    887    -2.11013     0.95965     2.98682
  198    887    -2.10737     0.95965     2.98682
  199    887    -2.10460     0.95965     2.98682
  200    887    -2.10184     0.95965     2.98682
  201    887    -2.09907     0.95965     2.98682
  202    887    -2.09630     0.95965     2.98682
  203    887    -2.09354     0.95965     2.98682
  162    888    -2.20346     0.96091     2.98213
  163    888    -2.20070     0.96091     2.98213
  195    888    -2.11234     0.96091     2.98213
  196    888    -2.10958     0.96091     2.98213
  197    888    -2.10682     0.96091     2.98213
  198    888    -2.10406     0.96091     2.98213
  199    888    -2.10130     0.96091     2.98213
  200    888    -2.09854     0.96091     2.98213
  195    889    -2.10904     0.96216     2.97746
  196    889    -2.10628     0.96216     2.97746
  197    889    -2.10352     0.96216     2.97746
  198    889    -2.10076     0.96216     2.97746
  156    890    -2.21309     0.96341     2.97280
  157    890    -2.21034     0.96341     2.97280
  158    890    -2.20758     0.96341     2.97280
  155    891    -2.21238     0.96465     2.96816
  156    891    -2.20963     0.96465     2.96816
  157    891    -2.20688     0.96465     2.96816
  158    891    -2.20414     0.96465     2.96816
  159    891    -2.20139     0.96465     2.96816
  154    892    -2.21167     0.96589     2.96353
  155    892    -2.20893     0.96589     2.96353
  156    892    -2.20619     0.96589     2.96353
  158    892    -2.20070     0.96589     2.96353
  159    892    -2.19795     0.96589     2.96353
  153    893    -2.21097     0.96713     2.95892
  154    893    -2.20823     0.96713     2.95892
  155    893    -2.20549     0.96713     2.95892
  158    893    -2.19727     0.96713     2.95892
  159    893    -2.19453     0.96713     2.95892
  151    894    -2.21301     0.96836     2.95432
  152    894    -2.21027     0.96836     2.95432
  153    894    -2.20754     0.96836     2.95432
  154    894    -2.20480     0.96836     2.95432
  157    894    -2.19659     0.96836     2.95432
  158    894    -2.19386     0.96836     2.95432
  159    894    -2.19112     0.96836     2.95432
  150    895    -2.21230     0.96959     2.94974
  151    895    -2.20957     0.96959     2.94974
  152    895    -2.20684     0.96959     2.94974
  153    895    -2.20411     0.96959     2.94974
  156    895    -2.19592     0.96959     2.94974
  157    895    -2.19318     0.96959     2.94974
  158    895    -2.19045     0.96959     2.94974
  150    896    -2.20888     0.97081     2.94517
  151    896    -2.20615     0.97081     2.94517
  152    896    -2.20342     0.97081     2.94517
  154    896    -2.19797     0.97081     2.94517
  155    896    -2.19524     0.97081     2.94517
  156    896    -2.19251     0.97081     2.94517
  157    896    -2.18979     0.97081     2.94517
  149    897    -2.20818     0.97204     2.94061
  150    897    -2.20546     0.97204     2.94061
  151    897    -2.20274     0.97204     2.94061
  153    897    -2.19729     0.97204     2.94061
  154    897    -2.19457     0.97204     2.94061
  155    897    -2.19184     0.97204     2.94061
  149    898    -2.20477     0.97325     2.93607
  150    898    -2.20205     0.97325     2.93607
  151    898    -2.19933     0.97325     2.93607
  152    898    -2.19661     0.97325     2.93607
  153    898    -2.19390     0.97325     2.93607
  154    898    -2.19118     0.97325     2.93607
  155    898    -2.18846     0.97325     2.93607
  150    899    -2.19866     0.97447     2.93154
  151    899    -2.19594     0.97447     2.93154
  152    899    -2.19323     0.97447     2.93154
  153    899    -2.19051     0.97447     2.93154
  154    899    -2.18780     0.97447     2.93154
  151    900    -2.19256     0.97568     2.92703
  152    900    -2.18985     0.97568     2.92703
  155    910    -2.14863     0.98757     2.88264
  156    910    -2.14596     0.98757     2.88264
  157    910    -2.14329     0.98757     2.88264
  158    910    -2.14062     0.98757     2.88264
  159    910    -2.13795     0.98757     2.88264
  154    911    -2.14804     0.98874     2.87827
  155    911    -2.14538     0.98874     2.87827
  156    911    -2.14271     0.98874     2.87827
  157    911    -2.14005     0.98874     2.87827
  158    911    -2.13738     0.98874     2.87827
  159    911    -2.13472     0.98874     2.87827
  160    911    -2.13205     0.98874     2.87827
  153    912    -2.14746     0.98991     2.87392
  154    912    -2.14479     0.98991     2.87392
  155    912    -2.14213     0.98991     2.87392
  156    912    -2.13947     0.98991     2.87392
  157    912    -2.13681     0.98991     2.87392
  158    912    -2.13415     0.98991     2.87392
  159    912    -2.13149     0.98991     2.87392
  160    912    -2.12883     0.98991     2.87392
  151    913    -2.14953     0.99107     2.86958
  152    913    -2.14687     0.99107     2.86958
  153    913    -2.14421     0.99107     2.86958
  154    913    -2.14156     0.99107     2.86958
  155    913    -2.13890     0.99107     2.86958
  156    913    -2.13624     0.99107     2.86958
  158    913    -2.13093     0.99107     2.86958
  159    913    -2.12827     0.99107     2.86958
  160    913    -2.12561     0.99107     2.86958
  161    913    -2.12296     0.99107     2.86958
  162    913    -2.12030     0.99107     2.86958
  145    914    -2.16221     0.99223     2.86525
  146    914    -2.15955     0.99223     2.86525
  147    914    -2.15690     0.99223     2.86525
  148    914    -2.15425     0.99223     2.86525
  149    914    -2.15159     0.99223     2.86525
  150    914    -2.14894     0.99223     2.86525
  151    914    -2.14629     0.99223     2.86525
  152    914    -2.14363     0.99223     2.86525
  153    914    -2.14098     0.99223     2.86525
  154    914    -2.13833     0.99223     2.86525
  155    914    -2.13568     0.99223     2.86525
  156    914    -2.13302     0.99223     2.86525
  157    914    -2.13037     0.99223     2.86525
  158    914    -2.12772     0.99223     2.86525
  159    914    -2.12506     0.99223     2.86525
  160    914    -2.12241     0.99223     2.86525
  161    914    -2.11976     0.99223     2.86525
  162    914    -2.11710     0.99223     2.86525
  163    914    -2.11445     0.99223     2.86525
  164    914    -2.11180     0.99223     2.86525
  144    915    -2.16160     0.99338     2.86094
  145    915    -2.15895     0.99338     2.86094
  146    915    -2.15630     0.99338     2.86094
  147    915    -2.15365     0.99338     2.86094
  148    915    -2.15100     0.99338     2.86094
  149    915    -2.14836     0.99338     2.86094
  150    915    -2.14571     0.99338     2.86094
  151    915    -2.14306     0.99338     2.86094
  152    915    -2.14041     0.99338     2.86094
  153    915    -2.13776     0.99338     2.86094
  154    915    -2.13511     0.99338     2.86094
  155    915    -2.13246     0.99338     2.86094
  156    915    -2.12981     0.99338     2.86094
  157    915    -2.12716     0.99338     2.86094
  158    915    -2.12451     0.99338     2.86094
  159    915    -2.12187     0.99338     2.86094
  160    915    -2.11922     0.99338     2.86094
  161    915    -2.11657     0.99338     2.86094
  162    915    -2.11392     0.99338     2.86094
  163    915    -2.11127     0.99338     2.86094
  164    915    -2.10862     0.99338     2.86094
  165    915    -2.10597     0.99338     2.86094
  144    916    -2.15835     0.99453     2.85664
  145    916    -2.15571     0.99453     2.85664
  146    916    -2.15306     0.99453     2.85664
  147    916    -2.15042     0.99453     2.85664
  148    916    -2.14777     0.99453     2.85664
  149    916    -2.14513     0.99453     2.85664
  150    916    -2.14248     0.99453     2.85664
  151    916    -2.13984     0.99453     2.85664
  152    916    -2.13719     0.99453     2.85664
  153    916    -2.13455     0.99453     2.85664
  154    916    -2.13190     0.99453     2.85664
  155    916    -2.12926     0.99453     2.85664
  156    916    -2.12661     0.99453     2.85664
  157    916    -2.12397     0.99453     2.85664
  158    916    -2.12132     0.99453     2.85664
  159    916    -2.11868     0.99453     2.85664
  160    916    -2.11603     0.99453     2.85664
  161    916    -2.11339     0.99453     2.85664
  162    916    -2.11074     0.99453     2.85664
  163    916    -2.10810     0.99453     2.85664
  164    916    -2.10545     0.99453     2.85664
  165    916    -2.10281     0.99453     2.85664
  166    916    -2.10016     0.99453     2.85664
  167    916    -2.09752     0.99453     2.85664
  168    916    -2.09487     0.99453     2.85664
  169    916    -2.09223     0.99453     2.85664
  170    916    -2.08958     0.99453     2.85664
  171    916    -2.08694     0.99453     2.85664
  143    917    -2.15775     0.99568     2.85236
  144    917    -2.15511     0.99568     2.85236
  145    917    -2.15247     0.99568     2.85236
  146    917    -2.14983     0.99568     2.85236
  147    917    -2.14719     0.99568     2.85236
  148    917    -2.14455     0.99568     2.85236
  149    917    -2.14191     0.99568     2.85236
  150    917    -2.13927     0.99568     2.85236
  151    917    -2.13663     0.99568     2.85236
  152    917    -2.13398     0.99568     2.85236
  153    917    -2.13134     0.99568     2.85236
  154    917    -2.12870     0.99568     2.85236
  155    917    -2.12606     0.99568     2.85236
  156    917    -2.12342     0.99568     2.85236
  157    917    -2.12078     0.99568     2.85236
  158    917    -2.11814     0.99568     2.85236
  159    917    -2.11550     0.99568     2.85236
  160    917    -2.11286     0.99568     2.85236
  161    917    -2.11021     0.99568     2.85236
  162    917    -2.10757     0.99568     2.85236
  163    917    -2.10493     0.99568     2.85236
  164    917    -2.10229     0.99568     2.85236
  165    917    -2.09965     0.99568     2.85236
  166    917    -2.09701     0.99568     2.85236
  167    917    -2.09437     0.99568     2.85236
  168    917    -2.09173     0.99568     2.85236
  169    917    -2.08909     0.99568     2.85236
  170    917    -2.08644     0.99568     2.85236
  171    917    -2.08380     0.99568     2.85236
  142    918    -2.15716     0.99683     2.84808
  143    918    -2.15452     0.99683     2.84808
  144    918    -2.15188     0.99683     2.84808
  145    918    -2.14925     0.99683     2.84808
  146    918    -2.14661     0.99683     2.84808
  147    918    -2.14397     0.99683     2.84808
  148    918    -2.14134     0.99683     2.84808
  149    918    -2.13870     0.99683     2.84808
  150    918    -2.13606     0.99683     2.84808
  151    918    -2.13342     0.99683     2.84808
  152    918    -2.13079     0.99683     2.84808
  153    918    -2.12815     0.99683     2.84808
  154    918    -2.12551     0.99683     2.84808
  155    918    -2.12288     0.99683     2.84808
  156    918    -2.12024     0.99683     2.84808
  157    918    -2.11760     0.99683     2.84808
  158    918    -2.11496     0.99683     2.84808
  159    918    -2.11233     0.99683     2.84808
  160    918    -2.10969     0.99683     2.84808
  161    918    -2.10705     0.99683     2.84808
  162    918    -2.10442     0.99683     2.84808
  163    918    -2.10178     0.99683     2.84808
  164    918    -2.09914     0.99683     2.84808
  165    918    -2.09650     0.99683     2.84808
  166    918    -2.09387     0.99683     2.84808
  167    918    -2.09123     0.99683     2.84808
  168    918    -2.08859     0.99683     2.84808
  169    918    -2.08596     0.99683     2.84808
  170    918    -2.08332     0.99683     2.84808
  171    918    -2.08068     0.99683     2.84808
  142    919    -2.15393     0.99797     2.84382
  143    919    -2.15130     0.99797     2.84382
  144    919    -2.14866     0.99797     2.84382
  145    919    -2.14603     0.99797     2.84382
  146    919    -2.14340     0.99797     2.84382
  150    919    -2.13287     0.99797     2.84382
  151    919    -2.13023     0.99797     2.84382
  152    919    -2.12760     0.99797     2.84382
  154    919    -2.12233     0.99797     2.84382
  155    919    -2.11970     0.99797     2.84382
  156    919    -2.11707     0.99797     2.84382
  161    919    -2.10390     0.99797     2.84382
  162    919    -2.10127     0.99797     2.84382
  163    919    -2.09863     0.99797     2.84382
  164    919    -2.09600     0.99797     2.84382
  165    919    -2.09337     0.99797     2.84382
  166    919    -2.09073     0.99797     2.84382
  167    919    -2.08810     0.99797     2.84382
  168    919    -2.08547     0.99797     2.84382
  169    919    -2.08283     0.99797     2.84382
  170    919    -2.08020     0.99797     2.84382
  171    919    -2.07757     0.99797     2.84382
  172    919    -2.07494     0.99797     2.84382
  173    919    -2.07230     0.99797     2.84382
  142    920    -2.15071     0.99911     2.83957
  143    920    -2.14808     0.99911     2.83957
  144    920    -2.14545     0.99911     2.83957
  145    920    -2.14282     0.99911     2.83957
  146    920    -2.14020     0.99911     2.83957
  151    920    -2.12705     0.99911     2.83957
  152    920    -2.12442     0.99911     2.83957
  154    920    -2.11916     0.99911     2.83957
  155    920    -2.11653     0.99911     2.83957
  162    920    -2.09813     0.99911     2.83957
  163    920    -2.09550     0.99911     2.83957
  164    920    -2.09287     0.99911     2.83957
  165    920    -2.09024     0.99911     2.83957
  166    920    -2.08761     0.99911     2.83957
  167    920    -2.08498     0.99911     2.83957
  168    920    -2.08235     0.99911     2.83957
  169    920    -2.07972     0.99911     2.83957
  170    920    -2.07709     0.99911     2.83957
  171    920    -2.07446     0.99911     2.83957
  172    920    -2.07184     0.99911     2.83957
  173    920    -2.06921     0.99911     2.83957
  142    921    -2.14750     1.00024     2.83534
  143    921    -2.14488     1.00024     2.83534
  144    921    -2.14225     1.00024     2.83534
  145    921    -2.13963     1.00024     2.83534
  146    921    -2.13700     1.00024     2.83534
  151    921    -2.12388     1.00024     2.83534
  154    921    -2.11600     1.00024     2.83534
  155    921    -2.11338     1.00024     2.83534
  161    921    -2.09762     1.00024     2.83534
  162    921    -2.09500     1.00024     2.83534
  163    921    -2.09237     1.00024     2.83534
  168    921    -2.07925     1.00024     2.83534
  169    921    -2.07662     1.00024     2.83534
  170    921    -2.07400     1.00024     2.83534
  171    921    -2.07137     1.00024     2.83534
  172    921    -2.06875     1.00024     2.83534
  143    922    -2.14168     1.00138     2.83111
  144    922    -2.13906     1.00138     2.83111
  145    922    -2.13644     1.00138     2.83111
  146    922    -2.13382     1.00138     2.83111
  147    922    -2.13120     1.00138     2.83111
  150    922    -2.12333     1.00138     2.83111
  153    922    -2.11547     1.00138     2.83111
  154    922    -2.11285     1.00138     2.83111
  155    922    -2.11023     1.00138     2.83111
  161    922    -2.09450     1.00138     2.83111
  162    922    -2.09188     1.00138     2.83111
  163    922    -2.08926     1.00138     2.83111
  167    922    -2.07877     1.00138     2.83111
  168    922    -2.07615     1.00138     2.83111
  169    922    -2.07353     1.00138     2.83111
  170    922    -2.07091     1.00138     2.83111
  171    922    -2.06829     1.00138     2.83111
  172    922    -2.06566     1.00138     2.83111
  142    923    -2.14112     1.00250     2.82690
  143    923    -2.13850     1.00250     2.82690
  144    923    -2.13588     1.00250     2.82690
  145    923    -2.13326     1.00250     2.82690
  146    923    -2.13065     1.00250     2.82690
  147    923    -2.12803     1.00250     2.82690
  150    923    -2.12018     1.00250     2.82690
  152    923    -2.11494     1.00250     2.82690
  153    923    -2.11232     1.00250     2.82690
  154    923    -2.10971     1.00250     2.82690
  161    923    -2.09138     1.00250     2.82690
  162    923    -2.08877     1.00250     2.82690
  167    923    -2.07568     1.00250     2.82690
  168    923    -2.07306     1.00250     2.82690
  169    923    -2.07044     1.00250     2.82690
  170    923    -2.06783     1.00250     2.82690
  171    923    -2.06521     1.00250     2.82690
  141    924    -2.14055     1.00363     2.82270
  142    924    -2.13794     1.00363     2.82270
  143    924    -2.13532     1.00363     2.82270
  144    924    -2.13271     1.00363     2.82270
  145    924    -2.13010     1.00363     2.82270
  146    924    -2.12748     1.00363     2.82270
  147    924    -2.12487     1.00363     2.82270
  150    924    -2.11703     1.00363     2.82270
  151    924    -2.11441     1.00363     2.82270
  152    924    -2.11180     1.00363     2.82270
  153    924    -2.10919     1.00363     2.82270
  161    924    -2.08828     1.00363     2.82270
  162    924    -2.08566     1.00363     2.82270
  163    924    -2.08305     1.00363     2.82270
  166    924    -2.07521     1.00363     2.82270
  167    924    -2.07260     1.00363     2.82270
  168    924    -2.06998     1.00363     2.82270
  169    924    -2.06737     1.00363     2.82270
  170    924    -2.06476     1.00363     2.82270
  140    925    -2.13999     1.00475     2.81852
  141    925    -2.13738     1.00475     2.81852
  142    925    -2.13477     1.00475     2.81852
  143    925    -2.13216     1.00475     2.81852
  144    925    -2.12955     1.00475     2.81852
  145    925    -2.12694     1.00475     2.81852
  146    925    -2.12433     1.00475     2.81852
  147    925    -2.12172     1.00475     2.81852
  162    925    -2.08257     1.00475     2.81852
  163    925    -2.07996     1.00475     2.81852
  164    925    -2.07735     1.00475     2.81852
  165    925    -2.07474     1.00475     2.81852
  166    925    -2.07213     1.00475     2.81852
  167    925    -2.06952     1.00475     2.81852
  168    925    -2.06691     1.00475     2.81852
  169    925    -2.06430     1.00475     2.81852
  170    925    -2.06169     1.00475     2.81852
  140    926    -2.13682     1.00587     2.81435
  141    926    -2.13421     1.00587     2.81435
  142    926    -2.13161     1.00587     2.81435
  143    926    -2.12900     1.00587     2.81435
  144    926    -2.12639     1.00587     2.81435
  145    926    -2.12379     1.00587     2.81435
  146    926    -2.12118     1.00587     2.81435
  163    926    -2.07688     1.00587     2.81435
  164    926    -2.07428     1.00587     2.81435
  165    926    -2.07167     1.00587     2.81435
  166    926    -2.06907     1.00587     2.81435
  167    926    -2.06646     1.00587     2.81435
  168    926    -2.06385     1.00587     2.81435
  169    926    -2.06125     1.00587     2.81435
  140    927    -2.13366     1.00698     2.81018
  141    927    -2.13106     1.00698     2.81018
  142    927    -2.12845     1.00698     2.81018
  143    927    -2.12585     1.00698     2.81018
  144    927    -2.12325     1.00698     2.81018
  145    927    -2.12065     1.00698     2.81018
  162    927    -2.07641     1.00698     2.81018
  163    927    -2.07381     1.00698     2.81018
  164    927    -2.07121     1.00698     2.81018
  165    927    -2.06861     1.00698     2.81018
  166    927    -2.06601     1.00698     2.81018
  167    927    -2.06340     1.00698     2.81018
  168    927    -2.06080     1.00698     2.81018
  139    928    -2.13311     1.00809     2.80604
  140    928    -2.13051     1.00809     2.80604
  141    928    -2.12791     1.00809     2.80604
  142    928    -2.12531     1.00809     2.80604
  143    928    -2.12271     1.00809     2.80604
  144    928    -2.12012     1.00809     2.80604
  161    928    -2.07595     1.00809     2.80604
  162    928    -2.07335     1.00809     2.80604
  163    928    -2.07075     1.00809     2.80604
  164    928    -2.06815     1.00809     2.80604
  165    928    -2.06555     1.00809     2.80604
  166    928    -2.06296     1.00809     2.80604
  167    928    -2.06036     1.00809     2.80604
  138    929    -2.13256     1.00920     2.80190
  139    929    -2.12996     1.00920     2.80190
  140    929    -2.12737     1.00920     2.80190
  141    929    -2.12477     1.00920     2.80190
  142    929    -2.12218     1.00920     2.80190
  143    929    -2.11959     1.00920     2.80190
  160    929    -2.07548     1.00920     2.80190
  161    929    -2.07289     1.00920     2.80190
  162    929    -2.07029     1.00920     2.80190
  163    929    -2.06770     1.00920     2.80190
  164    929    -2.06510     1.00920     2.80190
  165    929    -2.06251     1.00920     2.80190
  166    929    -2.05992     1.00920     2.80190
  121    930    -2.17346     1.01031     2.79778
  122    930    -2.17087     1.01031     2.79778
  137    930    -2.13201     1.01031     2.79778
  138    930    -2.12942     1.01031     2.79778
  139    930    -2.12683     1.01031     2.79778
  140    930    -2.12424     1.01031     2.79778
  141    930    -2.12165     1.01031     2.79778
  142    930    -2.11906     1.01031     2.79778
  149    930    -2.10092     1.01031     2.79778
  159    930    -2.07502     1.01031     2.79778
  160    930    -2.07243     1.01031     2.79778
  161    930    -2.06984     1.01031     2.79778
  162    930    -2.06725     1.01031     2.79778
  163    930    -2.06465     1.01031     2.79778
  164    930    -2.06206     1.01031     2.79778
  165    930    -2.05947     1.01031     2.79778
  119    931    -2.17544     1.01141     2.79366
  120    931    -2.17285     1.01141     2.79366
  121    931    -2.17026     1.01141     2.79366
  122    931    -2.16768     1.01141     2.79366
  123    931    -2.16509     1.01141     2.79366
  137    931    -2.12888     1.01141     2.79366
  138    931    -2.12629     1.01141     2.79366
  139    931    -2.12370     1.01141     2.79366
  140    931    -2.12111     1.01141     2.79366
  141    931    -2.11853     1.01141     2.79366
  142    931    -2.11594     1.01141     2.79366
  152    931    -2.09007     1.01141     2.79366
  157    931    -2.07714     1.01141     2.79366
  158    931    -2.07455     1.01141     2.79366
  159    931    -2.07197     1.01141     2.79366
  160    931    -2.06938     1.01141     2.79366
  161    931    -2.06679     1.01141     2.79366
  162    931    -2.06421     1.01141     2.79366
  163    931    -2.06162     1.01141     2.79366
  164    931    -2.05903     1.01141     2.79366
  119    932    -2.17224     1.01251     2.78956
  120    932    -2.16966     1.01251     2.78956
  137    932    -2.12575     1.01251     2.78956
  138    932    -2.12317     1.01251     2.78956
  139    932    -2.12058     1.01251     2.78956
  140    932    -2.11800     1.01251     2.78956
  141    932    -2.11542     1.01251     2.78956
  156    932    -2.07668     1.01251     2.78956
  157    932    -2.07409     1.01251     2.78956
  158    932    -2.07151     1.01251     2.78956
  159    932    -2.06893     1.01251     2.78956
  160    932    -2.06634     1.01251     2.78956
  161    932    -2.06376     1.01251     2.78956
  162    932    -2.06118     1.01251     2.78956
  163    932    -2.05859     1.01251     2.78956
  164    932    -2.05601     1.01251     2.78956
  118    933    -2.17164     1.01360     2.78548
  137    933    -2.12264     1.01360     2.78548
  138    933    -2.12006     1.01360     2.78548
  139    933    -2.11748     1.01360     2.78548
  140    933    -2.11490     1.01360     2.78548
  141    933    -2.11232     1.01360     2.78548
  142    933    -2.10974     1.01360     2.78548
  153    933    -2.08137     1.01360     2.78548
  154    933    -2.07879     1.01360     2.78548
  155    933    -2.07621     1.01360     2.78548
  156    933    -2.07363     1.01360     2.78548
  157    933    -2.07105     1.01360     2.78548
  158    933    -2.06847     1.01360     2.78548
  159    933    -2.06589     1.01360     2.78548
  160    933    -2.06332     1.01360     2.78548
  161    933    -2.06074     1.01360     2.78548
  162    933    -2.05816     1.01360     2.78548
  163    933    -2.05558     1.01360     2.78548
  137    934    -2.11953     1.01470     2.78140
  138    934    -2.11695     1.01470     2.78140
  139    934    -2.11438     1.01470     2.78140
  140    934    -2.11180     1.01470     2.78140
  141    934    -2.10923     1.01470     2.78140
  142    934    -2.10665     1.01470     2.78140
  143    934    -2.10408     1.01470     2.78140
  146    934    -2.09635     1.01470     2.78140
  152    934    -2.08090     1.01470     2.78140
  153    934    -2.07832     1.01470     2.78140
  154    934    -2.07575     1.01470     2.78140
  155    934    -2.07317     1.01470     2.78140
  156    934    -2.07060     1.01470     2.78140
  157    934    -2.06802     1.01470     2.78140
  158    934    -2.06545     1.01470     2.78140
  159    934    -2.06287     1.01470     2.78140
  160    934    -2.06030     1.01470     2.78140
  161    934    -2.05772     1.01470     2.78140
  162    934    -2.05515     1.01470     2.78140
  137    935    -2.11643     1.01578     2.77734
  138    935    -2.11386     1.01578     2.77734
  139    935    -2.11129     1.01578     2.77734
  140    935    -2.10872     1.01578     2.77734
  141    935    -2.10615     1.01578     2.77734
  142    935    -2.10357     1.01578     2.77734
  151    935    -2.08043     1.01578     2.77734
  152    935    -2.07786     1.01578     2.77734
  153    935    -2.07529     1.01578     2.77734
  154    935    -2.07272     1.01578     2.77734
  155    935    -2.07014     1.01578     2.77734
  156    935    -2.06757     1.01578     2.77734
  157    935    -2.06500     1.01578     2.77734
  158    935    -2.06243     1.01578     2.77734
  159    935    -2.05986     1.01578     2.77734
  160    935    -2.05729     1.01578     2.77734
  137    936    -2.11334     1.01687     2.77328
  138    936    -2.11078     1.01687     2.77328
  139    936    -2.10821     1.01687     2.77328
  140    936    -2.10564     1.01687     2.77328
  141    936    -2.10307     1.01687     2.77328
  144    936    -2.09537     1.01687     2.77328
  148    936    -2.08510     1.01687     2.77328
  151    936    -2.07739     1.01687     2.77328
  152    936    -2.07483     1.01687     2.77328
  153    936    -2.07226     1.01687     2.77328
  154    936    -2.06969     1.01687     2.77328
  155    936    -2.06712     1.01687     2.77328
  156    936    -2.06456     1.01687     2.77328
  157    936    -2.06199     1.01687     2.77328
  158    936    -2.05942     1.01687     2.77328
  159    936    -2.05685     1.01687     2.77328
  114    937    -2.16924     1.01795     2.76924
  137    937    -2.11027     1.01795     2.76924
  138    937    -2.10770     1.01795     2.76924
  139    937    -2.10514     1.01795     2.76924
  140    937    -2.10257     1.01795     2.76924
  141    937    -2.10001     1.01795     2.76924
  148    937    -2.08206     1.01795     2.76924
  151    937    -2.07437     1.01795     2.76924
  152    937    -2.07180     1.01795     2.76924
  153    937    -2.06924     1.01795     2.76924
  154    937    -2.06668     1.01795     2.76924
  155    937    -2.06411     1.01795     2.76924
  156    937    -2.06155     1.01795     2.76924
  157    937    -2.05898     1.01795     2.76924
  158    937    -2.05642     1.01795     2.76924
  137    938    -2.10720     1.01903     2.76521
  138    938    -2.10464     1.01903     2.76521
  139    938    -2.10207     1.01903     2.76521
  140    938    -2.09951     1.01903     2.76521
  141    938    -2.09695     1.01903     2.76521
  143    938    -2.09183     1.01903     2.76521
  146    938    -2.08415     1.01903     2.76521
  147    938    -2.08159     1.01903     2.76521
  151    938    -2.07135     1.01903     2.76521
  152    938    -2.06879     1.01903     2.76521
  153    938    -2.06623     1.01903     2.76521
  154    938    -2.06367     1.01903     2.76521
  155    938    -2.06111     1.01903     2.76521
  156    938    -2.05855     1.01903     2.76521
  157    938    -2.05599     1.01903     2.76521
  112    939    -2.16805     1.02011     2.76120
  117    939    -2.15527     1.02011     2.76120
  136    939    -2.10669     1.02011     2.76120
  137    939    -2.10413     1.02011     2.76120
  138    939    -2.10158     1.02011     2.76120
  139    939    -2.09902     1.02011     2.76120
  140    939    -2.09646     1.02011     2.76120
  141    939    -2.09391     1.02011     2.76120
  143    939    -2.08879     1.02011     2.76120
  144    939    -2.08624     1.02011     2.76120
  146    939    -2.08112     1.02011     2.76120
  147    939    -2.07857     1.02011     2.76120
  151    939    -2.06834     1.02011     2.76120
  152    939    -2.06578     1.02011     2.76120
  153    939    -2.06323     1.02011     2.76120
  154    939    -2.06067     1.02011     2.76120
  155    939    -2.05811     1.02011     2.76120
  156    939    -2.05556     1.02011     2.76120
  157    939    -2.05300     1.02011     2.76120
  111    940    -2.16746     1.02118     2.75719
  112    940    -2.16491     1.02118     2.75719
  136    940    -2.10364     1.02118     2.75719
  137    940    -2.10108     1.02118     2.75719
  138    940    -2.09853     1.02118     2.75719
  139    940    -2.09598     1.02118     2.75719
  140    940    -2.09342     1.02118     2.75719
  141    940    -2.09087     1.02118     2.75719
  143    940    -2.08576     1.02118     2.75719
  144    940    -2.08321     1.02118     2.75719
  150    940    -2.06789     1.02118     2.75719
  151    940    -2.06534     1.02118     2.75719
  152    940    -2.06279     1.02118     2.75719
  153    940    -2.06024     1.02118     2.75719
  154    940    -2.05768     1.02118     2.75719
  155    940    -2.05513     1.02118     2.75719
  156    940    -2.05258     1.02118     2.75719
  110    941    -2.16687     1.02225     2.75320
  111    941    -2.16432     1.02225     2.75320
  135    941    -2.10314     1.02225     2.75320
  136    941    -2.10059     1.02225     2.75320
  137    941    -2.09804     1.02225     2.75320
  138    941    -2.09549     1.02225     2.75320
  139    941    -2.09294     1.02225     2.75320
  140    941    -2.09039     1.02225     2.75320
  150    941    -2.06490     1.02225     2.75320
  151    941    -2.06235     1.02225     2.75320
  152    941    -2.05980     1.02225     2.75320
  153    941    -2.05725     1.02225     2.75320
  154    941    -2.05470     1.02225     2.75320
  155    941    -2.05215     1.02225     2.75320
  156    941    -2.04960     1.02225     2.75320
  108    942    -2.16883     1.02332     2.74922
  109    942    -2.16628     1.02332     2.74922
  110    942    -2.16373     1.02332     2.74922
  111    942    -2.16119     1.02332     2.74922
  114    942    -2.15355     1.02332     2.74922
  115    942    -2.15101     1.02332     2.74922
  135    942    -2.10010     1.02332     2.74922
  136    942    -2.09755     1.02332     2.74922
  137    942    -2.09500     1.02332     2.74922
  138    942    -2.09246     1.02332     2.74922
  139    942    -2.08991     1.02332     2.74922
  140    942    -2.08737     1.02332     2.74922
  149    942    -2.06446     1.02332     2.74922
  150    942    -2.06191     1.02332     2.74922
  151    942    -2.05937     1.02332     2.74922
  152    942    -2.05682     1.02332     2.74922
  153    942    -2.05428     1.02332     2.74922
  154    942    -2.05173     1.02332     2.74922
  155    942    -2.04918     1.02332     2.74922
  107    943    -2.16824     1.02438     2.74525
  108    943    -2.16569     1.02438     2.74525
  109    943    -2.16315     1.02438     2.74525
  110    943    -2.16061     1.02438     2.74525
  113    943    -2.15298     1.02438     2.74525
  114    943    -2.15044     1.02438     2.74525
  135    943    -2.09706     1.02438     2.74525
  136    943    -2.09452     1.02438     2.74525
  137    943    -2.09198     1.02438     2.74525
  138    943    -2.08944     1.02438     2.74525
  139    943    -2.08689     1.02438     2.74525
  140    943    -2.08435     1.02438     2.74525
  148    943    -2.06402     1.02438     2.74525
  149    943    -2.06148     1.02438     2.74525
  150    943    -2.05893     1.02438     2.74525
  151    943    -2.05639     1.02438     2.74525
  152    943    -2.05385     1.02438     2.74525
  153    943    -2.05131     1.02438     2.74525
  154    943    -2.04877     1.02438     2.74525
  106    944    -2.16765     1.02544     2.74129
  107    944    -2.16511     1.02544     2.74129
  108    944    -2.16257     1.02544     2.74129
  109    944    -2.16003     1.02544     2.74129
  110    944    -2.15749     1.02544     2.74129
  111    944    -2.15496     1.02544     2.74129
  112    944    -2.15242     1.02544     2.74129
  113    944    -2.14988     1.02544     2.74129
  135    944    -2.09404     1.02544     2.74129
  136    944    -2.09150     1.02544     2.74129
  137    944    -2.08896     1.02544     2.74129
  138    944    -2.08642     1.02544     2.74129
  139    944    -2.08389     1.02544     2.74129
  140    944    -2.08135     1.02544     2.74129
  141    944    -2.07881     1.02544     2.74129
  148    944    -2.06104     1.02544     2.74129
  149    944    -2.05850     1.02544     2.74129
  150    944    -2.05596     1.02544     2.74129
  151    944    -2.05343     1.02544     2.74129
  152    944    -2.05089     1.02544     2.74129
  153    944    -2.04835     1.02544     2.74129
  105    945    -2.16706     1.02650     2.73734
  106    945    -2.16452     1.02650     2.73734
  107    945    -2.16199     1.02650     2.73734
  108    945    -2.15946     1.02650     2.73734
  109    945    -2.15692     1.02650     2.73734
  110    945    -2.15439     1.02650     2.73734
  111    945    -2.15185     1.02650     2.73734
  112    945    -2.14932     1.02650     2.73734
  113    945    -2.14678     1.02650     2.73734
  135    945    -2.09102     1.02650     2.73734
  136    945    -2.08849     1.02650     2.73734
  137    945    -2.08595     1.02650     2.73734
  138    945    -2.08342     1.02650     2.73734
  139    945    -2.08088     1.02650     2.73734
  140    945    -2.07835     1.02650     2.73734
  141    945    -2.07581     1.02650     2.73734
  146    945    -2.06314     1.02650     2.73734
  147    945    -2.06061     1.02650     2.73734
  148    945    -2.05807     1.02650     2.73734
  149    945    -2.05554     1.02650     2.73734
  150    945    -2.05300     1.02650     2.73734
  151    945    -2.05047     1.02650     2.73734
  152    945    -2.04793     1.02650     2.73734
  104    946    -2.16647     1.02756     2.73340
  105    946    -2.16394     1.02756     2.73340
  106    946    -2.16141     1.02756     2.73340
  107    946    -2.15888     1.02756     2.73340
  108    946    -2.15635     1.02756     2.73340
  109    946    -2.15382     1.02756     2.73340
  110    946    -2.15129     1.02756     2.73340
  111    946    -2.14876     1.02756     2.73340
  112    946    -2.14623     1.02756     2.73340
  113    946    -2.14370     1.02756     2.73340
  134    946    -2.09055     1.02756     2.73340
  135    946    -2.08802     1.02756     2.73340
  136    946    -2.08548     1.02756     2.73340
  137    946    -2.08295     1.02756     2.73340
  138    946    -2.08042     1.02756     2.73340
  139    946    -2.07789     1.02756     2.73340
  140    946    -2.07536     1.02756     2.73340
  141    946    -2.07283     1.02756     2.73340
  145    946    -2.06271     1.02756     2.73340
  146    946    -2.06018     1.02756     2.73340
  147    946    -2.05764     1.02756     2.73340
  148    946    -2.05511     1.02756     2.73340
  149    946    -2.05258     1.02756     2.73340
  150    946    -2.05005     1.02756     2.73340
  151    946    -2.04752     1.02756     2.73340
  103    947    -2.16589     1.02861     2.72948
  104    947    -2.16336     1.02861     2.72948
  105    947    -2.16084     1.02861     2.72948
  106    947    -2.15831     1.02861     2.72948
  107    947    -2.15578     1.02861     2.72948
  109    947    -2.15073     1.02861     2.72948
  110    947    -2.14820     1.02861     2.72948
  111    947    -2.14567     1.02861     2.72948
  112    947    -2.14314     1.02861     2.72948
  132    947    -2.09260     1.02861     2.72948
  133    947    -2.09007     1.02861     2.72948
  134    947    -2.08754     1.02861     2.72948
  135    947    -2.08502     1.02861     2.72948
  136    947    -2.08249     1.02861     2.72948
  137    947    -2.07996     1.02861     2.72948
  138    947    -2.07744     1.02861     2.72948
  139    947    -2.07491     1.02861     2.72948
  140    947    -2.07238     1.02861     2.72948
  141    947    -2.06985     1.02861     2.72948
  142    947    -2.06733     1.02861     2.72948
  143    947    -2.06480     1.02861     2.72948
  144    947    -2.06227     1.02861     2.72948
  145    947    -2.05974     1.02861     2.72948
  146    947    -2.05722     1.02861     2.72948
  147    947    -2.05469     1.02861     2.72948
  148    947    -2.05216     1.02861     2.72948
  149    947    -2.04963     1.02861     2.72948
  150    947    -2.04711     1.02861     2.72948
  102    948    -2.16531     1.02966     2.72556
  103    948    -2.16278     1.02966     2.72556
  104    948    -2.16026     1.02966     2.72556
  105    948    -2.15774     1.02966     2.72556
  106    948    -2.15521     1.02966     2.72556
  108    948    -2.15017     1.02966     2.72556
  109    948    -2.14764     1.02966     2.72556
  110    948    -2.14512     1.02966     2.72556
  111    948    -2.14260     1.02966     2.72556
  112    948    -2.14007     1.02966     2.72556
  131    948    -2.09212     1.02966     2.72556
  132    948    -2.08960     1.02966     2.72556
  133    948    -2.08707     1.02966     2.72556
  134    948    -2.08455     1.02966     2.72556
  135    948    -2.08203     1.02966     2.72556
  136    948    -2.07950     1.02966     2.72556
  137    948    -2.07698     1.02966     2.72556
  138    948    -2.07446     1.02966     2.72556
  139    948    -2.07193     1.02966     2.72556
  140    948    -2.06941     1.02966     2.72556
  141    948    -2.06689     1.02966     2.72556
  142    948    -2.06436     1.02966     2.72556
  143    948    -2.06184     1.02966     2.72556
  144    948    -2.05931     1.02966     2.72556
  145    948    -2.05679     1.02966     2.72556
  146    948    -2.05427     1.02966     2.72556
  147    948    -2.05174     1.02966     2.72556
  148    948    -2.04922     1.02966     2.72556
  149    948    -2.04670     1.02966     2.72556
  101    949    -2.16473     1.03070     2.72166
  102    949    -2.16221     1.03070     2.72166
  103    949    -2.15969     1.03070     2.72166
  104    949    -2.15717     1.03070     2.72166
  105    949    -2.15465     1.03070     2.72166
  107    949    -2.14961     1.03070     2.72166
  108    949    -2.14709     1.03070     2.72166
  109    949    -2.14457     1.03070     2.72166
  110    949    -2.14205     1.03070     2.72166
  111    949    -2.13953     1.03070     2.72166
  112    949    -2.13701     1.03070     2.72166
  130    949    -2.09165     1.03070     2.72166
  131    949    -2.08913     1.03070     2.72166
  132    949    -2.08661     1.03070     2.72166
  133    949    -2.08409     1.03070     2.72166
  134    949    -2.08157     1.03070     2.72166
  135    949    -2.07905     1.03070     2.72166
  139    949    -2.06897     1.03070     2.72166
  140    949    -2.06645     1.03070     2.72166
  141    949    -2.06393     1.03070     2.72166
  142    949    -2.06141     1.03070     2.72166
  143    949    -2.05889     1.03070     2.72166
  144    949    -2.05637     1.03070     2.72166
  145    949    -2.05385     1.03070     2.72166
  146    949    -2.05133     1.03070     2.72166
  147    949    -2.04881     1.03070     2.72166
  148    949    -2.04629     1.03070     2.72166
  100    950    -2.16415     1.03175     2.71777
  101    950    -2.16163     1.03175     2.71777
  102    950    -2.15912     1.03175     2.71777
  103    950    -2.15660     1.03175     2.71777
  104    950    -2.15408     1.03175     2.71777
  106    950    -2.14905     1.03175     2.71777
  107    950    -2.14653     1.03175     2.71777
  108    950    -2.14402     1.03175     2.71777
  109    950    -2.14150     1.03175     2.71777
  110    950    -2.13898     1.03175     2.71777
  111    950    -2.13647     1.03175     2.71777
  112    950    -2.13395     1.03175     2.71777
  113    950    -2.13144     1.03175     2.71777
  125    950    -2.10124     1.03175     2.71777
  126    950    -2.09872     1.03175     2.71777
  127    950    -2.09620     1.03175     2.71777
  128    950    -2.09369     1.03175     2.71777
  129    950    -2.09117     1.03175     2.71777
  130    950    -2.08866     1.03175     2.71777
  131    950    -2.08614     1.03175     2.71777
  132    950    -2.08362     1.03175     2.71777
  133    950    -2.08111     1.03175     2.71777
  134    950    -2.07859     1.03175     2.71777
  135    950    -2.07607     1.03175     2.71777
  139    950    -2.06601     1.03175     2.71777
  140    950    -2.06349     1.03175     2.71777
  141    950    -2.06097     1.03175     2.71777
  142    950    -2.05846     1.03175     2.71777
  143    950    -2.05594     1.03175     2.71777
  144    950    -2.05343     1.03175     2.71777
  145    950    -2.05091     1.03175     2.71777
  146    950    -2.04839     1.03175     2.71777
  147    950    -2.04588     1.03175     2.71777
  148    950    -2.04336     1.03175     2.71777
   99    951    -2.16357     1.03279     2.71389
  100    951    -2.16106     1.03279     2.71389
  101    951    -2.15855     1.03279     2.71389
  102    951    -2.15603     1.03279     2.71389
  103    951    -2.15352     1.03279     2.71389
  105    951    -2.14849     1.03279     2.71389
  106    951    -2.14598     1.03279     2.71389
  107    951    -2.14347     1.03279     2.71389
  108    951    -2.14096     1.03279     2.71389
  112    951    -2.13090     1.03279     2.71389
  113    951    -2.12839     1.03279     2.71389
  123    951    -2.10326     1.03279     2.71389
  124    951    -2.10075     1.03279     2.71389
  125    951    -2.09824     1.03279     2.71389
  126    951    -2.09572     1.03279     2.71389
  127    951    -2.09321     1.03279     2.71389
  128    951    -2.09070     1.03279     2.71389
  129    951    -2.08819     1.03279     2.71389
  130    951    -2.08567     1.03279     2.71389
  131    951    -2.08316     1.03279     2.71389
  132    951    -2.08065     1.03279     2.71389
  133    951    -2.07813     1.03279     2.71389
  134    951    -2.07562     1.03279     2.71389
  135    951    -2.07311     1.03279     2.71389
  136    951    -2.07060     1.03279     2.71389
  137    951    -2.06808     1.03279     2.71389
  140    951    -2.06054     1.03279     2.71389
  141    951    -2.05803     1.03279     2.71389
  143    951    -2.05301     1.03279     2.71389
  144    951    -2.05049     1.03279     2.71389
  145    951    -2.04798     1.03279     2.71389
  146    951    -2.04547     1.03279     2.71389
  147    951    -2.04295     1.03279     2.71389
   98    952    -2.16300     1.03382     2.71002
   99    952    -2.16049     1.03382     2.71002
  100    952    -2.15798     1.03382     2.71002
  101    952    -2.15547     1.03382     2.71002
  102    952    -2.15296     1.03382     2.71002
  103    952    -2.15045     1.03382     2.71002
  105    952    -2.14543     1.03382     2.71002
  106    952    -2.14292     1.03382     2.71002
  107    952    -2.14041     1.03382     2.71002
  112    952    -2.12787     1.03382     2.71002
  113    952    -2.12536     1.03382     2.71002
  121    952    -2.10528     1.03382     2.71002
  122    952    -2.10277     1.03382     2.71002
  123    952    -2.10026     1.03382     2.71002
  124    952    -2.09776     1.03382     2.71002
  125    952    -2.09525     1.03382     2.71002
  126    952    -2.09274     1.03382     2.71002
  127    952    -2.09023     1.03382     2.71002
  128    952    -2.08772     1.03382     2.71002
  129    952    -2.08521     1.03382     2.71002
  130    952    -2.08270     1.03382     2.71002
  131    952    -2.08019     1.03382     2.71002
  132    952    -2.07768     1.03382     2.71002
  133    952    -2.07517     1.03382     2.71002
  134    952    -2.07266     1.03382     2.71002
  135    952    -2.07015     1.03382     2.71002
  136    952    -2.06764     1.03382     2.71002
  137    952    -2.06513     1.03382     2.71002
  138    952    -2.06263     1.03382     2.71002
  139    952    -2.06012     1.03382     2.71002
  140    952    -2.05761     1.03382     2.71002
  142    952    -2.05259     1.03382     2.71002
  143    952    -2.05008     1.03382     2.71002
  144    952    -2.04757     1.03382     2.71002
  145    952    -2.04506     1.03382     2.71002
  146    952    -2.04255     1.03382     2.71002
   97    953    -2.16242     1.03486     2.70616
   98    953    -2.15992     1.03486     2.70616
   99    953    -2.15741     1.03486     2.70616
  100    953    -2.15491     1.03486     2.70616
  101    953    -2.15240     1.03486     2.70616
  102    953    -2.14989     1.03486     2.70616
  104    953    -2.14488     1.03486     2.70616
  105    953    -2.14238     1.03486     2.70616
  106    953    -2.13987     1.03486     2.70616
  107    953    -2.13737     1.03486     2.70616
  111    953    -2.12734     1.03486     2.70616
  112    953    -2.12484     1.03486     2.70616
  113    953    -2.12233     1.03486     2.70616
  120    953    -2.10479     1.03486     2.70616
  121    953    -2.10229     1.03486     2.70616
  122    953    -2.09978     1.03486     2.70616
  123    953    -2.09727     1.03486     2.70616
  124    953    -2.09477     1.03486     2.70616
  125    953    -2.09226     1.03486     2.70616
  126    953    -2.08976     1.03486     2.70616
  127    953    -2.08725     1.03486     2.70616
  130    953    -2.07973     1.03486     2.70616
  131    953    -2.07723     1.03486     2.70616
  132    953    -2.07472     1.03486     2.70616
  133    953    -2.07222     1.03486     2.70616
  134    953    -2.06971     1.03486     2.70616
  135    953    -2.06721     1.03486     2.70616
  136    953    -2.06470     1.03486     2.70616
  137    953    -2.06219     1.03486     2.70616
  138    953    -2.05969     1.03486     2.70616
  139    953    -2.05718     1.03486     2.70616
  141    953    -2.05217     1.03486     2.70616
  142    953    -2.04967     1.03486     2.70616
  143    953    -2.04716     1.03486     2.70616
  144    953    -2.04465     1.03486     2.70616
  145    953    -2.04215     1.03486     2.70616
   96    954    -2.16185     1.03589     2.70231
   97    954    -2.15935     1.03589     2.70231
   98    954    -2.15685     1.03589     2.70231
   99    954    -2.15434     1.03589     2.70231
  100    954    -2.15184     1.03589     2.70231
  101    954    -2.14934     1.03589     2.70231
  102    954    -2.14684     1.03589     2.70231
  104    954    -2.14183     1.03589     2.70231
  105    954    -2.13933     1.03589     2.70231
  106    954    -2.13683     1.03589     2.70231
  107    954    -2.13433     1.03589     2.70231
  108    954    -2.13183     1.03589     2.70231
  110    954    -2.12682     1.03589     2.70231
  111    954    -2.12432     1.03589     2.70231
  112    954    -2.12182     1.03589     2.70231
  120    954    -2.10180     1.03589     2.70231
  121    954    -2.09930     1.03589     2.70231
  122    954    -2.09680     1.03589     2.70231
  123    954    -2.09429     1.03589     2.70231
  124    954    -2.09179     1.03589     2.70231
  125    954    -2.08929     1.03589     2.70231
  126    954    -2.08679     1.03589     2.70231
  127    954    -2.08428     1.03589     2.70231
  128    954    -2.08178     1.03589     2.70231
  130    954    -2.07678     1.03589     2.70231
  131    954    -2.07428     1.03589     2.70231
  132    954    -2.07177     1.03589     2.70231
  133    954    -2.06927     1.03589     2.70231
  134    954    -2.06677     1.03589     2.70231
  136    954    -2.06177     1.03589     2.70231
  137    954    -2.05926     1.03589     2.70231
  138    954    -2.05676     1.03589     2.70231
  139    954    -2.05426     1.03589     2.70231
  140    954    -2.05176     1.03589     2.70231
  141    954    -2.04925     1.03589     2.70231
  142    954    -2.04675     1.03589     2.70231
  143    954    -2.04425     1.03589     2.70231
  144    954    -2.04175     1.03589     2.70231
   95    955    -2.16128     1.03691     2.69848
   96    955    -2.15878     1.03691     2.69848
   97    955    -2.15628     1.03691     2.69848
   98    955    -2.15378     1.03691     2.69848
   99    955    -2.15129     1.03691     2.69848
  100    955    -2.14879     1.03691     2.69848
  101    955    -2.14629     1.03691     2.69848
  104    955    -2.13879     1.03691     2.69848
  105    955    -2.13629     1.03691     2.69848
  106    955    -2.13380     1.03691     2.69848
  107    955    -2.13130     1.03691     2.69848
  108    955    -2.12880     1.03691     2.69848
  109    955    -2.12630     1.03691     2.69848
  110    955    -2.12380     1.03691     2.69848
  111    955    -2.12130     1.03691     2.69848
  112    955    -2.11880     1.03691     2.69848
  119    955    -2.10131     1.03691     2.69848
  120    955    -2.09882     1.03691     2.69848
  121    955    -2.09632     1.03691     2.69848
  122    955    -2.09382     1.03691     2.69848
  123    955    -2.09132     1.03691     2.69848
  124    955    -2.08882     1.03691     2.69848
  125    955    -2.08632     1.03691     2.69848
  126    955    -2.08382     1.03691     2.69848
  127    955    -2.08133     1.03691     2.69848
  128    955    -2.07883     1.03691     2.69848
  130    955    -2.07383     1.03691     2.69848
  131    955    -2.07133     1.03691     2.69848
  132    955    -2.06883     1.03691     2.69848
  133    955    -2.06633     1.03691     2.69848
  134    955    -2.06384     1.03691     2.69848
  137    955    -2.05634     1.03691     2.69848
  138    955    -2.05384     1.03691     2.69848
  139    955    -2.05134     1.03691     2.69848
  140    955    -2.04884     1.03691     2.69848
  141    955    -2.04635     1.03691     2.69848
  142    955    -2.04385     1.03691     2.69848
  143    955    -2.04135     1.03691     2.69848
   94    956    -2.16071     1.03794     2.69465
   95    956    -2.15822     1.03794     2.69465
   96    956    -2.15572     1.03794     2.69465
   97    956    -2.15323     1.03794     2.69465
   98    956    -2.15073     1.03794     2.69465
   99    956    -2.14824     1.03794     2.69465
  100    956    -2.14574     1.03794     2.69465
  104    956    -2.13576     1.03794     2.69465
  105    956    -2.13327     1.03794     2.69465
  106    956    -2.13077     1.03794     2.69465
  107    956    -2.12828     1.03794     2.69465
  108    956    -2.12578     1.03794     2.69465
  109    956    -2.12329     1.03794     2.69465
  110    956    -2.12079     1.03794     2.69465
  111    956    -2.11830     1.03794     2.69465
  119    956    -2.09834     1.03794     2.69465
  120    956    -2.09584     1.03794     2.69465
  121    956    -2.09334     1.03794     2.69465
  122    956    -2.09085     1.03794     2.69465
  123    956    -2.08835     1.03794     2.69465
  125    956    -2.08336     1.03794     2.69465
  126    956    -2.08087     1.03794     2.69465
  127    956    -2.07837     1.03794     2.69465
  128    956    -2.07588     1.03794     2.69465
  129    956    -2.07338     1.03794     2.69465
  130    956    -2.07089     1.03794     2.69465
  131    956    -2.06839     1.03794     2.69465
  132    956    -2.06590     1.03794     2.69465
  133    956    -2.06340     1.03794     2.69465
  134    956    -2.06091     1.03794     2.69465
  137    956    -2.05342     1.03794     2.69465
  138    956    -2.05093     1.03794     2.69465
  139    956    -2.04843     1.03794     2.69465
  140    956    -2.04594     1.03794     2.69465
  141    956    -2.04344     1.03794     2.69465
  142    956    -2.04095     1.03794     2.69465
   93    957    -2.16014     1.03896     2.69084
   94    957    -2.15765     1.03896     2.69084
   95    957    -2.15516     1.03896     2.69084
   96    957    -2.15267     1.03896     2.69084
   97    957    -2.15018     1.03896     2.69084
   98    957    -2.14769     1.03896     2.69084
   99    957    -2.14519     1.03896     2.69084
  106    957    -2.12775     1.03896     2.69084
  107    957    -2.12526     1.03896     2.69084
  108    957    -2.12277     1.03896     2.69084
  109    957    -2.12028     1.03896     2.69084
  110    957    -2.11779     1.03896     2.69084
  111    957    -2.11530     1.03896     2.69084
  116    957    -2.10284     1.03896     2.69084
  117    957    -2.10035     1.03896     2.69084
  118    957    -2.09786     1.03896     2.69084
  119    957    -2.09536     1.03896     2.69084
  120    957    -2.09287     1.03896     2.69084
  121    957    -2.09038     1.03896     2.69084
  122    957    -2.08789     1.03896     2.69084
  123    957    -2.08540     1.03896     2.69084
  126    957    -2.07792     1.03896     2.69084
  127    957    -2.07543     1.03896     2.69084
  128    957    -2.07294     1.03896     2.69084
  129    957    -2.07045     1.03896     2.69084
  130    957    -2.06796     1.03896     2.69084
  131    957    -2.06547     1.03896     2.69084
  132    957    -2.06297     1.03896     2.69084
  133    957    -2.06048     1.03896     2.69084
  136    957    -2.05301     1.03896     2.69084
  137    957    -2.05052     1.03896     2.69084
  138    957    -2.04803     1.03896     2.69084
  139    957    -2.04553     1.03896     2.69084
  140    957    -2.04304     1.03896     2.69084
  141    957    -2.04055     1.03896     2.69084
   92    958    -2.15958     1.03998     2.68703
   93    958    -2.15709     1.03998     2.68703
   94    958    -2.15460     1.03998     2.68703
   95    958    -2.15211     1.03998     2.68703
   96    958    -2.14963     1.03998     2.68703
   97    958    -2.14714     1.03998     2.68703
   98    958    -2.14465     1.03998     2.68703
  101    958    -2.13719     1.03998     2.68703
  105    958    -2.12723     1.03998     2.68703
  106    958    -2.12475     1.03998     2.68703
  107    958    -2.12226     1.03998     2.68703
  108    958    -2.11977     1.03998     2.68703
  109    958    -2.11728     1.03998     2.68703
  110    958    -2.11479     1.03998     2.68703
  114    958    -2.10484     1.03998     2.68703
  115    958    -2.10235     1.03998     2.68703
  116    958    -2.09987     1.03998     2.68703
  117    958    -2.09738     1.03998     2.68703
  118    958    -2.09489     1.03998     2.68703
  119    958    -2.09240     1.03998     2.68703
  120    958    -2.08991     1.03998     2.68703
  121    958    -2.08743     1.03998     2.68703
  122    958    -2.08494     1.03998     2.68703
  123    958    -2.08245     1.03998     2.68703
  126    958    -2.07499     1.03998     2.68703
  127    958    -2.07250     1.03998     2.68703
  128    958    -2.07001     1.03998     2.68703
  129    958    -2.06752     1.03998     2.68703
  130    958    -2.06503     1.03998     2.68703
  131    958    -2.06255     1.03998     2.68703
  132    958    -2.06006     1.03998     2.68703
  135    958    -2.05259     1.03998     2.68703
  136    958    -2.05011     1.03998     2.68703
  137    958    -2.04762     1.03998     2.68703
  138    958    -2.04513     1.03998     2.68703
  139    958    -2.04264     1.03998     2.68703
  140    958    -2.04015     1.03998     2.68703
   91    959    -2.15901     1.04100     2.68324
   92    959    -2.15653     1.04100     2.68324
   93    959    -2.15405     1.04100     2.68324
   94    959    -2.15156     1.04100     2.68324
   95    959    -2.14908     1.04100     2.68324
   96    959    -2.14659     1.04100     2.68324
   97    959    -2.14411     1.04100     2.68324
  101    959    -2.13417     1.04100     2.68324
  102    959    -2.13168     1.04100     2.68324
  104    959    -2.12672     1.04100     2.68324
  105    959    -2.12423     1.04100     2.68324
  106    959    -2.12175     1.04100     2.68324
  107    959    -2.11926     1.04100     2.68324
  108    959    -2.11678     1.04100     2.68324
  109    959    -2.11429     1.04100     2.68324
  110    959    -2.11181     1.04100     2.68324
  112    959    -2.10684     1.04100     2.68324
  113    959    -2.10436     1.04100     2.68324
  114    959    -2.10187     1.04100     2.68324
  115    959    -2.09939     1.04100     2.68324
  116    959    -2.09690     1.04100     2.68324
  117    959    -2.09442     1.04100     2.68324
  118    959    -2.09193     1.04100     2.68324
  119    959    -2.08945     1.04100     2.68324
  120    959    -2.08696     1.04100     2.68324
  121    959    -2.08448     1.04100     2.68324
  122    959    -2.08200     1.04100     2.68324
  126    959    -2.07206     1.04100     2.68324
  127    959    -2.06957     1.04100     2.68324
  128    959    -2.06709     1.04100     2.68324
  129    959    -2.06460     1.04100     2.68324
  130    959    -2.06212     1.04100     2.68324
  133    959    -2.05467     1.04100     2.68324
  134    959    -2.05218     1.04100     2.68324
  135    959    -2.04970     1.04100     2.68324
  136    959    -2.04721     1.04100     2.68324
  137    959    -2.04473     1.04100     2.68324
  138    959    -2.04224     1.04100     2.68324
  139    959    -2.03976     1.04100     2.68324
  140    959    -2.03727     1.04100     2.68324
   89    960    -2.16093     1.04201     2.67946
   90    960    -2.15845     1.04201     2.67946
   91    960    -2.15597     1.04201     2.67946
   92    960    -2.15349     1.04201     2.67946
   93    960    -2.15101     1.04201     2.67946
   94    960    -2.14853     1.04201     2.67946
   95    960    -2.14605     1.04201     2.67946
   96    960    -2.14357     1.04201     2.67946
   98    960    -2.13860     1.04201     2.67946
   99    960    -2.13612     1.04201     2.67946
  100    960    -2.13364     1.04201     2.67946
  102    960    -2.12868     1.04201     2.67946
  103    960    -2.12620     1.04201     2.67946
  104    960    -2.12372     1.04201     2.67946
  105    960    -2.12124     1.04201     2.67946
  106    960    -2.11876     1.04201     2.67946
  107    960    -2.11627     1.04201     2.67946
  108    960    -2.11379     1.04201     2.67946
  109    960    -2.11131     1.04201     2.67946
  111    960    -2.10635     1.04201     2.67946
  112    960    -2.10387     1.04201     2.67946
  113    960    -2.10139     1.04201     2.67946
  114    960    -2.09891     1.04201     2.67946
  115    960    -2.09643     1.04201     2.67946
  116    960    -2.09395     1.04201     2.67946
  117    960    -2.09147     1.04201     2.67946
  118    960    -2.08898     1.04201     2.67946
  119    960    -2.08650     1.04201     2.67946
  120    960    -2.08402     1.04201     2.67946
  121    960    -2.08154     1.04201     2.67946
  122    960    -2.07906     1.04201     2.67946
  126    960    -2.06914     1.04201     2.67946
  127    960    -2.06666     1.04201     2.67946
  128    960    -2.06417     1.04201     2.67946
  129    960    -2.06169     1.04201     2.67946
  132    960    -2.05425     1.04201     2.67946
  133    960    -2.05177     1.04201     2.67946
  134    960    -2.04929     1.04201     2.67946
  135    960    -2.04681     1.04201     2.67946
  136    960    -2.04433     1.04201     2.67946
  137    960    -2.04185     1.04201     2.67946
  138    960    -2.03936     1.04201     2.67946
  139    960    -2.03688     1.04201     2.67946
   88    961    -2.16037     1.04302     2.67569
   89    961    -2.15789     1.04302     2.67569
   90    961    -2.15541     1.04302     2.67569
   91    961    -2.15294     1.04302     2.67569
   92    961    -2.15046     1.04302     2.67569
   93    961    -2.14798     1.04302     2.67569
   94    961    -2.14550     1.04302     2.67569
   97    961    -2.13807     1.04302     2.67569
   98    961    -2.13559     1.04302     2.67569
   99    961    -2.13312     1.04302     2.67569
  100    961    -2.13064     1.04302     2.67569
  101    961    -2.12816     1.04302     2.67569
  102    961    -2.12568     1.04302     2.67569
  103    961    -2.12321     1.04302     2.67569
  104    961    -2.12073     1.04302     2.67569
  105    961    -2.11825     1.04302     2.67569
  106    961    -2.11577     1.04302     2.67569
  107    961    -2.11330     1.04302     2.67569
  108    961    -2.11082     1.04302     2.67569
  110    961    -2.10586     1.04302     2.67569
  111    961    -2.10339     1.04302     2.67569
  112    961    -2.10091     1.04302     2.67569
  113    961    -2.09843     1.04302     2.67569
  114    961    -2.09595     1.04302     2.67569
  115    961    -2.09348     1.04302     2.67569
  116    961    -2.09100     1.04302     2.67569
  117    961    -2.08852     1.04302     2.67569
  120    961    -2.08109     1.04302     2.67569
  121    961    -2.07861     1.04302     2.67569
  122    961    -2.07613     1.04302     2.67569
  131    961    -2.05384     1.04302     2.67569
  132    961    -2.05136     1.04302     2.67569
  133    961    -2.04888     1.04302     2.67569
  134    961    -2.04640     1.04302     2.67569
  135    961    -2.04393     1.04302     2.67569
  136    961    -2.04145     1.04302     2.67569
  137    961    -2.03897     1.04302     2.67569
  138    961    -2.03649     1.04302     2.67569
   87    962    -2.15981     1.04403     2.67192
   88    962    -2.15733     1.04403     2.67192
   89    962    -2.15486     1.04403     2.67192
   90    962    -2.15238     1.04403     2.67192
   91    962    -2.14991     1.04403     2.67192
   92    962    -2.14744     1.04403     2.67192
   93    962    -2.14496     1.04403     2.67192
   96    962    -2.13754     1.04403     2.67192
   97    962    -2.13507     1.04403     2.67192
   98    962    -2.13259     1.04403     2.67192
   99    962    -2.13012     1.04403     2.67192
  100    962    -2.12764     1.04403     2.67192
  101    962    -2.12517     1.04403     2.67192
  102    962    -2.12270     1.04403     2.67192
  103    962    -2.12022     1.04403     2.67192
  104    962    -2.11775     1.04403     2.67192
  105    962    -2.11527     1.04403     2.67192
  106    962    -2.11280     1.04403     2.67192
  107    962    -2.11033     1.04403     2.67192
  110    962    -2.10290     1.04403     2.67192
  111    962    -2.10043     1.04403     2.67192
  112    962    -2.09796     1.04403     2.67192
  113    962    -2.09548     1.04403     2.67192
  114    962    -2.09301     1.04403     2.67192
  117    962    -2.08559     1.04403     2.67192
  118    962    -2.08311     1.04403     2.67192
  120    962    -2.07816     1.04403     2.67192
  121    962    -2.07569     1.04403     2.67192
  122    962    -2.07322     1.04403     2.67192
  129    962    -2.05590     1.04403     2.67192
  130    962    -2.05342     1.04403     2.67192
  131    962    -2.05095     1.04403     2.67192
  132    962    -2.04848     1.04403     2.67192
  133    962    -2.04600     1.04403     2.67192
  134    962    -2.04353     1.04403     2.67192
  135    962    -2.04105     1.04403     2.67192
  136    962    -2.03858     1.04403     2.67192
  137    962    -2.03611     1.04403     2.67192
   86    963    -2.15924     1.04503     2.66817
   87    963    -2.15677     1.04503     2.66817
   88    963    -2.15430     1.04503     2.66817
   89    963    -2.15183     1.04503     2.66817
   90    963    -2.14936     1.04503     2.66817
   91    963    -2.14689     1.04503     2.66817
   92    963    -2.14442     1.04503     2.66817
  101    963    -2.12219     1.04503     2.66817
  102    963    -2.11972     1.04503     2.66817
  103    963    -2.11725     1.04503     2.66817
  104    963    -2.11477     1.04503     2.66817
  105    963    -2.11230     1.04503     2.66817
  109    963    -2.10242     1.04503     2.66817
  110    963    -2.09995     1.04503     2.66817
  111    963    -2.09748     1.04503     2.66817
  112    963    -2.09501     1.04503     2.66817
  113    963    -2.09254     1.04503     2.66817
  115    963    -2.08760     1.04503     2.66817
  116    963    -2.08513     1.04503     2.66817
  117    963    -2.08266     1.04503     2.66817
  120    963    -2.07525     1.04503     2.66817
  121    963    -2.07278     1.04503     2.66817
  122    963    -2.07030     1.04503     2.66817
  128    963    -2.05548     1.04503     2.66817
  129    963    -2.05301     1.04503     2.66817
  130    963    -2.05054     1.04503     2.66817
  131    963    -2.04807     1.04503     2.66817
  132    963    -2.04560     1.04503     2.66817
  133    963    -2.04313     1.04503     2.66817
  134    963    -2.04066     1.04503     2.66817
  135    963    -2.03819     1.04503     2.66817
  136    963    -2.03572     1.04503     2.66817
   85    964    -2.15868     1.04604     2.66443
   86    964    -2.15622     1.04604     2.66443
   87    964    -2.15375     1.04604     2.66443
   88    964    -2.15128     1.04604     2.66443
   89    964    -2.14882     1.04604     2.66443
   90    964    -2.14635     1.04604     2.66443
   91    964    -2.14388     1.04604     2.66443
   97    964    -2.12908     1.04604     2.66443
   98    964    -2.12661     1.04604     2.66443
   99    964    -2.12415     1.04604     2.66443
  100    964    -2.12168     1.04604     2.66443
  101    964    -2.11921     1.04604     2.66443
  102    964    -2.11674     1.04604     2.66443
  103    964    -2.11428     1.04604     2.66443
  104    964    -2.11181     1.04604     2.66443
  108    964    -2.10194     1.04604     2.66443
  109    964    -2.09947     1.04604     2.66443
  110    964    -2.09701     1.04604     2.66443
  111    964    -2.09454     1.04604     2.66443
  112    964    -2.09207     1.04604     2.66443
  114    964    -2.08714     1.04604     2.66443
  115    964    -2.08467     1.04604     2.66443
  116    964    -2.08221     1.04604     2.66443
  119    964    -2.07480     1.04604     2.66443
  120    964    -2.07234     1.04604     2.66443
  121    964    -2.06987     1.04604     2.66443
  122    964    -2.06740     1.04604     2.66443
  128    964    -2.05260     1.04604     2.66443
  129    964    -2.05013     1.04604     2.66443
  130    964    -2.04767     1.04604     2.66443
  131    964    -2.04520     1.04604     2.66443
  132    964    -2.04273     1.04604     2.66443
  133    964    -2.04027     1.04604     2.66443
  134    964    -2.03780     1.04604     2.66443
  135    964    -2.03533     1.04604     2.66443
   84    965    -2.15813     1.04704     2.66070
   85    965    -2.15566     1.04704     2.66070
   86    965    -2.15320     1.04704     2.66070
   87    965    -2.15074     1.04704     2.66070
   88    965    -2.14827     1.04704     2.66070
   89    965    -2.14581     1.04704     2.66070
   90    965    -2.14334     1.04704     2.66070
   96    965    -2.12856     1.04704     2.66070
   97    965    -2.12610     1.04704     2.66070
   98    965    -2.12364     1.04704     2.66070
   99    965    -2.12117     1.04704     2.66070
  100    965    -2.11871     1.04704     2.66070
  101    965    -2.11624     1.04704     2.66070
  102    965    -2.11378     1.04704     2.66070
  103    965    -2.11132     1.04704     2.66070
  104    965    -2.10885     1.04704     2.66070
  107    965    -2.10146     1.04704     2.66070
  108    965    -2.09900     1.04704     2.66070
  109    965    -2.09654     1.04704     2.66070
  110    965    -2.09407     1.04704     2.66070
  111    965    -2.09161     1.04704     2.66070
  113    965    -2.08668     1.04704     2.66070
  114    965    -2.08422     1.04704     2.66070
  115    965    -2.08175     1.04704     2.66070
  117    965    -2.07683     1.04704     2.66070
  118    965    -2.07436     1.04704     2.66070
  119    965    -2.07190     1.04704     2.66070
  120    965    -2.06944     1.04704     2.66070
  121    965    -2.06697     1.04704     2.66070
  126    965    -2.05465     1.04704     2.66070
  127    965    -2.05219     1.04704     2.66070
  128    965    -2.04973     1.04704     2.66070
  129    965    -2.04726     1.04704     2.66070
  130    965    -2.04480     1.04704     2.66070
  131    965    -2.04234     1.04704     2.66070
  132    965    -2.03987     1.04704     2.66070
  133    965    -2.03741     1.04704     2.66070
  134    965    -2.03495     1.04704     2.66070
   83    966    -2.15757     1.04803     2.65698
   84    966    -2.15511     1.04803     2.65698
   85    966    -2.15265     1.04803     2.65698
   86    966    -2.15019     1.04803     2.65698
   87    966    -2.14773     1.04803     2.65698
   88    966    -2.14527     1.04803     2.65698
   89    966    -2.14281     1.04803     2.65698
   96    966    -2.12559     1.04803     2.65698
   99    966    -2.11821     1.04803     2.65698
  100    966    -2.11575     1.04803     2.65698
  101    966    -2.11329     1.04803     2.65698
  102    966    -2.11083     1.04803     2.65698
  103    966    -2.10837     1.04803     2.65698
  106    966    -2.10099     1.04803     2.65698
  107    966    -2.09853     1.04803     2.65698
  108    966    -2.09607     1.04803     2.65698
  109    966    -2.09361     1.04803     2.65698
  110    966    -2.09115     1.04803     2.65698
  111    966    -2.08868     1.04803     2.65698
  113    966    -2.08376     1.04803     2.65698
  114    966    -2.08130     1.04803     2.65698
  116    966    -2.07638     1.04803     2.65698
  117    966    -2.07392     1.04803     2.65698
  118    966    -2.07146     1.04803     2.65698
  119    966    -2.06900     1.04803     2.65698
  120    966    -2.06654     1.04803     2.65698
  125    966    -2.05424     1.04803     2.65698
  126    966    -2.05178     1.04803     2.65698
  127    966    -2.04932     1.04803     2.65698
  128    966    -2.04686     1.04803     2.65698
  129    966    -2.04440     1.04803     2.65698
  130    966    -2.04194     1.04803     2.65698
  131    966    -2.03948     1.04803     2.65698
  132    966    -2.03702     1.04803     2.65698
  133    966    -2.03456     1.04803     2.65698
   83    967    -2.15456     1.04903     2.65328
   84    967    -2.15210     1.04903     2.65328
   85    967    -2.14964     1.04903     2.65328
   86    967    -2.14719     1.04903     2.65328
   87    967    -2.14473     1.04903     2.65328
   88    967    -2.14227     1.04903     2.65328
   89    967    -2.13982     1.04903     2.65328
   99    967    -2.11525     1.04903     2.65328
  100    967    -2.11279     1.04903     2.65328
  101    967    -2.11034     1.04903     2.65328
  102    967    -2.10788     1.04903     2.65328
  103    967    -2.10542     1.04903     2.65328
  105    967    -2.10051     1.04903     2.65328
  106    967    -2.09805     1.04903     2.65328
  107    967    -2.09560     1.04903     2.65328
  108    967    -2.09314     1.04903     2.65328
  109    967    -2.09068     1.04903     2.65328
  110    967    -2.08823     1.04903     2.65328
  112    967    -2.08331     1.04903     2.65328
  113    967    -2.08086     1.04903     2.65328
  114    967    -2.07840     1.04903     2.65328
  116    967    -2.07349     1.04903     2.65328
  117    967    -2.07103     1.04903     2.65328
  118    967    -2.06857     1.04903     2.65328
  119    967    -2.06612     1.04903     2.65328
  124    967    -2.05383     1.04903     2.65328
  125    967    -2.05137     1.04903     2.65328
  126    967    -2.04892     1.04903     2.65328
  127    967    -2.04646     1.04903     2.65328
  128    967    -2.04400     1.04903     2.65328
  129    967    -2.04155     1.04903     2.65328
  130    967    -2.03909     1.04903     2.65328
  131    967    -2.03663     1.04903     2.65328
  132    967    -2.03418     1.04903     2.65328
   82    968    -2.15401     1.05002     2.64958
   83    968    -2.15155     1.05002     2.64958
   84    968    -2.14910     1.05002     2.64958
   85    968    -2.14665     1.05002     2.64958
   86    968    -2.14419     1.05002     2.64958
   87    968    -2.14174     1.05002     2.64958
   88    968    -2.13929     1.05002     2.64958
   93    968    -2.12702     1.05002     2.64958
   94    968    -2.12457     1.05002     2.64958
   99    968    -2.11230     1.05002     2.64958
  100    968    -2.10985     1.05002     2.64958
  101    968    -2.10739     1.05002     2.64958
  102    968    -2.10494     1.05002     2.64958
  103    968    -2.10249     1.05002     2.64958
  104    968    -2.10004     1.05002     2.64958
  105    968    -2.09758     1.05002     2.64958
  106    968    -2.09513     1.05002     2.64958
  107    968    -2.09268     1.05002     2.64958
  108    968    -2.09022     1.05002     2.64958
  109    968    -2.08777     1.05002     2.64958
  110    968    -2.08532     1.05002     2.64958
  111    968    -2.08286     1.05002     2.64958
  112    968    -2.08041     1.05002     2.64958
  113    968    -2.07796     1.05002     2.64958
  114    968    -2.07550     1.05002     2.64958
  115    968    -2.07305     1.05002     2.64958
  116    968    -2.07060     1.05002     2.64958
  117    968    -2.06814     1.05002     2.64958
  118    968    -2.06569     1.05002     2.64958
  123    968    -2.05342     1.05002     2.64958
  124    968    -2.05097     1.05002     2.64958
  125    968    -2.04852     1.05002     2.64958
  126    968    -2.04606     1.05002     2.64958
  127    968    -2.04361     1.05002     2.64958
  128    968    -2.04116     1.05002     2.64958
  129    968    -2.03870     1.05002     2.64958
  130    968    -2.03625     1.05002     2.64958
  131    968    -2.03380     1.05002     2.64958
  132    968    -2.03134     1.05002     2.64958
   81    969    -2.15346     1.05101     2.64589
   82    969    -2.15101     1.05101     2.64589
   83    969    -2.14856     1.05101     2.64589
   84    969    -2.14611     1.05101     2.64589
   85    969    -2.14366     1.05101     2.64589
   86    969    -2.14121     1.05101     2.64589
   87    969    -2.13876     1.05101     2.64589
   98    969    -2.11181     1.05101     2.64589
   99    969    -2.10936     1.05101     2.64589
  100    969    -2.10691     1.05101     2.64589
  101    969    -2.10446     1.05101     2.64589
  102    969    -2.10201     1.05101     2.64589
  104    969    -2.09711     1.05101     2.64589
  105    969    -2.09466     1.05101     2.64589
  106    969    -2.09221     1.05101     2.64589
  107    969    -2.08976     1.05101     2.64589
  108    969    -2.08731     1.05101     2.64589
  109    969    -2.08486     1.05101     2.64589
  110    969    -2.08241     1.05101     2.64589
  111    969    -2.07996     1.05101     2.64589
  112    969    -2.07751     1.05101     2.64589
  113    969    -2.07506     1.05101     2.64589
  114    969    -2.07261     1.05101     2.64589
  115    969    -2.07016     1.05101     2.64589
  116    969    -2.06771     1.05101     2.64589
  117    969    -2.06526     1.05101     2.64589
  118    969    -2.06281     1.05101     2.64589
  123    969    -2.05056     1.05101     2.64589
  124    969    -2.04811     1.05101     2.64589
  125    969    -2.04566     1.05101     2.64589
  126    969    -2.04321     1.05101     2.64589
  127    969    -2.04076     1.05101     2.64589
  128    969    -2.03831     1.05101     2.64589
  129    969    -2.03586     1.05101     2.64589
  130    969    -2.03341     1.05101     2.64589
  131    969    -2.03096     1.05101     2.64589
   80    970    -2.15291     1.05199     2.64221
   81    970    -2.15047     1.05199     2.64221
   82    970    -2.14802     1.05199     2.64221
   83    970    -2.14557     1.05199     2.64221
   84    970    -2.14313     1.05199     2.64221
   85    970    -2.14068     1.05199     2.64221
   86    970    -2.13823     1.05199     2.64221
   98    970    -2.10888     1.05199     2.64221
   99    970    -2.10643     1.05199     2.64221
  100    970    -2.10398     1.05199     2.64221
  101    970    -2.10154     1.05199     2.64221
  102    970    -2.09909     1.05199     2.64221
  103    970    -2.09664     1.05199     2.64221
  104    970    -2.09420     1.05199     2.64221
  105    970    -2.09175     1.05199     2.64221
  106    970    -2.08930     1.05199     2.64221
  107    970    -2.08686     1.05199     2.64221
  108    970    -2.08441     1.05199     2.64221
  111    970    -2.07707     1.05199     2.64221
  112    970    -2.07462     1.05199     2.64221
  113    970    -2.07218     1.05199     2.64221
  114    970    -2.06973     1.05199     2.64221
  115    970    -2.06729     1.05199     2.64221
  116    970    -2.06484     1.05199     2.64221
  117    970    -2.06239     1.05199     2.64221
  123    970    -2.04771     1.05199     2.64221
  124    970    -2.04527     1.05199     2.64221
  125    970    -2.04282     1.05199     2.64221
  126    970    -2.04037     1.05199     2.64221
  127    970    -2.03793     1.05199     2.64221
  128    970    -2.03548     1.05199     2.64221
  129    970    -2.03303     1.05199     2.64221
  130    970    -2.03059     1.05199     2.64221
   79    971    -2.15237     1.05297     2.63854
   80    971    -2.14992     1.05297     2.63854
   81    971    -2.14748     1.05297     2.63854
   82    971    -2.14504     1.05297     2.63854
   83    971    -2.14259     1.05297     2.63854
   84    971    -2.14015     1.05297     2.63854
   85    971    -2.13771     1.05297     2.63854
   94    971    -2.11572     1.05297     2.63854
   95    971    -2.11328     1.05297     2.63854
   96    971    -2.11083     1.05297     2.63854
   97    971    -2.10839     1.05297     2.63854
   98    971    -2.10595     1.05297     2.63854
   99    971    -2.10351     1.05297     2.63854
  100    971    -2.10106     1.05297     2.63854
  101    971    -2.09862     1.05297     2.63854
  103    971    -2.09373     1.05297     2.63854
  104    971    -2.09129     1.05297     2.63854
  105    971    -2.08885     1.05297     2.63854
  106    971    -2.08640     1.05297     2.63854
  107    971    -2.08396     1.05297     2.63854
  112    971    -2.07174     1.05297     2.63854
  113    971    -2.06930     1.05297     2.63854
  114    971    -2.06686     1.05297     2.63854
  115    971    -2.06442     1.05297     2.63854
  116    971    -2.06197     1.05297     2.63854
  123    971    -2.04487     1.05297     2.63854
  124    971    -2.04243     1.05297     2.63854
  125    971    -2.03998     1.05297     2.63854
  126    971    -2.03754     1.05297     2.63854
  127    971    -2.03510     1.05297     2.63854
  128    971    -2.03266     1.05297     2.63854
  129    971    -2.03021     1.05297     2.63854
   78    972    -2.15182     1.05395     2.63489
   79    972    -2.14938     1.05395     2.63489
   80    972    -2.14694     1.05395     2.63489
   81    972    -2.14450     1.05395     2.63489
   82    972    -2.14206     1.05395     2.63489
   83    972    -2.13962     1.05395     2.63489
   84    972    -2.13718     1.05395     2.63489
   93    972    -2.11523     1.05395     2.63489
   94    972    -2.11279     1.05395     2.63489
   95    972    -2.11035     1.05395     2.63489
   96    972    -2.10791     1.05395     2.63489
   97    972    -2.10547     1.05395     2.63489
   98    972    -2.10303     1.05395     2.63489
   99    972    -2.10059     1.05395     2.63489
  100    972    -2.09815     1.05395     2.63489
  102    972    -2.09327     1.05395     2.63489
  103    972    -2.09083     1.05395     2.63489
  104    972    -2.08839     1.05395     2.63489
  105    972    -2.08595     1.05395     2.63489
  106    972    -2.08351     1.05395     2.63489
  122    972    -2.04448     1.05395     2.63489
  123    972    -2.04204     1.05395     2.63489
  124    972    -2.03960     1.05395     2.63489
  125    972    -2.03716     1.05395     2.63489
  126    972    -2.03472     1.05395     2.63489
  127    972    -2.03228     1.05395     2.63489
  128    972    -2.02984     1.05395     2.63489
   77    973    -2.15128     1.05493     2.63124
   78    973    -2.14884     1.05493     2.63124
   79    973    -2.14641     1.05493     2.63124
   80    973    -2.14397     1.05493     2.63124
   81    973    -2.14154     1.05493     2.63124
   82    973    -2.13910     1.05493     2.63124
   83    973    -2.13666     1.05493     2.63124
   92    973    -2.11474     1.05493     2.63124
   93    973    -2.11230     1.05493     2.63124
   94    973    -2.10986     1.05493     2.63124
   95    973    -2.10743     1.05493     2.63124
   96    973    -2.10499     1.05493     2.63124
   97    973    -2.10255     1.05493     2.63124
   98    973    -2.10012     1.05493     2.63124
   99    973    -2.09768     1.05493     2.63124
  101    973    -2.09281     1.05493     2.63124
  102    973    -2.09037     1.05493     2.63124
  103    973    -2.08794     1.05493     2.63124
  104    973    -2.08550     1.05493     2.63124
  105    973    -2.08306     1.05493     2.63124
  121    973    -2.04408     1.05493     2.63124
  122    973    -2.04165     1.05493     2.63124
  123    973    -2.03921     1.05493     2.63124
  124    973    -2.03677     1.05493     2.63124
  125    973    -2.03434     1.05493     2.63124
  126    973    -2.03190     1.05493     2.63124
  127    973    -2.02946     1.05493     2.63124
   76    974    -2.15074     1.05591     2.62760
   77    974    -2.14831     1.05591     2.62760
   78    974    -2.14587     1.05591     2.62760
   79    974    -2.14344     1.05591     2.62760
   80    974    -2.14101     1.05591     2.62760
   81    974    -2.13857     1.05591     2.62760
   82    974    -2.13614     1.05591     2.62760
   91    974    -2.11425     1.05591     2.62760
   92    974    -2.11181     1.05591     2.62760
   93    974    -2.10938     1.05591     2.62760
   94    974    -2.10695     1.05591     2.62760
   95    974    -2.10451     1.05591     2.62760
   96    974    -2.10208     1.05591     2.62760
   97    974    -2.09965     1.05591     2.62760
   98    974    -2.09721     1.05591     2.62760
   99    974    -2.09478     1.05591     2.62760
  100    974    -2.09235     1.05591     2.62760
  101    974    -2.08992     1.05591     2.62760
  102    974    -2.08748     1.05591     2.62760
  103    974    -2.08505     1.05591     2.62760
  104    974    -2.08262     1.05591     2.62760
  120    974    -2.04369     1.05591     2.62760
  121    974    -2.04126     1.05591     2.62760
  122    974    -2.03882     1.05591     2.62760
  123    974    -2.03639     1.05591     2.62760
  124    974    -2.03396     1.05591     2.62760
  125    974    -2.03152     1.05591     2.62760
  126    974    -2.02909     1.05591     2.62760
   75    975    -2.15020     1.05688     2.62397
   76    975    -2.14777     1.05688     2.62397
   77    975    -2.14534     1.05688     2.62397
   78    975    -2.14291     1.05688     2.62397
   79    975    -2.14048     1.05688     2.62397
   80    975    -2.13805     1.05688     2.62397
   81    975    -2.13562     1.05688     2.62397
   91    975    -2.11133     1.05688     2.62397
   92    975    -2.10890     1.05688     2.62397
   93    975    -2.10647     1.05688     2.62397
   94    975    -2.10404     1.05688     2.62397
   95    975    -2.10161     1.05688     2.62397
   96    975    -2.09918     1.05688     2.62397
   99    975    -2.09189     1.05688     2.62397
  100    975    -2.08946     1.05688     2.62397
  101    975    -2.08703     1.05688     2.62397
  102    975    -2.08460     1.05688     2.62397
  103    975    -2.08217     1.05688     2.62397
  119    975    -2.04330     1.05688     2.62397
  120    975    -2.04087     1.05688     2.62397
  121    975    -2.03844     1.05688     2.62397
  122    975    -2.03601     1.05688     2.62397
  123    975    -2.03358     1.05688     2.62397
  124    975    -2.03115     1.05688     2.62397
  125    975    -2.02872     1.05688     2.62397
   74    976    -2.14966     1.05785     2.62036
   75    976    -2.14724     1.05785     2.62036
   76    976    -2.14481     1.05785     2.62036
   77    976    -2.14238     1.05785     2.62036
   78    976    -2.13996     1.05785     2.62036
   79    976    -2.13753     1.05785     2.62036
   80    976    -2.13510     1.05785     2.62036
   81    976    -2.13268     1.05785     2.62036
   91    976    -2.10842     1.05785     2.62036
   92    976    -2.10599     1.05785     2.62036
   93    976    -2.10356     1.05785     2.62036
   94    976    -2.10114     1.05785     2.62036
   98    976    -2.09143     1.05785     2.62036
   99    976    -2.08901     1.05785     2.62036
  100    976    -2.08658     1.05785     2.62036
  101    976    -2.08415     1.05785     2.62036
  102    976    -2.08173     1.05785     2.62036
  103    976    -2.07930     1.05785     2.62036
  118    976    -2.04291     1.05785     2.62036
  119    976    -2.04048     1.05785     2.62036
  120    976    -2.03805     1.05785     2.62036
  121    976    -2.03563     1.05785     2.62036
  122    976    -2.03320     1.05785     2.62036
  123    976    -2.03078     1.05785     2.62036
  124    976    -2.02835     1.05785     2.62036
  125    976    -2.02592     1.05785     2.62036
 1567    976     1.47274     1.05785     2.62036
 1568    976     1.47516     1.05785     2.62036
 1569    976     1.47759     1.05785     2.62036
 1570    976     1.48002     1.05785     2.62036
   73    977    -2.14913     1.05881     2.61675
   74    977    -2.14670     1.05881     2.61675
   75    977    -2.14428     1.05881     2.61675
   76    977    -2.14186     1.05881     2.61675
   77    977    -2.13943     1.05881     2.61675
   78    977    -2.13701     1.05881     2.61675
   79    977    -2.13459     1.05881     2.61675
   80    977    -2.13217     1.05881     2.61675
   91    977    -2.10551     1.05881     2.61675
   92    977    -2.10309     1.05881     2.61675
   93    977    -2.10067     1.05881     2.61675
   94    977    -2.09824     1.05881     2.61675
   96    977    -2.09340     1.05881     2.61675
   97    977    -2.09098     1.05881     2.61675
   98    977    -2.08855     1.05881     2.61675
   99    977    -2.08613     1.05881     2.61675
  100    977    -2.08371     1.05881     2.61675
  101    977    -2.08128     1.05881     2.61675
  102    977    -2.07886     1.05881     2.61675
  118    977    -2.04009     1.05881     2.61675
  119    977    -2.03767     1.05881     2.61675
  120    977    -2.03525     1.05881     2.61675
  121    977    -2.03283     1.05881     2.61675
  122    977    -2.03040     1.05881     2.61675
  123    977    -2.02798     1.05881     2.61675
  124    977    -2.02556     1.05881     2.61675
 1567    977     1.47071     1.05881     2.61675
 1568    977     1.47313     1.05881     2.61675
 1569    977     1.47556     1.05881     2.61675
 1570    977     1.47798     1.05881     2.61675
 1571    977     1.48040     1.05881     2.61675
   72    978    -2.14859     1.05978     2.61315
   73    978    -2.14617     1.05978     2.61315
   74    978    -2.14375     1.05978     2.61315
   75    978    -2.14133     1.05978     2.61315
   76    978    -2.13891     1.05978     2.61315
   77    978    -2.13649     1.05978     2.61315
   78    978    -2.13407     1.05978     2.61315
   79    978    -2.13165     1.05978     2.61315
   90    978    -2.10504     1.05978     2.61315
   91    978    -2.10262     1.05978     2.61315
   92    978    -2.10020     1.05978     2.61315
   93    978    -2.09778     1.05978     2.61315
   94    978    -2.09536     1.05978     2.61315
   96    978    -2.09052     1.05978     2.61315
   97    978    -2.08810     1.05978     2.61315
   98    978    -2.08568     1.05978     2.61315
   99    978    -2.08326     1.05978     2.61315
  100    978    -2.08084     1.05978     2.61315
  101    978    -2.07842     1.05978     2.61315
  117    978    -2.03971     1.05978     2.61315
  118    978    -2.03729     1.05978     2.61315
  119    978    -2.03487     1.05978     2.61315
  120    978    -2.03245     1.05978     2.61315
  121    978    -2.03003     1.05978     2.61315
  122    978    -2.02761     1.05978     2.61315
  123    978    -2.02519     1.05978     2.61315
 1566    978     1.46627     1.05978     2.61315
 1567    978     1.46869     1.05978     2.61315
 1570    978     1.47595     1.05978     2.61315
 1571    978     1.47837     1.05978     2.61315
   71    979    -2.14806     1.06074     2.60956
   72    979    -2.14564     1.06074     2.60956
   73    979    -2.14322     1.06074     2.60956
   74    979    -2.14081     1.06074     2.60956
   75    979    -2.13839     1.06074     2.60956
   76    979    -2.13598     1.06074     2.60956
   77    979    -2.13356     1.06074     2.60956
   78    979    -2.13114     1.06074     2.60956
   90    979    -2.10215     1.06074     2.60956
   91    979    -2.09973     1.06074     2.60956
   92    979    -2.09732     1.06074     2.60956
   93    979    -2.09490     1.06074     2.60956
   95    979    -2.09007     1.06074     2.60956
   96    979    -2.08765     1.06074     2.60956
   97    979    -2.08523     1.06074     2.60956
   98    979    -2.08282     1.06074     2.60956
   99    979    -2.08040     1.06074     2.60956
  100    979    -2.07799     1.06074     2.60956
  101    979    -2.07557     1.06074     2.60956
  115    979    -2.04174     1.06074     2.60956
  116    979    -2.03933     1.06074     2.60956
  117    979    -2.03691     1.06074     2.60956
  118    979    -2.03449     1.06074     2.60956
  119    979    -2.03208     1.06074     2.60956
  120    979    -2.02966     1.06074     2.60956
  121    979    -2.02724     1.06074     2.60956
  122    979    -2.02483     1.06074     2.60956
 1567    979     1.46667     1.06074     2.60956
 1568    979     1.46909     1.06074     2.60956
 1570    979     1.47392     1.06074     2.60956
 1571    979     1.47634     1.06074     2.60956
